time,pressure
0,0
0.000125,0.00522167987805931
0.00025,0.00738457050192217
0.000375,0.00522167987805931
0.0005,9.04349062825694e-19
0.000625,-0.00522167987805931
0.00075,-0.00738457050192217
0.000875,-0.00522167987805931
0.001,-1.80869812565139e-18
0.001125,0.0052216798780593
0.00125,0.00738457050192217
0.001375,0.00522167987805932
0.0015,2.71304718847708e-18
0.001625,-0.0052216798780593
0.00175,-0.00738457050192217
0.001875,-0.00522167987805932
0.002,-3.61739625130278e-18
0.002125,0.00522167987805931
0.00225,0.00738457050192217
0.002375,0.00522167987805932
0.0025,4.52174531412847e-18
0.002625,-0.00522167987805931
0.00275,-0.00738457050192217
0.002875,-0.00522167987805932
0.003,-5.42609437695417e-18
0.003125,0.00522167987805931
0.00325,0.00738457050192217
0.003375,0.00522167987805932
0.0035,6.33044343977986e-18
0.003625,-0.00522167987805931
0.00375,-0.00738457050192217
0.003875,-0.00522167987805932
0.004,-7.23479250260556e-18
0.004125,0.00522167987805931
0.00425,0.00738457050192217
0.004375,0.00522167987805932
0.0045,3.43744061996768e-17
0.004625,-0.00522167987805929
0.00475,-0.00738457050192217
0.004875,-0.00522167987805932
0.005,-9.04349062825694e-18
0.005125,0.00522167987805929
0.00525,0.00738457050192217
0.005375,0.00522167987805936
0.0055,3.61831043253282e-17
0.005625,-0.00522167987805927
0.00575,-0.00738457050192217
0.005875,-0.00522167987805934
0.006,-1.08521887539083e-17
0.006125,0.00522167987805929
0.00625,0.00738457050192217
0.006375,0.00522167987805936
0.0065,3.79918024509796e-17
0.006625,-0.00522167987805927
0.00675,-0.00738457050192217
0.006875,-0.00522167987805934
0.007,-1.26608868795597e-17
0.007125,0.00522167987805929
0.00725,0.00738457050192217
0.007375,0.00522167987805936
0.0075,3.9800500576631e-17
0.007625,-0.00522167987805927
0.00775,-0.00738457050192217
0.007875,-0.00522167987805934
0.008,-1.44695850052111e-17
0.008125,0.00522167987805929
0.00825,0.00738457050192217
0.008375,0.00522167987805933
0.0085,-1.08613305662088e-17
0.008625,-0.0052216798780593
0.00875,-0.00738457050192217
0.008875,-0.00522167987805938
0.009,-6.87488123993536e-17
0.009125,0.00522167987805925
0.00925,0.00738457050192217
0.009375,0.00522167987805936
0.0095,4.34178968279338e-17
0.009625,-0.00522167987805927
0.00975,-0.00738457050192217
0.009875,-0.00522167987805935
0.01,-1.80869812565139e-17
0.010125,0.00522167987805928
0.01025,0.00738457050192217
0.010375,0.00522167987805929
0.0105,-7.24393431490598e-18
0.010625,-0.0052216798780593
0.01075,-0.00738457050192217
0.010875,-0.00522167987805935
0.011,-7.23662086506564e-17
0.011125,0.00522167987805925
0.01125,0.00738457050192217
0.011375,0.00522167987805933
0.0115,4.70352930792365e-17
0.011625,-0.00522167987805926
0.01175,-0.00738457050192217
0.011875,-0.00522167987805931
0.012,-2.17043775078167e-17
0.012125,0.00522167987805928
0.01225,0.00738457050192217
0.012375,0.00522167987805937
0.0125,-3.6265380636032e-18
0.012625,-0.0052216798780593
0.01275,-0.00738457050192217
0.012875,-0.00522167987805935
0.013,-7.59836049019592e-17
0.013125,0.00522167987805924
0.01325,0.00738457050192217
0.013375,0.00522167987805933
0.0135,5.06526893305393e-17
0.013625,-0.00522167987805926
0.01375,-0.00738457050192217
0.013875,-0.00522167987805931
0.014,-2.53217737591194e-17
0.014125,0.00522167987805928
0.01425,0.00738457050192217
0.014375,0.00522167987805937
0.0145,-9.14181230042278e-21
0.014625,-0.0052216798780593
0.01475,-0.00738457050192217
0.014875,-0.00522167987805935
0.015,-7.9601001153262e-17
0.015125,0.00522167987805924
0.01525,0.00738457050192217
0.015375,0.00522167987805933
0.0155,5.42700855818421e-17
0.015625,-0.00522167987805926
0.01575,-0.00738457050192217
0.015875,-0.00522167987805939
0.016,-2.89391700104222e-17
0.016125,0.00522167987805928
0.01625,0.00738457050192217
0.016375,0.00522167987805937
0.0165,3.60825443900236e-18
0.016625,-0.00522167987805929
0.01675,-0.00738457050192217
0.016875,-0.00522167987805936
0.017,2.17226611324175e-17
0.017125,0.00522167987805931
0.01725,0.00738457050192217
0.017375,0.00522167987805934
0.0175,5.78874818331449e-17
0.017625,-0.00522167987805918
0.01775,-0.00738457050192217
0.017875,-0.00522167987805939
0.018,-1.37497624798707e-16
0.018125,0.0052216798780592
0.01825,0.00738457050192217
0.018375,0.00522167987805938
0.0185,1.12166709227287e-16
0.018625,-0.00522167987805922
0.01875,-0.00738457050192217
0.018875,-0.00522167987805936
0.019,-8.68357936558675e-17
0.019125,0.00522167987805924
0.01925,0.00738457050192217
0.019375,0.00522167987805941
0.0195,6.15048780844476e-17
0.019625,-0.00522167987805925
0.01975,-0.00738457050192217
0.019875,-0.0052216798780594
0.02,-3.61739625130278e-17
0.020125,0.00522167987805927
0.02025,0.00738457050192217
0.020375,0.00522167987805938
0.0205,1.1578410547859e-16
0.020625,-0.00522167987805921
0.02075,-0.00738457050192217
0.020875,-0.00522167987805929
0.021,1.4487868629812e-17
0.021125,0.00522167987805931
0.02125,0.00738457050192217
0.021375,0.00522167987805934
0.0215,2.75004391409715e-16
0.021625,-0.00522167987805925
0.02175,-0.00738457050192217
0.021875,-0.0052216798780594
0.022,-1.44732417301313e-16
0.022125,0.00522167987805919
0.02225,0.00738457050192217
0.022375,0.00522167987805945
0.0225,2.24342560266875e-16
0.022625,-0.00522167987805914
0.02275,-0.00738457050192217
0.022875,-0.00522167987805936
0.023,-9.40705861584731e-17
0.023125,0.00522167987805923
0.02325,0.00738457050192217
0.023375,0.00522167987805942
0.0235,1.73680729124035e-16
0.023625,-0.00522167987805917
0.02375,-0.00738457050192217
0.023875,-0.00522167987805933
0.024,-4.34087550156333e-17
0.024125,0.00522167987805927
0.02425,0.00738457050192217
0.024375,0.00522167987805938
0.0245,1.23018897981196e-16
0.024625,-0.00522167987805921
0.02475,-0.00738457050192217
0.024875,-0.00522167987805929
0.025,7.2530761272064e-18
0.025125,0.0052216798780593
0.02525,0.00738457050192217
0.025375,0.00522167987805935
0.0255,2.8223918391232e-16
0.025625,-0.00522167987805925
0.02575,-0.00738457050192217
0.025875,-0.0052216798780594
0.026,-1.51967209803918e-16
0.026125,0.00522167987805919
0.02625,0.00738457050192217
0.026375,0.00522167987805946
0.0265,2.31577352769481e-16
0.026625,-0.00522167987805913
0.02675,-0.00738457050192217
0.026875,-0.00522167987805937
0.027,-1.01305378661079e-16
0.027125,0.00522167987805923
0.02725,0.00738457050192217
0.027375,0.00522167987805942
0.0275,1.80915521626641e-16
0.027625,-0.00522167987805917
0.02775,-0.00738457050192217
0.027875,-0.00522167987805933
0.028,-5.06435475182389e-17
0.028125,0.00522167987805926
0.02825,0.00738457050192217
0.028375,0.00522167987805939
0.0285,1.30253690483801e-16
0.028625,-0.0052216798780592
0.02875,-0.00738457050192217
0.028875,-0.0052216798780593
0.029,1.82836246008456e-20
0.029125,0.0052216798780593
0.02925,0.00738457050192217
0.029375,0.0052216798780595
0.0295,2.89473976414926e-16
0.029625,-0.00522167987805909
0.02975,-0.00738457050192217
0.029875,-0.00522167987805941
0.03,-1.59202002306524e-16
0.030125,0.00522167987805918
0.03025,0.00738457050192217
0.030375,0.00522167987805947
0.0305,2.38812145272086e-16
0.030625,-0.00522167987805913
0.03075,-0.00738457050192217
0.030875,-0.00522167987805937
0.031,-1.08540171163684e-16
0.031125,0.00522167987805922
0.03125,0.00738457050192217
0.031375,0.00522167987805943
0.0315,1.88150314129247e-16
0.031625,-0.00522167987805916
0.03175,-0.00738457050192217
0.031875,-0.00522167987805934
0.032,-5.78783400208444e-17
0.032125,0.00522167987805926
0.03225,0.00738457050192217
0.032375,0.00522167987805939
0.0325,1.37488482986407e-16
0.032625,-0.0052216798780592
0.03275,-0.00738457050192217
0.032875,-0.0052216798780593
0.033,-7.21650887800471e-18
0.033125,0.00522167987805929
0.03325,0.00738457050192217
0.033375,0.00522167987805936
0.0335,8.68266518435671e-17
0.033625,-0.00522167987805924
0.03375,-0.00738457050192217
0.033875,-0.00522167987805941
0.034,4.3445322264835e-17
0.034125,0.00522167987805933
0.03425,0.00738457050192217
0.034375,0.00522167987805932
0.0345,3.61648207007274e-17
0.034625,-0.00522167987805927
0.03475,-0.00738457050192217
0.034875,-0.00522167987805938
0.035,-1.1577496366629e-16
0.035125,0.00522167987805936
0.03525,0.00738457050192217
0.035375,0.00522167987805958
0.0355,4.05267223705817e-16
0.035625,-0.00522167987805916
0.03575,-0.00738457050192217
0.035875,-0.00522167987805949
0.036,-2.74995249597414e-16
0.036125,0.0052216798780591
0.03625,0.00738457050192217
0.036375,0.00522167987805955
0.0365,3.54605392562977e-16
0.036625,-0.00522167987805905
0.03675,-0.00738457050192217
0.036875,-0.00522167987805945
0.037,-2.24333418454575e-16
0.037125,0.00522167987805914
0.03725,0.00738457050192217
0.037375,0.00522167987805951
0.0375,3.03943561420137e-16
0.037625,-0.00522167987805908
0.03775,-0.00738457050192217
0.037875,-0.00522167987805942
0.038,-1.73671587311735e-16
0.038125,0.00522167987805917
0.03825,0.00738457050192217
0.038375,0.00522167987805948
0.0385,2.53281730277297e-16
0.038625,-0.00522167987805912
0.03875,-0.00738457050192217
0.038875,-0.00522167987805938
0.039,-1.23009756168895e-16
0.039125,0.00522167987805921
0.03925,0.00738457050192217
0.039375,0.00522167987805944
0.0395,2.02619899134458e-16
0.039625,-0.00522167987805915
0.03975,-0.00738457050192217
0.039875,-0.00522167987805935
0.04,-7.23479250260556e-17
0.040125,0.00522167987805925
0.04025,0.00738457050192217
0.040375,0.0052216798780594
0.0405,1.51958067991618e-16
0.040625,-0.00522167987805919
0.04075,-0.00738457050192217
0.040875,-0.00522167987805931
0.041,-2.3156821095718e-16
0.041125,0.00522167987805928
0.04125,0.00738457050192217
0.041375,0.00522167987805937
0.0415,-1.08585880225186e-16
0.041625,-0.00522167987805923
0.04175,-0.00738457050192217
0.041875,-0.00522167987805942
0.042,2.89757372596239e-17
0.042125,0.00522167987805917
0.04225,0.00738457050192217
0.042375,0.00522167987805948
0.0425,5.06344057059385e-17
0.042625,-0.00522167987805941
0.04275,-0.00738457050192217
0.042875,-0.00522167987805924
0.043,-5.5000878281943e-16
0.043125,0.00522167987805906
0.04325,0.00738457050192217
0.043375,0.00522167987805959
0.0435,2.09854691637063e-16
0.043625,-0.005221679878059
0.04375,-0.00738457050192217
0.043875,-0.00522167987805965
0.044,-2.89464834602626e-16
0.044125,0.00522167987805894
0.04425,0.00738457050192217
0.044375,0.00522167987805941
0.0445,3.69074977568188e-16
0.044625,-0.00522167987805918
0.04475,-0.00738457050192217
0.044875,-0.00522167987805947
0.045,-4.4868512053375e-16
0.045125,0.00522167987805913
0.04525,0.00738457050192217
0.045375,0.00522167987805952
0.0455,1.08531029351384e-16
0.045625,-0.00522167987805907
0.04575,-0.00738457050192217
0.045875,-0.00522167987805958
0.046,-1.88141172316946e-16
0.046125,0.00522167987805902
0.04625,0.00738457050192217
0.046375,0.00522167987805934
0.0465,2.67751315282508e-16
0.046625,-0.00522167987805926
0.04675,-0.00738457050192217
0.046875,-0.00522167987805939
0.047,-3.47361458248071e-16
0.047125,0.0052216798780592
0.04725,0.00738457050192217
0.047375,0.00522167987805945
0.0475,7.20736706570429e-18
0.047625,-0.00522167987805914
0.04775,-0.00738457050192217
0.047875,-0.00522167987805951
0.048,-8.68175100312667e-17
0.048125,0.00522167987805909
0.04825,0.00738457050192217
0.048375,0.00522167987805956
0.0485,1.66427652996829e-16
0.048625,-0.00522167987805933
0.04875,-0.00738457050192217
0.048875,-0.00522167987805932
0.049,-2.46037795962391e-16
0.049125,0.00522167987805927
0.04925,0.00738457050192217
0.049375,0.00522167987805938
0.0495,3.25647938927954e-16
0.049625,-0.00522167987805921
0.04975,-0.00738457050192217
0.049875,-0.00522167987805943
0.05,1.45061522544128e-17
0.050125,0.00522167987805916
0.05025,0.00738457050192217
0.050375,0.00522167987805949
0.0505,6.51039907111496e-17
0.050625,-0.0052216798780591
0.05075,-0.00738457050192217
0.050875,-0.00522167987805955
0.051,-5.64478367824641e-16
0.051125,0.00522167987805905
0.05125,0.00738457050192217
0.051375,0.0052216798780596
0.0515,2.24324276642274e-16
0.051625,-0.00522167987805899
0.05175,-0.00738457050192217
0.051875,-0.00522167987805966
0.052,-3.03934419607837e-16
0.052125,0.00522167987805893
0.05225,0.00738457050192217
0.052375,0.00522167987805942
0.0525,3.83544562573399e-16
0.052625,-0.00522167987805917
0.05275,-0.00738457050192217
0.052875,-0.00522167987805948
0.053,-4.63154705538961e-16
0.053125,0.00522167987805912
0.05325,0.00738457050192217
0.053375,0.00522167987805953
0.0535,1.23000614356595e-16
0.053625,-0.00522167987805906
0.05375,-0.00738457050192217
0.053875,-0.00522167987805959
0.054,-2.02610757322157e-16
0.054125,0.005221679878059
0.05425,0.00738457050192217
0.054375,0.00522167987805964
0.0545,2.8222090028772e-16
0.054625,-0.00522167987805925
0.05475,-0.00738457050192217
0.054875,-0.0052216798780594
0.055,-3.61831043253282e-16
0.055125,0.00522167987805919
0.05525,0.00738457050192217
0.055375,0.00522167987805946
0.0555,2.16769520709154e-17
0.055625,-0.00522167987805913
0.05575,-0.00738457050192217
0.055875,-0.00522167987805952
0.056,-1.01287095036478e-16
0.056125,0.00522167987805908
0.05625,0.00738457050192217
0.056375,0.00522167987805957
0.0565,1.8089723800204e-16
0.056625,-0.00522167987805932
0.05675,-0.00738457050192217
0.056875,-0.00522167987805933
0.057,-2.60507380967603e-16
0.057125,0.00522167987805926
0.05725,0.00738457050192217
0.057375,0.00522167987805939
0.0575,3.40117523933165e-16
0.057625,-0.0052216798780592
0.05775,-0.00738457050192217
0.057875,-0.00522167987805944
0.058,3.65672492016911e-20
0.058125,0.00522167987805915
0.05825,0.00738457050192217
0.058375,0.0052216798780595
0.0585,7.95735757163607e-17
0.058625,-0.00522167987805909
0.05875,-0.00738457050192217
0.058875,-0.00522167987805956
0.059,-5.78947952829852e-16
0.059125,0.00522167987805904
0.05925,0.00738457050192217
0.059375,0.00522167987805961
0.0595,2.38793861647485e-16
0.059625,-0.00522167987805898
0.05975,-0.00738457050192217
0.059875,-0.00522167987805967
0.06,-3.18404004613048e-16
0.060125,0.00522167987805892
0.06025,0.00738457050192217
0.060375,0.00522167987805943
0.0605,3.9801414757861e-16
0.060625,-0.00522167987805916
0.06075,-0.00738457050192217
0.060875,-0.00522167987805949
0.061,-4.77624290544173e-16
0.061125,0.00522167987805911
0.06125,0.00738457050192217
0.061375,0.00522167987805954
0.0615,1.37470199361806e-16
0.061625,-0.00522167987805905
0.06175,-0.00738457050192217
0.061875,-0.0052216798780596
0.062,-2.17080342327368e-16
0.062125,0.00522167987805899
0.06225,0.00738457050192217
0.062375,0.00522167987805966
0.0625,2.96690485292931e-16
0.062625,-0.00522167987805924
0.06275,-0.00738457050192217
0.062875,-0.00522167987805941
0.063,-3.76300628258493e-16
0.063125,0.00522167987805918
0.06325,0.00738457050192217
0.063375,0.00522167987805947
0.0635,4.55910771224056e-16
0.063625,-0.00522167987805912
0.06375,-0.00738457050192217
0.063875,-0.00522167987805953
0.064,-1.15756680041689e-16
0.064125,0.00522167987805907
0.06425,0.00738457050192217
0.064375,0.00522167987805958
0.0645,1.95366823007251e-16
0.064625,-0.00522167987805901
0.06475,-0.00738457050192217
0.064875,-0.00522167987805934
0.065,-2.74976965972814e-16
0.065125,0.00522167987805925
0.06525,0.00738457050192217
0.065375,0.0052216798780594
0.0655,3.54587108938376e-16
0.065625,-0.00522167987805919
0.06575,-0.00738457050192217
0.065875,-0.00522167987805945
0.066,-1.44330177560094e-17
0.066125,0.00522167987805914
0.06625,0.00738457050192217
0.066375,0.00522167987805951
0.0665,9.40431607215718e-17
0.066625,-0.00522167987805908
0.06675,-0.00738457050192217
0.066875,-0.00522167987805927
0.067,-1.73653303687134e-16
0.067125,0.00522167987805932
0.06725,0.00738457050192217
0.067375,0.00522167987805933
0.0675,2.53263446652697e-16
0.067625,-0.00522167987805927
0.06775,-0.00738457050192217
0.067875,-0.00522167987805938
0.068,8.689064452967e-17
0.068125,0.00522167987805921
0.06825,0.00738457050192217
0.068375,0.00522167987805944
0.0685,-7.28050156410767e-18
0.068625,-0.00522167987805915
0.06875,-0.00738457050192217
0.068875,-0.0052216798780595
0.069,-7.23296414014547e-17
0.069125,0.00522167987805939
0.06925,0.00738457050192217
0.069375,0.00522167987805926
0.0695,1.51939784367017e-16
0.069625,-0.00522167987805934
0.06975,-0.00738457050192217
0.069875,-0.00522167987805931
0.07,-2.31549927332579e-16
0.070125,0.00522167987805928
0.07025,0.00738457050192217
0.070375,0.00522167987805966
0.0705,7.30924304446071e-16
0.070625,-0.00522167987805893
0.07075,-0.00738457050192217
0.070875,-0.00522167987805972
0.071,-8.10534447411633e-16
0.071125,0.00522167987805887
0.07125,0.00738457050192217
0.071375,0.00522167987805978
0.0715,4.70380356229267e-16
0.071625,-0.00522167987805882
0.07175,-0.00738457050192217
0.071875,-0.00522167987805983
0.072,-5.49990499194829e-16
0.072125,0.00522167987805876
0.07225,0.00738457050192217
0.072375,0.00522167987805959
0.0725,6.29600642160391e-16
0.072625,-0.005221679878059
0.07275,-0.00738457050192217
0.072875,-0.00522167987805965
0.073,-7.09210785125954e-16
0.073125,0.00522167987805894
0.07325,0.00738457050192217
0.073375,0.00522167987805971
0.0735,3.69056693943587e-16
0.073625,-0.00522167987805889
0.07375,-0.00738457050192217
0.073875,-0.00522167987805976
0.074,-4.4866683690915e-16
0.074125,0.00522167987805883
0.07425,0.00738457050192217
0.074375,0.00522167987805952
0.0745,5.28276979874712e-16
0.074625,-0.00522167987805907
0.07475,-0.00738457050192217
0.074875,-0.00522167987805958
0.075,-6.07887122840274e-16
0.075125,0.00522167987805902
0.07525,0.00738457050192217
0.075375,0.00522167987805963
0.0755,2.67733031657908e-16
0.075625,-0.00522167987805896
0.07575,-0.00738457050192217
0.075875,-0.00522167987805969
0.076,-3.4734317462347e-16
0.076125,0.0052216798780589
0.07625,0.00738457050192217
0.076375,0.00522167987805975
0.0765,4.26953317589032e-16
0.076625,-0.00522167987805914
0.07675,-0.00738457050192217
0.076875,-0.00522167987805951
0.077,-5.06563460554595e-16
0.077125,0.00522167987805909
0.07725,0.00738457050192217
0.077375,0.00522167987805956
0.0775,5.86173603520157e-16
0.077625,-0.00522167987805903
0.07775,-0.00738457050192217
0.077875,-0.00522167987805962
0.078,-2.46019512337791e-16
0.078125,0.00522167987805897
0.07825,0.00738457050192217
0.078375,0.00522167987805968
0.0785,3.25629655303353e-16
0.078625,-0.00522167987805892
0.07875,-0.00738457050192217
0.078875,-0.00522167987805943
0.079,-4.05239798268915e-16
0.079125,0.00522167987805916
0.07925,0.00738457050192217
0.079375,0.00522167987805949
0.0795,4.84849941234478e-16
0.079625,-0.0052216798780591
0.07975,-0.00738457050192217
0.079875,-0.00522167987805955
0.08,-1.44695850052111e-16
0.080125,0.00522167987805905
0.08025,0.00738457050192217
0.080375,0.0052216798780596
0.0805,2.24305993017673e-16
0.080625,-0.00522167987805899
0.08075,-0.00738457050192217
0.080875,-0.00522167987805936
0.081,-3.03916135983236e-16
0.081125,0.00522167987805923
0.08125,0.00738457050192217
0.081375,0.00522167987805942
0.0815,3.83526278948798e-16
0.081625,-0.00522167987805888
0.08175,-0.00738457050192217
0.081875,-0.00522167987805948
0.082,-4.63136421914361e-16
0.082125,0.00522167987805941
0.08225,0.00738457050192217
0.082375,0.00522167987805953
0.0825,5.42746564879923e-16
0.082625,-0.00522167987805936
0.08275,-0.00738457050192217
0.082875,-0.00522167987805959
0.083,2.17171760450373e-16
0.083125,0.0052216798780593
0.08325,0.00738457050192217
0.083375,0.00522167987805964
0.0835,-1.3756161748481e-16
0.083625,-0.00522167987805925
0.08375,-0.00738457050192217
0.083875,-0.0052216798780597
0.084,5.79514745192478e-17
0.084125,0.00522167987805919
0.08425,0.00738457050192217
0.084375,0.00522167987805916
0.0845,2.16586684463146e-17
0.084625,-0.00522167987805913
0.08475,-0.00738457050192217
0.084875,-0.00522167987805922
0.085,-1.01268811411877e-16
0.085125,0.00522167987805908
0.08525,0.00738457050192217
0.085375,0.00522167987805928
0.0855,1.80878954377439e-16
0.085625,-0.00522167987805902
0.08575,-0.00738457050192217
0.085875,-0.00522167987805933
0.086,-1.10001756563886e-15
0.086125,0.00522167987805896
0.08625,0.00738457050192217
0.086375,0.00522167987805998
0.0865,3.40099240308564e-16
0.086625,-0.00522167987805891
0.08675,-0.00738457050192217
0.086875,-0.00522167987806004
0.087,-4.19709383274126e-16
0.087125,0.00522167987805885
0.08725,0.00738457050192217
0.087375,0.0052216798780595
0.0875,4.99319526239689e-16
0.087625,-0.00522167987805879
0.08775,-0.00738457050192217
0.087875,-0.00522167987805956
0.088,-5.78929669205251e-16
0.088125,0.00522167987805874
0.08825,0.00738457050192217
0.088375,0.00522167987805961
0.0885,6.58539812170814e-16
0.088625,-0.00522167987805868
0.08875,-0.00738457050192217
0.088875,-0.00522167987805967
0.089,-7.38149955136376e-16
0.089125,0.00522167987805863
0.08925,0.00738457050192217
0.089375,0.00522167987805973
0.0895,8.17760098101938e-16
0.089625,-0.00522167987805916
0.08975,-0.00738457050192217
0.089875,-0.00522167987805978
0.09,-8.97370241067501e-16
0.090125,0.00522167987805911
0.09025,0.00738457050192217
0.090375,0.00522167987805984
0.0905,9.76980384033063e-16
0.090625,-0.00522167987805905
0.09075,-0.00738457050192217
0.090875,-0.00522167987805989
0.091,-2.17062058702768e-16
0.091125,0.00522167987805899
0.09125,0.00738457050192217
0.091375,0.00522167987805995
0.0915,2.9667220166833e-16
0.091625,-0.00522167987805894
0.09175,-0.00738457050192217
0.091875,-0.00522167987805941
0.092,-3.76282344633892e-16
0.092125,0.00522167987805888
0.09225,0.00738457050192217
0.092375,0.00522167987805947
0.0925,4.55892487599455e-16
0.092625,-0.00522167987805883
0.09275,-0.00738457050192217
0.092875,-0.00522167987805953
0.093,-5.35502630565017e-16
0.093125,0.00522167987805877
0.09325,0.00738457050192217
0.093375,0.00522167987805958
0.0935,6.15112773530579e-16
0.093625,-0.00522167987805871
0.09375,-0.00738457050192217
0.093875,-0.00522167987805964
0.094,-6.94722916496142e-16
0.094125,0.00522167987805925
0.09425,0.00738457050192217
0.094375,0.0052216798780597
0.0945,7.74333059461704e-16
0.094625,-0.00522167987805919
0.09475,-0.00738457050192217
0.094875,-0.00522167987805975
0.095,-1.44147341314086e-17
0.095125,0.00522167987805914
0.09525,0.00738457050192217
0.095375,0.00522167987805981
0.0955,9.4024877096971e-17
0.095625,-0.00522167987805908
0.09575,-0.00738457050192217
0.095875,-0.00522167987805986
0.096,-1.73635020062533e-16
0.096125,0.00522167987805902
0.09625,0.00738457050192217
0.096375,0.00522167987805933
0.0965,2.53245163028096e-16
0.096625,-0.00522167987805897
0.09675,-0.00738457050192217
0.096875,-0.00522167987805938
0.097,-3.32855305993658e-16
0.097125,0.00522167987805891
0.09725,0.00738457050192217
0.097375,0.00522167987805944
0.0975,4.1246544895922e-16
0.097625,-0.00522167987805886
0.09775,-0.00738457050192217
0.097875,-0.0052216798780595
0.098,-4.92075591924783e-16
0.098125,0.00522167987805939
0.09825,0.00738457050192217
0.098375,0.00522167987805955
0.0985,5.71685734890345e-16
0.098625,-0.00522167987805934
0.09875,-0.00738457050192217
0.098875,-0.00522167987805961
0.099,-6.51295877855908e-16
0.099125,0.00522167987805928
0.09925,0.00738457050192217
0.099375,0.00522167987805966
0.0995,-1.08622447474388e-16
0.099625,-0.00522167987805923
0.09975,-0.00738457050192217
0.099875,-0.00522167987805972
0.1,2.90123045088256e-17
0.100125,0.00522167987805917
0.10025,0.00738457050192217
0.100375,0.00522167987805918
0.1005,5.05978384567368e-17
0.100625,-0.00522167987805911
0.10075,-0.00738457050192217
0.100875,-0.00522167987805924
0.101,-1.30207981422299e-16
0.101125,0.00522167987805906
0.10125,0.00738457050192217
0.101375,0.0052216798780593
0.1015,2.09818124387862e-16
0.101625,-0.005221679878059
0.10175,-0.00738457050192217
0.101875,-0.00522167987805995
0.102,-1.12895673564928e-15
0.102125,0.00522167987805894
0.10225,0.00738457050192217
0.102375,0.00522167987806
0.1025,3.69038410318986e-16
0.102625,-0.00522167987805889
0.10275,-0.00738457050192217
0.102875,-0.00522167987806006
0.103,-4.48648553284549e-16
0.103125,0.00522167987805883
0.10325,0.00738457050192217
0.103375,0.00522167987806011
0.1035,5.28258696250111e-16
0.103625,-0.00522167987805877
0.10375,-0.00738457050192217
0.103875,-0.00522167987805958
0.104,-6.07868839215673e-16
0.104125,0.00522167987805872
0.10425,0.00738457050192217
0.104375,0.00522167987805963
0.1045,6.87478982181236e-16
0.104625,-0.00522167987805866
0.10475,-0.00738457050192217
0.104875,-0.00522167987805969
0.105,-7.67089125146798e-16
0.105125,0.00522167987805861
0.10525,0.00738457050192217
0.105375,0.00522167987805975
0.1055,8.4669926811236e-16
0.105625,-0.00522167987805914
0.10575,-0.00738457050192217
0.105875,-0.0052216798780598
0.106,-9.26309411077923e-16
0.106125,0.00522167987805909
0.10625,0.00738457050192217
0.106375,0.00522167987805986
0.1065,1.00591955404349e-15
0.106625,-0.00522167987805903
0.10675,-0.00738457050192217
0.106875,-0.00522167987805992
0.107,-2.4600122871319e-16
0.107125,0.00522167987805897
0.10725,0.00738457050192217
0.107375,0.00522167987805997
0.1075,3.25611371678752e-16
0.107625,-0.00522167987805892
0.10775,-0.00738457050192217
0.107875,-0.00522167987805943
0.108,-4.05221514644314e-16
0.108125,0.00522167987805886
0.10825,0.00738457050192217
0.108375,0.00522167987805949
0.1085,4.84831657609877e-16
0.108625,-0.00522167987805881
0.10875,-0.00738457050192217
0.108875,-0.00522167987805955
0.109,-5.64441800575439e-16
0.109125,0.00522167987805875
0.10925,0.00738457050192217
0.109375,0.0052216798780596
0.1095,6.44051943541002e-16
0.109625,-0.00522167987805869
0.10975,-0.00738457050192217
0.109875,-0.00522167987805966
0.11,-7.23662086506564e-16
0.110125,0.00522167987805923
0.11025,0.00738457050192217
0.110375,0.00522167987805972
0.1105,8.03272229472126e-16
0.110625,-0.00522167987805917
0.11075,-0.00738457050192217
0.110875,-0.00522167987805977
0.111,-4.33539041418308e-17
0.111125,0.00522167987805912
0.11125,0.00738457050192217
0.111375,0.00522167987805983
0.1115,1.22964047107393e-16
0.111625,-0.00522167987805906
0.11175,-0.00738457050192217
0.111875,-0.00522167987805989
0.112,-2.02574190072956e-16
0.112125,0.005221679878059
0.11225,0.00738457050192217
0.112375,0.00522167987805935
0.1125,2.82184333038518e-16
0.112625,-0.00522167987805895
0.11275,-0.00738457050192217
0.112875,-0.0052216798780594
0.113,-3.6179447600408e-16
0.113125,0.00522167987805889
0.11325,0.00738457050192217
0.113375,0.00522167987805946
0.1135,4.41404618969643e-16
0.113625,-0.00522167987805884
0.11375,-0.00738457050192217
0.113875,-0.00522167987805952
0.114,-5.21014761935205e-16
0.114125,0.00522167987805878
0.11425,0.00738457050192217
0.114375,0.00522167987805957
0.1145,6.00624904900767e-16
0.114625,-0.00522167987805932
0.11475,-0.00738457050192217
0.114875,-0.00522167987805963
0.115,-6.8023504786633e-16
0.115125,0.00522167987805926
0.11525,0.00738457050192217
0.115375,0.00522167987805969
0.1155,-7.96832774639658e-17
0.115625,-0.0052216798780592
0.11575,-0.00738457050192217
0.115875,-0.00522167987805974
0.116,7.31344984033822e-20
0.116125,0.00522167987805915
0.11625,0.00738457050192217
0.116375,0.0052216798780592
0.1165,7.9537008467159e-17
0.116625,-0.00522167987805909
0.11675,-0.00738457050192217
0.116875,-0.00522167987805926
0.117,-1.59147151432721e-16
0.117125,0.00522167987805904
0.11725,0.00738457050192217
0.117375,0.00522167987805991
0.1175,1.07828576269414e-15
0.117625,-0.00522167987805898
0.11775,-0.00738457050192217
0.117875,-0.00522167987805997
0.118,-1.1578959056597e-15
0.118125,0.00522167987805892
0.11825,0.00738457050192217
0.118375,0.00522167987806002
0.1185,1.23750604862527e-15
0.118625,-0.00522167987805887
0.11875,-0.00738457050192217
0.118875,-0.00522167987806008
0.119,-4.77587723294971e-16
0.119125,0.00522167987805881
0.11925,0.00738457050192217
0.119375,0.00522167987806014
0.1195,5.57197866260533e-16
0.119625,-0.00522167987805875
0.11975,-0.00738457050192217
0.119875,-0.0052216798780596
0.12,-6.36808009226096e-16
0.120125,0.0052216798780587
0.12025,0.00738457050192217
0.120375,0.00522167987805965
0.1205,7.16418152191658e-16
0.120625,-0.00522167987805864
0.12075,-0.00738457050192217
0.120875,-0.00522167987805971
0.121,-7.9602829515722e-16
0.121125,0.00522167987805858
0.12125,0.00738457050192217
0.121375,0.00522167987805977
0.1215,8.75638438122783e-16
0.121625,-0.00522167987805853
0.12175,-0.00738457050192217
0.121875,-0.00522167987805982
0.122,-9.55248581088345e-16
0.122125,0.00522167987805907
0.12225,0.00738457050192217
0.122375,0.00522167987805988
0.1225,1.03485872405391e-15
0.122625,-0.00522167987805901
0.12275,-0.00738457050192217
0.122875,-0.00522167987805994
0.123,-2.74940398723612e-16
0.123125,0.00522167987805895
0.12325,0.00738457050192217
0.123375,0.00522167987805999
0.1235,3.54550541689174e-16
0.123625,-0.0052216798780589
0.12375,-0.00738457050192217
0.123875,-0.00522167987806005
0.124,-4.34160684654737e-16
0.124125,0.00522167987805884
0.12425,0.00738457050192217
0.124375,0.00522167987805951
0.1245,5.13770827620299e-16
0.124625,-0.00522167987805878
0.12475,-0.00738457050192217
0.124875,-0.00522167987805957
0.125,-5.93380970585861e-16
0.125125,0.00522167987805873
0.12525,0.00738457050192217
0.125375,0.00522167987806022
0.1255,6.72991113551424e-16
0.125625,-0.00522167987805867
0.12575,-0.00738457050192217
0.125875,-0.00522167987806027
0.126,-7.52601256516986e-16
0.126125,0.00522167987805862
0.12625,0.00738457050192217
0.126375,0.00522167987806033
0.1265,8.32211399482549e-16
0.126625,-0.00522167987805856
0.12675,-0.00738457050192217
0.126875,-0.00522167987806039
0.127,-9.11821542448111e-16
0.127125,0.0052216798780585
0.12725,0.00738457050192217
0.127375,0.00522167987805985
0.1275,1.51903217117815e-16
0.127625,-0.00522167987805845
0.12775,-0.00738457050192217
0.127875,-0.00522167987805991
0.128,-2.31513360083378e-16
0.128125,0.00522167987805839
0.12825,0.00738457050192217
0.128375,0.00522167987805996
0.1285,3.1112350304894e-16
0.128625,-0.00522167987805833
0.12875,-0.00738457050192217
0.128875,-0.00522167987806002
0.129,-3.90733646014503e-16
0.129125,0.00522167987805828
0.12925,0.00738457050192217
0.129375,0.00522167987806007
0.1295,4.70343788980065e-16
0.129625,-0.00522167987805882
0.12975,-0.00738457050192217
0.129875,-0.00522167987806013
0.13,-5.49953931945627e-16
0.130125,0.00522167987805876
0.13025,0.00738457050192217
0.130375,0.00522167987806019
0.1305,6.2956407491119e-16
0.130625,-0.0052216798780587
0.13075,-0.00738457050192217
0.130875,-0.00522167987806024
0.131,-7.09174217876752e-16
0.131125,0.00522167987805865
0.13125,0.00738457050192217
0.131375,0.0052216798780603
0.1315,-5.07441074535435e-17
0.131625,-0.00522167987805859
0.13175,-0.00738457050192217
0.131875,-0.00522167987805976
0.132,-2.88660355120188e-17
0.132125,0.00522167987805853
0.13225,0.00738457050192217
0.132375,0.00522167987805982
0.1325,1.08476178477581e-16
0.132625,-0.00522167987805848
0.13275,-0.00738457050192217
0.132875,-0.00522167987805987
0.133,-1.88086321443144e-16
0.133125,0.00522167987805842
0.13325,0.00738457050192217
0.133375,0.00522167987805993
0.1335,2.67696464408706e-16
0.133625,-0.00522167987805836
0.13375,-0.00738457050192217
0.133875,-0.00522167987805999
0.134,-3.47306607374268e-16
0.134125,0.0052216798780589
0.13425,0.00738457050192217
0.134375,0.00522167987806004
0.1345,4.26916750339831e-16
0.134625,-0.00522167987805885
0.13475,-0.00738457050192217
0.134875,-0.0052216798780601
0.135,-5.06526893305393e-16
0.135125,0.00522167987805879
0.13525,0.00738457050192217
0.135375,0.00522167987806016
0.1355,5.86137036270956e-16
0.135625,-0.00522167987805873
0.13575,-0.00738457050192217
0.135875,-0.00522167987805962
0.136,1.7378128905934e-16
0.136125,0.00522167987805868
0.13625,0.00738457050192217
0.136375,0.00522167987805968
0.1365,-9.41711460937777e-17
0.136625,-0.00522167987805862
0.13675,-0.00738457050192217
0.136875,-0.00522167987805973
0.137,1.45610031282153e-17
0.137125,0.00522167987805856
0.13725,0.00738457050192217
0.137375,0.00522167987805979
0.1375,6.5049139837347e-17
0.137625,-0.00522167987805851
0.13775,-0.00738457050192217
0.137875,-0.00522167987805984
0.138,-1.44659282802909e-16
0.138125,0.00522167987805905
0.13825,0.00738457050192217
0.138375,0.0052216798780599
0.1385,2.24269425768472e-16
0.138625,-0.00522167987805899
0.13875,-0.00738457050192217
0.138875,-0.00522167987805996
0.139,-3.03879568734034e-16
0.139125,0.00522167987805893
0.13925,0.00738457050192217
0.139375,0.00522167987806001
0.1395,3.83489711699597e-16
0.139625,-0.00522167987805888
0.13975,-0.00738457050192217
0.139875,-0.00522167987806007
0.14,-4.63099854665159e-16
0.140125,0.00522167987805882
0.14025,0.00738457050192217
0.140375,0.00522167987805953
0.1405,-2.96818470665137e-16
0.140625,-0.00522167987805876
0.14075,-0.00738457050192217
0.140875,-0.00522167987805959
0.141,-1.46184860889214e-15
0.141125,0.00522167987805871
0.14125,0.00738457050192217
0.141375,0.00522167987805964
0.1415,1.5414587518577e-15
0.141625,-0.00522167987805865
0.14175,-0.00738457050192217
0.141875,-0.0052216798780597
0.142,-1.62106889482327e-15
0.142125,0.0052216798780586
0.14225,0.00738457050192217
0.142375,0.00522167987805976
0.1425,8.61150569492971e-16
0.142625,-0.00522167987805913
0.14275,-0.00738457050192217
0.142875,-0.00522167987805981
0.143,-9.40760712458533e-16
0.143125,0.00522167987805908
0.14325,0.00738457050192217
0.143375,0.00522167987805987
0.1435,1.0203708554241e-15
0.143625,-0.00522167987805902
0.14375,-0.00738457050192217
0.143875,-0.00522167987805993
0.144,-1.09998099838966e-15
0.144125,0.00522167987805896
0.14425,0.00738457050192217
0.144375,0.00522167987805998
0.1445,1.17959114135522e-15
0.144625,-0.00522167987805891
0.14475,-0.00738457050192217
0.144875,-0.00522167987805944
0.145,-1.25920128432078e-15
0.145125,0.00522167987805885
0.14525,0.00738457050192217
0.145375,0.0052216798780595
0.1455,1.33881142728635e-15
0.145625,-0.00522167987805879
0.14575,-0.00738457050192217
0.145875,-0.00522167987805956
0.146,-1.41842157025191e-15
0.146125,0.00522167987805874
0.14625,0.00738457050192217
0.146375,0.00522167987805961
0.1465,1.49803171321747e-15
0.146625,-0.00522167987805928
0.14675,-0.00738457050192217
0.146875,-0.00522167987805967
0.147,-7.38113387887174e-16
0.147125,0.00522167987805922
0.14725,0.00738457050192217
0.147375,0.00522167987805973
0.1475,8.17723530852737e-16
0.147625,-0.00522167987805916
0.14775,-0.00738457050192217
0.147875,-0.00522167987805978
0.148,-8.97333673818299e-16
0.148125,0.00522167987805911
0.14825,0.00738457050192217
0.148375,0.00522167987805984
0.1485,9.76943816783861e-16
0.148625,-0.00522167987805905
0.14875,-0.00738457050192217
0.148875,-0.0052216798780593
0.149,-1.05655395974942e-15
0.149125,0.00522167987805899
0.14925,0.00738457050192217
0.149375,0.00522167987805936
0.1495,1.13616410271499e-15
0.149625,-0.00522167987805894
0.14975,-0.00738457050192217
0.149875,-0.00522167987805941
0.15,-1.21577424568055e-15
0.150125,0.00522167987805888
0.15025,0.00738457050192217
0.150375,0.00522167987805947
0.1505,1.29538438864611e-15
0.150625,-0.00522167987805883
0.15075,-0.00738457050192217
0.150875,-0.00522167987805953
0.151,-5.35466063315815e-16
0.151125,0.00522167987805936
0.15125,0.00738457050192217
0.151375,0.00522167987805958
0.1515,6.15076206281378e-16
0.151625,-0.00522167987805931
0.15175,-0.00738457050192217
0.151875,-0.00522167987805964
0.152,-6.9468634924694e-16
0.152125,0.00522167987805925
0.15225,0.00738457050192217
0.152375,0.0052216798780597
0.1525,7.74296492212502e-16
0.152625,-0.00522167987805919
0.15275,-0.00738457050192217
0.152875,-0.00522167987805975
0.153,-8.53906635178065e-16
0.153125,0.00522167987805914
0.15325,0.00738457050192217
0.153375,0.00522167987805921
0.1535,9.33516778143627e-16
0.153625,-0.00522167987805908
0.15375,-0.00738457050192217
0.153875,-0.00522167987805927
0.154,-1.01312692110919e-15
0.154125,0.00522167987805903
0.15425,0.00738457050192217
0.154375,0.00522167987805933
0.1545,1.09273706407475e-15
0.154625,-0.00522167987805897
0.15475,-0.00738457050192217
0.154875,-0.00522167987805938
0.155,-1.17234720704031e-15
0.155125,0.00522167987805951
0.15525,0.00738457050192217
0.155375,0.00522167987805944
0.1555,4.12428881710019e-16
0.155625,-0.00522167987805945
0.15575,-0.00738457050192217
0.155875,-0.0052216798780595
0.156,-4.92039024675581e-16
0.156125,0.00522167987805939
0.15625,0.00738457050192217
0.156375,0.00522167987806015
0.1565,5.71649167641143e-16
0.156625,-0.00522167987805815
0.15675,-0.00738457050192217
0.156875,-0.0052216798780602
0.157,-6.51259310606706e-16
0.157125,0.00522167987805809
0.15725,0.00738457050192217
0.157375,0.00522167987806026
0.1575,7.30869453572268e-16
0.157625,-0.00522167987805863
0.15775,-0.00738457050192217
0.157875,-0.00522167987806032
0.158,-8.10479596537831e-16
0.158125,0.00522167987805857
0.15825,0.00738457050192217
0.158375,0.00522167987806037
0.1585,8.90089739503393e-16
0.158625,-0.00522167987805852
0.15875,-0.00738457050192217
0.158875,-0.00522167987806043
0.159,-9.69699882468955e-16
0.159125,0.00522167987805846
0.15925,0.00738457050192217
0.159375,0.00522167987806048
0.1595,2.0978155713866e-16
0.159625,-0.00522167987805841
0.15975,-0.00738457050192217
0.159875,-0.00522167987805995
0.16,-2.89391700104222e-16
0.160125,0.00522167987805835
0.16025,0.00738457050192217
0.160375,0.00522167987806
0.1605,3.69001843069785e-16
0.160625,-0.00522167987805829
0.16075,-0.00738457050192217
0.160875,-0.00522167987806006
0.161,-4.48611986035347e-16
0.161125,0.00522167987805824
0.16125,0.00738457050192217
0.161375,0.00522167987806011
0.1615,5.28222129000909e-16
0.161625,-0.00522167987805818
0.16175,-0.00738457050192217
0.161875,-0.00522167987806017
0.162,-6.07832271966472e-16
0.162125,0.00522167987805872
0.16225,0.00738457050192217
0.162375,0.00522167987806023
0.1625,6.87442414932034e-16
0.162625,-0.00522167987805866
0.16275,-0.00738457050192217
0.162875,-0.00522167987806028
0.163,-7.67052557897596e-16
0.163125,0.00522167987805801
0.16325,0.00738457050192217
0.163375,0.00522167987805975
0.1635,7.1342325673009e-18
0.163625,-0.00522167987805855
0.16375,-0.00738457050192217
0.163875,-0.0052216798780604
0.164,-9.26272843828721e-16
0.164125,0.00522167987805909
0.16425,0.00738457050192217
0.164375,0.00522167987805986
0.1645,1.66354518498426e-16
0.164625,-0.00522167987805844
0.16475,-0.00738457050192217
0.164875,-0.00522167987806051
0.165,-1.08549312975985e-15
0.165125,0.00522167987805897
0.16525,0.00738457050192217
0.165375,0.00522167987805997
0.1655,3.2557480442955e-16
0.165625,-0.00522167987805832
0.16575,-0.00738457050192217
0.165875,-0.00522167987806062
0.166,4.34343520900745e-16
0.166125,0.00522167987805886
0.16625,0.00738457050192217
0.166375,0.00522167987806008
0.1665,4.84795090360675e-16
0.166625,-0.00522167987805821
0.16675,-0.00738457050192217
0.166875,-0.00522167987805955
0.167,2.7512323496962e-16
0.167125,0.00522167987805875
0.16725,0.00738457050192217
0.167375,0.0052216798780602
0.1675,6.440153762918e-16
0.167625,-0.0052216798780581
0.16775,-0.00738457050192217
0.167875,-0.00522167987805966
0.168,1.15902949038496e-16
0.168125,0.00522167987805864
0.16825,0.00738457050192217
0.168375,0.00522167987806031
0.1685,8.03235662222925e-16
0.168625,-0.00522167987805917
0.16875,-0.00738457050192217
0.168875,-0.00522167987805977
0.169,-4.33173368926291e-17
0.169125,0.00522167987805852
0.16925,0.00738457050192217
0.169375,0.00522167987806042
0.1695,9.62455948154049e-16
0.169625,-0.00522167987805906
0.16975,-0.00738457050192217
0.169875,-0.00522167987805989
0.17,-2.02537622823754e-16
0.170125,0.00522167987805841
0.17025,0.00738457050192217
0.170375,0.00522167987805935
0.1705,-5.57380702506542e-16
0.170625,-0.00522167987805895
0.17075,-0.00738457050192217
0.170875,-0.00522167987806
0.171,-3.61757908754879e-16
0.171125,0.0052216798780583
0.17125,0.00738457050192217
0.171375,0.00522167987805946
0.1715,-3.98160416575417e-16
0.171625,-0.00522167987805884
0.17175,-0.00738457050192217
0.171875,-0.00522167987806011
0.172,-2.20003513127772e-15
0.172125,0.00522167987805819
0.17225,0.00738457050192217
0.172375,0.00522167987805957
0.1725,1.44011680594742e-15
0.172625,-0.00522167987805872
0.17275,-0.00738457050192217
0.172875,-0.00522167987806022
0.173,-6.80198480617128e-16
0.173125,0.00522167987805926
0.17325,0.00738457050192217
0.173375,0.00522167987805969
0.1735,1.59933709187855e-15
0.173625,-0.00522167987805861
0.17375,-0.00738457050192217
0.173875,-0.00522167987806034
0.174,-8.39418766548253e-16
0.174125,0.00522167987805915
0.17425,0.00738457050192217
0.174375,0.0052216798780598
0.1745,1.75855737780967e-15
0.174625,-0.0052216798780585
0.17475,-0.00738457050192217
0.174875,-0.00522167987805926
0.175,-9.98639052479378e-16
0.175125,0.00522167987805904
0.17525,0.00738457050192217
0.175375,0.00522167987805991
0.1755,1.9177776637408e-15
0.175625,-0.00522167987805839
0.17575,-0.00738457050192217
0.175875,-0.00522167987805937
0.176,-1.1578593384105e-15
0.176125,0.00522167987805892
0.17625,0.00738457050192217
0.176375,0.00522167987806002
0.1765,2.07699794967192e-15
0.176625,-0.00522167987805827
0.17675,-0.00738457050192217
0.176875,-0.00522167987805949
0.177,-1.31707962434163e-15
0.177125,0.00522167987805881
0.17725,0.00738457050192217
0.177375,0.00522167987806014
0.1775,5.57161299011332e-16
0.177625,-0.00522167987805935
0.17775,-0.00738457050192217
0.177875,-0.0052216798780596
0.178,-1.47629991027275e-15
0.178125,0.0052216798780587
0.17825,0.00738457050192217
0.178375,0.00522167987806025
0.1785,7.16381584942456e-16
0.178625,-0.00522167987805924
0.17875,-0.00738457050192217
0.178875,-0.00522167987805971
0.179,-1.63552019620388e-15
0.179125,0.00522167987805858
0.17925,0.00738457050192217
0.179375,0.00522167987805917
0.1795,8.75601870873581e-16
0.179625,-0.00522167987805912
0.17975,-0.00738457050192217
0.179875,-0.00522167987805982
0.18,-1.794740482135e-15
0.180125,0.00522167987805847
0.18025,0.00738457050192217
0.180375,0.00522167987805929
0.1805,1.03482215680471e-15
0.180625,-0.00522167987805901
0.18075,-0.00738457050192217
0.180875,-0.00522167987805994
0.181,-1.95396076806613e-15
0.181125,0.00522167987805955
0.18125,0.00738457050192217
0.181375,0.0052216798780594
0.1815,1.19404244273583e-15
0.181625,-0.0052216798780589
0.18175,-0.00738457050192217
0.181875,-0.00522167987806005
0.182,-4.34124117405535e-16
0.182125,0.00522167987805943
0.18225,0.00738457050192217
0.182375,0.00522167987805951
0.1825,1.35326272866696e-15
0.182625,-0.00522167987805878
0.18275,-0.00738457050192217
0.182875,-0.00522167987806016
0.183,-5.9334440333666e-16
0.183125,0.00522167987805932
0.18325,0.00738457050192217
0.183375,0.00522167987805962
0.1835,1.51248301459808e-15
0.183625,-0.00522167987805867
0.18375,-0.00738457050192217
0.183875,-0.00522167987805909
0.184,-7.52564689267785e-16
0.184125,0.00522167987805921
0.18425,0.00738457050192217
0.184375,0.00522167987805974
0.1845,1.6717033005292e-15
0.184625,-0.00522167987805856
0.18475,-0.00738457050192217
0.184875,-0.0052216798780592
0.185,-9.11784975198909e-16
0.185125,0.0052216798780591
0.18525,0.00738457050192217
0.185375,0.00522167987805985
0.1855,1.51866649868614e-16
0.185625,-0.00522167987805963
0.18575,-0.00738457050192217
0.185875,-0.00522167987805931
0.186,-1.07100526113003e-15
0.186125,0.00522167987805898
0.18625,0.00738457050192217
0.186375,0.00522167987805996
0.1865,3.11086935799738e-16
0.186625,-0.00522167987805952
0.18675,-0.00738457050192217
0.186875,-0.00522167987805942
0.187,-1.23022554706116e-15
0.187125,0.00522167987805887
0.18725,0.00738457050192217
0.187375,0.00522167987806007
0.1875,4.70307221730863e-16
0.187625,-0.00522167987805822
0.18775,-0.00738457050192217
0.187875,-0.00522167987806072
0.188,-1.38944583299228e-15
0.188125,0.00522167987805876
0.18825,0.00738457050192217
0.188375,0.00522167987806019
0.1885,6.29527507661988e-16
0.188625,-0.00522167987805811
0.18875,-0.00738457050192217
0.188875,-0.00522167987806084
0.189,-1.54866611892341e-15
0.189125,0.00522167987805865
0.18925,0.00738457050192217
0.189375,0.0052216798780603
0.1895,7.88747793593113e-16
0.189625,-0.005221679878058
0.18975,-0.00738457050192217
0.189875,-0.00522167987805976
0.19,-2.88294682628172e-17
0.190125,0.00522167987805853
0.19025,0.00738457050192217
0.190375,0.00522167987806041
0.1905,9.47968079524238e-16
0.190625,-0.00522167987805788
0.19075,-0.00738457050192217
0.190875,-0.00522167987805987
0.191,-1.88049754193942e-16
0.191125,0.00522167987805842
0.19125,0.00738457050192217
0.191375,0.00522167987806052
0.1915,1.10718836545536e-15
0.191625,-0.00522167987805777
0.19175,-0.00738457050192217
0.191875,-0.00522167987805999
0.192,-3.47270040125067e-16
0.192125,0.00522167987805831
0.19225,0.00738457050192217
0.192375,0.00522167987806064
0.1925,1.26640865138649e-15
0.192625,-0.00522167987805885
0.19275,-0.00738457050192217
0.192875,-0.0052216798780601
0.193,-5.06490326056191e-16
0.193125,0.0052216798780582
0.19325,0.00738457050192217
0.193375,0.00522167987806075
0.1935,1.42562893731761e-15
0.193625,-0.00522167987805873
0.19375,-0.00738457050192217
0.193875,-0.00522167987806021
0.194,-6.65710611987316e-16
0.194125,0.00522167987805808
0.19425,0.00738457050192217
0.194375,0.00522167987805968
0.1945,-9.42077133429794e-17
0.194625,-0.00522167987805862
0.19475,-0.00738457050192217
0.194875,-0.00522167987806032
0.195,-8.24930897918441e-16
0.195125,0.00522167987805797
0.19525,0.00738457050192217
0.195375,0.00522167987805979
0.1955,6.50125725881453e-17
0.195625,-0.00522167987805851
0.19575,-0.00738457050192217
0.195875,-0.00522167987806044
0.196,-9.84151183849566e-16
0.196125,0.00522167987805786
0.19625,0.00738457050192217
0.196375,0.0052216798780599
0.1965,2.2423285851927e-16
0.196625,-0.0052216798780584
0.19675,-0.00738457050192217
0.196875,-0.00522167987806055
0.197,-1.14337146978069e-15
0.197125,0.00522167987805893
0.19725,0.00738457050192217
0.197375,0.00522167987806001
0.1975,3.83453144450395e-16
0.197625,-0.00522167987805828
0.19775,-0.00738457050192217
0.197875,-0.00522167987806066
0.198,-1.30259175571182e-15
0.198125,0.00522167987805882
0.19825,0.00738457050192217
0.198375,0.00522167987806013
0.1985,5.4267343038152e-16
0.198625,-0.00522167987805817
0.19875,-0.00738457050192217
0.198875,-0.00522167987805959
0.199,2.17244894948776e-16
0.199125,0.00522167987805871
0.19925,0.00738457050192217
0.199375,0.00522167987806024
0.1995,7.01893716312644e-16
0.199625,-0.00522167987805806
0.19975,-0.00738457050192217
0.199875,-0.0052216798780597
0.2,5.80246090176512e-17
0.200125,0.0052216798780586
0.20025,0.00738457050192217
0.200375,0.00522167987806035
0.2005,8.61114002243769e-16
0.200625,-0.00522167987805913
0.20075,-0.00738457050192217
0.200875,-0.00522167987805981
0.201,-1.01195676913474e-16
0.201125,0.00522167987805848
0.20125,0.00738457050192217
0.201375,0.00522167987806046
0.2015,1.02033428817489e-15
0.201625,-0.00522167987805902
0.20175,-0.00738457050192217
0.201875,-0.00522167987805993
0.202,-2.60415962844598e-16
0.202125,0.00522167987805837
0.20225,0.00738457050192217
0.202375,0.00522167987806058
0.2025,1.17955457410602e-15
0.202625,-0.00522167987805891
0.20275,-0.00738457050192217
0.202875,-0.00522167987806004
0.203,-4.19636248775723e-16
0.203125,0.00522167987805826
0.20325,0.00738457050192217
0.203375,0.0052216798780595
0.2035,1.33877486003714e-15
0.203625,-0.00522167987805879
0.20375,-0.00738457050192217
0.203875,-0.00522167987806015
0.204,-2.25791347129856e-15
0.204125,0.00522167987805815
0.20425,0.00738457050192217
0.204375,0.00522167987805961
0.2045,1.49799514596827e-15
0.204625,-0.00522167987805868
0.20475,-0.00738457050192217
0.204875,-0.00522167987806026
0.205,-7.38076820637973e-16
0.205125,0.00522167987805922
0.20525,0.00738457050192217
0.205375,0.00522167987805973
0.2055,1.65721543189939e-15
0.205625,-0.00522167987805857
0.20575,-0.00738457050192217
0.205875,-0.00522167987806038
0.206,-8.97297106569097e-16
0.206125,0.00522167987805911
0.20625,0.00738457050192217
0.206375,0.00522167987805984
0.2065,1.81643571783052e-15
0.206625,-0.00522167987805846
0.20675,-0.00738457050192217
0.206875,-0.00522167987806049
0.207,-1.05651739250022e-15
0.207125,0.00522167987805899
0.20725,0.00738457050192217
0.207375,0.00522167987805995
0.2075,1.97565600376164e-15
0.207625,-0.00522167987805834
0.20775,-0.00738457050192217
0.207875,-0.00522167987805941
0.208,-1.21573767843135e-15
0.208125,0.00522167987805888
0.20825,0.00738457050192217
0.208375,0.00522167987806006
0.2085,2.13487628969277e-15
0.208625,-0.00522167987805823
0.20875,-0.00738457050192217
0.208875,-0.00522167987805953
0.209,-1.37495796436247e-15
0.209125,0.00522167987805877
0.20925,0.00738457050192217
0.209375,0.00522167987806018
0.2095,6.15039639032176e-16
0.209625,-0.00522167987805931
0.20975,-0.00738457050192217
0.209875,-0.00522167987805964
0.21,-1.5341782502936e-15
0.210125,0.00522167987805866
0.21025,0.00738457050192217
0.210375,0.00522167987806029
0.2105,7.74259924963301e-16
0.210625,-0.00522167987805919
0.21075,-0.00738457050192217
0.210875,-0.00522167987805975
0.211,-1.69339853622472e-15
0.211125,0.00522167987805854
0.21125,0.00738457050192217
0.211375,0.00522167987805921
0.2115,9.33480210894426e-16
0.211625,-0.00522167987805908
0.21175,-0.00738457050192217
0.211875,-0.00522167987805986
0.212,-1.85261882215585e-15
0.212125,0.00522167987805843
0.21225,0.00738457050192217
0.212375,0.00522167987805933
0.2125,1.09270049682555e-15
0.212625,-0.00522167987805897
0.21275,-0.00738457050192217
0.212875,-0.00522167987805998
0.213,-2.01183910808697e-15
0.213125,0.00522167987805832
0.21325,0.00738457050192217
0.213375,0.00522167987805944
0.2135,1.25192078275668e-15
0.213625,-0.00522167987805886
0.21375,-0.00738457050192217
0.213875,-0.00522167987806009
0.214,-4.9200245742638e-16
0.214125,0.00522167987805939
0.21425,0.00738457050192217
0.214375,0.00522167987805955
0.2145,1.4111410686878e-15
0.214625,-0.00522167987805874
0.21475,-0.00738457050192217
0.214875,-0.0052216798780602
0.215,-6.51222743357504e-16
0.215125,0.00522167987805928
0.21525,0.00738457050192217
0.215375,0.00522167987805966
0.2155,1.57036135461892e-15
0.215625,-0.00522167987805863
0.21575,-0.00738457050192217
0.215875,-0.00522167987805913
0.216,-8.10443029288629e-16
0.216125,0.00522167987805917
0.21625,0.00738457050192217
0.216375,0.00522167987805978
0.2165,1.72958164055005e-15
0.216625,-0.00522167987805852
0.21675,-0.00738457050192217
0.216875,-0.00522167987805924
0.217,-9.69663315219754e-16
0.217125,0.00522167987805906
0.21725,0.00738457050192217
0.217375,0.00522167987805989
0.2175,1.88880192648117e-15
0.217625,-0.00522167987805959
0.21775,-0.00738457050192217
0.217875,-0.00522167987805935
0.218,-1.12888360115088e-15
0.218125,0.00522167987805894
0.21825,0.00738457050192217
0.218375,0.00522167987806
0.2185,3.68965275820583e-16
0.218625,-0.00522167987805948
0.21875,-0.00738457050192217
0.218875,-0.00522167987806065
0.219,-1.288103887082e-15
0.219125,0.00522167987805764
0.21925,0.00738457050192217
0.219375,0.00522167987806011
0.2195,5.28185561751708e-16
0.219625,-0.00522167987805818
0.21975,-0.00738457050192217
0.219875,-0.00522167987806077
0.22,-1.44732417301313e-15
0.220125,0.00522167987805872
0.22025,0.00738457050192217
0.220375,0.00522167987806023
0.2205,6.87405847682832e-16
0.220625,-0.00522167987805807
0.22075,-0.00738457050192217
0.220875,-0.00522167987806088
0.221,-1.60654445894425e-15
0.221125,0.00522167987805861
0.22125,0.00738457050192217
0.221375,0.00522167987806034
0.2215,8.46626133613957e-16
0.221625,-0.00522167987805796
0.22175,-0.00738457050192217
0.221875,-0.00522167987806099
0.222,-8.67078082836616e-17
0.222125,0.00522167987805849
0.22225,0.00738457050192217
0.222375,0.00522167987806045
0.2225,1.00584641954508e-15
0.222625,-0.00522167987805784
0.22275,-0.00738457050192217
0.222875,-0.00522167987805992
0.223,-2.45928094214786e-16
0.223125,0.00522167987805838
0.22325,0.00738457050192217
0.223375,0.00522167987806057
0.2235,1.16506670547621e-15
0.223625,-0.00522167987805773
0.22375,-0.00738457050192217
0.223875,-0.00522167987806003
0.224,-4.05148380145911e-16
0.224125,0.00522167987805827
0.22425,0.00738457050192217
0.224375,0.00522167987806068
0.2245,1.32428699140733e-15
0.224625,-0.00522167987805881
0.22475,-0.00738457050192217
0.224875,-0.00522167987806014
0.225,-5.64368666077036e-16
0.225125,0.00522167987805816
0.22525,0.00738457050192217
0.225375,0.00522167987806079
0.2255,1.48350727733846e-15
0.225625,-0.00522167987805869
0.22575,-0.00738457050192217
0.225875,-0.00522167987806025
0.226,-7.23588952008161e-16
0.226125,0.00522167987805804
0.22625,0.00738457050192217
0.226375,0.00522167987805972
0.2265,-3.6329373322135e-17
0.226625,-0.00522167987805858
0.22675,-0.00738457050192217
0.226875,-0.00522167987806037
0.227,-8.82809237939285e-16
0.227125,0.00522167987805793
0.22725,0.00738457050192217
0.227375,0.00522167987805983
0.2275,1.2289091260899e-16
0.227625,-0.00522167987805847
0.22775,-0.00738457050192217
0.227875,-0.00522167987806048
0.228,-1.04202952387041e-15
0.228125,0.00522167987805782
0.22825,0.00738457050192217
0.228375,0.00522167987805994
0.2285,2.82111198540115e-16
0.228625,-0.00522167987805836
0.22875,-0.00738457050192217
0.228875,-0.00522167987806059
0.229,-1.20124980980153e-15
0.229125,0.00522167987805889
0.22925,0.00738457050192217
0.229375,0.00522167987806005
0.2295,4.41331484471239e-16
0.229625,-0.00522167987805824
0.22975,-0.00738457050192217
0.229875,-0.0052216798780607
0.23,-1.36047009573266e-15
0.230125,0.00522167987805878
0.23025,0.00738457050192217
0.230375,0.00522167987806017
0.2305,6.00551770402364e-16
0.230625,-0.00522167987805813
0.23075,-0.00738457050192217
0.230875,-0.00522167987805963
0.231,1.59366554927932e-16
0.231125,0.00522167987805867
0.23125,0.00738457050192217
0.231375,0.00522167987806028
0.2315,7.59772056333489e-16
0.231625,-0.00522167987805802
0.23175,-0.00738457050192217
0.231875,-0.00522167987805974
0.232,1.46268996806764e-19
0.232125,0.00522167987805855
0.23225,0.00738457050192217
0.232375,0.00522167987806039
0.2325,9.18992342264614e-16
0.232625,-0.0052216798780579
0.23275,-0.00738457050192217
0.232875,-0.00522167987805985
0.233,-1.59074016934318e-16
0.233125,0.00522167987805844
0.23325,0.00738457050192217
0.233375,0.0052216798780605
0.2335,1.07821262819574e-15
0.233625,-0.00522167987805898
0.23375,-0.00738457050192217
0.233875,-0.00522167987805997
0.234,-3.18294302865443e-16
0.234125,0.00522167987805833
0.23425,0.00738457050192217
0.234375,0.00522167987806062
0.2345,1.23743291412686e-15
0.234625,-0.00522167987805887
0.23475,-0.00738457050192217
0.234875,-0.00522167987806008
0.235,-2.15657152538828e-15
0.235125,0.00522167987805822
0.23525,0.00738457050192217
0.235375,0.00522167987805954
0.2355,1.39665320005799e-15
0.235625,-0.00522167987805875
0.23575,-0.00738457050192217
0.235875,-0.00522167987806019
0.236,-2.31579181131941e-15
0.236125,0.0052216798780581
0.23625,0.00738457050192217
0.236375,0.00522167987805965
0.2365,1.55587348598911e-15
0.236625,-0.00522167987805864
0.23675,-0.00738457050192217
0.236875,-0.0052216798780603
0.237,-2.47501209725053e-15
0.237125,0.00522167987805918
0.23725,0.00738457050192217
0.237375,0.00522167987805977
0.2375,1.71509377192024e-15
0.237625,-0.00522167987805853
0.23775,-0.00738457050192217
0.237875,-0.00522167987806042
0.238,-9.55175446589942e-16
0.238125,0.00522167987805907
0.23825,0.00738457050192217
0.238375,0.00522167987805988
0.2385,1.87431405785136e-15
0.238625,-0.00522167987805842
0.23875,-0.00738457050192217
0.238875,-0.00522167987806053
0.239,-1.11439573252107e-15
0.239125,0.00522167987805895
0.23925,0.00738457050192217
0.239375,0.00522167987805999
0.2395,2.03353434378249e-15
0.239625,-0.0052216798780583
0.23975,-0.00738457050192217
0.239875,-0.00522167987805945
0.24,-1.27361601845219e-15
0.240125,0.00522167987805884
0.24025,0.00738457050192217
0.240375,0.00522167987806011
0.2405,2.19275462971361e-15
0.240625,-0.00522167987805819
0.24075,-0.00738457050192217
0.240875,-0.00522167987805957
0.241,-1.43283630438332e-15
0.241125,0.00522167987805873
0.24125,0.00738457050192217
0.241375,0.00522167987806022
0.2415,6.7291797905302e-16
0.241625,-0.00522167987805927
0.24175,-0.00738457050192217
0.241875,-0.00522167987805968
0.242,-1.59205659031444e-15
0.242125,0.00522167987805862
0.24225,0.00738457050192217
0.242375,0.00522167987806033
0.2425,8.32138264984145e-16
0.242625,-0.00522167987805915
0.24275,-0.00738457050192217
0.242875,-0.00522167987805979
0.243,-1.75127687624557e-15
0.243125,0.0052216798780585
0.24325,0.00738457050192217
0.243375,0.00522167987806044
0.2435,9.9135855091527e-16
0.243625,-0.00522167987805904
0.24375,-0.00738457050192217
0.243875,-0.00522167987805991
0.244,-1.91049716217669e-15
0.244125,0.00522167987805839
0.24425,0.00738457050192217
0.244375,0.00522167987805937
0.2445,1.15057883684639e-15
0.244625,-0.00522167987805893
0.24475,-0.00738457050192217
0.244875,-0.00522167987806002
0.245,-2.06971744810782e-15
0.245125,0.00522167987805828
0.24525,0.00738457050192217
0.245375,0.00522167987805948
0.2455,1.30979912277752e-15
0.245625,-0.00522167987805882
0.24575,-0.00738457050192217
0.245875,-0.00522167987806013
0.246,-5.49880797447224e-16
0.246125,0.00522167987805935
0.24625,0.00738457050192217
0.246375,0.00522167987805959
0.2465,1.46901940870864e-15
0.246625,-0.0052216798780587
0.24675,-0.00738457050192217
0.246875,-0.00522167987806024
0.247,-7.09101083378349e-16
0.247125,0.00522167987805924
0.24725,0.00738457050192217
0.247375,0.00522167987805971
0.2475,1.62823969463977e-15
0.247625,-0.00522167987805859
0.24775,-0.00738457050192217
0.247875,-0.00522167987805917
0.248,-8.68321369309473e-16
0.248125,0.00522167987805913
0.24825,0.00738457050192217
0.248375,0.00522167987805982
0.2485,1.78745998057089e-15
0.248625,-0.00522167987805848
0.24875,-0.00738457050192217
0.248875,-0.00522167987805928
0.249,-1.0275416552406e-15
0.249125,0.00522167987805902
0.24925,0.00738457050192217
0.249375,0.00522167987805993
0.2495,1.94668026650202e-15
0.249625,-0.00522167987805836
0.24975,-0.00738457050192217
0.249875,-0.00522167987805939
0.25,-1.18676194117172e-15
0.250125,0.00522167987805772
0.25025,0.00738457050192217
0.250375,0.00522167987806004
0.2505,4.26843615841427e-16
0.250625,-0.00522167987805825
0.25075,-0.00738457050192217
0.250875,-0.00522167987805951
0.251,-1.34598222710285e-15
0.251125,0.0052216798780576
0.25125,0.00738457050192217
0.251375,0.00522167987806016
0.2515,5.86063901772552e-16
0.251625,-0.00522167987805814
0.25175,-0.00738457050192217
0.251875,-0.00522167987805962
0.252,-1.50520251303397e-15
0.252125,0.00522167987805749
0.25225,0.00738457050192217
0.252375,0.00522167987805908
0.2525,7.45284187703677e-16
0.252625,-0.00522167987805803
0.25275,-0.00738457050192217
0.252875,-0.00522167987805973
0.253,-1.6644227989651e-15
0.253125,0.00522167987805856
0.25325,0.00738457050192217
0.253375,0.00522167987805919
0.2535,9.04504473634801e-16
0.253625,-0.00522167987805791
0.25375,-0.00738457050192217
0.253875,-0.00522167987805984
0.254,-1.82364308489622e-15
0.254125,0.00522167987805845
0.25425,0.00738457050192217
0.254375,0.00522167987805931
0.2545,1.06372475956593e-15
0.254625,-0.0052216798780578
0.25475,-0.00738457050192217
0.254875,-0.00522167987805996
0.255,-3.03806434235631e-16
0.255125,0.00522167987805834
0.25525,0.00738457050192217
0.255375,0.00522167987805942
0.2555,1.22294504549705e-15
0.255625,-0.00522167987805769
0.25575,-0.00738457050192217
0.255875,-0.00522167987806007
0.256,-4.63026720166756e-16
0.256125,0.00522167987805823
0.25625,0.00738457050192217
0.256375,0.00522167987805953
0.2565,1.38216533142818e-15
0.256625,-0.00522167987805876
0.25675,-0.00738457050192217
0.256875,-0.00522167987805899
0.257,-6.2224700609788e-16
0.257125,0.00522167987805811
0.25725,0.00738457050192217
0.257375,0.00522167987805964
0.2575,1.5413856173593e-15
0.257625,-0.00522167987805865
0.25775,-0.00738457050192217
0.257875,-0.00522167987805911
0.258,-7.81467292029005e-16
0.258125,0.005221679878058
0.25825,0.00738457050192217
0.258375,0.00522167987805976
0.2585,1.70060590329043e-15
0.258625,-0.00522167987805854
0.25875,-0.00738457050192217
0.258875,-0.00522167987805922
0.259,-9.4068757796013e-16
0.259125,0.00522167987805789
0.25925,0.00738457050192217
0.259375,0.00522167987805987
0.2595,1.80769252629834e-16
0.259625,-0.00522167987805843
0.25975,-0.00738457050192217
0.259875,-0.00522167987805933
0.26,-1.09990786389125e-15
0.260125,0.00522167987805778
0.26025,0.00738457050192217
0.260375,0.00522167987805998
0.2605,3.39989538560959e-16
0.260625,-0.00522167987805831
0.26075,-0.00738457050192217
0.260875,-0.00522167987805944
0.261,-1.25912814982238e-15
0.261125,0.00522167987805885
0.26125,0.00738457050192217
0.261375,0.00522167987805891
0.2615,4.99209824492084e-16
0.261625,-0.0052216798780582
0.26175,-0.00738457050192217
0.261875,-0.00522167987805956
0.262,-1.4183484357535e-15
0.262125,0.00522167987805874
0.26225,0.00738457050192217
0.262375,0.00522167987805902
0.2625,6.58430110423209e-16
0.262625,-0.00522167987805809
0.26275,-0.00738457050192217
0.262875,-0.00522167987805967
0.263,1.01488214907087e-16
0.263125,0.00522167987805863
0.26325,0.00738457050192217
0.263375,0.00522167987805913
0.2635,8.17650396354333e-16
0.263625,-0.00522167987805798
0.26375,-0.00738457050192217
0.263875,-0.00522167987805978
0.264,-5.77320710240377e-17
0.264125,0.00522167987805851
0.26425,0.00738457050192217
0.264375,0.00522167987805925
0.2645,9.76870682285458e-16
0.264625,-0.00522167987805786
0.26475,-0.00738457050192217
0.264875,-0.0052216798780599
0.265,-2.16952356955162e-16
0.265125,0.0052216798780584
0.26525,0.00738457050192217
0.265375,0.00522167987805936
0.2655,1.13609096821658e-15
0.265625,-0.00522167987805894
0.26575,-0.00738457050192217
0.265875,-0.00522167987806119
0.266,-3.76172642886287e-16
0.266125,0.00522167987805829
0.26625,0.00738457050192217
0.266375,0.00522167987806066
0.2665,1.29531125414771e-15
0.266625,-0.00522167987805883
0.26675,-0.00738457050192217
0.266875,-0.00522167987806131
0.267,-5.35392928817412e-16
0.267125,0.00522167987805818
0.26725,0.00738457050192217
0.267375,0.00522167987806077
0.2675,-2.24525396512884e-16
0.267625,-0.00522167987805871
0.26775,-0.00738457050192217
0.267875,-0.00522167987806142
0.268,-6.94613214748537e-16
0.268125,0.00522167987805806
0.26825,0.00738457050192217
0.268375,0.00522167987806088
0.2685,-6.53051105817589e-17
0.268625,-0.0052216798780586
0.26875,-0.00738457050192217
0.268875,-0.00522167987806153
0.269,-8.53833500679662e-16
0.269125,0.00522167987805795
0.26925,0.00738457050192217
0.269375,0.005221679878061
0.2695,9.39151753493659e-17
0.269625,-0.00522167987805849
0.26975,-0.00738457050192217
0.269875,-0.00522167987806046
0.27,-1.01305378661079e-15
0.270125,0.00522167987805903
0.27025,0.00738457050192217
0.270375,0.00522167987806111
0.2705,2.53135461280491e-16
0.270625,-0.00522167987805838
0.27075,-0.00738457050192217
0.270875,-0.00522167987806057
0.271,-1.17227407254191e-15
0.271125,0.00522167987805891
0.27125,0.00738457050192217
0.271375,0.00522167987806122
0.2715,4.12355747211615e-16
0.271625,-0.00522167987805826
0.27175,-0.00738457050192217
0.271875,-0.00522167987806068
0.272,3.4756257811868e-16
0.272125,0.0052216798780588
0.27225,0.00738457050192217
0.272375,0.00522167987806133
0.2725,5.7157603314274e-16
0.272625,-0.00522167987805815
0.27275,-0.00738457050192217
0.272875,-0.0052216798780608
0.273,1.88342292187555e-16
0.273125,0.00522167987805869
0.27325,0.00738457050192217
0.273375,0.00522167987806145
0.2735,7.30796319073865e-16
0.273625,-0.00522167987805804
0.27375,-0.00738457050192217
0.273875,-0.00522167987806091
0.274,2.91220062564307e-17
0.274125,0.00522167987805858
0.27425,0.00738457050192217
0.274375,0.00522167987806037
0.2745,8.9001660500499e-16
0.274625,-0.00522167987805911
0.27475,-0.00738457050192217
0.274875,-0.00522167987806102
0.275,-1.30098279674694e-16
0.275125,0.00522167987805846
0.27525,0.00738457050192217
0.275375,0.00522167987806048
0.2755,1.04923689093611e-15
0.275625,-0.005221679878059
0.27575,-0.00738457050192217
0.275875,-0.00522167987806113
0.276,-2.89318565605819e-16
0.276125,0.00522167987805835
0.27625,0.00738457050192217
0.276375,0.0052216798780606
0.2765,-4.70599759724477e-16
0.276625,-0.00522167987805889
0.27675,-0.00738457050192217
0.276875,-0.00522167987806125
0.277,-4.48538851536944e-16
0.277125,0.00522167987805824
0.27725,0.00738457050192217
0.277375,0.00522167987806071
0.2775,-3.11379473793352e-16
0.277625,-0.00522167987805877
0.27775,-0.00738457050192217
0.277875,-0.00522167987806136
0.278,-6.07759137468068e-16
0.278125,0.00522167987805931
0.27825,0.00738457050192217
0.278375,0.00522167987806082
0.2785,-1.52159187862227e-16
0.278625,-0.00522167987805866
0.27875,-0.00738457050192217
0.278875,-0.00522167987806028
0.279,-7.66979423399193e-16
0.279125,0.0052216798780592
0.27925,0.00738457050192217
0.279375,0.00522167987806093
0.2795,7.06109806889752e-18
0.279625,-0.00522167987805855
0.27975,-0.00738457050192217
0.279875,-0.0052216798780604
0.28,-9.26199709330318e-16
0.280125,0.00522167987805909
0.28025,0.00738457050192217
0.280375,0.00522167987806105
0.2805,1.66281384000022e-16
0.280625,-0.00522167987805844
0.28075,-0.00738457050192217
0.280875,-0.00522167987806051
0.281,5.93636941330273e-16
0.281125,0.00522167987805897
0.28125,0.00738457050192217
0.281375,0.00522167987806116
0.2815,2.00455860652286e-15
0.281625,-0.00522167987805832
0.28175,-0.00738457050192217
0.281875,-0.00522167987806062
0.282,-2.92369721778428e-15
0.282125,0.00522167987805886
0.28225,0.00738457050192217
0.282375,0.00522167987806127
0.2825,2.16377889245399e-15
0.282625,-0.0052216798780594
0.28275,-0.00738457050192217
0.282875,-0.00522167987806073
0.283,-3.08291750371541e-15
0.283125,0.00522167987805875
0.28325,0.00738457050192217
0.283375,0.0052216798780602
0.2835,2.32299917838511e-15
0.283625,-0.00522167987805929
0.28375,-0.00738457050192217
0.283875,-0.00522167987806085
0.284,-3.24213778964653e-15
0.284125,0.00522167987805864
0.28425,0.00738457050192217
0.284375,0.00522167987806031
0.2845,2.48221946431624e-15
0.284625,-0.00522167987805917
0.28475,-0.00738457050192217
0.284875,-0.00522167987806096
0.285,-1.72230113898594e-15
0.285125,0.00522167987805852
0.28525,0.00738457050192217
0.285375,0.00522167987806042
0.2855,2.64143975024736e-15
0.285625,-0.00522167987805906
0.28575,-0.00738457050192217
0.285875,-0.00522167987806107
0.286,-1.88152142491707e-15
0.286125,0.00522167987805841
0.28625,0.00738457050192217
0.286375,0.00522167987806053
0.2865,2.80066003617849e-15
0.286625,-0.00522167987805895
0.28675,-0.00738457050192217
0.286875,-0.00522167987806
0.287,-2.04074171084819e-15
0.287125,0.00522167987805949
0.28725,0.00738457050192217
0.287375,0.00522167987806065
0.2875,2.95988032210961e-15
0.287625,-0.00522167987805884
0.28775,-0.00738457050192217
0.287875,-0.00522167987806011
0.288,-2.19996199677932e-15
0.288125,0.00522167987805937
0.28825,0.00738457050192217
0.288375,0.00522167987806076
0.2885,3.11910060804074e-15
0.288625,-0.00522167987805872
0.28875,-0.00738457050192217
0.288875,-0.00522167987806022
0.289,-2.35918228271044e-15
0.289125,0.00522167987805926
0.28925,0.00738457050192217
0.289375,0.00522167987806087
0.2895,1.59926395738015e-15
0.289625,-0.00522167987805861
0.28975,-0.00738457050192217
0.289875,-0.00522167987806034
0.29,-2.51840256864157e-15
0.290125,0.00522167987805915
0.29025,0.00738457050192217
0.290375,0.00522167987806098
0.2905,1.75848424331127e-15
0.290625,-0.0052216798780585
0.29075,-0.00738457050192217
0.290875,-0.00522167987806045
0.291,-2.67762285457269e-15
0.291125,0.00522167987805904
0.29125,0.00738457050192217
0.291375,0.00522167987805991
0.2915,1.91770452924239e-15
0.291625,-0.00522167987805957
0.29175,-0.00738457050192217
0.291875,-0.00522167987806056
0.292,-2.83684314050382e-15
0.292125,0.00522167987805892
0.29225,0.00738457050192217
0.292375,0.00522167987806002
0.2925,2.07692481517352e-15
0.292625,-0.00522167987805946
0.29275,-0.00738457050192217
0.292875,-0.00522167987806067
0.293,-2.99606342643494e-15
0.293125,0.00522167987805881
0.29325,0.00738457050192217
0.293375,0.00522167987806014
0.2935,2.23614510110464e-15
0.293625,-0.00522167987805935
0.29375,-0.00738457050192217
0.293875,-0.00522167987806079
0.294,-1.47622677577435e-15
0.294125,0.0052216798780587
0.29425,0.00738457050192217
0.294375,0.00522167987806025
0.2945,2.39536538703577e-15
0.294625,-0.00522167987805924
0.29475,-0.00738457050192217
0.294875,-0.0052216798780609
0.295,-1.63544706170547e-15
0.295125,0.00522167987805977
0.29525,0.00738457050192217
0.295375,0.00522167987806036
0.2955,2.55458567296689e-15
0.295625,-0.00522167987805912
0.29575,-0.00738457050192217
0.295875,-0.00522167987805982
0.296,-1.7946673476366e-15
0.296125,0.00522167987805966
0.29625,0.00738457050192217
0.296375,0.00522167987806047
0.2965,2.71380595889802e-15
0.296625,-0.00522167987805901
0.29675,-0.00738457050192217
0.296875,-0.00522167987805994
0.297,-1.95388763356772e-15
0.297125,0.00522167987805717
0.29725,0.00738457050192217
0.297375,0.00522167987806059
0.2975,1.19396930823743e-15
0.297625,-0.00522167987805771
0.29775,-0.00738457050192217
0.297875,-0.00522167987806005
0.298,-2.11310791949885e-15
0.298125,0.00522167987805706
0.29825,0.00738457050192217
0.298375,0.0052216798780607
0.2985,1.35318959416855e-15
0.298625,-0.0052216798780576
0.29875,-0.00738457050192217
0.298875,-0.00522167987806016
0.299,-2.27232820542997e-15
0.299125,0.00522167987805695
0.29925,0.00738457050192217
0.299375,0.00522167987806081
0.2995,1.51240988009968e-15
0.299625,-0.00522167987805749
0.29975,-0.00738457050192217
0.299875,-0.00522167987806027
0.3,-2.4315484913611e-15
0.300125,0.00522167987805802
0.30025,0.00738457050192217
0.300375,0.00522167987805974
0.3005,1.6716301660308e-15
0.300625,-0.00522167987805737
0.30075,-0.00738457050192217
0.300875,-0.00522167987806039
0.301,-2.59076877729222e-15
0.301125,0.00522167987805791
0.30125,0.00738457050192217
0.301375,0.00522167987805985
0.3015,1.83085045196193e-15
0.301625,-0.00522167987805726
0.30175,-0.00738457050192217
0.301875,-0.0052216798780605
0.302,-1.07093212663163e-15
0.302125,0.0052216798780578
0.30225,0.00738457050192217
0.302375,0.00522167987805996
0.3025,1.99007073789305e-15
0.302625,-0.00522167987805715
0.30275,-0.00738457050192217
0.302875,-0.00522167987806061
0.303,-1.23015241256276e-15
0.303125,0.00522167987805768
0.30325,0.00738457050192217
0.303375,0.00522167987806007
0.3035,2.14929102382418e-15
0.303625,-0.00522167987805703
0.30375,-0.00738457050192217
0.303875,-0.00522167987805954
0.304,-1.38937269849388e-15
0.304125,0.00522167987805757
0.30425,0.00738457050192217
0.304375,0.00522167987806019
0.3045,2.3085113097553e-15
0.304625,-0.00522167987805811
0.30475,-0.00738457050192217
0.304875,-0.00522167987805965
0.305,-1.548592984425e-15
0.305125,0.00522167987805746
0.30525,0.00738457050192217
0.305375,0.0052216798780603
0.3055,2.46773159568643e-15
0.305625,-0.005221679878058
0.30575,-0.00738457050192217
0.305875,-0.00522167987805976
0.306,-1.70781327035613e-15
0.306125,0.00522167987805735
0.30625,0.00738457050192217
0.306375,0.00522167987806041
0.3065,9.47894945025834e-16
0.306625,-0.00522167987805788
0.30675,-0.00738457050192217
0.306875,-0.00522167987805987
0.307,-1.86703355628725e-15
0.307125,0.00522167987805723
0.30725,0.00738457050192217
0.307375,0.00522167987806052
0.3075,1.10711523095696e-15
0.307625,-0.00522167987805777
0.30775,-0.00738457050192217
0.307875,-0.00522167987805999
0.308,-2.02625384221838e-15
0.308125,0.00522167987805712
0.30825,0.00738457050192217
0.308375,0.00522167987805945
0.3085,1.26633551688808e-15
0.308625,-0.00522167987805766
0.30875,-0.00738457050192217
0.308875,-0.0052216798780601
0.309,-2.1854741281495e-15
0.309125,0.0052216798780582
0.30925,0.00738457050192217
0.309375,0.00522167987805956
0.3095,1.42555580281921e-15
0.309625,-0.00522167987805755
0.30975,-0.00738457050192217
0.309875,-0.00522167987806021
0.31,-2.34469441408063e-15
0.310125,0.00522167987805808
0.31025,0.00738457050192217
0.310375,0.00522167987805968
0.3105,1.58477608875033e-15
0.310625,-0.00522167987805743
0.31075,-0.00738457050192217
0.310875,-0.00522167987806032
0.311,-8.24857763420037e-16
0.311125,0.00522167987805797
0.31125,0.00738457050192217
0.311375,0.00522167987805979
0.3115,1.74399637468146e-15
0.311625,-0.00522167987805732
0.31175,-0.00738457050192217
0.311875,-0.00522167987806044
0.312,-9.84078049351162e-16
0.312125,0.00522167987805786
0.31225,0.00738457050192217
0.312375,0.0052216798780599
0.3125,1.90321666061258e-15
0.312625,-0.0052216798780584
0.31275,-0.00738457050192217
0.312875,-0.00522167987805936
0.313,-1.14329833528229e-15
0.313125,0.00522167987805775
0.31325,0.00738457050192217
0.313375,0.00522167987806001
0.3135,2.06243694654371e-15
0.313625,-0.00522167987805828
0.31375,-0.00738457050192217
0.313875,-0.00522167987805948
0.314,-1.30251862121341e-15
0.314125,0.00522167987805763
0.31425,0.00738457050192217
0.314375,0.00522167987806013
0.3145,2.22165723247483e-15
0.314625,-0.00522167987805817
0.31475,-0.00738457050192217
0.314875,-0.00522167987805959
0.315,-1.46173890714454e-15
0.315125,0.00522167987805752
0.31525,0.00738457050192217
0.315375,0.00522167987806024
0.3155,7.01820581814241e-16
0.315625,-0.00522167987805806
0.31575,-0.00738457050192217
0.315875,-0.0052216798780597
0.316,-1.62095919307566e-15
0.316125,0.00522167987805741
0.31625,0.00738457050192217
0.316375,0.00522167987806035
0.3165,8.61040867745366e-16
0.316625,-0.00522167987805795
0.31675,-0.00738457050192217
0.316875,-0.00522167987805981
0.317,-1.78017947900679e-15
0.317125,0.00522167987805848
0.31725,0.00738457050192217
0.317375,0.00522167987805928
0.3175,1.02026115367649e-15
0.317625,-0.00522167987805783
0.31775,-0.00738457050192217
0.317875,-0.00522167987805993
0.318,-1.93939976493791e-15
0.318125,0.00522167987805837
0.31825,0.00738457050192217
0.318375,0.00522167987805939
0.3185,1.17948143960762e-15
0.318625,-0.00522167987805772
0.31875,-0.00738457050192217
0.318875,-0.00522167987806004
0.319,-4.1956311427732e-16
0.319125,0.00522167987805826
0.31925,0.00738457050192217
0.319375,0.0052216798780595
0.3195,1.33870172553874e-15
0.319625,-0.00522167987805761
0.31975,-0.00738457050192217
0.319875,-0.00522167987806015
0.32,-5.78783400208444e-16
0.320125,0.00522167987805815
0.32025,0.00738457050192217
0.320375,0.00522167987805961
0.3205,1.49792201146986e-15
0.320625,-0.00522167987805749
0.32075,-0.00738457050192217
0.320875,-0.00522167987806026
0.321,-7.38003686139569e-16
0.321125,0.00522167987805803
0.32125,0.00738457050192217
0.321375,0.00522167987805973
0.3215,1.65714229740099e-15
0.321625,-0.00522167987805857
0.32175,-0.00738457050192217
0.321875,-0.00522167987805919
0.322,-8.97223972070694e-16
0.322125,0.00522167987805792
0.32225,0.00738457050192217
0.322375,0.00522167987805984
0.3225,1.81636258333211e-15
0.322625,-0.00522167987805846
0.32275,-0.00738457050192217
0.322875,-0.0052216798780593
0.323,-1.05644425800182e-15
0.323125,0.00522167987805781
0.32325,0.00738457050192217
0.323375,0.00522167987805995
0.3235,2.96525932671523e-16
0.323625,-0.00522167987805834
0.32375,-0.00738457050192217
0.323875,-0.00522167987805941
0.324,-1.21566454393294e-15
0.324125,0.0052216798780577
0.32425,0.00738457050192217
0.324375,0.00522167987806006
0.3245,4.55746218602648e-16
0.324625,-0.00522167987805823
0.32475,-0.00738457050192217
0.324875,-0.00522167987805953
0.325,-1.37488482986407e-15
0.325125,0.00522167987805758
0.32525,0.00738457050192217
0.325375,0.00522167987805899
0.3255,6.14966504533773e-16
0.325625,-0.00522167987805812
0.32575,-0.00738457050192217
0.325875,-0.00522167987805964
0.326,-1.53410511579519e-15
0.326125,0.00522167987805866
0.32625,0.00738457050192217
0.326375,0.0052216798780591
0.3265,2.45324372705661e-15
0.326625,-0.00522167987805801
0.32675,-0.00738457050192217
0.326875,-0.00522167987805975
0.327,-1.42684651346018e-17
0.327125,0.00522167987805736
0.32725,0.00738457050192217
0.327375,0.0052216798780604
0.3275,9.33407076396022e-16
0.327625,-0.00522167987805908
0.32775,-0.00738457050192217
0.327875,-0.00522167987805868
0.328,-1.85254568765744e-15
0.328125,0.00522167987805843
0.32825,0.00738457050192217
0.328375,0.0052216798780617
0.3285,-5.86429574264569e-16
0.328625,-0.00522167987805778
0.32875,-0.00738457050192217
0.328875,-0.00522167987806235
0.329,-3.32709036996851e-16
0.329125,0.00522167987805713
0.32925,0.00738457050192217
0.329375,0.00522167987806063
0.3295,1.25184764825827e-15
0.329625,-0.00522167987805886
0.32975,-0.00738457050192217
0.329875,-0.00522167987806128
0.33,-2.17098625951969e-15
0.330125,0.00522167987805821
0.33025,0.00738457050192217
0.330375,0.00522167987806193
0.3305,-2.67989002402319e-16
0.330625,-0.00522167987805756
0.33075,-0.00738457050192217
0.330875,-0.0052216798780602
0.331,-6.51149608859101e-16
0.331125,0.00522167987805928
0.33125,0.00738457050192217
0.331375,0.00522167987806085
0.3315,1.57028822012052e-15
0.331625,-0.00522167987805863
0.33175,-0.00738457050192217
0.331875,-0.0052216798780615
0.332,8.6868704180149e-16
0.332125,0.00522167987805798
0.33225,0.00738457050192217
0.332375,0.00522167987806215
0.3325,5.045156945993e-17
0.332625,-0.00522167987805733
0.33275,-0.00738457050192217
0.332875,-0.00522167987806043
0.333,-9.6959018072135e-16
0.333125,0.00522167987805906
0.33325,0.00738457050192217
0.333375,0.00522167987806108
0.3335,1.88872879198277e-15
0.333625,-0.00522167987805841
0.33375,-0.00738457050192217
0.333875,-0.00522167987806173
0.334,5.50246469939241e-16
0.334125,0.00522167987805776
0.33425,0.00738457050192217
0.334375,0.00522167987806
0.3345,3.6889214132218e-16
0.334625,-0.00522167987805948
0.33475,-0.00738457050192217
0.334875,-0.00522167987806065
0.335,-1.2880307525836e-15
0.335125,0.00522167987805883
0.33525,0.00738457050192217
0.335375,0.0052216798780613
0.3355,2.20716936384502e-15
0.335625,-0.00522167987805818
0.33575,-0.00738457050192217
0.335875,-0.00522167987806195
0.336,2.31805898076991e-16
0.336125,0.00522167987805753
0.33625,0.00738457050192217
0.336375,0.00522167987806023
0.3365,6.87332713184429e-16
0.336625,-0.00522167987805926
0.33675,-0.00738457050192217
0.336875,-0.00522167987806088
0.337,-1.60647132444585e-15
0.337125,0.00522167987805861
0.33725,0.00738457050192217
0.337375,0.00522167987806153
0.3375,-8.32503937476162e-16
0.337625,-0.00522167987805796
0.33775,-0.00738457050192217
0.337875,-0.00522167987806218
0.338,-8.66346737852582e-17
0.338125,0.00522167987805731
0.33825,0.00738457050192217
0.338375,0.00522167987806045
0.3385,1.00577328504668e-15
0.338625,-0.00522167987805903
0.33875,-0.00738457050192217
0.338875,-0.0052216798780611
0.339,-1.9249118963081e-15
0.339125,0.00522167987805838
0.33925,0.00738457050192217
0.339375,0.00522167987806175
0.3395,-5.14063365613913e-16
0.339625,-0.00522167987805773
0.33975,-0.00738457050192217
0.339875,-0.00522167987806003
0.34,-4.05075245647508e-16
0.340125,0.00522167987805945
0.34025,0.00738457050192217
0.340375,0.00522167987806068
0.3405,1.32421385690893e-15
0.340625,-0.00522167987805881
0.34075,-0.00738457050192217
0.340875,-0.00522167987806133
0.341,1.11476140501308e-15
0.341125,0.00522167987805815
0.34125,0.00738457050192217
0.341375,0.00522167987806198
0.3415,-1.95622793751663e-16
0.341625,-0.00522167987805751
0.34175,-0.00738457050192217
0.341875,-0.00522167987806025
0.342,-7.23515817509757e-16
0.342125,0.00522167987805923
0.34225,0.00738457050192217
0.342375,0.0052216798780609
0.3425,1.64265442877118e-15
0.342625,-0.00522167987805858
0.34275,-0.00738457050192217
0.342875,-0.00522167987806155
0.343,7.96320833150834e-16
0.343125,0.00522167987805793
0.34325,0.00738457050192217
0.343375,0.00522167987805983
0.3435,1.22817778110586e-16
0.343625,-0.00522167987805965
0.34375,-0.00738457050192217
0.343875,-0.00522167987806048
0.344,-4.40007026255544e-15
0.344125,0.005221679878059
0.34425,0.00738457050192217
0.344375,0.00522167987806113
0.3445,1.96109500063343e-15
0.344625,-0.00522167987805836
0.34475,-0.00738457050192217
0.344875,-0.00522167987806178
0.345,-2.88023361189485e-15
0.345125,0.0052216798780577
0.34525,0.00738457050192217
0.345375,0.00522167987806005
0.3455,3.79937222315627e-15
0.345625,-0.00522167987805943
0.34575,-0.00738457050192217
0.345875,-0.0052216798780607
0.346,-1.36039696123426e-15
0.346125,0.00522167987805878
0.34625,0.00738457050192217
0.346375,0.00522167987806135
0.3465,2.27953557249568e-15
0.346625,-0.00522167987805813
0.34675,-0.00738457050192217
0.346875,-0.005221679878062
0.347,-3.1986741837571e-15
0.347125,0.00522167987805985
0.34725,0.00738457050192217
0.347375,0.00522167987806028
0.3475,4.11781279501852e-15
0.347625,-0.0052216798780592
0.34775,-0.00738457050192217
0.347875,-0.00522167987806093
0.348,-1.67883753309651e-15
0.348125,0.00522167987805856
0.34825,0.00738457050192217
0.348375,0.00522167987806158
0.3485,2.59797614435793e-15
0.348625,-0.0052216798780579
0.34875,-0.00738457050192217
0.348875,-0.00522167987805985
0.349,-3.51711475561935e-15
0.349125,0.00522167987805963
0.34925,0.00738457050192217
0.349375,0.0052216798780605
0.3495,1.07813949369733e-15
0.349625,-0.00522167987805898
0.34975,-0.00738457050192217
0.349875,-0.00522167987806115
0.35,-1.99727810495876e-15
0.350125,0.00522167987805833
0.35025,0.00738457050192217
0.350375,0.0052216798780618
0.3505,2.91641671622018e-15
0.350625,-0.00522167987805768
0.35075,-0.00738457050192217
0.350875,-0.00522167987806008
0.351,-3.8355553274816e-15
0.351125,0.0052216798780594
0.35125,0.00738457050192217
0.351375,0.00522167987806073
0.3515,1.39658006555958e-15
0.351625,-0.00522167987805875
0.35175,-0.00738457050192217
0.351875,-0.00522167987806138
0.352,-2.315718676821e-15
0.352125,0.0052216798780581
0.35225,0.00738457050192217
0.352375,0.00522167987805965
0.3525,3.23485728808243e-15
0.352625,-0.00522167987805983
0.35275,-0.00738457050192217
0.352875,-0.0052216798780603
0.353,-4.15399589934385e-15
0.353125,0.00522167987805918
0.35325,0.00738457050192217
0.353375,0.00522167987806095
0.3535,1.71502063742183e-15
0.353625,-0.00522167987805853
0.35375,-0.00738457050192217
0.353875,-0.0052216798780616
0.354,-2.63415924868325e-15
0.354125,0.00522167987805788
0.35425,0.00738457050192217
0.354375,0.00522167987805988
0.3545,3.55329785994467e-15
0.354625,-0.0052216798780596
0.35475,-0.00738457050192217
0.354875,-0.00522167987806053
0.355,-1.11432259802266e-15
0.355125,0.00522167987805895
0.35525,0.00738457050192217
0.355375,0.00522167987806118
0.3555,2.03346120928408e-15
0.355625,-0.0052216798780583
0.35575,-0.00738457050192217
0.355875,-0.00522167987805945
0.356,-2.9525998205455e-15
0.356125,0.00522167987806003
0.35625,0.00738457050192217
0.356375,0.0052216798780601
0.3565,3.87173843180692e-15
0.356625,-0.00522167987805938
0.35675,-0.00738457050192217
0.356875,-0.00522167987806076
0.357,-1.43276316988491e-15
0.357125,0.00522167987805873
0.35725,0.00738457050192217
0.357375,0.0052216798780614
0.3575,2.35190178114633e-15
0.357625,-0.00522167987805808
0.35775,-0.00738457050192217
0.357875,-0.00522167987805968
0.358,-3.27104039240775e-15
0.358125,0.0052216798780598
0.35825,0.00738457050192217
0.358375,0.00522167987806033
0.3585,8.32065130485742e-16
0.358625,-0.00522167987805915
0.35875,-0.00738457050192217
0.358875,-0.00522167987806098
0.359,-1.75120374174716e-15
0.359125,0.0052216798780585
0.35925,0.00738457050192217
0.359375,0.00522167987806163
0.3595,2.67034235300858e-15
0.359625,-0.00522167987805785
0.35975,-0.00738457050192217
0.359875,-0.00522167987805991
0.36,-3.58948096427e-15
0.360125,0.0052216798780572
0.36025,0.00738457050192217
0.360375,0.00522167987806056
0.3605,1.15050570234799e-15
0.360625,-0.00522167987805655
0.36075,-0.00738457050192217
0.360875,-0.0052216798780612
0.361,-2.06964431360941e-15
0.361125,0.00522167987805828
0.36125,0.00738457050192217
0.361375,0.00522167987805948
0.3615,2.98878292487083e-15
0.361625,-0.00522167987805763
0.36175,-0.00738457050192217
0.361875,-0.00522167987806013
0.362,-3.90792153613225e-15
0.362125,0.00522167987805698
0.36225,0.00738457050192217
0.362375,0.00522167987806078
0.3625,1.46894627421024e-15
0.362625,-0.00522167987805633
0.36275,-0.00738457050192217
0.362875,-0.00522167987806143
0.363,-2.38808488547166e-15
0.363125,0.00522167987805805
0.36325,0.00738457050192217
0.363375,0.00522167987805971
0.3635,3.30722349673308e-15
0.363625,-0.0052216798780574
0.36375,-0.00738457050192217
0.363875,-0.00522167987806036
0.364,-8.6824823481107e-16
0.364125,0.00522167987805675
0.36425,0.00738457050192217
0.364375,0.00522167987806101
0.3645,1.78738684607249e-15
0.364625,-0.00522167987805848
0.36475,-0.00738457050192217
0.364875,-0.00522167987805928
0.365,-2.70652545733391e-15
0.365125,0.00522167987805783
0.36525,0.00738457050192217
0.365375,0.00522167987805993
0.3655,3.62566406859533e-15
0.365625,-0.00522167987805718
0.36575,-0.00738457050192217
0.365875,-0.00522167987806058
0.366,-1.18668880667332e-15
0.366125,0.00522167987805653
0.36625,0.00738457050192217
0.366375,0.00522167987806123
0.3665,2.10582741793474e-15
0.366625,-0.00522167987805825
0.36675,-0.00738457050192217
0.366875,-0.00522167987805951
0.367,-3.02496602919616e-15
0.367125,0.0052216798780576
0.36725,0.00738457050192217
0.367375,0.00522167987806016
0.3675,5.85990767274149e-16
0.367625,-0.00522167987805695
0.36775,-0.00738457050192217
0.367875,-0.00522167987806081
0.368,-1.50512937853557e-15
0.368125,0.0052216798780563
0.36825,0.00738457050192217
0.368375,0.00522167987806146
0.3685,2.42426798979699e-15
0.368625,-0.00522167987805803
0.36875,-0.00738457050192217
0.368875,-0.00522167987805973
0.369,-3.34340660105841e-15
0.369125,0.00522167987805738
0.36925,0.00738457050192217
0.369375,0.00522167987806038
0.3695,9.04431339136398e-16
0.369625,-0.00522167987805673
0.36975,-0.00738457050192217
0.369875,-0.00522167987806103
0.37,-1.82356995039782e-15
0.370125,0.00522167987805845
0.37025,0.00738457050192217
0.370375,0.00522167987805931
0.3705,2.74270856165924e-15
0.370625,-0.0052216798780578
0.37075,-0.00738457050192217
0.370875,-0.00522167987805996
0.371,-3.03733299737227e-16
0.371125,0.00522167987805715
0.37125,0.00738457050192217
0.371375,0.00522167987806061
0.3715,1.22287191099865e-15
0.371625,-0.0052216798780565
0.37175,-0.00738457050192217
0.371875,-0.00522167987806126
0.372,-2.14201052226007e-15
0.372125,0.00522167987805823
0.37225,0.00738457050192217
0.372375,0.00522167987805953
0.3725,3.06114913352149e-15
0.372625,-0.00522167987805758
0.37275,-0.00738457050192217
0.372875,-0.00522167987806018
0.373,-6.22173871599477e-16
0.373125,0.00522167987805693
0.37325,0.00738457050192217
0.373375,0.00522167987806083
0.3735,1.5413124828609e-15
0.373625,-0.00522167987805865
0.37375,-0.00738457050192217
0.373875,-0.00522167987805911
0.374,-2.46045109412232e-15
0.374125,0.005221679878058
0.37425,0.00738457050192217
0.374375,0.00522167987805976
0.3745,3.37958970538374e-15
0.374625,-0.00522167987805735
0.37475,-0.00738457050192217
0.374875,-0.00522167987806041
0.375,-9.40614443461726e-16
0.375125,0.0052216798780567
0.37525,0.00738457050192217
0.375375,0.00522167987806106
0.3755,1.85975305472315e-15
0.375625,-0.00522167987805843
0.37575,-0.00738457050192217
0.375875,-0.00522167987805933
0.376,-2.77889166598457e-15
0.376125,0.00522167987805778
0.37625,0.00738457050192217
0.376375,0.00522167987805998
0.3765,3.39916404062556e-16
0.376625,-0.00522167987805713
0.37675,-0.00738457050192217
0.376875,-0.00522167987806063
0.377,-1.25905501532398e-15
0.377125,0.00522167987805648
0.37725,0.00738457050192217
0.377375,0.00522167987805891
0.3775,2.1781936265854e-15
0.377625,-0.0052216798780582
0.37775,-0.00738457050192217
0.377875,-0.00522167987805956
0.378,-3.09733223784682e-15
0.378125,0.00522167987805755
0.37825,0.00738457050192217
0.378375,0.00522167987806021
0.3785,6.58356975924805e-16
0.378625,-0.0052216798780569
0.37875,-0.00738457050192217
0.378875,-0.00522167987806086
0.379,-1.57749558718623e-15
0.379125,0.00522167987805863
0.37925,0.00738457050192217
0.379375,0.00522167987805913
0.3795,2.49663419844765e-15
0.379625,-0.00522167987805798
0.37975,-0.00738457050192217
0.379875,-0.00522167987805978
0.38,-5.76589365256343e-17
0.380125,0.00522167987805733
0.38025,0.00738457050192217
0.380375,0.00522167987806043
0.3805,9.76797547787055e-16
0.380625,-0.00522167987805668
0.38075,-0.00738457050192217
0.380875,-0.00522167987806108
0.381,-1.89593615904848e-15
0.381125,0.0052216798780584
0.38125,0.00738457050192217
0.381375,0.00522167987805936
0.3815,2.8150747703099e-15
0.381625,-0.00522167987805775
0.38175,-0.00738457050192217
0.381875,-0.00522167987806001
0.382,-3.76099508387884e-16
0.382125,0.0052216798780571
0.38225,0.00738457050192217
0.382375,0.00522167987806066
0.3825,1.2952381196493e-15
0.382625,-0.00522167987805883
0.38275,-0.00738457050192217
0.382875,-0.00522167987805893
0.383,-2.21437673091072e-15
0.383125,0.00522167987805818
0.38325,0.00738457050192217
0.383375,0.00522167987805958
0.3835,3.13351534217214e-15
0.383625,-0.00522167987805753
0.38375,-0.00738457050192217
0.383875,-0.00522167987806023
0.384,-6.94540080250133e-16
0.384125,0.00522167987805688
0.38425,0.00738457050192217
0.384375,0.00522167987806088
0.3845,1.61367869151155e-15
0.384625,-0.0052216798780586
0.38475,-0.00738457050192217
0.384875,-0.00522167987805916
0.385,-2.53281730277297e-15
0.385125,0.00522167987805795
0.38525,0.00738457050192217
0.385375,0.00522167987805981
0.3855,9.38420408509625e-17
0.385625,-0.0052216798780573
0.38575,-0.00738457050192217
0.385875,-0.00522167987806046
0.386,-1.01298065211238e-15
0.386125,0.00522167987805903
0.38625,0.00738457050192217
0.386375,0.00522167987805873
0.3865,1.9321192633738e-15
0.386625,-0.00522167987805838
0.38675,-0.00738457050192217
0.386875,-0.00522167987805938
0.387,-2.85125787463522e-15
0.387125,0.00522167987805773
0.38725,0.00738457050192217
0.387375,0.00522167987806003
0.3875,4.12282612713212e-16
0.387625,-0.00522167987805708
0.38775,-0.00738457050192217
0.387875,-0.00522167987806068
0.388,-1.33142122397463e-15
0.388125,0.0052216798780588
0.38825,0.00738457050192217
0.388375,0.00522167987805896
0.3885,2.25055983523605e-15
0.388625,-0.00522167987805815
0.38875,-0.00738457050192217
0.388875,-0.00522167987805961
0.389,1.88415426685959e-16
0.389125,0.0052216798780575
0.38925,0.00738457050192217
0.389375,0.00522167987806026
0.3895,7.30723184575461e-16
0.389625,-0.00522167987805685
0.38975,-0.00738457050192217
0.389875,-0.00522167987806091
0.39,-1.64986179583688e-15
0.390125,0.00522167987805858
0.39025,0.00738457050192217
0.390375,0.00522167987805918
0.3905,2.5690004070983e-15
0.390625,-0.00522167987805793
0.39075,-0.00738457050192217
0.390875,-0.00522167987806221
0.391,-1.30025145176291e-16
0.391125,0.00522167987805728
0.39125,0.00738457050192217
0.391375,0.00522167987806048
0.3915,1.04916375643771e-15
0.391625,-0.005221679878059
0.39175,-0.00738457050192217
0.391875,-0.00522167987806113
0.392,-1.96830236769913e-15
0.392125,0.00522167987805835
0.39225,0.00738457050192217
0.392375,0.00522167987806178
0.3925,-4.7067289422288e-16
0.392625,-0.0052216798780577
0.39275,-0.00738457050192217
0.392875,-0.00522167987806243
0.393,-4.4846571703854e-16
0.393125,0.00522167987805705
0.39325,0.00738457050192217
0.393375,0.00522167987806071
0.3935,1.36760432829996e-15
0.393625,-0.00522167987805877
0.39375,-0.00738457050192217
0.393875,-0.00522167987806136
0.394,-2.28674293956138e-15
0.394125,0.00522167987805812
0.39425,0.00738457050192217
0.394375,0.00522167987806201
0.3945,-1.52232322360631e-16
0.394625,-0.00522167987805747
0.39475,-0.00738457050192217
0.394875,-0.00522167987806028
0.395,-7.6690628890079e-16
0.395125,0.0052216798780592
0.39525,0.00738457050192217
0.395375,0.00522167987806093
0.3955,1.68604490016221e-15
0.395625,-0.00522167987805855
0.39575,-0.00738457050192217
0.395875,-0.00522167987806158
0.396,-2.60518351142363e-15
0.396125,0.0052216798780579
0.39625,0.00738457050192217
0.396375,0.00522167987806223
0.3965,1.66208249501619e-16
0.396625,-0.00522167987805725
0.39675,-0.00738457050192217
0.396875,-0.00522167987806051
0.397,-1.08534686076304e-15
0.397125,0.00522167987805897
0.39725,0.00738457050192217
0.397375,0.00522167987806116
0.3975,2.00448547202446e-15
0.397625,-0.00522167987805832
0.39775,-0.00738457050192217
0.397875,-0.00522167987806181
0.398,4.34489789897552e-16
0.398125,0.00522167987805767
0.39825,0.00738457050192217
0.398375,0.00522167987806246
0.3985,4.84648821363868e-16
0.398625,-0.00522167987805702
0.39875,-0.00738457050192217
0.398875,-0.00522167987806073
0.399,-1.40378743262529e-15
0.399125,0.00522167987805875
0.39925,0.00738457050192217
0.399375,0.00522167987806138
0.3995,2.32292604388671e-15
0.399625,-0.0052216798780581
0.39975,-0.00738457050192217
0.399875,-0.00522167987806203
0.4,1.16049218035302e-16
0.400125,0.00522167987805745
0.40025,0.00738457050192217
0.400375,0.00522167987806031
0.4005,8.03089393226118e-16
0.400625,-0.00522167987805917
0.40075,-0.00738457050192217
0.400875,-0.00522167987806096
0.401,-1.72222800448754e-15
0.401125,0.00522167987805852
0.40125,0.00738457050192217
0.401375,0.00522167987806161
0.4015,-7.16747257434473e-16
0.401625,-0.00522167987805787
0.40175,-0.00738457050192217
0.401875,-0.00522167987806226
0.402,-2.02391353826947e-16
0.402125,0.00522167987805722
0.40225,0.00738457050192217
0.402375,0.00522167987806053
0.4025,1.12152996508837e-15
0.402625,-0.00522167987805895
0.40275,-0.00738457050192217
0.402875,-0.00522167987806118
0.403,-2.04066857634979e-15
0.403125,0.0052216798780583
0.40325,0.00738457050192217
0.403375,0.00522167987806183
0.4035,-3.98306685572224e-16
0.403625,-0.00522167987805765
0.40375,-0.00738457050192217
0.403875,-0.00522167987806011
0.404,-5.20831925689197e-16
0.404125,0.00522167987805937
0.40425,0.00738457050192217
0.404375,0.00522167987806076
0.4045,1.43997053695062e-15
0.404625,-0.00522167987805872
0.40475,-0.00738457050192217
0.404875,-0.00522167987806141
0.405,-2.35910914821204e-15
0.405125,0.00522167987805807
0.40525,0.00738457050192217
0.405375,0.00522167987806206
0.4055,-7.98661137099742e-17
0.405625,-0.00522167987805742
0.40575,-0.00738457050192217
0.405875,-0.00522167987806034
0.406,-8.39272497551446e-16
0.406125,0.00522167987805915
0.40625,0.00738457050192217
0.406375,0.00522167987806098
0.4065,1.75841110881287e-15
0.406625,-0.0052216798780585
0.40675,-0.00738457050192217
0.406875,-0.00522167987806164
0.407,-2.67754972007429e-15
0.407125,0.00522167987805785
0.40725,0.00738457050192217
0.407375,0.00522167987806228
0.4075,3.59668833133571e-15
0.407625,-0.00522167987805957
0.40775,-0.00738457050192217
0.407875,-0.00522167987806056
0.408,-4.51582694259713e-15
0.408125,0.00522167987805892
0.40825,0.00738457050192217
0.408375,0.00522167987806121
0.4085,2.07685168067512e-15
0.408625,-0.00522167987805827
0.40875,-0.00738457050192217
0.408875,-0.00522167987806186
0.409,-2.99599029193654e-15
0.409125,0.00522167987805762
0.40925,0.00738457050192217
0.409375,0.00522167987806014
0.4095,3.91512890319796e-15
0.409625,-0.00522167987805935
0.40975,-0.00738457050192217
0.409875,-0.00522167987806079
0.41,-1.47615364127595e-15
0.410125,0.0052216798780587
0.41025,0.00738457050192217
0.410375,0.00522167987806144
0.4105,2.39529225253737e-15
0.410625,-0.00522167987805805
0.41075,-0.00738457050192217
0.410875,-0.00522167987806209
0.411,-3.31443086379879e-15
0.411125,0.0052216798780574
0.41125,0.00738457050192217
0.411375,0.00522167987806036
0.4115,4.23356947506021e-15
0.411625,-0.00522167987805912
0.41175,-0.00738457050192217
0.411875,-0.00522167987806101
0.412,-1.79459421313819e-15
0.412125,0.00522167987805847
0.41225,0.00738457050192217
0.412375,0.00522167987806166
0.4125,2.71373282439961e-15
0.412625,-0.00522167987805782
0.41275,-0.00738457050192217
0.412875,-0.00522167987805994
0.413,-3.63287143566104e-15
0.413125,0.00522167987805955
0.41325,0.00738457050192217
0.413375,0.00522167987806059
0.4135,4.55201004692246e-15
0.413625,-0.0052216798780589
0.41375,-0.00738457050192217
0.413875,-0.00522167987806124
0.414,-2.11303478500044e-15
0.414125,0.00522167987805825
0.41425,0.00738457050192217
0.414375,0.00522167987806189
0.4145,3.03217339626186e-15
0.414625,-0.0052216798780576
0.41475,-0.00738457050192217
0.414875,-0.00522167987806016
0.415,-3.95131200752328e-15
0.415125,0.00522167987805932
0.41525,0.00738457050192217
0.415375,0.00522167987806081
0.4155,1.51233674560127e-15
0.415625,-0.00522167987805867
0.41575,-0.00738457050192217
0.415875,-0.00522167987806146
0.416,-2.43147535686269e-15
0.416125,0.00522167987805802
0.41625,0.00738457050192217
0.416375,0.00522167987805974
0.4165,3.35061396812411e-15
0.416625,-0.00522167987805975
0.41675,-0.00738457050192217
0.416875,-0.00522167987806039
0.417,-4.26975257938553e-15
0.417125,0.0052216798780591
0.41725,0.00738457050192217
0.417375,0.00522167987806104
0.4175,1.83077731746352e-15
0.417625,-0.00522167987805845
0.41775,-0.00738457050192217
0.417875,-0.00522167987806169
0.418,-2.74991592872494e-15
0.418125,0.0052216798780578
0.41825,0.00738457050192217
0.418375,0.00522167987805996
0.4185,3.66905453998636e-15
0.418625,-0.00522167987805952
0.41875,-0.00738457050192217
0.418875,-0.00522167987806061
0.419,-1.23007927806435e-15
0.419125,0.00522167987805887
0.41925,0.00738457050192217
0.419375,0.00522167987806126
0.4195,2.14921788932577e-15
0.419625,-0.00522167987805822
0.41975,-0.00738457050192217
0.419875,-0.00522167987806191
0.42,-3.06835650058719e-15
0.420125,0.00522167987805995
0.42025,0.00738457050192217
0.420375,0.00522167987806019
0.4205,3.98749511184861e-15
0.420625,-0.0052216798780593
0.42075,-0.00738457050192217
0.420875,-0.00522167987806084
0.421,-1.5485198499266e-15
0.421125,0.00522167987805865
0.42125,0.00738457050192217
0.421375,0.00522167987806149
0.4215,2.46765846118802e-15
0.421625,-0.005221679878058
0.42175,-0.00738457050192217
0.421875,-0.00522167987805976
0.422,-3.38679707244944e-15
0.422125,0.00522167987805735
0.42225,0.00738457050192217
0.422375,0.00522167987806041
0.4225,9.47821810527431e-16
0.422625,-0.0052216798780567
0.42275,-0.00738457050192217
0.422875,-0.00522167987806106
0.423,-1.86696042178885e-15
0.423125,0.00522167987805605
0.42325,0.00738457050192217
0.423375,0.00522167987806171
0.4235,2.78609903305027e-15
0.423625,-0.00522167987805777
0.42375,-0.00738457050192217
0.423875,-0.00522167987805999
0.424,-3.70523764431169e-15
0.424125,0.00522167987805712
0.42425,0.00738457050192217
0.424375,0.00522167987806064
0.4245,1.26626238238968e-15
0.424625,-0.00522167987805647
0.42475,-0.00738457050192217
0.424875,-0.00522167987806129
0.425,-2.1854009936511e-15
0.425125,0.0052216798780582
0.42525,0.00738457050192217
0.425375,0.00522167987805956
0.4255,3.10453960491252e-15
0.425625,-0.00522167987805755
0.42575,-0.00738457050192217
0.425875,-0.00522167987806021
0.426,-4.02367821617394e-15
0.426125,0.0052216798780569
0.42625,0.00738457050192217
0.426375,0.00522167987806086
0.4265,1.58470295425193e-15
0.426625,-0.00522167987805625
0.42675,-0.00738457050192217
0.426875,-0.00522167987806151
0.427,-2.50384156551335e-15
0.427125,0.00522167987805797
0.42725,0.00738457050192217
0.427375,0.00522167987805979
0.4275,3.42298017677477e-15
0.427625,-0.00522167987805732
0.42775,-0.00738457050192217
0.427875,-0.00522167987806044
0.428,-9.84004914852759e-16
0.428125,0.00522167987805667
0.42825,0.00738457050192217
0.428375,0.00522167987806109
0.4285,1.90314352611418e-15
0.428625,-0.00522167987805602
0.42875,-0.00738457050192217
0.428875,-0.00522167987805936
0.429,-2.8222821373756e-15
0.429125,0.00522167987805775
0.42925,0.00738457050192217
0.429375,0.00522167987806001
0.4295,3.74142074863702e-15
0.429625,-0.0052216798780571
0.42975,-0.00738457050192217
0.429875,-0.00522167987806066
0.43,-1.30244548671501e-15
0.430125,0.00522167987805645
0.43025,0.00738457050192217
0.430375,0.00522167987806131
0.4305,2.22158409797643e-15
0.430625,-0.00522167987805817
0.43075,-0.00738457050192217
0.430875,-0.00522167987805959
0.431,-3.14072270923785e-15
0.431125,0.00522167987805752
0.43125,0.00738457050192217
0.431375,0.00522167987806024
0.4315,7.01747447315838e-16
0.431625,-0.00522167987805687
0.43175,-0.00738457050192217
0.431875,-0.00522167987806089
0.432,-1.62088605857726e-15
0.432125,0.00522167987805622
0.43225,0.00738457050192217
0.432375,0.00522167987806154
0.4325,2.54002466983868e-15
0.432625,-0.00522167987805795
0.43275,-0.00738457050192217
0.432875,-0.00522167987805981
0.433,-3.4591632811001e-15
0.433125,0.0052216798780573
0.43325,0.00738457050192217
0.433375,0.00522167987806046
0.4335,1.02018801917809e-15
0.433625,-0.00522167987805665
0.43375,-0.00738457050192217
0.433875,-0.00522167987806111
0.434,-1.93932663043951e-15
0.434125,0.00522167987805837
0.43425,0.00738457050192217
0.434375,0.00522167987805939
0.4345,2.85846524170093e-15
0.434625,-0.00522167987805772
0.43475,-0.00738457050192217
0.434875,-0.00522167987806004
0.435,-3.77760385296235e-15
0.435125,0.00522167987805707
0.43525,0.00738457050192217
0.435375,0.00522167987806069
0.4355,1.33862859104034e-15
0.435625,-0.00522167987805642
0.43575,-0.00738457050192217
0.435875,-0.00522167987806134
0.436,-2.25776720230176e-15
0.436125,0.00522167987805815
0.43625,0.00738457050192217
0.436375,0.00522167987805961
0.4365,3.17690581356318e-15
0.436625,-0.00522167987805749
0.43675,-0.00738457050192217
0.436875,-0.00522167987806026
0.437,-7.37930551641166e-16
0.437125,0.00522167987805685
0.43725,0.00738457050192217
0.437375,0.00522167987806091
0.4375,1.65706916290259e-15
0.437625,-0.00522167987805857
0.43775,-0.00738457050192217
0.437875,-0.00522167987805919
0.438,-2.57620777416401e-15
0.438125,0.00522167987805792
0.43825,0.00738457050192217
0.438375,0.00522167987805984
0.4385,3.49534638542543e-15
0.438625,-0.00522167987805727
0.43875,-0.00738457050192217
0.438875,-0.00522167987806049
0.439,-1.05637112350342e-15
0.439125,0.00522167987805662
0.43925,0.00738457050192217
0.439375,0.00522167987806114
0.4395,1.97550973476484e-15
0.439625,-0.00522167987805835
0.43975,-0.00738457050192217
0.439875,-0.00522167987805941
0.44,-2.89464834602626e-15
0.440125,0.0052216798780577
0.44025,0.00738457050192217
0.440375,0.00522167987806006
0.4405,4.55673084104245e-16
0.440625,-0.00522167987805704
0.44075,-0.00738457050192217
0.440875,-0.00522167987806071
0.441,-1.37481169536566e-15
0.441125,0.00522167987805639
0.44125,0.00738457050192217
0.441375,0.00522167987806136
0.4415,2.29395030662708e-15
0.441625,-0.00522167987805812
0.44175,-0.00738457050192217
0.441875,-0.00522167987805964
0.442,-3.21308891788851e-15
0.442125,0.00522167987805747
0.44225,0.00738457050192217
0.442375,0.00522167987806029
0.4425,7.74113655966494e-16
0.442625,-0.00522167987805682
0.44275,-0.00738457050192217
0.442875,-0.00522167987806094
0.443,-1.69325226722791e-15
0.443125,0.00522167987805854
0.44325,0.00738457050192217
0.443375,0.00522167987805921
0.4435,2.61239087848933e-15
0.443625,-0.0052216798780579
0.44375,-0.00738457050192217
0.443875,-0.00522167987805986
0.444,-1.73415616567323e-16
0.444125,0.00522167987805724
0.44425,0.00738457050192217
0.444375,0.00522167987806051
0.4445,1.09255422782874e-15
0.444625,-0.00522167987805659
0.44475,-0.00738457050192217
0.444875,-0.00522167987806116
0.445,-2.01169283909016e-15
0.445125,0.00522167987805832
0.44525,0.00738457050192217
0.445375,0.00522167987805944
0.4455,2.93083145035158e-15
0.445625,-0.00522167987805767
0.44575,-0.00738457050192217
0.445875,-0.00522167987806009
0.446,-4.91856188429573e-16
0.446125,0.00522167987805702
0.44625,0.00738457050192217
0.446375,0.00522167987806074
0.4465,1.41099479969099e-15
0.446625,-0.00522167987805874
0.44675,-0.00738457050192217
0.446875,-0.00522167987805902
0.447,-2.33013341095241e-15
0.447125,0.00522167987805809
0.44725,0.00738457050192217
0.447375,0.00522167987805966
0.4475,3.24927202221383e-15
0.447625,-0.00522167987805744
0.44775,-0.00738457050192217
0.447875,-0.00522167987806031
0.448,-8.10296760291822e-16
0.448125,0.00522167987805679
0.44825,0.00738457050192217
0.448375,0.00522167987806096
0.4485,1.72943537155324e-15
0.448625,-0.00522167987805852
0.44875,-0.00738457050192217
0.448875,-0.00522167987805924
0.449,-2.64857398281466e-15
0.449125,0.00522167987805787
0.44925,0.00738457050192217
0.449375,0.00522167987805989
0.4495,2.09598720892651e-16
0.449625,-0.00522167987805722
0.44975,-0.00738457050192217
0.449875,-0.00522167987806054
0.45,-1.12873733215407e-15
0.450125,0.00522167987805657
0.45025,0.00738457050192217
0.450375,0.00522167987805881
0.4505,2.04787594341549e-15
0.450625,-0.00522167987805829
0.45075,-0.00738457050192217
0.450875,-0.00522167987805947
0.451,-2.96701455467691e-15
0.451125,0.00522167987805764
0.45125,0.00738457050192217
0.451375,0.00522167987806011
0.4515,5.28039292754901e-16
0.451625,-0.00522167987805699
0.45175,-0.00738457050192217
0.451875,-0.00522167987806077
0.452,-1.44717790401632e-15
0.452125,0.00522167987805872
0.45225,0.00738457050192217
0.452375,0.00522167987805904
0.4525,2.36631651527774e-15
0.452625,-0.00522167987805807
0.45275,-0.00738457050192217
0.452875,-0.00522167987805969
0.453,7.26587466442699e-17
0.453125,0.00522167987805742
0.45325,0.00738457050192217
0.453375,0.00522167987806272
0.4535,8.4647986461715e-16
0.453625,-0.00522167987805677
0.45375,-0.00738457050192217
0.453875,-0.00522167987806099
0.454,-1.76561847587857e-15
0.454125,0.00522167987805849
0.45425,0.00738457050192217
0.454375,0.00522167987806164
0.4545,2.68475708713999e-15
0.454625,-0.00522167987805784
0.45475,-0.00738457050192217
0.454875,-0.00522167987806229
0.455,-2.4578182521798e-16
0.455125,0.00522167987805719
0.45525,0.00738457050192217
0.455375,0.00522167987806057
0.4555,1.1649204364794e-15
0.455625,-0.00522167987805892
0.45575,-0.00738457050192217
0.455875,-0.00522167987806122
0.456,-2.08405904774082e-15
0.456125,0.00522167987805827
0.45625,0.00738457050192217
0.456375,0.00522167987806187
0.4565,3.00319765900224e-15
0.456625,-0.00522167987805762
0.45675,-0.00738457050192217
0.456875,-0.00522167987806251
0.457,-5.64222397080229e-16
0.457125,0.00522167987805697
0.45725,0.00738457050192217
0.457375,0.00522167987806079
0.4575,1.48336100834165e-15
0.457625,-0.00522167987805869
0.45775,-0.00738457050192217
0.457875,-0.00522167987806144
0.458,-2.40249961960307e-15
0.458125,0.00522167987805804
0.45825,0.00738457050192217
0.458375,0.00522167987806209
0.4585,-3.64756423189417e-17
0.458625,-0.00522167987805739
0.45875,-0.00738457050192217
0.458875,-0.00522167987806274
0.459,-8.82662968942479e-16
0.459125,0.00522167987805912
0.45925,0.00738457050192217
0.459375,0.00522167987806102
0.4595,1.8018015802039e-15
0.459625,-0.00522167987805847
0.45975,-0.00738457050192217
0.459875,-0.00522167987806167
0.46,-2.72094019146532e-15
0.460125,0.00522167987805782
0.46025,0.00738457050192217
0.460375,0.00522167987806232
0.4605,2.81964929543308e-16
0.460625,-0.00522167987805717
0.46075,-0.00738457050192217
0.460875,-0.00522167987806059
0.461,-1.20110354080473e-15
0.461125,0.00522167987805889
0.46125,0.00738457050192217
0.461375,0.00522167987806124
0.4615,2.12024215206615e-15
0.461625,-0.00522167987805824
0.46175,-0.00738457050192217
0.461875,-0.00522167987806189
0.462,3.18733109855863e-16
0.462125,0.00522167987805759
0.46225,0.00738457050192217
0.462375,0.00522167987806254
0.4625,6.00405501405557e-16
0.462625,-0.00522167987805694
0.46275,-0.00738457050192217
0.462875,-0.00522167987806082
0.463,-1.51954411266698e-15
0.463125,0.00522167987805867
0.46325,0.00738457050192217
0.463375,0.00522167987806147
0.4635,2.4386827239284e-15
0.463625,-0.00522167987805802
0.46375,-0.00738457050192217
0.463875,-0.00522167987806212
0.464,2.92537993613529e-19
0.464125,0.00522167987805737
0.46425,0.00738457050192217
0.464375,0.00522167987806039
0.4645,9.18846073267807e-16
0.464625,-0.00522167987805909
0.46475,-0.00738457050192217
0.464875,-0.00522167987806104
0.465,-1.83798468452923e-15
0.465125,0.00522167987805844
0.46525,0.00738457050192217
0.465375,0.00522167987806169
0.4655,-6.00990577392784e-16
0.465625,-0.00522167987805779
0.46575,-0.00738457050192217
0.465875,-0.00522167987806234
0.466,-3.18148033868636e-16
0.466125,0.00522167987805714
0.46625,0.00738457050192217
0.466375,0.00522167987806062
0.4665,1.23728664513006e-15
0.466625,-0.00522167987805887
0.46675,-0.00738457050192217
0.466875,-0.00522167987806127
0.467,-2.15642525639148e-15
0.467125,0.00522167987805822
0.46725,0.00738457050192217
0.467375,0.00522167987806192
0.4675,-2.82550005530535e-16
0.467625,-0.00522167987805757
0.46775,-0.00738457050192217
0.467875,-0.00522167987806019
0.468,-6.36588605730886e-16
0.468125,0.00522167987805929
0.46825,0.00738457050192217
0.468375,0.00522167987806084
0.4685,1.55572721699231e-15
0.468625,-0.00522167987805864
0.46875,-0.00738457050192217
0.468875,-0.00522167987806149
0.469,-2.47486582825373e-15
0.469125,0.00522167987805799
0.46925,0.00738457050192217
0.469375,0.00522167987806214
0.4695,3.39400443951515e-15
0.469625,-0.00522167987805734
0.46975,-0.00738457050192217
0.469875,-0.00522167987806042
0.47,-4.31314305077657e-15
0.470125,0.00522167987805907
0.47025,0.00738457050192217
0.470375,0.00522167987806107
0.4705,1.87416778885456e-15
0.470625,-0.00522167987805842
0.47075,-0.00738457050192217
0.470875,-0.00522167987806172
0.471,-2.79330640011598e-15
0.471125,0.00522167987805777
0.47125,0.00738457050192217
0.471375,0.00522167987806237
0.4715,3.7124450113774e-15
0.471625,-0.00522167987805712
0.47175,-0.00738457050192217
0.471875,-0.00522167987806064
0.472,-4.63158362263882e-15
0.472125,0.00522167987805884
0.47225,0.00738457050192217
0.472375,0.00522167987806129
0.4725,2.19260836071681e-15
0.472625,-0.00522167987805819
0.47275,-0.00738457050192217
0.472875,-0.00522167987806194
0.473,-3.11174697197823e-15
0.473125,0.00522167987805754
0.47325,0.00738457050192217
0.473375,0.00522167987806022
0.4735,4.03088558323965e-15
0.473625,-0.00522167987805927
0.47375,-0.00738457050192217
0.473875,-0.00522167987806087
0.474,-4.95002419450107e-15
0.474125,0.00522167987805862
0.47425,0.00738457050192217
0.474375,0.00522167987806152
0.4745,2.51104893257905e-15
0.474625,-0.00522167987805797
0.47475,-0.00738457050192217
0.474875,-0.00522167987806217
0.475,-3.43018754384047e-15
0.475125,0.00522167987805732
0.47525,0.00738457050192217
0.475375,0.00522167987806044
0.4755,4.34932615510189e-15
0.475625,-0.00522167987805904
0.47575,-0.00738457050192217
0.475875,-0.00522167987806109
0.476,-1.91035089317988e-15
0.476125,0.00522167987805839
0.47625,0.00738457050192217
0.476375,0.00522167987806174
0.4765,2.8294895044413e-15
0.476625,-0.00522167987805774
0.47675,-0.00738457050192217
0.476875,-0.00522167987806002
0.477,-3.74862811570272e-15
0.477125,0.00522167987805947
0.47725,0.00738457050192217
0.477375,0.00522167987806067
0.4775,4.66776672696414e-15
0.477625,-0.00522167987805882
0.47775,-0.00738457050192217
0.477875,-0.00522167987806132
0.478,-2.22879146504213e-15
0.478125,0.00522167987805817
0.47825,0.00738457050192217
0.478375,0.00522167987806197
0.4785,3.14793007630355e-15
0.478625,-0.00522167987805752
0.47875,-0.00738457050192217
0.478875,-0.00522167987806024
0.479,-4.06706868756497e-15
0.479125,0.00522167987805924
0.47925,0.00738457050192217
0.479375,0.00522167987806089
0.4795,1.62809342564296e-15
0.479625,-0.00522167987805859
0.47975,-0.00738457050192217
0.479875,-0.00522167987806154
0.48,-2.54723203690438e-15
0.480125,0.00522167987805794
0.48025,0.00738457050192217
0.480375,0.00522167987806219
0.4805,3.4663706481658e-15
0.480625,-0.00522167987805966
0.48075,-0.00738457050192217
0.480875,-0.00522167987806047
0.481,-4.38550925942722e-15
0.481125,0.00522167987805902
0.48125,0.00738457050192217
0.481375,0.00522167987806112
0.4815,1.94653399750521e-15
0.481625,-0.00522167987805837
0.48175,-0.00738457050192217
0.481875,-0.00522167987806177
0.482,-2.86567260876663e-15
0.482125,0.00522167987805772
0.48225,0.00738457050192217
0.482375,0.00522167987806004
0.4825,3.78481122002805e-15
0.482625,-0.00522167987805944
0.48275,-0.00738457050192217
0.482875,-0.00522167987806069
0.483,-1.34583595810604e-15
0.483125,0.00522167987805879
0.48325,0.00738457050192217
0.483375,0.00522167987806134
0.4835,2.26497456936746e-15
0.483625,-0.00522167987805814
0.48375,-0.00738457050192217
0.483875,-0.00522167987806199
0.484,-3.18411318062888e-15
0.484125,0.00522167987805749
0.48425,0.00738457050192217
0.484375,0.00522167987806027
0.4845,4.1032517918903e-15
0.484625,-0.00522167987805684
0.48475,-0.00738457050192217
0.484875,-0.00522167987806092
0.485,-1.66427652996829e-15
0.485125,0.00522167987805619
0.48525,0.00738457050192217
0.485375,0.00522167987806157
0.4855,2.58341514122971e-15
0.485625,-0.00522167987805792
0.48575,-0.00738457050192217
0.485875,-0.00522167987805984
0.486,-3.50255375249113e-15
0.486125,0.00522167987805727
0.48625,0.00738457050192217
0.486375,0.00522167987806049
0.4865,4.42169236375255e-15
0.486625,-0.00522167987805662
0.48675,-0.00738457050192217
0.486875,-0.00522167987806114
0.487,-1.98271710183054e-15
0.487125,0.00522167987805597
0.48725,0.00738457050192217
0.487375,0.00522167987806179
0.4875,2.90185571309196e-15
0.487625,-0.00522167987805769
0.48775,-0.00738457050192217
0.487875,-0.00522167987806007
0.488,-3.82099432435338e-15
0.488125,0.00522167987805704
0.48825,0.00738457050192217
0.488375,0.00522167987806072
0.4885,1.38201906243137e-15
0.488625,-0.00522167987805639
0.48875,-0.00738457050192217
0.488875,-0.00522167987806137
0.489,-2.30115767369279e-15
0.489125,0.00522167987805574
0.48925,0.00738457050192217
0.489375,0.00522167987805964
0.4895,3.22029628495421e-15
0.489625,-0.00522167987805746
0.48975,-0.00738457050192217
0.489875,-0.00522167987806029
0.49,-4.13943489621563e-15
0.490125,0.00522167987805681
0.49025,0.00738457050192217
0.490375,0.00522167987806094
0.4905,1.70045963429362e-15
0.490625,-0.00522167987805617
0.49075,-0.00738457050192217
0.490875,-0.00522167987806159
0.491,-2.61959824555504e-15
0.491125,0.00522167987805789
0.49125,0.00738457050192217
0.491375,0.00522167987805987
0.4915,3.53873685681646e-15
0.491625,-0.00522167987805724
0.49175,-0.00738457050192217
0.491875,-0.00522167987806052
0.492,-1.09976159489445e-15
0.492125,0.00522167987805659
0.49225,0.00738457050192217
0.492375,0.00522167987806117
0.4925,2.01890020615587e-15
0.492625,-0.00522167987805594
0.49275,-0.00738457050192217
0.492875,-0.00522167987806182
0.493,-2.93803881741729e-15
0.493125,0.00522167987805766
0.49325,0.00738457050192217
0.493375,0.0052216798780601
0.4935,3.85717742867871e-15
0.493625,-0.00522167987805701
0.49375,-0.00738457050192217
0.493875,-0.00522167987806074
0.494,-1.4182021667567e-15
0.494125,0.00522167987805636
0.49425,0.00738457050192217
0.494375,0.0052216798780614
0.4945,2.33734077801812e-15
0.494625,-0.00522167987805809
0.49475,-0.00738457050192217
0.494875,-0.00522167987805967
0.495,-3.25647938927954e-15
0.495125,0.00522167987805744
0.49525,0.00738457050192217
0.495375,0.00522167987806032
0.4955,4.17561800054096e-15
0.495625,-0.00522167987805679
0.49575,-0.00738457050192217
0.495875,-0.00522167987806097
0.496,-1.73664273861895e-15
0.496125,0.00522167987805614
0.49625,0.00738457050192217
0.496375,0.00522167987806162
0.4965,2.65578134988037e-15
0.496625,-0.00522167987805786
0.49675,-0.00738457050192217
0.496875,-0.0052216798780599
0.497,-3.57491996114179e-15
0.497125,0.00522167987805721
0.49725,0.00738457050192217
0.497375,0.00522167987806055
0.4975,1.13594469921978e-15
0.497625,-0.00522167987805656
0.49775,-0.00738457050192217
0.497875,-0.00522167987806119
0.498,-2.0550833104812e-15
0.498125,0.00522167987805829
0.49825,0.00738457050192217
0.498375,0.00522167987805947
0.4985,2.97422192174262e-15
0.498625,-0.00522167987805764
0.49875,-0.00738457050192217
0.498875,-0.00522167987806012
0.499,-3.89336053300404e-15
0.499125,0.00522167987805699
0.49925,0.00738457050192217
0.499375,0.00522167987806077
0.4995,1.45438527108203e-15
0.499625,-0.00522167987805634
0.49975,-0.00738457050192217
0.499875,-0.00522167987806142
0.5,-2.37352388234345e-15
0.500125,0.00522167987805806
0.50025,0.00738457050192217
0.500375,0.0052216798780597
0.5005,3.29266249360487e-15
0.500625,-0.00522167987805741
0.50075,-0.00738457050192217
0.500875,-0.00522167987806272
0.501,-8.53687231682855e-16
0.501125,0.00522167987805914
0.50125,0.00738457050192217
0.501375,0.005221679878061
0.5015,5.13093971612771e-15
0.501625,-0.00522167987805611
0.50175,-0.00738457050192217
0.501875,-0.00522167987806164
0.502,-2.6919644542057e-15
0.502125,0.00522167987806021
0.50225,0.00738457050192217
0.502375,0.00522167987805992
0.5025,3.61110306546712e-15
0.502625,-0.00522167987805719
0.50275,-0.00738457050192217
0.502875,-0.00522167987806295
0.503,-1.1721278035451e-15
0.503125,0.00522167987805891
0.50325,0.00738457050192217
0.503375,0.00522167987806122
0.5035,5.44938028798996e-15
0.503625,-0.00522167987805826
0.50375,-0.00738457050192217
0.503875,-0.00522167987806187
0.504,-3.01040502606794e-15
0.504125,0.00522167987805999
0.50425,0.00738457050192217
0.504375,0.00522167987806015
0.5045,3.92954363732936e-15
0.504625,-0.00522167987805696
0.50475,-0.00738457050192217
0.504875,-0.00522167987806317
0.505,-1.49056837540735e-15
0.505125,0.00522167987805869
0.50525,0.00738457050192217
0.505375,0.00522167987806145
0.5055,5.76782085985221e-15
0.505625,-0.00522167987805804
0.50575,-0.00738457050192217
0.505875,-0.0052216798780621
0.506,-3.32884559793019e-15
0.506125,0.00522167987805976
0.50625,0.00738457050192217
0.506375,0.00522167987806037
0.5065,4.24798420919161e-15
0.506625,-0.00522167987805674
0.50675,-0.00738457050192217
0.506875,-0.00522167987806102
0.507,-1.8090089472696e-15
0.507125,0.00522167987805846
0.50725,0.00738457050192217
0.507375,0.0052216798780593
0.5075,6.08626143171446e-15
0.507625,-0.00522167987805781
0.50775,-0.00738457050192217
0.507875,-0.00522167987806232
0.508,-3.64728616979244e-15
0.508125,0.00522167987805954
0.50825,0.00738457050192217
0.508375,0.0052216798780606
0.5085,4.56642478105386e-15
0.508625,-0.00522167987805651
0.50875,-0.00738457050192217
0.508875,-0.00522167987806125
0.509,-2.12744951913185e-15
0.509125,0.00522167987805824
0.50925,0.00738457050192217
0.509375,0.00522167987805952
0.5095,3.04658813039327e-15
0.509625,-0.00522167987805759
0.50975,-0.00738457050192217
0.509875,-0.00522167987806255
0.51,-6.07612868471262e-16
0.510125,0.00522167987805931
0.51025,0.00738457050192217
0.510375,0.00522167987806082
0.5105,4.88486535291611e-15
0.510625,-0.00522167987805629
0.51075,-0.00738457050192217
0.510875,-0.00522167987806147
0.511,-2.4458900909941e-15
0.511125,0.00522167987806039
0.51125,0.00738457050192217
0.511375,0.00522167987805975
0.5115,3.36502870225552e-15
0.511625,-0.00522167987805736
0.51175,-0.00738457050192217
0.511875,-0.00522167987806277
0.512,-9.26053440333511e-16
0.512125,0.00522167987805909
0.51225,0.00738457050192217
0.512375,0.00522167987806105
0.5125,5.20330592477836e-15
0.512625,-0.00522167987805844
0.51275,-0.00738457050192217
0.512875,-0.0052216798780617
0.513,-2.76433066285635e-15
0.513125,0.00522167987806016
0.51325,0.00738457050192217
0.513375,0.00522167987805997
0.5135,3.68346927411777e-15
0.513625,-0.00522167987805714
0.51375,-0.00738457050192217
0.513875,-0.005221679878063
0.514,-1.24449401219576e-15
0.514125,0.00522167987805886
0.51425,0.00738457050192217
0.514375,0.00522167987806127
0.5145,5.52174649664061e-15
0.514625,-0.00522167987805821
0.51475,-0.00738457050192217
0.514875,-0.00522167987806192
0.515,-3.0827712347186e-15
0.515125,0.00522167987805994
0.51525,0.00738457050192217
0.515375,0.0052216798780602
0.5155,4.00190984598002e-15
0.515625,-0.00522167987805691
0.51575,-0.00738457050192217
0.515875,-0.00522167987806085
0.516,-1.56293458405801e-15
0.516125,0.00522167987805626
0.51625,0.00738457050192217
0.516375,0.00522167987805912
0.5165,5.84018706850286e-15
0.516625,-0.00522167987805799
0.51675,-0.00738457050192217
0.516875,-0.00522167987806215
0.517,-3.40121180658085e-15
0.517125,0.00522167987805496
0.51725,0.00738457050192217
0.517375,0.00522167987806042
0.5175,4.32035041784227e-15
0.517625,-0.00522167987805669
0.51775,-0.00738457050192217
0.517875,-0.00522167987806107
0.518,-1.88137515592026e-15
0.518125,0.00522167987805604
0.51825,0.00738457050192217
0.518375,0.00522167987805935
0.5185,2.80051376718168e-15
0.518625,-0.00522167987805776
0.51875,-0.00738457050192217
0.518875,-0.00522167987806237
0.519,-3.61538505259668e-16
0.519125,0.00522167987805474
0.51925,0.00738457050192217
0.519375,0.00522167987806065
0.5195,4.63879098970452e-15
0.519625,-0.00522167987805884
0.51975,-0.00738457050192217
0.519875,-0.0052216798780613
0.52,-2.19981572778251e-15
0.520125,0.00522167987805581
0.52025,0.00738457050192217
0.520375,0.00522167987805957
0.5205,3.11895433904393e-15
0.520625,-0.00522167987805754
0.52075,-0.00738457050192217
0.520875,-0.0052216798780626
0.521,-6.79979077121918e-16
0.521125,0.00522167987805689
0.52125,0.00738457050192217
0.521375,0.00522167987806087
0.5215,4.95723156156677e-15
0.521625,-0.00522167987805861
0.52175,-0.00738457050192217
0.521875,-0.00522167987806152
0.522,-2.51825629964476e-15
0.522125,0.00522167987805559
0.52225,0.00738457050192217
0.522375,0.0052216798780598
0.5225,3.43739491090618e-15
0.522625,-0.00522167987805731
0.52275,-0.00738457050192217
0.522875,-0.00522167987806282
0.523,-9.98419648984167e-16
0.523125,0.00522167987805666
0.52325,0.00738457050192217
0.523375,0.0052216798780611
0.5235,5.27567213342902e-15
0.523625,-0.00522167987805839
0.52375,-0.00738457050192217
0.523875,-0.00522167987806175
0.524,-2.83669687150701e-15
0.524125,0.00522167987805536
0.52425,0.00738457050192217
0.524375,0.00522167987806002
0.5245,3.75583548276843e-15
0.524625,-0.00522167987805709
0.52475,-0.00738457050192217
0.524875,-0.00522167987806067
0.525,-1.31686022084642e-15
0.525125,0.00522167987805644
0.52525,0.00738457050192217
0.525375,0.00522167987805895
0.5255,5.59411270529127e-15
0.525625,-0.00522167987805816
0.52575,-0.00738457050192217
0.525875,-0.00522167987806197
0.526,2.02976429814174e-16
0.526125,0.00522167987805514
0.52625,0.00738457050192217
0.526375,0.00522167987806025
0.5265,4.07427605463068e-15
0.526625,-0.00522167987805686
0.52675,-0.00738457050192217
0.526875,-0.0052216798780609
0.527,-1.63530079270867e-15
0.527125,0.00522167987805621
0.52725,0.00738457050192217
0.527375,0.00522167987805917
0.5275,2.55443940397009e-15
0.527625,-0.00522167987805794
0.52775,-0.00738457050192217
0.527875,-0.0052216798780622
0.528,-1.15464142048075e-16
0.528125,0.00522167987805491
0.52825,0.00738457050192217
0.528375,0.00522167987806047
0.5285,4.39271662649293e-15
0.528625,-0.00522167987805901
0.52875,-0.00738457050192217
0.528875,-0.00522167987806112
0.529,-1.95374136457092e-15
0.529125,0.00522167987805599
0.52925,0.00738457050192217
0.529375,0.0052216798780594
0.5295,2.87287997583234e-15
0.529625,-0.00522167987805771
0.52975,-0.00738457050192217
0.529875,-0.00522167987806242
0.53,-4.33904713910325e-16
0.530125,0.00522167987805706
0.53025,0.00738457050192217
0.530375,0.0052216798780607
0.5305,4.71115719835518e-15
0.530625,-0.00522167987805878
0.53075,-0.00738457050192217
0.530875,-0.00522167987806135
0.531,-2.27218193643317e-15
0.531125,0.00522167987805576
0.53125,0.00738457050192217
0.531375,0.00522167987805962
0.5315,3.19132054769459e-15
0.531625,-0.00522167987805749
0.53175,-0.00738457050192217
0.531875,-0.00522167987806265
0.532,-7.52345285772574e-16
0.532125,0.00522167987805683
0.53225,0.00738457050192217
0.532375,0.00522167987805855
0.5325,5.02959777021743e-15
0.532625,-0.00522167987805856
0.53275,-0.00738457050192217
0.532875,-0.00522167987806157
0.533,-2.59062250829541e-15
0.533125,0.00522167987805554
0.53325,0.00738457050192217
0.533375,0.00522167987805985
0.5335,3.50976111955684e-15
0.533625,-0.00522167987805726
0.53375,-0.00738457050192217
0.533875,-0.0052216798780605
0.534,-1.07078585763482e-15
0.534125,0.00522167987805661
0.53425,0.00738457050192217
0.534375,0.00522167987805877
0.5345,5.34803834207968e-15
0.534625,-0.00522167987805833
0.53475,-0.00738457050192217
0.534875,-0.0052216798780618
0.535,4.49050793025767e-16
0.535125,0.00522167987805531
0.53525,0.00738457050192217
0.535375,0.00522167987806007
0.5355,3.82820169141908e-15
0.535625,-0.00522167987805703
0.53575,-0.00738457050192217
0.535875,-0.00522167987806072
0.536,-1.38922642949707e-15
0.536125,0.00522167987805639
0.53625,0.00738457050192217
0.536375,0.005221679878059
0.5365,2.30836504075849e-15
0.536625,-0.00522167987805811
0.53675,-0.00738457050192217
0.536875,-0.00522167987806202
0.537,1.30610221163518e-16
0.537125,0.00522167987805746
0.53725,0.00738457050192217
0.537375,0.0052216798780603
0.5375,4.14664226328133e-15
0.537625,-0.00522167987805918
0.53775,-0.00738457050192217
0.537875,-0.00522167987806095
0.538,-1.70766700135932e-15
0.538125,0.00522167987805616
0.53825,0.00738457050192217
0.538375,0.00522167987805923
0.5385,2.62680561262074e-15
0.538625,-0.00522167987805788
0.53875,-0.00738457050192217
0.538875,-0.00522167987806225
0.539,-1.87830350698732e-16
0.539125,0.00522167987805723
0.53925,0.00738457050192217
0.539375,0.00522167987806052
0.5395,4.46508283514358e-15
0.539625,-0.00522167987805896
0.53975,-0.00738457050192217
0.539875,-0.00522167987806117
0.54,-2.02610757322157e-15
0.540125,0.00522167987805594
0.54025,0.00738457050192217
0.540375,0.00522167987805945
0.5405,2.94524618448299e-15
0.540625,-0.00522167987805766
0.54075,-0.00738457050192217
0.540875,-0.00522167987806247
0.541,-5.06270922560981e-16
0.541125,0.00522167987805701
0.54125,0.00738457050192217
0.541375,0.00522167987805838
0.5415,4.78352340700583e-15
0.541625,-0.00522167987805873
0.54175,-0.00738457050192217
0.541875,-0.0052216798780614
0.542,-2.34454814508382e-15
0.542125,0.00522167987805571
0.54225,0.00738457050192217
0.542375,0.00522167987805968
0.5425,3.26368675634524e-15
0.542625,-0.00522167987805743
0.54275,-0.00738457050192217
0.542875,-0.00522167987806032
0.543,-8.24711494423231e-16
0.543125,0.00522167987805678
0.54325,0.00738457050192217
0.543375,0.0052216798780586
0.5435,1.74385010568465e-15
0.543625,-0.00522167987805851
0.54375,-0.00738457050192217
0.543875,-0.00522167987806162
0.544,6.9512515623736e-16
0.544125,0.00522167987805548
0.54425,0.00738457050192217
0.544375,0.0052216798780599
0.5445,3.58212732820749e-15
0.544625,-0.00522167987805721
0.54475,-0.00738457050192217
0.544875,-0.00522167987806055
0.545,-1.14315206628548e-15
0.545125,0.00522167987805656
0.54525,0.00738457050192217
0.545375,0.00522167987805883
0.5455,2.0622906775469e-15
0.545625,-0.00522167987805828
0.54575,-0.00738457050192217
0.545875,-0.00522167987806185
0.546,3.76684584375111e-16
0.546125,0.00522167987805763
0.54625,0.00738457050192217
0.546375,0.00522167987806013
0.5465,3.90056790006974e-15
0.546625,-0.00522167987805936
0.54675,-0.00738457050192217
0.546875,-0.00522167987806078
0.547,-1.46159263814773e-15
0.547125,0.00522167987805633
0.54725,0.00738457050192217
0.547375,0.0052216798780638
0.5475,2.38073124940915e-15
0.547625,-0.00522167987805806
0.54775,-0.00738457050192217
0.547875,-0.00522167987806208
0.548,5.82440125128614e-17
0.548125,0.00522167987805741
0.54825,0.00738457050192217
0.548375,0.00522167987806272
0.5485,4.21900847193199e-15
0.548625,-0.00522167987805913
0.54875,-0.00738457050192217
0.548875,-0.005221679878061
0.549,-1.78003321000998e-15
0.549125,0.00522167987805611
0.54925,0.00738457050192217
0.549375,0.00522167987806403
0.5495,2.6991718212714e-15
0.549625,-0.00522167987805783
0.54975,-0.00738457050192217
0.549875,-0.00522167987805993
0.55,-2.60196559349388e-16
0.550125,0.00522167987805718
0.55025,0.00738457050192217
0.550375,0.00522167987806295
0.5505,4.53744904379424e-15
0.550625,-0.00522167987805891
0.55075,-0.00738457050192217
0.550875,-0.00522167987806123
0.551,-2.09847378187223e-15
0.551125,0.00522167987805588
0.55125,0.00738457050192217
0.551375,0.00522167987806188
0.5515,3.01761239313365e-15
0.551625,-0.00522167987805761
0.55175,-0.00738457050192217
0.551875,-0.00522167987806015
0.552,-5.78637131211638e-16
0.552125,0.00522167987805696
0.55225,0.00738457050192217
0.552375,0.00522167987806318
0.5525,1.49777574247306e-15
0.552625,-0.00522167987805868
0.55275,-0.00738457050192217
0.552875,-0.00522167987806145
0.553,9.41199519448954e-16
0.553125,0.00522167987805566
0.55325,0.00738457050192217
0.553375,0.0052216798780621
0.5535,3.3360529649959e-15
0.553625,-0.00522167987805738
0.55375,-0.00738457050192217
0.553875,-0.00522167987806038
0.554,-8.97077703073887e-16
0.554125,0.00522167987805673
0.55425,0.00738457050192217
0.554375,0.0052216798780634
0.5545,1.81621631433531e-15
0.554625,-0.00522167987805846
0.55475,-0.00738457050192217
0.554875,-0.00522167987806168
0.555,6.22758947586704e-16
0.555125,0.00522167987805781
0.55525,0.00738457050192217
0.555375,0.00522167987806233
0.5555,3.65449353685815e-15
0.555625,-0.00522167987805953
0.55575,-0.00738457050192217
0.555875,-0.0052216798780606
0.556,-1.21551827493614e-15
0.556125,0.00522167987805651
0.55625,0.00738457050192217
0.556375,0.00522167987806363
0.5565,2.13465688619756e-15
0.556625,-0.00522167987805823
0.55675,-0.00738457050192217
0.556875,-0.0052216798780619
0.557,3.04318375724454e-16
0.557125,0.00522167987805758
0.55725,0.00738457050192217
0.557375,0.00522167987806255
0.5575,3.9729341087204e-15
0.557625,-0.00522167987805931
0.55775,-0.00738457050192217
0.557875,-0.00522167987806083
0.558,-1.53395884679839e-15
0.558125,0.00522167987805628
0.55825,0.00738457050192217
0.558375,0.00522167987806385
0.5585,2.45309745805981e-15
0.558625,-0.00522167987805801
0.55875,-0.00738457050192217
0.558875,-0.00522167987805975
0.559,-1.4122196137795e-17
0.559125,0.00522167987805736
0.55925,0.00738457050192217
0.559375,0.00522167987806278
0.5595,4.29137468058265e-15
0.559625,-0.00522167987805908
0.55975,-0.00738457050192217
0.559875,-0.00522167987806105
0.56,-1.85239941866064e-15
0.560125,0.00522167987805606
0.56025,0.00738457050192217
0.560375,0.0052216798780617
0.5605,2.77153802992206e-15
0.560625,-0.00522167987805778
0.56075,-0.00738457050192217
0.560875,-0.00522167987805998
0.561,-3.32562768000045e-16
0.561125,0.00522167987805713
0.56125,0.00738457050192217
0.561375,0.005221679878063
0.5615,1.25170137926147e-15
0.561625,-0.00522167987805886
0.56175,-0.00738457050192217
0.561875,-0.00522167987806128
0.562,1.18727388266055e-15
0.562125,0.00522167987805583
0.56225,0.00738457050192217
0.562375,0.00522167987806193
0.5625,3.08997860178431e-15
0.562625,-0.00522167987805993
0.56275,-0.00738457050192217
0.562875,-0.0052216798780602
0.563,-4.00911721304573e-15
0.563125,0.00522167987805691
0.56325,0.00738457050192217
0.563375,0.00522167987806323
0.5635,1.57014195112371e-15
0.563625,-0.00522167987805863
0.56375,-0.00738457050192217
0.563875,-0.0052216798780615
0.564,-5.84739443556857e-15
0.564125,0.00522167987805798
0.56425,0.00738457050192217
0.564375,0.00522167987806215
0.5645,3.40841917364656e-15
0.564625,-0.00522167987805971
0.56475,-0.00738457050192217
0.564875,-0.00522167987806043
0.565,-4.32755778490797e-15
0.565125,0.00522167987805668
0.56525,0.00738457050192217
0.565375,0.00522167987806345
0.5655,1.88858252298596e-15
0.565625,-0.00522167987805841
0.56575,-0.00738457050192217
0.565875,-0.00522167987806173
0.566,-6.16583500743082e-15
0.566125,0.00522167987805776
0.56625,0.00738457050192217
0.566375,0.00522167987806238
0.5665,3.72685974550881e-15
0.566625,-0.00522167987805948
0.56675,-0.00738457050192217
0.566875,-0.00522167987806065
0.567,-4.64599835677022e-15
0.567125,0.00522167987805646
0.56725,0.00738457050192217
0.567375,0.0052216798780613
0.5675,2.20702309484821e-15
0.567625,-0.00522167987805818
0.56775,-0.00738457050192217
0.567875,-0.00522167987805958
0.568,-6.48427557929307e-15
0.568125,0.00522167987805753
0.56825,0.00738457050192217
0.568375,0.0052216798780626
0.5685,4.04530031737105e-15
0.568625,-0.00522167987805926
0.56875,-0.00738457050192217
0.568875,-0.00522167987806088
0.569,-4.96443892863247e-15
0.569125,0.00522167987805623
0.56925,0.00738457050192217
0.569375,0.00522167987806153
0.5695,2.52546366671046e-15
0.569625,-0.00522167987805796
0.56975,-0.00738457050192217
0.569875,-0.0052216798780598
0.57,-3.44460227797188e-15
0.570125,0.00522167987805731
0.57025,0.00738457050192217
0.570375,0.00522167987806283
0.5705,1.00562701604987e-15
0.570625,-0.00522167987805903
0.57075,-0.00738457050192217
0.570875,-0.0052216798780611
0.571,-5.28287950049472e-15
0.571125,0.00522167987805601
0.57125,0.00738457050192217
0.571375,0.00522167987806175
0.5715,2.84390423857271e-15
0.571625,-0.00522167987806011
0.57175,-0.00738457050192217
0.571875,-0.00522167987806003
0.572,-3.76304284983413e-15
0.572125,0.00522167987805708
0.57225,0.00738457050192217
0.572375,0.00522167987806305
0.5725,1.32406758791212e-15
0.572625,-0.00522167987805881
0.57275,-0.00738457050192217
0.572875,-0.00522167987806133
0.573,-5.60132007235697e-15
0.573125,0.00522167987805816
0.57325,0.00738457050192217
0.573375,0.00522167987806198
0.5735,3.16234481043496e-15
0.573625,-0.00522167987805988
0.57375,-0.00738457050192217
0.573875,-0.00522167987806025
0.574,-4.08148342169638e-15
0.574125,0.00522167987805686
0.57425,0.00738457050192217
0.574375,0.00522167987806328
0.5745,1.64250815977437e-15
0.574625,-0.00522167987805858
0.57475,-0.00738457050192217
0.574875,-0.00522167987806155
0.575,-5.91976064421922e-15
0.575125,0.00522167987805793
0.57525,0.00738457050192217
0.575375,0.0052216798780622
0.5755,3.48078538229721e-15
0.575625,-0.00522167987805966
0.57575,-0.00738457050192217
0.575875,-0.00522167987806048
0.576,-4.39992399355863e-15
0.576125,0.00522167987805663
0.57625,0.00738457050192217
0.576375,0.00522167987806113
0.5765,1.96094873163662e-15
0.576625,-0.00522167987805836
0.57675,-0.00738457050192217
0.576875,-0.0052216798780594
0.577,-6.23820121608147e-15
0.577125,0.00522167987805771
0.57725,0.00738457050192217
0.577375,0.00522167987806243
0.5775,3.79922595415946e-15
0.577625,-0.00522167987805943
0.57775,-0.00738457050192217
0.577875,-0.0052216798780607
0.578,-4.71836456542088e-15
0.578125,0.00522167987805641
0.57825,0.00738457050192217
0.578375,0.00522167987806135
0.5785,2.27938930349887e-15
0.578625,-0.00522167987805576
0.57875,-0.00738457050192217
0.578875,-0.00522167987805963
0.579,-3.19852791476029e-15
0.579125,0.00522167987805748
0.57925,0.00738457050192217
0.579375,0.00522167987806265
0.5795,7.59552652838279e-16
0.579625,-0.00522167987805446
0.57975,-0.00738457050192217
0.579875,-0.00522167987806093
0.58,-5.03680513728313e-15
0.580125,0.00522167987805856
0.58025,0.00738457050192217
0.580375,0.00522167987806158
0.5805,2.59782987536112e-15
0.580625,-0.00522167987805553
0.58075,-0.00738457050192217
0.580875,-0.00522167987805985
0.581,-3.51696848662254e-15
0.581125,0.00522167987805725
0.58125,0.00738457050192217
0.581375,0.00522167987806288
0.5815,1.07799322470053e-15
0.581625,-0.0052216798780566
0.58175,-0.00738457050192217
0.581875,-0.00522167987806115
0.582,-5.35524570914538e-15
0.582125,0.00522167987805833
0.58225,0.00738457050192217
0.582375,0.0052216798780618
0.5825,2.91627044722337e-15
0.582625,-0.00522167987805531
0.58275,-0.00738457050192217
0.582875,-0.00522167987806008
0.583,-3.83540905848479e-15
0.583125,0.00522167987805703
0.58325,0.00738457050192217
0.583375,0.0052216798780631
0.5835,1.39643379656278e-15
0.583625,-0.00522167987805638
0.58375,-0.00738457050192217
0.583875,-0.00522167987806138
0.584,-5.67368628100763e-15
0.584125,0.0052216798780581
0.58425,0.00738457050192217
0.584375,0.00522167987806203
0.5845,3.23471101908562e-15
0.584625,-0.00522167987805508
0.58475,-0.00738457050192217
0.584875,-0.0052216798780603
0.585,-4.15384963034704e-15
0.585125,0.0052216798780568
0.58525,0.00738457050192217
0.585375,0.00522167987806095
0.5855,1.71487436842503e-15
0.585625,-0.00522167987805615
0.58575,-0.00738457050192217
0.585875,-0.00522167987805923
0.586,-5.99212685286988e-15
0.586125,0.00522167987805788
0.58625,0.00738457050192217
0.586375,0.00522167987806225
0.5865,1.95037717764436e-16
0.586625,-0.00522167987805486
0.58675,-0.00738457050192217
0.586875,-0.00522167987806053
0.587,-4.47229020220929e-15
0.587125,0.00522167987805658
0.58725,0.00738457050192217
0.587375,0.00522167987806118
0.5875,2.03331494028728e-15
0.587625,-0.00522167987805593
0.58775,-0.00738457050192217
0.587875,-0.00522167987805945
0.588,-2.9524535515487e-15
0.588125,0.00522167987805765
0.58825,0.00738457050192217
0.588375,0.00522167987806248
0.5885,5.13478289626686e-16
0.588625,-0.005221679878057
0.58875,-0.00738457050192217
0.588875,-0.00522167987806076
0.589,-4.79073077407154e-15
0.589125,0.00522167987805873
0.58925,0.00738457050192217
0.589375,0.0052216798780614
0.5895,2.35175551214953e-15
0.589625,-0.0052216798780557
0.58975,-0.00738457050192217
0.589875,-0.00522167987805968
0.59,-3.27089412341095e-15
0.590125,0.00522167987805743
0.59025,0.00738457050192217
0.590375,0.0052216798780627
0.5905,8.31918861488935e-16
0.590625,-0.00522167987805678
0.59075,-0.00738457050192217
0.590875,-0.00522167987806098
0.591,-5.10917134593379e-15
0.591125,0.0052216798780585
0.59125,0.00738457050192217
0.591375,0.00522167987806163
0.5915,2.67019608401178e-15
0.591625,-0.00522167987805548
0.59175,-0.00738457050192217
0.591875,-0.00522167987805991
0.592,-3.5893346952732e-15
0.592125,0.0052216798780572
0.59225,0.00738457050192217
0.592375,0.00522167987806293
0.5925,1.15035943335118e-15
0.592625,-0.00522167987805655
0.59275,-0.00738457050192217
0.592875,-0.00522167987805883
0.593,-5.42761191779604e-15
0.593125,0.00522167987805828
0.59325,0.00738457050192217
0.593375,0.00522167987806185
0.5935,2.98863665587402e-15
0.593625,-0.00522167987805525
0.59375,-0.00738457050192217
0.593875,-0.00522167987806013
0.594,-3.90777526713545e-15
0.594125,0.00522167987805698
0.59425,0.00738457050192217
0.594375,0.00522167987806078
0.5945,1.46880000521343e-15
0.594625,-0.00522167987805633
0.59475,-0.00738457050192217
0.594875,-0.00522167987805906
0.595,-2.38793861647485e-15
0.595125,0.00522167987805805
0.59525,0.00738457050192217
0.595375,0.00522167987806208
0.5955,-5.10366454471571e-17
0.595625,-0.00522167987805503
0.59575,-0.00738457050192217
0.595875,-0.00522167987806036
0.596,-4.22621583899769e-15
0.596125,0.00522167987805675
0.59625,0.00738457050192217
0.596375,0.00522167987806101
0.5965,1.78724057707568e-15
0.596625,-0.0052216798780561
0.59675,-0.00738457050192217
0.596875,-0.00522167987805928
0.597,-2.7063791883371e-15
0.597125,0.00522167987805783
0.59725,0.00738457050192217
0.597375,0.00522167987806231
0.5975,2.67403926415092e-16
0.597625,-0.00522167987805718
0.59775,-0.00738457050192217
0.597875,-0.00522167987806058
0.598,-4.54465641085994e-15
0.598125,0.0052216798780589
0.59825,0.00738457050192217
0.598375,0.00522167987806123
0.5985,2.10568114893793e-15
0.598625,-0.00522167987805588
0.59875,-0.00738457050192217
0.598875,-0.00522167987805951
0.599,-3.02481976019935e-15
0.599125,0.0052216798780576
0.59925,0.00738457050192217
0.599375,0.00522167987806253
0.5995,5.85844498277342e-16
0.599625,-0.00522167987805695
0.59975,-0.00738457050192217
0.599875,-0.00522167987806081
0.6,-4.86309698272219e-15
0.600125,0.00522167987805868
0.60025,0.00738457050192217
0.600375,0.00522167987806146
0.6005,2.42412172080018e-15
0.600625,-0.00522167987805565
0.60075,-0.00738457050192217
0.600875,-0.00522167987805973
0.601,-3.3432603320616e-15
0.601125,0.00522167987805738
0.60125,0.00738457050192217
0.601375,0.00522167987806038
0.6015,9.04285070139591e-16
0.601625,-0.00522167987805673
0.60175,-0.00738457050192217
0.601875,-0.00522167987805866
0.602,-5.18153755458444e-15
0.602125,0.00522167987805845
0.60225,0.00738457050192217
0.602375,0.00522167987806168
0.6025,2.74256229266243e-15
0.602625,-0.00522167987805543
0.60275,-0.00738457050192217
0.602875,-0.00522167987805996
0.603,-3.66170090392385e-15
0.603125,0.00522167987805715
0.60325,0.00738457050192217
0.603375,0.00522167987806061
0.6035,1.22272564200184e-15
0.603625,-0.0052216798780565
0.60375,-0.00738457050192217
0.603875,-0.00522167987805888
0.604,-2.14186425326326e-15
0.604125,0.00522167987805823
0.60425,0.00738457050192217
0.604375,0.00522167987806191
0.6045,-2.9711100865875e-16
0.604625,-0.0052216798780552
0.60475,-0.00738457050192217
0.604875,-0.00522167987806018
0.605,-3.9801414757861e-15
0.605125,0.00522167987805693
0.60525,0.00738457050192217
0.605375,0.00522167987806083
0.6055,1.54116621386409e-15
0.605625,-0.00522167987805628
0.60575,-0.00738457050192217
0.605875,-0.00522167987805911
0.606,-2.46030482512551e-15
0.606125,0.005221679878058
0.60625,0.00738457050192217
0.606375,0.00522167987806213
0.6065,2.13295632034993e-17
0.606625,-0.00522167987805735
0.60675,-0.00738457050192217
0.606875,-0.00522167987806041
0.607,-4.29858204764835e-15
0.607125,0.00522167987805908
0.60725,0.00738457050192217
0.607375,0.00522167987806106
0.6075,1.85960678572634e-15
0.607625,-0.00522167987805605
0.60775,-0.00738457050192217
0.607875,-0.00522167987805933
0.608,-2.77874539698776e-15
0.608125,0.00522167987805778
0.60825,0.00738457050192217
0.608375,0.00522167987806236
0.6085,3.39770135065749e-16
0.608625,-0.00522167987805713
0.60875,-0.00738457050192217
0.608875,-0.00522167987806063
0.609,-4.6170226195106e-15
0.609125,0.00522167987805885
0.60925,0.00738457050192217
0.609375,0.00522167987806128
0.6095,2.17804735758859e-15
0.609625,-0.00522167987805583
0.60975,-0.00738457050192217
0.609875,-0.00522167987806431
0.61,-3.09718596885001e-15
0.610125,0.00522167987805755
0.61025,0.00738457050192217
0.610375,0.00522167987806021
0.6105,6.58210706927998e-16
0.610625,-0.0052216798780569
0.61075,-0.00738457050192217
0.610875,-0.00522167987806323
0.611,-4.93546319137285e-15
0.611125,0.00522167987805863
0.61125,0.00738457050192217
0.611375,0.00522167987806151
0.6115,2.49648792945084e-15
0.611625,-0.0052216798780556
0.61175,-0.00738457050192217
0.611875,-0.00522167987806216
0.612,-3.41562654071226e-15
0.612125,0.00522167987805733
0.61225,0.00738457050192217
0.612375,0.00522167987806043
0.6125,9.76651278790248e-16
0.612625,-0.00522167987805668
0.61275,-0.00738457050192217
0.612875,-0.00522167987806346
0.613,-1.89578989005167e-15
0.613125,0.0052216798780584
0.61325,0.00738457050192217
0.613375,0.00522167987806173
0.6135,-5.43185371870343e-16
0.613625,-0.00522167987805538
0.61375,-0.00738457050192217
0.613875,-0.00522167987806238
0.614,-3.73406711257451e-15
0.614125,0.00522167987805948
0.61425,0.00738457050192217
0.614375,0.00522167987806066
0.6145,1.2950918506525e-15
0.614625,-0.00522167987805645
0.61475,-0.00738457050192217
0.614875,-0.00522167987806368
0.615,-2.21423046191392e-15
0.615125,0.00522167987805818
0.61525,0.00738457050192217
0.615375,0.00522167987806196
0.6155,-2.24744800008094e-16
0.615625,-0.00522167987805753
0.61575,-0.00738457050192217
0.615875,-0.00522167987806261
0.616,-4.05250768443676e-15
0.616125,0.00522167987805925
0.61625,0.00738457050192217
0.616375,0.00522167987806088
0.6165,1.61353242251475e-15
0.616625,-0.00522167987805623
0.61675,-0.00738457050192217
0.616875,-0.00522167987806391
0.617,-2.53267103377617e-15
0.617125,0.00522167987805795
0.61725,0.00738457050192217
0.617375,0.00522167987806218
0.6175,9.36957718541557e-17
0.617625,-0.0052216798780573
0.61775,-0.00738457050192217
0.617875,-0.00522167987806283
0.618,-4.37094825629901e-15
0.618125,0.00522167987805903
0.61825,0.00738457050192217
0.618375,0.00522167987806111
0.6185,1.931972994377e-15
0.618625,-0.005221679878056
0.61875,-0.00738457050192217
0.618875,-0.00522167987806176
0.619,-2.85111160563842e-15
0.619125,0.00522167987805773
0.61925,0.00738457050192217
0.619375,0.00522167987806003
0.6195,4.12136343716405e-16
0.619625,-0.00522167987805708
0.61975,-0.00738457050192217
0.619875,-0.00522167987806306
0.62,-4.68938882816126e-15
0.620125,0.0052216798780588
0.62025,0.00738457050192217
0.620375,0.00522167987806133
0.6205,-1.10770030694419e-15
0.620625,-0.00522167987805578
0.62075,-0.00738457050192217
0.620875,-0.00522167987806198
0.621,-3.16955217750067e-15
0.621125,0.0052216798780575
0.62125,0.00738457050192217
0.621375,0.00522167987806026
0.6215,7.30576915578655e-16
0.621625,-0.00522167987805685
0.62175,-0.00738457050192217
0.621875,-0.00522167987806328
0.622,-1.64971552684007e-15
0.622125,0.00522167987805858
0.62225,0.00738457050192217
0.622375,0.00522167987806156
0.6225,-7.89259735081936e-16
0.622625,-0.00522167987805555
0.62275,-0.00738457050192217
0.622875,-0.00522167987806221
0.623,-3.48799274936292e-15
0.623125,0.00522167987805965
0.62325,0.00738457050192217
0.623375,0.00522167987806048
0.6235,1.0490174874409e-15
0.623625,-0.00522167987805662
0.62375,-0.00738457050192217
0.623875,-0.00522167987806351
0.624,-1.96815609870232e-15
0.624125,0.00522167987805835
0.62425,0.00738457050192217
0.624375,0.00522167987806178
0.6245,-4.70819163219687e-16
0.624625,-0.0052216798780577
0.62475,-0.00738457050192217
0.624875,-0.00522167987806243
0.625,-3.80643332122517e-15
0.625125,0.00522167987805942
0.62525,0.00738457050192217
0.625375,0.00522167987806071
0.6255,4.72557193248659e-15
0.625625,-0.0052216798780564
0.62575,-0.00738457050192217
0.625875,-0.00522167987806373
0.626,-2.28659667056457e-15
0.626125,0.00522167987805812
0.62625,0.00738457050192217
0.626375,0.00522167987806201
0.6265,6.56384915500943e-15
0.626625,-0.00522167987805747
0.62675,-0.00738457050192217
0.626875,-0.00522167987806266
0.627,-4.12487389308742e-15
0.627125,0.0052216798780592
0.62725,0.00738457050192217
0.627375,0.00522167987806093
0.6275,5.04401250434883e-15
0.627625,-0.00522167987805618
0.62775,-0.00738457050192217
0.627875,-0.00522167987806158
0.628,-2.60503724242682e-15
0.628125,0.0052216798780579
0.62825,0.00738457050192217
0.628375,0.00522167987805986
0.6285,6.88228972687168e-15
0.628625,-0.00522167987805725
0.62875,-0.00738457050192217
0.628875,-0.00522167987806288
0.629,-4.44331446494966e-15
0.629125,0.00522167987805897
0.62925,0.00738457050192217
0.629375,0.00522167987806116
0.6295,5.36245307621108e-15
0.629625,-0.00522167987805595
0.62975,-0.00738457050192217
0.629875,-0.00522167987806181
0.63,-2.92347781428907e-15
0.630125,0.00522167987805767
0.63025,0.00738457050192217
0.630375,0.00522167987806008
0.6305,3.84261642555049e-15
0.630625,-0.00522167987805702
0.63075,-0.00738457050192217
0.630875,-0.00522167987806311
0.631,-1.40364116362848e-15
0.631125,0.00522167987805875
0.63125,0.00738457050192217
0.631375,0.00522167987806138
0.6315,5.68089364807333e-15
0.631625,-0.0052216798780581
0.63175,-0.00738457050192217
0.631875,-0.00522167987806203
0.632,-3.24191838615132e-15
0.632125,0.00522167987805982
0.63225,0.00738457050192217
0.632375,0.00522167987806031
0.6325,4.16105699741274e-15
0.632625,-0.0052216798780568
0.63275,-0.00738457050192217
0.632875,-0.00522167987806333
0.633,-1.72208173549073e-15
0.633125,0.00522167987805852
0.63325,0.00738457050192217
0.633375,0.00522167987806161
0.6335,5.99933421993558e-15
0.633625,-0.00522167987805787
0.63375,-0.00738457050192217
0.633875,-0.00522167987806226
0.634,-3.56035895801357e-15
0.634125,0.0052216798780596
0.63425,0.00738457050192217
0.634375,0.00522167987806053
0.6345,4.47949756927499e-15
0.634625,-0.00522167987805657
0.63475,-0.00738457050192217
0.634875,-0.00522167987806356
0.635,-2.04052230735298e-15
0.635125,0.0052216798780583
0.63525,0.00738457050192217
0.635375,0.00522167987806183
0.6355,6.31777479179783e-15
0.635625,-0.00522167987805765
0.63575,-0.00738457050192217
0.635875,-0.00522167987806248
0.636,-3.87879952987582e-15
0.636125,0.00522167987805937
0.63625,0.00738457050192217
0.636375,0.00522167987806076
0.6365,4.79793814113724e-15
0.636625,-0.00522167987805635
0.63675,-0.00738457050192217
0.636875,-0.00522167987806141
0.637,-2.35896287921523e-15
0.637125,0.00522167987805807
0.63725,0.00738457050192217
0.637375,0.00522167987805968
0.6375,6.63621536366008e-15
0.637625,-0.00522167987805742
0.63775,-0.00738457050192217
0.637875,-0.00522167987806271
0.638,-8.39126228554639e-16
0.638125,0.00522167987805915
0.63825,0.00738457050192217
0.638375,0.00522167987806098
0.6385,5.11637871299949e-15
0.638625,-0.00522167987805612
0.63875,-0.00738457050192217
0.638875,-0.00522167987806164
0.639,-2.67740345107748e-15
0.639125,0.00522167987805785
0.63925,0.00738457050192217
0.639375,0.00522167987805991
0.6395,3.5965420623389e-15
0.639625,-0.0052216798780572
0.63975,-0.00738457050192217
0.639875,-0.00522167987806293
0.64,-1.15756680041689e-15
0.640125,0.00522167987805892
0.64025,0.00738457050192217
0.640375,0.00522167987806121
0.6405,5.43481928486174e-15
0.640625,-0.00522167987805827
0.64075,-0.00738457050192217
0.640875,-0.00522167987806186
0.641,-2.99584402293973e-15
0.641125,0.00522167987805525
0.64125,0.00738457050192217
0.641375,0.00522167987806014
0.6415,3.91498263420115e-15
0.641625,-0.00522167987805697
0.64175,-0.00738457050192217
0.641875,-0.00522167987806316
0.642,-1.47600737227914e-15
0.642125,0.00522167987805632
0.64225,0.00738457050192217
0.642375,0.00522167987806144
0.6425,5.75325985672399e-15
0.642625,-0.00522167987805805
0.64275,-0.00738457050192217
0.642875,-0.00522167987806209
0.643,-3.31428459480198e-15
0.643125,0.00522167987805502
0.64325,0.00738457050192217
0.643375,0.00522167987806036
0.6435,4.2334232060634e-15
0.643625,-0.00522167987805675
0.64375,-0.00738457050192217
0.643875,-0.00522167987806339
0.644,-1.79444794414139e-15
0.644125,0.0052216798780561
0.64425,0.00738457050192217
0.644375,0.00522167987805929
0.6445,6.07170042858624e-15
0.644625,-0.00522167987805782
0.64475,-0.00738457050192217
0.644875,-0.00522167987806231
0.645,-3.63272516666423e-15
0.645125,0.0052216798780548
0.64525,0.00738457050192217
0.645375,0.00522167987806059
0.6455,4.55186377792565e-15
0.645625,-0.00522167987805652
0.64575,-0.00738457050192217
0.645875,-0.00522167987806124
0.646,-2.11288851600364e-15
0.646125,0.00522167987805587
0.64625,0.00738457050192217
0.646375,0.00522167987805951
0.6465,6.39014100044849e-15
0.646625,-0.0052216798780576
0.64675,-0.00738457050192217
0.646875,-0.00522167987806254
0.647,-5.93051865343046e-16
0.647125,0.00522167987805457
0.64725,0.00738457050192217
0.647375,0.00522167987806081
0.6475,4.8703043497879e-15
0.647625,-0.0052216798780563
0.64775,-0.00738457050192217
0.647875,-0.00522167987806146
0.648,-2.43132908786589e-15
0.648125,0.00522167987805565
0.64825,0.00738457050192217
0.648375,0.00522167987805974
0.6485,3.35046769912731e-15
0.648625,-0.00522167987805737
0.64875,-0.00738457050192217
0.648875,-0.00522167987806276
0.649,-9.11492437205296e-16
0.649125,0.00522167987805672
0.64925,0.00738457050192217
0.649375,0.00522167987806104
0.6495,5.18874492165015e-15
0.649625,-0.00522167987805845
0.64975,-0.00738457050192217
0.649875,-0.00522167987806169
0.65,-2.74976965972814e-15
0.650125,0.00522167987805542
0.65025,0.00738457050192217
0.650375,0.00522167987805996
0.6505,3.66890827098956e-15
0.650625,-0.00522167987805715
0.65075,-0.00738457050192217
0.650875,-0.00522167987806299
0.651,-1.22993300906755e-15
0.651125,0.0052216798780565
0.65125,0.00738457050192217
0.651375,0.00522167987806126
0.6515,5.5071854935124e-15
0.651625,-0.00522167987805822
0.65175,-0.00738457050192217
0.651875,-0.00522167987806191
0.652,-3.06821023159039e-15
0.652125,0.0052216798780552
0.65225,0.00738457050192217
0.652375,0.00522167987806256
0.6525,7.34546271603524e-15
0.652625,-0.00522167987805692
0.65275,-0.00738457050192217
0.652875,-0.00522167987806084
0.653,-4.90648745411323e-15
0.653125,0.0052216798780539
0.65325,0.00738457050192217
0.653375,0.00522167987805911
0.6535,2.46751219219122e-15
0.653625,-0.00522167987805562
0.65375,-0.00738457050192217
0.653875,-0.00522167987806214
0.654,-2.85369302692036e-17
0.654125,0.00522167987805735
0.65425,0.00738457050192217
0.654375,0.00522167987806041
0.6545,4.30578941471406e-15
0.654625,-0.00522167987805907
0.65475,-0.00738457050192217
0.654875,-0.00522167987806344
0.655,-1.86681415279204e-15
0.655125,0.00522167987805605
0.65525,0.00738457050192217
0.655375,0.00522167987806171
0.6555,6.1440666372369e-15
0.655625,-0.00522167987805777
0.65575,-0.00738457050192217
0.655875,-0.00522167987805999
0.656,-3.70509137531489e-15
0.656125,0.00522167987805475
0.65625,0.00738457050192217
0.656375,0.00522167987805826
0.6565,1.26611611339287e-15
0.656625,-0.00522167987805647
0.65675,-0.00738457050192217
0.656875,-0.00522167987806129
0.657,1.17285914852914e-15
0.657125,0.00522167987805345
0.65725,0.00738457050192217
0.657375,0.00522167987805956
0.6575,3.10439333591571e-15
0.657625,-0.00522167987805992
0.65775,-0.00738457050192217
0.657875,-0.00522167987806259
0.658,-6.65418073993703e-16
0.658125,0.0052216798780569
0.65825,0.00738457050192217
0.658375,0.00522167987806086
0.6585,4.94267055843855e-15
0.658625,-0.00522167987805862
0.65875,-0.00738457050192217
0.658875,-0.00522167987806389
0.659,-2.50369529651654e-15
0.659125,0.0052216798780556
0.65925,0.00738457050192217
0.659375,0.00522167987806216
0.6595,6.7809477809614e-15
0.659625,-0.00522167987805732
0.65975,-0.00738457050192217
0.659875,-0.00522167987806044
0.66,-4.34197251903938e-15
0.660125,0.0052216798780543
0.66025,0.00738457050192217
0.660375,0.00522167987805871
0.6605,1.90299725711737e-15
0.660625,-0.00522167987805602
0.66075,-0.00738457050192217
0.660875,-0.00522167987806174
0.661,5.35978004804639e-16
0.661125,0.00522167987805775
0.66125,0.00738457050192217
0.661375,0.00522167987806001
0.6615,3.74127447964021e-15
0.661625,-0.00522167987805947
0.66175,-0.00738457050192217
0.661875,-0.00522167987806304
0.662,-1.3022992177182e-15
0.662125,0.00522167987805645
0.66225,0.00738457050192217
0.662375,0.00522167987806131
0.6625,5.57955170216305e-15
0.662625,-0.00522167987805817
0.66275,-0.00738457050192217
0.662875,-0.00522167987805959
0.663,-3.14057644024104e-15
0.663125,0.00522167987805515
0.66325,0.00738457050192217
0.663375,0.00522167987805786
0.6635,7.41782892468589e-15
0.663625,-0.00522167987805687
0.66375,-0.00738457050192217
0.663875,-0.00522167987806089
0.664,1.73737408360298e-15
0.664125,0.00522167987805385
0.66425,0.00738457050192217
0.664375,0.00522167987805916
0.6645,2.53987840084187e-15
0.664625,-0.00522167987805557
0.66475,-0.00738457050192217
0.664875,-0.00522167987806219
0.665,-1.0090313891986e-16
0.665125,0.0052216798780573
0.66525,0.00738457050192217
0.665375,0.00522167987806046
0.6655,4.37815562336471e-15
0.665625,-0.00522167987805902
0.66575,-0.00738457050192217
0.665875,-0.00522167987806349
0.666,-1.9391803614427e-15
0.666125,0.005221679878056
0.66625,0.00738457050192217
0.666375,0.00522167987806176
0.6665,6.21643284588755e-15
0.666625,-0.00522167987805772
0.66675,-0.00738457050192217
0.666875,-0.00522167987806004
0.667,-3.77745758396554e-15
0.667125,0.0052216798780547
0.66725,0.00738457050192217
0.667375,0.00522167987805831
0.6675,1.33848232204353e-15
0.667625,-0.00522167987805642
0.66775,-0.00738457050192217
0.667875,-0.00522167987806134
0.668,1.10049293987848e-15
0.668125,0.00522167987805815
0.66825,0.00738457050192217
0.668375,0.00522167987805961
0.6685,3.17675954456637e-15
0.668625,-0.00522167987805987
0.66875,-0.00738457050192217
0.668875,-0.00522167987806264
0.669,-7.37784282644359e-16
0.669125,0.00522167987805685
0.66925,0.00738457050192217
0.669375,0.00522167987806091
0.6695,5.01503676708921e-15
0.669625,-0.00522167987805857
0.66975,-0.00738457050192217
0.669875,-0.00522167987806394
0.67,-2.5760615051672e-15
0.670125,0.00522167987805555
0.67025,0.00738457050192217
0.670375,0.00522167987805746
0.6705,6.85331398961205e-15
0.670625,-0.00522167987805727
0.67075,-0.00738457050192217
0.670875,-0.00522167987806049
0.671,-4.41433872769004e-15
0.671125,0.00522167987805425
0.67125,0.00738457050192217
0.671375,0.00522167987805876
0.6715,1.97536346576803e-15
0.671625,-0.00522167987805597
0.67175,-0.00738457050192217
0.671875,-0.00522167987806179
0.672,4.63611796153983e-16
0.672125,0.0052216798780577
0.67225,0.00738457050192217
0.672375,0.00522167987806481
0.6725,3.81364068829087e-15
0.672625,-0.00522167987805942
0.67275,-0.00738457050192217
0.672875,-0.00522167987806309
0.673,-1.37466542636886e-15
0.673125,0.0052216798780564
0.67325,0.00738457050192217
0.673375,0.00522167987806136
0.6735,5.65191791081371e-15
0.673625,-0.00522167987805812
0.67375,-0.00738457050192217
0.673875,-0.00522167987805964
0.674,-3.2129426488917e-15
0.674125,0.0052216798780551
0.67425,0.00738457050192217
0.674375,0.00522167987806266
0.6745,7.73967386969687e-16
0.674625,-0.00522167987805682
0.67475,-0.00738457050192217
0.674875,-0.00522167987806094
0.675,1.66500787495232e-15
0.675125,0.00522167987805854
0.67525,0.00738457050192217
0.675375,0.00522167987806396
0.6755,2.61224460949253e-15
0.675625,-0.00522167987806027
0.67575,-0.00738457050192217
0.675875,-0.00522167987806224
0.676,-1.73269347570516e-16
0.676125,0.00522167987805724
0.67625,0.00738457050192217
0.676375,0.00522167987806526
0.6765,4.45052183201537e-15
0.676625,-0.00522167987805897
0.67675,-0.00738457050192217
0.676875,-0.00522167987806354
0.677,-2.01154657009336e-15
0.677125,0.00522167987805594
0.67725,0.00738457050192217
0.677375,0.00522167987806181
0.6775,6.28879905453821e-15
0.677625,-0.00522167987805767
0.67775,-0.00738457050192217
0.677875,-0.00522167987806009
0.678,-3.8498237926162e-15
0.678125,0.00522167987805465
0.67825,0.00738457050192217
0.678375,0.00522167987806311
0.6785,1.41084853069419e-15
0.678625,-0.00522167987805637
0.67875,-0.00738457050192217
0.678875,-0.00522167987806139
0.679,1.02812673122783e-15
0.679125,0.00522167987805809
0.67925,0.00738457050192217
0.679375,0.00522167987806441
0.6795,3.24912575321703e-15
0.679625,-0.00522167987805982
0.67975,-0.00738457050192217
0.679875,-0.00522167987806269
0.68,-8.10150491295015e-16
0.680125,0.00522167987805679
0.68025,0.00738457050192217
0.680375,0.00522167987806096
0.6805,5.08740297573987e-15
0.680625,-0.00522167987805852
0.68075,-0.00738457050192217
0.680875,-0.00522167987805924
0.681,-2.64842771381786e-15
0.681125,0.00522167987805549
0.68125,0.00738457050192217
0.681375,0.00522167987806227
0.6815,2.09452451895845e-16
0.681625,-0.00522167987805722
0.68175,-0.00738457050192217
0.681875,-0.00522167987806054
0.682,2.22952281002617e-15
0.682125,0.00522167987805419
0.68225,0.00738457050192217
0.682375,0.00522167987806356
0.6825,2.04772967441869e-15
0.682625,-0.00522167987805592
0.68275,-0.00738457050192217
0.682875,-0.00522167987806184
0.683,3.91245587503326e-16
0.683125,0.00522167987805764
0.68325,0.00738457050192217
0.683375,0.00522167987806486
0.6835,3.88600689694153e-15
0.683625,-0.00522167987805937
0.68375,-0.00738457050192217
0.683875,-0.00522167987806314
0.684,-1.44703163501951e-15
0.684125,0.00522167987805634
0.68425,0.00738457050192217
0.684375,0.00522167987806141
0.6845,5.72428411946437e-15
0.684625,-0.00522167987805807
0.68475,-0.00738457050192217
0.684875,-0.00522167987805969
0.685,-3.28530885754236e-15
0.685125,0.00522167987805504
0.68525,0.00738457050192217
0.685375,0.00522167987806272
0.6855,8.46333595620344e-16
0.685625,-0.00522167987805677
0.68575,-0.00738457050192217
0.685875,-0.00522167987806099
0.686,1.59264166630167e-15
0.686125,0.00522167987805849
0.68625,0.00738457050192217
0.686375,0.00522167987806401
0.6865,2.68461081814318e-15
0.686625,-0.00522167987806022
0.68675,-0.00738457050192217
0.686875,-0.00522167987806229
0.687,-2.45635556221173e-16
0.687125,0.00522167987805719
0.68725,0.00738457050192217
0.687375,0.00522167987806531
0.6875,4.52288804066602e-15
0.687625,-0.00522167987805892
0.68775,-0.00738457050192217
0.687875,-0.00522167987805884
0.688,-8.80014052511088e-15
0.688125,0.00522167987805589
0.68825,0.00738457050192217
0.688375,0.00522167987806187
0.6885,6.36116526318887e-15
0.688625,-0.00522167987805762
0.68875,-0.00738457050192217
0.688875,-0.00522167987806014
0.689,-3.92219000126685e-15
0.689125,0.00522167987805459
0.68925,0.00738457050192217
0.689375,0.00522167987806317
0.6895,1.48321473934484e-15
0.689625,-0.00522167987805632
0.68975,-0.00738457050192217
0.689875,-0.00522167987806144
0.69,-5.76046722378969e-15
0.690125,0.00522167987805804
0.69025,0.00738457050192217
0.690375,0.00522167987806446
0.6905,3.32149196186768e-15
0.690625,-0.00522167987805977
0.69075,-0.00738457050192217
0.690875,-0.00522167987806274
0.691,-7.59874444631254e-15
0.691125,0.00522167987805674
0.69125,0.00738457050192217
0.691375,0.00522167987806102
0.6915,5.15976918439052e-15
0.691625,-0.00522167987805847
0.69175,-0.00738457050192217
0.691875,-0.00522167987805929
0.692,-2.72079392246851e-15
0.692125,0.00522167987805544
0.69225,0.00738457050192217
0.692375,0.00522167987806232
0.6925,2.81818660546501e-16
0.692625,-0.00522167987805717
0.69275,-0.00738457050192217
0.692875,-0.00522167987806059
0.693,-4.55907114499135e-15
0.693125,0.00522167987805889
0.69325,0.00738457050192217
0.693375,0.00522167987806361
0.6935,2.12009588306934e-15
0.693625,-0.00522167987806062
0.69375,-0.00738457050192217
0.693875,-0.00522167987806189
0.694,-6.39734836751419e-15
0.694125,0.00522167987805759
0.69425,0.00738457050192217
0.694375,0.00522167987806492
0.6945,3.95837310559218e-15
0.694625,-0.00522167987805932
0.69475,-0.00738457050192217
0.694875,-0.00522167987806319
0.695,-8.23562559003703e-15
0.695125,0.00522167987805629
0.69525,0.00738457050192217
0.695375,0.00522167987806147
0.6955,5.79665032811502e-15
0.695625,-0.00522167987805802
0.69575,-0.00738457050192217
0.695875,-0.00522167987805974
0.696,-3.35767506619301e-15
0.696125,0.00522167987805499
0.69625,0.00738457050192217
0.696375,0.00522167987806277
0.6965,9.18699804271e-16
0.696625,-0.00522167987805672
0.69675,-0.00738457050192217
0.696875,-0.00522167987806104
0.697,-5.19595228871585e-15
0.697125,0.00522167987805844
0.69725,0.00738457050192217
0.697375,0.00522167987806407
0.6975,2.75697702679384e-15
0.697625,-0.00522167987806017
0.69775,-0.00738457050192217
0.697875,-0.00522167987806234
0.698,-7.03422951123869e-15
0.698125,0.00522167987805714
0.69825,0.00738457050192217
0.698375,0.00522167987806062
0.6985,4.59525424931668e-15
0.698625,-0.00522167987805887
0.69875,-0.00738457050192217
0.698875,-0.00522167987805889
0.699,-2.15627898739467e-15
0.699125,0.00522167987805584
0.69925,0.00738457050192217
0.699375,0.00522167987806192
0.6995,-2.82696274527342e-16
0.699625,-0.00522167987805757
0.69975,-0.00738457050192217
0.699875,-0.00522167987806019
0.7,-3.99455620991751e-15
0.700125,0.00522167987805454
0.70025,0.00738457050192217
0.700375,0.00522167987806322
0.7005,1.5555809479955e-15
0.700625,-0.00522167987806102
0.70075,-0.00738457050192217
0.700875,-0.00522167987806149
0.701,-5.83283343244035e-15
0.701125,0.00522167987805799
0.70125,0.00738457050192217
0.701375,0.00522167987806452
0.7015,3.39385817051834e-15
0.701625,-0.00522167987805972
0.70175,-0.00738457050192217
0.701875,-0.00522167987806279
0.702,-7.67111065496319e-15
0.702125,0.00522167987805669
0.70225,0.00738457050192217
0.702375,0.00522167987806107
0.7025,5.23213539304118e-15
0.702625,-0.00522167987805842
0.70275,-0.00738457050192217
0.702875,-0.00522167987805934
0.703,-2.79316013111917e-15
0.703125,0.00522167987805539
0.70325,0.00738457050192217
0.703375,0.00522167987806237
0.7035,3.54184869197157e-16
0.703625,-0.00522167987805712
0.70375,-0.00738457050192217
0.703875,-0.00522167987806064
0.704,-4.63143735364201e-15
0.704125,0.00522167987805884
0.70425,0.00738457050192217
0.704375,0.00522167987806367
0.7045,2.19246209172e-15
0.704625,-0.00522167987805582
0.70475,-0.00738457050192217
0.704875,-0.00522167987806194
0.705,-6.46971457616485e-15
0.705125,0.00522167987805754
0.70525,0.00738457050192217
0.705375,0.00522167987806022
0.7055,4.03073931424284e-15
0.705625,-0.00522167987805452
0.70575,-0.00738457050192217
0.705875,-0.00522167987805849
0.706,-8.30799179868769e-15
0.706125,0.00522167987805624
0.70625,0.00738457050192217
0.706375,0.00522167987806152
0.7065,5.86901653676568e-15
0.706625,-0.00522167987805322
0.70675,-0.00738457050192217
0.706875,-0.00522167987805979
0.707,-3.43004127484367e-15
0.707125,0.00522167987805494
0.70725,0.00738457050192217
0.707375,0.00522167987806282
0.7075,9.91066012921656e-16
0.707625,-0.00522167987805667
0.70775,-0.00738457050192217
0.707875,-0.00522167987806109
0.708,-5.26831849736651e-15
0.708125,0.00522167987805839
0.70825,0.00738457050192217
0.708375,0.00522167987806412
0.7085,2.8293432354445e-15
0.708625,-0.00522167987805537
0.70875,-0.00738457050192217
0.708875,-0.00522167987806239
0.709,-7.10659571988935e-15
0.709125,0.00522167987805709
0.70925,0.00738457050192217
0.709375,0.00522167987806067
0.7095,4.66762045796734e-15
0.709625,-0.00522167987805407
0.70975,-0.00738457050192217
0.709875,-0.00522167987805894
0.71,-2.22864519604533e-15
0.710125,0.00522167987805579
0.71025,0.00738457050192217
0.710375,0.00522167987806197
0.7105,-2.10330065876685e-16
0.710625,-0.00522167987805752
0.71075,-0.00738457050192217
0.710875,-0.00522167987806024
0.711,-4.06692241856817e-15
0.711125,0.00522167987805924
0.71125,0.00738457050192217
0.711375,0.00522167987806327
0.7115,1.62794715664616e-15
0.711625,-0.00522167987805622
0.71175,-0.00738457050192217
0.711875,-0.00522167987806154
0.712,-5.90519964109101e-15
0.712125,0.00522167987805794
0.71225,0.00738457050192217
0.712375,0.00522167987806457
0.7125,3.466224379169e-15
0.712625,-0.00522167987805492
0.71275,-0.00738457050192217
0.712875,-0.00522167987806284
0.713,-7.74347686361385e-15
0.713125,0.00522167987805664
0.71325,0.00738457050192217
0.713375,0.00522167987806112
0.7135,5.30450160169184e-15
0.713625,-0.00522167987805362
0.71375,-0.00738457050192217
0.713875,-0.00522167987805939
0.714,-2.86552633976983e-15
0.714125,0.00522167987805534
0.71425,0.00738457050192217
0.714375,0.00522167987806242
0.7145,4.26551077847814e-16
0.714625,-0.00522167987805707
0.71475,-0.00738457050192217
0.714875,-0.00522167987806069
0.715,-4.70380356229267e-15
0.715125,0.00522167987805879
0.71525,0.00738457050192217
0.715375,0.00522167987806372
0.7155,2.26482830037065e-15
0.715625,-0.00522167987805577
0.71575,-0.00738457050192217
0.715875,-0.00522167987806199
0.716,-6.54208078481551e-15
0.716125,0.00522167987805749
0.71625,0.00738457050192217
0.716375,0.00522167987806027
0.7165,4.1031055228935e-15
0.716625,-0.00522167987805447
0.71675,-0.00738457050192217
0.716875,-0.00522167987805854
0.717,-1.66413026097148e-15
0.717125,0.00522167987805619
0.71725,0.00738457050192217
0.717375,0.00522167987806157
0.7175,-7.74845000950528e-16
0.717625,-0.00522167987805317
0.71775,-0.00738457050192217
0.717875,-0.00522167987805984
0.718,-3.50240748349432e-15
0.718125,0.00522167987805964
0.71825,0.00738457050192217
0.718375,0.00522167987806287
0.7185,1.06343222157231e-15
0.718625,-0.00522167987805662
0.71875,-0.00738457050192217
0.718875,-0.00522167987806114
0.719,-5.34068470601716e-15
0.719125,0.00522167987805834
0.71925,0.00738457050192217
0.719375,0.00522167987806417
0.7195,2.90170944409515e-15
0.719625,-0.00522167987805532
0.71975,-0.00738457050192217
0.719875,-0.00522167987806244
0.72,-7.17896192854e-15
0.720125,0.00522167987805704
0.72025,0.00738457050192217
0.720375,0.00522167987806072
0.7205,4.73998666661799e-15
0.720625,-0.00522167987805402
0.72075,-0.00738457050192217
0.720875,-0.00522167987805899
0.721,-2.30101140469598e-15
0.721125,0.00522167987805574
0.72125,0.00738457050192217
0.721375,0.00522167987806202
0.7215,-1.37963857226029e-16
0.721625,-0.00522167987805746
0.72175,-0.00738457050192217
0.721875,-0.00522167987806029
0.722,-4.13928862721882e-15
0.722125,0.00522167987805919
0.72225,0.00738457050192217
0.722375,0.00522167987806332
0.7225,1.70031336529681e-15
0.722625,-0.00522167987805617
0.72275,-0.00738457050192217
0.722875,-0.00522167987806159
0.723,-5.97756584974166e-15
0.723125,0.00522167987805789
0.72325,0.00738457050192217
0.723375,0.00522167987805987
0.7235,3.53859058781965e-15
0.723625,-0.00522167987805486
0.72375,-0.00738457050192217
0.723875,-0.00522167987805815
0.724,-7.8158430722645e-15
0.724125,0.00522167987805659
0.72425,0.00738457050192217
0.724375,0.00522167987806117
0.7245,-1.33935993602437e-15
0.724625,-0.00522167987805357
0.72475,-0.00738457050192217
0.724875,-0.00522167987805944
0.725,-2.93789254842048e-15
0.725125,0.00522167987805529
0.72525,0.00738457050192217
0.725375,0.00522167987806247
0.7255,4.9891728649847e-16
0.725625,-0.00522167987805701
0.72575,-0.00738457050192217
0.725875,-0.00522167987806074
0.726,-4.77616977094332e-15
0.726125,0.00522167987805874
0.72625,0.00738457050192217
0.726375,0.00522167987806377
0.7265,2.33719450902131e-15
0.726625,-0.00522167987805571
0.72675,-0.00738457050192217
0.726875,-0.00522167987806204
0.727,-6.61444699346616e-15
0.727125,0.00522167987805744
0.72725,0.00738457050192217
0.727375,0.00522167987806032
0.7275,4.17547173154415e-15
0.727625,-0.00522167987805441
0.72775,-0.00738457050192217
0.727875,-0.0052216798780586
0.728,-1.73649646962214e-15
0.728125,0.00522167987805614
0.72825,0.00738457050192217
0.728375,0.00522167987806162
0.7285,-7.02478792299871e-16
0.728625,-0.00522167987805786
0.72875,-0.00738457050192217
0.728875,-0.00522167987805989
0.729,-3.57477369214498e-15
0.729125,0.00522167987805959
0.72925,0.00738457050192217
0.729375,0.00522167987806292
0.7295,1.13579843022297e-15
0.729625,-0.00522167987805656
0.72975,-0.00738457050192217
0.729875,-0.00522167987806119
0.73,-5.41305091466782e-15
0.730125,0.00522167987805829
0.73025,0.00738457050192217
0.730375,0.00522167987806422
0.7305,2.97407565274581e-15
0.730625,-0.00522167987805526
0.73075,-0.00738457050192217
0.730875,-0.00522167987805775
0.731,-7.25132813719066e-15
0.731125,0.00522167987805699
0.73125,0.00738457050192217
0.731375,0.00522167987806077
0.7315,4.81235287526865e-15
0.731625,-0.00522167987805396
0.73175,-0.00738457050192217
0.731875,-0.00522167987805905
0.732,-2.37337761334664e-15
0.732125,0.00522167987805569
0.73225,0.00738457050192217
0.732375,0.00522167987806207
0.7325,-6.55976485753724e-17
0.732625,-0.00522167987805741
0.73275,-0.00738457050192217
0.732875,-0.00522167987806035
0.733,-4.21165483586948e-15
0.733125,0.00522167987805914
0.73325,0.00738457050192217
0.733375,0.00522167987806337
0.7335,1.77267957394747e-15
0.733625,-0.00522167987805611
0.73375,-0.00738457050192217
0.733875,-0.00522167987806164
0.734,-6.04993205839232e-15
0.734125,0.00522167987805784
0.73425,0.00738457050192217
0.734375,0.00522167987805992
0.7345,3.61095679647031e-15
0.734625,-0.00522167987805481
0.73475,-0.00738457050192217
0.734875,-0.00522167987806294
0.735,-1.1719815345483e-15
0.735125,0.00522167987805654
0.73525,0.00738457050192217
0.735375,0.00522167987806122
0.7355,-1.26699372737371e-15
0.735625,-0.00522167987805826
0.73575,-0.00738457050192217
0.735875,-0.00522167987806424
0.736,-3.01025875707114e-15
0.736125,0.00522167987805999
0.73625,0.00738457050192217
0.736375,0.00522167987806252
0.7365,5.71283495149127e-16
0.736625,-0.00522167987805696
0.73675,-0.00738457050192217
0.736875,-0.00522167987806555
0.737,-4.84853597959398e-15
0.737125,0.00522167987805869
0.73725,0.00738457050192217
0.737375,0.00522167987806382
0.7375,2.40956071767197e-15
0.737625,-0.00522167987805566
0.73775,-0.00738457050192217
0.737875,-0.0052216798780621
0.738,-6.68681320211682e-15
0.738125,0.00522167987805739
0.73825,0.00738457050192217
0.738375,0.00522167987806037
0.7385,4.24783794019481e-15
0.738625,-0.00522167987805436
0.73875,-0.00738457050192217
0.738875,-0.0052216798780634
0.739,-1.8088626782728e-15
0.739125,0.00522167987805609
0.73925,0.00738457050192217
0.739375,0.00522167987806167
0.7395,-6.30112583649215e-16
0.739625,-0.00522167987805781
0.73975,-0.00738457050192217
0.739875,-0.0052216798780647
0.74,-3.64713990079564e-15
0.740125,0.00522167987805954
0.74025,0.00738457050192217
0.740375,0.00522167987806297
0.7405,1.20816463887363e-15
0.740625,-0.00522167987805651
0.74075,-0.00738457050192217
0.740875,-0.00522167987806125
0.741,-5.48541712331848e-15
0.741125,0.00522167987805824
0.74125,0.00738457050192217
0.741375,0.00522167987805952
0.7415,3.04644186139647e-15
0.741625,-0.00522167987805521
0.74175,-0.00738457050192217
0.741875,-0.00522167987806255
0.742,-6.07466599474455e-16
0.742125,0.00522167987805694
0.74225,0.00738457050192217
0.742375,0.00522167987806082
0.7425,-1.83150866244756e-15
0.742625,-0.00522167987805391
0.74275,-0.00738457050192217
0.742875,-0.00522167987806385
0.743,-2.4457438219973e-15
0.743125,0.00522167987805564
0.74325,0.00738457050192217
0.743375,0.00522167987806212
0.7435,6.76856007528399e-18
0.743625,-0.00522167987805736
0.74375,-0.00738457050192217
0.743875,-0.00522167987806515
0.744,-4.28402104452014e-15
0.744125,0.00522167987805909
0.74425,0.00738457050192217
0.744375,0.00522167987806342
0.7445,1.84504578259812e-15
0.744625,-0.00522167987805606
0.74475,-0.00738457050192217
0.744875,-0.0052216798780617
0.745,-6.12229826704298e-15
0.745125,0.00522167987805779
0.74525,0.00738457050192217
0.745375,0.00522167987805997
0.7455,3.68332300512097e-15
0.745625,-0.00522167987805476
0.74575,-0.00738457050192217
0.745875,-0.005221679878063
0.746,-1.24434774319895e-15
0.746125,0.00522167987805649
0.74625,0.00738457050192217
0.746375,0.00522167987806127
0.7465,-1.19462751872306e-15
0.746625,-0.00522167987805821
0.74675,-0.00738457050192217
0.746875,-0.0052216798780643
0.747,-3.08262496572179e-15
0.747125,0.00522167987805994
0.74725,0.00738457050192217
0.747375,0.00522167987806257
0.7475,6.43649703799783e-16
0.747625,-0.00522167987805691
0.74775,-0.00738457050192217
0.747875,-0.0052216798780656
0.748,-4.92090218824464e-15
0.748125,0.00522167987805864
0.74825,0.00738457050192217
0.748375,0.00522167987805912
0.7485,2.48192692632262e-15
0.748625,-0.00522167987805561
0.74875,-0.00738457050192217
0.748875,-0.00522167987806215
0.749,-6.75917941076748e-15
0.749125,0.00522167987805734
0.74925,0.00738457050192217
0.749375,0.00522167987806042
0.7495,4.32020414884546e-15
0.749625,-0.00522167987805431
0.74975,-0.00738457050192217
0.749875,-0.00522167987806345
0.75,-1.88122888692345e-15
0.750125,0.00522167987805604
0.75025,0.00738457050192217
0.750375,0.00522167987806172
0.7505,6.1584813713683e-15
0.750625,-0.00522167987805776
0.75075,-0.00738457050192217
0.750875,-0.00522167987806475
0.751,-3.71950610944629e-15
0.751125,0.00522167987805949
0.75125,0.00738457050192217
0.751375,0.00522167987806302
0.7515,7.99675859389115e-15
0.751625,-0.00522167987805646
0.75175,-0.00738457050192217
0.751875,-0.0052216798780613
0.752,-5.55778333196913e-15
0.752125,0.00522167987805819
0.75225,0.00738457050192217
0.752375,0.00522167987805957
0.7525,3.11880807004712e-15
0.752625,-0.00522167987805516
0.75275,-0.00738457050192217
0.752875,-0.0052216798780626
0.753,-6.79832808125111e-16
0.753125,0.00522167987805689
0.75325,0.00738457050192217
0.753375,0.00522167987806087
0.7535,4.95708529256996e-15
0.753625,-0.00522167987805861
0.75375,-0.00738457050192217
0.753875,-0.0052216798780639
0.754,-2.51811003064795e-15
0.754125,0.00522167987806034
0.75425,0.00738457050192217
0.754375,0.00522167987806217
0.7545,6.7953625150928e-15
0.754625,-0.00522167987805731
0.75475,-0.00738457050192217
0.754875,-0.0052216798780652
0.755,-4.35638725317079e-15
0.755125,0.00522167987805904
0.75525,0.00738457050192217
0.755375,0.00522167987806347
0.7555,8.63363973761564e-15
0.755625,-0.00522167987805601
0.75575,-0.00738457050192217
0.755875,-0.00522167987806175
0.756,-6.19466447569363e-15
0.756125,0.00522167987805774
0.75625,0.00738457050192217
0.756375,0.00522167987806002
0.7565,3.75568921377162e-15
0.756625,-0.00522167987805471
0.75675,-0.00738457050192217
0.756875,-0.00522167987806305
0.757,-1.31671395184961e-15
0.757125,0.00522167987805644
0.75725,0.00738457050192217
0.757375,0.00522167987806132
0.7575,5.59396643629446e-15
0.757625,-0.00522167987805816
0.75775,-0.00738457050192217
0.757875,-0.00522167987806435
0.758,-3.15499117437245e-15
0.758125,0.00522167987805989
0.75825,0.00738457050192217
0.758375,0.00522167987806262
0.7585,7.4322436588173e-15
0.758625,-0.00522167987805686
0.75875,-0.00738457050192217
0.758875,-0.0052216798780609
0.759,-4.99326839689529e-15
0.759125,0.00522167987805858
0.75925,0.00738457050192217
0.759375,0.00522167987805917
0.7595,2.55429313497328e-15
0.759625,-0.00522167987805556
0.75975,-0.00738457050192217
0.759875,-0.0052216798780622
0.76,-1.15317873051269e-16
0.760125,0.00522167987805729
0.76025,0.00738457050192217
0.760375,0.00522167987806047
0.7605,4.39257035749612e-15
0.760625,-0.00522167987805426
0.76075,-0.00738457050192217
0.760875,-0.0052216798780635
0.761,-1.95359509557411e-15
0.761125,0.00522167987806074
0.76125,0.00738457050192217
0.761375,0.00522167987806177
0.7615,6.23084758001896e-15
0.761625,-0.00522167987805771
0.76175,-0.00738457050192217
0.761875,-0.0052216798780648
0.762,-3.79187231809695e-15
0.762125,0.00522167987805943
0.76225,0.00738457050192217
0.762375,0.00522167987806307
0.7625,8.0691248025418e-15
0.762625,-0.00522167987805641
0.76275,-0.00738457050192217
0.762875,-0.00522167987806135
0.763,-5.63014954061979e-15
0.763125,0.00522167987805814
0.76325,0.00738457050192217
0.763375,0.00522167987805962
0.7635,3.19117427869778e-15
0.763625,-0.00522167987805511
0.76375,-0.00738457050192217
0.763875,-0.00522167987806265
0.764,-7.52199016775768e-16
0.764125,0.00522167987805683
0.76425,0.00738457050192217
0.764375,0.00522167987806092
0.7645,5.02945150122062e-15
0.764625,-0.00522167987805856
0.76475,-0.00738457050192217
0.764875,-0.00522167987806395
0.765,-2.59047623929861e-15
0.765125,0.00522167987806028
0.76525,0.00738457050192217
0.765375,0.00522167987806222
0.7655,6.86772872374346e-15
0.765625,-0.00522167987805726
0.76575,-0.00738457050192217
0.765875,-0.0052216798780605
0.766,-4.42875346182145e-15
0.766125,0.00522167987805424
0.76625,0.00738457050192217
0.766375,0.00522167987805877
0.7665,8.7060059462663e-15
0.766625,-0.00522167987805596
0.76675,-0.00738457050192217
0.766875,-0.0052216798780618
0.767,-6.26703068434429e-15
0.767125,0.00522167987805294
0.76725,0.00738457050192217
0.767375,0.00522167987806007
0.7675,3.82805542242228e-15
0.767625,-0.00522167987805466
0.76775,-0.00738457050192217
0.767875,-0.0052216798780631
0.768,-1.38908016050027e-15
0.768125,0.00522167987805639
0.76825,0.00738457050192217
0.768375,0.00522167987806137
0.7685,5.66633264494512e-15
0.768625,-0.00522167987805811
0.76875,-0.00738457050192217
0.768875,-0.0052216798780644
0.769,-3.22735738302311e-15
0.769125,0.00522167987805509
0.76925,0.00738457050192217
0.769375,0.00522167987806267
0.7695,7.50460986746796e-15
0.769625,-0.00522167987805681
0.76975,-0.00738457050192217
0.769875,-0.00522167987806095
0.77,-5.06563460554595e-15
0.770125,0.00522167987805378
0.77025,0.00738457050192217
0.770375,0.00522167987805923
0.7705,2.62665934362394e-15
0.770625,-0.00522167987805551
0.77075,-0.00738457050192217
0.770875,-0.00522167987806225
0.771,-1.87684081701925e-16
0.771125,0.00522167987805723
0.77125,0.00738457050192217
0.771375,0.00522167987806052
0.7715,4.46493656614678e-15
0.771625,-0.00522167987805896
0.77175,-0.00738457050192217
0.771875,-0.00522167987806355
0.772,-2.02596130422477e-15
0.772125,0.00522167987805594
0.77225,0.00738457050192217
0.772375,0.00522167987806182
0.7725,6.30321378866962e-15
0.772625,-0.00522167987805766
0.77275,-0.00738457050192217
0.772875,-0.00522167987806485
0.773,-3.86423852674761e-15
0.773125,0.00522167987805463
0.77325,0.00738457050192217
0.773375,0.00522167987806312
0.7735,8.14149101119246e-15
0.773625,-0.00522167987805636
0.77375,-0.00738457050192217
0.773875,-0.0052216798780614
0.774,-5.70251574927045e-15
0.774125,0.00522167987805333
0.77425,0.00738457050192217
0.774375,0.00522167987805968
0.7745,3.26354048734844e-15
0.774625,-0.00522167987805506
0.77475,-0.00738457050192217
0.774875,-0.0052216798780627
0.775,-8.24565225426424e-16
0.775125,0.00522167987805678
0.77525,0.00738457050192217
0.775375,0.00522167987806097
0.7755,5.10181770987128e-15
0.775625,-0.00522167987805851
0.77575,-0.00738457050192217
0.775875,-0.005221679878064
0.776,-2.66284244794926e-15
0.776125,0.00522167987805548
0.77625,0.00738457050192217
0.776375,0.00522167987806227
0.7765,6.94009493239412e-15
0.776625,-0.00522167987805721
0.77675,-0.00738457050192217
0.776875,-0.00522167987806055
0.777,-4.5011196704721e-15
0.777125,0.00522167987805418
0.77725,0.00738457050192217
0.777375,0.00522167987805883
0.7775,2.06214440855009e-15
0.777625,-0.00522167987805591
0.77775,-0.00738457050192217
0.777875,-0.00522167987806185
0.778,3.76830853371918e-16
0.778125,0.00522167987805288
0.77825,0.00738457050192217
0.778375,0.00522167987806013
0.7785,3.90042163107293e-15
0.778625,-0.00522167987805936
0.77875,-0.00738457050192217
0.778875,-0.00522167987806315
0.779,-1.46144636915092e-15
0.779125,0.00522167987805633
0.77925,0.00738457050192217
0.779375,0.00522167987806143
0.7795,5.73869885359577e-15
0.779625,-0.00522167987805806
0.77975,-0.00738457050192217
0.779875,-0.00522167987806445
0.78,-3.29972359167376e-15
0.780125,0.00522167987805503
0.78025,0.00738457050192217
0.780375,0.00522167987806272
0.7805,7.57697607611862e-15
0.780625,-0.00522167987805676
0.78075,-0.00738457050192217
0.780875,-0.005221679878061
0.781,-5.1380008141966e-15
0.781125,0.00522167987805373
0.78125,0.00738457050192217
0.781375,0.00522167987805928
0.7815,2.69902555227459e-15
0.781625,-0.00522167987805546
0.78175,-0.00738457050192217
0.781875,-0.0052216798780623
0.782,-2.60050290352581e-16
0.782125,0.00522167987805718
0.78225,0.00738457050192217
0.782375,0.00522167987806058
0.7825,4.53730277479743e-15
0.782625,-0.00522167987805891
0.78275,-0.00738457050192217
0.782875,-0.0052216798780636
0.783,-2.09832751287542e-15
0.783125,0.00522167987805588
0.78325,0.00738457050192217
0.783375,0.00522167987806188
0.7835,6.37557999732027e-15
0.783625,-0.00522167987805761
0.78375,-0.00738457050192217
0.783875,-0.00522167987806015
0.784,-3.93660473539826e-15
0.784125,0.00522167987805458
0.78425,0.00738457050192217
0.784375,0.00522167987805843
0.7845,8.21385721984311e-15
0.784625,-0.00522167987805631
0.78475,-0.00738457050192217
0.784875,-0.00522167987806145
0.785,9.4134578844576e-16
0.785125,0.00522167987805328
0.78525,0.00738457050192217
0.785375,0.00522167987805973
0.7855,3.33590669599909e-15
0.785625,-0.00522167987805501
0.78575,-0.00738457050192217
0.785875,-0.00522167987806275
0.786,-8.96931434077081e-16
0.786125,0.00522167987805673
0.78625,0.00738457050192217
0.786375,0.00522167987806103
0.7865,5.17418391852193e-15
0.786625,-0.00522167987805846
0.78675,-0.00738457050192217
0.786875,-0.00522167987806405
0.787,-2.73520865659992e-15
0.787125,0.00522167987805543
0.78725,0.00738457050192217
0.787375,0.00522167987806233
0.7875,7.01246114104477e-15
0.787625,-0.00522167987805716
0.78775,-0.00738457050192217
0.787875,-0.0052216798780606
0.788,-4.57348587912276e-15
0.788125,0.00522167987805413
0.78825,0.00738457050192217
0.788375,0.00522167987805888
0.7885,2.13451061720075e-15
0.788625,-0.00522167987805586
0.78875,-0.00738457050192217
0.788875,-0.0052216798780619
0.789,3.04464644721261e-16
0.789125,0.00522167987805758
0.78925,0.00738457050192217
0.789375,0.00522167987806018
0.7895,3.97278783972359e-15
0.789625,-0.00522167987805931
0.78975,-0.00738457050192217
0.789875,-0.0052216798780632
0.79,-1.53381257780158e-15
0.790125,0.00522167987805628
0.79025,0.00738457050192217
0.790375,0.00522167987806148
0.7905,5.81106506224643e-15
0.790625,-0.00522167987805801
0.79075,-0.00738457050192217
0.790875,-0.0052216798780645
0.791,-3.37208980032442e-15
0.791125,0.00522167987805498
0.79125,0.00738457050192217
0.791375,0.00522167987805803
0.7915,7.64934228476927e-15
0.791625,-0.00522167987805671
0.79175,-0.00738457050192217
0.791875,-0.00522167987806105
0.792,-5.21036702284726e-15
0.792125,0.00522167987805368
0.79225,0.00738457050192217
0.792375,0.00522167987805933
0.7925,2.77139176092525e-15
0.792625,-0.00522167987805541
0.79275,-0.00738457050192217
0.792875,-0.00522167987806235
0.793,-3.32416499003238e-16
0.793125,0.00522167987805713
0.79325,0.00738457050192217
0.793375,0.00522167987806063
0.7935,4.60966898344809e-15
0.793625,-0.00522167987805886
0.79375,-0.00738457050192217
0.793875,-0.00522167987806365
0.794,-2.17069372152608e-15
0.794125,0.00522167987805583
0.79425,0.00738457050192217
0.794375,0.00522167987806193
0.7945,6.44794620597093e-15
0.794625,-0.00522167987805756
0.79475,-0.00738457050192217
0.794875,-0.0052216798780602
0.795,-4.00897094404892e-15
0.795125,0.00522167987805453
0.79525,0.00738457050192217
0.795375,0.00522167987805848
0.7955,1.56999568212691e-15
0.795625,-0.00522167987805626
0.79575,-0.00738457050192217
0.795875,-0.0052216798780615
0.796,8.68979579795104e-16
0.796125,0.00522167987805798
0.79625,0.00738457050192217
0.796375,0.00522167987805978
0.7965,3.40827290464975e-15
0.796625,-0.00522167987805971
0.79675,-0.00738457050192217
0.796875,-0.0052216798780628
0.797,-9.69297642727737e-16
0.797125,0.00522167987805668
0.79725,0.00738457050192217
0.797375,0.00522167987806583
0.7975,5.24655012717259e-15
0.797625,-0.00522167987805841
0.79775,-0.00738457050192217
0.797875,-0.0052216798780641
0.798,-2.80757486525058e-15
0.798125,0.00522167987805538
0.79825,0.00738457050192217
0.798375,0.00522167987806238
0.7985,7.08482734969543e-15
0.798625,-0.00522167987805711
0.79875,-0.00738457050192217
0.798875,-0.00522167987806065
0.799,-4.64585208777342e-15
0.799125,0.00522167987805408
0.79925,0.00738457050192217
0.799375,0.00522167987806368
0.7995,2.20687682585141e-15
0.799625,-0.00522167987805581
0.79975,-0.00738457050192217
0.799875,-0.00522167987806195
0.8,2.32098436070605e-16
0.800125,0.00522167987805753
0.80025,0.00738457050192217
0.800375,0.00522167987806498
0.8005,4.04515404837425e-15
0.800625,-0.00522167987805926
0.80075,-0.00738457050192217
0.800875,-0.00522167987806325
0.801,-1.60617878645224e-15
0.801125,0.00522167987805623
0.80125,0.00738457050192217
0.801375,0.00522167987806153
0.8015,5.88343127089709e-15
0.801625,-0.00522167987805796
0.80175,-0.00738457050192217
0.801875,-0.0052216798780598
0.802,-3.44445600897508e-15
0.802125,0.00522167987805493
0.80225,0.00738457050192217
0.802375,0.00522167987806283
0.8025,1.00548074705307e-15
0.802625,-0.00522167987805666
0.80275,-0.00738457050192217
0.802875,-0.0052216798780611
0.803,1.43349451486895e-15
0.803125,0.00522167987805363
0.80325,0.00738457050192217
0.803375,0.00522167987806413
0.8035,2.84375796957591e-15
0.803625,-0.00522167987805536
0.80375,-0.00738457050192217
0.803875,-0.0052216798780624
0.804,-4.04782707653894e-16
0.804125,0.00522167987805708
0.80425,0.00738457050192217
0.804375,0.00522167987806543
0.8045,4.68203519209875e-15
0.804625,-0.00522167987805881
0.80475,-0.00738457050192217
0.804875,-0.0052216798780637
0.805,-2.24305993017673e-15
0.805125,0.00522167987805578
0.80525,0.00738457050192217
0.805375,0.00522167987806198
0.8055,6.52031241462159e-15
0.805625,-0.00522167987805751
0.80575,-0.00738457050192217
0.805875,-0.00522167987806025
0.806,-4.08133715269958e-15
0.806125,0.00522167987805448
0.80625,0.00738457050192217
0.806375,0.00522167987806328
0.8065,1.64236189077756e-15
0.806625,-0.00522167987805621
0.80675,-0.00738457050192217
0.806875,-0.00522167987806155
0.807,7.96613371144447e-16
0.807125,0.00522167987805793
0.80725,0.00738457050192217
0.807375,0.00522167987806458
0.8075,3.4806391133004e-15
0.807625,-0.00522167987805966
0.80775,-0.00738457050192217
0.807875,-0.00522167987806285
0.808,-1.04166385137839e-15
0.808125,0.00522167987805663
0.80825,0.00738457050192217
0.808375,0.00522167987806588
0.8085,5.31891633582324e-15
0.808625,-0.00522167987805836
0.80875,-0.00738457050192217
0.808875,-0.0052216798780594
0.809,-2.87994107390123e-15
0.809125,0.00522167987805533
0.80925,0.00738457050192217
0.809375,0.00522167987806243
0.8095,7.15719355834609e-15
0.809625,-0.00522167987805706
0.80975,-0.00738457050192217
0.809875,-0.0052216798780607
0.81,-4.71821829642407e-15
0.810125,0.00522167987805403
0.81025,0.00738457050192217
0.810375,0.00522167987806373
0.8105,2.27924303450206e-15
0.810625,-0.00522167987805576
0.81075,-0.00738457050192217
0.810875,-0.005221679878062
0.811,1.59732227419948e-16
0.811125,0.00522167987805748
0.81125,0.00738457050192217
0.811375,0.00522167987806503
0.8115,4.1175202570249e-15
0.811625,-0.00522167987805921
0.81175,-0.00738457050192217
0.811875,-0.0052216798780633
0.812,-1.67854499510289e-15
0.812125,0.00522167987805618
0.81225,0.00738457050192217
0.812375,0.00522167987806158
0.8125,5.95579747954774e-15
0.812625,-0.0052216798780579
0.81275,-0.00738457050192217
0.812875,-0.00522167987805985
0.813,-3.51682221762573e-15
0.813125,0.00522167987805488
0.81325,0.00738457050192217
0.813375,0.00522167987806288
0.8135,1.07784695570372e-15
0.813625,-0.0052216798780566
0.81375,-0.00738457050192217
0.813875,-0.00522167987806115
0.814,-5.35509944014857e-15
0.814125,0.00522167987805833
0.81425,0.00738457050192217
0.814375,0.00522167987806418
0.8145,2.91612417822656e-15
0.814625,-0.00522167987806005
0.81475,-0.00738457050192217
0.814875,-0.00522167987806245
0.815,-7.19337666267141e-15
0.815125,0.00522167987805703
0.81525,0.00738457050192217
0.815375,0.00522167987806548
0.8155,4.7544014007494e-15
0.815625,-0.00522167987805875
0.81575,-0.00738457050192217
0.815875,-0.00522167987806375
0.816,-9.03165388519425e-15
0.816125,0.00522167987805573
0.81625,0.00738457050192217
0.816375,0.00522167987806203
0.8165,6.59267862327224e-15
0.816625,-0.00522167987805745
0.81675,-0.00738457050192217
0.816875,-0.0052216798780603
0.817,-4.15370336135023e-15
0.817125,0.00522167987805443
0.81725,0.00738457050192217
0.817375,0.00522167987806333
0.8175,1.71472809942822e-15
0.817625,-0.00522167987805615
0.81775,-0.00738457050192217
0.817875,-0.0052216798780616
0.818,-5.99198058387307e-15
0.818125,0.00522167987805788
0.81825,0.00738457050192217
0.818375,0.00522167987806463
0.8185,3.55300532195106e-15
0.818625,-0.0052216798780596
0.81875,-0.00738457050192217
0.818875,-0.0052216798780629
0.819,-7.83025780639591e-15
0.819125,0.00522167987805658
0.81925,0.00738457050192217
0.819375,0.00522167987806118
0.8195,5.3912825444739e-15
0.819625,-0.0052216798780583
0.81975,-0.00738457050192217
0.819875,-0.00522167987805945
0.82,-2.95230728255189e-15
0.820125,0.00522167987805528
0.82025,0.00738457050192217
0.820375,0.00522167987806248
0.8205,5.13332020629879e-16
0.820625,-0.005221679878057
0.82075,-0.00738457050192217
0.820875,-0.00522167987806076
0.821,-4.79058450507473e-15
0.821125,0.00522167987805398
0.82125,0.00738457050192217
0.821375,0.00522167987806378
0.8215,2.35160924315272e-15
0.821625,-0.00522167987806045
0.82175,-0.00738457050192217
0.821875,-0.00522167987806206
0.822,-6.62886172759757e-15
0.822125,0.00522167987805743
0.82225,0.00738457050192217
0.822375,0.00522167987806508
0.8225,4.18988646567556e-15
0.822625,-0.00522167987805915
0.82275,-0.00738457050192217
0.822875,-0.00522167987806335
0.823,-8.46713895012041e-15
0.823125,0.00522167987805613
0.82325,0.00738457050192217
0.823375,0.00522167987806163
0.8235,6.0281636881984e-15
0.823625,-0.00522167987805785
0.82375,-0.00738457050192217
0.823875,-0.00522167987805991
0.824,-3.58918842627639e-15
0.824125,0.00522167987805483
0.82425,0.00738457050192217
0.824375,0.00522167987806293
0.8245,1.15021316435438e-15
0.824625,-0.00522167987805655
0.82475,-0.00738457050192217
0.824875,-0.0052216798780612
0.825,-5.42746564879923e-15
0.825125,0.00522167987805828
0.82525,0.00738457050192217
0.825375,0.00522167987806423
0.8255,2.98849038687722e-15
0.825625,-0.00522167987806
0.82575,-0.00738457050192217
0.825875,-0.00522167987806251
0.826,-7.26574287132207e-15
0.826125,0.00522167987805698
0.82625,0.00738457050192217
0.826375,0.00522167987806078
0.8265,4.82676760940006e-15
0.826625,-0.0052216798780587
0.82675,-0.00738457050192217
0.826875,-0.00522167987805906
0.827,-9.10402009384491e-15
0.827125,0.00522167987805568
0.82725,0.00738457050192217
0.827375,0.00522167987806208
0.8275,6.6650448319229e-15
0.827625,-0.0052216798780574
0.82775,-0.00738457050192217
0.827875,-0.00522167987806036
0.828,-4.22606957000089e-15
0.828125,0.00522167987805438
0.82825,0.00738457050192217
0.828375,0.00522167987806338
0.8285,1.78709430807888e-15
0.828625,-0.0052216798780561
0.82875,-0.00738457050192217
0.828875,-0.00522167987806165
0.829,-6.06434679252373e-15
0.829125,0.00522167987805783
0.82925,0.00738457050192217
0.829375,0.00522167987806468
0.8295,3.62537153060172e-15
0.829625,-0.0052216798780548
0.82975,-0.00738457050192217
0.829875,-0.00522167987806296
0.83,-7.90262401504657e-15
0.830125,0.00522167987805653
0.83025,0.00738457050192217
0.830375,0.00522167987806123
0.8305,5.46364875312456e-15
0.830625,-0.0052216798780535
0.83075,-0.00738457050192217
0.830875,-0.00522167987805951
0.831,-3.02467349120255e-15
0.831125,0.00522167987805523
0.83125,0.00738457050192217
0.831375,0.00522167987806253
0.8315,5.85698229280535e-16
0.831625,-0.00522167987805695
0.83175,-0.00738457050192217
0.831875,-0.00522167987806081
0.832,-4.86295071372539e-15
0.832125,0.00522167987805868
0.83225,0.00738457050192217
0.832375,0.00522167987806383
0.8325,2.42397545180338e-15
0.832625,-0.00522167987805565
0.83275,-0.00738457050192217
0.832875,-0.00522167987806211
0.833,-6.70122793624823e-15
0.833125,0.00522167987805738
0.83325,0.00738457050192217
0.833375,0.00522167987806513
0.8335,4.26225267432622e-15
0.833625,-0.00522167987805435
0.83375,-0.00738457050192217
0.833875,-0.00522167987806341
0.834,-8.53950515877107e-15
0.834125,0.00522167987805608
0.83425,0.00738457050192217
0.834375,0.00522167987806168
0.8345,6.10052989684906e-15
0.834625,-0.00522167987805305
0.83475,-0.00738457050192217
0.834875,-0.00522167987805996
0.835,-3.66155463492705e-15
0.835125,0.00522167987805478
0.83525,0.00738457050192217
0.835375,0.00522167987806298
0.8355,1.22257937300503e-15
0.835625,-0.0052216798780565
0.83575,-0.00738457050192217
0.835875,-0.00522167987806126
0.836,-5.49983185744989e-15
0.836125,0.00522167987805823
0.83625,0.00738457050192217
0.836375,0.00522167987806428
0.8365,3.06085659552787e-15
0.836625,-0.0052216798780552
0.83675,-0.00738457050192217
0.836875,-0.00522167987806256
0.837,-7.33810907997273e-15
0.837125,0.00522167987805693
0.83725,0.00738457050192217
0.837375,0.00522167987806083
0.8375,4.89913381805072e-15
0.837625,-0.0052216798780539
0.83775,-0.00738457050192217
0.837875,-0.00522167987805911
0.838,-2.4601585561287e-15
0.838125,0.00522167987805563
0.83825,0.00738457050192217
0.838375,0.00522167987806213
0.8385,2.11832942066926e-17
0.838625,-0.00522167987805735
0.83875,-0.00738457050192217
0.838875,-0.00522167987806041
0.839,-4.29843577865154e-15
0.839125,0.00522167987805908
0.83925,0.00738457050192217
0.839375,0.00522167987806343
0.8395,1.85946051672953e-15
0.839625,-0.00522167987805605
0.83975,-0.00738457050192217
0.839875,-0.00522167987806171
0.84,-6.13671300117439e-15
0.840125,0.00522167987805778
0.84025,0.00738457050192217
0.840375,0.00522167987806473
0.8405,3.69773773925237e-15
0.840625,-0.00522167987805475
0.84075,-0.00738457050192217
0.840875,-0.00522167987806301
0.841,-7.97499022369723e-15
0.841125,0.00522167987805648
0.84125,0.00738457050192217
0.841375,0.00522167987806128
0.8415,5.53601496177521e-15
0.841625,-0.00522167987805345
0.84175,-0.00738457050192217
0.841875,-0.00522167987805956
0.842,-3.0970396998532e-15
0.842125,0.00522167987805518
0.84225,0.00738457050192217
0.842375,0.00522167987806258
0.8425,6.58064437931192e-16
0.842625,-0.0052216798780569
0.84275,-0.00738457050192217
0.842875,-0.00522167987806086
0.843,-4.93531692237604e-15
0.843125,0.00522167987805863
0.84325,0.00738457050192217
0.843375,0.00522167987806388
0.8435,2.49634166045403e-15
0.843625,-0.0052216798780556
0.84375,-0.00738457050192217
0.843875,-0.00522167987806216
0.844,-6.77359414489888e-15
0.844125,0.00522167987805733
0.84425,0.00738457050192217
0.844375,0.00522167987806043
0.8445,4.33461888297687e-15
0.844625,-0.0052216798780543
0.84475,-0.00738457050192217
0.844875,-0.00522167987805871
0.845,-1.89564362105486e-15
0.845125,0.00522167987805603
0.84525,0.00738457050192217
0.845375,0.00522167987806173
0.8455,-5.4333164086715e-16
0.845625,-0.005221679878053
0.84575,-0.00738457050192217
0.845875,-0.00522167987806001
0.846,-3.7339208435777e-15
0.846125,0.00522167987805473
0.84625,0.00738457050192217
0.846375,0.00522167987806303
0.8465,1.29494558165569e-15
0.846625,-0.00522167987805645
0.84675,-0.00738457050192217
0.846875,-0.00522167987806131
0.847,-5.57219806610054e-15
0.847125,0.00522167987805818
0.84725,0.00738457050192217
0.847375,0.00522167987806433
0.8475,3.13322280417853e-15
0.847625,-0.00522167987805515
0.84775,-0.00738457050192217
0.847875,-0.00522167987806261
0.848,-7.41047528862338e-15
0.848125,0.00522167987805688
0.84825,0.00738457050192217
0.848375,0.00522167987806088
0.8485,4.97150002670137e-15
0.848625,-0.00522167987805385
0.84875,-0.00738457050192217
0.848875,-0.00522167987805916
0.849,-2.53252476477936e-15
0.849125,0.00522167987805558
0.84925,0.00738457050192217
0.849375,0.00522167987806218
0.8495,9.3549502857349e-17
0.849625,-0.0052216798780573
0.84975,-0.00738457050192217
0.849875,-0.00522167987806046
0.85,-4.3708019873022e-15
0.850125,0.00522167987805903
0.85025,0.00738457050192217
0.850375,0.00522167987806348
0.8505,1.93182672538019e-15
0.850625,-0.005221679878056
0.85075,-0.00738457050192217
0.850875,-0.00522167987806176
0.851,-6.20907920982504e-15
0.851125,0.00522167987805773
0.85125,0.00738457050192217
0.851375,0.00522167987806003
0.8515,3.77010394790303e-15
0.851625,-0.0052216798780547
0.85175,-0.00738457050192217
0.851875,-0.00522167987805831
0.852,-8.04735643234788e-15
0.852125,0.00522167987805643
0.85225,0.00738457050192217
0.852375,0.00522167987806133
0.8525,5.60838117042587e-15
0.852625,-0.0052216798780534
0.85275,-0.00738457050192217
0.852875,-0.00522167987805961
0.853,-3.16940590850386e-15
0.853125,0.00522167987805513
0.85325,0.00738457050192217
0.853375,0.00522167987806263
0.8535,7.30430646581848e-16
0.853625,-0.00522167987805685
0.85375,-0.00738457050192217
0.853875,-0.00522167987806091
0.854,-5.0076831310267e-15
0.854125,0.00522167987805858
0.85425,0.00738457050192217
0.854375,0.00522167987806393
0.8545,2.56870786910469e-15
0.854625,-0.00522167987805555
0.85475,-0.00738457050192217
0.854875,-0.00522167987806221
0.855,-6.84596035354954e-15
0.855125,0.00522167987805728
0.85525,0.00738457050192217
0.855375,0.00522167987806048
0.8555,4.40698509162753e-15
0.855625,-0.00522167987805425
0.85575,-0.00738457050192217
0.855875,-0.00522167987805876
0.856,-1.96800982970552e-15
0.856125,0.00522167987805598
0.85625,0.00738457050192217
0.856375,0.00522167987806178
0.8565,-4.70965432216494e-16
0.856625,-0.0052216798780577
0.85675,-0.00738457050192217
0.856875,-0.00522167987806006
0.857,-3.80628705222836e-15
0.857125,0.00522167987805942
0.85725,0.00738457050192217
0.857375,0.00522167987806308
0.8575,1.36731179030635e-15
0.857625,-0.0052216798780564
0.85775,-0.00738457050192217
0.857875,-0.00522167987806136
0.858,-5.6445642747512e-15
0.858125,0.00522167987805812
0.85825,0.00738457050192217
0.858375,0.00522167987806438
0.8585,3.20558901282919e-15
0.858625,-0.0052216798780551
0.85875,-0.00738457050192217
0.858875,-0.00522167987806266
0.859,-7.48284149727404e-15
0.859125,0.00522167987805683
0.85925,0.00738457050192217
0.859375,0.00522167987806093
0.8595,5.04386623535203e-15
0.859625,-0.0052216798780538
0.85975,-0.00738457050192217
0.859875,-0.00522167987806396
0.86,-2.60489097343002e-15
0.860125,0.00522167987805553
0.86025,0.00738457050192217
0.860375,0.00522167987806223
0.8605,1.65915711508005e-16
0.860625,-0.00522167987805725
0.86075,-0.00738457050192217
0.860875,-0.00522167987806526
0.861,-4.44316819595286e-15
0.861125,0.00522167987805897
0.86125,0.00738457050192217
0.861375,0.00522167987806353
0.8615,2.00419293403085e-15
0.861625,-0.00522167987805595
0.86175,-0.00738457050192217
0.861875,-0.00522167987806181
0.862,-6.2814454184757e-15
0.862125,0.00522167987805767
0.86225,0.00738457050192217
0.862375,0.00522167987806008
0.8625,3.84247015655369e-15
0.862625,-0.00522167987805465
0.86275,-0.00738457050192217
0.862875,-0.00522167987806311
0.863,-1.40349489463168e-15
0.863125,0.00522167987805637
0.86325,0.00738457050192217
0.863375,0.00522167987806138
0.8635,-1.03548036729034e-15
0.863625,-0.00522167987805335
0.86375,-0.00738457050192217
0.863875,-0.00522167987806441
0.864,-3.24177211715452e-15
0.864125,0.00522167987805982
0.86425,0.00738457050192217
0.864375,0.00522167987806268
0.8645,8.02796855232504e-16
0.864625,-0.0052216798780568
0.86475,-0.00738457050192217
0.864875,-0.00522167987806571
0.865,-5.08004933967736e-15
0.865125,0.00522167987805853
0.86525,0.00738457050192217
0.865375,0.00522167987806398
0.8655,2.64107407775535e-15
0.865625,-0.0052216798780555
0.86575,-0.00738457050192217
0.865875,-0.00522167987806226
0.866,-6.9183265622002e-15
0.866125,0.00522167987805722
0.86625,0.00738457050192217
0.866375,0.00522167987806053
0.8665,4.47935130027819e-15
0.866625,-0.0052216798780542
0.86675,-0.00738457050192217
0.866875,-0.00522167987806356
0.867,-2.04037603835617e-15
0.867125,0.00522167987805592
0.86725,0.00738457050192217
0.867375,0.00522167987806183
0.8675,-3.98599223565837e-16
0.867625,-0.00522167987805765
0.86775,-0.00738457050192217
0.867875,-0.00522167987806486
0.868,-3.87865326087901e-15
0.868125,0.00522167987805937
0.86825,0.00738457050192217
0.868375,0.00522167987806313
0.8685,1.439677998957e-15
0.868625,-0.00522167987805635
0.86875,-0.00738457050192217
0.868875,-0.00522167987806141
0.869,-5.71693048340185e-15
0.869125,0.00522167987805807
0.86925,0.00738457050192217
0.869375,0.00522167987805968
0.8695,3.27795522147984e-15
0.869625,-0.00522167987805505
0.86975,-0.00738457050192217
0.869875,-0.00522167987806271
0.87,-7.5552077059247e-15
0.870125,0.00522167987805677
0.87025,0.00738457050192217
0.870375,0.00522167987806098
0.8705,-1.59999530236418e-15
0.870625,-0.00522167987805375
0.87075,-0.00738457050192217
0.870875,-0.00522167987806401
0.871,-2.67725718208067e-15
0.871125,0.00522167987805547
0.87125,0.00738457050192217
0.871375,0.00522167987806228
0.8715,2.38281920158662e-16
0.871625,-0.0052216798780572
0.87175,-0.00738457050192217
0.871875,-0.00522167987806531
0.872,-4.51553440460351e-15
0.872125,0.00522167987805892
0.87225,0.00738457050192217
0.872375,0.00522167987806358
0.8725,2.0765591426815e-15
0.872625,-0.0052216798780559
0.87275,-0.00738457050192217
0.872875,-0.00522167987806186
0.873,-6.35381162712635e-15
0.873125,0.00522167987805762
0.87325,0.00738457050192217
0.873375,0.00522167987806014
0.8735,3.91483636520434e-15
0.873625,-0.0052216798780546
0.87375,-0.00738457050192217
0.873875,-0.00522167987806316
0.874,-1.47586110328233e-15
0.874125,0.00522167987805632
0.87425,0.00738457050192217
0.874375,0.00522167987806144
0.8745,-9.6311415863968e-16
0.874625,-0.00522167987805805
0.87475,-0.00738457050192217
0.874875,-0.00522167987806446
0.875,-3.31413832580517e-15
0.875125,0.00522167987805977
0.87525,0.00738457050192217
0.875375,0.00522167987806274
0.8755,7.59139081025002e-15
0.875625,-0.00522167987805675
0.87575,-0.00738457050192217
0.875875,-0.00522167987806576
0.876,-5.15241554832801e-15
0.876125,0.00522167987805847
0.87625,0.00738457050192217
0.876375,0.00522167987806403
0.8765,9.42966803277286e-15
0.876625,-0.00522167987805545
0.87675,-0.00738457050192217
0.876875,-0.00522167987806231
0.877,-6.99069277085085e-15
0.877125,0.00522167987805717
0.87725,0.00738457050192217
0.877375,0.00522167987806059
0.8775,4.55171750892884e-15
0.877625,-0.00522167987805415
0.87775,-0.00738457050192217
0.877875,-0.00522167987806361
0.878,-2.11274224700683e-15
0.878125,0.00522167987805587
0.87825,0.00738457050192217
0.878375,0.00522167987806189
0.8785,6.38999473145168e-15
0.878625,-0.0052216798780576
0.87875,-0.00738457050192217
0.878875,-0.00522167987806491
0.879,-3.95101946952967e-15
0.879125,0.00522167987805932
0.87925,0.00738457050192217
0.879375,0.00522167987806319
0.8795,8.22827195397452e-15
0.879625,-0.0052216798780563
0.87975,-0.00738457050192217
0.879875,-0.00522167987806146
0.88,-5.78929669205251e-15
0.880125,0.00522167987805802
0.88025,0.00738457050192217
0.880375,0.00522167987805974
0.8805,3.3503214301305e-15
0.880625,-0.005221679878055
0.88075,-0.00738457050192217
0.880875,-0.00522167987806276
0.881,-9.11346168208489e-16
0.881125,0.00522167987805672
0.88125,0.00738457050192217
0.881375,0.00522167987806104
0.8815,5.18859865265334e-15
0.881625,-0.00522167987805845
0.88175,-0.00738457050192217
0.881875,-0.00522167987806406
0.882,-2.74962339073133e-15
0.882125,0.00522167987806017
0.88225,0.00738457050192217
0.882375,0.00522167987806234
0.8825,7.02687587517618e-15
0.882625,-0.00522167987805715
0.88275,-0.00738457050192217
0.882875,-0.00522167987806536
0.883,-4.58790061325417e-15
0.883125,0.00522167987805887
0.88325,0.00738457050192217
0.883375,0.00522167987806364
0.8835,8.86515309769902e-15
0.883625,-0.00522167987805585
0.88375,-0.00738457050192217
0.883875,-0.00522167987806191
0.884,-6.42617783577701e-15
0.884125,0.00522167987805757
0.88425,0.00738457050192217
0.884375,0.00522167987806019
0.8845,3.987202573855e-15
0.884625,-0.00522167987805455
0.88475,-0.00738457050192217
0.884875,-0.00522167987806321
0.885,-1.54822731193299e-15
0.885125,0.00522167987805627
0.88525,0.00738457050192217
0.885375,0.00522167987806149
0.8855,5.82547979637784e-15
0.885625,-0.005221679878058
0.88575,-0.00738457050192217
0.885875,-0.00522167987806451
0.886,-3.38650453445583e-15
0.886125,0.00522167987805972
0.88625,0.00738457050192217
0.886375,0.00522167987806279
0.8865,7.66375701890068e-15
0.886625,-0.0052216798780567
0.88675,-0.00738457050192217
0.886875,-0.00522167987806106
0.887,-5.22478175697867e-15
0.887125,0.00522167987805842
0.88725,0.00738457050192217
0.887375,0.00522167987805934
0.8875,9.50203424142352e-15
0.887625,-0.0052216798780554
0.88775,-0.00738457050192217
0.887875,-0.00522167987806236
0.888,-3.46831233134646e-16
0.888125,0.00522167987805712
0.88825,0.00738457050192217
0.888375,0.00522167987806064
0.8885,4.6240837175795e-15
0.888625,-0.0052216798780541
0.88875,-0.00738457050192217
0.888875,-0.00522167987806366
0.889,-2.18510845565749e-15
0.889125,0.00522167987805582
0.88925,0.00738457050192217
0.889375,0.00522167987806194
0.8895,6.46236094010234e-15
0.889625,-0.00522167987805755
0.88975,-0.00738457050192217
0.889875,-0.00522167987806496
0.89,-4.02338567818033e-15
0.890125,0.00522167987805927
0.89025,0.00738457050192217
0.890375,0.00522167987806324
0.8905,8.30063816262518e-15
0.890625,-0.00522167987805625
0.89075,-0.00738457050192217
0.890875,-0.00522167987806151
0.891,-5.86166290070317e-15
0.891125,0.00522167987805322
0.89125,0.00738457050192217
0.891375,0.00522167987805979
0.8915,3.42268763878116e-15
0.891625,-0.00522167987805495
0.89175,-0.00738457050192217
0.891875,-0.00522167987806281
0.892,-9.83712376859145e-16
0.892125,0.00522167987805667
0.89225,0.00738457050192217
0.892375,0.00522167987806109
0.8925,5.260964861304e-15
0.892625,-0.0052216798780584
0.89275,-0.00738457050192217
0.892875,-0.00522167987806411
0.893,-2.82198959938199e-15
0.893125,0.00522167987805537
0.89325,0.00738457050192217
0.893375,0.00522167987806239
0.8935,7.09924208382684e-15
0.893625,-0.0052216798780571
0.89375,-0.00738457050192217
0.893875,-0.00522167987806541
0.894,-4.66026682190483e-15
0.894125,0.00522167987805407
0.89425,0.00738457050192217
0.894375,0.00522167987805894
0.8945,8.93751930634968e-15
0.894625,-0.0052216798780558
0.89475,-0.00738457050192217
0.894875,-0.00522167987806196
0.895,-6.49854404442767e-15
0.895125,0.00522167987805277
0.89525,0.00738457050192217
0.895375,0.00522167987806024
0.8955,4.05956878250566e-15
0.895625,-0.0052216798780545
0.89575,-0.00738457050192217
0.895875,-0.00522167987806326
0.896,-1.62059352058364e-15
0.896125,0.00522167987805622
0.89625,0.00738457050192217
0.896375,0.00522167987806154
0.8965,5.8978460050285e-15
0.896625,-0.00522167987805795
0.89675,-0.00738457050192217
0.896875,-0.00522167987806456
0.897,-3.45887074310649e-15
0.897125,0.00522167987805492
0.89725,0.00738457050192217
0.897375,0.00522167987806284
0.8975,7.73612322755134e-15
0.897625,-0.00522167987805665
0.89775,-0.00738457050192217
0.897875,-0.00522167987806111
0.898,-5.29714796562933e-15
0.898125,0.00522167987805362
0.89825,0.00738457050192217
0.898375,0.00522167987805939
0.8985,2.85817270370731e-15
0.898625,-0.00522167987805535
0.89875,-0.00738457050192217
0.898875,-0.00522167987806241
0.899,-4.19197441785303e-16
0.899125,0.00522167987805707
0.89925,0.00738457050192217
0.899375,0.00522167987806069
0.8995,4.69644992623015e-15
0.899625,-0.00522167987805879
0.89975,-0.00738457050192217
0.899875,-0.00522167987806371
0.9,-2.25747466430814e-15
0.900125,0.00522167987805577
0.90025,0.00738457050192217
0.900375,0.00522167987806199
0.9005,6.534727148753e-15
0.900625,-0.0052216798780575
0.90075,-0.00738457050192217
0.900875,-0.00522167987806501
0.901,-4.09575188683098e-15
0.901125,0.00522167987805447
0.90125,0.00738457050192217
0.901375,0.00522167987806329
0.9015,8.37300437127584e-15
0.901625,-0.0052216798780562
0.90175,-0.00738457050192217
0.901875,-0.00522167987806156
0.902,-5.93402910935382e-15
0.902125,0.00522167987805317
0.90225,0.00738457050192217
0.902375,0.00522167987805984
0.9025,3.49505384743181e-15
0.902625,-0.0052216798780549
0.90275,-0.00738457050192217
0.902875,-0.00522167987806286
0.903,-1.0560785855098e-15
0.903125,0.00522167987805662
0.90325,0.00738457050192217
0.903375,0.00522167987806114
0.9035,5.33333106995465e-15
0.903625,-0.00522167987805835
0.90375,-0.00738457050192217
0.903875,-0.00522167987806416
0.904,-2.89435580803264e-15
0.904125,0.00522167987805532
0.90425,0.00738457050192217
0.904375,0.00522167987806244
0.9045,7.17160829247749e-15
0.904625,-0.00522167987805704
0.90475,-0.00738457050192217
0.904875,-0.00522167987806071
0.905,-4.73263303055548e-15
0.905125,0.00522167987805402
0.90525,0.00738457050192217
0.905375,0.00522167987805899
0.9055,2.29365776863347e-15
0.905625,-0.00522167987805575
0.90575,-0.00738457050192217
0.905875,-0.00522167987806201
0.906,1.4531749328854e-16
0.906125,0.00522167987805272
0.90625,0.00738457050192217
0.906375,0.00522167987806029
0.9065,4.13193499115631e-15
0.906625,-0.00522167987805445
0.90675,-0.00738457050192217
0.906875,-0.00522167987806331
0.907,-1.6929597292343e-15
0.907125,0.00522167987805617
0.90725,0.00738457050192217
0.907375,0.00522167987806159
0.9075,5.97021221367915e-15
0.907625,-0.0052216798780579
0.90775,-0.00738457050192217
0.907875,-0.00522167987806461
0.908,-3.53123695175714e-15
0.908125,0.00522167987805487
0.90825,0.00738457050192217
0.908375,0.00522167987806289
0.9085,7.80848943620199e-15
0.908625,-0.00522167987805659
0.90875,-0.00738457050192217
0.908875,-0.00522167987806116
0.909,-5.36951417427998e-15
0.909125,0.00522167987805357
0.90925,0.00738457050192217
0.909375,0.00522167987805944
0.9095,2.93053891235797e-15
0.909625,-0.0052216798780553
0.90975,-0.00738457050192217
0.909875,-0.00522167987806246
0.91,-4.91563650435959e-16
0.910125,0.00522167987805702
0.91025,0.00738457050192217
0.910375,0.00522167987806074
0.9105,4.76881613488081e-15
0.910625,-0.00522167987805874
0.91075,-0.00738457050192217
0.910875,-0.00522167987806376
0.911,-2.3298408729588e-15
0.911125,0.00522167987805572
0.91125,0.00738457050192217
0.911375,0.00522167987806204
0.9115,6.60709335740365e-15
0.911625,-0.00522167987805744
0.91175,-0.00738457050192217
0.911875,-0.00522167987806031
0.912,-4.16811809548164e-15
0.912125,0.00522167987805442
0.91225,0.00738457050192217
0.912375,0.00522167987805859
0.9125,8.44537057992649e-15
0.912625,-0.00522167987805615
0.91275,-0.00738457050192217
0.912875,-0.00522167987806161
0.913,-6.00639531800448e-15
0.913125,0.00522167987805312
0.91325,0.00738457050192217
0.913375,0.00522167987805989
0.9135,3.56742005608247e-15
0.913625,-0.00522167987805484
0.91375,-0.00738457050192217
0.913875,-0.00522167987806291
0.914,-1.12844479416046e-15
0.914125,0.00522167987805657
0.91425,0.00738457050192217
0.914375,0.00522167987806119
0.9145,5.40569727860531e-15
0.914625,-0.00522167987805829
0.91475,-0.00738457050192217
0.914875,-0.00522167987806421
0.915,-2.9667220166833e-15
0.915125,0.00522167987805527
0.91525,0.00738457050192217
0.915375,0.00522167987806249
0.9155,7.24397450112815e-15
0.915625,-0.00522167987805699
0.91575,-0.00738457050192217
0.915875,-0.00522167987806076
0.916,-4.80499923920614e-15
0.916125,0.00522167987805397
0.91625,0.00738457050192217
0.916375,0.00522167987805904
0.9165,2.36602397728413e-15
0.916625,-0.00522167987805569
0.91675,-0.00738457050192217
0.916875,-0.00522167987806206
0.917,7.29512846378835e-17
0.917125,0.00522167987805742
0.91725,0.00738457050192217
0.917375,0.00522167987806034
0.9175,4.20430119980697e-15
0.917625,-0.00522167987805914
0.91775,-0.00738457050192217
0.917875,-0.00522167987806336
0.918,-1.76532593788496e-15
0.918125,0.00522167987805612
0.91825,0.00738457050192217
0.918375,0.00522167987806164
0.9185,6.04257842232981e-15
0.918625,-0.00522167987805784
0.91875,-0.00738457050192217
0.918875,-0.00522167987806466
0.919,-3.6036031604078e-15
0.919125,0.00522167987805482
0.91925,0.00738457050192217
0.919375,0.00522167987806294
0.9195,7.88085564485265e-15
0.919625,-0.00522167987805654
0.91975,-0.00738457050192217
0.919875,-0.00522167987806122
0.92,-5.44188038293064e-15
0.920125,0.00522167987805352
0.92025,0.00738457050192217
0.920375,0.00522167987805949
0.9205,3.00290512100863e-15
0.920625,-0.00522167987805524
0.92075,-0.00738457050192217
0.920875,-0.00522167987806251
0.921,-5.63929859086616e-16
0.921125,0.00522167987805697
0.92125,0.00738457050192217
0.921375,0.00522167987806079
0.9215,4.84118234353147e-15
0.921625,-0.00522167987805869
0.92175,-0.00738457050192217
0.921875,-0.00522167987806382
0.922,-2.40220708160946e-15
0.922125,0.00522167987805567
0.92225,0.00738457050192217
0.922375,0.00522167987806209
0.9225,6.67945956605431e-15
0.922625,-0.00522167987805739
0.92275,-0.00738457050192217
0.922875,-0.00522167987806037
0.923,-4.2404843041323e-15
0.923125,0.00522167987805437
0.92325,0.00738457050192217
0.923375,0.00522167987806339
0.9235,1.80150904221029e-15
0.923625,-0.00522167987805609
0.92375,-0.00738457050192217
0.923875,-0.00522167987806167
0.924,6.37466219711726e-16
0.924125,0.00522167987805307
0.92425,0.00738457050192217
0.924375,0.00522167987806469
0.9245,3.63978626473313e-15
0.924625,-0.00522167987805954
0.92475,-0.00738457050192217
0.924875,-0.00522167987806297
0.925,-1.20081100281111e-15
0.925125,0.00522167987805652
0.92525,0.00738457050192217
0.925375,0.00522167987806599
0.9255,5.47806348725597e-15
0.925625,-0.00522167987805824
0.92575,-0.00738457050192217
0.925875,-0.00522167987806427
0.926,-3.03908822533395e-15
0.926125,0.00522167987805522
0.92625,0.00738457050192217
0.926375,0.00522167987806254
0.9265,7.31634070977881e-15
0.926625,-0.00522167987805694
0.92675,-0.00738457050192217
0.926875,-0.00522167987806082
0.927,-4.8773654478568e-15
0.927125,0.00522167987805392
0.92725,0.00738457050192217
0.927375,0.00522167987806384
0.9275,2.43839018593478e-15
0.927625,-0.00522167987805564
0.92775,-0.00738457050192217
0.927875,-0.00522167987806212
0.928,5.85075987227058e-19
0.928125,0.00522167987805737
0.92825,0.00738457050192217
0.928375,0.00522167987806514
0.9285,4.27666740845763e-15
0.928625,-0.00522167987805909
0.92875,-0.00738457050192217
0.928875,-0.00522167987806342
0.929,-1.83769214653561e-15
0.929125,0.00522167987805607
0.92925,0.00738457050192217
0.929375,0.00522167987806169
0.9295,6.11494463098047e-15
0.929625,-0.00522167987805779
0.92975,-0.00738457050192217
0.929875,-0.00522167987805997
0.93,-3.67596936905845e-15
0.930125,0.00522167987805477
0.93025,0.00738457050192217
0.930375,0.00522167987806299
0.9305,7.95322185350331e-15
0.930625,-0.00522167987805649
0.93075,-0.00738457050192217
0.930875,-0.00522167987806127
0.931,1.20198115478557e-15
0.931125,0.00522167987805347
0.93125,0.00738457050192217
0.931375,0.00522167987806429
0.9315,3.07527132965928e-15
0.931625,-0.00522167987805519
0.93175,-0.00738457050192217
0.931875,-0.00522167987806257
0.932,-6.36296067737272e-16
0.932125,0.00522167987805692
0.93225,0.00738457050192217
0.932375,0.00522167987806559
0.9325,4.91354855218212e-15
0.932625,-0.00522167987805864
0.93275,-0.00738457050192217
0.932875,-0.00522167987806387
0.933,-2.47457329026011e-15
0.933125,0.00522167987805562
0.93325,0.00738457050192217
0.933375,0.00522167987806214
0.9335,6.75182577470496e-15
0.933625,-0.00522167987805734
0.93375,-0.00738457050192217
0.933875,-0.00522167987806042
0.934,-4.31285051278295e-15
0.934125,0.00522167987805432
0.93425,0.00738457050192217
0.934375,0.00522167987806344
0.9345,1.87387525086094e-15
0.934625,-0.00522167987805604
0.93475,-0.00738457050192217
0.934875,-0.00522167987806172
0.935,5.6510001106107e-16
0.935125,0.00522167987805777
0.93525,0.00738457050192217
0.935375,0.00522167987806474
0.9355,3.71215247338378e-15
0.935625,-0.00522167987805949
0.93575,-0.00738457050192217
0.935875,-0.00522167987806302
0.936,-1.27317721146177e-15
0.936125,0.00522167987805647
0.93625,0.00738457050192217
0.936375,0.00522167987806604
0.9365,5.55042969590662e-15
0.936625,-0.00522167987805819
0.93675,-0.00738457050192217
0.936875,-0.00522167987806432
0.937,-3.11145443398461e-15
0.937125,0.00522167987805517
0.93725,0.00738457050192217
0.937375,0.00522167987806259
0.9375,7.38870691842946e-15
0.937625,-0.00522167987805689
0.93775,-0.00738457050192217
0.937875,-0.00522167987806087
0.938,-4.94973165650745e-15
0.938125,0.00522167987805387
0.93825,0.00738457050192217
0.938375,0.00522167987806389
0.9385,2.51075639458544e-15
0.938625,-0.00522167987805559
0.93875,-0.00738457050192217
0.938875,-0.00522167987806217
0.939,-6.78800887903029e-15
0.939125,0.00522167987805732
0.93925,0.00738457050192217
0.939375,0.00522167987806519
0.9395,4.34903361710828e-15
0.939625,-0.00522167987805904
0.93975,-0.00738457050192217
0.939875,-0.00522167987806347
0.94,-8.62628610155313e-15
0.940125,0.00522167987805602
0.94025,0.00738457050192217
0.940375,0.00522167987806174
0.9405,6.18731083963112e-15
0.940625,-0.00522167987805774
0.94075,-0.00738457050192217
0.940875,-0.00522167987806002
0.941,-3.74833557770911e-15
0.941125,0.00522167987805472
0.94125,0.00738457050192217
0.941375,0.00522167987806304
0.9415,1.3093603157871e-15
0.941625,-0.00522167987805644
0.94175,-0.00738457050192217
0.941875,-0.00522167987806132
0.942,-5.58661280023195e-15
0.942125,0.00522167987805817
0.94225,0.00738457050192217
0.942375,0.00522167987806434
0.9425,3.14763753830994e-15
0.942625,-0.00522167987805989
0.94275,-0.00738457050192217
0.942875,-0.00522167987806262
0.943,-7.42489002275479e-15
0.943125,0.00522167987805687
0.94325,0.00738457050192217
0.943375,0.00522167987806564
0.9435,4.98591476083278e-15
0.943625,-0.00522167987805859
0.94375,-0.00738457050192217
0.943875,-0.00522167987806392
0.944,-9.26316724527763e-15
0.944125,0.00522167987805557
0.94425,0.00738457050192217
0.944375,0.00522167987806219
0.9445,6.82419198335562e-15
0.944625,-0.00522167987805729
0.94475,-0.00738457050192217
0.944875,-0.00522167987806047
0.945,-4.38521672143361e-15
0.945125,0.00522167987805427
0.94525,0.00738457050192217
0.945375,0.00522167987806349
0.9455,1.9462414595116e-15
0.945625,-0.00522167987805599
0.94575,-0.00738457050192217
0.945875,-0.00522167987806177
0.946,-6.22349394395645e-15
0.946125,0.00522167987805772
0.94625,0.00738457050192217
0.946375,0.00522167987806479
0.9465,3.78451868203444e-15
0.946625,-0.00522167987805944
0.94675,-0.00738457050192217
0.946875,-0.00522167987806307
0.947,-8.06177116647929e-15
0.947125,0.00522167987805642
0.94725,0.00738457050192217
0.947375,0.00522167987806134
0.9475,5.62279590455728e-15
0.947625,-0.00522167987805814
0.94775,-0.00738457050192217
0.947875,-0.00522167987805962
0.948,-9.90004838900213e-15
0.948125,0.00522167987805512
0.94825,0.00738457050192217
0.948375,0.00522167987806264
0.9485,7.44845380713256e-16
0.948625,-0.00522167987805684
0.94875,-0.00738457050192217
0.948875,-0.00522167987806092
0.949,-5.02209786515811e-15
0.949125,0.00522167987805382
0.94925,0.00738457050192217
0.949375,0.00522167987806394
0.9495,2.5831226032361e-15
0.949625,-0.00522167987805554
0.94975,-0.00738457050192217
0.949875,-0.00522167987806222
0.95,-6.86037508768095e-15
0.950125,0.00522167987805727
0.95025,0.00738457050192217
0.950375,0.00522167987806524
0.9505,4.42139982575894e-15
0.950625,-0.00522167987805899
0.95075,-0.00738457050192217
0.950875,-0.00522167987806352
0.951,-8.69865231020379e-15
0.951125,0.00522167987805597
0.95125,0.00738457050192217
0.951375,0.00522167987806179
0.9515,6.25967704828178e-15
0.951625,-0.00522167987805769
0.95175,-0.00738457050192217
0.951875,-0.00522167987806007
0.952,-3.82070178635977e-15
0.952125,0.00522167987805467
0.95225,0.00738457050192217
0.952375,0.00522167987806309
0.9525,1.38172652443776e-15
0.952625,-0.00522167987805639
0.95275,-0.00738457050192217
0.952875,-0.00522167987806137
0.953,-5.65897900888261e-15
0.953125,0.00522167987805811
0.95325,0.00738457050192217
0.953375,0.00522167987806439
0.9535,3.2200037469606e-15
0.953625,-0.00522167987805509
0.95375,-0.00738457050192217
0.953875,-0.00522167987806267
0.954,-7.49725623140545e-15
0.954125,0.00522167987805682
0.95425,0.00738457050192217
0.954375,0.00522167987806569
0.9545,5.05828096948344e-15
0.954625,-0.00522167987805379
0.95475,-0.00738457050192217
0.954875,-0.00522167987805922
0.955,-9.33553345392829e-15
0.955125,0.00522167987805552
0.95525,0.00738457050192217
0.955375,0.00522167987806224
0.9555,6.89655819200628e-15
0.955625,-0.00522167987805249
0.95575,-0.00738457050192217
0.955875,-0.00522167987806052
0.956,-4.45758293008427e-15
0.956125,0.00522167987805422
0.95625,0.00738457050192217
0.956375,0.00522167987806354
0.9565,2.01860766816225e-15
0.956625,-0.00522167987805594
0.95675,-0.00738457050192217
0.956875,-0.00522167987806182
0.957,-6.29586015260711e-15
0.957125,0.00522167987805766
0.95725,0.00738457050192217
0.957375,0.00522167987806484
0.9575,3.85688489068509e-15
0.957625,-0.00522167987805464
0.95775,-0.00738457050192217
0.957875,-0.00522167987806312
0.958,-8.13413737512995e-15
0.958125,0.00522167987805636
0.95825,0.00738457050192217
0.958375,0.00522167987806139
0.9585,5.69516211320794e-15
0.958625,-0.00522167987805334
0.95875,-0.00738457050192217
0.958875,-0.00522167987805967
0.959,-3.25618685128592e-15
0.959125,0.00522167987805507
0.95925,0.00738457050192217
0.959375,0.00522167987806269
0.9595,8.17211589363913e-16
0.959625,-0.00522167987805679
0.95975,-0.00738457050192217
0.959875,-0.00522167987806097
0.96,-5.09446407380877e-15
0.960125,0.00522167987805851
0.96025,0.00738457050192217
0.960375,0.00522167987806399
0.9605,2.65548881188675e-15
0.960625,-0.00522167987805549
0.96075,-0.00738457050192217
0.960875,-0.00522167987806227
0.961,-6.9327412963316e-15
0.961125,0.00522167987805721
0.96125,0.00738457050192217
0.961375,0.00522167987806529
0.9615,4.49376603440959e-15
0.961625,-0.00522167987805419
0.96175,-0.00738457050192217
0.961875,-0.00522167987806357
0.962,-8.77101851885445e-15
0.962125,0.00522167987805591
0.96225,0.00738457050192217
0.962375,0.00522167987806185
0.9625,6.33204325693244e-15
0.962625,-0.00522167987805289
0.96275,-0.00738457050192217
0.962875,-0.00522167987806012
0.963,-3.89306799501042e-15
0.963125,0.00522167987805461
0.96325,0.00738457050192217
0.963375,0.00522167987806314
0.9635,1.45409273308841e-15
0.963625,-0.00522167987805634
0.96375,-0.00738457050192217
0.963875,-0.00522167987806142
0.964,-5.73134521753326e-15
0.964125,0.00522167987805806
0.96425,0.00738457050192217
0.964375,0.00522167987806444
0.9645,3.29236995561125e-15
0.964625,-0.00522167987805504
0.96475,-0.00738457050192217
0.964875,-0.00522167987806272
0.965,-7.5696224400561e-15
0.965125,0.00522167987805676
0.96525,0.00738457050192217
0.965375,0.005221679878061
0.9655,5.13064717813409e-15
0.965625,-0.00522167987805374
0.96575,-0.00738457050192217
0.965875,-0.00522167987805927
0.966,-2.69167191621208e-15
0.966125,0.00522167987805546
0.96625,0.00738457050192217
0.966375,0.0052216798780623
0.9665,2.5269665429007e-16
0.966625,-0.00522167987805244
0.96675,-0.00738457050192217
0.966875,-0.00522167987806057
0.967,-4.52994913873492e-15
0.967125,0.00522167987805416
0.96725,0.00738457050192217
0.967375,0.00522167987806359
0.9675,2.09097387681291e-15
0.967625,-0.00522167987805589
0.96775,-0.00738457050192217
0.967875,-0.00522167987806187
0.968,-6.36822636125776e-15
0.968125,0.00522167987805761
0.96825,0.00738457050192217
0.968375,0.0052216798780649
0.9685,3.92925109933575e-15
0.968625,-0.00522167987805459
0.96875,-0.00738457050192217
0.968875,-0.00522167987806317
0.969,-8.2065035837806e-15
0.969125,0.00522167987805631
0.96925,0.00738457050192217
0.969375,0.00522167987806145
0.9695,5.76752832185859e-15
0.969625,-0.00522167987805329
0.96975,-0.00738457050192217
0.969875,-0.00522167987805972
0.97,-3.32855305993658e-15
0.970125,0.00522167987805501
0.97025,0.00738457050192217
0.970375,0.00522167987806275
0.9705,8.89577798014569e-16
0.970625,-0.00522167987805674
0.97075,-0.00738457050192217
0.970875,-0.00522167987806102
0.971,-5.16683028245942e-15
0.971125,0.00522167987805846
0.97125,0.00738457050192217
0.971375,0.00522167987806405
0.9715,2.72785502053741e-15
0.971625,-0.00522167987805544
0.97175,-0.00738457050192217
0.971875,-0.00522167987806232
0.972,-7.00510750498226e-15
0.972125,0.00522167987805716
0.97225,0.00738457050192217
0.972375,0.0052216798780606
0.9725,4.56613224306025e-15
0.972625,-0.00522167987805414
0.97275,-0.00738457050192217
0.972875,-0.00522167987805887
0.973,-8.8433847275051e-15
0.973125,0.00522167987805586
0.97325,0.00738457050192217
0.973375,0.0052216798780619
0.9735,6.40440946558309e-15
0.973625,-0.00522167987805284
0.97375,-0.00738457050192217
0.973875,-0.00522167987806017
0.974,-3.96543420366108e-15
0.974125,0.00522167987805456
0.97425,0.00738457050192217
0.974375,0.00522167987806319
0.9745,1.52645894173907e-15
0.974625,-0.00522167987805629
0.97475,-0.00738457050192217
0.974875,-0.00522167987806147
0.975,-5.80371142618392e-15
0.975125,0.00522167987805801
0.97525,0.00738457050192217
0.975375,0.0052216798780645
0.9755,3.36473616426191e-15
0.975625,-0.00522167987805499
0.97575,-0.00738457050192217
0.975875,-0.00522167987806277
0.976,-7.64198864870676e-15
0.976125,0.00522167987805671
0.97625,0.00738457050192217
0.976375,0.00522167987806105
0.9765,5.20301338678475e-15
0.976625,-0.00522167987805369
0.97675,-0.00738457050192217
0.976875,-0.00522167987805932
0.977,-2.76403812486274e-15
0.977125,0.00522167987805541
0.97725,0.00738457050192217
0.977375,0.00522167987806235
0.9775,3.25062862940727e-16
0.977625,-0.00522167987805714
0.97775,-0.00738457050192217
0.977875,-0.00522167987806062
0.978,-4.60231534738558e-15
0.978125,0.00522167987805886
0.97825,0.00738457050192217
0.978375,0.00522167987806365
0.9785,2.16334008546357e-15
0.978625,-0.00522167987805584
0.97875,-0.00738457050192217
0.978875,-0.00522167987806192
0.979,-6.44059256990842e-15
0.979125,0.00522167987805756
0.97925,0.00738457050192217
0.979375,0.00522167987806495
0.9795,4.00161730798641e-15
0.979625,-0.00522167987805454
0.97975,-0.00738457050192217
0.979875,-0.00522167987806322
0.98,-8.27886979243126e-15
0.980125,0.00522167987805626
0.98025,0.00738457050192217
0.980375,0.0052216798780615
0.9805,5.83989453050925e-15
0.980625,-0.00522167987805324
0.98075,-0.00738457050192217
0.980875,-0.00522167987805977
0.981,-3.40091926858724e-15
0.981125,0.00522167987805496
0.98125,0.00738457050192217
0.981375,0.0052216798780628
0.9815,9.61944006665226e-16
0.981625,-0.00522167987805669
0.98175,-0.00738457050192217
0.981875,-0.00522167987806107
0.982,-5.23919649111008e-15
0.982125,0.00522167987805841
0.98225,0.00738457050192217
0.982375,0.0052216798780641
0.9825,2.80022122918807e-15
0.982625,-0.00522167987805539
0.98275,-0.00738457050192217
0.982875,-0.00522167987806237
0.983,-7.07747371363292e-15
0.983125,0.00522167987805711
0.98325,0.00738457050192217
0.983375,0.00522167987806065
0.9835,4.63849845171091e-15
0.983625,-0.00522167987805409
0.98375,-0.00738457050192217
0.983875,-0.00522167987805892
0.984,-2.1995231897889e-15
0.984125,0.00522167987805581
0.98425,0.00738457050192217
0.984375,0.00522167987806195
0.9845,-2.39452072133116e-16
0.984625,-0.00522167987805279
0.98475,-0.00738457050192217
0.984875,-0.00522167987806497
0.985,-4.03780041231174e-15
0.985125,0.00522167987805926
0.98525,0.00738457050192217
0.985375,0.00522167987806325
0.9855,1.59882515038972e-15
0.985625,-0.00522167987805624
0.98575,-0.00738457050192217
0.985875,-0.00522167987806627
0.986,-5.87607763483458e-15
0.986125,0.00522167987805796
0.98625,0.00738457050192217
0.986375,0.00522167987806455
0.9865,3.43710237291257e-15
0.986625,-0.00522167987805494
0.98675,-0.00738457050192217
0.986875,-0.00522167987806282
0.987,-7.71435485735742e-15
0.987125,0.00522167987805666
0.98725,0.00738457050192217
0.987375,0.0052216798780611
0.9875,5.27537959543541e-15
0.987625,-0.00522167987805364
0.98775,-0.00738457050192217
0.987875,-0.00522167987806412
0.988,-2.83640433351339e-15
0.988125,0.00522167987805536
0.98825,0.00738457050192217
0.988375,0.0052216798780624
0.9885,3.97429071591383e-16
0.988625,-0.00522167987805709
0.98875,-0.00738457050192217
0.988875,-0.00522167987806542
0.989,-4.67468155603624e-15
0.989125,0.00522167987805881
0.98925,0.00738457050192217
0.989375,0.0052216798780637
0.9895,2.23570629411422e-15
0.989625,-0.00522167987805579
0.98975,-0.00738457050192217
0.989875,-0.00522167987806197
0.99,-6.51295877855908e-15
0.990125,0.00522167987805751
0.99025,0.00738457050192217
0.990375,0.00522167987806025
0.9905,4.07398351663706e-15
0.990625,-0.00522167987805449
0.99075,-0.00738457050192217
0.990875,-0.00522167987806327
0.991,-8.35123600108192e-15
0.991125,0.00522167987805621
0.99125,0.00738457050192217
0.991375,0.00522167987806155
0.9915,-8.03967007206958e-16
0.991625,-0.00522167987805319
0.99175,-0.00738457050192217
0.991875,-0.00522167987806457
0.992,-3.47328547723789e-15
0.992125,0.00522167987805491
0.99225,0.00738457050192217
0.992375,0.00522167987806285
0.9925,1.03431021531588e-15
0.992625,-0.00522167987805664
0.99275,-0.00738457050192217
0.992875,-0.00522167987806587
0.993,-5.31156269976073e-15
0.993125,0.00522167987805836
0.99325,0.00738457050192217
0.993375,0.00522167987806415
0.9935,2.87258743783872e-15
0.993625,-0.00522167987805534
0.99375,-0.00738457050192217
0.993875,-0.00522167987806242
0.994,-7.14983992228357e-15
0.994125,0.00522167987805706
0.99425,0.00738457050192217
0.994375,0.0052216798780607
0.9945,4.71086466036156e-15
0.994625,-0.00522167987805404
0.99475,-0.00738457050192217
0.994875,-0.00522167987806372
0.995,-2.27188939843955e-15
0.995125,0.00522167987805576
0.99525,0.00738457050192217
0.995375,0.005221679878062
0.9955,-1.67085863482459e-16
0.995625,-0.00522167987805749
0.99575,-0.00738457050192217
0.995875,-0.00522167987806502
0.996,-4.11016662096239e-15
0.996125,0.00522167987805921
0.99625,0.00738457050192217
0.996375,0.0052216798780633
0.9965,1.67119135904038e-15
0.996625,-0.00522167987805619
0.99675,-0.00738457050192217
0.996875,-0.00522167987806632
0.997,-5.94844384348523e-15
0.997125,0.00522167987805791
0.99725,0.00738457050192217
0.997375,0.0052216798780646
0.9975,3.50946858156322e-15
0.997625,-0.00522167987805489
0.99775,-0.00738457050192217
0.997875,-0.00522167987806287
0.998,-7.78672106600807e-15
0.998125,0.00522167987805661
0.99825,0.00738457050192217
0.998375,0.00522167987806115
0.9985,5.34774580408606e-15
0.998625,-0.00522167987805359
0.99875,-0.00738457050192217
0.998875,-0.00522167987806417
0.999,-2.90877054216405e-15
0.999125,0.00522167987805531
0.99925,0.00738457050192217
0.999375,0.00522167987806245
0.9995,4.6979528024204e-16
0.999625,-0.00522167987805703
0.99975,-0.00738457050192217
0.999875,-0.00522167987806547
1,-4.74704776468689e-15
1.000125,0.00522167987805401
1.00025,0.00738457050192217
1.000375,0.00522167987806375
1.0005,9.02430024913174e-15
1.000625,-0.00522167987806048
1.00075,-0.00738457050192217
1.000875,-0.00522167987806202
1.001,-6.58532498720973e-15
1.001125,0.00522167987805746
1.00125,0.00738457050192217
1.001375,0.00522167987806505
1.0015,4.14634972528772e-15
1.001625,-0.00522167987805444
1.00175,-0.00738457050192217
1.001875,-0.00522167987805857
1.002,-1.70737446336571e-15
1.002125,0.00522167987805141
1.00225,0.00738457050192217
1.002375,0.0052216798780616
1.0025,5.98462694781056e-15
1.002625,-0.00522167987805788
1.00275,-0.00738457050192217
1.002875,-0.00522167987806462
1.003,-1.02618794322554e-14
1.003125,0.00522167987805961
1.00325,0.00738457050192217
1.003375,0.00522167987806765
1.0035,1.10667642396654e-15
1.003625,-0.00522167987805658
1.00375,-0.00738457050192217
1.003875,-0.00522167987806117
1.004,-5.38392890841139e-15
1.004125,0.00522167987805356
1.00425,0.00738457050192217
1.004375,0.0052216798780642
1.0045,9.66118139285624e-15
1.004625,-0.00522167987806003
1.00475,-0.00738457050192217
1.004875,-0.00522167987806247
1.005,-7.22220613093423e-15
1.005125,0.00522167987805701
1.00525,0.00738457050192217
1.005375,0.0052216798780655
1.0055,4.78323086901222e-15
1.005625,-0.00522167987805399
1.00575,-0.00738457050192217
1.005875,-0.00522167987805902
1.006,-2.34425560709021e-15
1.006125,0.00522167987805571
1.00625,0.00738457050192217
1.006375,0.00522167987806205
1.0065,6.62150809153506e-15
1.006625,-0.00522167987805743
1.00675,-0.00738457050192217
1.006875,-0.00522167987806507
1.007,-1.08987605759799e-14
1.007125,0.00522167987805916
1.00725,0.00738457050192217
1.007375,0.00522167987806335
1.0075,1.74355756769104e-15
1.007625,-0.00522167987805613
1.00775,-0.00738457050192217
1.007875,-0.00522167987806162
1.008,-6.02081005213589e-15
1.008125,0.00522167987805311
1.00825,0.00738457050192217
1.008375,0.0052216798780599
1.0085,1.02980625365807e-14
1.008625,-0.00522167987805958
1.00875,-0.00738457050192217
1.008875,-0.00522167987806293
1.009,-7.85908727465873e-15
1.009125,0.00522167987805656
1.00925,0.00738457050192217
1.009375,0.00522167987806595
1.0095,-1.29611573363014e-15
1.009625,-0.00522167987805354
1.00975,-0.00738457050192217
1.009875,-0.00522167987805947
1.01,-2.98113675081471e-15
1.010125,0.00522167987805526
1.01025,0.00738457050192217
1.010375,0.0052216798780625
1.0105,7.25838923525956e-15
1.010625,-0.00522167987806173
1.01075,-0.00738457050192217
1.010875,-0.00522167987806552
1.011,-1.15356417197044e-14
1.011125,0.00522167987805871
1.01125,0.00738457050192217
1.011375,0.0052216798780638
1.0115,2.38043871141554e-15
1.011625,-0.00522167987805568
1.01175,-0.00738457050192217
1.011875,-0.00522167987806207
1.012,-6.65769119586039e-15
1.012125,0.00522167987805266
1.01225,0.00738457050192217
1.012375,0.00522167987806035
1.0125,4.21871593393838e-15
1.012625,-0.00522167987805913
1.01275,-0.00738457050192217
1.012875,-0.00522167987806337
1.013,-8.49596841838323e-15
1.013125,0.00522167987805611
1.01325,0.00738457050192217
1.013375,0.0052216798780664
1.0135,-6.59234589905646e-16
1.013625,-0.00522167987805783
1.01375,-0.00738457050192217
1.013875,-0.00522167987805993
1.014,-3.61801789453921e-15
1.014125,0.00522167987805481
1.01425,0.00738457050192217
1.014375,0.00522167987806295
1.0145,7.89527037898406e-15
1.014625,-0.00522167987806128
1.01475,-0.00738457050192217
1.014875,-0.00522167987806597
1.015,-1.21725228634289e-14
1.015125,0.00522167987805826
1.01525,0.00738457050192217
1.015375,0.00522167987806425
1.0155,3.01731985514004e-15
1.015625,-0.00522167987805523
1.01575,-0.00738457050192217
1.015875,-0.00522167987805778
1.016,-7.29457233958489e-15
1.016125,0.00522167987805221
1.01625,0.00738457050192217
1.016375,0.0052216798780608
1.0165,4.85559707766288e-15
1.016625,-0.00522167987805393
1.01675,-0.00738457050192217
1.016875,-0.00522167987806382
1.017,-9.13284956210773e-15
1.017125,0.00522167987805566
1.01725,0.00738457050192217
1.017375,0.00522167987806685
1.0175,-2.23534461811467e-17
1.017625,-0.00522167987805738
1.01775,-0.00738457050192217
1.017875,-0.00522167987806038
1.018,-4.25489903826371e-15
1.018125,0.00522167987805436
1.01825,0.00738457050192217
1.018375,0.0052216798780634
1.0185,8.53215152270856e-15
1.018625,-0.00522167987805133
1.01875,-0.00738457050192217
1.018875,-0.00522167987806168
1.019,-6.09317626078655e-15
1.019125,0.00522167987805781
1.01925,0.00738457050192217
1.019375,0.0052216798780647
1.0195,3.65420099886453e-15
1.019625,-0.00522167987805478
1.01975,-0.00738457050192217
1.019875,-0.00522167987805823
1.02,-1.21522573694252e-15
1.020125,0.00522167987805651
1.02025,0.00738457050192217
1.020375,0.00522167987806125
1.0205,5.49247822138738e-15
1.020625,-0.00522167987805348
1.02075,-0.00738457050192217
1.020875,-0.00522167987806427
1.021,-9.76973070583223e-15
1.021125,0.00522167987805996
1.02125,0.00738457050192217
1.021375,0.0052216798780673
1.0215,6.14527697543352e-16
1.021625,-0.00522167987805693
1.02175,-0.00738457050192217
1.021875,-0.00522167987806083
1.022,-4.8917801819882e-15
1.022125,0.00522167987805391
1.02225,0.00738457050192217
1.022375,0.00522167987806385
1.0225,9.16903266643306e-15
1.022625,-0.00522167987805088
1.02275,-0.00738457050192217
1.022875,-0.00522167987806213
1.023,-6.73005740451105e-15
1.023125,0.00522167987805736
1.02325,0.00738457050192217
1.023375,0.00522167987806515
1.0235,4.29108214258903e-15
1.023625,-0.00522167987805433
1.02375,-0.00738457050192217
1.023875,-0.00522167987805868
1.024,-1.85210688066702e-15
1.024125,0.00522167987805606
1.02425,0.00738457050192217
1.024375,0.0052216798780617
1.0245,6.12935936511187e-15
1.024625,-0.00522167987805303
1.02475,-0.00738457050192217
1.024875,-0.00522167987806473
1.025,-1.04066118495567e-14
1.025125,0.00522167987805951
1.02525,0.00738457050192217
1.025375,0.005221679878063
1.0255,1.25140884126785e-15
1.025625,-0.00522167987805648
1.02575,-0.00738457050192217
1.025875,-0.00522167987806128
1.026,-5.5286613257127e-15
1.026125,0.00522167987805346
1.02625,0.00738457050192217
1.026375,0.00522167987805955
1.0265,3.08968606379069e-15
1.026625,-0.00522167987805043
1.02675,-0.00738457050192217
1.026875,-0.00522167987806258
1.027,-7.36693854823554e-15
1.027125,0.00522167987805691
1.02725,0.00738457050192217
1.027375,0.0052216798780656
1.0275,-1.78826446005333e-15
1.027625,-0.00522167987805388
1.02775,-0.00738457050192217
1.027875,-0.00522167987805913
1.028,-2.48898802439152e-15
1.028125,0.00522167987805561
1.02825,0.00738457050192217
1.028375,0.00522167987806215
1.0285,6.76624050883637e-15
1.028625,-0.00522167987805258
1.02875,-0.00738457050192217
1.028875,-0.00522167987806518
1.029,-1.10434929932812e-14
1.029125,0.00522167987805906
1.02925,0.00738457050192217
1.029375,0.00522167987806345
1.0295,1.88828998499235e-15
1.029625,-0.00522167987805603
1.02975,-0.00738457050192217
1.029875,-0.00522167987806173
1.03,-6.1655424694372e-15
1.030125,0.00522167987805301
1.03025,0.00738457050192217
1.030375,0.00522167987806
1.0305,3.72656720751519e-15
1.030625,-0.00522167987805473
1.03075,-0.00738457050192217
1.030875,-0.00522167987806303
1.031,-8.00381969196004e-15
1.031125,0.00522167987805646
1.03125,0.00738457050192217
1.031375,0.00522167987806605
1.0315,-1.15138331632883e-15
1.031625,-0.00522167987805818
1.03175,-0.00738457050192217
1.031875,-0.00522167987805958
1.032,-3.12586916811602e-15
1.032125,0.00522167987805516
1.03225,0.00738457050192217
1.032375,0.0052216798780626
1.0325,7.40312165256087e-15
1.032625,-0.00522167987805213
1.03275,-0.00738457050192217
1.032875,-0.00522167987806088
1.033,-1.16803741370057e-14
1.033125,0.00522167987805861
1.03325,0.00738457050192217
1.033375,0.0052216798780639
1.0335,2.52517112871685e-15
1.033625,-0.00522167987805558
1.03375,-0.00738457050192217
1.033875,-0.00522167987805743
1.034,-6.8024236131617e-15
1.034125,0.00522167987805256
1.03425,0.00738457050192217
1.034375,0.00522167987806045
1.0345,4.36344835123969e-15
1.034625,-0.00522167987805428
1.03475,-0.00738457050192217
1.034875,-0.00522167987806348
1.035,-8.64070083568454e-15
1.035125,0.00522167987805601
1.03525,0.00738457050192217
1.035375,0.0052216798780665
1.0355,-5.14502172604333e-16
1.035625,-0.00522167987805773
1.03575,-0.00738457050192217
1.035875,-0.00522167987806003
1.036,-3.76275031184052e-15
1.036125,0.00522167987805471
1.03625,0.00738457050192217
1.036375,0.00522167987806305
1.0365,8.04000279628537e-15
1.036625,-0.00522167987805168
1.03675,-0.00738457050192217
1.036875,-0.00522167987806133
1.037,-5.60102753436336e-15
1.037125,0.00522167987805816
1.03725,0.00738457050192217
1.037375,0.00522167987806435
1.0375,3.16205227244135e-15
1.037625,-0.00522167987805513
1.03775,-0.00738457050192217
1.037875,-0.00522167987805788
1.038,-7.23077010519337e-16
1.038125,0.00522167987805686
1.03825,0.00738457050192217
1.038375,0.0052216798780609
1.0385,5.00032949496419e-15
1.038625,-0.00522167987805383
1.03875,-0.00738457050192217
1.038875,-0.00522167987806393
1.039,-9.27758197940904e-15
1.039125,0.00522167987806031
1.03925,0.00738457050192217
1.039375,0.00522167987806695
1.0395,1.22378971120166e-16
1.039625,-0.00522167987805728
1.03975,-0.00738457050192217
1.039875,-0.00522167987806048
1.04,-4.39963145556502e-15
1.040125,0.00522167987805426
1.04025,0.00738457050192217
1.040375,0.0052216798780635
1.0405,8.67688394000987e-15
1.040625,-0.00522167987805123
1.04075,-0.00738457050192217
1.040875,-0.00522167987806178
1.041,-6.23790867808786e-15
1.041125,0.00522167987805771
1.04125,0.00738457050192217
1.041375,0.0052216798780648
1.0415,3.79893341616585e-15
1.041625,-0.00522167987805468
1.04175,-0.00738457050192217
1.041875,-0.00522167987805833
1.042,-1.35995815424384e-15
1.042125,0.00522167987805641
1.04225,0.00738457050192217
1.042375,0.00522167987806135
1.0425,5.63721063868869e-15
1.042625,-0.00522167987805338
1.04275,-0.00738457050192217
1.042875,-0.00522167987806438
1.043,-9.91446312313354e-15
1.043125,0.00522167987805985
1.04325,0.00738457050192217
1.043375,0.00522167987806265
1.0435,7.59260114844665e-16
1.043625,-0.00522167987805683
1.04375,-0.00738457050192217
1.043875,-0.00522167987806093
1.044,-5.03651259928952e-15
1.044125,0.00522167987805381
1.04425,0.00738457050192217
1.044375,0.0052216798780592
1.0445,2.59753733736751e-15
1.044625,-0.00522167987805078
1.04475,-0.00738457050192217
1.044875,-0.00522167987806223
1.045,-6.87478982181236e-15
1.045125,0.00522167987805725
1.04525,0.00738457050192217
1.045375,0.00522167987806525
1.0455,-2.28041318647652e-15
1.045625,-0.00522167987805898
1.04575,-0.00738457050192217
1.045875,-0.00522167987805878
1.046,-1.99683929796833e-15
1.046125,0.00522167987805596
1.04625,0.00738457050192217
1.046375,0.0052216798780618
1.0465,6.27409178241319e-15
1.046625,-0.00522167987805293
1.04675,-0.00738457050192217
1.046875,-0.00522167987806483
1.047,-1.0551344266858e-14
1.047125,0.0052216798780594
1.04725,0.00738457050192217
1.047375,0.0052216798780631
1.0475,1.39614125856916e-15
1.047625,-0.00522167987805638
1.04775,-0.00738457050192217
1.047875,-0.00522167987806613
1.048,-5.67339374301402e-15
1.048125,0.00522167987805336
1.04825,0.00738457050192217
1.048375,0.00522167987805965
1.0485,3.234418481092e-15
1.048625,-0.00522167987805508
1.04875,-0.00738457050192217
1.048875,-0.00522167987806268
1.049,-7.51167096553686e-15
1.049125,0.0052216798780568
1.04925,0.00738457050192217
1.049375,0.0052216798780657
1.0495,-1.64353204275202e-15
1.049625,-0.00522167987805853
1.04975,-0.00738457050192217
1.049875,-0.00522167987806873
1.05,-2.63372044169283e-15
1.050125,0.0052216798780555
1.05025,0.00738457050192217
1.050375,0.00522167987806225
1.0505,6.91097292613769e-15
1.050625,-0.00522167987805248
1.05075,-0.00738457050192217
1.050875,-0.00522167987806053
1.051,-1.11882254105825e-14
1.051125,0.00522167987805895
1.05125,0.00738457050192217
1.051375,0.00522167987806355
1.0515,2.03302240229366e-15
1.051625,-0.00522167987805593
1.05175,-0.00738457050192217
1.051875,-0.00522167987806658
1.052,4.05952859628348e-16
1.052125,0.00522167987805291
1.05225,0.00738457050192217
1.052375,0.0052216798780601
1.0525,3.8712996248165e-15
1.052625,-0.00522167987805463
1.05275,-0.00738457050192217
1.052875,-0.00522167987806313
1.053,-8.14855210926136e-15
1.053125,0.00522167987805635
1.05325,0.00738457050192217
1.053375,0.00522167987806615
1.0535,-1.00665089902752e-15
1.053625,-0.00522167987805808
1.05375,-0.00738457050192217
1.053875,-0.00522167987806443
1.054,-3.27060158541733e-15
1.054125,0.00522167987805505
1.05425,0.00738457050192217
1.054375,0.0052216798780627
1.0545,7.54785406986218e-15
1.054625,-0.00522167987805203
1.05475,-0.00738457050192217
1.054875,-0.00522167987806098
1.055,-5.10887880794017e-15
1.055125,0.0052216798780585
1.05525,0.00738457050192217
1.055375,0.005221679878064
1.0555,2.66990354601816e-15
1.055625,-0.00522167987805548
1.05575,-0.00738457050192217
1.055875,-0.00522167987806703
1.056,-2.30928284096151e-16
1.056125,0.0052216798780572
1.05625,0.00738457050192217
1.056375,0.00522167987806055
1.0565,4.508180768541e-15
1.056625,-0.00522167987805418
1.05675,-0.00738457050192217
1.056875,-0.00522167987806358
1.057,-8.78543325298586e-15
1.057125,0.00522167987806065
1.05725,0.00738457050192217
1.057375,0.0052216798780666
1.0575,-3.6976975530302e-16
1.057625,-0.00522167987805763
1.05775,-0.00738457050192217
1.057875,-0.00522167987806488
1.058,-3.90748272914183e-15
1.058125,0.0052216798780546
1.05825,0.00738457050192217
1.058375,0.00522167987805841
1.0585,8.18473521358668e-15
1.058625,-0.00522167987805158
1.05875,-0.00738457050192217
1.058875,-0.00522167987806143
1.059,-5.74575995166467e-15
1.059125,0.00522167987805805
1.05925,0.00738457050192217
1.059375,0.00522167987806445
1.0595,3.30678468974266e-15
1.059625,-0.00522167987805503
1.05975,-0.00738457050192217
1.059875,-0.00522167987806748
1.06,-8.6780942782065e-16
1.060125,0.00522167987805675
1.06025,0.00738457050192217
1.060375,0.00522167987806101
1.0605,5.1450619122655e-15
1.060625,-0.00522167987805373
1.06075,-0.00738457050192217
1.060875,-0.00522167987806403
1.061,-9.42231439671035e-15
1.061125,0.0052216798780602
1.06125,0.00738457050192217
1.061375,0.00522167987806231
1.0615,2.67111388421479e-16
1.061625,-0.00522167987805718
1.06175,-0.00738457050192217
1.061875,-0.00522167987806533
1.062,-4.54436387286633e-15
1.062125,0.00522167987805415
1.06225,0.00738457050192217
1.062375,0.00522167987805886
1.0625,2.10538861094432e-15
1.062625,-0.00522167987805113
1.06275,-0.00738457050192217
1.062875,-0.00522167987806188
1.063,-6.38264109538917e-15
1.063125,0.0052216798780576
1.06325,0.00738457050192217
1.063375,0.0052216798780649
1.0635,1.0659893579834e-14
1.063625,-0.00522167987805933
1.06375,-0.00738457050192217
1.063875,-0.00522167987806793
1.064,-1.50469057154515e-15
1.064125,0.0052216798780563
1.06425,0.00738457050192217
1.064375,0.00522167987806146
1.0645,5.78194305599e-15
1.064625,-0.00522167987805328
1.06475,-0.00738457050192217
1.064875,-0.00522167987806448
1.065,-1.00591955404349e-14
1.065125,0.00522167987805975
1.06525,0.00738457050192217
1.065375,0.00522167987806276
1.0655,7.62022027851284e-15
1.065625,-0.00522167987805673
1.06575,-0.00738457050192217
1.065875,-0.00522167987806578
1.066,-5.18124501659083e-15
1.066125,0.0052216798780537
1.06625,0.00738457050192217
1.066375,0.00522167987805931
1.0665,2.74226975466882e-15
1.066625,-0.00522167987805543
1.06675,-0.00738457050192217
1.066875,-0.00522167987806233
1.067,-7.01952223911367e-15
1.067125,0.00522167987805715
1.06725,0.00738457050192217
1.067375,0.00522167987806535
1.0675,1.12967747235585e-14
1.067625,-0.00522167987805888
1.06775,-0.00738457050192217
1.067875,-0.00522167987806363
1.068,-2.14157171526965e-15
1.068125,0.00522167987805585
1.06825,0.00738457050192217
1.068375,0.00522167987806191
1.0685,6.4188241997145e-15
1.068625,-0.00522167987805283
1.06875,-0.00738457050192217
1.068875,-0.00522167987806018
1.069,-1.06960766841594e-14
1.069125,0.0052216798780593
1.06925,0.00738457050192217
1.069375,0.00522167987806321
1.0695,8.25710142223734e-15
1.069625,-0.00522167987805628
1.06975,-0.00738457050192217
1.069875,-0.00522167987806623
1.07,8.98101586051535e-16
1.070125,0.00522167987805325
1.07025,0.00738457050192217
1.070375,0.00522167987805976
1.0705,3.37915089839332e-15
1.070625,-0.00522167987805498
1.07075,-0.00738457050192217
1.070875,-0.00522167987806278
1.071,-7.65640338283817e-15
1.071125,0.00522167987806145
1.07125,0.00738457050192217
1.071375,0.00522167987806581
1.0715,1.1933655867283e-14
1.071625,-0.00522167987805843
1.07175,-0.00738457050192217
1.071875,-0.00522167987806408
1.072,-2.77845285899415e-15
1.072125,0.0052216798780554
1.07225,0.00738457050192217
1.072375,0.00522167987806236
1.0725,7.055705343439e-15
1.072625,-0.00522167987805238
1.07275,-0.00738457050192217
1.072875,-0.00522167987806063
1.073,-4.61673008151699e-15
1.073125,0.00522167987805885
1.07325,0.00738457050192217
1.073375,0.00522167987806366
1.0735,8.89398256596184e-15
1.073625,-0.00522167987805583
1.07375,-0.00738457050192217
1.073875,-0.00522167987806668
1.074,2.61220442327035e-16
1.074125,0.00522167987805755
1.07425,0.00738457050192217
1.074375,0.00522167987806021
1.0745,4.01603204211782e-15
1.074625,-0.00522167987805453
1.07475,-0.00738457050192217
1.074875,-0.00522167987806323
1.075,-8.29328452656267e-15
1.075125,0.005221679878061
1.07525,0.00738457050192217
1.075375,0.00522167987806626
1.0755,1.25705370110075e-14
1.075625,-0.00522167987805798
1.07575,-0.00738457050192217
1.075875,-0.00522167987806453
1.076,-3.41533400271865e-15
1.076125,0.00522167987805495
1.07625,0.00738457050192217
1.076375,0.00522167987805806
1.0765,7.6925864871635e-15
1.076625,-0.00522167987805193
1.07675,-0.00738457050192217
1.076875,-0.00522167987806108
1.077,-5.25361122524149e-15
1.077125,0.0052216798780584
1.07725,0.00738457050192217
1.077375,0.00522167987806411
1.0775,9.53086370968634e-15
1.077625,-0.00522167987805538
1.07775,-0.00738457050192217
1.077875,-0.00522167987806713
1.078,-3.75660701397463e-16
1.078125,0.0052216798780571
1.07825,0.00738457050192217
1.078375,0.00522167987806066
1.0785,4.65291318584232e-15
1.078625,-0.00522167987805408
1.07875,-0.00738457050192217
1.078875,-0.00522167987806368
1.079,-8.93016567028717e-15
1.079125,0.00522167987805105
1.07925,0.00738457050192217
1.079375,0.00522167987806196
1.0795,6.49119040836516e-15
1.079625,-0.00522167987805753
1.07975,-0.00738457050192217
1.079875,-0.00522167987806498
1.08,-4.05221514644314e-15
1.080125,0.0052216798780545
1.08025,0.00738457050192217
1.080375,0.00522167987805851
1.0805,1.61323988452113e-15
1.080625,-0.00522167987805623
1.08075,-0.00738457050192217
1.080875,-0.00522167987806153
1.081,-5.89049236896599e-15
1.081125,0.0052216798780532
1.08125,0.00738457050192217
1.081375,0.00522167987806456
1.0815,1.01677448534108e-14
1.081625,-0.00522167987805968
1.08175,-0.00738457050192217
1.081875,-0.00522167987806758
1.082,-1.01254184512196e-15
1.082125,0.00522167987805665
1.08225,0.00738457050192217
1.082375,0.00522167987806111
1.0825,5.28979432956681e-15
1.082625,-0.00522167987805363
1.08275,-0.00738457050192217
1.082875,-0.00522167987806413
1.083,-9.56704681401167e-15
1.083125,0.0052216798780506
1.08325,0.00738457050192217
1.083375,0.00522167987806241
1.0835,7.12807155208966e-15
1.083625,-0.00522167987805708
1.08375,-0.00738457050192217
1.083875,-0.00522167987806543
1.084,-4.68909629016764e-15
1.084125,0.00522167987805405
1.08425,0.00738457050192217
1.084375,0.00522167987805896
1.0845,2.25012102824563e-15
1.084625,-0.00522167987805578
1.08475,-0.00738457050192217
1.084875,-0.00522167987806198
1.085,-6.52737351269048e-15
1.085125,0.00522167987805275
1.08525,0.00738457050192217
1.085375,0.00522167987806501
1.0855,1.08046259971353e-14
1.085625,-0.00522167987805923
1.08575,-0.00738457050192217
1.085875,-0.00522167987806328
1.086,-1.64942298884646e-15
1.086125,0.0052216798780562
1.08625,0.00738457050192217
1.086375,0.00522167987806156
1.0865,5.92667547329131e-15
1.086625,-0.00522167987805318
1.08675,-0.00738457050192217
1.086875,-0.00522167987805983
1.087,-3.4877002113693e-15
1.087125,0.00522167987805015
1.08725,0.00738457050192217
1.087375,0.00522167987806286
1.0875,7.76495269581415e-15
1.087625,-0.00522167987805663
1.08775,-0.00738457050192217
1.087875,-0.00522167987806588
1.088,1.39025031247472e-15
1.088125,0.0052216798780536
1.08825,0.00738457050192217
1.088375,0.00522167987805941
1.0885,2.88700217197013e-15
1.088625,-0.00522167987805533
1.08875,-0.00738457050192217
1.088875,-0.00522167987806243
1.089,-7.16425465641498e-15
1.089125,0.0052216798780523
1.08925,0.00738457050192217
1.089375,0.00522167987806546
1.0895,1.14415071408598e-14
1.089625,-0.00522167987805877
1.08975,-0.00738457050192217
1.089875,-0.00522167987806373
1.09,-2.28630413257096e-15
1.090125,0.00522167987805575
1.09025,0.00738457050192217
1.090375,0.00522167987806201
1.0905,6.56355661701581e-15
1.090625,-0.00522167987805273
1.09075,-0.00738457050192217
1.090875,-0.00522167987806028
1.091,-4.1245813550938e-15
1.091125,0.00522167987805445
1.09125,0.00738457050192217
1.091375,0.00522167987806331
1.0915,8.40183383953865e-15
1.091625,-0.00522167987805618
1.09175,-0.00738457050192217
1.091875,-0.00522167987806633
1.092,7.53369168750222e-16
1.092125,0.0052216798780579
1.09225,0.00738457050192217
1.092375,0.00522167987805986
1.0925,3.52388331569463e-15
1.092625,-0.00522167987805488
1.09275,-0.00738457050192217
1.092875,-0.00522167987806288
1.093,-7.80113580013948e-15
1.093125,0.00522167987805185
1.09325,0.00738457050192217
1.093375,0.00522167987806116
1.0935,1.20783882845843e-14
1.093625,-0.00522167987805832
1.09375,-0.00738457050192217
1.093875,-0.00522167987806418
1.094,-2.92318527629546e-15
1.094125,0.0052216798780553
1.09425,0.00738457050192217
1.094375,0.00522167987805771
1.0945,7.20043776074031e-15
1.094625,-0.00522167987805228
1.09475,-0.00738457050192217
1.094875,-0.00522167987806073
1.095,-4.7614624988183e-15
1.095125,0.005221679878054
1.09525,0.00738457050192217
1.095375,0.00522167987806376
1.0955,9.03871498326315e-15
1.095625,-0.00522167987805573
1.09575,-0.00738457050192217
1.095875,-0.00522167987806678
1.096,1.16488025025723e-16
1.096125,0.00522167987805745
1.09625,0.00738457050192217
1.096375,0.00522167987806031
1.0965,4.16076445941913e-15
1.096625,-0.00522167987805442
1.09675,-0.00738457050192217
1.096875,-0.00522167987806333
1.097,-8.43801694386398e-15
1.097125,0.0052216798780514
1.09725,0.00738457050192217
1.097375,0.00522167987806161
1.0975,5.99904168194197e-15
1.097625,-0.00522167987805787
1.09775,-0.00738457050192217
1.097875,-0.00522167987806463
1.098,-3.56006642001996e-15
1.098125,0.00522167987805485
1.09825,0.00738457050192217
1.098375,0.00522167987805816
1.0985,1.12109115809795e-15
1.098625,-0.00522167987805657
1.09875,-0.00738457050192217
1.098875,-0.00522167987806118
1.099,-5.3983436425428e-15
1.099125,0.00522167987805355
1.09925,0.00738457050192217
1.099375,0.00522167987806421
1.0995,9.67559612698765e-15
1.099625,-0.00522167987806002
1.09975,-0.00738457050192217
1.099875,-0.00522167987806723
1.1,-5.20393118698776e-16
1.100125,0.005221679878057
1.10025,0.00738457050192217
1.100375,0.00522167987806076
1.1005,4.79764560314363e-15
1.100625,-0.00522167987805397
1.10075,-0.00738457050192217
1.100875,-0.00522167987806378
1.101,-9.07489808758848e-15
1.101125,0.00522167987805095
1.10125,0.00738457050192217
1.101375,0.00522167987806206
1.1015,6.63592282566647e-15
1.101625,-0.00522167987805742
1.10175,-0.00738457050192217
1.101875,-0.00522167987806508
1.102,-4.19694756374446e-15
1.102125,0.0052216798780544
1.10225,0.00738457050192217
1.102375,0.00522167987805861
1.1025,1.75797230182245e-15
1.102625,-0.00522167987805612
1.10275,-0.00738457050192217
1.102875,-0.00522167987806164
1.103,-6.0352247862673e-15
1.103125,0.0052216798780531
1.10325,0.00738457050192217
1.103375,0.00522167987806466
1.1035,1.03124772707122e-14
1.103625,-0.00522167987805957
1.10375,-0.00738457050192217
1.103875,-0.00522167987806293
1.104,-1.15727426242328e-15
1.104125,0.00522167987805655
1.10425,0.00738457050192217
1.104375,0.00522167987806121
1.1045,5.43452674686813e-15
1.104625,-0.00522167987805352
1.10475,-0.00738457050192217
1.104875,-0.00522167987805949
1.105,-2.99555148494612e-15
1.105125,0.0052216798780505
1.10525,0.00738457050192217
1.105375,0.00522167987806251
1.1055,7.27280396939097e-15
1.105625,-0.00522167987805697
1.10575,-0.00738457050192217
1.105875,-0.00522167987806553
1.106,1.88239903889791e-15
1.106125,0.0052216798780587
1.10625,0.00738457050192217
1.106375,0.00522167987805906
1.1065,2.39485344554695e-15
1.106625,-0.00522167987805567
1.10675,-0.00738457050192217
1.106875,-0.00522167987806209
1.107,-6.6721059299918e-15
1.107125,0.00522167987805265
1.10725,0.00738457050192217
1.107375,0.00522167987806511
1.1075,1.09493584144366e-14
1.107625,-0.00522167987805912
1.10775,-0.00738457050192217
1.107875,-0.00522167987806338
1.108,-1.79415540614777e-15
1.108125,0.0052216798780561
1.10825,0.00738457050192217
1.108375,0.00522167987806166
1.1085,6.07140789059263e-15
1.108625,-0.00522167987805307
1.10875,-0.00738457050192217
1.108875,-0.00522167987805994
1.109,-3.63243262867061e-15
1.109125,0.0052216798780548
1.10925,0.00738457050192217
1.109375,0.00522167987806296
1.1095,7.90968511311547e-15
1.109625,-0.00522167987805652
1.10975,-0.00738457050192217
1.109875,-0.00522167987806598
1.11,1.24551789517341e-15
1.110125,0.00522167987805825
1.11025,0.00738457050192217
1.110375,0.00522167987806901
1.1105,3.03173458927144e-15
1.110625,-0.00522167987805522
1.11075,-0.00738457050192217
1.110875,-0.00522167987806254
1.111,-7.3089870737163e-15
1.111125,0.0052216798780522
1.11125,0.00738457050192217
1.111375,0.00522167987806081
1.1115,1.15862395581611e-14
1.111625,-0.00522167987805867
1.11175,-0.00738457050192217
1.111875,-0.00522167987806384
1.112,-2.43103654987227e-15
1.112125,0.00522167987805565
1.11225,0.00738457050192217
1.112375,0.00522167987806686
1.1125,-7.93871204973811e-18
1.112625,-0.00522167987805262
1.11275,-0.00738457050192217
1.112875,-0.00522167987806039
1.113,-4.26931377239511e-15
1.113125,0.00522167987805435
1.11325,0.00738457050192217
1.113375,0.00522167987806341
1.1135,8.54656625683997e-15
1.113625,-0.00522167987805607
1.11375,-0.00738457050192217
1.113875,-0.00522167987806644
1.114,6.08636751448909e-16
1.114125,0.0052216798780578
1.11425,0.00738457050192217
1.114375,0.00522167987806471
1.1145,3.66861573299594e-15
1.114625,-0.00522167987805477
1.11475,-0.00738457050192217
1.114875,-0.00522167987806299
1.115,-7.9458682174408e-15
1.115125,0.00522167987805175
1.11525,0.00738457050192217
1.115375,0.00522167987806126
1.1155,5.50689295551878e-15
1.115625,-0.00522167987805822
1.11575,-0.00738457050192217
1.115875,-0.00522167987806429
1.116,-3.06791769359677e-15
1.116125,0.0052216798780552
1.11625,0.00738457050192217
1.116375,0.00522167987806731
1.1165,6.28942431674761e-16
1.116625,-0.00522167987805692
1.11675,-0.00738457050192217
1.116875,-0.00522167987806084
1.117,-4.90619491611961e-15
1.117125,0.0052216798780539
1.11725,0.00738457050192217
1.117375,0.00522167987806386
1.1175,9.18344740056447e-15
1.117625,-0.00522167987806037
1.11775,-0.00738457050192217
1.117875,-0.00522167987806689
1.118,-2.82443922755901e-17
1.118125,0.00522167987805735
1.11825,0.00738457050192217
1.118375,0.00522167987806516
1.1185,4.30549687672044e-15
1.118625,-0.00522167987805432
1.11875,-0.00738457050192217
1.118875,-0.00522167987805869
1.119,-8.58274936116529e-15
1.119125,0.0052216798780513
1.11925,0.00738457050192217
1.119375,0.00522167987806171
1.1195,6.14377409924328e-15
1.119625,-0.00522167987805777
1.11975,-0.00738457050192217
1.119875,-0.00522167987806474
1.12,-3.70479883732127e-15
1.120125,0.00522167987805475
1.12025,0.00738457050192217
1.120375,0.00522167987806776
1.1205,1.26582357539926e-15
1.120625,-0.00522167987805647
1.12075,-0.00738457050192217
1.120875,-0.00522167987806129
1.121,-5.54307605984411e-15
1.121125,0.00522167987805345
1.12125,0.00738457050192217
1.121375,0.00522167987806431
1.1215,9.82032854428896e-15
1.121625,-0.00522167987805992
1.12175,-0.00738457050192217
1.121875,-0.00522167987806259
1.122,-6.65125536000089e-16
1.122125,0.0052216798780569
1.12225,0.00738457050192217
1.122375,0.00522167987806561
1.1225,4.94237802044494e-15
1.122625,-0.00522167987805387
1.12275,-0.00738457050192217
1.122875,-0.00522167987805914
1.123,-2.50340275852293e-15
1.123125,0.00522167987805085
1.12325,0.00738457050192217
1.123375,0.00522167987806216
1.1235,6.78065524296778e-15
1.123625,-0.00522167987805732
1.12375,-0.00738457050192217
1.123875,-0.00522167987806519
1.124,2.37454776532109e-15
1.124125,0.00522167987805905
1.12425,0.00738457050192217
1.124375,0.00522167987806821
1.1245,1.90270471912376e-15
1.124625,-0.00522167987805602
1.12475,-0.00738457050192217
1.124875,-0.00522167987806174
1.125,-6.17995720356861e-15
1.125125,0.005221679878053
1.12525,0.00738457050192217
1.125375,0.00522167987806476
1.1255,1.04572096880135e-14
1.125625,-0.00522167987805947
1.12575,-0.00738457050192217
1.125875,-0.00522167987806304
1.126,-8.01823442609145e-15
1.126125,0.00522167987805645
1.12625,0.00738457050192217
1.126375,0.00522167987806606
1.1265,5.57925916416944e-15
1.126625,-0.00522167987805342
1.12675,-0.00738457050192217
1.126875,-0.00522167987805959
1.127,-3.14028390224743e-15
1.127125,0.00522167987805515
1.12725,0.00738457050192217
1.127375,0.00522167987806261
1.1275,7.41753638669228e-15
1.127625,-0.00522167987805687
1.12775,-0.00738457050192217
1.127875,-0.00522167987806564
1.128,-1.16947888711371e-14
1.128125,0.0052216798780586
1.12825,0.00738457050192217
1.128375,0.00522167987806391
1.1285,2.53958586284826e-15
1.128625,-0.00522167987805557
1.12875,-0.00738457050192217
1.128875,-0.00522167987806219
1.129,-6.81683834729311e-15
1.129125,0.00522167987805255
1.12925,0.00738457050192217
1.129375,0.00522167987806046
1.1295,1.1094090831738e-14
1.129625,-0.00522167987805902
1.12975,-0.00738457050192217
1.129875,-0.00522167987806349
1.13,-8.65511556981595e-15
1.130125,0.005221679878056
1.13025,0.00738457050192217
1.130375,0.00522167987806651
1.1305,-5.00087438472924e-16
1.130625,-0.00522167987805297
1.13075,-0.00738457050192217
1.130875,-0.00522167987806004
1.131,-3.77716504597193e-15
1.131125,0.0052216798780547
1.13125,0.00738457050192217
1.131375,0.00522167987806306
1.1315,8.05441753041678e-15
1.131625,-0.00522167987806117
1.13175,-0.00738457050192217
1.131875,-0.00522167987806609
1.132,-1.23316700148616e-14
1.132125,0.00522167987805815
1.13225,0.00738457050192217
1.132375,0.00522167987806436
1.1325,3.17646700657276e-15
1.132625,-0.00522167987805512
1.13275,-0.00738457050192217
1.132875,-0.00522167987806264
1.133,-7.45371949101761e-15
1.133125,0.0052216798780521
1.13325,0.00738457050192217
1.133375,0.00522167987806091
1.1335,5.0147442290956e-15
1.133625,-0.00522167987805857
1.13375,-0.00738457050192217
1.133875,-0.00522167987806394
1.134,-9.29199671354045e-15
1.134125,0.00522167987805555
1.13425,0.00738457050192217
1.134375,0.00522167987806696
1.1345,1.36793705251575e-16
1.134625,-0.00522167987805727
1.13475,-0.00738457050192217
1.134875,-0.00522167987806049
1.135,-4.41404618969643e-15
1.135125,0.00522167987805425
1.13525,0.00738457050192217
1.135375,0.00522167987806351
1.1355,8.69129867414128e-15
1.135625,-0.00522167987806072
1.13575,-0.00738457050192217
1.135875,-0.00522167987806654
1.136,-1.29685511585861e-14
1.136125,0.0052216798780577
1.13625,0.00738457050192217
1.136375,0.00522167987806481
1.1365,3.81334815029726e-15
1.136625,-0.00522167987805467
1.13675,-0.00738457050192217
1.136875,-0.00522167987805834
1.137,-8.09060063474211e-15
1.137125,0.00522167987805165
1.13725,0.00738457050192217
1.137375,0.00522167987806136
1.1375,5.6516253728201e-15
1.137625,-0.00522167987805812
1.13775,-0.00738457050192217
1.137875,-0.00522167987806439
1.138,-9.92887785726495e-15
1.138125,0.0052216798780551
1.13825,0.00738457050192217
1.138375,0.00522167987806741
1.1385,7.73674848976074e-16
1.138625,-0.00522167987805682
1.13875,-0.00738457050192217
1.138875,-0.00522167987806094
1.139,-5.05092733342093e-15
1.139125,0.0052216798780538
1.13925,0.00738457050192217
1.139375,0.00522167987806396
1.1395,9.32817981786578e-15
1.139625,-0.00522167987806027
1.13975,-0.00738457050192217
1.139875,-0.00522167987806224
1.14,-6.88920455594377e-15
1.140125,0.00522167987805724
1.14025,0.00738457050192217
1.140375,0.00522167987806526
1.1405,4.45022929402176e-15
1.140625,-0.00522167987805422
1.14075,-0.00738457050192217
1.140875,-0.00522167987805879
1.141,-2.01125403209974e-15
1.141125,0.00522167987805594
1.14125,0.00738457050192217
1.141375,0.00522167987806181
1.1415,6.2885065165446e-15
1.141625,-0.00522167987805292
1.14175,-0.00738457050192217
1.141875,-0.00522167987806484
1.142,-1.05657590009894e-14
1.142125,0.00522167987805939
1.14225,0.00738457050192217
1.142375,0.00522167987806786
1.1425,1.41055599270057e-15
1.142625,-0.00522167987805637
1.14275,-0.00738457050192217
1.142875,-0.00522167987806139
1.143,-5.68780847714542e-15
1.143125,0.00522167987805335
1.14325,0.00738457050192217
1.143375,0.00522167987806441
1.1435,9.96506096159028e-15
1.143625,-0.00522167987805032
1.14375,-0.00738457050192217
1.143875,-0.00522167987806269
1.144,-7.52608569966827e-15
1.144125,0.00522167987805679
1.14425,0.00738457050192217
1.144375,0.00522167987806571
1.1445,5.08711043774625e-15
1.144625,-0.00522167987805377
1.14475,-0.00738457050192217
1.144875,-0.00522167987805924
1.145,-2.64813517582424e-15
1.145125,0.00522167987805549
1.14525,0.00738457050192217
1.145375,0.00522167987806226
1.1455,6.9253876602691e-15
1.145625,-0.00522167987805247
1.14575,-0.00738457050192217
1.145875,-0.00522167987806529
1.146,-1.12026401447139e-14
1.146125,0.00522167987805894
1.14625,0.00738457050192217
1.146375,0.00522167987806356
1.1465,2.04743713642507e-15
1.146625,-0.00522167987805592
1.14675,-0.00738457050192217
1.146875,-0.00522167987806184
1.147,-6.32468962086992e-15
1.147125,0.0052216798780529
1.14725,0.00738457050192217
1.147375,0.00522167987806011
1.1475,3.88571435894791e-15
1.147625,-0.00522167987804987
1.14775,-0.00738457050192217
1.147875,-0.00522167987806314
1.148,-8.16296684339277e-15
1.148125,0.00522167987805634
1.14825,0.00738457050192217
1.148375,0.00522167987806616
1.1485,-9.92236164896111e-16
1.148625,-0.00522167987805332
1.14875,-0.00738457050192217
1.148875,-0.00522167987805969
1.149,-3.28501631954874e-15
1.149125,0.00522167987805504
1.14925,0.00738457050192217
1.149375,0.00522167987806271
1.1495,7.56226880399359e-15
1.149625,-0.00522167987805202
1.14975,-0.00738457050192217
1.149875,-0.00522167987806574
1.15,-1.18395212884384e-14
1.150125,0.00522167987805849
1.15025,0.00738457050192217
1.150375,0.00522167987806401
1.1505,2.68431828014957e-15
1.150625,-0.00522167987805547
1.15075,-0.00738457050192217
1.150875,-0.00522167987806229
1.151,-6.96157076459442e-15
1.151125,0.00522167987805244
1.15125,0.00738457050192217
1.151375,0.00522167987806057
1.1515,4.52259550267241e-15
1.151625,-0.00522167987805417
1.15175,-0.00738457050192217
1.151875,-0.00522167987806359
1.152,-8.79984798711726e-15
1.152125,0.00522167987805589
1.15225,0.00738457050192217
1.152375,0.00522167987806661
1.1525,-3.55355021171612e-16
1.152625,-0.00522167987805762
1.15275,-0.00738457050192217
1.152875,-0.00522167987806014
1.153,-3.92189746327324e-15
1.153125,0.00522167987805459
1.15325,0.00738457050192217
1.153375,0.00522167987806317
1.1535,8.19914994771809e-15
1.153625,-0.00522167987805157
1.15375,-0.00738457050192217
1.153875,-0.00522167987806144
1.154,-1.24764024321629e-14
1.154125,0.00522167987805804
1.15425,0.00738457050192217
1.154375,0.00522167987806446
1.1545,3.32119942387407e-15
1.154625,-0.00522167987805502
1.15475,-0.00738457050192217
1.154875,-0.00522167987805799
1.155,-7.59845190831892e-15
1.155125,0.00522167987805199
1.15525,0.00738457050192217
1.155375,0.00522167987806102
1.1555,5.15947664639691e-15
1.155625,-0.00522167987805372
1.15575,-0.00738457050192217
1.155875,-0.00522167987806404
1.156,-9.43672913084176e-15
1.156125,0.00522167987805544
1.15625,0.00738457050192217
1.156375,0.00522167987806706
1.1565,2.81526122552887e-16
1.156625,-0.00522167987805717
1.15675,-0.00738457050192217
1.156875,-0.00522167987806059
1.157,-4.55877860699774e-15
1.157125,0.00522167987805414
1.15725,0.00738457050192217
1.157375,0.00522167987806361
1.1575,8.83603109144259e-15
1.157625,-0.00522167987805112
1.15775,-0.00738457050192217
1.157875,-0.00522167987806189
1.158,-6.39705582952058e-15
1.158125,0.00522167987805759
1.15825,0.00738457050192217
1.158375,0.00522167987806491
1.1585,3.95808056759857e-15
1.158625,-0.00522167987805457
1.15875,-0.00738457050192217
1.158875,-0.00522167987805844
1.159,-1.51910530567656e-15
1.159125,0.00522167987805629
1.15925,0.00738457050192217
1.159375,0.00522167987806147
1.1595,5.79635779012141e-15
1.159625,-0.00522167987805327
1.15975,-0.00738457050192217
1.159875,-0.00522167987806449
1.16,-1.00736102745663e-14
1.160125,0.00522167987805974
1.16025,0.00738457050192217
1.160375,0.00522167987806751
1.1605,9.18407266277387e-16
1.160625,-0.00522167987805672
1.16075,-0.00738457050192217
1.160875,-0.00522167987806104
1.161,-5.19565975072224e-15
1.161125,0.00522167987805369
1.16125,0.00738457050192217
1.161375,0.00522167987806406
1.1615,9.47291223516709e-15
1.161625,-0.00522167987805067
1.16175,-0.00738457050192217
1.161875,-0.00522167987806234
1.162,-7.03393697324508e-15
1.162125,0.00522167987805714
1.16225,0.00738457050192217
1.162375,0.00522167987806537
1.1625,4.59496171132307e-15
1.162625,-0.00522167987805412
1.16275,-0.00738457050192217
1.162875,-0.00522167987805889
1.163,-2.15598644940106e-15
1.163125,0.00522167987805584
1.16325,0.00738457050192217
1.163375,0.00522167987806192
1.1635,6.43323893384591e-15
1.163625,-0.00522167987805282
1.16375,-0.00738457050192217
1.163875,-0.00522167987806494
1.164,-1.07104914182908e-14
1.164125,0.00522167987805929
1.16425,0.00738457050192217
1.164375,0.00522167987806322
1.1645,1.55528841000189e-15
1.164625,-0.00522167987805627
1.16475,-0.00738457050192217
1.164875,-0.00522167987806149
1.165,-5.83254089444674e-15
1.165125,0.00522167987805324
1.16525,0.00738457050192217
1.165375,0.00522167987805977
1.1655,3.39356563252473e-15
1.165625,-0.00522167987805022
1.16575,-0.00738457050192217
1.165875,-0.00522167987806279
1.166,-7.67081811696958e-15
1.166125,0.00522167987805669
1.16625,0.00738457050192217
1.166375,0.00522167987806582
1.1665,-1.4843848913193e-15
1.166625,-0.00522167987805842
1.16675,-0.00738457050192217
1.166875,-0.00522167987805934
1.167,-2.79286759312556e-15
1.167125,0.00522167987805539
1.16725,0.00738457050192217
1.167375,0.00522167987806237
1.1675,7.07012007757041e-15
1.167625,-0.00522167987805237
1.16775,-0.00738457050192217
1.167875,-0.00522167987806539
1.168,-1.13473725620153e-14
1.168125,0.00522167987805884
1.16825,0.00738457050192217
1.168375,0.00522167987806367
1.1685,2.19216955372638e-15
1.168625,-0.00522167987805582
1.16875,-0.00738457050192217
1.168875,-0.00522167987806194
1.169,-6.46942203817124e-15
1.169125,0.00522167987805279
1.16925,0.00738457050192217
1.169375,0.00522167987806022
1.1695,4.03044677624922e-15
1.169625,-0.00522167987805452
1.16975,-0.00738457050192217
1.169875,-0.00522167987806324
1.17,-8.30769926069408e-15
1.170125,0.00522167987805624
1.17025,0.00738457050192217
1.170375,0.00522167987806627
1.1705,-8.47503747594798e-16
1.170625,-0.00522167987805797
1.17075,-0.00738457050192217
1.170875,-0.00522167987805979
1.171,-3.42974873685005e-15
1.171125,0.00522167987805494
1.17125,0.00738457050192217
1.171375,0.00522167987806282
1.1715,7.70700122129491e-15
1.171625,-0.00522167987805192
1.17175,-0.00738457050192217
1.171875,-0.00522167987806109
1.172,-1.19842537057398e-14
1.172125,0.00522167987805839
1.17225,0.00738457050192217
1.172375,0.00522167987806412
1.1725,2.82905069745088e-15
1.172625,-0.00522167987805537
1.17275,-0.00738457050192217
1.172875,-0.00522167987806714
1.173,-3.90075435528872e-16
1.173125,0.00522167987805234
1.17325,0.00738457050192217
1.173375,0.00522167987806067
1.1735,4.66732791997372e-15
1.173625,-0.00522167987805407
1.17375,-0.00738457050192217
1.173875,-0.00522167987806369
1.174,-8.94458040441858e-15
1.174125,0.00522167987806054
1.17425,0.00738457050192217
1.174375,0.00522167987806672
1.1745,-2.10622603870299e-16
1.174625,-0.00522167987805752
1.17475,-0.00738457050192217
1.174875,-0.00522167987806499
1.175,-4.06662988057455e-15
1.175125,0.00522167987805449
1.17525,0.00738457050192217
1.175375,0.00522167987806327
1.1755,8.34388236501941e-15
1.175625,-0.00522167987805147
1.17575,-0.00738457050192217
1.175875,-0.00522167987806154
1.176,-5.90490710309739e-15
1.176125,0.00522167987805794
1.17625,0.00738457050192217
1.176375,0.00522167987806457
1.1765,3.46593184117538e-15
1.176625,-0.00522167987805492
1.17675,-0.00738457050192217
1.176875,-0.00522167987806759
1.177,-1.02695657925337e-15
1.177125,0.00522167987805664
1.17725,0.00738457050192217
1.177375,0.00522167987806112
1.1775,5.30420906369822e-15
1.177625,-0.00522167987805362
1.17775,-0.00738457050192217
1.177875,-0.00522167987806414
1.178,-9.58146154814307e-15
1.178125,0.00522167987806009
1.17825,0.00738457050192217
1.178375,0.00522167987806717
1.1785,4.262585398542e-16
1.178625,-0.00522167987805707
1.17875,-0.00738457050192217
1.178875,-0.00522167987806544
1.179,-4.70351102429905e-15
1.179125,0.00522167987805404
1.17925,0.00738457050192217
1.179375,0.00522167987805897
1.1795,8.9807635087439e-15
1.179625,-0.00522167987805102
1.17975,-0.00738457050192217
1.179875,-0.00522167987806199
1.18,-6.54178824682189e-15
1.180125,0.00522167987805749
1.18025,0.00738457050192217
1.180375,0.00522167987806502
1.1805,-2.61341476146698e-15
1.180625,-0.00522167987805447
1.18075,-0.00738457050192217
1.180875,-0.00522167987806804
1.181,-1.66383772297787e-15
1.181125,0.00522167987805619
1.18125,0.00738457050192217
1.181375,0.00522167987806157
1.1815,5.94109020742272e-15
1.181625,-0.00522167987805317
1.18175,-0.00738457050192217
1.181875,-0.00522167987806459
1.182,-1.02183426918676e-14
1.182125,0.00522167987805964
1.18225,0.00738457050192217
1.182375,0.00522167987806287
1.1825,1.0631396835787e-15
1.182625,-0.00522167987805662
1.18275,-0.00738457050192217
1.182875,-0.00522167987806589
1.183,-5.34039216802355e-15
1.183125,0.00522167987805359
1.18325,0.00738457050192217
1.183375,0.00522167987805942
1.1835,2.90141690610154e-15
1.183625,-0.00522167987805532
1.18375,-0.00738457050192217
1.183875,-0.00522167987806244
1.184,-7.17866939054639e-15
1.184125,0.00522167987805704
1.18425,0.00738457050192217
1.184375,0.00522167987806547
1.1845,-1.97653361774248e-15
1.184625,-0.00522167987805876
1.18475,-0.00738457050192217
1.184875,-0.00522167987806849
1.185,-2.30071886670237e-15
1.185125,0.00522167987805574
1.18525,0.00738457050192217
1.185375,0.00522167987806202
1.1855,6.57797135114722e-15
1.185625,-0.00522167987805272
1.18575,-0.00738457050192217
1.185875,-0.00522167987806504
1.186,-1.08552238355921e-14
1.186125,0.00522167987805919
1.18625,0.00738457050192217
1.186375,0.00522167987806332
1.1865,1.7000208273032e-15
1.186625,-0.00522167987805617
1.18675,-0.00738457050192217
1.186875,-0.00522167987806634
1.187,-5.97727331174805e-15
1.187125,0.00522167987805314
1.18725,0.00738457050192217
1.187375,0.00522167987805987
1.1875,3.53829804982604e-15
1.187625,-0.00522167987805486
1.18775,-0.00738457050192217
1.187875,-0.00522167987806289
1.188,-7.81555053427089e-15
1.188125,0.00522167987805659
1.18825,0.00738457050192217
1.188375,0.00522167987806592
1.1885,1.20928030187157e-14
1.188625,-0.00522167987805832
1.18875,-0.00738457050192217
1.188875,-0.00522167987806419
1.189,-2.93760001042687e-15
1.189125,0.00522167987805529
1.18925,0.00738457050192217
1.189375,0.00522167987806247
1.1895,7.21485249487172e-15
1.189625,-0.00522167987805227
1.18975,-0.00738457050192217
1.189875,-0.00522167987806074
1.19,-4.77587723294971e-15
1.190125,0.00522167987805874
1.19025,0.00738457050192217
1.190375,0.00522167987806377
1.1905,9.05312971739456e-15
1.190625,-0.00522167987805571
1.19075,-0.00738457050192217
1.190875,-0.00522167987806679
1.191,1.02073290894314e-16
1.191125,0.00522167987805269
1.19125,0.00738457050192217
1.191375,0.00522167987806032
1.1915,4.17517919355054e-15
1.191625,-0.00522167987805441
1.19175,-0.00738457050192217
1.191875,-0.00522167987806334
1.192,-8.45243167799539e-15
1.192125,0.00522167987806089
1.19225,0.00738457050192217
1.192375,0.00522167987806637
1.1925,1.27296841624402e-14
1.192625,-0.00522167987805786
1.19275,-0.00738457050192217
1.192875,-0.00522167987806464
1.193,-3.57448115415137e-15
1.193125,0.00522167987805484
1.19325,0.00738457050192217
1.193375,0.00522167987806292
1.1935,7.85173363859622e-15
1.193625,-0.00522167987805182
1.19375,-0.00738457050192217
1.193875,-0.00522167987806119
1.194,-5.41275837667421e-15
1.194125,0.00522167987805829
1.19425,0.00738457050192217
1.194375,0.00522167987806422
1.1945,9.69001086111906e-15
1.194625,-0.00522167987805526
1.19475,-0.00738457050192217
1.194875,-0.00522167987806724
1.195,-5.34807852830185e-16
1.195125,0.00522167987805699
1.19525,0.00738457050192217
1.195375,0.00522167987806077
1.1955,4.81206033727504e-15
1.195625,-0.00522167987805396
1.19575,-0.00738457050192217
1.195875,-0.00522167987806379
1.196,-9.08931282171989e-15
1.196125,0.00522167987806044
1.19625,0.00738457050192217
1.196375,0.00522167987806207
1.1965,1.33665653061647e-14
1.196625,-0.00522167987805741
1.19675,-0.00738457050192217
1.196875,-0.00522167987806509
1.197,-4.21136229787587e-15
1.197125,0.00522167987805439
1.19725,0.00738457050192217
1.197375,0.00522167987805862
1.1975,8.48861478232072e-15
1.197625,-0.00522167987805137
1.19775,-0.00738457050192217
1.197875,-0.00522167987806164
1.198,-6.04963952039871e-15
1.198125,0.00522167987805784
1.19825,0.00738457050192217
1.198375,0.00522167987806467
1.1985,1.03268920048436e-14
1.198625,-0.00522167987805481
1.19875,-0.00738457050192217
1.198875,-0.00522167987806769
1.199,-1.17168899655468e-15
1.199125,0.00522167987805654
1.19925,0.00738457050192217
1.199375,0.00522167987806122
1.1995,5.44894148099954e-15
1.199625,-0.00522167987805351
1.19975,-0.00738457050192217
1.199875,-0.00522167987806424
1.2,-9.72619396544439e-15
1.200125,0.00522167987805999
1.20025,0.00738457050192217
1.200375,0.00522167987806252
1.2005,7.28721870352238e-15
1.200625,-0.00522167987805696
1.20075,-0.00738457050192217
1.200875,-0.00522167987806554
1.201,-4.84824344160037e-15
1.201125,0.00522167987805394
1.20125,0.00738457050192217
1.201375,0.00522167987805907
1.2015,2.40926817967835e-15
1.201625,-0.00522167987805566
1.20175,-0.00738457050192217
1.201875,-0.0052216798780621
1.202,-6.68652066412321e-15
1.202125,0.00522167987805739
1.20225,0.00738457050192217
1.202375,0.00522167987806512
1.2025,1.09637731485681e-14
1.202625,-0.00522167987805911
1.20275,-0.00738457050192217
1.202875,-0.00522167987806814
1.203,-1.80857014027918e-15
1.203125,0.00522167987805609
1.20325,0.00738457050192217
1.203375,0.00522167987806167
1.2035,6.08582262472403e-15
1.203625,-0.00522167987805306
1.20375,-0.00738457050192217
1.203875,-0.00522167987806469
1.204,-1.03630751091689e-14
1.204125,0.00522167987805004
1.20425,0.00738457050192217
1.204375,0.00522167987806297
1.2045,7.92409984724687e-15
1.204625,-0.00522167987805651
1.20475,-0.00738457050192217
1.204875,-0.00522167987806599
1.205,-5.48512458532486e-15
1.205125,0.00522167987805349
1.20525,0.00738457050192217
1.205375,0.00522167987805952
1.2055,3.04614932340285e-15
1.205625,-0.00522167987805521
1.20575,-0.00738457050192217
1.205875,-0.00522167987806255
1.206,-7.32340180784771e-15
1.206125,0.00522167987805219
1.20625,0.00738457050192217
1.206375,0.00522167987806557
1.2065,1.16006542922926e-14
1.206625,-0.00522167987805866
1.20675,-0.00738457050192217
1.206875,-0.00522167987806385
1.207,-2.44545128400368e-15
1.207125,0.00522167987805564
1.20725,0.00738457050192217
1.207375,0.00522167987806212
1.2075,6.72270376844853e-15
1.207625,-0.00522167987805261
1.20775,-0.00738457050192217
1.207875,-0.0052216798780604
1.208,-4.28372850652652e-15
1.208125,0.00522167987804959
1.20825,0.00738457050192217
1.208375,0.00522167987806342
1.2085,8.56098099097138e-15
1.208625,-0.00522167987805606
1.20875,-0.00738457050192217
1.208875,-0.00522167987806644
1.209,5.942220173175e-16
1.209125,0.00522167987805779
1.20925,0.00738457050192217
1.209375,0.00522167987805997
1.2095,3.68303046712735e-15
1.209625,-0.00522167987805476
1.20975,-0.00738457050192217
1.209875,-0.005221679878063
1.21,-7.9602829515722e-15
1.210125,0.00522167987805174
1.21025,0.00738457050192217
1.210375,0.00522167987806602
1.2105,1.22375354360171e-14
1.210625,-0.00522167987805821
1.21075,-0.00738457050192217
1.210875,-0.0052216798780643
1.211,-3.08233242772818e-15
1.211125,0.00522167987805519
1.21125,0.00738457050192217
1.211375,0.00522167987806257
1.2115,7.35958491217303e-15
1.211625,-0.00522167987805216
1.21175,-0.00738457050192217
1.211875,-0.00522167987806085
1.212,-4.92060965025102e-15
1.212125,0.00522167987805389
1.21225,0.00738457050192217
1.212375,0.00522167987806387
1.2125,9.19786213469587e-15
1.212625,-0.00522167987805561
1.21275,-0.00738457050192217
1.212875,-0.0052216798780669
1.213,-4.26591264069987e-17
1.213125,0.00522167987805734
1.21325,0.00738457050192217
1.213375,0.00522167987806042
1.2135,4.31991161085185e-15
1.213625,-0.00522167987805431
1.21375,-0.00738457050192217
1.213875,-0.00522167987806345
1.214,-8.5971640952967e-15
1.214125,0.00522167987805129
1.21425,0.00738457050192217
1.214375,0.00522167987806172
1.2145,1.28744165797416e-14
1.214625,-0.00522167987805776
1.21475,-0.00738457050192217
1.214875,-0.00522167987806475
1.215,-3.71921357145268e-15
1.215125,0.00522167987805474
1.21525,0.00738457050192217
1.215375,0.00522167987805827
1.2155,1.28023830953067e-15
1.215625,-0.00522167987805171
1.21575,-0.00738457050192217
1.215875,-0.0052216798780613
1.216,-5.55749079397552e-15
1.216125,0.00522167987805344
1.21625,0.00738457050192217
1.216375,0.00522167987806432
1.2165,9.83474327842037e-15
1.216625,-0.00522167987805516
1.21675,-0.00738457050192217
1.216875,-0.00522167987806735
1.217,-6.79540270131498e-16
1.217125,0.00522167987805689
1.21725,0.00738457050192217
1.217375,0.00522167987806087
1.2175,4.95679275457635e-15
1.217625,-0.00522167987805386
1.21775,-0.00738457050192217
1.217875,-0.0052216798780639
1.218,-9.2340452390212e-15
1.218125,0.00522167987805084
1.21825,0.00738457050192217
1.218375,0.00522167987806217
1.2185,6.79506997709919e-15
1.218625,-0.00522167987805731
1.21875,-0.00738457050192217
1.218875,-0.0052216798780652
1.219,-4.35609471517718e-15
1.219125,0.00522167987805429
1.21925,0.00738457050192217
1.219375,0.00522167987805872
1.2195,1.91711945325517e-15
1.219625,-0.00522167987805601
1.21975,-0.00738457050192217
1.219875,-0.00522167987806175
1.22,-6.19437193770002e-15
1.220125,0.00522167987805299
1.22025,0.00738457050192217
1.220375,0.00522167987806477
1.2205,1.04716244221449e-14
1.220625,-0.00522167987805946
1.22075,-0.00738457050192217
1.220875,-0.0052216798780678
1.221,-1.316421413856e-15
1.221125,0.00522167987805644
1.22125,0.00738457050192217
1.221375,0.00522167987806132
1.2215,5.59367389830085e-15
1.221625,-0.00522167987805341
1.22175,-0.00738457050192217
1.221875,-0.0052216798780596
1.222,-9.8709263827457e-15
1.222125,0.00522167987805039
1.22225,0.00738457050192217
1.222375,0.00522167987806262
1.2225,7.43195112082369e-15
1.222625,-0.00522167987805686
1.22275,-0.00738457050192217
1.222875,-0.00522167987806565
1.223,-4.99297585890168e-15
1.223125,0.00522167987805384
1.22325,0.00738457050192217
1.223375,0.00522167987805917
1.2235,2.55400059697967e-15
1.223625,-0.00522167987805556
1.22375,-0.00738457050192217
1.223875,-0.0052216798780622
1.224,-6.83125308142452e-15
1.224125,0.00522167987805254
1.22425,0.00738457050192217
1.224375,0.00522167987806522
1.2245,1.11085055658694e-14
1.224625,-0.00522167987805901
1.22475,-0.00738457050192217
1.224875,-0.0052216798780635
1.225,-1.9533025575805e-15
1.225125,0.00522167987805599
1.22525,0.00738457050192217
1.225375,0.00522167987806177
1.2255,6.23055504202535e-15
1.225625,-0.00522167987805296
1.22575,-0.00738457050192217
1.225875,-0.00522167987806005
1.226,-3.79157978010334e-15
1.226125,0.00522167987804994
1.22625,0.00738457050192217
1.226375,0.00522167987806307
1.2265,8.06883226454819e-15
1.226625,-0.00522167987805641
1.22675,-0.00738457050192217
1.226875,-0.0052216798780661
1.227,1.08637074374069e-15
1.227125,0.00522167987805814
1.22725,0.00738457050192217
1.227375,0.00522167987805962
1.2275,3.19088174070417e-15
1.227625,-0.00522167987805511
1.22775,-0.00738457050192217
1.227875,-0.00522167987806265
1.228,-7.46813422514902e-15
1.228125,0.00522167987805209
1.22825,0.00738457050192217
1.228375,0.00522167987806567
1.2285,1.17453867095939e-14
1.228625,-0.00522167987805856
1.22875,-0.00738457050192217
1.228875,-0.00522167987806395
1.229,-2.59018370130499e-15
1.229125,0.00522167987805554
1.22925,0.00738457050192217
1.229375,0.00522167987806222
1.2295,6.86743618574985e-15
1.229625,-0.00522167987805251
1.22975,-0.00738457050192217
1.229875,-0.0052216798780605
1.23,-4.42846092382784e-15
1.230125,0.00522167987805424
1.23025,0.00738457050192217
1.230375,0.00522167987806352
1.2305,8.70571340827269e-15
1.230625,-0.00522167987805596
1.23075,-0.00738457050192217
1.230875,-0.00522167987806655
1.231,4.49489600016188e-16
1.231125,0.00522167987805769
1.23125,0.00738457050192217
1.231375,0.00522167987806007
1.2315,3.82776288442866e-15
1.231625,-0.00522167987805466
1.23175,-0.00738457050192217
1.231875,-0.0052216798780631
1.232,-8.10501536887352e-15
1.232125,0.00522167987805164
1.23225,0.00738457050192217
1.232375,0.00522167987806137
1.2325,1.23822678533184e-14
1.232625,-0.00522167987805811
1.23275,-0.00738457050192217
1.232875,-0.0052216798780644
1.233,-3.22706484502949e-15
1.233125,0.00522167987805509
1.23325,0.00738457050192217
1.233375,0.00522167987805792
1.2335,7.88089583107482e-16
1.233625,-0.00522167987805206
1.23375,-0.00738457050192217
1.233875,-0.00522167987806095
1.234,-5.06534206755233e-15
1.234125,0.00522167987805378
1.23425,0.00738457050192217
1.234375,0.00522167987806397
1.2345,9.34259455199719e-15
1.234625,-0.00522167987806026
1.23475,-0.00738457050192217
1.234875,-0.005221679878067
1.235,-1.87391543708311e-16
1.235125,0.00522167987805723
1.23525,0.00738457050192217
1.235375,0.00522167987806527
1.2355,4.46464402815316e-15
1.235625,-0.00522167987805421
1.23575,-0.00738457050192217
1.235875,-0.00522167987806355
1.236,-8.74189651259802e-15
1.236125,0.00522167987805119
1.23625,0.00738457050192217
1.236375,0.00522167987806182
1.2365,6.302921250676e-15
1.236625,-0.00522167987805766
1.23675,-0.00738457050192217
1.236875,-0.00522167987806485
1.237,-3.86394598875399e-15
1.237125,0.00522167987805463
1.23725,0.00738457050192217
1.237375,0.00522167987806787
1.2375,1.42497072683198e-15
1.237625,-0.00522167987805636
1.23775,-0.00738457050192217
1.237875,-0.0052216798780614
1.238,-5.70222321127683e-15
1.238125,0.00522167987805333
1.23825,0.00738457050192217
1.238375,0.00522167987806442
1.2385,9.97947569572168e-15
1.238625,-0.00522167987805981
1.23875,-0.00738457050192217
1.238875,-0.00522167987806745
1.239,-8.2427268743281e-16
1.239125,0.00522167987805678
1.23925,0.00738457050192217
1.239375,0.00522167987806572
1.2395,5.10152517187766e-15
1.239625,-0.00522167987805376
1.23975,-0.00738457050192217
1.239875,-0.00522167987805925
1.24,-9.37877765632251e-15
1.240125,0.00522167987805074
1.24025,0.00738457050192217
1.240375,0.00522167987806227
1.2405,6.9398023944005e-15
1.240625,-0.00522167987805721
1.24075,-0.00738457050192217
1.240875,-0.0052216798780653
1.241,2.21540061388837e-15
1.241125,0.00522167987805418
1.24125,0.00738457050192217
1.241375,0.00522167987806832
1.2415,2.06185187055648e-15
1.241625,-0.00522167987805591
1.24175,-0.00738457050192217
1.241875,-0.00522167987806185
1.242,-6.33910435500133e-15
1.242125,0.00522167987805288
1.24225,0.00738457050192217
1.242375,0.00522167987806487
1.2425,1.06163568394462e-14
1.242625,-0.00522167987805936
1.24275,-0.00738457050192217
1.242875,-0.00522167987806315
1.243,-1.46115383115731e-15
1.243125,0.00522167987805633
1.24325,0.00738457050192217
1.243375,0.00522167987806617
1.2435,5.73840631560216e-15
1.243625,-0.00522167987805331
1.24375,-0.00738457050192217
1.243875,-0.0052216798780597
1.244,-3.29943105368015e-15
1.244125,0.00522167987805503
1.24425,0.00738457050192217
1.244375,0.00522167987806272
1.2445,7.576683538125e-15
1.244625,-0.00522167987805676
1.24475,-0.00738457050192217
1.244875,-0.00522167987806575
1.245,1.57851947016387e-15
1.245125,0.00522167987805848
1.24525,0.00738457050192217
1.245375,0.00522167987806877
1.2455,2.69873301428098e-15
1.245625,-0.00522167987805546
1.24575,-0.00738457050192217
1.245875,-0.0052216798780623
1.246,-6.97598549872583e-15
1.246125,0.00522167987805243
1.24625,0.00738457050192217
1.246375,0.00522167987806532
1.2465,1.12532379831707e-14
1.246625,-0.00522167987805891
1.24675,-0.00738457050192217
1.246875,-0.0052216798780636
1.247,-2.09803497488181e-15
1.247125,0.00522167987805588
1.24725,0.00738457050192217
1.247375,0.00522167987806662
1.2475,6.37528745932666e-15
1.247625,-0.00522167987805286
1.24775,-0.00738457050192217
1.247875,-0.00522167987806015
1.248,-3.93631219740465e-15
1.248125,0.00522167987805458
1.24825,0.00738457050192217
1.248375,0.00522167987806318
1.2485,8.2135646818495e-15
1.248625,-0.00522167987805631
1.24875,-0.00738457050192217
1.248875,-0.0052216798780662
1.249,9.41638326439374e-16
1.249125,0.00522167987805803
1.24925,0.00738457050192217
1.249375,0.00522167987806448
1.2495,3.33561415800548e-15
1.249625,-0.00522167987805501
1.24975,-0.00738457050192217
1.249875,-0.00522167987806275
1.25,-7.61286664245033e-15
1.250125,0.00522167987805198
1.25025,0.00738457050192217
1.250375,0.00522167987806103
1.2505,5.17389138052832e-15
1.250625,-0.00522167987805846
1.25075,-0.00738457050192217
1.250875,-0.00522167987806405
1.251,-9.45114386497317e-15
1.251125,0.00522167987805543
1.25125,0.00738457050192217
1.251375,0.00522167987806707
1.2515,2.95940856684296e-16
1.251625,-0.00522167987805241
1.25175,-0.00738457050192217
1.251875,-0.0052216798780606
1.252,-4.57319334112915e-15
1.252125,0.00522167987805413
1.25225,0.00738457050192217
1.252375,0.00522167987806363
1.2525,8.850445825574e-15
1.252625,-0.00522167987806061
1.25275,-0.00738457050192217
1.252875,-0.00522167987806665
1.253,-1.31276983100189e-14
1.253125,0.00522167987805758
1.25325,0.00738457050192217
1.253375,0.00522167987806493
1.2535,3.97249530172998e-15
1.253625,-0.00522167987805456
1.25375,-0.00738457050192217
1.253875,-0.0052216798780632
1.254,-8.24974778617483e-15
1.254125,0.00522167987805153
1.25425,0.00738457050192217
1.254375,0.00522167987806148
1.2545,5.81077252425282e-15
1.254625,-0.00522167987805801
1.25475,-0.00738457050192217
1.254875,-0.0052216798780645
1.255,-1.00880250086977e-14
1.255125,0.00522167987805498
1.25525,0.00738457050192217
1.255375,0.00522167987806752
1.2555,9.32822000408795e-16
1.255625,-0.00522167987805671
1.25575,-0.00738457050192217
1.255875,-0.00522167987806105
1.256,-5.21007448485365e-15
1.256125,0.00522167987805368
1.25625,0.00738457050192217
1.256375,0.00522167987806408
1.2565,9.4873269692985e-15
1.256625,-0.00522167987806016
1.25675,-0.00738457050192217
1.256875,-0.00522167987806235
1.257,-1.37645794537434e-14
1.257125,0.00522167987805713
1.25725,0.00738457050192217
1.257375,0.00522167987806538
1.2575,4.60937644545448e-15
1.257625,-0.00522167987805411
1.25775,-0.00738457050192217
1.257875,-0.0052216798780589
1.258,-8.88662892989933e-15
1.258125,0.00522167987805108
1.25825,0.00738457050192217
1.258375,0.00522167987806193
1.2585,6.44765366797732e-15
1.258625,-0.00522167987805756
1.25875,-0.00738457050192217
1.258875,-0.00522167987806495
1.259,-1.07249061524222e-14
1.259125,0.00522167987805453
1.25925,0.00738457050192217
1.259375,0.00522167987806798
1.2595,1.56970314413329e-15
1.259625,-0.00522167987805626
1.25975,-0.00738457050192217
1.259875,-0.0052216798780615
1.26,-5.84695562857815e-15
1.260125,0.00522167987805323
1.26025,0.00738457050192217
1.260375,0.00522167987806453
1.2605,1.0124208113023e-14
1.260625,-0.00522167987805971
1.26075,-0.00738457050192217
1.260875,-0.0052216798780628
1.261,-7.68523285110099e-15
1.261125,0.00522167987805668
1.26125,0.00738457050192217
1.261375,0.00522167987806583
1.2615,5.24625758917897e-15
1.261625,-0.00522167987805366
1.26175,-0.00738457050192217
1.261875,-0.00522167987805935
1.262,-2.80728232725696e-15
1.262125,0.00522167987805538
1.26225,0.00738457050192217
1.262375,0.00522167987806238
1.2625,7.08453481170182e-15
1.262625,-0.00522167987805711
1.26275,-0.00738457050192217
1.262875,-0.0052216798780654
1.263,-1.13617872961467e-14
1.263125,0.00522167987805883
1.26325,0.00738457050192217
1.263375,0.00522167987806843
1.2635,2.20658428785779e-15
1.263625,-0.00522167987805581
1.26375,-0.00738457050192217
1.263875,-0.00522167987806195
1.264,-6.48383677230264e-15
1.264125,0.00522167987805278
1.26425,0.00738457050192217
1.264375,0.00522167987806498
1.2645,1.07610892567475e-14
1.264625,-0.00522167987805926
1.26475,-0.00738457050192217
1.264875,-0.00522167987806325
1.265,-8.32211399482549e-15
1.265125,0.00522167987805623
1.26525,0.00738457050192217
1.265375,0.00522167987806628
1.2655,5.88313873290347e-15
1.265625,-0.00522167987805321
1.26575,-0.00738457050192217
1.265875,-0.0052216798780598
1.266,-3.44416347098146e-15
1.266125,0.00522167987805493
1.26625,0.00738457050192217
1.266375,0.00522167987806283
1.2665,7.72141595542632e-15
1.266625,-0.00522167987805191
1.26675,-0.00738457050192217
1.266875,-0.00522167987806585
1.267,-1.19986684398712e-14
1.267125,0.00522167987805838
1.26725,0.00738457050192217
1.267375,0.00522167987806413
1.2675,2.84346543158229e-15
1.267625,-0.00522167987805536
1.26775,-0.00738457050192217
1.267875,-0.0052216798780624
1.268,-7.12071791602714e-15
1.268125,0.00522167987805233
1.26825,0.00738457050192217
1.268375,0.00522167987806068
1.2685,4.68174265410513e-15
1.268625,-0.00522167987804931
1.26875,-0.00738457050192217
1.268875,-0.0052216798780637
1.269,-8.95899513854999e-15
1.269125,0.00522167987805578
1.26925,0.00738457050192217
1.269375,0.00522167987806673
1.2695,-1.9620786973889e-16
1.269625,-0.00522167987805751
1.26975,-0.00738457050192217
1.269875,-0.00522167987806025
1.27,-4.08104461470596e-15
1.270125,0.00522167987805448
1.27025,0.00738457050192217
1.270375,0.00522167987806328
1.2705,8.35829709915081e-15
1.270625,-0.00522167987805146
1.27075,-0.00738457050192217
1.270875,-0.0052216798780663
1.271,-1.26355495835957e-14
1.271125,0.00522167987805793
1.27125,0.00738457050192217
1.271375,0.00522167987806458
1.2715,3.48034657530679e-15
1.271625,-0.00522167987805491
1.27175,-0.00738457050192217
1.271875,-0.00522167987806285
1.272,-7.75759905975164e-15
1.272125,0.00522167987805188
1.27225,0.00738457050192217
1.272375,0.00522167987806113
1.2725,5.31862379782963e-15
1.272625,-0.00522167987805361
1.27275,-0.00738457050192217
1.272875,-0.00522167987806415
1.273,-9.59587628227448e-15
1.273125,0.00522167987805533
1.27325,0.00738457050192217
1.273375,0.00522167987806718
1.2735,4.40673273985609e-16
1.273625,-0.00522167987805706
1.27375,-0.00738457050192217
1.273875,-0.0052216798780607
1.274,-4.71792575843046e-15
1.274125,0.00522167987805403
1.27425,0.00738457050192217
1.274375,0.00522167987806373
1.2745,8.99517824287531e-15
1.274625,-0.00522167987805101
1.27475,-0.00738457050192217
1.274875,-0.005221679878062
1.275,-1.32724307273202e-14
1.275125,0.00522167987805748
1.27525,0.00738457050192217
1.275375,0.00522167987806503
1.2755,4.11722771903129e-15
1.275625,-0.00522167987805446
1.27575,-0.00738457050192217
1.275875,-0.00522167987805855
1.276,-1.67825245710928e-15
1.276125,0.00522167987805143
1.27625,0.00738457050192217
1.276375,0.00522167987806158
1.2765,5.95550494155413e-15
1.276625,-0.00522167987805316
1.27675,-0.00738457050192217
1.276875,-0.0052216798780646
1.277,-1.0232757425999e-14
1.277125,0.00522167987805488
1.27725,0.00738457050192217
1.277375,0.00522167987806763
1.2775,1.07755441771011e-15
1.277625,-0.00522167987805661
1.27775,-0.00738457050192217
1.277875,-0.00522167987806115
1.278,-5.35480690215496e-15
1.278125,0.00522167987805358
1.27825,0.00738457050192217
1.278375,0.00522167987806418
1.2785,9.63205938659981e-15
1.278625,-0.00522167987805056
1.27875,-0.00738457050192217
1.278875,-0.00522167987806245
1.279,-7.1930841246778e-15
1.279125,0.00522167987805703
1.27925,0.00738457050192217
1.279375,0.00522167987806548
1.2795,4.75410886275579e-15
1.279625,-0.00522167987805401
1.27975,-0.00738457050192217
1.279875,-0.005221679878059
1.28,-2.31513360083378e-15
1.280125,0.00522167987805573
1.28025,0.00738457050192217
1.280375,0.00522167987806203
1.2805,6.59238608527863e-15
1.280625,-0.00522167987805271
1.28075,-0.00738457050192217
1.280875,-0.00522167987806505
1.281,-1.08696385697235e-14
1.281125,0.00522167987805918
1.28125,0.00738457050192217
1.281375,0.00522167987806808
1.2815,1.71443556143461e-15
1.281625,-0.00522167987805616
1.28175,-0.00738457050192217
1.281875,-0.0052216798780616
1.282,-5.99168804587946e-15
1.282125,0.00522167987805313
1.28225,0.00738457050192217
1.282375,0.00522167987805988
1.2825,1.02689405303243e-14
1.282625,-0.00522167987805011
1.28275,-0.00738457050192217
1.282875,-0.0052216798780629
1.283,-7.8299652684023e-15
1.283125,0.00522167987805658
1.28325,0.00738457050192217
1.283375,0.00522167987806593
1.2835,5.39099000648029e-15
1.283625,-0.00522167987805356
1.28375,-0.00738457050192217
1.283875,-0.00522167987805945
1.284,-2.95201474455828e-15
1.284125,0.00522167987805528
1.28425,0.00738457050192217
1.284375,0.00522167987806248
1.2845,7.22926722900313e-15
1.284625,-0.00522167987805225
1.28475,-0.00738457050192217
1.284875,-0.0052216798780655
1.285,-1.1506519713448e-14
1.285125,0.00522167987805873
1.28525,0.00738457050192217
1.285375,0.00522167987806378
1.2855,2.35131670515911e-15
1.285625,-0.0052216798780557
1.28575,-0.00738457050192217
1.285875,-0.00522167987806205
1.286,-6.62856918960396e-15
1.286125,0.00522167987805268
1.28625,0.00738457050192217
1.286375,0.00522167987806033
1.2865,4.18959392768195e-15
1.286625,-0.00522167987804966
1.28675,-0.00738457050192217
1.286875,-0.00522167987806335
1.287,-8.4668464121268e-15
1.287125,0.00522167987805613
1.28725,0.00738457050192217
1.287375,0.00522167987806638
1.2875,-6.88356596162076e-16
1.287625,-0.00522167987805785
1.28775,-0.00738457050192217
1.287875,-0.00522167987805991
1.288,-3.58889588828278e-15
1.288125,0.00522167987805483
1.28825,0.00738457050192217
1.288375,0.00522167987806293
1.2885,7.86614837272763e-15
1.288625,-0.0052216798780518
1.28875,-0.00738457050192217
1.288875,-0.00522167987806595
1.289,-1.21434008571725e-14
1.289125,0.00522167987805828
1.28925,0.00738457050192217
1.289375,0.00522167987806423
1.2895,2.9881978488836e-15
1.289625,-0.00522167987805525
1.28975,-0.00738457050192217
1.289875,-0.0052216798780625
1.29,-7.26545033332846e-15
1.290125,0.00522167987805223
1.29025,0.00738457050192217
1.290375,0.00522167987806078
1.2905,4.82647507140645e-15
1.290625,-0.00522167987805395
1.29075,-0.00738457050192217
1.290875,-0.0052216798780638
1.291,-9.1037275558513e-15
1.291125,0.00522167987805568
1.29125,0.00738457050192217
1.291375,0.00522167987806683
1.2915,-5.14754524375774e-17
1.291625,-0.0052216798780574
1.29175,-0.00738457050192217
1.291875,-0.00522167987806036
1.292,-4.22577703200727e-15
1.292125,0.00522167987805438
1.29225,0.00738457050192217
1.292375,0.00522167987806338
1.2925,8.50302951645213e-15
1.292625,-0.00522167987805135
1.29275,-0.00738457050192217
1.292875,-0.00522167987806165
1.293,-1.2780282000897e-14
1.293125,0.00522167987805783
1.29325,0.00738457050192217
1.293375,0.00522167987806468
1.2935,3.6250789926081e-15
1.293625,-0.0052216798780548
1.29375,-0.00738457050192217
1.293875,-0.00522167987805821
1.294,-1.18610373068609e-15
1.294125,0.00522167987805178
1.29425,0.00738457050192217
1.294375,0.00522167987806123
1.2945,5.46335621513094e-15
1.294625,-0.0052216798780535
1.29475,-0.00738457050192217
1.294875,-0.00522167987806425
1.295,-9.7406086995758e-15
1.295125,0.00522167987805998
1.29525,0.00738457050192217
1.295375,0.00522167987806728
1.2955,5.85405691286922e-16
1.295625,-0.00522167987805695
1.29575,-0.00738457050192217
1.295875,-0.00522167987806081
1.296,-4.86265817573177e-15
1.296125,0.00522167987805393
1.29625,0.00738457050192217
1.296375,0.00522167987806383
1.2965,9.13991066017663e-15
1.296625,-0.0052216798780509
1.29675,-0.00738457050192217
1.296875,-0.00522167987806211
1.297,-6.70093539825461e-15
1.297125,0.00522167987805738
1.29725,0.00738457050192217
1.297375,0.00522167987806513
1.2975,4.2619601363326e-15
1.297625,-0.00522167987805435
1.29775,-0.00738457050192217
1.297875,-0.00522167987806815
1.298,-1.82298487441059e-15
1.298125,0.00522167987805608
1.29825,0.00738457050192217
1.298375,0.00522167987806168
1.2985,6.10023735885544e-15
1.298625,-0.00522167987805305
1.29875,-0.00738457050192217
1.298875,-0.00522167987806471
1.299,-1.03774898433003e-14
1.299125,0.00522167987805953
1.29925,0.00738457050192217
1.299375,0.00522167987806773
1.2995,1.22228683501142e-15
1.299625,-0.0052216798780565
1.29975,-0.00738457050192217
1.299875,-0.00522167987806601
1.3,-5.49953931945627e-15
1.300125,0.00522167987805348
1.30025,0.00738457050192217
1.300375,0.00522167987805953
1.3005,9.77679180390112e-15
1.300625,-0.00522167987805045
1.30075,-0.00738457050192217
1.300875,-0.00522167987806256
1.301,-7.33781654197911e-15
1.301125,0.00522167987805693
1.30125,0.00738457050192217
1.301375,0.00522167987806558
1.3015,-1.81738646630976e-15
1.301625,-0.0052216798780539
1.30175,-0.00738457050192217
1.301875,-0.0052216798780686
1.302,-2.45986601813509e-15
1.302125,0.00522167987805563
1.30225,0.00738457050192217
1.302375,0.00522167987806213
1.3025,6.73711850257994e-15
1.302625,-0.0052216798780526
1.30275,-0.00738457050192217
1.302875,-0.00522167987806516
1.303,-1.10143709870248e-14
1.303125,0.00522167987805908
1.30325,0.00738457050192217
1.303375,0.00522167987806343
1.3035,1.85916797873592e-15
1.303625,-0.00522167987805605
1.30375,-0.00738457050192217
1.303875,-0.00522167987806646
1.304,-6.13642046318077e-15
1.304125,0.00522167987805778
1.30425,0.00738457050192217
1.304375,0.00522167987806473
1.3045,3.69744520125876e-15
1.304625,-0.00522167987805
1.30475,-0.00738457050192217
1.304875,-0.00522167987806301
1.305,-1.46909254320705e-14
1.305125,0.00522167987806123
1.30525,0.00738457050192217
1.305375,0.00522167987806128
1.3055,-1.18050532258526e-15
1.305625,-0.00522167987805345
1.30575,-0.00738457050192217
1.305875,-0.00522167987806905
1.306,-9.81297490822645e-15
1.306125,0.00522167987805518
1.30625,0.00738457050192217
1.306375,0.00522167987805783
1.3065,7.37399964630444e-15
1.306625,-0.0052216798780569
1.30675,-0.00738457050192217
1.306875,-0.00522167987806561
1.307,-4.93502438438243e-15
1.307125,0.00522167987805863
1.30725,0.00738457050192217
1.307375,0.00522167987806388
1.3075,2.49604912246042e-15
1.307625,-0.00522167987806035
1.30775,-0.00738457050192217
1.307875,-0.00522167987807165
1.308,-5.70738605384072e-17
1.308125,0.00522167987805258
1.30825,0.00738457050192217
1.308375,0.00522167987806043
1.3085,1.10505540913501e-14
1.308625,-0.0052216798780543
1.30875,-0.00738457050192217
1.308875,-0.00522167987805871
1.309,-8.61157882942811e-15
1.309125,0.00522167987805603
1.30925,0.00738457050192217
1.309375,0.00522167987806648
1.3095,6.1726035675061e-15
1.309625,-0.00522167987805775
1.30975,-0.00738457050192217
1.309875,-0.00522167987806476
1.31,-3.73362830558409e-15
1.310125,0.00522167987804998
1.31025,0.00738457050192217
1.310375,0.00522167987806303
1.3105,1.29465304366208e-15
1.310625,-0.0052216798780517
1.31075,-0.00738457050192217
1.310875,-0.00522167987806131
1.311,-1.22881332744738e-14
1.311125,0.00522167987805343
1.31125,0.00738457050192217
1.311375,0.00522167987806908
1.3115,-3.58329748018195e-15
1.311625,-0.00522167987805515
1.31175,-0.00738457050192217
1.311875,-0.00522167987806736
1.312,-7.41018275062977e-15
1.312125,0.00522167987805688
1.31225,0.00738457050192217
1.312375,0.00522167987806563
1.3125,4.97120748870776e-15
1.312625,-0.0052216798780491
1.31275,-0.00738457050192217
1.312875,-0.00522167987806391
1.313,-2.53223222678575e-15
1.313125,0.00522167987806033
1.31325,0.00738457050192217
1.313375,0.00522167987806218
1.3135,1.35257124575975e-14
1.313625,-0.00522167987805255
1.31375,-0.00738457050192217
1.313875,-0.00522167987806996
1.314,2.34571829705828e-15
1.314125,0.00522167987805428
1.31425,0.00738457050192217
1.314375,0.00522167987805873
1.3145,8.64776193375344e-15
1.314625,-0.005221679878056
1.31475,-0.00738457050192217
1.314875,-0.00522167987806651
1.315,-6.20878667183143e-15
1.315125,0.00522167987805773
1.31525,0.00738457050192217
1.315375,0.00522167987806478
1.3155,1.72022669026431e-14
1.315625,-0.00522167987805945
1.31575,-0.00738457050192217
1.315875,-0.00522167987806306
1.316,-1.33083614798741e-15
1.316125,0.00522167987805168
1.31625,0.00738457050192217
1.316375,0.00522167987806133
1.3165,1.23243163787991e-14
1.316625,-0.0052216798780534
1.31675,-0.00738457050192217
1.316875,-0.00522167987805961
1.317,-9.88534111687711e-15
1.317125,0.00522167987805513
1.31725,0.00738457050192217
1.317375,0.00522167987806738
1.3175,7.4463658549551e-15
1.317625,-0.00522167987805685
1.31775,-0.00738457050192217
1.317875,-0.00522167987806566
1.318,-5.00739059303309e-15
1.318125,0.00522167987805858
1.31825,0.00738457050192217
1.318375,0.00522167987806393
1.3185,2.56841533111107e-15
1.318625,-0.0052216798780508
1.31875,-0.00738457050192217
1.318875,-0.00522167987806221
1.319,-1.35618955619228e-14
1.319125,0.00522167987806202
1.31925,0.00738457050192217
1.319375,0.00522167987806048
1.3195,1.11229203000008e-14
1.319625,-0.00522167987805425
1.31975,-0.00738457050192217
1.319875,-0.00522167987806826
1.32,-8.68394503807877e-15
1.320125,0.00522167987805598
1.32025,0.00738457050192217
1.320375,0.00522167987805703
1.3205,6.24496977615676e-15
1.320625,-0.0052216798780482
1.32075,-0.00738457050192217
1.320875,-0.00522167987806481
1.321,-3.80599451423475e-15
1.321125,0.00522167987805942
1.32125,0.00738457050192217
1.321375,0.00522167987806308
1.3215,1.47994747450465e-14
1.321625,-0.00522167987806115
1.32175,-0.00738457050192217
1.321875,-0.00522167987807086
1.322,1.07195600960928e-15
1.322125,0.00522167987805338
1.32225,0.00738457050192217
1.322375,0.00522167987805963
1.3225,9.92152422120244e-15
1.322625,-0.0052216798780551
1.32275,-0.00738457050192217
1.322875,-0.00522167987806741
1.323,-7.48254895928043e-15
1.323125,0.00522167987805683
1.32325,0.00738457050192217
1.323375,0.00522167987806568
1.3235,5.04357369735842e-15
1.323625,-0.00522167987805855
1.32375,-0.00738457050192217
1.323875,-0.00522167987806396
1.324,-2.6045984354364e-15
1.324125,0.00522167987805078
1.32425,0.00738457050192217
1.324375,0.00522167987806223
1.3245,1.65623173514392e-16
1.324625,-0.0052216798780525
1.32475,-0.00738457050192217
1.324875,-0.00522167987806051
1.325,-1.11591034043261e-14
1.325125,0.00522167987805423
1.32525,0.00738457050192217
1.325375,0.00522167987806828
1.3255,8.7201281424041e-15
1.325625,-0.00522167987805595
1.32575,-0.00738457050192217
1.325875,-0.00522167987806656
1.326,-6.28115288048208e-15
1.326125,0.00522167987805767
1.32625,0.00738457050192217
1.326375,0.00522167987806483
1.3265,3.84217761856007e-15
1.326625,-0.0052216798780499
1.32675,-0.00738457050192217
1.326875,-0.00522167987806311
1.327,-1.48356578493718e-14
1.327125,0.00522167987806112
1.32725,0.00738457050192217
1.327375,0.00522167987806138
1.3275,1.23966825874498e-14
1.327625,-0.00522167987805335
1.32775,-0.00738457050192217
1.327875,-0.00522167987806916
1.328,3.47474816720596e-15
1.328125,0.00522167987805507
1.32825,0.00738457050192217
1.328375,0.00522167987805793
1.3285,7.51873206360575e-15
1.328625,-0.0052216798780568
1.32875,-0.00738457050192217
1.328875,-0.00522167987806571
1.329,-5.07975680168374e-15
1.329125,0.00522167987804903
1.32925,0.00738457050192217
1.329375,0.00522167987806398
1.3295,1.60732370324955e-14
1.329625,-0.00522167987806025
1.32975,-0.00738457050192217
1.329875,-0.00522167987806226
1.33,-2.0180627783972e-16
1.330125,0.00522167987805248
1.33025,0.00738457050192217
1.330375,0.00522167987806053
1.3305,1.11952865086514e-14
1.330625,-0.0052216798780542
1.33075,-0.00738457050192217
1.330875,-0.00522167987805881
1.331,-8.75631124672942e-15
1.331125,0.00522167987805592
1.33125,0.00738457050192217
1.331375,0.00522167987806658
1.3315,6.31733598480741e-15
1.331625,-0.00522167987805765
1.33175,-0.00738457050192217
1.331875,-0.00522167987806486
1.332,-3.8783607228854e-15
1.332125,0.00522167987805937
1.33225,0.00738457050192217
1.332375,0.00522167987806313
1.3325,1.43938546096339e-15
1.332625,-0.0052216798780516
1.33275,-0.00738457050192217
1.332875,-0.00522167987806141
1.333,-1.24328656917751e-14
1.333125,0.00522167987805333
1.33325,0.00738457050192217
1.333375,0.00522167987806918
1.3335,9.99389042985309e-15
1.333625,-0.00522167987805505
1.33375,-0.00738457050192217
1.333875,-0.00522167987806746
1.334,-7.55491516793108e-15
1.334125,0.00522167987805677
1.33425,0.00738457050192217
1.334375,0.00522167987805624
1.3345,5.11593990600907e-15
1.334625,-0.005221679878049
1.33475,-0.00738457050192217
1.334875,-0.00522167987806401
1.335,-2.67696464408706e-15
1.335125,0.00522167987805073
1.33525,0.00738457050192217
1.335375,0.00522167987806228
1.3355,1.36704448748988e-14
1.335625,-0.00522167987805245
1.33575,-0.00738457050192217
1.335875,-0.00522167987807006
1.336,2.20098587975696e-15
1.336125,0.00522167987805417
1.33625,0.00738457050192217
1.336375,0.00522167987805884
1.3365,8.79249435105475e-15
1.336625,-0.0052216798780559
1.33675,-0.00738457050192217
1.336875,-0.00522167987806661
1.337,-6.35351908913274e-15
1.337125,0.00522167987804813
1.33725,0.00738457050192217
1.337375,0.00522167987806488
1.3375,3.91454382721073e-15
1.337625,-0.00522167987805935
1.33775,-0.00738457050192217
1.337875,-0.00522167987806316
1.338,-1.47556856528872e-15
1.338125,0.00522167987805157
1.33825,0.00738457050192217
1.338375,0.00522167987806144
1.3385,-9.63406696633293e-16
1.338625,-0.0052216798780533
1.33875,-0.00738457050192217
1.338875,-0.00522167987805971
1.339,-1.00300735341784e-14
1.339125,0.00522167987805502
1.33925,0.00738457050192217
1.339375,0.00522167987806748
1.3395,7.59109827225641e-15
1.339625,-0.00522167987805675
1.33975,-0.00738457050192217
1.339875,-0.00522167987806576
1.34,-5.1521230103344e-15
1.340125,0.00522167987805847
1.34025,0.00738457050192217
1.340375,0.00522167987806403
1.3405,2.71314774841239e-15
1.340625,-0.0052216798780507
1.34075,-0.00738457050192217
1.340875,-0.00522167987806231
1.341,-1.37066279792241e-14
1.341125,0.00522167987805242
1.34125,0.00738457050192217
1.341375,0.00522167987806059
1.3415,1.12676527173021e-14
1.341625,-0.00522167987805415
1.34175,-0.00738457050192217
1.341875,-0.00522167987806836
1.342,-8.82867745538008e-15
1.342125,0.00522167987805587
1.34225,0.00738457050192217
1.342375,0.00522167987805714
1.3425,6.38970219345807e-15
1.342625,-0.0052216798780576
1.34275,-0.00738457050192217
1.342875,-0.00522167987806491
1.343,-3.95072693153606e-15
1.343125,0.00522167987804982
1.34325,0.00738457050192217
1.343375,0.00522167987806319
1.3435,1.49442071623478e-14
1.343625,-0.00522167987806105
1.34375,-0.00738457050192217
1.343875,-0.00522167987806146
1.344,9.27223592307965e-16
1.344125,0.00522167987805327
1.34425,0.00738457050192217
1.344375,0.00522167987805974
1.3445,1.00662566385038e-14
1.344625,-0.005221679878055
1.34475,-0.00738457050192217
1.344875,-0.00522167987805801
1.345,-7.62728137658174e-15
1.345125,0.00522167987804723
1.34525,0.00738457050192217
1.345375,0.00522167987806578
1.3455,5.18830611465973e-15
1.345625,-0.00522167987805845
1.34575,-0.00738457050192217
1.345875,-0.00522167987806406
1.346,-2.74933085273772e-15
1.346125,0.00522167987805067
1.34625,0.00738457050192217
1.346375,0.00522167987806234
1.3465,3.10355590815705e-16
1.346625,-0.0052216798780524
1.34675,-0.00738457050192217
1.346875,-0.00522167987806061
1.347,-1.13038358216274e-14
1.347125,0.00522167987805412
1.34725,0.00738457050192217
1.347375,0.00522167987806838
1.3475,8.86486055970541e-15
1.347625,-0.00522167987805585
1.34775,-0.00738457050192217
1.347875,-0.00522167987806666
1.348,-6.4258852977834e-15
1.348125,0.00522167987805757
1.34825,0.00738457050192217
1.348375,0.00522167987806494
1.3485,3.98691003586139e-15
1.348625,-0.0052216798780498
1.34875,-0.00738457050192217
1.348875,-0.00522167987806321
1.349,-1.54793477393937e-15
1.349125,0.00522167987805152
1.34925,0.00738457050192217
1.349375,0.00522167987806149
1.3495,1.25414150047511e-14
1.349625,-0.00522167987805325
1.34975,-0.00738457050192217
1.349875,-0.00522167987806926
1.35,3.33001574990465e-15
1.350125,0.00522167987805497
1.35025,0.00738457050192217
1.350375,0.00522167987805804
1.3505,7.66346448090707e-15
1.350625,-0.0052216798780567
1.35075,-0.00738457050192217
1.350875,-0.00522167987806581
1.351,-5.22448921898506e-15
1.351125,0.00522167987804892
1.35125,0.00738457050192217
1.351375,0.00522167987806409
1.3515,1.62179694497968e-14
1.351625,-0.00522167987806015
1.35175,-0.00738457050192217
1.351875,-0.00522167987806236
1.352,-3.46538695141033e-16
1.352125,0.00522167987805237
1.35225,0.00738457050192217
1.352375,0.00522167987806064
1.3525,1.13400189259527e-14
1.352625,-0.0052216798780541
1.35275,-0.00738457050192217
1.352875,-0.00522167987805891
1.353,-8.90104366403074e-15
1.353125,0.00522167987805582
1.35325,0.00738457050192217
1.353375,0.00522167987806669
1.3535,6.46206840210873e-15
1.353625,-0.00522167987805755
1.35375,-0.00738457050192217
1.353875,-0.00522167987806496
1.354,-4.02309314018671e-15
1.354125,0.00522167987805927
1.35425,0.00738457050192217
1.354375,0.00522167987806324
1.3545,1.5841178782647e-15
1.354625,-0.0052216798780515
1.35475,-0.00738457050192217
1.354875,-0.00522167987806151
1.355,-1.25775981090764e-14
1.355125,0.00522167987805322
1.35525,0.00738457050192217
1.355375,0.00522167987805979
1.3555,1.01386228471544e-14
1.355625,-0.00522167987805495
1.35575,-0.00738457050192217
1.355875,-0.00522167987806756
1.356,-7.69964758523239e-15
1.356125,0.00522167987805667
1.35625,0.00738457050192217
1.356375,0.00522167987805634
1.3565,5.26067232331038e-15
1.356625,-0.0052216798780584
1.35675,-0.00738457050192217
1.356875,-0.00522167987806411
1.357,-2.82169706138837e-15
1.357125,0.00522167987805062
1.35725,0.00738457050192217
1.357375,0.00522167987806239
1.3575,1.38151772922001e-14
1.357625,-0.00522167987806185
1.35775,-0.00738457050192217
1.357875,-0.00522167987807016
1.358,2.05625346245565e-15
1.358125,0.00522167987805407
1.35825,0.00738457050192217
1.358375,0.00522167987805894
1.3585,8.93722676835607e-15
1.358625,-0.0052216798780558
1.35875,-0.00738457050192217
1.358875,-0.00522167987806671
1.359,-6.49825150643405e-15
1.359125,0.00522167987804802
1.35925,0.00738457050192217
1.359375,0.00522167987806499
1.3595,4.05927624451204e-15
1.359625,-0.00522167987805925
1.35975,-0.00738457050192217
1.359875,-0.00522167987806326
1.36,-1.62030098259003e-15
1.360125,0.00522167987805147
1.36025,0.00738457050192217
1.360375,0.00522167987807104
1.3605,-8.18674279331981e-16
1.360625,-0.0052216798780532
1.36075,-0.00738457050192217
1.360875,-0.00522167987805981
1.361,-1.01748059514797e-14
1.361125,0.00522167987805492
1.36125,0.00738457050192217
1.361375,0.00522167987806759
1.3615,7.73583068955772e-15
1.361625,-0.00522167987805665
1.36175,-0.00738457050192217
1.361875,-0.00522167987806586
1.362,-5.29685542763571e-15
1.362125,0.00522167987805837
1.36225,0.00738457050192217
1.362375,0.00522167987806414
1.3625,2.8578801657137e-15
1.362625,-0.0052216798780506
1.36275,-0.00738457050192217
1.362875,-0.00522167987806241
1.363,-4.18904903791689e-16
1.363125,0.00522167987805232
1.36325,0.00738457050192217
1.363375,0.00522167987806069
1.3635,1.14123851346034e-14
1.363625,-0.00522167987805405
1.36375,-0.00738457050192217
1.363875,-0.00522167987806846
1.364,4.45904562005233e-15
1.364125,0.00522167987805577
1.36425,0.00738457050192217
1.364375,0.00522167987806674
1.3645,6.53443461075938e-15
1.364625,-0.0052216798780575
1.36475,-0.00738457050192217
1.364875,-0.00522167987806501
1.365,-4.09545934883737e-15
1.365125,0.00522167987804972
1.36525,0.00738457050192217
1.365375,0.00522167987806329
1.3655,1.50889395796491e-14
1.365625,-0.00522167987806095
1.36575,-0.00738457050192217
1.365875,-0.00522167987806156
1.366,7.82491175006652e-16
1.366125,0.00522167987805317
1.36625,0.00738457050192217
1.366375,0.00522167987806934
1.3665,1.02109890558051e-14
1.366625,-0.0052216798780549
1.36675,-0.00738457050192217
1.366875,-0.00522167987805811
1.367,-7.77201379388305e-15
1.367125,0.00522167987805662
1.36725,0.00738457050192217
1.367375,0.00522167987806589
1.3675,5.33303853196104e-15
1.367625,-0.00522167987805835
1.36775,-0.00738457050192217
1.367875,-0.00522167987806416
1.368,-2.89406327003903e-15
1.368125,0.00522167987806007
1.36825,0.00738457050192217
1.368375,0.00522167987807194
1.3685,4.55088008117017e-16
1.368625,-0.0052216798780523
1.36875,-0.00738457050192217
1.368875,-0.00522167987806071
1.369,-1.14485682389287e-14
1.369125,0.00522167987805402
1.36925,0.00738457050192217
1.369375,0.00522167987805899
1.3695,9.00959297700672e-15
1.369625,-0.00522167987805575
1.36975,-0.00738457050192217
1.369875,-0.00522167987806676
1.37,-6.57061771508471e-15
1.370125,0.00522167987805747
1.37025,0.00738457050192217
1.370375,0.00522167987806504
1.3705,4.1316424531627e-15
1.370625,-0.0052216798780497
1.37075,-0.00738457050192217
1.370875,-0.00522167987806331
1.371,-1.69266719124069e-15
1.371125,0.00522167987805142
1.37125,0.00738457050192217
1.371375,0.00522167987806159
1.3715,1.26861474220524e-14
1.371625,-0.00522167987805315
1.37175,-0.00738457050192217
1.371875,-0.00522167987806936
1.372,3.18528333260334e-15
1.372125,0.00522167987805487
1.37225,0.00738457050192217
1.372375,0.00522167987806764
1.3725,7.80819689820838e-15
1.372625,-0.00522167987805659
1.37275,-0.00738457050192217
1.372875,-0.00522167987806591
1.373,-5.36922163628637e-15
1.373125,0.00522167987804882
1.37325,0.00738457050192217
1.373375,0.00522167987806419
1.3735,2.93024637436436e-15
1.373625,-0.00522167987806004
1.37375,-0.00738457050192217
1.373875,-0.00522167987806246
1.374,-4.91271112442346e-16
1.374125,0.00522167987805227
1.37425,0.00738457050192217
1.374375,0.00522167987807024
1.3745,-1.94770414947967e-15
1.374625,-0.00522167987805399
1.37475,-0.00738457050192217
1.374875,-0.00522167987805901
1.375,-9.04577608133205e-15
1.375125,0.00522167987805572
1.37525,0.00738457050192217
1.375375,0.00522167987806679
1.3755,6.60680081941004e-15
1.375625,-0.00522167987805745
1.37575,-0.00738457050192217
1.375875,-0.00522167987806506
1.376,-1.76002810502218e-14
1.376125,0.00522167987805917
1.37625,0.00738457050192217
1.376375,0.00522167987806334
1.3765,1.72885029556602e-15
1.376625,-0.0052216798780514
1.37675,-0.00738457050192217
1.376875,-0.00522167987806161
1.377,-1.27223305263777e-14
1.377125,0.00522167987805312
1.37725,0.00738457050192217
1.377375,0.00522167987805989
1.3775,1.02833552644557e-14
1.377625,-0.00522167987805484
1.37775,-0.00738457050192217
1.377875,-0.00522167987806766
1.378,-7.84438000253371e-15
1.378125,0.00522167987805657
1.37825,0.00738457050192217
1.378375,0.00522167987806594
1.3785,5.4054047406117e-15
1.378625,-0.00522167987805829
1.37875,-0.00738457050192217
1.378875,-0.00522167987806421
1.379,-2.96642947868969e-15
1.379125,0.00522167987805052
1.37925,0.00738457050192217
1.379375,0.00522167987806249
1.3795,1.39599097095014e-14
1.379625,-0.00522167987806174
1.37975,-0.00738457050192217
1.379875,-0.00522167987806076
1.38,-1.15209344475794e-14
1.380125,0.00522167987805397
1.38025,0.00738457050192217
1.380375,0.00522167987806854
1.3805,9.08195918565738e-15
1.380625,-0.00522167987805569
1.38075,-0.00738457050192217
1.380875,-0.00522167987805732
1.381,-6.64298392373537e-15
1.381125,0.00522167987804792
1.38125,0.00738457050192217
1.381375,0.00522167987806509
1.3815,4.20400866181336e-15
1.381625,-0.00522167987805914
1.38175,-0.00738457050192217
1.381875,-0.00522167987806336
1.382,-1.51974888926251e-14
1.382125,0.00522167987806087
1.38225,0.00738457050192217
1.382375,0.00522167987807114
1.3825,-6.73941862030668e-16
1.382625,-0.00522167987805309
1.38275,-0.00738457050192217
1.382875,-0.00522167987805992
1.383,-1.0319538368781e-14
1.383125,0.00522167987805482
1.38325,0.00738457050192217
1.383375,0.00522167987806769
1.3835,7.88056310685903e-15
1.383625,-0.00522167987805654
1.38375,-0.00738457050192217
1.383875,-0.00522167987806596
1.384,-5.44158784493702e-15
1.384125,0.00522167987805827
1.38425,0.00738457050192217
1.384375,0.00522167987806424
1.3845,3.00261258301501e-15
1.384625,-0.0052216798780505
1.38475,-0.00738457050192217
1.384875,-0.00522167987806251
1.385,-5.63637321093002e-16
1.385125,0.00522167987805222
1.38525,0.00738457050192217
1.385375,0.00522167987806079
1.3855,1.15571175519047e-14
1.385625,-0.00522167987805394
1.38575,-0.00738457050192217
1.385875,-0.00522167987806856
1.386,-9.11814228998271e-15
1.386125,0.00522167987805567
1.38625,0.00738457050192217
1.386375,0.00522167987806684
1.3865,6.67916702806069e-15
1.386625,-0.00522167987805739
1.38675,-0.00738457050192217
1.386875,-0.00522167987806511
1.387,-4.24019176613868e-15
1.387125,0.00522167987804962
1.38725,0.00738457050192217
1.387375,0.00522167987806339
1.3875,1.52336719969504e-14
1.387625,-0.00522167987806084
1.38775,-0.00738457050192217
1.387875,-0.00522167987806167
1.388,-1.27946967350284e-14
1.388125,0.00522167987805307
1.38825,0.00738457050192217
1.388375,0.00522167987806944
1.3885,-3.07673401962735e-15
1.388625,-0.00522167987805479
1.38875,-0.00738457050192217
1.388875,-0.00522167987805822
1.389,-7.91674621118436e-15
1.389125,0.00522167987805652
1.38925,0.00738457050192217
1.389375,0.00522167987806599
1.3895,5.47777094926235e-15
1.389625,-0.00522167987805824
1.38975,-0.00738457050192217
1.389875,-0.00522167987806427
1.39,-1.64712511800741e-14
1.390125,0.00522167987805997
1.39025,0.00738457050192217
1.390375,0.00522167987806254
1.3905,5.9982042541833e-16
1.390625,-0.00522167987805219
1.39075,-0.00738457050192217
1.390875,-0.00522167987806082
1.391,-1.159330065623e-14
1.391125,0.00522167987805392
1.39125,0.00738457050192217
1.391375,0.00522167987805909
1.3915,9.15432539430803e-15
1.391625,-0.00522167987805564
1.39175,-0.00738457050192217
1.391875,-0.00522167987806686
1.392,-6.71535013238602e-15
1.392125,0.00522167987805737
1.39225,0.00738457050192217
1.392375,0.00522167987806514
1.3925,4.27637487046401e-15
1.392625,-0.00522167987805909
1.39275,-0.00738457050192217
1.392875,-0.00522167987806342
1.393,-1.837399608542e-15
1.393125,0.00522167987805132
1.39325,0.00738457050192217
1.393375,0.00522167987806169
1.3935,1.28308798393537e-14
1.393625,-0.00522167987805304
1.39375,-0.00738457050192217
1.393875,-0.00522167987806947
1.394,-1.03919045774317e-14
1.394125,0.00522167987805477
1.39425,0.00738457050192217
1.394375,0.00522167987806774
1.3945,7.95292931550969e-15
1.394625,-0.00522167987805649
1.39475,-0.00738457050192217
1.394875,-0.00522167987805652
1.395,-5.51395405358768e-15
1.395125,0.00522167987804872
1.39525,0.00738457050192217
1.395375,0.00522167987806429
1.3955,3.07497879166567e-15
1.395625,-0.00522167987805044
1.39575,-0.00738457050192217
1.395875,-0.00522167987806257
1.396,-1.40684590224774e-14
1.396125,0.00522167987805217
1.39625,0.00738457050192217
1.396375,0.00522167987807034
1.3965,-1.80297173217835e-15
1.396625,-0.00522167987805389
1.39675,-0.00738457050192217
1.396875,-0.00522167987805912
1.397,-9.19050849863336e-15
1.397125,0.00522167987805562
1.39725,0.00738457050192217
1.397375,0.00522167987806689
1.3975,6.75153323671135e-15
1.397625,-0.00522167987804784
1.39775,-0.00738457050192217
1.397875,-0.00522167987806517
1.398,-4.31255797478934e-15
1.398125,0.00522167987805907
1.39825,0.00738457050192217
1.398375,0.00522167987806344
1.3985,1.87358271286733e-15
1.398625,-0.00522167987805129
1.39875,-0.00738457050192217
1.398875,-0.00522167987806172
1.399,5.65392549054683e-16
1.399125,0.00522167987805302
1.39925,0.00738457050192217
1.399375,0.00522167987805999
1.3995,1.0428087681757e-14
1.399625,-0.00522167987805474
1.39975,-0.00738457050192217
1.399875,-0.00522167987806777
1.4,-7.98911241983502e-15
1.400125,0.00522167987805647
1.40025,0.00738457050192217
1.400375,0.00522167987806604
1.4005,5.55013715791301e-15
1.400625,-0.00522167987805819
1.40075,-0.00738457050192217
1.400875,-0.00522167987806432
1.401,-3.111161895991e-15
1.401125,0.00522167987805042
1.40125,0.00738457050192217
1.401375,0.00522167987806259
1.4015,1.41046421268027e-14
1.401625,-0.00522167987805214
1.40175,-0.00738457050192217
1.401875,-0.00522167987806087
1.402,-1.16656668648807e-14
1.402125,0.00522167987805387
1.40225,0.00738457050192217
1.402375,0.00522167987806864
1.4025,9.22669160295869e-15
1.402625,-0.00522167987805559
1.40275,-0.00738457050192217
1.402875,-0.00522167987805742
1.403,-6.78771634103668e-15
1.403125,0.00522167987805732
1.40325,0.00738457050192217
1.403375,0.00522167987806519
1.4035,4.34874107911467e-15
1.403625,-0.00522167987804954
1.40375,-0.00738457050192217
1.403875,-0.00522167987806347
1.404,-1.53422213099264e-14
1.404125,0.00522167987806077
1.40425,0.00738457050192217
1.404375,0.00522167987806174
1.4045,-5.29209444729355e-16
1.404625,-0.00522167987805299
1.40475,-0.00738457050192217
1.404875,-0.00522167987806002
1.405,-1.04642707860824e-14
1.405125,0.00522167987805472
1.40525,0.00738457050192217
1.405375,0.00522167987805829
1.4055,8.02529552416035e-15
1.405625,-0.00522167987804694
1.40575,-0.00738457050192217
1.405875,-0.00522167987806607
1.406,-5.58632026223834e-15
1.406125,0.00522167987805817
1.40625,0.00738457050192217
1.406375,0.00522167987806434
1.4065,3.14734500031633e-15
1.406625,-0.00522167987805039
1.40675,-0.00738457050192217
1.406875,-0.00522167987806262
1.407,-7.08369738394315e-16
1.407125,0.00522167987805212
1.40725,0.00738457050192217
1.407375,0.00522167987806089
1.4075,1.1701849969206e-14
1.407625,-0.00522167987805384
1.40775,-0.00738457050192217
1.407875,-0.00522167987806867
1.408,-9.26287470728402e-15
1.408125,0.00522167987805557
1.40825,0.00738457050192217
1.408375,0.00522167987806694
1.4085,6.82389944536201e-15
1.408625,-0.00522167987805729
1.40875,-0.00738457050192217
1.408875,-0.00522167987806522
1.409,-4.38492418344e-15
1.409125,0.00522167987804952
1.40925,0.00738457050192217
1.409375,0.00522167987806349
1.4095,1.94594892151798e-15
1.409625,-0.00522167987805124
1.40975,-0.00738457050192217
1.409875,-0.00522167987806177
1.41,-1.29394291523297e-14
1.410125,0.00522167987805297
1.41025,0.00738457050192217
1.410375,0.00522167987806954
1.4105,-2.93200160232604e-15
1.410625,-0.00522167987805469
1.41075,-0.00738457050192217
1.410875,-0.00522167987805832
1.411,-8.06147862848568e-15
1.411125,0.00522167987805642
1.41125,0.00738457050192217
1.411375,0.00522167987806609
1.4115,5.62250336656367e-15
1.411625,-0.00522167987804864
1.41175,-0.00738457050192217
1.411875,-0.00522167987806437
1.412,-1.66159835973754e-14
1.412125,0.00522167987805987
1.41225,0.00738457050192217
1.412375,0.00522167987806264
1.4125,7.44552842719643e-16
1.412625,-0.00522167987805209
1.41275,-0.00738457050192217
1.412875,-0.00522167987806092
1.413,-1.17380330735314e-14
1.413125,0.00522167987805382
1.41325,0.00738457050192217
1.413375,0.00522167987805919
1.4135,9.29905781160935e-15
1.413625,-0.00522167987805554
1.41375,-0.00738457050192217
1.413875,-0.00522167987806697
1.414,-6.86008254968734e-15
1.414125,0.00522167987805727
1.41425,0.00738457050192217
1.414375,0.00522167987806524
1.4145,4.42110728776532e-15
1.414625,-0.00522167987805899
1.41475,-0.00738457050192217
1.414875,-0.00522167987806352
1.415,-1.98213202584331e-15
1.415125,0.00522167987805122
1.41525,0.00738457050192217
1.415375,0.00522167987806179
1.4155,1.2975612256655e-14
1.415625,-0.00522167987805294
1.41575,-0.00738457050192217
1.415875,-0.00522167987806007
1.416,-1.0536636994733e-14
1.416125,0.00522167987805467
1.41625,0.00738457050192217
1.416375,0.00522167987806784
1.4165,8.097661732811e-15
1.416625,-0.00522167987805639
1.41675,-0.00738457050192217
1.416875,-0.00522167987805662
1.417,-5.65868647088899e-15
1.417125,0.00522167987805811
1.41725,0.00738457050192217
1.417375,0.00522167987806439
1.4175,3.21971120896698e-15
1.417625,-0.00522167987805034
1.41775,-0.00738457050192217
1.417875,-0.00522167987806267
1.418,-1.42131914397787e-14
1.418125,0.00522167987806156
1.41825,0.00738457050192217
1.418375,0.00522167987807044
1.4185,-1.65823931487704e-15
1.418625,-0.00522167987805379
1.41875,-0.00738457050192217
1.418875,-0.00522167987805922
1.419,-9.33524091593468e-15
1.419125,0.00522167987805552
1.41925,0.00738457050192217
1.419375,0.00522167987806699
1.4195,6.89626565401266e-15
1.419625,-0.00522167987804774
1.41975,-0.00738457050192217
1.419875,-0.00522167987806527
1.42,-4.45729039209065e-15
1.420125,0.00522167987805896
1.42025,0.00738457050192217
1.420375,0.00522167987806354
1.4205,2.01831513016864e-15
1.420625,-0.00522167987805119
1.42075,-0.00738457050192217
1.420875,-0.00522167987806182
1.421,4.2066013175337e-16
1.421125,0.00522167987805292
1.42125,0.00738457050192217
1.421375,0.00522167987806009
1.4215,1.05728200990583e-14
1.421625,-0.00522167987805464
1.42175,-0.00738457050192217
1.421875,-0.00522167987806787
1.422,-8.13384483713633e-15
1.422125,0.00522167987805636
1.42225,0.00738457050192217
1.422375,0.00522167987806614
1.4225,5.69486957521432e-15
1.422625,-0.00522167987805809
1.42275,-0.00738457050192217
1.422875,-0.00522167987806442
1.423,-3.25589431329231e-15
1.423125,0.00522167987805032
1.42325,0.00738457050192217
1.423375,0.00522167987806269
1.4235,8.16919051370299e-16
1.423625,-0.00522167987805204
1.42375,-0.00738457050192217
1.423875,-0.00522167987806097
1.424,-1.1810399282182e-14
1.424125,0.00522167987805377
1.42425,0.00738457050192217
1.424375,0.00522167987806874
1.4245,-4.06103147247372e-15
1.424625,-0.00522167987805549
1.42475,-0.00738457050192217
1.424875,-0.00522167987806702
1.425,-6.93244875833799e-15
1.425125,0.00522167987805721
1.42525,0.00738457050192217
1.425375,0.00522167987806529
1.4255,4.49347349641598e-15
1.425625,-0.00522167987804944
1.42575,-0.00738457050192217
1.425875,-0.00522167987806357
1.426,-1.54869537272277e-14
1.426125,0.00522167987806066
1.42625,0.00738457050192217
1.426375,0.00522167987806184
1.4265,-3.84477027428042e-16
1.426625,-0.00522167987805289
1.42675,-0.00738457050192217
1.426875,-0.00522167987806962
1.427,-1.06090032033837e-14
1.427125,0.00522167987805462
1.42725,0.00738457050192217
1.427375,0.00522167987805839
1.4275,8.17002794146166e-15
1.427625,-0.00522167987805634
1.42775,-0.00738457050192217
1.427875,-0.00522167987806617
1.428,-5.73105267953965e-15
1.428125,0.00522167987805806
1.42825,0.00738457050192217
1.428375,0.00522167987806444
1.4285,3.29207741761764e-15
1.428625,-0.00522167987805979
1.42875,-0.00738457050192217
1.428875,-0.00522167987807222
1.429,-8.53102155695628e-16
1.429125,0.00522167987805201
1.42925,0.00738457050192217
1.429375,0.005221679878061
1.4295,1.18465823865073e-14
1.429625,-0.00522167987805374
1.42975,-0.00738457050192217
1.429875,-0.00522167987805927
1.43,-9.40760712458533e-15
1.430125,0.00522167987805546
1.43025,0.00738457050192217
1.430375,0.00522167987806704
1.4305,6.96863186266332e-15
1.430625,-0.00522167987805719
1.43075,-0.00738457050192217
1.430875,-0.00522167987806532
1.431,-4.52965660074131e-15
1.431125,0.00522167987804942
1.43125,0.00738457050192217
1.431375,0.00522167987806359
1.4315,2.0906813388193e-15
1.431625,-0.00522167987805114
1.43175,-0.00738457050192217
1.431875,-0.00522167987806187
1.432,-1.3084161569631e-14
1.432125,0.00522167987805286
1.43225,0.00738457050192217
1.432375,0.00522167987806964
1.4325,-2.78726918502473e-15
1.432625,-0.00522167987805459
1.43275,-0.00738457050192217
1.432875,-0.00522167987806792
1.433,-8.20621104578699e-15
1.433125,0.00522167987805631
1.43325,0.00738457050192217
1.433375,0.00522167987806619
1.4335,5.76723578386498e-15
1.433625,-0.00522167987804854
1.43375,-0.00738457050192217
1.433875,-0.00522167987806447
1.434,-3.32826052194297e-15
1.434125,0.00522167987805976
1.43425,0.00738457050192217
1.434375,0.00522167987806275
1.4345,8.89285260020956e-16
1.434625,-0.00522167987805199
1.43475,-0.00738457050192217
1.434875,-0.00522167987807052
1.435,1.54969000190106e-15
1.435125,0.00522167987805371
1.43525,0.00738457050192217
1.435375,0.0052216798780593
1.4355,9.44379022891066e-15
1.435625,-0.00522167987805544
1.43575,-0.00738457050192217
1.435875,-0.00522167987806707
1.436,-7.00481496698865e-15
1.436125,0.00522167987805716
1.43625,0.00738457050192217
1.436375,0.00522167987806535
1.4365,4.56583970506664e-15
1.436625,-0.00522167987805889
1.43675,-0.00738457050192217
1.436875,-0.00522167987806362
1.437,-2.12686444314463e-15
1.437125,0.00522167987805111
1.43725,0.00738457050192217
1.437375,0.0052216798780619
1.4375,1.31203446739563e-14
1.437625,-0.00522167987805284
1.43775,-0.00738457050192217
1.437875,-0.00522167987806017
1.438,-1.06813694120343e-14
1.438125,0.00522167987805456
1.43825,0.00738457050192217
1.438375,0.00522167987806794
1.4385,8.24239415011232e-15
1.438625,-0.00522167987805629
1.43875,-0.00738457050192217
1.438875,-0.00522167987806622
1.439,-5.80341888819031e-15
1.439125,0.00522167987805801
1.43925,0.00738457050192217
1.439375,0.0052216798780645
1.4395,3.3644436262683e-15
1.439625,-0.00522167987805024
1.43975,-0.00738457050192217
1.439875,-0.00522167987806277
1.44,-1.435792385708e-14
1.440125,0.00522167987806146
1.44025,0.00738457050192217
1.440375,0.00522167987806105
1.4405,1.1918948595158e-14
1.440625,-0.00522167987805369
1.44075,-0.00738457050192217
1.440875,-0.00522167987806882
1.441,-9.47997333323599e-15
1.441125,0.00522167987805541
1.44125,0.00738457050192217
1.441375,0.0052216798780576
1.4415,7.04099807131398e-15
1.441625,-0.00522167987804764
1.44175,-0.00738457050192217
1.441875,-0.00522167987806537
1.442,-4.60202280939197e-15
1.442125,0.00522167987805886
1.44225,0.00738457050192217
1.442375,0.00522167987806365
1.4425,1.55955030402037e-14
1.442625,-0.00522167987806059
1.44275,-0.00738457050192217
1.442875,-0.00522167987807142
1.443,2.75927714452058e-16
1.443125,0.00522167987805281
1.44325,0.00738457050192217
1.443375,0.0052216798780602
1.4435,1.07175525163597e-14
1.443625,-0.00522167987805454
1.44375,-0.00738457050192217
1.443875,-0.00522167987806797
1.444,-8.27857725443765e-15
1.444125,0.00522167987805626
1.44425,0.00738457050192217
1.444375,0.00522167987806625
1.4445,5.83960199251564e-15
1.444625,-0.00522167987805799
1.44475,-0.00738457050192217
1.444875,-0.00522167987806452
1.445,-3.40062673059362e-15
1.445125,0.00522167987805021
1.44525,0.00738457050192217
1.445375,0.0052216798780628
1.4455,9.61651468671612e-16
1.445625,-0.00522167987805194
1.44575,-0.00738457050192217
1.445875,-0.00522167987806107
1.446,-1.19551316994833e-14
1.446125,0.00522167987805366
1.44625,0.00738457050192217
1.446375,0.00522167987806884
1.4465,9.51615643756132e-15
1.446625,-0.00522167987805539
1.44675,-0.00738457050192217
1.446875,-0.00522167987806712
1.447,-7.07718117563931e-15
1.447125,0.00522167987805711
1.44725,0.00738457050192217
1.447375,0.0052216798780654
1.4475,4.63820591371729e-15
1.447625,-0.00522167987804934
1.44775,-0.00738457050192217
1.447875,-0.00522167987806367
1.448,-1.5631686144529e-14
1.448125,0.00522167987806056
1.44825,0.00738457050192217
1.448375,0.00522167987806195
1.4485,1.3192710882607e-14
1.448625,-0.00522167987805279
1.44875,-0.00738457050192217
1.448875,-0.00522167987806972
1.449,2.67871987204874e-15
1.449125,0.00522167987805451
1.44925,0.00738457050192217
1.449375,0.0052216798780585
1.4495,8.31476035876297e-15
1.449625,-0.00522167987805624
1.44975,-0.00738457050192217
1.449875,-0.00522167987806627
1.45,-5.87578509684096e-15
1.450125,0.00522167987805796
1.45025,0.00738457050192217
1.450375,0.00522167987806455
1.4505,1.68692653276527e-14
1.450625,-0.00522167987805969
1.45075,-0.00738457050192217
1.450875,-0.00522167987806282
1.451,-9.9783457299694e-16
1.451125,0.00522167987805191
1.45125,0.00738457050192217
1.451375,0.0052216798780611
1.4515,1.19913148038087e-14
1.451625,-0.00522167987805364
1.45175,-0.00738457050192217
1.451875,-0.00522167987805937
1.452,-9.55233954188664e-15
1.452125,0.00522167987805536
1.45225,0.00738457050192217
1.452375,0.00522167987806715
1.4525,7.11336427996463e-15
1.452625,-0.00522167987805709
1.45275,-0.00738457050192217
1.452875,-0.00522167987806542
1.453,-4.67438901804262e-15
1.453125,0.00522167987805881
1.45325,0.00738457050192217
1.453375,0.0052216798780637
1.4535,2.23541375612061e-15
1.453625,-0.00522167987805104
1.45375,-0.00738457050192217
1.453875,-0.00522167987806197
1.454,-1.32288939869323e-14
1.454125,0.00522167987805276
1.45425,0.00738457050192217
1.454375,0.00522167987806975
1.4545,1.07899187250103e-14
1.454625,-0.00522167987805449
1.45475,-0.00738457050192217
1.454875,-0.00522167987806802
1.455,-8.3509434630883e-15
1.455125,0.00522167987805621
1.45525,0.00738457050192217
1.455375,0.0052216798780568
1.4555,5.91196820116629e-15
1.455625,-0.00522167987804844
1.45575,-0.00738457050192217
1.455875,-0.00522167987806457
1.456,-3.47299293924428e-15
1.456125,0.00522167987805016
1.45625,0.00738457050192217
1.456375,0.00522167987806285
1.4565,1.4466473170056e-14
1.456625,-0.00522167987805189
1.45675,-0.00738457050192217
1.456875,-0.00522167987807062
1.457,1.40495758459974e-15
1.457125,0.00522167987805361
1.45725,0.00738457050192217
1.457375,0.0052216798780594
1.4575,9.58852264621197e-15
1.457625,-0.00522167987805534
1.45775,-0.00738457050192217
1.457875,-0.00522167987806717
1.458,-7.14954738428996e-15
1.458125,0.00522167987804756
1.45825,0.00738457050192217
1.458375,0.00522167987806545
1.4585,4.71057212236795e-15
1.458625,-0.00522167987805879
1.45875,-0.00738457050192217
1.458875,-0.00522167987806372
1.459,-2.27159686044594e-15
1.459125,0.00522167987805101
1.45925,0.00738457050192217
1.459375,0.005221679878062
1.4595,-1.67378401476073e-16
1.459625,-0.00522167987805274
1.45975,-0.00738457050192217
1.459875,-0.00522167987806027
1.46,-1.08261018293356e-14
1.460125,0.00522167987805446
1.46025,0.00738457050192217
1.460375,0.00522167987806805
1.4605,8.38712656741363e-15
1.460625,-0.00522167987805619
1.46075,-0.00738457050192217
1.460875,-0.00522167987806632
1.461,-5.94815130549162e-15
1.461125,0.00522167987805791
1.46125,0.00738457050192217
1.461375,0.0052216798780646
1.4615,3.50917604356961e-15
1.461625,-0.00522167987805014
1.46175,-0.00738457050192217
1.461875,-0.00522167987806287
1.462,-1.45026562743813e-14
1.462125,0.00522167987805186
1.46225,0.00738457050192217
1.462375,0.00522167987806115
1.4625,1.20636810124593e-14
1.462625,-0.00522167987805359
1.46275,-0.00738457050192217
1.462875,-0.00522167987806892
1.463,-9.6247057505373e-15
1.463125,0.00522167987805531
1.46325,0.00738457050192217
1.463375,0.0052216798780577
1.4635,7.18573048861529e-15
1.463625,-0.00522167987805703
1.46375,-0.00738457050192217
1.463875,-0.00522167987806547
1.464,-4.74675522669328e-15
1.464125,0.00522167987804926
1.46425,0.00738457050192217
1.464375,0.00522167987806375
1.4645,1.5740235457505e-14
1.464625,-0.00522167987806048
1.46475,-0.00738457050192217
1.464875,-0.00522167987806202
1.465,1.31195297150745e-16
1.465125,0.00522167987805271
1.46525,0.00738457050192217
1.465375,0.0052216798780603
1.4655,1.0862284933661e-14
1.465625,-0.00522167987805444
1.46575,-0.00738457050192217
1.465875,-0.00522167987805857
1.466,-8.42330967173896e-15
1.466125,0.00522167987804666
1.46625,0.00738457050192217
1.466375,0.00522167987806635
1.4665,5.98433440981695e-15
1.466625,-0.00522167987805788
1.46675,-0.00738457050192217
1.466875,-0.00522167987806462
1.467,-3.54535914789494e-15
1.467125,0.00522167987805011
1.46725,0.00738457050192217
1.467375,0.0052216798780629
1.4675,1.10638388597292e-15
1.467625,-0.00522167987805184
1.46775,-0.00738457050192217
1.467875,-0.00522167987806117
1.468,-1.20998641167846e-14
1.468125,0.00522167987805356
1.46825,0.00738457050192217
1.468375,0.00522167987806895
1.4685,9.66088885486263e-15
1.468625,-0.00522167987805528
1.46875,-0.00738457050192217
1.468875,-0.00522167987806722
1.469,-7.22191359294062e-15
1.469125,0.00522167987805701
1.46925,0.00738457050192217
1.469375,0.0052216798780655
1.4695,4.78293833101861e-15
1.469625,-0.00522167987804924
1.46975,-0.00738457050192217
1.469875,-0.00522167987806377
1.47,-2.34396306909659e-15
1.470125,0.00522167987805096
1.47025,0.00738457050192217
1.470375,0.00522167987806205
1.4705,1.33374432999083e-14
1.470625,-0.00522167987805269
1.47075,-0.00738457050192217
1.470875,-0.00522167987806982
1.471,2.53398745474743e-15
1.471125,0.00522167987805441
1.47125,0.00738457050192217
1.471375,0.0052216798780586
1.4715,8.45949277606429e-15
1.471625,-0.00522167987805613
1.47175,-0.00738457050192217
1.471875,-0.00522167987806637
1.472,-6.02051751414228e-15
1.472125,0.00522167987804836
1.47225,0.00738457050192217
1.472375,0.00522167987806465
1.4725,1.7013997744954e-14
1.472625,-0.00522167987805958
1.47275,-0.00738457050192217
1.472875,-0.00522167987806292
1.473,-1.14256699029825e-15
1.473125,0.00522167987805181
1.47325,0.00738457050192217
1.473375,0.0052216798780612
1.4735,1.213604722111e-14
1.473625,-0.00522167987805354
1.47375,-0.00738457050192217
1.473875,-0.00522167987805947
1.474,-9.69707195918796e-15
1.474125,0.00522167987805526
1.47425,0.00738457050192217
1.474375,0.00522167987806725
1.4745,7.25809669726595e-15
1.474625,-0.00522167987805698
1.47475,-0.00738457050192217
1.474875,-0.00522167987806552
1.475,-4.81912143534393e-15
1.475125,0.00522167987805871
1.47525,0.00738457050192217
1.475375,0.0052216798780638
1.4755,2.38014617342192e-15
1.475625,-0.00522167987805094
1.47575,-0.00738457050192217
1.475875,-0.00522167987806207
1.476,-1.33736264042336e-14
1.476125,0.00522167987805266
1.47625,0.00738457050192217
1.476375,0.00522167987806035
1.4765,1.09346511423116e-14
1.476625,-0.00522167987805438
1.47675,-0.00738457050192217
1.476875,-0.00522167987806812
1.477,-8.49567588038962e-15
1.477125,0.00522167987805611
1.47725,0.00738457050192217
1.477375,0.0052216798780569
1.4775,6.0567006184676e-15
1.477625,-0.00522167987805783
1.47775,-0.00738457050192217
1.477875,-0.00522167987806467
1.478,-3.61772535654559e-15
1.478125,0.00522167987805006
1.47825,0.00738457050192217
1.478375,0.00522167987806295
1.4785,1.46112055873573e-14
1.478625,-0.00522167987806128
1.47875,-0.00738457050192217
1.478875,-0.00522167987807072
1.479,1.26022516729843e-15
1.479125,0.00522167987805351
1.47925,0.00738457050192217
1.479375,0.0052216798780595
1.4795,9.73325506351329e-15
1.479625,-0.00522167987805523
1.47975,-0.00738457050192217
1.479875,-0.00522167987806727
1.48,-7.29427980159127e-15
1.480125,0.00522167987804746
1.48025,0.00738457050192217
1.480375,0.00522167987806555
1.4805,4.85530453966926e-15
1.480625,-0.00522167987805868
1.48075,-0.00738457050192217
1.480875,-0.00522167987806382
1.481,-2.41632927774725e-15
1.481125,0.00522167987805091
1.48125,0.00738457050192217
1.481375,0.0052216798780621
1.4815,-2.26459841747602e-17
1.481625,-0.00522167987805263
1.48175,-0.00738457050192217
1.481875,-0.00522167987806038
1.482,-1.0970834246637e-14
1.482125,0.00522167987805436
1.48225,0.00738457050192217
1.482375,0.00522167987806815
1.4825,8.53185898471494e-15
1.482625,-0.00522167987805608
1.48275,-0.00738457050192217
1.482875,-0.00522167987806643
1.483,-6.09288372279293e-15
1.483125,0.00522167987805781
1.48325,0.00738457050192217
1.483375,0.0052216798780647
1.4835,3.65390846087092e-15
1.483625,-0.00522167987805003
1.48375,-0.00738457050192217
1.483875,-0.00522167987806298
1.484,-1.21493319894891e-15
1.484125,0.00522167987805176
1.48425,0.00738457050192217
1.484375,0.00522167987806125
1.4845,1.22084134297606e-14
1.484625,-0.00522167987805348
1.48475,-0.00738457050192217
1.484875,-0.00522167987806902
1.485,3.66301732489511e-15
1.485125,0.00522167987805521
1.48525,0.00738457050192217
1.485375,0.0052216798780673
1.4855,7.3304629059166e-15
1.485625,-0.00522167987805693
1.48575,-0.00738457050192217
1.485875,-0.00522167987806558
1.486,-4.89148764399459e-15
1.486125,0.00522167987804916
1.48625,0.00738457050192217
1.486375,0.00522167987806385
1.4865,1.58849678748063e-14
1.486625,-0.00522167987806038
1.48675,-0.00738457050192217
1.486875,-0.00522167987806213
1.487,-1.3537120150568e-17
1.487125,0.00522167987805261
1.48725,0.00738457050192217
1.487375,0.0052216798780699
1.4875,1.10070173509623e-14
1.487625,-0.00522167987805433
1.48775,-0.00738457050192217
1.487875,-0.00522167987805868
1.488,-8.56804208904027e-15
1.488125,0.00522167987805606
1.48825,0.00738457050192217
1.488375,0.00522167987806645
1.4885,6.12906682711826e-15
1.488625,-0.00522167987805778
1.48875,-0.00738457050192217
1.488875,-0.00522167987806473
1.489,-3.69009156519625e-15
1.489125,0.00522167987805951
1.48925,0.00738457050192217
1.489375,0.0052216798780725
1.4895,1.25111630327424e-15
1.489625,-0.00522167987805173
1.48975,-0.00738457050192217
1.489875,-0.00522167987806128
1.49,-1.2244596534086e-14
1.490125,0.00522167987805346
1.49025,0.00738457050192217
1.490375,0.00522167987805955
1.4905,9.80562127216394e-15
1.490625,-0.00522167987805518
1.49075,-0.00738457050192217
1.490875,-0.00522167987806733
1.491,-7.36664601024193e-15
1.491125,0.00522167987805691
1.49125,0.00738457050192217
1.491375,0.0052216798780656
1.4915,4.92767074831992e-15
1.491625,-0.00522167987804913
1.49175,-0.00738457050192217
1.491875,-0.00522167987806388
1.492,-2.48869548639791e-15
1.492125,0.00522167987805086
1.49225,0.00738457050192217
1.492375,0.00522167987806215
1.4925,1.34821757172096e-14
1.492625,-0.00522167987805258
1.49275,-0.00738457050192217
1.492875,-0.00522167987806992
1.493,2.38925503744612e-15
1.493125,0.00522167987805431
1.49325,0.00738457050192217
1.493375,0.0052216798780682
1.4935,8.6042251933656e-15
1.493625,-0.00522167987805603
1.49375,-0.00738457050192217
1.493875,-0.00522167987806648
1.494,-6.16524993144359e-15
1.494125,0.00522167987804826
1.49425,0.00738457050192217
1.494375,0.00522167987806475
1.4945,3.72627466952158e-15
1.494625,-0.00522167987805948
1.49475,-0.00738457050192217
1.494875,-0.00522167987806303
1.495,-1.28729940759957e-15
1.495125,0.00522167987805171
1.49525,0.00738457050192217
1.495375,0.0052216798780708
1.4955,-1.15167585432245e-15
1.495625,-0.00522167987805343
1.49575,-0.00738457050192217
1.495875,-0.00522167987805958
1.496,-9.84180437648927e-15
1.496125,0.00522167987805516
1.49625,0.00738457050192217
1.496375,0.00522167987806735
1.4965,7.40282911456726e-15
1.496625,-0.00522167987805688
1.49675,-0.00738457050192217
1.496875,-0.00522167987806563
1.497,-4.96385385264525e-15
1.497125,0.00522167987805861
1.49725,0.00738457050192217
1.497375,0.0052216798780639
1.4975,2.52487859072324e-15
1.497625,-0.00522167987805083
1.49775,-0.00738457050192217
1.497875,-0.00522167987806218
1.498,-1.3518358821535e-14
1.498125,0.00522167987805256
1.49825,0.00738457050192217
1.498375,0.00522167987806045
1.4985,1.10793835596129e-14
1.498625,-0.00522167987805428
1.49875,-0.00738457050192217
1.498875,-0.00522167987806823
1.499,-8.64040829769093e-15
1.499125,0.00522167987805601
1.49925,0.00738457050192217
1.499375,0.0052216798780665
1.4995,6.20143303576892e-15
1.499625,-0.00522167987805773
1.49975,-0.00738457050192217
1.499875,-0.00522167987806478
1.5,-3.76245777384691e-15
1.500125,0.00522167987804996
1.50025,0.00738457050192217
1.500375,0.00522167987806305
1.5005,1.47559380046586e-14
1.500625,-0.00522167987806118
1.50075,-0.00738457050192217
1.500875,-0.00522167987806133
1.501,-1.23169627427366e-14
1.501125,0.00522167987805341
1.50125,0.00738457050192217
1.501375,0.0052216798780691
1.5015,9.8779874808146e-15
1.501625,-0.00522167987805513
1.50175,-0.00738457050192217
1.501875,-0.00522167987805788
1.502,-7.43901221889259e-15
1.502125,0.00522167987804736
1.50225,0.00738457050192217
1.502375,0.00522167987806565
1.5025,5.00003695697058e-15
1.502625,-0.00522167987805858
1.50275,-0.00738457050192217
1.502875,-0.00522167987806393
1.503,-1.59935171877823e-14
1.503125,0.00522167987806031
1.50325,0.00738457050192217
1.503375,0.0052216798780717
1.5035,1.22086433126553e-16
1.503625,-0.00522167987805253
1.50375,-0.00738457050192217
1.503875,-0.00522167987806048
1.504,-1.11155666639383e-14
1.504125,0.00522167987805426
1.50425,0.00738457050192217
1.504375,0.00522167987806825
1.5045,8.67659140201626e-15
1.504625,-0.00522167987805598
1.50475,-0.00738457050192217
1.504875,-0.00522167987806653
1.505,-6.23761614009425e-15
1.505125,0.00522167987805771
1.50525,0.00738457050192217
1.505375,0.0052216798780648
1.5055,3.79864087817223e-15
1.505625,-0.00522167987804993
1.50575,-0.00738457050192217
1.505875,-0.00522167987806308
1.506,-1.35966561625022e-15
1.506125,0.00522167987805166
1.50625,0.00738457050192217
1.506375,0.00522167987806135
1.5065,1.23531458470619e-14
1.506625,-0.00522167987805338
1.50675,-0.00738457050192217
1.506875,-0.00522167987806913
1.507,-9.91417058513993e-15
1.507125,0.00522167987805511
1.50725,0.00738457050192217
1.507375,0.0052216798780674
1.5075,7.47519532321792e-15
1.507625,-0.00522167987805683
1.50775,-0.00738457050192217
1.507875,-0.00522167987806568
1.508,-5.0362200612959e-15
1.508125,0.00522167987804906
1.50825,0.00738457050192217
1.508375,0.00522167987806395
1.5085,1.60297002921076e-14
1.508625,-0.00522167987806028
1.50875,-0.00738457050192217
1.508875,-0.00522167987806223
1.509,-1.35907250301856e-14
1.509125,0.00522167987805251
1.50925,0.00738457050192217
1.509375,0.00522167987807
1.5095,-2.28070572447013e-15
1.509625,-0.00522167987805423
1.50975,-0.00738457050192217
1.509875,-0.00522167987805878
1.51,-8.71277450634159e-15
1.510125,0.00522167987805596
1.51025,0.00738457050192217
1.510375,0.00522167987806655
1.5105,6.27379924441957e-15
1.510625,-0.00522167987805768
1.51075,-0.00738457050192217
1.510875,-0.00522167987806483
1.511,-1.72672794752313e-14
1.511125,0.00522167987805941
1.51125,0.00738457050192217
1.511375,0.0052216798780631
1.5115,1.39584872057555e-15
1.511625,-0.00522167987805163
1.51175,-0.00738457050192217
1.511875,-0.00522167987806138
1.512,-1.23893289513873e-14
1.512125,0.00522167987805336
1.51225,0.00738457050192217
1.512375,0.00522167987805965
1.5125,9.95035368946525e-15
1.512625,-0.00522167987805508
1.51275,-0.00738457050192217
1.512875,-0.00522167987806743
1.513,-7.51137842754324e-15
1.513125,0.0052216798780568
1.51325,0.00738457050192217
1.513375,0.0052216798780657
1.5135,5.07240316562123e-15
1.513625,-0.00522167987805853
1.51375,-0.00738457050192217
1.513875,-0.00522167987806398
1.514,-2.63342790369922e-15
1.514125,0.00522167987805076
1.51425,0.00738457050192217
1.514375,0.00522167987806225
1.5145,1.36269081345109e-14
1.514625,-0.00522167987806198
1.51475,-0.00738457050192217
1.514875,-0.00522167987807003
1.515,-1.11879328725889e-14
1.515125,0.0052216798780542
1.51525,0.00738457050192217
1.515375,0.0052216798780683
1.5155,8.74895761066691e-15
1.515625,-0.00522167987805593
1.51575,-0.00738457050192217
1.515875,-0.00522167987805708
1.516,-6.3099823487449e-15
1.516125,0.00522167987804816
1.51625,0.00738457050192217
1.516375,0.00522167987806485
1.5165,3.87100708682289e-15
1.516625,-0.00522167987804988
1.51675,-0.00738457050192217
1.516875,-0.00522167987806313
1.517,-1.48644873176346e-14
1.517125,0.00522167987805161
1.51725,0.00738457050192217
1.517375,0.0052216798780709
1.5175,-1.00694343702113e-15
1.517625,-0.00522167987805333
1.51775,-0.00738457050192217
1.517875,-0.00522167987805968
1.518,-9.98653679379058e-15
1.518125,0.00522167987805505
1.51825,0.00738457050192217
1.518375,0.00522167987806745
1.5185,7.54756153186857e-15
1.518625,-0.00522167987804728
1.51875,-0.00738457050192217
1.518875,-0.00522167987806573
1.519,-5.10858626994656e-15
1.519125,0.0052216798780585
1.51925,0.00738457050192217
1.519375,0.005221679878064
1.5195,2.66961100802455e-15
1.519625,-0.00522167987805073
1.51975,-0.00738457050192217
1.519875,-0.00522167987806228
1.52,-2.30635746102537e-16
1.520125,0.00522167987805246
1.52025,0.00738457050192217
1.520375,0.00522167987806055
1.5205,1.12241159769143e-14
1.520625,-0.00522167987805418
1.52075,-0.00738457050192217
1.520875,-0.00522167987806833
1.521,-8.78514071499224e-15
1.521125,0.0052216798780559
1.52125,0.00738457050192217
1.521375,0.0052216798780666
1.5215,6.34616545307023e-15
1.521625,-0.00522167987805763
1.52175,-0.00738457050192217
1.521875,-0.00522167987806488
1.522,-3.90719019114822e-15
1.522125,0.00522167987804986
1.52225,0.00738457050192217
1.522375,0.00522167987806315
1.5225,1.49006704219599e-14
1.522625,-0.00522167987805158
1.52275,-0.00738457050192217
1.522875,-0.00522167987806143
1.523,-1.24616951600379e-14
1.523125,0.0052216798780533
1.52325,0.00738457050192217
1.523375,0.0052216798780692
1.5235,1.00227198981159e-14
1.523625,-0.00522167987805503
1.52375,-0.00738457050192217
1.523875,-0.00522167987805798
1.524,-7.5837446361939e-15
1.524125,0.00522167987805675
1.52425,0.00738457050192217
1.524375,0.00522167987806575
1.5245,5.14476937427189e-15
1.524625,-0.00522167987804898
1.52475,-0.00738457050192217
1.524875,-0.00522167987806403
1.525,-1.61382496050836e-14
1.525125,0.0052216798780602
1.52525,0.00738457050192217
1.525375,0.00522167987806231
1.5255,2.66818850427865e-16
1.525625,-0.00522167987805243
1.52575,-0.00738457050192217
1.525875,-0.00522167987806058
1.526,-1.12602990812396e-14
1.526125,0.00522167987805415
1.52625,0.00738457050192217
1.526375,0.00522167987805886
1.5265,8.82132381931757e-15
1.526625,-0.00522167987804638
1.52675,-0.00738457050192217
1.526875,-0.00522167987806663
1.527,-6.38234855739556e-15
1.527125,0.0052216798780576
1.52725,0.00738457050192217
1.527375,0.0052216798780649
1.5275,3.94337329547355e-15
1.527625,-0.00522167987804983
1.52775,-0.00738457050192217
1.527875,-0.00522167987806318
1.528,-1.50439803355154e-15
1.528125,0.00522167987805155
1.52825,0.00738457050192217
1.528375,0.00522167987806146
1.5285,1.24978782643633e-14
1.528625,-0.00522167987805328
1.52875,-0.00738457050192217
1.528875,-0.00522167987806923
1.529,-1.00589030024412e-14
1.529125,0.005221679878055
1.52925,0.00738457050192217
1.529375,0.0052216798780675
1.5295,7.61992774051923e-15
1.529625,-0.00522167987805673
1.52975,-0.00738457050192217
1.529875,-0.00522167987806578
1.53,-5.18095247859722e-15
1.530125,0.00522167987804895
1.53025,0.00738457050192217
1.530375,0.00522167987806406
1.5305,2.74197721667521e-15
1.530625,-0.00522167987805068
1.53075,-0.00738457050192217
1.530875,-0.00522167987806233
1.531,-1.37354574474869e-14
1.531125,0.0052216798780524
1.53125,0.00738457050192217
1.531375,0.0052216798780701
1.5315,-2.13597330716882e-15
1.531625,-0.00522167987805413
1.53175,-0.00738457050192217
1.531875,-0.00522167987805888
1.532,-8.8575069236429e-15
1.532125,0.00522167987805585
1.53225,0.00738457050192217
1.532375,0.00522167987806665
1.5325,6.41853166172089e-15
1.532625,-0.00522167987804808
1.53275,-0.00738457050192217
1.532875,-0.00522167987806493
1.533,-1.74120118925326e-14
1.533125,0.0052216798780593
1.53325,0.00738457050192217
1.533375,0.00522167987806321
1.5335,1.54058113787686e-15
1.533625,-0.00522167987805153
1.53375,-0.00738457050192217
1.533875,-0.00522167987806148
1.534,-1.25340613686886e-14
1.534125,0.00522167987805325
1.53425,0.00738457050192217
1.534375,0.00522167987805976
1.5345,1.00950861067666e-14
1.534625,-0.00522167987805498
1.53475,-0.00738457050192217
1.534875,-0.00522167987806753
1.535,-7.65611084484456e-15
1.535125,0.0052216798780567
1.53525,0.00738457050192217
1.535375,0.0052216798780658
1.5355,5.21713558292254e-15
1.535625,-0.00522167987805843
1.53575,-0.00738457050192217
1.535875,-0.00522167987806408
1.536,-2.77816032100053e-15
1.536125,0.00522167987805065
1.53625,0.00738457050192217
1.536375,0.00522167987806236
1.5365,1.37716405518122e-14
1.536625,-0.00522167987805238
1.53675,-0.00738457050192217
1.536875,-0.00522167987806063
1.537,-1.13326652898902e-14
1.537125,0.0052216798780541
1.53725,0.00738457050192217
1.537375,0.0052216798780684
1.5375,8.89369002796823e-15
1.537625,-0.00522167987805583
1.53775,-0.00738457050192217
1.537875,-0.00522167987805718
1.538,-6.45471476604621e-15
1.538125,0.00522167987805755
1.53825,0.00738457050192217
1.538375,0.00522167987806496
1.5385,4.0157395041242e-15
1.538625,-0.00522167987804978
1.53875,-0.00738457050192217
1.538875,-0.00522167987806323
1.539,-1.50092197349359e-14
1.539125,0.005221679878061
1.53925,0.00738457050192217
1.539375,0.005221679878071
1.5395,-8.6221101971982e-16
1.539625,-0.00522167987805323
1.53975,-0.00738457050192217
1.539875,-0.00522167987805978
1.54,-1.01312692110919e-14
1.540125,0.00522167987805495
1.54025,0.00738457050192217
1.540375,0.00522167987806756
1.5405,7.69229394916988e-15
1.540625,-0.00522167987804718
1.54075,-0.00738457050192217
1.540875,-0.00522167987806583
1.541,-5.25331868724787e-15
1.541125,0.0052216798780584
1.54125,0.00738457050192217
1.541375,0.00522167987806411
1.5415,2.81434342532586e-15
1.541625,-0.00522167987805063
1.54175,-0.00738457050192217
1.541875,-0.00522167987806238
1.542,-3.7536816340385e-16
1.542125,0.00522167987805235
1.54225,0.00738457050192217
1.542375,0.00522167987806066
1.5425,1.13688483942156e-14
1.542625,-0.00522167987805408
1.54275,-0.00738457050192217
1.542875,-0.00522167987806843
1.543,-8.92987313229356e-15
1.543125,0.0052216798780558
1.54325,0.00738457050192217
1.543375,0.00522167987806671
1.5435,6.49089787037154e-15
1.543625,-0.00522167987805753
1.54375,-0.00738457050192217
1.543875,-0.00522167987806498
1.544,-4.05192260844953e-15
1.544125,0.00522167987804975
1.54425,0.00738457050192217
1.544375,0.00522167987806326
1.5445,1.61294734652752e-15
1.544625,-0.00522167987805148
1.54475,-0.00738457050192217
1.544875,-0.00522167987806153
1.545,-1.26064275773392e-14
1.545125,0.0052216798780532
1.54525,0.00738457050192217
1.545375,0.00522167987806931
1.5455,-3.2650031773165e-15
1.545625,-0.00522167987805493
1.54575,-0.00738457050192217
1.545875,-0.00522167987805808
1.546,-7.72847705349521e-15
1.546125,0.00522167987805665
1.54625,0.00738457050192217
1.546375,0.00522167987806586
1.5465,5.2895017915732e-15
1.546625,-0.00522167987804888
1.54675,-0.00738457050192217
1.546875,-0.00522167987806413
1.547,-1.62829820223849e-14
1.547125,0.0052216798780601
1.54725,0.00738457050192217
1.547375,0.00522167987806241
1.5475,4.11551267729178e-16
1.547625,-0.00522167987805233
1.54775,-0.00738457050192217
1.547875,-0.00522167987807018
1.548,-1.14050314985409e-14
1.548125,0.00522167987805405
1.54825,0.00738457050192217
1.548375,0.00522167987805896
1.5485,8.96605623661888e-15
1.548625,-0.00522167987805578
1.54875,-0.00738457050192217
1.548875,-0.00522167987806673
1.549,-6.52708097469687e-15
1.549125,0.0052216798780575
1.54925,0.00738457050192217
1.549375,0.00522167987806501
1.5495,4.08810571277486e-15
1.549625,-0.00522167987805923
1.54975,-0.00738457050192217
1.549875,-0.00522167987807278
1.55,-1.64913045085285e-15
1.550125,0.00522167987805145
1.55025,0.00738457050192217
1.550375,0.00522167987806156
1.5505,1.26426106816646e-14
1.550625,-0.00522167987805318
1.55075,-0.00738457050192217
1.550875,-0.00522167987805983
1.551,-1.02036354197426e-14
1.551125,0.0052216798780549
1.55125,0.00738457050192217
1.551375,0.00522167987806761
1.5515,7.76466015782054e-15
1.551625,-0.00522167987805663
1.55175,-0.00738457050192217
1.551875,-0.00522167987806588
1.552,-5.32568489589853e-15
1.552125,0.00522167987804885
1.55225,0.00738457050192217
1.552375,0.00522167987806416
1.5525,2.88670963397652e-15
1.552625,-0.00522167987805058
1.55275,-0.00738457050192217
1.552875,-0.00522167987806243
1.553,-1.38801898647882e-14
1.553125,0.0052216798780523
1.55325,0.00738457050192217
1.553375,0.00522167987807021
1.5535,-1.99124088986751e-15
1.553625,-0.00522167987805403
1.55375,-0.00738457050192217
1.553875,-0.00522167987806848
1.554,-9.00223934094421e-15
1.554125,0.00522167987805575
1.55425,0.00738457050192217
1.554375,0.00522167987806676
1.5545,6.5632640790222e-15
1.554625,-0.00522167987804798
1.55475,-0.00738457050192217
1.554875,-0.00522167987806503
1.555,-4.12428881710019e-15
1.555125,0.0052216798780592
1.55525,0.00738457050192217
1.555375,0.00522167987806331
1.5555,1.68531355517818e-15
1.555625,-0.00522167987805143
1.55575,-0.00738457050192217
1.555875,-0.00522167987807108
1.556,7.53661706743835e-16
1.556125,0.00522167987805315
1.55625,0.00738457050192217
1.556375,0.00522167987805986
1.5565,1.02398185240679e-14
1.556625,-0.00522167987805488
1.55675,-0.00738457050192217
1.556875,-0.00522167987806763
1.557,-7.80084326214587e-15
1.557125,0.0052216798780566
1.55725,0.00738457050192217
1.557375,0.00522167987806591
1.5575,5.36186800022386e-15
1.557625,-0.00522167987805832
1.55775,-0.00738457050192217
1.557875,-0.00522167987806418
1.558,-2.92289273830185e-15
1.558125,0.00522167987805055
1.55825,0.00738457050192217
1.558375,0.00522167987806246
1.5585,1.39163729691136e-14
1.558625,-0.00522167987805228
1.55875,-0.00738457050192217
1.558875,-0.00522167987806073
1.559,-1.14773977071915e-14
1.559125,0.005221679878054
1.55925,0.00738457050192217
1.559375,0.00522167987806851
1.5595,9.03842244526954e-15
1.559625,-0.00522167987805573
1.55975,-0.00738457050192217
1.559875,-0.00522167987806678
1.56,-6.59944718334753e-15
1.560125,0.00522167987805745
1.56025,0.00738457050192217
1.560375,0.00522167987806506
1.5605,4.16047192142552e-15
1.560625,-0.00522167987804968
1.56075,-0.00738457050192217
1.560875,-0.00522167987806333
1.561,-1.51539521522372e-14
1.561125,0.0052216798780609
1.56125,0.00738457050192217
1.561375,0.00522167987806161
1.5615,-7.17478602418507e-16
1.561625,-0.00522167987805312
1.56175,-0.00738457050192217
1.561875,-0.00522167987806938
1.562,-1.02760016283932e-14
1.562125,0.00522167987805485
1.56225,0.00738457050192217
1.562375,0.00522167987805816
1.5625,7.8370263664712e-15
1.562625,-0.00522167987804708
1.56275,-0.00738457050192217
1.562875,-0.00522167987806593
1.563,-5.39805110454919e-15
1.563125,0.0052216798780583
1.56325,0.00738457050192217
1.563375,0.00522167987806421
1.5635,1.63915313353609e-14
1.563625,-0.00522167987806002
1.56375,-0.00738457050192217
1.563875,-0.00522167987807198
1.564,-5.20100580705163e-16
1.564125,0.00522167987805225
1.56425,0.00738457050192217
1.564375,0.00522167987806076
1.5645,1.15135808115169e-14
1.564625,-0.00522167987805397
1.56475,-0.00738457050192217
1.564875,-0.00522167987806853
1.565,-9.07460554959487e-15
1.565125,0.0052216798780557
1.56525,0.00738457050192217
1.565375,0.00522167987806681
1.5655,6.63563028767286e-15
1.565625,-0.00522167987805742
1.56575,-0.00738457050192217
1.565875,-0.00522167987806508
1.566,-4.19665502575084e-15
1.566125,0.00522167987804965
1.56625,0.00738457050192217
1.566375,0.00522167987806336
1.5665,1.75767976382883e-15
1.566625,-0.00522167987805138
1.56675,-0.00738457050192217
1.566875,-0.00522167987806163
1.567,-1.27511599946405e-14
1.567125,0.0052216798780531
1.56725,0.00738457050192217
1.567375,0.00522167987806941
1.5675,1.03121847327185e-14
1.567625,-0.00522167987805482
1.56775,-0.00738457050192217
1.567875,-0.00522167987806768
1.568,-7.87320947079653e-15
1.568125,0.00522167987805655
1.56825,0.00738457050192217
1.568375,0.00522167987806596
1.5685,5.43423420887451e-15
1.568625,-0.00522167987804878
1.56875,-0.00738457050192217
1.568875,-0.00522167987806423
1.569,-1.64277144396862e-14
1.569125,0.00522167987806
1.56925,0.00738457050192217
1.569375,0.00522167987806251
1.5695,1.39887391777642e-14
1.569625,-0.00522167987805222
1.56975,-0.00738457050192217
1.569875,-0.00522167987807028
1.57,1.88269157689152e-15
1.570125,0.00522167987805395
1.57025,0.00738457050192217
1.570375,0.00522167987805906
1.5705,9.1107886539202e-15
1.570625,-0.00522167987805567
1.57075,-0.00738457050192217
1.570875,-0.00522167987806683
1.571,-6.67181339199818e-15
1.571125,0.0052216798780574
1.57125,0.00738457050192217
1.571375,0.00522167987806511
1.5715,1.76652936228099e-14
1.571625,-0.00522167987805912
1.57175,-0.00738457050192217
1.571875,-0.00522167987806338
1.572,-1.79386286815416e-15
1.572125,0.00522167987805135
1.57225,0.00738457050192217
1.572375,0.00522167987806166
1.5725,1.27873430989659e-14
1.572625,-0.00522167987805307
1.57275,-0.00738457050192217
1.572875,-0.00522167987805994
1.573,-1.03483678370439e-14
1.573125,0.0052216798780548
1.57325,0.00738457050192217
1.573375,0.00522167987806771
1.5735,7.90939257512185e-15
1.573625,-0.00522167987805652
1.57375,-0.00738457050192217
1.573875,-0.00522167987806598
1.574,-5.47041731319984e-15
1.574125,0.00522167987805825
1.57425,0.00738457050192217
1.574375,0.00522167987806426
1.5745,3.03144205127783e-15
1.574625,-0.00522167987805047
1.57475,-0.00738457050192217
1.574875,-0.00522167987806254
1.575,-1.40249222820895e-14
1.575125,0.0052216798780617
1.57525,0.00738457050192217
1.575375,0.00522167987807031
1.5755,1.15859470201675e-14
1.575625,-0.00522167987805392
1.57575,-0.00738457050192217
1.575875,-0.00522167987806858
1.576,-9.14697175824552e-15
1.576125,0.00522167987805565
1.57625,0.00738457050192217
1.576375,0.00522167987805736
1.5765,6.70799649632351e-15
1.576625,-0.00522167987804787
1.57675,-0.00738457050192217
1.576875,-0.00522167987806514
1.577,-4.2690212344015e-15
1.577125,0.0052216798780591
1.57725,0.00738457050192217
1.577375,0.00522167987806341
1.5775,1.52625014652132e-14
1.577625,-0.00522167987805132
1.57775,-0.00738457050192217
1.577875,-0.00522167987807118
1.578,6.08929289442522e-16
1.578125,0.00522167987805305
1.57825,0.00738457050192217
1.578375,0.00522167987805996
1.5785,1.03845509413692e-14
1.578625,-0.00522167987805477
1.57875,-0.00738457050192217
1.578875,-0.00522167987806773
1.579,-7.94557567944718e-15
1.579125,0.005221679878047
1.57925,0.00738457050192217
1.579375,0.00522167987806601
1.5795,5.50660041752517e-15
1.579625,-0.00522167987805822
1.57975,-0.00738457050192217
1.579875,-0.00522167987806429
1.58,-3.06762515560316e-15
1.580125,0.00522167987805045
1.58025,0.00738457050192217
1.580375,0.00522167987806256
1.5805,6.28649893681147e-16
1.580625,-0.00522167987805217
1.58075,-0.00738457050192217
1.580875,-0.00522167987806084
1.581,-1.16221301244929e-14
1.581125,0.0052216798780539
1.58125,0.00738457050192217
1.581375,0.00522167987806861
1.5815,9.18315486257085e-15
1.581625,-0.00522167987805562
1.58175,-0.00738457050192217
1.581875,-0.00522167987806688
1.582,-6.74417960064884e-15
1.582125,0.00522167987805735
1.58225,0.00738457050192217
1.582375,0.00522167987806516
1.5825,4.30520433872683e-15
1.582625,-0.00522167987804957
1.58275,-0.00738457050192217
1.582875,-0.00522167987806344
1.583,-1.52986845695385e-14
1.583125,0.0052216798780513
1.58325,0.00738457050192217
1.583375,0.00522167987806171
1.5835,1.28597093076165e-14
1.583625,-0.00522167987805302
1.58375,-0.00738457050192217
1.583875,-0.00522167987806949
1.584,-1.04207340456945e-14
1.584125,0.00522167987805475
1.58425,0.00738457050192217
1.584375,0.00522167987805826
1.5845,7.98175878377251e-15
1.584625,-0.00522167987805647
1.58475,-0.00738457050192217
1.584875,-0.00522167987806604
1.585,-5.5427835218505e-15
1.585125,0.0052216798780487
1.58525,0.00738457050192217
1.585375,0.00522167987806431
1.5855,1.65362637526622e-14
1.585625,-0.00522167987805992
1.58575,-0.00738457050192217
1.585875,-0.00522167987806259
1.586,-6.64832998006476e-16
1.586125,0.00522167987805215
1.58625,0.00738457050192217
1.586375,0.00522167987806086
1.5865,1.16583132288182e-14
1.586625,-0.00522167987805387
1.58675,-0.00738457050192217
1.586875,-0.00522167987805914
1.587,-9.21933796689618e-15
1.587125,0.0052216798780461
1.58725,0.00738457050192217
1.587375,0.00522167987806691
1.5875,6.78036270497417e-15
1.587625,-0.00522167987805732
1.58775,-0.00738457050192217
1.587875,-0.00522167987806519
1.588,-4.34138744305216e-15
1.588125,0.00522167987804955
1.58825,0.00738457050192217
1.588375,0.00522167987806346
1.5885,1.90241218113015e-15
1.588625,-0.00522167987805127
1.58875,-0.00738457050192217
1.588875,-0.00522167987806174
1.589,-1.28958924119419e-14
1.589125,0.005221679878053
1.58925,0.00738457050192217
1.589375,0.00522167987806951
1.5895,1.04569171500198e-14
1.589625,-0.00522167987805472
1.58975,-0.00738457050192217
1.589875,-0.00522167987806779
1.59,-8.01794188809784e-15
1.590125,0.00522167987805645
1.59025,0.00738457050192217
1.590375,0.00522167987806606
1.5905,5.57896662617583e-15
1.590625,-0.00522167987804867
1.59075,-0.00738457050192217
1.590875,-0.00522167987806434
1.591,-3.13999136425382e-15
1.591125,0.0052216798780504
1.59125,0.00738457050192217
1.591375,0.00522167987806261
1.5915,1.41334715950655e-14
1.591625,-0.00522167987805212
1.59175,-0.00738457050192217
1.591875,-0.00522167987807039
1.592,1.73795915959021e-15
1.592125,0.00522167987805385
1.59225,0.00738457050192217
1.592375,0.00522167987805916
1.5925,9.25552107122151e-15
1.592625,-0.00522167987805557
1.59275,-0.00738457050192217
1.592875,-0.00522167987806694
1.593,-6.8165458092995e-15
1.593125,0.0052216798780478
1.59325,0.00738457050192217
1.593375,0.00522167987806521
1.5935,1.78100260401112e-14
1.593625,-0.00522167987805902
1.59375,-0.00738457050192217
1.593875,-0.00522167987806349
1.594,-1.93859528545547e-15
1.594125,0.00522167987805125
1.59425,0.00738457050192217
1.594375,0.00522167987806176
1.5945,1.29320755162672e-14
1.594625,-0.00522167987805297
1.59475,-0.00738457050192217
1.594875,-0.00522167987806004
1.595,-1.04931002543452e-14
1.595125,0.0052216798780547
1.59525,0.00738457050192217
1.595375,0.00522167987806781
1.5955,8.05412499242317e-15
1.595625,-0.00522167987805642
1.59575,-0.00738457050192217
1.595875,-0.00522167987806609
1.596,-5.61514973050115e-15
1.596125,0.00522167987805815
1.59625,0.00738457050192217
1.596375,0.00522167987806436
1.5965,3.17617446857914e-15
1.596625,-0.00522167987805037
1.59675,-0.00738457050192217
1.596875,-0.00522167987806264
1.597,-1.41696546993909e-14
1.597125,0.0052216798780521
1.59725,0.00738457050192217
1.597375,0.00522167987806091
1.5975,1.17306794374688e-14
1.597625,-0.00522167987805382
1.59775,-0.00738457050192217
1.597875,-0.00522167987806869
1.598,-9.29170417554684e-15
1.598125,0.00522167987805555
1.59825,0.00738457050192217
1.598375,0.00522167987805746
1.5985,6.85272891362482e-15
1.598625,-0.00522167987805727
1.59875,-0.00738457050192217
1.598875,-0.00522167987806524
1.599,-4.41375365170281e-15
1.599125,0.0052216798780495
1.59925,0.00738457050192217
1.599375,0.00522167987806351
1.5995,1.54072338825145e-14
1.599625,-0.00522167987806072
1.59975,-0.00738457050192217
1.599875,-0.00522167987807129
1.6,4.6419687214121e-16
1.600125,0.00522167987805295
1.60025,0.00738457050192217
1.600375,0.00522167987806006
1.6005,1.05292833586705e-14
1.600625,-0.00522167987805467
1.60075,-0.00738457050192217
1.600875,-0.00522167987806784
1.601,-8.09030809674849e-15
1.601125,0.0052216798780469
1.60125,0.00738457050192217
1.601375,0.00522167987806611
1.6015,5.65133283482648e-15
1.601625,-0.00522167987805812
1.60175,-0.00738457050192217
1.601875,-0.00522167987806439
1.602,-3.21235757290447e-15
1.602125,0.00522167987805035
1.60225,0.00738457050192217
1.602375,0.00522167987806266
1.6025,7.7338231098246e-16
1.602625,-0.00522167987805207
1.60275,-0.00738457050192217
1.602875,-0.00522167987806094
1.603,-1.17668625417942e-14
1.603125,0.0052216798780538
1.60325,0.00738457050192217
1.603375,0.00522167987806871
1.6035,9.32788727987216e-15
1.603625,-0.00522167987805552
1.60375,-0.00738457050192217
1.603875,-0.00522167987806699
1.604,-6.88891201795015e-15
1.604125,0.00522167987805724
1.60425,0.00738457050192217
1.604375,0.00522167987806526
1.6045,4.44993675602814e-15
1.604625,-0.00522167987804947
1.60475,-0.00738457050192217
1.604875,-0.00522167987806354
1.605,-2.01096149410613e-15
1.605125,0.0052216798780512
1.60525,0.00738457050192217
1.605375,0.00522167987806181
1.6055,1.30044417249178e-14
1.605625,-0.00522167987805292
1.60575,-0.00738457050192217
1.605875,-0.00522167987806959
1.606,2.86698902973789e-15
1.606125,0.00522167987805465
1.60625,0.00738457050192217
1.606375,0.00522167987805836
1.6065,8.12649120107382e-15
1.606625,-0.00522167987805637
1.60675,-0.00738457050192217
1.606875,-0.00522167987806614
1.607,-5.68751593915181e-15
1.607125,0.0052216798780486
1.60725,0.00738457050192217
1.607375,0.00522167987806441
1.6075,1.66809961699635e-14
1.607625,-0.00522167987805982
1.60775,-0.00738457050192217
1.607875,-0.00522167987806269
1.608,-8.09565415307788e-16
1.608125,0.00522167987805205
1.60825,0.00738457050192217
1.608375,0.00522167987806096
1.6085,1.18030456461195e-14
1.608625,-0.00522167987805377
1.60875,-0.00738457050192217
1.608875,-0.00522167987805924
1.609,-9.36407038419749e-15
1.609125,0.00522167987805549
1.60925,0.00738457050192217
1.609375,0.00522167987806701
1.6095,6.92509512227548e-15
1.609625,-0.00522167987805722
1.60975,-0.00738457050192217
1.609875,-0.00522167987806529
1.61,-4.48611986035347e-15
1.610125,0.00522167987805894
1.61025,0.00738457050192217
1.610375,0.00522167987807306
1.6105,2.04714459843146e-15
1.610625,-0.00522167987805117
1.61075,-0.00738457050192217
1.610875,-0.00522167987806184
1.611,-1.30406248292432e-14
1.611125,0.0052216798780529
1.61125,0.00738457050192217
1.611375,0.00522167987806011
1.6115,1.06016495673212e-14
1.611625,-0.00522167987805462
1.61175,-0.00738457050192217
1.611875,-0.00522167987806789
1.612,-8.16267430539915e-15
1.612125,0.00522167987805634
1.61225,0.00738457050192217
1.612375,0.00522167987806616
1.6125,5.72369904347714e-15
1.612625,-0.00522167987804857
1.61275,-0.00738457050192217
1.612875,-0.00522167987806444
1.613,-3.28472378155513e-15
1.613125,0.00522167987805029
1.61325,0.00738457050192217
1.613375,0.00522167987806271
1.6135,1.42782040123668e-14
1.613625,-0.00522167987805202
1.61375,-0.00738457050192217
1.613875,-0.00522167987807049
1.614,1.59322674228889e-15
1.614125,0.00522167987805375
1.61425,0.00738457050192217
1.614375,0.00522167987806876
1.6145,9.40025348852282e-15
1.614625,-0.00522167987805547
1.61475,-0.00738457050192217
1.614875,-0.00522167987806704
1.615,-6.96127822660081e-15
1.615125,0.0052216798780477
1.61525,0.00738457050192217
1.615375,0.00522167987806531
1.6155,4.5223029646788e-15
1.615625,-0.00522167987805892
1.61575,-0.00738457050192217
1.615875,-0.00522167987806359
1.616,-2.08332770275679e-15
1.616125,0.00522167987805115
1.61625,0.00738457050192217
1.616375,0.00522167987807136
1.6165,-3.55647559165225e-16
1.616625,-0.00522167987805287
1.61675,-0.00738457050192217
1.616875,-0.00522167987806014
1.617,-1.06378326716465e-14
1.617125,0.00522167987805459
1.61725,0.00738457050192217
1.617375,0.00522167987806791
1.6175,8.19885740972448e-15
1.617625,-0.00522167987805632
1.61775,-0.00738457050192217
1.617875,-0.00522167987806619
1.618,-5.75988214780247e-15
1.618125,0.00522167987805804
1.61825,0.00738457050192217
1.618375,0.00522167987806446
1.6185,3.32090688588046e-15
1.618625,-0.00522167987805027
1.61875,-0.00738457050192217
1.618875,-0.00522167987806274
1.619,-1.43143871166922e-14
1.619125,0.00522167987805199
1.61925,0.00738457050192217
1.619375,0.00522167987806102
1.6195,1.18754118547702e-14
1.619625,-0.00522167987805372
1.61975,-0.00738457050192217
1.619875,-0.00522167987806879
1.62,-9.43643659284815e-15
1.620125,0.00522167987805544
1.62025,0.00738457050192217
1.620375,0.00522167987806706
1.6205,6.99746133092614e-15
1.620625,-0.00522167987805717
1.62075,-0.00738457050192217
1.620875,-0.00522167987806534
1.621,-4.55848606900413e-15
1.621125,0.0052216798780494
1.62125,0.00738457050192217
1.621375,0.00522167987806361
1.6215,1.55519662998158e-14
1.621625,-0.00522167987806062
1.62175,-0.00738457050192217
1.621875,-0.00522167987806189
1.622,3.19464454839897e-16
1.622125,0.00522167987805284
1.62225,0.00738457050192217
1.622375,0.00522167987806966
1.6225,1.06740157759718e-14
1.622625,-0.00522167987805457
1.62275,-0.00738457050192217
1.622875,-0.00522167987805844
1.623,-8.23504051404981e-15
1.623125,0.00522167987804679
1.62325,0.00738457050192217
1.623375,0.00522167987806622
1.6235,5.7960652521278e-15
1.623625,-0.00522167987805802
1.62375,-0.00738457050192217
1.623875,-0.00522167987806449
1.624,-3.35708999020578e-15
1.624125,0.00522167987805974
1.62425,0.00738457050192217
1.624375,0.00522167987807226
1.6245,9.18114728283773e-16
1.624625,-0.00522167987805197
1.62475,-0.00738457050192217
1.624875,-0.00522167987806104
1.625,-1.19115949590955e-14
1.625125,0.00522167987805369
1.62525,0.00738457050192217
1.625375,0.00522167987806881
1.6255,9.47261969717348e-15
1.625625,-0.00522167987805542
1.62575,-0.00738457050192217
1.625875,-0.00522167987806709
1.626,-7.03364443525147e-15
1.626125,0.00522167987805714
1.62625,0.00738457050192217
1.626375,0.00522167987806537
1.6265,4.59466917332945e-15
1.626625,-0.00522167987804937
1.62675,-0.00738457050192217
1.626875,-0.00522167987806364
1.627,-2.15569391140744e-15
1.627125,0.00522167987805109
1.62725,0.00738457050192217
1.627375,0.00522167987806192
1.6275,1.31491741422192e-14
1.627625,-0.00522167987805282
1.62775,-0.00738457050192217
1.627875,-0.00522167987806969
1.628,-1.07101988802971e-14
1.628125,0.00522167987805454
1.62825,0.00738457050192217
1.628375,0.00522167987806797
1.6285,8.27122361837514e-15
1.628625,-0.00522167987805627
1.62875,-0.00738457050192217
1.628875,-0.00522167987806624
1.629,-5.83224835645312e-15
1.629125,0.00522167987804849
1.62925,0.00738457050192217
1.629375,0.00522167987806452
1.6295,1.68257285872648e-14
1.629625,-0.00522167987805972
1.62975,-0.00738457050192217
1.629875,-0.00522167987806279
1.63,-1.43867533253428e-14
1.630125,0.00522167987805194
1.63025,0.00738457050192217
1.630375,0.00522167987807056
1.6305,-1.48467742931291e-15
1.630625,-0.00522167987805367
1.63075,-0.00738457050192217
1.630875,-0.00522167987805934
1.631,-9.50880280149881e-15
1.631125,0.00522167987805539
1.63125,0.00738457050192217
1.631375,0.00522167987806712
1.6315,7.06982753957679e-15
1.631625,-0.00522167987805712
1.63175,-0.00738457050192217
1.631875,-0.00522167987806539
1.632,-1.80633077703885e-14
1.632125,0.00522167987805884
1.63225,0.00738457050192217
1.632375,0.00522167987806367
1.6325,2.19187701573277e-15
1.632625,-0.00522167987805107
1.63275,-0.00738457050192217
1.632875,-0.00522167987806194
1.633,-1.31853572465445e-14
1.633125,0.00522167987805279
1.63325,0.00738457050192217
1.633375,0.00522167987806022
1.6335,1.07463819846225e-14
1.633625,-0.00522167987805452
1.63375,-0.00738457050192217
1.633875,-0.00522167987806799
1.634,-8.30740672270046e-15
1.634125,0.00522167987805624
1.63425,0.00738457050192217
1.634375,0.00522167987806627
1.6345,5.86843146077845e-15
1.634625,-0.00522167987805797
1.63475,-0.00738457050192217
1.634875,-0.00522167987806454
1.635,-3.42945619885644e-15
1.635125,0.00522167987805019
1.63525,0.00738457050192217
1.635375,0.00522167987806282
1.6355,1.44229364296682e-14
1.635625,-0.00522167987806142
1.63575,-0.00738457050192217
1.635875,-0.00522167987807059
1.636,-1.19839611677461e-14
1.636125,0.00522167987805364
1.63625,0.00738457050192217
1.636375,0.00522167987806887
1.6365,9.54498590582413e-15
1.636625,-0.00522167987805537
1.63675,-0.00738457050192217
1.636875,-0.00522167987805764
1.637,-7.10601064390212e-15
1.637125,0.00522167987804759
1.63725,0.00738457050192217
1.637375,0.00522167987806542
1.6375,4.66703538198011e-15
1.637625,-0.00522167987805882
1.63775,-0.00738457050192217
1.637875,-0.00522167987806369
1.638,-1.56605156127918e-14
1.638125,0.00522167987805104
1.63825,0.00738457050192217
1.638375,0.00522167987807147
1.6385,-2.10915141863912e-16
1.638625,-0.00522167987805277
1.63875,-0.00738457050192217
1.638875,-0.00522167987806024
1.639,-1.07825650889478e-14
1.639125,0.00522167987805449
1.63925,0.00738457050192217
1.639375,0.00522167987806802
1.6395,8.34358982702579e-15
1.639625,-0.00522167987805622
1.63975,-0.00738457050192217
1.639875,-0.00522167987806629
1.64,-5.90461456510378e-15
1.640125,0.00522167987805794
1.64025,0.00738457050192217
1.640375,0.00522167987806457
1.6405,3.46563930318177e-15
1.640625,-0.00522167987805017
1.64075,-0.00738457050192217
1.640875,-0.00522167987806284
1.641,-1.02666404125976e-15
1.641125,0.00522167987805189
1.64125,0.00738457050192217
1.641375,0.00522167987806112
1.6415,1.20201442720715e-14
1.641625,-0.00522167987805362
1.64175,-0.00738457050192217
1.641875,-0.00522167987806889
1.642,-9.58116901014946e-15
1.642125,0.00522167987805534
1.64225,0.00738457050192217
1.642375,0.00522167987806717
1.6425,7.14219374822745e-15
1.642625,-0.00522167987805707
1.64275,-0.00738457050192217
1.642875,-0.00522167987806544
1.643,-4.70321848630544e-15
1.643125,0.00522167987804929
1.64325,0.00738457050192217
1.643375,0.00522167987806372
1.6435,1.56966987171172e-14
1.643625,-0.00522167987805102
1.64375,-0.00738457050192217
1.643875,-0.00522167987806199
1.644,-1.32577234551951e-14
1.644125,0.00522167987805274
1.64425,0.00738457050192217
1.644375,0.00522167987806977
1.6445,1.08187481932731e-14
1.644625,-0.00522167987805447
1.64475,-0.00738457050192217
1.644875,-0.00522167987805854
1.645,-8.37977293135112e-15
1.645125,0.00522167987805619
1.64525,0.00738457050192217
1.645375,0.00522167987806632
1.6455,5.94079766942911e-15
1.645625,-0.00522167987804842
1.64575,-0.00738457050192217
1.645875,-0.00522167987806459
1.646,-1.69342779002408e-14
1.646125,0.00522167987805964
1.64625,0.00738457050192217
1.646375,0.00522167987806287
1.6465,1.06284714558509e-15
1.646625,-0.00522167987805187
1.64675,-0.00738457050192217
1.646875,-0.00522167987806114
1.647,-1.20563273763968e-14
1.647125,0.00522167987805359
1.64725,0.00738457050192217
1.647375,0.00522167987805942
1.6475,9.61735211447479e-15
1.647625,-0.00522167987804582
1.64775,-0.00738457050192217
1.647875,-0.00522167987806719
1.648,-7.17837685255278e-15
1.648125,0.00522167987805704
1.64825,0.00738457050192217
1.648375,0.00522167987806547
1.6485,4.73940159063077e-15
1.648625,-0.00522167987804927
1.64875,-0.00738457050192217
1.648875,-0.00522167987806374
1.649,-2.30042632870876e-15
1.649125,0.00522167987805099
1.64925,0.00738457050192217
1.649375,0.00522167987806202
1.6495,1.32939065595205e-14
1.649625,-0.00522167987805272
1.64975,-0.00738457050192217
1.649875,-0.00522167987806979
1.65,-1.08549312975985e-14
1.650125,0.00522167987805444
1.65025,0.00738457050192217
1.650375,0.00522167987806807
1.6505,8.41595603567645e-15
1.650625,-0.00522167987805617
1.65075,-0.00738457050192217
1.650875,-0.00522167987806634
1.651,-5.97698077375444e-15
1.651125,0.00522167987804839
1.65125,0.00738457050192217
1.651375,0.00522167987806462
1.6515,3.53800551183243e-15
1.651625,-0.00522167987805012
1.65175,-0.00738457050192217
1.651875,-0.00522167987806289
1.652,-1.45314857426441e-14
1.652125,0.00522167987805184
1.65225,0.00738457050192217
1.652375,0.00522167987807067
1.6525,-1.3399450120116e-15
1.652625,-0.00522167987805357
1.65275,-0.00738457050192217
1.652875,-0.00522167987805944
1.653,-9.65353521880012e-15
1.653125,0.00522167987805529
1.65325,0.00738457050192217
1.653375,0.00522167987806722
1.6535,7.21455995687811e-15
1.653625,-0.00522167987804752
1.65375,-0.00738457050192217
1.653875,-0.00522167987806549
1.654,-1.82080401876898e-14
1.654125,0.00522167987805874
1.65425,0.00738457050192217
1.654375,0.00522167987806377
1.6545,2.33660943303408e-15
1.654625,-0.00522167987805097
1.65475,-0.00738457050192217
1.654875,-0.00522167987806204
1.655,-1.33300896638458e-14
1.655125,0.00522167987805269
1.65525,0.00738457050192217
1.655375,0.00522167987806032
1.6555,1.08911144019238e-14
1.655625,-0.00522167987805442
1.65575,-0.00738457050192217
1.655875,-0.00522167987806809
1.656,-8.45213914000178e-15
1.656125,0.00522167987805614
1.65625,0.00738457050192217
1.656375,0.00522167987806637
1.6565,6.01316387807977e-15
1.656625,-0.00522167987805787
1.65675,-0.00738457050192217
1.656875,-0.00522167987806464
1.657,-3.57418861615775e-15
1.657125,0.00522167987805009
1.65725,0.00738457050192217
1.657375,0.00522167987806292
1.6575,1.45676688469695e-14
1.657625,-0.00522167987805182
1.65775,-0.00738457050192217
1.657875,-0.00522167987806119
1.658,-1.21286935850475e-14
1.658125,0.00522167987805354
1.65825,0.00738457050192217
1.658375,0.00522167987806897
1.6585,9.68971832312545e-15
1.658625,-0.00522167987805526
1.65875,-0.00738457050192217
1.658875,-0.00522167987805775
1.659,-7.25074306120344e-15
1.659125,0.00522167987805699
1.65925,0.00738457050192217
1.659375,0.00522167987806552
1.6595,4.81176779928142e-15
1.659625,-0.00522167987804922
1.65975,-0.00738457050192217
1.659875,-0.00522167987806379
1.66,-1.58052480300931e-14
1.660125,0.00522167987806044
1.66025,0.00738457050192217
1.660375,0.00522167987807157
1.6605,-6.61827245625995e-17
1.660625,-0.00522167987805266
1.66075,-0.00738457050192217
1.660875,-0.00522167987806034
1.661,-1.09272975062491e-14
1.661125,0.00522167987805439
1.66125,0.00738457050192217
1.661375,0.00522167987806812
1.6615,8.4883222443271e-15
1.661625,-0.00522167987804662
1.66175,-0.00738457050192217
1.661875,-0.00522167987806639
1.662,-6.04934698240509e-15
1.662125,0.00522167987805784
1.66225,0.00738457050192217
1.662375,0.00522167987806467
1.6625,3.61037172048308e-15
1.662625,-0.00522167987805007
1.66275,-0.00738457050192217
1.662875,-0.00522167987806294
1.663,-1.17139645856107e-15
1.663125,0.00522167987805179
1.66325,0.00738457050192217
1.663375,0.00522167987806122
1.6635,1.21648766893728e-14
1.663625,-0.00522167987805351
1.66375,-0.00738457050192217
1.663875,-0.00522167987806899
1.664,-9.72590142745077e-15
1.664125,0.00522167987805524
1.66425,0.00738457050192217
1.664375,0.00522167987806727
1.6645,7.28692616552876e-15
1.664625,-0.00522167987805696
1.66475,-0.00738457050192217
1.664875,-0.00522167987806554
1.665,-4.84795090360675e-15
1.665125,0.00522167987804919
1.66525,0.00738457050192217
1.665375,0.00522167987806382
1.6655,2.40897564168474e-15
1.665625,-0.00522167987805091
1.66575,-0.00738457050192217
1.665875,-0.0052216798780621
1.666,-1.34024558724965e-14
1.666125,0.00522167987805264
1.66625,0.00738457050192217
1.666375,0.00522167987806987
1.6665,-2.46897488215928e-15
1.666625,-0.00522167987805436
1.66675,-0.00738457050192217
1.666875,-0.00522167987805865
1.667,-8.52450534865243e-15
1.667125,0.00522167987805609
1.66725,0.00738457050192217
1.667375,0.00522167987806642
1.6675,6.08553008673042e-15
1.667625,-0.00522167987804832
1.66775,-0.00738457050192217
1.667875,-0.00522167987806469
1.668,-1.70790103175421e-14
1.668125,0.00522167987805954
1.66825,0.00738457050192217
1.668375,0.00522167987806297
1.6685,1.2075795628864e-15
1.668625,-0.00522167987805176
1.66875,-0.00738457050192217
1.668875,-0.00522167987806125
1.669,-1.22010597936981e-14
1.669125,0.00522167987805349
1.66925,0.00738457050192217
1.669375,0.00522167987805952
1.6695,9.7620845317761e-15
1.669625,-0.00522167987805521
1.66975,-0.00738457050192217
1.669875,-0.00522167987806729
1.67,-7.32310926985409e-15
1.670125,0.00522167987805694
1.67025,0.00738457050192217
1.670375,0.00522167987806557
1.6705,4.88413400793208e-15
1.670625,-0.00522167987805866
1.67075,-0.00738457050192217
1.670875,-0.00522167987806385
1.671,-2.44515874601007e-15
1.671125,0.00522167987805089
1.67125,0.00738457050192217
1.671375,0.00522167987806212
1.6715,1.34386389768218e-14
1.671625,-0.00522167987805261
1.67175,-0.00738457050192217
1.671875,-0.0052216798780604
1.672,-1.09996637148998e-14
1.672125,0.00522167987805434
1.67225,0.00738457050192217
1.672375,0.00522167987806817
1.6725,8.56068845297776e-15
1.672625,-0.00522167987805606
1.67275,-0.00738457050192217
1.672875,-0.00522167987806644
1.673,-6.12171319105575e-15
1.673125,0.00522167987804829
1.67325,0.00738457050192217
1.673375,0.00522167987806472
1.6735,3.68273792913374e-15
1.673625,-0.00522167987805001
1.67375,-0.00738457050192217
1.673875,-0.005221679878063
1.674,-1.46762181599455e-14
1.674125,0.00522167987806124
1.67425,0.00738457050192217
1.674375,0.00522167987807077
1.6745,-1.19521259471028e-15
1.674625,-0.00522167987805346
1.67475,-0.00738457050192217
1.674875,-0.00522167987806904
1.675,-9.79826763610143e-15
1.675125,0.00522167987805519
1.67525,0.00738457050192217
1.675375,0.00522167987806732
1.6755,7.35929237417942e-15
1.675625,-0.00522167987804741
1.67575,-0.00738457050192217
1.675875,-0.00522167987806559
1.676,-4.92031711225741e-15
1.676125,0.00522167987805864
1.67625,0.00738457050192217
1.676375,0.00522167987806387
1.6765,2.4813418503354e-15
1.676625,-0.00522167987805086
1.67675,-0.00738457050192217
1.676875,-0.00522167987807164
1.677,-4.23665884133851e-17
1.677125,0.00522167987805259
1.67725,0.00738457050192217
1.677375,0.00522167987806042
1.6775,1.10358468192251e-14
1.677625,-0.00522167987805431
1.67775,-0.00738457050192217
1.677875,-0.0052216798780682
1.678,-8.59687155730309e-15
1.678125,0.00522167987805604
1.67825,0.00738457050192217
1.678375,0.00522167987806647
1.6785,6.15789629538108e-15
1.678625,-0.00522167987805776
1.67875,-0.00738457050192217
1.678875,-0.00522167987806475
1.679,-3.71892103345907e-15
1.679125,0.00522167987804999
1.67925,0.00738457050192217
1.679375,0.00522167987806302
1.6795,1.47124012642708e-14
1.679625,-0.00522167987805171
1.67975,-0.00738457050192217
1.679875,-0.0052216798780613
1.68,-1.22734260023488e-14
1.680125,0.00522167987805344
1.68025,0.00738457050192217
1.680375,0.00522167987806907
1.6805,-3.59800475230697e-15
1.680625,-0.00522167987805516
1.68075,-0.00738457050192217
1.680875,-0.00522167987806735
1.681,-7.39547547850475e-15
1.681125,0.00522167987805689
1.68125,0.00738457050192217
1.681375,0.00522167987806562
1.6815,4.95650021658274e-15
1.681625,-0.00522167987804911
1.68175,-0.00738457050192217
1.681875,-0.0052216798780639
1.682,-1.59499804473945e-14
1.682125,0.00522167987806034
1.68225,0.00738457050192217
1.682375,0.00522167987806217
1.6825,7.85496927387133e-17
1.682625,-0.00522167987805256
1.68275,-0.00738457050192217
1.682875,-0.00522167987806995
1.683,-1.10720299235504e-14
1.683125,0.00522167987805429
1.68325,0.00738457050192217
1.683375,0.00522167987805872
1.6835,8.63305466162842e-15
1.683625,-0.00522167987805601
1.68375,-0.00738457050192217
1.683875,-0.0052216798780665
1.684,-6.19407939970641e-15
1.684125,0.00522167987805774
1.68425,0.00738457050192217
1.684375,0.00522167987806477
1.6845,3.75510413778439e-15
1.684625,-0.00522167987805946
1.68475,-0.00738457050192217
1.684875,-0.00522167987807255
1.685,-1.31612887586238e-15
1.685125,0.00522167987805169
1.68525,0.00738457050192217
1.685375,0.00522167987806132
1.6855,1.23096091066741e-14
1.685625,-0.00522167987805341
1.68575,-0.00738457050192217
1.685875,-0.0052216798780691
1.686,-9.87063384475209e-15
1.686125,0.00522167987805514
1.68625,0.00738457050192217
1.686375,0.00522167987806737
1.6865,7.43165858283008e-15
1.686625,-0.00522167987805686
1.68675,-0.00738457050192217
1.686875,-0.00522167987806565
1.687,-4.99268332090806e-15
1.687125,0.00522167987804909
1.68725,0.00738457050192217
1.687375,0.00522167987806392
1.6875,2.55370805898605e-15
1.687625,-0.00522167987805081
1.68775,-0.00738457050192217
1.687875,-0.0052216798780622
1.688,-1.35471882897978e-14
1.688125,0.00522167987805254
1.68825,0.00738457050192217
1.688375,0.00522167987806997
1.6885,1.11082130278758e-14
1.688625,-0.00522167987805426
1.68875,-0.00738457050192217
1.688875,-0.00522167987806825
1.689,-8.66923776595375e-15
1.689125,0.00522167987805599
1.68925,0.00738457050192217
1.689375,0.00522167987806652
1.6895,6.23026250403173e-15
1.689625,-0.00522167987804821
1.68975,-0.00738457050192217
1.689875,-0.0052216798780648
1.69,-3.79128724210972e-15
1.690125,0.00522167987805944
1.69025,0.00738457050192217
1.690375,0.00522167987806307
1.6905,1.47847674729214e-14
1.690625,-0.00522167987805166
1.69075,-0.00738457050192217
1.690875,-0.00522167987807085
1.691,1.0866632817343e-15
1.691125,0.00522167987805339
1.69125,0.00738457050192217
1.691375,0.00522167987805962
1.6915,9.90681694907742e-15
1.691625,-0.00522167987805511
1.69175,-0.00738457050192217
1.691875,-0.0052216798780674
1.692,-7.4678416871554e-15
1.692125,0.00522167987805684
1.69225,0.00738457050192217
1.692375,0.00522167987806567
1.6925,1.84613219179671e-14
1.692625,-0.00522167987805856
1.69275,-0.00738457050192217
1.692875,-0.00522167987806395
1.693,-2.58989116331138e-15
1.693125,0.00522167987805079
1.69325,0.00738457050192217
1.693375,0.00522167987806222
1.6935,1.35833713941231e-14
1.693625,-0.00522167987805251
1.69375,-0.00738457050192217
1.693875,-0.0052216798780605
1.694,-1.11443961322011e-14
1.694125,0.00522167987805424
1.69425,0.00738457050192217
1.694375,0.00522167987806827
1.6945,8.70542087027907e-15
1.694625,-0.00522167987805596
1.69475,-0.00738457050192217
1.694875,-0.00522167987806655
1.695,-6.26644560835706e-15
1.695125,0.00522167987805769
1.69525,0.00738457050192217
1.695375,0.00522167987806482
1.6955,3.82747034643505e-15
1.695625,-0.00522167987804991
1.69575,-0.00738457050192217
1.695875,-0.0052216798780631
1.696,-1.48209505772468e-14
1.696125,0.00522167987806113
1.69625,0.00738457050192217
1.696375,0.00522167987806137
1.6965,1.23819753153248e-14
1.696625,-0.00522167987805336
1.69675,-0.00738457050192217
1.696875,-0.00522167987806915
1.697,-9.94300005340274e-15
1.697125,0.00522167987805509
1.69725,0.00738457050192217
1.697375,0.00522167987805792
1.6975,7.50402479148073e-15
1.697625,-0.00522167987804731
1.69775,-0.00738457050192217
1.697875,-0.0052216798780657
1.698,-5.06504952955872e-15
1.698125,0.00522167987805853
1.69825,0.00738457050192217
1.698375,0.00522167987806397
1.6985,1.60585297603704e-14
1.698625,-0.00522167987805076
1.69875,-0.00738457050192217
1.698875,-0.00522167987807175
1.699,-1.87099005714698e-16
1.699125,0.00522167987805249
1.69925,0.00738457050192217
1.699375,0.00522167987806052
1.6995,1.11805792365264e-14
1.699625,-0.00522167987805421
1.69975,-0.00738457050192217
1.699875,-0.0052216798780683
1.7,-8.7416039746044e-15
1.700125,0.00522167987805594
1.70025,0.00738457050192217
1.700375,0.00522167987806657
1.7005,6.30262871268239e-15
1.700625,-0.00522167987805766
1.70075,-0.00738457050192217
1.700875,-0.00522167987806485
1.701,-3.86365345076038e-15
1.701125,0.00522167987804989
1.70125,0.00738457050192217
1.701375,0.00522167987806312
1.7015,1.42467818883837e-15
1.701625,-0.00522167987805161
1.70175,-0.00738457050192217
1.701875,-0.0052216798780614
1.702,-1.24181584196501e-14
1.702125,0.00522167987805333
1.70225,0.00738457050192217
1.702375,0.00522167987806917
1.7025,9.97918315772807e-15
1.702625,-0.00522167987805506
1.70275,-0.00738457050192217
1.702875,-0.00522167987806745
1.703,-7.54020789580606e-15
1.703125,0.00522167987805679
1.70325,0.00738457050192217
1.703375,0.00522167987806572
1.7035,5.10123263388405e-15
1.703625,-0.00522167987804901
1.70375,-0.00738457050192217
1.703875,-0.005221679878064
1.704,-1.60947128646958e-14
1.704125,0.00522167987805074
1.70425,0.00738457050192217
1.704375,0.00522167987806227
1.7045,1.36557376027738e-14
1.704625,-0.00522167987805246
1.70475,-0.00738457050192217
1.704875,-0.00522167987807005
1.705,-1.12167623408517e-14
1.705125,0.00522167987805418
1.70525,0.00738457050192217
1.705375,0.00522167987805882
1.7055,8.77778707892973e-15
1.705625,-0.00522167987805591
1.70575,-0.00738457050192217
1.705875,-0.0052216798780666
1.706,-6.33881181700772e-15
1.706125,0.00522167987804814
1.70625,0.00738457050192217
1.706375,0.00522167987806487
1.7065,1.73322920478194e-14
1.706625,-0.00522167987805936
1.70675,-0.00738457050192217
1.706875,-0.00522167987806315
1.707,-1.4608612931637e-15
1.707125,0.00522167987805159
1.70725,0.00738457050192217
1.707375,0.00522167987806142
1.7075,1.24543415239754e-14
1.707625,-0.00522167987805331
1.70775,-0.00738457050192217
1.707875,-0.0052216798780597
1.708,-1.00153662620534e-14
1.708125,0.00522167987804554
1.70825,0.00738457050192217
1.708375,0.00522167987806747
1.7085,7.57639100013139e-15
1.708625,-0.00522167987805676
1.70875,-0.00738457050192217
1.708875,-0.00522167987806575
1.709,-5.13741573820938e-15
1.709125,0.00522167987805848
1.70925,0.00738457050192217
1.709375,0.00522167987806402
1.7095,2.69844047628737e-15
1.709625,-0.00522167987805071
1.70975,-0.00738457050192217
1.709875,-0.0052216798780623
1.71,-1.36919207070991e-14
1.710125,0.00522167987805243
1.71025,0.00738457050192217
1.710375,0.00522167987807007
1.7105,1.12529454451771e-14
1.710625,-0.00522167987805416
1.71075,-0.00738457050192217
1.710875,-0.00522167987806835
1.711,-8.81397018325506e-15
1.711125,0.00522167987805588
1.71125,0.00738457050192217
1.711375,0.00522167987806662
1.7115,6.37499492133305e-15
1.711625,-0.00522167987804811
1.71175,-0.00738457050192217
1.711875,-0.0052216798780649
1.712,-3.93601965941104e-15
1.712125,0.00522167987804984
1.71225,0.00738457050192217
1.712375,0.00522167987806318
1.7125,1.49294998902228e-14
1.712625,-0.00522167987805156
1.71275,-0.00738457050192217
1.712875,-0.00522167987807095
1.713,9.41930864432987e-16
1.713125,0.00522167987805328
1.71325,0.00738457050192217
1.713375,0.00522167987805973
1.7135,1.00515493663787e-14
1.713625,-0.00522167987805501
1.71375,-0.00738457050192217
1.713875,-0.0052216798780675
1.714,-7.61257410445672e-15
1.714125,0.00522167987804724
1.71425,0.00738457050192217
1.714375,0.00522167987806577
1.7145,1.86060543352684e-14
1.714625,-0.00522167987805846
1.71475,-0.00738457050192217
1.714875,-0.00522167987806405
1.715,-2.73462358061269e-15
1.715125,0.00522167987805068
1.71525,0.00738457050192217
1.715375,0.00522167987806233
1.7155,2.95648318690683e-16
1.715625,-0.00522167987805241
1.71575,-0.00738457050192217
1.715875,-0.0052216798780606
1.716,-1.12891285495024e-14
1.716125,0.00522167987805413
1.71625,0.00738457050192217
1.716375,0.00522167987806837
1.7165,8.85015328758039e-15
1.716625,-0.00522167987805586
1.71675,-0.00738457050192217
1.716875,-0.00522167987806665
1.717,-6.41117802565838e-15
1.717125,0.00522167987805758
1.71725,0.00738457050192217
1.717375,0.00522167987806493
1.7175,3.97220276373636e-15
1.717625,-0.00522167987804981
1.71775,-0.00738457050192217
1.717875,-0.0052216798780632
1.718,-1.49656829945481e-14
1.718125,0.00522167987805153
1.71825,0.00738457050192217
1.718375,0.00522167987806148
1.7185,1.25267077326261e-14
1.718625,-0.00522167987805326
1.71875,-0.00738457050192217
1.718875,-0.00522167987806925
1.719,-1.00877324707041e-14
1.719125,0.00522167987805498
1.71925,0.00738457050192217
1.719375,0.00522167987805803
1.7195,7.64875720878205e-15
1.719625,-0.00522167987805671
1.71975,-0.00738457050192217
1.719875,-0.0052216798780658
1.72,-5.20978194686003e-15
1.720125,0.00522167987804893
1.72025,0.00738457050192217
1.720375,0.00522167987806408
1.7205,1.62032621776717e-14
1.720625,-0.00522167987806016
1.72075,-0.00738457050192217
1.720875,-0.00522167987807185
1.721,-3.31831423016011e-16
1.721125,0.00522167987805238
1.72125,0.00738457050192217
1.721375,0.00522167987806063
1.7215,1.13253116538277e-14
1.721625,-0.00522167987805411
1.72175,-0.00738457050192217
1.721875,-0.0052216798780589
1.722,-8.88633639190572e-15
1.722125,0.00522167987804633
1.72225,0.00738457050192217
1.722375,0.00522167987806667
1.7225,6.4473611299837e-15
1.722625,-0.00522167987805756
1.72275,-0.00738457050192217
1.722875,-0.00522167987806495
1.723,-4.00838586806169e-15
1.723125,0.00522167987804978
1.72325,0.00738457050192217
1.723375,0.00522167987806323
1.7235,1.56941060613968e-15
1.723625,-0.00522167987805151
1.72375,-0.00738457050192217
1.723875,-0.0052216798780615
1.724,-1.25628908369514e-14
1.724125,0.00522167987805323
1.72425,0.00738457050192217
1.724375,0.00522167987806927
1.7245,1.01239155750294e-14
1.724625,-0.00522167987805496
1.72475,-0.00738457050192217
1.724875,-0.00522167987806755
1.725,-7.68494031310737e-15
1.725125,0.00522167987805668
1.72525,0.00738457050192217
1.725375,0.00522167987806583
1.7255,5.24596505118536e-15
1.725625,-0.00522167987804891
1.72575,-0.00738457050192217
1.725875,-0.0052216798780641
1.726,-2.80698978926335e-15
1.726125,0.00522167987805063
1.72625,0.00738457050192217
1.726375,0.00522167987806238
1.7265,1.38004700200751e-14
1.726625,-0.00522167987805236
1.72675,-0.00738457050192217
1.726875,-0.00522167987807015
1.727,2.07096073458067e-15
1.727125,0.00522167987805408
1.72725,0.00738457050192217
1.727375,0.00522167987805893
1.7275,8.92251949623104e-15
1.727625,-0.00522167987805581
1.72775,-0.00738457050192217
1.727875,-0.0052216798780667
1.728,-6.48354423430903e-15
1.728125,0.00522167987804803
1.72825,0.00738457050192217
1.728375,0.00522167987806498
1.7285,1.74770244651207e-14
1.728625,-0.00522167987805926
1.72875,-0.00738457050192217
1.728875,-0.00522167987806325
1.729,-1.60559371046501e-15
1.729125,0.00522167987805148
1.72925,0.00738457050192217
1.729375,0.00522167987806153
1.7295,1.25990739412767e-14
1.729625,-0.00522167987805321
1.72975,-0.00738457050192217
1.729875,-0.0052216798780598
1.73,-1.01600986793547e-14
1.730125,0.00522167987805493
1.73025,0.00738457050192217
1.730375,0.00522167987806758
1.7305,7.7211234174327e-15
1.730625,-0.00522167987805666
1.73075,-0.00738457050192217
1.730875,-0.00522167987806585
1.731,-5.28214815551069e-15
1.731125,0.00522167987805838
1.73125,0.00738457050192217
1.731375,0.00522167987806413
1.7315,2.84317289358868e-15
1.731625,-0.00522167987805061
1.73175,-0.00738457050192217
1.731875,-0.0052216798780624
1.732,-1.38366531244004e-14
1.732125,0.00522167987805233
1.73225,0.00738457050192217
1.732375,0.00522167987806068
1.7325,1.13976778624784e-14
1.732625,-0.00522167987805406
1.73275,-0.00738457050192217
1.732875,-0.00522167987806845
1.733,-8.95870260055637e-15
1.733125,0.00522167987805578
1.73325,0.00738457050192217
1.733375,0.00522167987805723
1.7335,6.51972733863436e-15
1.733625,-0.00522167987804801
1.73375,-0.00738457050192217
1.733875,-0.005221679878065
1.734,-4.08075207671235e-15
1.734125,0.00522167987804973
1.73425,0.00738457050192217
1.734375,0.00522167987806328
1.7345,1.50742323075241e-14
1.734625,-0.00522167987806096
1.73475,-0.00738457050192217
1.734875,-0.00522167987807105
1.735,7.97198447131674e-16
1.735125,0.00522167987805318
1.73525,0.00738457050192217
1.735375,0.00522167987806933
1.7355,1.019628178368e-14
1.735625,-0.00522167987805491
1.73575,-0.00738457050192217
1.735875,-0.0052216798780676
1.736,-7.75730652175803e-15
1.736125,0.00522167987804713
1.73625,0.00738457050192217
1.736375,0.00522167987806588
1.7365,5.31833125983602e-15
1.736625,-0.00522167987805836
1.73675,-0.00738457050192217
1.736875,-0.00522167987806415
1.737,-2.87935599791401e-15
1.737125,0.00522167987805058
1.73725,0.00738457050192217
1.737375,0.00522167987807193
1.7375,4.40380735991995e-16
1.737625,-0.00522167987805231
1.73775,-0.00738457050192217
1.737875,-0.0052216798780607
1.738,-1.14338609668037e-14
1.738125,0.00522167987805403
1.73825,0.00738457050192217
1.738375,0.00522167987806848
1.7385,8.9948857048817e-15
1.738625,-0.00522167987805576
1.73875,-0.00738457050192217
1.738875,-0.00522167987806675
1.739,-6.55591044295969e-15
1.739125,0.00522167987805748
1.73925,0.00738457050192217
1.739375,0.00522167987806503
1.7395,4.11693518103768e-15
1.739625,-0.00522167987804971
1.73975,-0.00738457050192217
1.739875,-0.0052216798780633
1.74,-1.51104154118494e-14
1.740125,0.00522167987805143
1.74025,0.00738457050192217
1.740375,0.00522167987806158
1.7405,1.26714401499274e-14
1.740625,-0.00522167987805316
1.74075,-0.00738457050192217
1.740875,-0.00522167987806935
1.741,3.19999060472836e-15
1.741125,0.00522167987805488
1.74125,0.00738457050192217
1.741375,0.00522167987806763
1.7415,7.79348962608336e-15
1.741625,-0.00522167987805661
1.74175,-0.00738457050192217
1.741875,-0.0052216798780659
1.742,-5.35451436416135e-15
1.742125,0.00522167987804883
1.74225,0.00738457050192217
1.742375,0.00522167987806418
1.7425,1.63479945949731e-14
1.742625,-0.00522167987806005
1.74275,-0.00738457050192217
1.742875,-0.00522167987806245
1.743,-4.76563840317324e-16
1.743125,0.00522167987805228
1.74325,0.00738457050192217
1.743375,0.00522167987807023
1.7435,1.1470044071129e-14
1.743625,-0.00522167987805401
1.74375,-0.00738457050192217
1.743875,-0.005221679878059
1.744,-9.03106880920703e-15
1.744125,0.00522167987805573
1.74425,0.00738457050192217
1.744375,0.00522167987806678
1.7445,6.59209354728502e-15
1.744625,-0.00522167987805745
1.74475,-0.00738457050192217
1.744875,-0.00522167987806505
1.745,-4.153118285363e-15
1.745125,0.00522167987805918
1.74525,0.00738457050192217
1.745375,0.00522167987807283
1.7455,1.71414302344099e-15
1.745625,-0.00522167987805141
1.74575,-0.00738457050192217
1.745875,-0.0052216798780616
1.746,-1.27076232542527e-14
1.746125,0.00522167987805313
1.74625,0.00738457050192217
1.746375,0.00522167987806938
1.7465,1.02686479923307e-14
1.746625,-0.00522167987805486
1.74675,-0.00738457050192217
1.746875,-0.00522167987806765
1.747,-7.82967273040869e-15
1.747125,0.00522167987805658
1.74725,0.00738457050192217
1.747375,0.00522167987806593
1.7475,5.39069746848667e-15
1.747625,-0.00522167987804881
1.74775,-0.00738457050192217
1.747875,-0.0052216798780642
1.748,-2.95172220656466e-15
1.748125,0.00522167987805053
1.74825,0.00738457050192217
1.748375,0.00522167987806248
1.7485,1.39452024373764e-14
1.748625,-0.00522167987805225
1.74875,-0.00738457050192217
1.748875,-0.00522167987807025
1.749,1.92622831727936e-15
1.749125,0.00522167987805398
1.74925,0.00738457050192217
1.749375,0.00522167987806853
1.7495,9.06725191353236e-15
1.749625,-0.00522167987805571
1.74975,-0.00738457050192217
1.749875,-0.0052216798780668
1.75,-6.62827665161034e-15
1.750125,0.00522167987804793
1.75025,0.00738457050192217
1.750375,0.00522167987806508
1.7505,4.18930138968833e-15
1.750625,-0.00522167987805915
1.75075,-0.00738457050192217
1.750875,-0.00522167987806335
1.751,-1.51827816205e-14
1.751125,0.00522167987805138
1.75125,0.00738457050192217
1.751375,0.00522167987807113
1.7515,-6.8864913415569e-16
1.751625,-0.00522167987805311
1.75175,-0.00738457050192217
1.751875,-0.0052216798780599
1.752,-1.0304831096656e-14
1.752125,0.00522167987805483
1.75225,0.00738457050192217
1.752375,0.00522167987806768
1.7525,7.86585583473401e-15
1.752625,-0.00522167987805655
1.75275,-0.00738457050192217
1.752875,-0.00522167987806595
1.753,-1.88593360655457e-14
1.753125,0.00522167987805828
1.75325,0.00738457050192217
1.753375,0.00522167987806423
1.7535,2.98790531088999e-15
1.753625,-0.00522167987805051
1.75375,-0.00738457050192217
1.753875,-0.0052216798780625
1.754,-1.39813855417017e-14
1.754125,0.00522167987805223
1.75425,0.00738457050192217
1.754375,0.00522167987806078
1.7545,1.15424102797797e-14
1.754625,-0.00522167987805395
1.75475,-0.00738457050192217
1.754875,-0.00522167987806855
1.755,-9.10343501785768e-15
1.755125,0.00522167987805568
1.75525,0.00738457050192217
1.755375,0.00522167987806683
1.7555,6.66445975593567e-15
1.755625,-0.0052216798780574
1.75575,-0.00738457050192217
1.755875,-0.0052216798780651
1.756,-4.22548449401366e-15
1.756125,0.00522167987804963
1.75625,0.00738457050192217
1.756375,0.00522167987806338
1.7565,1.52189647248254e-14
1.756625,-0.00522167987806085
1.75675,-0.00738457050192217
1.756875,-0.00522167987806165
1.757,-1.27799894629034e-14
1.757125,0.00522167987805308
1.75725,0.00738457050192217
1.757375,0.00522167987806943
1.7575,1.03410142009814e-14
1.757625,-0.0052216798780548
1.75775,-0.00738457050192217
1.757875,-0.00522167987805821
1.758,-7.90203893905934e-15
1.758125,0.00522167987804703
1.75825,0.00738457050192217
1.758375,0.00522167987806598
1.7585,5.46306367713733e-15
1.758625,-0.00522167987805825
1.75875,-0.00738457050192217
1.758875,-0.00522167987806425
1.759,-1.6456543907949e-14
1.759125,0.00522167987805048
1.75925,0.00738457050192217
1.759375,0.00522167987807203
1.7595,5.85113153293308e-16
1.759625,-0.0052216798780522
1.75975,-0.00738457050192217
1.759875,-0.00522167987806081
1.76,-1.1578593384105e-14
1.760125,0.00522167987805393
1.76025,0.00738457050192217
1.760375,0.00522167987806858
1.7605,9.13961812218301e-15
1.760625,-0.00522167987805565
1.76075,-0.00738457050192217
1.760875,-0.00522167987806685
1.761,-6.700642860261e-15
1.761125,0.00522167987805738
1.76125,0.00738457050192217
1.761375,0.00522167987806513
1.7615,4.26166759833899e-15
1.761625,-0.0052216798780496
1.76175,-0.00738457050192217
1.761875,-0.0052216798780634
1.762,-1.82269233641698e-15
1.762125,0.00522167987805133
1.76225,0.00738457050192217
1.762375,0.00522167987806168
1.7625,1.28161725672287e-14
1.762625,-0.00522167987805305
1.76275,-0.00738457050192217
1.762875,-0.00522167987806945
1.763,-1.03771973053067e-14
1.763125,0.00522167987805478
1.76325,0.00738457050192217
1.763375,0.00522167987806773
1.7635,7.93822204338467e-15
1.763625,-0.0052216798780565
1.76375,-0.00738457050192217
1.763875,-0.00522167987806601
1.764,-5.49924678146266e-15
1.764125,0.00522167987804873
1.76425,0.00738457050192217
1.764375,0.00522167987806428
1.7645,1.64927270122744e-14
1.764625,-0.00522167987805995
1.76475,-0.00738457050192217
1.764875,-0.00522167987806256
1.765,-1.40537517503524e-14
1.765125,0.00522167987805218
1.76525,0.00738457050192217
1.765375,0.00522167987807033
1.7655,1.16147764884304e-14
1.765625,-0.0052216798780539
1.76575,-0.00738457050192217
1.765875,-0.00522167987805911
1.766,-9.17580122650834e-15
1.766125,0.00522167987805563
1.76625,0.00738457050192217
1.766375,0.00522167987806688
1.7665,6.73682596458633e-15
1.766625,-0.00522167987804785
1.76675,-0.00738457050192217
1.766875,-0.00522167987806516
1.767,-1.7730306195398e-14
1.767125,0.00522167987805908
1.76725,0.00738457050192217
1.767375,0.00522167987806343
1.7675,1.85887544074231e-15
1.767625,-0.0052216798780513
1.76775,-0.00738457050192217
1.767875,-0.00522167987806171
1.768,-1.2852355671554e-14
1.768125,0.00522167987805303
1.76825,0.00738457050192217
1.768375,0.00522167987805998
1.7685,1.0413380409632e-14
1.768625,-0.00522167987804525
1.76875,-0.00738457050192217
1.768875,-0.00522167987806775
1.769,-7.97440514771e-15
1.769125,0.00522167987805648
1.76925,0.00738457050192217
1.769375,0.00522167987806603
1.7695,5.53542988578799e-15
1.769625,-0.0052216798780582
1.76975,-0.00738457050192217
1.769875,-0.00522167987806431
1.77,-3.09645462386598e-15
1.770125,0.00522167987805043
1.77025,0.00738457050192217
1.770375,0.00522167987806258
1.7705,1.40899348546777e-14
1.770625,-0.00522167987805215
1.77075,-0.00738457050192217
1.770875,-0.00522167987807035
1.771,-1.16509595927557e-14
1.771125,0.00522167987805388
1.77125,0.00738457050192217
1.771375,0.00522167987806863
1.7715,9.21198433083367e-15
1.771625,-0.0052216798780556
1.77175,-0.00738457050192217
1.771875,-0.00522167987806691
1.772,-6.77300906891166e-15
1.772125,0.00522167987804783
1.77225,0.00738457050192217
1.772375,0.00522167987806518
1.7725,4.33403380698965e-15
1.772625,-0.00522167987804955
1.77275,-0.00738457050192217
1.772875,-0.00522167987806346
1.773,-1.53275140378014e-14
1.773125,0.00522167987805128
1.77325,0.00738457050192217
1.773375,0.00522167987807123
1.7735,-5.43916716854377e-16
1.773625,-0.005221679878053
1.77375,-0.00738457050192217
1.773875,-0.00522167987806001
1.774,-1.04495635139573e-14
1.774125,0.00522167987805473
1.77425,0.00738457050192217
1.774375,0.00522167987806778
1.7745,8.01058825203533e-15
1.774625,-0.00522167987804695
1.77475,-0.00738457050192217
1.774875,-0.00522167987806606
1.775,-1.9004068482847e-14
1.775125,0.00522167987805818
1.77525,0.00738457050192217
1.775375,0.00522167987806433
1.7755,3.1326377281913e-15
1.775625,-0.0052216798780504
1.77575,-0.00738457050192217
1.775875,-0.00522167987806261
1.776,-6.93662466269293e-16
1.776125,0.00522167987805213
1.77625,0.00738457050192217
1.776375,0.00522167987806088
1.7765,1.1687142697081e-14
1.776625,-0.00522167987805385
1.77675,-0.00738457050192217
1.776875,-0.00522167987806866
1.777,-9.248167435159e-15
1.777125,0.00522167987805558
1.77725,0.00738457050192217
1.777375,0.00522167987806693
1.7775,6.80919217323699e-15
1.777625,-0.0052216798780573
1.77775,-0.00738457050192217
1.777875,-0.00522167987806521
1.778,-4.37021691131497e-15
1.778125,0.00522167987804953
1.77825,0.00738457050192217
1.778375,0.00522167987806348
1.7785,1.53636971421267e-14
1.778625,-0.00522167987805125
1.77875,-0.00738457050192217
1.778875,-0.00522167987806176
1.779,-1.29247218802047e-14
1.779125,0.00522167987805298
1.77925,0.00738457050192217
1.779375,0.00522167987806953
1.7795,1.04857466182827e-14
1.779625,-0.0052216798780547
1.77975,-0.00738457050192217
1.779875,-0.00522167987805831
1.78,-8.04677135636066e-15
1.780125,0.00522167987805643
1.78025,0.00738457050192217
1.780375,0.00522167987806608
1.7805,5.60779609443864e-15
1.780625,-0.00522167987804865
1.78075,-0.00738457050192217
1.780875,-0.00522167987806436
1.781,-1.66012763252504e-14
1.781125,0.00522167987805988
1.78125,0.00738457050192217
1.781375,0.00522167987807213
1.7815,7.29845570594621e-16
1.781625,-0.0052216798780521
1.78175,-0.00738457050192217
1.781875,-0.00522167987806091
1.782,-1.17233258014063e-14
1.782125,0.00522167987805383
1.78225,0.00738457050192217
1.782375,0.00522167987805918
1.7825,9.28435053948432e-15
1.782625,-0.00522167987804605
1.78275,-0.00738457050192217
1.782875,-0.00522167987806696
1.783,-6.84537527756231e-15
1.783125,0.00522167987805728
1.78325,0.00738457050192217
1.783375,0.00522167987806523
1.7835,4.4064000156403e-15
1.783625,-0.0052216798780495
1.78375,-0.00738457050192217
1.783875,-0.00522167987806351
1.784,-1.96742475371829e-15
1.784125,0.00522167987805123
1.78425,0.00738457050192217
1.784375,0.00522167987806178
1.7845,1.296090498453e-14
1.784625,-0.00522167987805295
1.78475,-0.00738457050192217
1.784875,-0.00522167987806956
1.785,-1.0521929722608e-14
1.785125,0.00522167987805468
1.78525,0.00738457050192217
1.785375,0.00522167987806783
1.7855,8.08295446068598e-15
1.785625,-0.0052216798780564
1.78575,-0.00738457050192217
1.785875,-0.00522167987806611
1.786,-5.64397919876397e-15
1.786125,0.00522167987804863
1.78625,0.00738457050192217
1.786375,0.00522167987806438
1.7865,3.20500393684196e-15
1.786625,-0.00522167987805035
1.78675,-0.00738457050192217
1.786875,-0.00522167987806266
1.787,-1.41984841676537e-14
1.787125,0.00522167987805208
1.78725,0.00738457050192217
1.787375,0.00522167987807043
1.7875,-1.67294658700206e-15
1.787625,-0.0052216798780538
1.78775,-0.00738457050192217
1.787875,-0.00522167987805921
1.788,-9.32053364380965e-15
1.788125,0.00522167987805553
1.78825,0.00738457050192217
1.788375,0.00522167987806698
1.7885,6.88155838188764e-15
1.788625,-0.00522167987804775
1.78875,-0.00738457050192217
1.788875,-0.00522167987806526
1.789,-1.78750386126994e-14
1.789125,0.00522167987805897
1.78925,0.00738457050192217
1.789375,0.00522167987806353
1.7895,2.00360785804362e-15
1.789625,-0.0052216798780512
1.78975,-0.00738457050192217
1.789875,-0.00522167987806181
1.79,-1.29970880888553e-14
1.790125,0.00522167987805293
1.79025,0.00738457050192217
1.790375,0.00522167987806008
1.7905,1.05581128269333e-14
1.790625,-0.00522167987805465
1.79075,-0.00738457050192217
1.790875,-0.00522167987806786
1.791,-8.11913756501131e-15
1.791125,0.00522167987805637
1.79125,0.00738457050192217
1.791375,0.00522167987806613
1.7915,5.6801623030893e-15
1.791625,-0.0052216798780581
1.79175,-0.00738457050192217
1.791875,-0.00522167987806441
1.792,-3.24118704116729e-15
1.792125,0.00522167987805033
1.79225,0.00738457050192217
1.792375,0.00522167987806268
1.7925,1.4234667271979e-14
1.792625,-0.00522167987805205
1.79275,-0.00738457050192217
1.792875,-0.00522167987806096
1.793,-1.1795692010057e-14
1.793125,0.00522167987805378
1.79325,0.00738457050192217
1.793375,0.00522167987806873
1.7935,9.35671674813498e-15
1.793625,-0.0052216798780555
1.79375,-0.00738457050192217
1.793875,-0.00522167987805751
1.794,-6.91774148621297e-15
1.794125,0.00522167987804773
1.79425,0.00738457050192217
1.794375,0.00522167987806528
1.7945,4.47876622429096e-15
1.794625,-0.00522167987804945
1.79475,-0.00738457050192217
1.794875,-0.00522167987806356
1.795,-1.54722464551027e-14
1.795125,0.00522167987806067
1.79525,0.00738457050192217
1.795375,0.00522167987807133
1.7955,-3.99184299553064e-16
1.795625,-0.0052216798780529
1.79575,-0.00738457050192217
1.795875,-0.00522167987806011
1.796,-1.05942959312587e-14
1.796125,0.00522167987805462
1.79625,0.00738457050192217
1.796375,0.00522167987806788
1.7965,8.15532066933664e-15
1.796625,-0.00522167987804685
1.79675,-0.00738457050192217
1.796875,-0.00522167987806616
1.797,-5.71634540741463e-15
1.797125,0.00522167987805807
1.79725,0.00738457050192217
1.797375,0.00522167987806443
1.7975,3.27737014549262e-15
1.797625,-0.0052216798780503
1.79775,-0.00738457050192217
1.797875,-0.00522167987807221
1.798,-8.38394883570605e-16
1.798125,0.00522167987805203
1.79825,0.00738457050192217
1.798375,0.00522167987806098
1.7985,1.18318751143823e-14
1.798625,-0.00522167987805375
1.79875,-0.00738457050192217
1.798875,-0.00522167987806876
1.799,-9.39289985246031e-15
1.799125,0.00522167987805547
1.79925,0.00738457050192217
1.799375,0.00522167987806703
1.7995,6.9539245905383e-15
1.799625,-0.0052216798780572
1.79975,-0.00738457050192217
1.799875,-0.00522167987806531
1.8,-4.51494932861629e-15
1.800125,0.00522167987804943
1.80025,0.00738457050192217
1.800375,0.00522167987806358
1.8005,1.5508429559428e-14
1.800625,-0.00522167987805115
1.80075,-0.00738457050192217
1.800875,-0.00522167987806186
1.801,-1.3069454297506e-14
1.801125,0.00522167987805288
1.80125,0.00738457050192217
1.801375,0.00522167987806963
1.8015,-2.80197645714975e-15
1.801625,-0.0052216798780546
1.80175,-0.00738457050192217
1.801875,-0.00522167987806791
1.802,-8.19150377366197e-15
1.802125,0.00522167987805632
1.80225,0.00738457050192217
1.802375,0.00522167987806618
1.8025,5.75252851173996e-15
1.802625,-0.00522167987804855
1.80275,-0.00738457050192217
1.802875,-0.00522167987806446
1.803,-1.67460087425517e-14
1.803125,0.00522167987805977
1.80325,0.00738457050192217
1.803375,0.00522167987806273
1.8035,8.74577987895934e-16
1.803625,-0.005221679878052
1.80375,-0.00738457050192217
1.803875,-0.00522167987807051
1.804,-1.18680582187076e-14
1.804125,0.00522167987805372
1.80425,0.00738457050192217
1.804375,0.00522167987805929
1.8045,9.42908295678564e-15
1.804625,-0.00522167987805545
1.80475,-0.00738457050192217
1.804875,-0.00522167987806706
1.805,-6.99010769486363e-15
1.805125,0.00522167987805717
1.80525,0.00738457050192217
1.805375,0.00522167987806533
1.8055,4.55113243294161e-15
1.805625,-0.0052216798780589
1.80575,-0.00738457050192217
1.805875,-0.00522167987807311
1.806,-2.1121571710196e-15
1.806125,0.00522167987805112
1.80625,0.00738457050192217
1.806375,0.00522167987806189
1.8065,1.31056374018313e-14
1.806625,-0.00522167987805285
1.80675,-0.00738457050192217
1.806875,-0.00522167987806966
1.807,-1.06666621399093e-14
1.807125,0.00522167987805457
1.80725,0.00738457050192217
1.807375,0.00522167987806793
1.8075,8.2276868779873e-15
1.807625,-0.0052216798780563
1.80775,-0.00738457050192217
1.807875,-0.00522167987806621
1.808,-5.78871161606528e-15
1.808125,0.00522167987804853
1.80825,0.00738457050192217
1.808375,0.00522167987806448
1.8085,3.34973635414327e-15
1.808625,-0.00522167987805025
1.80875,-0.00738457050192217
1.808875,-0.00522167987806276
1.809,-1.4343216584955e-14
1.809125,0.00522167987805197
1.80925,0.00738457050192217
1.809375,0.00522167987807053
1.8095,-1.52821416970075e-15
1.809625,-0.0052216798780537
1.80975,-0.00738457050192217
1.809875,-0.00522167987806881
1.81,-9.46526606111097e-15
1.810125,0.00522167987805542
1.81025,0.00738457050192217
1.810375,0.00522167987806709
1.8105,7.02629079918895e-15
1.810625,-0.00522167987804765
1.81075,-0.00738457050192217
1.810875,-0.00522167987806536
1.811,-4.58731553726694e-15
1.811125,0.00522167987805887
1.81125,0.00738457050192217
1.811375,0.00522167987806364
1.8115,2.14834027534493e-15
1.811625,-0.0052216798780511
1.81175,-0.00738457050192217
1.811875,-0.00522167987807141
1.812,2.9063498657708e-16
1.812125,0.00522167987805282
1.81225,0.00738457050192217
1.812375,0.00522167987806019
1.8125,1.07028452442346e-14
1.812625,-0.00522167987805455
1.81275,-0.00738457050192217
1.812875,-0.00522167987806796
1.813,-8.26386998231262e-15
1.813125,0.00522167987805627
1.81325,0.00738457050192217
1.813375,0.00522167987806624
1.8135,1.92573502131243e-14
1.813625,-0.005221679878058
1.81375,-0.00738457050192217
1.813875,-0.00522167987806451
1.814,-3.3859194584686e-15
1.814125,0.00522167987805022
1.81425,0.00738457050192217
1.814375,0.00522167987806279
1.8145,1.43793996892803e-14
1.814625,-0.00522167987805195
1.81475,-0.00738457050192217
1.814875,-0.00522167987806106
1.815,-1.19404244273583e-14
1.815125,0.00522167987805367
1.81525,0.00738457050192217
1.815375,0.00522167987806884
1.8155,9.50144916543629e-15
1.815625,-0.0052216798780554
1.81575,-0.00738457050192217
1.815875,-0.00522167987806711
1.816,-7.06247390351428e-15
1.816125,0.00522167987805712
1.81625,0.00738457050192217
1.816375,0.00522167987806539
1.8165,4.62349864159227e-15
1.816625,-0.00522167987804935
1.81675,-0.00738457050192217
1.816875,-0.00522167987806366
1.817,-1.5616978872404e-14
1.817125,0.00522167987806057
1.81725,0.00738457050192217
1.817375,0.00522167987806194
1.8175,1.3178003610482e-14
1.817625,-0.0052216798780528
1.81775,-0.00738457050192217
1.817875,-0.00522167987806971
1.818,-1.073902834856e-14
1.818125,0.00522167987805452
1.81825,0.00738457050192217
1.818375,0.00522167987805849
1.8185,8.30005308663795e-15
1.818625,-0.00522167987804675
1.81875,-0.00738457050192217
1.818875,-0.00522167987806626
1.819,-5.86107782471594e-15
1.819125,0.00522167987805797
1.81925,0.00738457050192217
1.819375,0.00522167987806454
1.8195,1.68545580555277e-14
1.819625,-0.0052216798780502
1.81975,-0.00738457050192217
1.819875,-0.00522167987807231
1.82,-9.83127300871918e-16
1.820125,0.00522167987805192
1.82025,0.00738457050192217
1.820375,0.00522167987806109
1.8205,1.19766075316836e-14
1.820625,-0.00522167987805365
1.82075,-0.00738457050192217
1.820875,-0.00522167987806886
1.821,-9.53763226976162e-15
1.821125,0.00522167987805537
1.82125,0.00738457050192217
1.821375,0.00522167987806714
1.8215,7.09865700783961e-15
1.821625,-0.0052216798780571
1.82175,-0.00738457050192217
1.821875,-0.00522167987806541
1.822,-4.6596817459176e-15
1.822125,0.00522167987804932
1.82225,0.00738457050192217
1.822375,0.00522167987806369
1.8225,2.22070648399559e-15
1.822625,-0.00522167987805105
1.82275,-0.00738457050192217
1.822875,-0.00522167987806196
1.823,-1.32141867148073e-14
1.823125,0.00522167987805277
1.82325,0.00738457050192217
1.823375,0.00522167987806974
1.8235,1.07752114528853e-14
1.823625,-0.0052216798780545
1.82375,-0.00738457050192217
1.823875,-0.00522167987806801
1.824,-8.33623619096328e-15
1.824125,0.00522167987805622
1.82425,0.00738457050192217
1.824375,0.00522167987806629
1.8245,5.89726092904127e-15
1.824625,-0.00522167987804845
1.82475,-0.00738457050192217
1.824875,-0.00522167987806456
1.825,-1.6890741159853e-14
1.825125,0.00522167987805967
1.82525,0.00738457050192217
1.825375,0.00522167987806284
1.8255,1.4451765897931e-14
1.825625,-0.0052216798780519
1.82575,-0.00738457050192217
1.825875,-0.00522167987807061
1.826,-1.2012790636009e-14
1.826125,0.00522167987805362
1.82625,0.00738457050192217
1.826375,0.00522167987805939
1.8265,9.57381537408695e-15
1.826625,-0.00522167987805535
1.82675,-0.00738457050192217
1.826875,-0.00522167987806716
1.827,-7.13484011216494e-15
1.827125,0.00522167987805707
1.82725,0.00738457050192217
1.827375,0.00522167987806544
1.8275,1.81283203429767e-14
1.827625,-0.0052216798780588
1.82775,-0.00738457050192217
1.827875,-0.00522167987806371
1.828,-2.25688958832092e-15
1.828125,0.00522167987805102
1.82825,0.00738457050192217
1.828375,0.00522167987806199
1.8285,1.32503698191326e-14
1.828625,-0.00522167987805275
1.82875,-0.00738457050192217
1.828875,-0.00522167987806026
1.829,-1.08113945572106e-14
1.829125,0.00522167987804497
1.82925,0.00738457050192217
1.829375,0.00522167987806804
1.8295,8.37241929528861e-15
1.829625,-0.0052216798780562
1.82975,-0.00738457050192217
1.829875,-0.00522167987806631
1.83,-5.9334440333666e-15
1.830125,0.00522167987805792
1.83025,0.00738457050192217
1.830375,0.00522167987806459
1.8305,3.49446877144459e-15
1.830625,-0.00522167987805015
1.83075,-0.00738457050192217
1.830875,-0.00522167987806286
1.831,-1.44879490022563e-14
1.831125,0.00522167987805187
1.83125,0.00738457050192217
1.831375,0.00522167987807064
1.8315,1.20489737403343e-14
1.831625,-0.0052216798780536
1.83175,-0.00738457050192217
1.831875,-0.00522167987806891
1.832,-9.60999847841228e-15
1.832125,0.00522167987805532
1.83225,0.00738457050192217
1.832375,0.00522167987806719
1.8325,7.17102321649027e-15
1.832625,-0.00522167987804755
1.83275,-0.00738457050192217
1.832875,-0.00522167987806546
1.833,-4.73204795456826e-15
1.833125,0.00522167987804927
1.83325,0.00738457050192217
1.833375,0.00522167987806374
1.8335,1.572552818538e-14
1.833625,-0.005221679878051
1.83375,-0.00738457050192217
1.833875,-0.00522167987807151
1.834,1.45902569275767e-16
1.834125,0.00522167987805272
1.83425,0.00738457050192217
1.834375,0.00522167987806029
1.8345,1.08475776615359e-14
1.834625,-0.00522167987805445
1.83475,-0.00738457050192217
1.834875,-0.00522167987806806
1.835,-8.40860239961394e-15
1.835125,0.00522167987804667
1.83525,0.00738457050192217
1.835375,0.00522167987806634
1.8355,1.94020826304257e-14
1.835625,-0.0052216798780579
1.83575,-0.00738457050192217
1.835875,-0.00522167987806461
1.836,-3.53065187576991e-15
1.836125,0.00522167987805012
1.83625,0.00738457050192217
1.836375,0.00522167987806289
1.8365,1.0916766138479e-15
1.836625,-0.00522167987805185
1.83675,-0.00738457050192217
1.836875,-0.00522167987806116
1.837,-1.20851568446596e-14
1.837125,0.00522167987805357
1.83725,0.00738457050192217
1.837375,0.00522167987806894
1.8375,9.64618158273761e-15
1.837625,-0.0052216798780553
1.83775,-0.00738457050192217
1.837875,-0.00522167987806721
1.838,-7.2072063208156e-15
1.838125,0.00522167987805702
1.83825,0.00738457050192217
1.838375,0.00522167987806549
1.8385,4.76823105889358e-15
1.838625,-0.00522167987804925
1.83875,-0.00738457050192217
1.838875,-0.00522167987806376
1.839,-1.57617112897053e-14
1.839125,0.00522167987805097
1.83925,0.00738457050192217
1.839375,0.00522167987806204
1.8395,1.33227360277833e-14
1.839625,-0.0052216798780527
1.83975,-0.00738457050192217
1.839875,-0.00522167987806981
1.84,-1.08837607658613e-14
1.840125,0.00522167987805442
1.84025,0.00738457050192217
1.840375,0.00522167987805859
1.8405,8.44478550393927e-15
1.840625,-0.00522167987805615
1.84075,-0.00738457050192217
1.840875,-0.00522167987806636
1.841,-6.00581024201725e-15
1.841125,0.00522167987804837
1.84125,0.00738457050192217
1.841375,0.00522167987806464
1.8415,1.6999290472829e-14
1.841625,-0.00522167987805959
1.84175,-0.00738457050192217
1.841875,-0.00522167987807241
1.842,-1.12785971817323e-15
1.842125,0.00522167987805182
1.84225,0.00738457050192217
1.842375,0.00522167987806119
1.8425,1.21213399489849e-14
1.842625,-0.00522167987805355
1.84275,-0.00738457050192217
1.842875,-0.00522167987805946
1.843,-9.68236468706293e-15
1.843125,0.00522167987804577
1.84325,0.00738457050192217
1.843375,0.00522167987806724
1.8435,7.24338942514092e-15
1.843625,-0.00522167987805699
1.84375,-0.00738457050192217
1.843875,-0.00522167987806551
1.844,-4.80441416321891e-15
1.844125,0.00522167987804922
1.84425,0.00738457050192217
1.844375,0.00522167987806379
1.8445,2.3654389012969e-15
1.844625,-0.00522167987805095
1.84475,-0.00738457050192217
1.844875,-0.00522167987806206
1.845,-1.33589191321086e-14
1.845125,0.00522167987805267
1.84525,0.00738457050192217
1.845375,0.00522167987806984
1.8455,1.09199438701866e-14
1.845625,-0.00522167987805439
1.84575,-0.00738457050192217
1.845875,-0.00522167987806811
1.846,-8.48096860826459e-15
1.846125,0.00522167987805612
1.84625,0.00738457050192217
1.846375,0.00522167987806639
1.8465,6.04199334634258e-15
1.846625,-0.00522167987804835
1.84675,-0.00738457050192217
1.846875,-0.00522167987806466
1.847,-3.60301808442057e-15
1.847125,0.00522167987805007
1.84725,0.00738457050192217
1.847375,0.00522167987806294
1.8475,1.45964983152323e-14
1.847625,-0.0052216798780518
1.84775,-0.00738457050192217
1.847875,-0.00522167987807071
1.848,1.27493243942345e-15
1.848125,0.00522167987805352
1.84825,0.00738457050192217
1.848375,0.00522167987805949
1.8485,9.71854779138826e-15
1.848625,-0.00522167987805524
1.84875,-0.00738457050192217
1.848875,-0.00522167987806726
1.849,-7.27957252946625e-15
1.849125,0.00522167987804747
1.84925,0.00738457050192217
1.849375,0.00522167987806554
1.8495,1.8273052760278e-14
1.849625,-0.00522167987805869
1.84975,-0.00738457050192217
1.849875,-0.00522167987806381
1.85,-2.40162200562223e-15
1.850125,0.00522167987805092
1.85025,0.00738457050192217
1.850375,0.00522167987806209
1.8505,1.33951022364339e-14
1.850625,-0.00522167987805264
1.85075,-0.00738457050192217
1.850875,-0.00522167987806037
1.851,-1.09561269745119e-14
1.851125,0.00522167987805437
1.85125,0.00738457050192217
1.851375,0.00522167987806814
1.8515,8.51715171258992e-15
1.851625,-0.00522167987805609
1.85175,-0.00738457050192217
1.851875,-0.00522167987806641
1.852,-6.07817645066791e-15
1.852125,0.00522167987805782
1.85225,0.00738457050192217
1.852375,0.00522167987806469
1.8525,3.6392011887459e-15
1.852625,-0.00522167987805004
1.85275,-0.00738457050192217
1.852875,-0.00522167987806297
1.853,-1.46326814195576e-14
1.853125,0.00522167987805177
1.85325,0.00738457050192217
1.853375,0.00522167987806124
1.8535,1.21937061576356e-14
1.853625,-0.00522167987805349
1.85375,-0.00738457050192217
1.853875,-0.00522167987806901
1.854,-9.75473089571359e-15
1.854125,0.00522167987805522
1.85425,0.00738457050192217
1.854375,0.00522167987805779
1.8545,7.31575563379158e-15
1.854625,-0.00522167987804745
1.85475,-0.00738457050192217
1.854875,-0.00522167987806556
1.855,-4.87678037186957e-15
1.855125,0.00522167987804917
1.85525,0.00738457050192217
1.855375,0.00522167987806384
1.8555,1.58702606026813e-14
1.855625,-0.00522167987806039
1.85575,-0.00738457050192217
1.855875,-0.00522167987807161
1.856,1.17015197445412e-18
1.856125,0.00522167987805262
1.85625,0.00738457050192217
1.856375,0.00522167987806039
1.8565,1.09923100788373e-14
1.856625,-0.00522167987805434
1.85675,-0.00738457050192217
1.856875,-0.00522167987806816
1.857,-8.55333481691525e-15
1.857125,0.00522167987804657
1.85725,0.00738457050192217
1.857375,0.00522167987806644
1.8575,6.11435955499324e-15
1.857625,-0.00522167987805779
1.85775,-0.00738457050192217
1.857875,-0.00522167987806472
1.858,-3.67538429307123e-15
1.858125,0.00522167987805002
1.85825,0.00738457050192217
1.858375,0.00522167987806299
1.8585,1.23640903114922e-15
1.858625,-0.00522167987805174
1.85875,-0.00738457050192217
1.858875,-0.00522167987806127
1.859,-1.22298892619609e-14
1.859125,0.00522167987805347
1.85925,0.00738457050192217
1.859375,0.00522167987806904
1.8595,9.79091400003892e-15
1.859625,-0.00522167987805519
1.85975,-0.00738457050192217
1.859875,-0.00522167987806731
1.86,-7.35193873811691e-15
1.860125,0.00522167987805692
1.86025,0.00738457050192217
1.860375,0.00522167987806559
1.8605,4.9129634761949e-15
1.860625,-0.00522167987804914
1.86075,-0.00738457050192217
1.860875,-0.00522167987806387
1.861,-1.59064437070066e-14
1.861125,0.00522167987805087
1.86125,0.00738457050192217
1.861375,0.00522167987806214
1.8615,1.34674684450846e-14
1.861625,-0.00522167987805259
1.86175,-0.00738457050192217
1.861875,-0.00522167987806992
1.862,2.40396230957114e-15
1.862125,0.00522167987805432
1.86225,0.00738457050192217
1.862375,0.00522167987806819
1.8625,8.58951792124058e-15
1.862625,-0.00522167987805604
1.86275,-0.00738457050192217
1.862875,-0.00522167987806647
1.863,-6.15054265931857e-15
1.863125,0.00522167987804827
1.86325,0.00738457050192217
1.863375,0.00522167987806474
1.8635,1.71440228901303e-14
1.863625,-0.00522167987805949
1.86375,-0.00738457050192217
1.863875,-0.00522167987806302
1.864,-1.27259213547454e-15
1.864125,0.00522167987805172
1.86425,0.00738457050192217
1.864375,0.00522167987807079
1.8645,1.22660723662863e-14
1.864625,-0.00522167987805344
1.86475,-0.00738457050192217
1.864875,-0.00522167987805957
1.865,-9.82709710436425e-15
1.865125,0.00522167987805517
1.86525,0.00738457050192217
1.865375,0.00522167987806734
1.8655,7.38812184244224e-15
1.865625,-0.00522167987805689
1.86575,-0.00738457050192217
1.865875,-0.00522167987806562
1.866,-4.94914658052022e-15
1.866125,0.00522167987805862
1.86625,0.00738457050192217
1.866375,0.00522167987807339
1.8665,2.51017131859821e-15
1.866625,-0.00522167987805084
1.86675,-0.00738457050192217
1.866875,-0.00522167987806217
1.867,-1.35036515494099e-14
1.867125,0.00522167987805257
1.86725,0.00738457050192217
1.867375,0.00522167987806994
1.8675,1.10646762874879e-14
1.867625,-0.00522167987805429
1.86775,-0.00738457050192217
1.867875,-0.00522167987806822
1.868,-8.62570102556591e-15
1.868125,0.00522167987805602
1.86825,0.00738457050192217
1.868375,0.00522167987806649
1.8685,6.18672576364389e-15
1.868625,-0.00522167987804824
1.86875,-0.00738457050192217
1.868875,-0.00522167987806477
1.869,-3.74775050172188e-15
1.869125,0.00522167987804997
1.86925,0.00738457050192217
1.869375,0.00522167987806304
1.8695,1.47412307325336e-14
1.869625,-0.00522167987805169
1.86975,-0.00738457050192217
1.869875,-0.00522167987807081
1.87,1.13020002212214e-15
1.870125,0.00522167987805342
1.87025,0.00738457050192217
1.870375,0.00522167987806909
1.8705,9.86328020868958e-15
1.870625,-0.00522167987805514
1.87075,-0.00738457050192217
1.870875,-0.00522167987806737
1.871,-7.42430494676756e-15
1.871125,0.00522167987804737
1.87125,0.00738457050192217
1.871375,0.00522167987806564
1.8715,4.98532968484555e-15
1.871625,-0.00522167987805859
1.87175,-0.00738457050192217
1.871875,-0.00522167987806392
1.872,-2.54635442292354e-15
1.872125,0.00522167987805082
1.87225,0.00738457050192217
1.872375,0.00522167987807169
1.8725,1.0737916100153e-16
1.872625,-0.00522167987805254
1.87275,-0.00738457050192217
1.872875,-0.00522167987806047
1.873,-1.11008593918132e-14
1.873125,0.00522167987805427
1.87325,0.00738457050192217
1.873375,0.00522167987806824
1.8735,8.66188412989123e-15
1.873625,-0.00522167987805599
1.87375,-0.00738457050192217
1.873875,-0.00522167987806652
1.874,-6.22290886796922e-15
1.874125,0.00522167987805772
1.87425,0.00738457050192217
1.874375,0.00522167987806479
1.8745,3.78393360604721e-15
1.874625,-0.00522167987804994
1.87475,-0.00738457050192217
1.874875,-0.00522167987806307
1.875,-1.47774138368589e-14
1.875125,0.00522167987805167
1.87525,0.00738457050192217
1.875375,0.00522167987806134
1.8755,1.23384385749369e-14
1.875625,-0.00522167987805339
1.87575,-0.00738457050192217
1.875875,-0.00522167987806912
1.876,-9.8994633130149e-15
1.876125,0.00522167987805512
1.87625,0.00738457050192217
1.876375,0.00522167987806739
1.8765,7.46048805109289e-15
1.876625,-0.00522167987805684
1.87675,-0.00738457050192217
1.876875,-0.00522167987806567
1.877,-5.02151278917088e-15
1.877125,0.00522167987804907
1.87725,0.00738457050192217
1.877375,0.00522167987806394
1.8775,1.60149930199826e-14
1.877625,-0.00522167987806029
1.87775,-0.00738457050192217
1.877875,-0.00522167987806222
1.878,-1.35760177580606e-14
1.878125,0.00522167987805252
1.87825,0.00738457050192217
1.878375,0.00522167987806999
1.8785,1.11370424961386e-14
1.878625,-0.00522167987805424
1.87875,-0.00738457050192217
1.878875,-0.00522167987805877
1.879,-8.69806723421656e-15
1.879125,0.00522167987804647
1.87925,0.00738457050192217
1.879375,0.00522167987806654
1.8795,6.25909197229455e-15
1.879625,-0.00522167987805769
1.87975,-0.00738457050192217
1.879875,-0.00522167987806482
1.88,-1.72525722031063e-14
1.880125,0.00522167987804992
1.88025,0.00738457050192217
1.880375,0.00522167987807259
1.8805,1.38114144845053e-15
1.880625,-0.00522167987805164
1.88075,-0.00738457050192217
1.880875,-0.00522167987806137
1.881,-1.23746216792622e-14
1.881125,0.00522167987805337
1.88125,0.00738457050192217
1.881375,0.00522167987806914
1.8815,9.93564641734023e-15
1.881625,-0.00522167987805509
1.88175,-0.00738457050192217
1.881875,-0.00522167987806742
1.882,-7.49667115541822e-15
1.882125,0.00522167987805682
1.88225,0.00738457050192217
1.882375,0.00522167987806569
1.8825,5.05769589349621e-15
1.882625,-0.00522167987804904
1.88275,-0.00738457050192217
1.882875,-0.00522167987806397
1.883,-2.6187206315742e-15
1.883125,0.00522167987805077
1.88325,0.00738457050192217
1.883375,0.00522167987806224
1.8835,1.36122008623859e-14
1.883625,-0.00522167987805249
1.88375,-0.00738457050192217
1.883875,-0.00522167987807002
1.884,-1.11732256004639e-14
1.884125,0.00522167987805422
1.88425,0.00738457050192217
1.884375,0.00522167987806829
1.8845,8.73425033854189e-15
1.884625,-0.00522167987805594
1.88475,-0.00738457050192217
1.884875,-0.00522167987806657
1.885,-6.29527507661988e-15
1.885125,0.00522167987804817
1.88525,0.00738457050192217
1.885375,0.00522167987806484
1.8855,1.72887553074316e-14
1.885625,-0.00522167987805939
1.88575,-0.00738457050192217
1.885875,-0.00522167987806312
1.886,-1.48497800455096e-14
1.886125,0.00522167987805162
1.88625,0.00738457050192217
1.886375,0.00522167987807089
1.8865,1.24108047835876e-14
1.886625,-0.00522167987805334
1.88675,-0.00738457050192217
1.886875,-0.00522167987805967
1.887,-9.97182952166556e-15
1.887125,0.00522167987805507
1.88725,0.00738457050192217
1.887375,0.00522167987806744
1.8875,7.53285425974355e-15
1.887625,-0.00522167987805679
1.88775,-0.00738457050192217
1.887875,-0.00522167987806572
1.888,-1.85263344905553e-14
1.888125,0.00522167987805851
1.88825,0.00738457050192217
1.888375,0.00522167987806399
1.8885,2.65490373589953e-15
1.888625,-0.00522167987805074
1.88875,-0.00738457050192217
1.888875,-0.00522167987806227
1.889,-1.36483839667112e-14
1.889125,0.00522167987805246
1.88925,0.00738457050192217
1.889375,0.00522167987806054
1.8895,1.12094087047892e-14
1.889625,-0.00522167987805419
1.88975,-0.00738457050192217
1.889875,-0.00522167987806832
1.89,-8.77043344286722e-15
1.890125,0.00522167987805591
1.89025,0.00738457050192217
1.890375,0.00522167987806659
1.8905,6.33145818094521e-15
1.890625,-0.00522167987805764
1.89075,-0.00738457050192217
1.890875,-0.00522167987806487
1.891,-3.8924829190232e-15
1.891125,0.00522167987804987
1.89125,0.00738457050192217
1.891375,0.00522167987806314
1.8915,1.48859631498349e-14
1.891625,-0.00522167987805159
1.89175,-0.00738457050192217
1.891875,-0.00522167987807092
1.892,-1.24469878879129e-14
1.892125,0.00522167987805331
1.89225,0.00738457050192217
1.892375,0.00522167987806919
1.8925,1.00080126259909e-14
1.892625,-0.00522167987805504
1.89275,-0.00738457050192217
1.892875,-0.00522167987806747
1.893,-7.56903736406888e-15
1.893125,0.00522167987804727
1.89325,0.00738457050192217
1.893375,0.00522167987806574
1.8935,5.13006210214687e-15
1.893625,-0.00522167987804899
1.89375,-0.00738457050192217
1.893875,-0.00522167987806402
1.894,-1.61235423329586e-14
1.894125,0.00522167987805072
1.89425,0.00738457050192217
1.894375,0.00522167987807179
1.8945,2.52111578302843e-16
1.894625,-0.00522167987805244
1.89475,-0.00738457050192217
1.894875,-0.00522167987806057
1.895,-1.12455918091146e-14
1.895125,0.00522167987805416
1.89525,0.00738457050192217
1.895375,0.00522167987806834
1.8955,8.80661654719255e-15
1.895625,-0.00522167987804639
1.89575,-0.00738457050192217
1.895875,-0.00522167987806662
1.896,-1.98000967780043e-14
1.896125,0.00522167987805761
1.89625,0.00738457050192217
1.896375,0.00522167987806489
1.8965,3.92866602334852e-15
1.896625,-0.00522167987804984
1.89675,-0.00738457050192217
1.896875,-0.00522167987806317
1.897,-1.48969076142651e-15
1.897125,0.00522167987805157
1.89725,0.00738457050192217
1.897375,0.00522167987806144
1.8975,1.24831709922382e-14
1.897625,-0.00522167987805329
1.89775,-0.00738457050192217
1.897875,-0.00522167987806922
1.898,-1.00441957303162e-14
1.898125,0.00522167987805501
1.89825,0.00738457050192217
1.898375,0.00522167987806749
1.8985,7.60522046839421e-15
1.898625,-0.00522167987805674
1.89875,-0.00738457050192217
1.898875,-0.00522167987806577
1.899,-5.16624520647219e-15
1.899125,0.00522167987804897
1.89925,0.00738457050192217
1.899375,0.00522167987806404
1.8995,1.61597254372839e-14
1.899625,-0.00522167987805069
1.89975,-0.00738457050192217
1.899875,-0.00522167987806232
1.9,-1.37207501753619e-14
1.900125,0.00522167987805241
1.90025,0.00738457050192217
1.900375,0.00522167987807009
1.9005,1.12817749134399e-14
1.900625,-0.00522167987805414
1.90075,-0.00738457050192217
1.900875,-0.00522167987805887
1.901,-8.84279965151787e-15
1.901125,0.00522167987805586
1.90125,0.00738457050192217
1.901375,0.00522167987806664
1.9015,6.40382438959586e-15
1.901625,-0.00522167987804809
1.90175,-0.00738457050192217
1.901875,-0.00522167987806492
1.902,-1.73973046204076e-14
1.902125,0.00522167987805931
1.90225,0.00738457050192217
1.902375,0.00522167987807269
1.9025,1.52587386575184e-15
1.902625,-0.00522167987805154
1.90275,-0.00738457050192217
1.902875,-0.00522167987806147
1.903,-1.25193540965636e-14
1.903125,0.00522167987805326
1.90325,0.00738457050192217
1.903375,0.00522167987805975
1.9035,1.00803788346415e-14
1.903625,-0.00522167987804549
1.90375,-0.00738457050192217
1.903875,-0.00522167987806752
1.904,-7.64140357271953e-15
1.904125,0.00522167987805671
1.90425,0.00738457050192217
1.904375,0.0052216798780658
1.9045,5.20242831079752e-15
1.904625,-0.00522167987804894
1.90475,-0.00738457050192217
1.904875,-0.00522167987806407
1.905,-2.76345304887551e-15
1.905125,0.00522167987805066
1.90525,0.00738457050192217
1.905375,0.00522167987806235
1.9055,1.37569332796872e-14
1.905625,-0.00522167987805239
1.90575,-0.00738457050192217
1.905875,-0.00522167987807012
1.906,-1.13179580177652e-14
1.906125,0.00522167987805411
1.90625,0.00738457050192217
1.906375,0.00522167987806839
1.9065,8.8789827558432e-15
1.906625,-0.00522167987805584
1.90675,-0.00738457050192217
1.906875,-0.00522167987806667
1.907,-6.44000749392119e-15
1.907125,0.00522167987804806
1.90725,0.00738457050192217
1.907375,0.00522167987806495
1.9075,4.00103223199918e-15
1.907625,-0.00522167987804979
1.90775,-0.00738457050192217
1.907875,-0.00522167987806322
1.908,-1.49945124628109e-14
1.908125,0.00522167987805151
1.90825,0.00738457050192217
1.908375,0.00522167987807099
1.9085,-8.76918291844842e-16
1.908625,-0.00522167987805324
1.90875,-0.00738457050192217
1.908875,-0.00522167987805977
1.909,-1.01165619389669e-14
1.909125,0.00522167987805496
1.90925,0.00738457050192217
1.909375,0.00522167987806755
1.9095,7.67758667704486e-15
1.909625,-0.00522167987804719
1.90975,-0.00738457050192217
1.909875,-0.00522167987806582
1.91,-1.86710669078566e-14
1.910125,0.00522167987805841
1.91025,0.00738457050192217
1.910375,0.0052216798780641
1.9105,2.79963615320084e-15
1.910625,-0.00522167987805064
1.91075,-0.00738457050192217
1.910875,-0.00522167987806237
1.911,-1.37931163840126e-14
1.911125,0.00522167987805236
1.91125,0.00738457050192217
1.911375,0.00522167987806065
1.9115,1.13541411220905e-14
1.911625,-0.00522167987805409
1.91175,-0.00738457050192217
1.911875,-0.00522167987806842
1.912,-8.91516586016853e-15
1.912125,0.00522167987805581
1.91225,0.00738457050192217
1.912375,0.0052216798780667
1.9125,6.47619059824652e-15
1.912625,-0.00522167987805754
1.91275,-0.00738457050192217
1.912875,-0.00522167987806497
1.913,-4.03721533632451e-15
1.913125,0.00522167987804976
1.91325,0.00738457050192217
1.913375,0.00522167987806325
1.9135,1.50306955671362e-14
1.913625,-0.00522167987805149
1.91375,-0.00738457050192217
1.913875,-0.00522167987806152
1.914,-1.25917203052142e-14
1.914125,0.00522167987805321
1.91425,0.00738457050192217
1.914375,0.0052216798780693
1.9145,1.01527450432922e-14
1.914625,-0.00522167987805494
1.91475,-0.00738457050192217
1.914875,-0.00522167987805807
1.915,-7.71376978137019e-15
1.915125,0.00522167987804716
1.91525,0.00738457050192217
1.915375,0.00522167987806585
1.9155,5.27479451944818e-15
1.915625,-0.00522167987804889
1.91575,-0.00738457050192217
1.915875,-0.00522167987806412
1.916,-1.62682747502599e-14
1.916125,0.00522167987806011
1.91625,0.00738457050192217
1.916375,0.00522167987807189
1.9165,3.96843995604156e-16
1.916625,-0.00522167987805234
1.91675,-0.00738457050192217
1.916875,-0.00522167987806067
1.917,-1.13903242264159e-14
1.917125,0.00522167987805406
1.91725,0.00738457050192217
1.917375,0.00522167987806845
1.9175,8.95134896449386e-15
1.917625,-0.00522167987804629
1.91775,-0.00738457050192217
1.917875,-0.00522167987806672
1.918,-6.51237370257185e-15
1.918125,0.00522167987805751
1.91825,0.00738457050192217
1.918375,0.005221679878065
1.9185,4.07339844064984e-15
1.918625,-0.00522167987804974
1.91875,-0.00738457050192217
1.918875,-0.00522167987806327
1.919,-1.63442317872783e-15
1.919125,0.00522167987805146
1.91925,0.00738457050192217
1.919375,0.00522167987806155
1.9195,1.26279034095395e-14
1.919625,-0.00522167987805319
1.91975,-0.00738457050192217
1.919875,-0.00522167987806932
1.92,-1.01889281476175e-14
1.920125,0.00522167987805491
1.92025,0.00738457050192217
1.920375,0.0052216798780676
1.9205,7.74995288569552e-15
1.920625,-0.00522167987805664
1.92075,-0.00738457050192217
1.920875,-0.00522167987806587
1.921,-5.31097762377351e-15
1.921125,0.00522167987804886
1.92125,0.00738457050192217
1.921375,0.00522167987806415
1.9215,1.63044578545852e-14
1.921625,-0.00522167987805059
1.92175,-0.00738457050192217
1.921875,-0.00522167987806242
1.922,-1.38654825926632e-14
1.922125,0.00522167987805231
1.92225,0.00738457050192217
1.922375,0.0052216798780702
1.9225,-2.00594816199253e-15
1.922625,-0.00522167987805404
1.92275,-0.00738457050192217
1.922875,-0.00522167987806847
1.923,-8.98753206881919e-15
1.923125,0.00522167987805576
1.92325,0.00738457050192217
1.923375,0.00522167987806675
1.9235,6.54855680689718e-15
1.923625,-0.00522167987804799
1.92375,-0.00738457050192217
1.923875,-0.00522167987806502
1.924,-1.75420370377089e-14
1.924125,0.00522167987805921
1.92425,0.00738457050192217
1.924375,0.0052216798780633
1.9245,1.67060628305315e-15
1.924625,-0.00522167987805144
1.92475,-0.00738457050192217
1.924875,-0.00522167987807107
1.925,-1.26640865138649e-14
1.925125,0.00522167987805316
1.92525,0.00738457050192217
1.925375,0.00522167987805985
1.9255,1.02251112519429e-14
1.925625,-0.00522167987805489
1.92575,-0.00738457050192217
1.925875,-0.00522167987806762
1.926,-7.78613599002085e-15
1.926125,0.00522167987805661
1.92625,0.00738457050192217
1.926375,0.0052216798780659
1.9265,5.34716072809884e-15
1.926625,-0.00522167987805834
1.92675,-0.00738457050192217
1.926875,-0.00522167987807367
1.927,-2.90818546617682e-15
1.927125,0.00522167987805056
1.92725,0.00738457050192217
1.927375,0.00522167987806245
1.9275,1.39016656969885e-14
1.927625,-0.00522167987805229
1.92775,-0.00738457050192217
1.927875,-0.00522167987807022
1.928,-1.14626904350665e-14
1.928125,0.00522167987805401
1.92825,0.00738457050192217
1.928375,0.0052216798780685
1.9285,9.02371517314452e-15
1.928625,-0.00522167987805574
1.92875,-0.00738457050192217
1.928875,-0.00522167987806677
1.929,-6.58473991122251e-15
1.929125,0.00522167987804796
1.92925,0.00738457050192217
1.929375,0.00522167987806505
1.9295,4.14576464930049e-15
1.929625,-0.00522167987804969
1.92975,-0.00738457050192217
1.929875,-0.00522167987806332
1.93,-1.51392448801122e-14
1.930125,0.00522167987805141
1.93025,0.00738457050192217
1.930375,0.0052216798780711
1.9305,-7.32185874543529e-16
1.930625,-0.00522167987805314
1.93075,-0.00738457050192217
1.930875,-0.00522167987806937
1.931,-1.02612943562682e-14
1.931125,0.00522167987805486
1.93125,0.00738457050192217
1.931375,0.00522167987806765
1.9315,7.82231909434617e-15
1.931625,-0.00522167987804709
1.93175,-0.00738457050192217
1.931875,-0.00522167987806592
1.932,-5.38334383242416e-15
1.932125,0.00522167987805831
1.93225,0.00738457050192217
1.932375,0.0052216798780642
1.9325,2.94436857050215e-15
1.932625,-0.00522167987805054
1.93275,-0.00738457050192217
1.932875,-0.00522167987807197
1.933,-5.05393308580141e-16
1.933125,0.00522167987805226
1.93325,0.00738457050192217
1.933375,0.00522167987806075
1.9335,1.14988735393919e-14
1.933625,-0.00522167987805399
1.93375,-0.00738457050192217
1.933875,-0.00522167987806852
1.934,-9.05989827746984e-15
1.934125,0.00522167987805571
1.93425,0.00738457050192217
1.934375,0.0052216798780668
1.9345,6.62092301554783e-15
1.934625,-0.00522167987805743
1.93475,-0.00738457050192217
1.934875,-0.00522167987806507
1.935,-4.18194775362582e-15
1.935125,0.00522167987804966
1.93525,0.00738457050192217
1.935375,0.00522167987806335
1.9355,1.51754279844375e-14
1.935625,-0.00522167987805139
1.93575,-0.00738457050192217
1.935875,-0.00522167987806162
1.936,-1.27364527225155e-14
1.936125,0.00522167987805311
1.93625,0.00738457050192217
1.936375,0.0052216798780694
1.9365,1.02974774605935e-14
1.936625,-0.00522167987805483
1.93675,-0.00738457050192217
1.936875,-0.00522167987806767
1.937,-7.8585021986715e-15
1.937125,0.00522167987805656
1.93725,0.00738457050192217
1.937375,0.00522167987806595
1.9375,5.41952693674949e-15
1.937625,-0.00522167987804879
1.93775,-0.00738457050192217
1.937875,-0.00522167987806422
1.938,-1.64130071675612e-14
1.938125,0.00522167987806001
1.93825,0.00738457050192217
1.938375,0.0052216798780625
1.9385,1.39740319056392e-14
1.938625,-0.00522167987805224
1.93875,-0.00738457050192217
1.938875,-0.00522167987807027
1.939,-1.15350566437172e-14
1.939125,0.00522167987805396
1.93925,0.00738457050192217
1.939375,0.00522167987805905
1.9395,9.09608138179517e-15
1.939625,-0.00522167987804619
1.93975,-0.00738457050192217
1.939875,-0.00522167987806682
1.94,-6.65710611987316e-15
1.940125,0.00522167987805741
1.94025,0.00738457050192217
1.940375,0.0052216798780651
1.9405,1.76505863506849e-14
1.940625,-0.00522167987804964
1.94075,-0.00738457050192217
1.940875,-0.00522167987807287
1.941,-1.77915559602914e-15
1.941125,0.00522167987805136
1.94125,0.00738457050192217
1.941375,0.00522167987806165
1.9415,1.27726358268409e-14
1.941625,-0.00522167987805309
1.94175,-0.00738457050192217
1.941875,-0.00522167987806942
1.942,-1.03336605649188e-14
1.942125,0.00522167987805481
1.94225,0.00738457050192217
1.942375,0.0052216798780677
1.9425,7.89468530299683e-15
1.942625,-0.00522167987805653
1.94275,-0.00738457050192217
1.942875,-0.00522167987806597
1.943,-5.45571004107482e-15
1.943125,0.00522167987804876
1.94325,0.00738457050192217
1.943375,0.00522167987806425
1.9435,3.01673477915281e-15
1.943625,-0.00522167987805049
1.94375,-0.00738457050192217
1.943875,-0.00522167987806252
1.944,-1.40102150099645e-14
1.944125,0.00522167987805221
1.94425,0.00738457050192217
1.944375,0.0052216798780703
1.9445,1.15712397480425e-14
1.944625,-0.00522167987805393
1.94475,-0.00738457050192217
1.944875,-0.00522167987806857
1.945,-9.1322644861205e-15
1.945125,0.00522167987805566
1.94525,0.00738457050192217
1.945375,0.00522167987806685
1.9455,6.69328922419849e-15
1.945625,-0.00522167987804789
1.94575,-0.00738457050192217
1.945875,-0.00522167987806512
1.946,-1.76867694550102e-14
1.946125,0.00522167987805911
1.94625,0.00738457050192217
1.946375,0.0052216798780634
1.9465,1.52477941930882e-14
1.946625,-0.00522167987805133
1.94675,-0.00738457050192217
1.946875,-0.00522167987807117
1.947,-1.28088189311662e-14
1.947125,0.00522167987805306
1.94725,0.00738457050192217
1.947375,0.00522167987805995
1.9475,1.03698436692442e-14
1.947625,-0.00522167987805478
1.94775,-0.00738457050192217
1.947875,-0.00522167987806772
1.948,-7.93086840732216e-15
1.948125,0.00522167987805651
1.94825,0.00738457050192217
1.948375,0.005221679878066
1.9485,1.89243486381339e-14
1.948625,-0.00522167987805823
1.94875,-0.00738457050192217
1.948875,-0.00522167987806427
1.949,-3.05291788347814e-15
1.949125,0.00522167987805046
1.94925,0.00738457050192217
1.949375,0.00522167987806255
1.9495,1.40463981142899e-14
1.949625,-0.00522167987805218
1.94975,-0.00738457050192217
1.949875,-0.00522167987806083
1.95,-1.16074228523678e-14
1.950125,0.00522167987805391
1.95025,0.00738457050192217
1.950375,0.0052216798780686
1.9505,9.16844759044583e-15
1.950625,-0.00522167987805563
1.95075,-0.00738457050192217
1.950875,-0.00522167987806688
1.951,-6.72947232852382e-15
1.951125,0.00522167987805736
1.95125,0.00738457050192217
1.951375,0.00522167987806515
1.9515,4.29049706660181e-15
1.951625,-0.00522167987804958
1.95175,-0.00738457050192217
1.951875,-0.00522167987806343
1.952,-1.52839772974135e-14
1.952125,0.00522167987806081
1.95225,0.00738457050192217
1.952375,0.0052216798780712
1.9525,1.28450020354915e-14
1.952625,-0.00522167987805303
1.95275,-0.00738457050192217
1.952875,-0.00522167987806947
1.953,-1.04060267735695e-14
1.953125,0.00522167987805476
1.95325,0.00738457050192217
1.953375,0.00522167987806775
1.9535,7.96705151164749e-15
1.953625,-0.00522167987804698
1.95375,-0.00738457050192217
1.953875,-0.00522167987806603
1.954,-5.52807624972548e-15
1.954125,0.00522167987804871
1.95425,0.00738457050192217
1.954375,0.0052216798780643
1.9545,1.65215564805372e-14
1.954625,-0.00522167987805043
1.95475,-0.00738457050192217
1.954875,-0.00522167987807207
1.955,-6.50125725881454e-16
1.955125,0.00522167987805216
1.95525,0.00738457050192217
1.955375,0.00522167987806085
1.9555,1.16436059566932e-14
1.955625,-0.00522167987805388
1.95575,-0.00738457050192217
1.955875,-0.00522167987806863
1.956,-9.20463069477116e-15
1.956125,0.00522167987804611
1.95625,0.00738457050192217
1.956375,0.0052216798780669
1.9565,2.01981109255829e-14
1.956625,-0.00522167987805733
1.95675,-0.00738457050192217
1.956875,-0.00522167987806518
1.957,-4.32668017092713e-15
1.957125,0.00522167987804956
1.95725,0.00738457050192217
1.957375,0.00522167987806345
1.9575,1.88770490900512e-15
1.957625,-0.00522167987805128
1.95775,-0.00738457050192217
1.957875,-0.00522167987806173
1.958,-1.28811851398168e-14
1.958125,0.00522167987805301
1.95825,0.00738457050192217
1.958375,0.0052216798780695
1.9585,1.04422098778948e-14
1.958625,-0.00522167987805473
1.95875,-0.00738457050192217
1.958875,-0.00522167987806778
1.959,-8.00323461597282e-15
1.959125,0.00522167987805646
1.95925,0.00738457050192217
1.959375,0.00522167987806605
1.9595,5.56425935405081e-15
1.959625,-0.00522167987804868
1.95975,-0.00738457050192217
1.959875,-0.00522167987806433
1.96,-1.65577395848625e-14
1.960125,0.00522167987805041
1.96025,0.00738457050192217
1.960375,0.0052216798780626
1.9605,1.41187643229405e-14
1.960625,-0.00522167987805213
1.96075,-0.00738457050192217
1.960875,-0.00522167987807037
1.961,-1.16797890610185e-14
1.961125,0.00522167987805386
1.96125,0.00738457050192217
1.961375,0.00522167987805915
1.9615,9.24081379909649e-15
1.961625,-0.00522167987805558
1.96175,-0.00738457050192217
1.961875,-0.00522167987806693
1.962,-6.80183853717447e-15
1.962125,0.00522167987804781
1.96225,0.00738457050192217
1.962375,0.0052216798780652
1.9625,1.77953187679862e-14
1.962625,-0.00522167987805903
1.96275,-0.00738457050192217
1.962875,-0.00522167987807297
1.963,-1.92388801333045e-15
1.963125,0.00522167987805126
1.96325,0.00738457050192217
1.963375,0.00522167987806175
1.9635,1.29173682441422e-14
1.963625,-0.00522167987805298
1.96375,-0.00738457050192217
1.963875,-0.00522167987806003
1.964,-1.04783929822202e-14
1.964125,0.00522167987804521
1.96425,0.00738457050192217
1.964375,0.0052216798780678
1.9645,8.03941772029814e-15
1.964625,-0.00522167987805643
1.96475,-0.00738457050192217
1.964875,-0.00522167987806608
1.965,-5.60044245837613e-15
1.965125,0.00522167987804866
1.96525,0.00738457050192217
1.965375,0.00522167987806435
1.9655,3.16146719645412e-15
1.965625,-0.00522167987805038
1.96575,-0.00738457050192217
1.965875,-0.00522167987806263
1.966,-1.41549474272658e-14
1.966125,0.00522167987805211
1.96625,0.00738457050192217
1.966375,0.0052216798780704
1.9665,1.17159721653438e-14
1.966625,-0.00522167987805383
1.96675,-0.00738457050192217
1.966875,-0.00522167987806868
1.967,-9.27699690342181e-15
1.967125,0.00522167987805556
1.96725,0.00738457050192217
1.967375,0.00522167987806695
1.9675,6.8380216414998e-15
1.967625,-0.00522167987804778
1.96775,-0.00738457050192217
1.967875,-0.00522167987806523
1.968,-4.39904637957779e-15
1.968125,0.00522167987804951
1.96825,0.00738457050192217
1.968375,0.0052216798780635
1.9685,1.53925266103895e-14
1.968625,-0.00522167987805123
1.96875,-0.00738457050192217
1.968875,-0.00522167987807128
1.969,4.78904144266232e-16
1.969125,0.00522167987805296
1.96925,0.00738457050192217
1.969375,0.00522167987806005
1.9695,1.05145760865455e-14
1.969625,-0.00522167987805468
1.96975,-0.00738457050192217
1.969875,-0.00522167987806783
1.97,-8.07560082462347e-15
1.970125,0.00522167987804691
1.97025,0.00738457050192217
1.970375,0.0052216798780661
1.9705,1.90690810554352e-14
1.970625,-0.00522167987805813
1.97075,-0.00738457050192217
1.970875,-0.00522167987806438
1.971,-3.19765030077945e-15
1.971125,0.00522167987805036
1.97125,0.00738457050192217
1.971375,0.00522167987806265
1.9715,1.41911305315912e-14
1.971625,-0.00522167987805208
1.97175,-0.00738457050192217
1.971875,-0.00522167987806093
1.972,-1.17521552696692e-14
1.972125,0.00522167987805381
1.97225,0.00738457050192217
1.972375,0.0052216798780687
1.9725,9.31318000774714e-15
1.972625,-0.00522167987805553
1.97275,-0.00738457050192217
1.972875,-0.00522167987806698
1.973,-6.87420474582513e-15
1.973125,0.00522167987805726
1.97325,0.00738457050192217
1.973375,0.00522167987806525
1.9735,4.43522948390312e-15
1.973625,-0.00522167987804948
1.97375,-0.00738457050192217
1.973875,-0.00522167987806353
1.974,-1.54287097147148e-14
1.974125,0.00522167987805121
1.97425,0.00738457050192217
1.974375,0.0052216798780618
1.9745,1.29897344527928e-14
1.974625,-0.00522167987805293
1.97475,-0.00738457050192217
1.974875,-0.00522167987806958
1.975,-1.05507591908708e-14
1.975125,0.00522167987805466
1.97525,0.00738457050192217
1.975375,0.00522167987805835
1.9755,8.1117839289488e-15
1.975625,-0.00522167987804688
1.97575,-0.00738457050192217
1.975875,-0.00522167987806613
1.976,-5.67280866702679e-15
1.976125,0.00522167987804861
1.97625,0.00738457050192217
1.976375,0.0052216798780644
1.9765,1.66662888978385e-14
1.976625,-0.00522167987805983
1.97675,-0.00738457050192217
1.976875,-0.00522167987807218
1.977,-7.94858143182766e-16
1.977125,0.00522167987805206
1.97725,0.00738457050192217
1.977375,0.00522167987806095
1.9775,1.17883383739945e-14
1.977625,-0.00522167987805378
1.97775,-0.00738457050192217
1.977875,-0.00522167987806873
1.978,-9.34936311207247e-15
1.978125,0.00522167987804601
1.97825,0.00738457050192217
1.978375,0.005221679878067
1.9785,6.91038785015046e-15
1.978625,-0.00522167987805723
1.97875,-0.00738457050192217
1.978875,-0.00522167987806528
1.979,-4.47141258822845e-15
1.979125,0.00522167987804946
1.97925,0.00738457050192217
1.979375,0.00522167987806355
1.9795,2.03243732630644e-15
1.979625,-0.00522167987805118
1.97975,-0.00738457050192217
1.979875,-0.00522167987806183
1.98,-1.30259175571182e-14
1.980125,0.00522167987805291
1.98025,0.00738457050192217
1.980375,0.0052216798780696
1.9805,1.05869422951961e-14
1.980625,-0.00522167987805463
1.98075,-0.00738457050192217
1.980875,-0.00522167987806788
1.981,-8.14796703327413e-15
1.981125,0.00522167987805635
1.98125,0.00738457050192217
1.981375,0.00522167987806615
1.9815,5.70899177135212e-15
1.981625,-0.00522167987804858
1.98175,-0.00738457050192217
1.981875,-0.00522167987806443
1.982,-1.67024720021638e-14
1.982125,0.00522167987805031
1.98225,0.00738457050192217
1.982375,0.0052216798780627
1.9825,1.42634967402418e-14
1.982625,-0.00522167987805203
1.98275,-0.00738457050192217
1.982875,-0.00522167987807048
1.983,1.60793401441392e-15
1.983125,0.00522167987805375
1.98325,0.00738457050192217
1.983375,0.00522167987805925
1.9835,9.3855462163978e-15
1.983625,-0.00522167987805548
1.98375,-0.00738457050192217
1.983875,-0.00522167987806703
1.984,-6.94657095447579e-15
1.984125,0.00522167987804771
1.98425,0.00738457050192217
1.984375,0.0052216798780653
1.9845,1.79400511852875e-14
1.984625,-0.00522167987805893
1.98475,-0.00738457050192217
1.984875,-0.00522167987806358
1.985,-2.06862043063176e-15
1.985125,0.00522167987805116
1.98525,0.00738457050192217
1.985375,0.00522167987807135
1.9855,1.30621006614435e-14
1.985625,-0.00522167987805288
1.98575,-0.00738457050192217
1.985875,-0.00522167987806013
1.986,-1.06231253995215e-14
1.986125,0.0052216798780546
1.98625,0.00738457050192217
1.986375,0.0052216798780679
1.9865,8.18415013759946e-15
1.986625,-0.00522167987805633
1.98675,-0.00738457050192217
1.986875,-0.00522167987806618
1.987,-5.74517487567745e-15
1.987125,0.00522167987805805
1.98725,0.00738457050192217
1.987375,0.00522167987807395
1.9875,3.30619961375543e-15
1.987625,-0.00522167987805028
1.98775,-0.00738457050192217
1.987875,-0.00522167987806273
1.988,-1.42996798445671e-14
1.988125,0.00522167987805201
1.98825,0.00738457050192217
1.988375,0.0052216798780705
1.9885,1.18607045826451e-14
1.988625,-0.00522167987805373
1.98875,-0.00738457050192217
1.988875,-0.00522167987806878
1.989,-9.42172932072313e-15
1.989125,0.00522167987805545
1.98925,0.00738457050192217
1.989375,0.00522167987806705
1.9895,6.98275405880112e-15
1.989625,-0.00522167987804768
1.98975,-0.00738457050192217
1.989875,-0.00522167987806533
1.99,-4.5437787968791e-15
1.990125,0.00522167987804941
1.99025,0.00738457050192217
1.990375,0.0052216798780636
1.9905,1.55372590276908e-14
1.990625,-0.00522167987805113
1.99075,-0.00738457050192217
1.990875,-0.00522167987807138
1.991,3.34171726964919e-16
1.991125,0.00522167987805285
1.99125,0.00738457050192217
1.991375,0.00522167987806965
1.9915,1.06593085038468e-14
1.991625,-0.00522167987805458
1.99175,-0.00738457050192217
1.991875,-0.00522167987806793
1.992,-8.22033324192478e-15
1.992125,0.00522167987804681
1.99225,0.00738457050192217
1.992375,0.0052216798780662
1.9925,5.78135798000277e-15
1.992625,-0.00522167987805803
1.99275,-0.00738457050192217
1.992875,-0.00522167987806448
1.993,-3.34238271808076e-15
1.993125,0.00522167987805025
1.99325,0.00738457050192217
1.993375,0.00522167987807225
1.9935,9.03407456158751e-16
1.993625,-0.00522167987805198
1.99375,-0.00738457050192217
1.993875,-0.00522167987806103
1.994,-1.18968876869705e-14
1.994125,0.0052216798780537
1.99425,0.00738457050192217
1.994375,0.0052216798780688
1.9945,9.45791242504846e-15
1.994625,-0.00522167987805543
1.99475,-0.00738457050192217
1.994875,-0.00522167987806708
1.995,-7.01893716312644e-15
1.995125,0.00522167987805715
1.99525,0.00738457050192217
1.995375,0.00522167987806535
1.9955,4.57996190120443e-15
1.995625,-0.00522167987804938
1.99575,-0.00738457050192217
1.995875,-0.00522167987806363
1.996,-1.55734421320161e-14
1.996125,0.0052216798780511
1.99625,0.00738457050192217
1.996375,0.00522167987806191
1.9965,1.31344668700941e-14
1.996625,-0.00522167987805283
1.99675,-0.00738457050192217
1.996875,-0.00522167987806968
1.997,-1.06954916081721e-14
1.997125,0.00522167987805455
1.99725,0.00738457050192217
1.997375,0.00522167987806796
1.9975,8.25651634625011e-15
1.997625,-0.00522167987805628
1.99775,-0.00738457050192217
1.997875,-0.00522167987806623
1.998,-5.8175410843281e-15
1.998125,0.0052216798780485
1.99825,0.00738457050192217
1.998375,0.00522167987806451
1.9985,1.68110213151398e-14
1.998625,-0.00522167987805973
1.99875,-0.00738457050192217
1.998875,-0.00522167987806278
1.999,-9.39590560484079e-16
1.999125,0.00522167987805195
1.99925,0.00738457050192217
1.999375,0.00522167987807055
1.9995,1.19330707912958e-14
1.999625,-0.00522167987805368
1.99975,-0.00738457050192217
1.999875,-0.00522167987805933
2,-9.49409552937378e-15
2.000125,0.0052216798780554
2.00025,0.00738457050192217
2.000375,0.0052216798780671
2.0005,7.05512026745177e-15
2.000625,-0.00522167987804763
2.00075,-0.00738457050192217
2.000875,-0.00522167987805588
2.001,-1.80486004982635e-14
2.001125,0.00522167987804935
2.00125,0.00738457050192217
2.001375,0.00522167987807315
2.0015,2.17716974360775e-15
2.001625,-0.00522167987806058
2.00175,-0.00738457050192217
2.001875,-0.00522167987806193
2.002,-1.31706499744195e-14
2.002125,0.0052216798780528
2.00225,0.00738457050192217
2.002375,0.00522167987806971
2.0025,1.07316747124975e-14
2.002625,-0.00522167987805453
2.00275,-0.00738457050192217
2.002875,-0.00522167987806798
2.003,-8.29269945057544e-15
2.003125,0.00522167987804675
2.00325,0.00738457050192217
2.003375,0.00522167987806626
2.0035,1.92861796813872e-14
2.003625,-0.00522167987804848
2.00375,-0.00738457050192217
2.003875,-0.00522167987807403
2.004,-3.41474892673142e-15
2.004125,0.0052216798780597
2.00425,0.00738457050192217
2.004375,0.00522167987806281
2.0045,9.75773664809407e-16
2.004625,-0.00522167987805193
2.00475,-0.00738457050192217
2.004875,-0.00522167987806108
2.005,-1.19692538956211e-14
2.005125,0.00522167987805365
2.00525,0.00738457050192217
2.005375,0.00522167987806886
2.0055,9.53027863369911e-15
2.005625,-0.00522167987805538
2.00575,-0.00738457050192217
2.005875,-0.00522167987806713
2.006,-2.05237588645108e-14
2.006125,0.0052216798780476
2.00625,0.00738457050192217
2.006375,0.0052216798780749
2.0065,1.80847836025888e-14
2.006625,-0.00522167987805883
2.00675,-0.00738457050192217
2.006875,-0.00522167987806368
2.007,-2.21335284793308e-15
2.007125,0.00522167987805105
2.00725,0.00738457050192217
2.007375,0.00522167987806196
2.0075,1.32068330787448e-14
2.007625,-0.00522167987805278
2.00775,-0.00738457050192217
2.007875,-0.00522167987806973
2.008,-1.07678578168228e-14
2.008125,0.0052216798780545
2.00825,0.00738457050192217
2.008375,0.00522167987806801
2.0085,-5.10357293783296e-15
2.008625,-0.00522167987804673
2.00875,-0.00738457050192217
2.008875,-0.00522167987805678
2.009,-1.93223627857125e-14
2.009125,0.00522167987805795
2.00925,0.00738457050192217
2.009375,0.00522167987806456
2.0095,3.45093203105675e-15
2.009625,-0.00522167987805968
2.00975,-0.00738457050192217
2.009875,-0.00522167987806283
2.01,-1.44444122618685e-14
2.010125,0.0052216798780519
2.01025,0.00738457050192217
2.010375,0.0052216798780706
2.0105,1.20054369999465e-14
2.010625,-0.00522167987805363
2.01075,-0.00738457050192217
2.010875,-0.00522167987806888
2.011,-9.56646173802444e-15
2.011125,0.00522167987804585
2.01125,0.00738457050192217
2.011375,0.00522167987805766
2.0115,2.05599419688362e-14
2.011625,-0.00522167987805708
2.01175,-0.00738457050192217
2.011875,-0.00522167987807493
2.012,-4.68851121418042e-15
2.012125,0.0052216798780588
2.01225,0.00738457050192217
2.012375,0.00522167987806371
2.0125,2.24953595225841e-15
2.012625,-0.00522167987805103
2.01275,-0.00738457050192217
2.012875,-0.00522167987806198
2.013,-1.32430161830701e-14
2.013125,0.00522167987805275
2.01325,0.00738457050192217
2.013375,0.00522167987806976
2.0135,1.08040409211481e-14
2.013625,-0.00522167987806397
2.01375,-0.00738457050192217
2.013875,-0.00522167987806803
2.014,-2.17975211519598e-14
2.014125,0.0052216798780467
2.01425,0.00738457050192217
2.014375,0.0052216798780758
2.0145,5.92609039730409e-15
2.014625,-0.00522167987805793
2.01475,-0.00738457050192217
2.014875,-0.00522167987806458
2.015,-3.48711513538207e-15
2.015125,0.00522167987805015
2.01525,0.00738457050192217
2.015375,0.00522167987806286
2.0155,1.44805953661938e-14
2.015625,-0.00522167987805188
2.01575,-0.00738457050192217
2.015875,-0.00522167987807063
2.016,-1.20416201042718e-14
2.016125,0.0052216798780536
2.01625,0.00738457050192217
2.016375,0.00522167987806891
2.0165,-3.82981065038396e-15
2.016625,-0.00522167987804583
2.01675,-0.00738457050192217
2.016875,-0.00522167987805768
2.017,-2.05961250731615e-14
2.017125,0.00522167987805705
2.01725,0.00738457050192217
2.017375,0.00522167987806546
2.0175,4.72469431850575e-15
2.017625,-0.00522167987804928
2.01775,-0.00738457050192217
2.017875,-0.00522167987806373
2.018,-1.57181745493175e-14
2.018125,0.005221679878051
2.01825,0.00738457050192217
2.018375,0.00522167987807151
2.0185,1.32791992873954e-14
2.018625,-0.00522167987805273
2.01875,-0.00738457050192217
2.018875,-0.00522167987806978
2.019,2.59223146726029e-15
2.019125,0.00522167987804495
2.01925,0.00738457050192217
2.019375,0.00522167987805856
2.0195,2.18337042562852e-14
2.019625,-0.00522167987805618
2.01975,-0.00738457050192217
2.019875,-0.00522167987806633
2.02,-5.96227350162941e-15
2.020125,0.0052216798780579
2.02025,0.00738457050192217
2.020375,0.00522167987806461
2.0205,3.5232982397074e-15
2.020625,-0.00522167987805013
2.02075,-0.00738457050192217
2.020875,-0.00522167987806288
2.021,-1.45167784705191e-14
2.021125,0.00522167987805185
2.02125,0.00738457050192217
2.021375,0.00522167987807066
2.0215,1.20778032085971e-14
2.021625,-0.00522167987804408
2.02175,-0.00738457050192217
2.021875,-0.00522167987805943
2.022,-2.30712834394088e-14
2.022125,0.0052216798780553
2.02225,0.00738457050192217
2.022375,0.00522167987807671
2.0225,7.19985268475309e-15
2.022625,-0.00522167987805703
2.02275,-0.00738457050192217
2.022875,-0.00522167987806548
2.023,-4.76087742283107e-15
2.023125,0.00522167987804925
2.02325,0.00738457050192217
2.023375,0.00522167987806376
2.0235,1.57543576536428e-14
2.023625,-0.00522167987805098
2.02375,-0.00738457050192217
2.023875,-0.00522167987807153
2.024,-1.33153823917208e-14
2.024125,0.0052216798780622
2.02425,0.00738457050192217
2.024375,0.00522167987806031
2.0245,-2.55604836293496e-15
2.024625,-0.00522167987804493
2.02475,-0.00738457050192217
2.024875,-0.00522167987805858
2.025,-8.43743186787675e-15
2.025125,0.00522167987805615
2.02525,0.00738457050192217
2.025375,0.00522167987806636
2.0255,5.99845660595474e-15
2.025625,-0.00522167987804838
2.02575,-0.00738457050192217
2.025875,-0.00522167987806463
2.026,-1.69919368367665e-14
2.026125,0.0052216798780501
2.02625,0.00738457050192217
2.026375,0.00522167987807241
2.0265,1.45529615748444e-14
2.026625,-0.00522167987805183
2.02675,-0.00738457050192217
2.026875,-0.00522167987807068
2.027,1.31846917981129e-15
2.027125,0.00522167987804405
2.02725,0.00738457050192217
2.027375,0.00522167987805946
2.0275,9.67501105100043e-15
2.027625,-0.00522167987805528
2.02775,-0.00738457050192217
2.027875,-0.00522167987806723
2.028,-7.23603578907841e-15
2.028125,0.005221679878057
2.02825,0.00738457050192217
2.028375,0.00522167987806551
2.0285,4.7970605271564e-15
2.028625,-0.00522167987804923
2.02875,-0.00738457050192217
2.028875,-0.00522167987806378
2.029,-1.57905407579681e-14
2.029125,0.00522167987805095
2.02925,0.00738457050192217
2.029375,0.00522167987807156
2.0295,-8.08899966876216e-17
2.029625,-0.00522167987804318
2.02975,-0.00738457050192217
2.029875,-0.00522167987806034
2.03,-2.43450457268578e-14
2.030125,0.0052216798780544
2.03025,0.00738457050192217
2.030375,0.00522167987806811
2.0305,8.47361497220208e-15
2.030625,-0.00522167987805612
2.03075,-0.00738457050192217
2.030875,-0.00522167987806638
2.031,-6.03463971028007e-15
2.031125,0.00522167987804835
2.03125,0.00738457050192217
2.031375,0.00522167987806466
2.0315,1.70281199410918e-14
2.031625,-0.00522167987805008
2.03175,-0.00738457050192217
2.031875,-0.00522167987807243
2.032,-1.45891446791698e-14
2.032125,0.0052216798780613
2.03225,0.00738457050192217
2.032375,0.00522167987806121
2.0325,-1.28228607548596e-15
2.032625,-0.00522167987805353
2.03275,-0.00738457050192217
2.032875,-0.00522167987805948
2.033,-9.71119415532575e-15
2.033125,0.00522167987805525
2.03325,0.00738457050192217
2.033375,0.00522167987806726
2.0335,7.27221889340374e-15
2.033625,-0.00522167987804748
2.03375,-0.00738457050192217
2.033875,-0.00522167987806553
2.034,-1.82656991242155e-14
2.034125,0.0052216798780492
2.03425,0.00738457050192217
2.034375,0.00522167987807331
2.0345,1.58267238622934e-14
2.034625,-0.00522167987806042
2.03475,-0.00738457050192217
2.034875,-0.00522167987806208
2.035,4.47068923622934e-17
2.035125,0.00522167987804315
2.03525,0.00738457050192217
2.035375,0.00522167987806036
2.0355,1.09487733384494e-14
2.035625,-0.00522167987805437
2.03575,-0.00738457050192217
2.035875,-0.00522167987806813
2.036,-8.50979807652741e-15
2.036125,0.0052216798780561
2.03625,0.00738457050192217
2.036375,0.00522167987806641
2.0365,6.0708228146054e-15
2.036625,-0.00522167987804833
2.03675,-0.00738457050192217
2.036875,-0.00522167987805519
2.037,-1.70643030454171e-14
2.037125,0.00522167987805955
2.03725,0.00738457050192217
2.037375,0.00522167987807246
2.0375,1.19287229076138e-15
2.037625,-0.00522167987804228
2.03775,-0.00738457050192217
2.037875,-0.00522167987806123
2.038,-1.21863525215731e-14
2.038125,0.0052216798780535
2.03825,0.00738457050192217
2.038375,0.00522167987806901
2.0385,9.74737725965108e-15
2.038625,-0.00522167987805522
2.03875,-0.00738457050192217
2.038875,-0.00522167987806728
2.039,-7.30840199772907e-15
2.039125,0.00522167987804745
2.03925,0.00738457050192217
2.039375,0.00522167987806556
2.0395,1.83018822285408e-14
2.039625,-0.00522167987804917
2.03975,-0.00738457050192217
2.039875,-0.00522167987807333
2.04,-2.43045147388505e-15
2.040125,0.0052216798780604
2.04025,0.00738457050192217
2.040375,0.00522167987806211
2.0405,-8.52378803696517e-18
2.040625,-0.00522167987805262
2.04075,-0.00738457050192217
2.040875,-0.00522167987806039
2.041,-1.09849564427748e-14
2.041125,0.00522167987805435
2.04125,0.00738457050192217
2.041375,0.00522167987806816
2.0415,8.54598118085274e-15
2.041625,-0.00522167987804658
2.04175,-0.00738457050192217
2.041875,-0.00522167987806643
2.042,-1.95394614116645e-14
2.042125,0.0052216798780483
2.04225,0.00738457050192217
2.042375,0.00522167987807421
2.0425,1.71004861497424e-14
2.042625,-0.00522167987805952
2.04275,-0.00738457050192217
2.042875,-0.00522167987806299
2.043,-1.2290553950867e-15
2.043125,0.00522167987805175
2.04325,0.00738457050192217
2.043375,0.00522167987806126
2.0435,1.22225356258984e-14
2.043625,-0.00522167987805347
2.04375,-0.00738457050192217
2.043875,-0.00522167987806903
2.044,-9.78356036397641e-15
2.044125,0.0052216798780552
2.04425,0.00738457050192217
2.044375,0.00522167987806731
2.0445,-6.08787039067933e-15
2.044625,-0.00522167987804742
2.04475,-0.00738457050192217
2.044875,-0.00522167987805609
2.045,-1.83380653328661e-14
2.045125,0.00522167987805865
2.04525,0.00738457050192217
2.045375,0.00522167987806386
2.0455,2.46663457821037e-15
2.045625,-0.00522167987804138
2.04575,-0.00738457050192217
2.045875,-0.00522167987806214
2.046,-1.34601148090221e-14
2.046125,0.0052216798780526
2.04625,0.00738457050192217
2.046375,0.00522167987806991
2.0465,1.10211395471001e-14
2.046625,-0.00522167987805432
2.04675,-0.00738457050192217
2.046875,-0.00522167987806818
2.047,-8.58216428517807e-15
2.047125,0.00522167987804655
2.04725,0.00738457050192217
2.047375,0.00522167987805696
2.0475,1.95756445159898e-14
2.047625,-0.00522167987805777
2.04775,-0.00738457050192217
2.047875,-0.00522167987807423
2.048,-3.70421376133404e-15
2.048125,0.0052216798780595
2.04825,0.00738457050192217
2.048375,0.00522167987806301
2.0485,1.26523849941203e-15
2.048625,-0.00522167987805172
2.04875,-0.00738457050192217
2.048875,-0.00522167987807078
2.049,-1.22587187302237e-14
2.049125,0.00522167987805345
2.04925,0.00738457050192217
2.049375,0.00522167987806906
2.0495,9.81974346830174e-15
2.049625,-0.00522167987804567
2.04975,-0.00738457050192217
2.049875,-0.00522167987805784
2.05,-2.08132236991135e-14
2.050125,0.0052216798780474
2.05025,0.00738457050192217
2.050375,0.00522167987807511
2.0505,4.94179294445771e-15
2.050625,-0.00522167987805862
2.05075,-0.00738457050192217
2.050875,-0.00522167987806389
2.051,-2.5028176825357e-15
2.051125,0.00522167987805085
2.05125,0.00738457050192217
2.051375,0.00522167987806216
2.0515,1.34962979133474e-14
2.051625,-0.00522167987805257
2.05175,-0.00738457050192217
2.051875,-0.00522167987806994
2.052,-1.10573226514254e-14
2.052125,0.0052216798780543
2.05225,0.00738457050192217
2.052375,0.00522167987806821
2.0525,-4.81410810323033e-15
2.052625,-0.00522167987804652
2.05275,-0.00738457050192217
2.052875,-0.00522167987807598
2.053,-6.17937212758138e-15
2.053125,0.00522167987805775
2.05325,0.00738457050192217
2.053375,0.00522167987806476
2.0535,3.74039686565937e-15
2.053625,-0.00522167987804997
2.05375,-0.00738457050192217
2.053875,-0.00522167987806304
2.054,-1.47338770964711e-14
2.054125,0.0052216798780517
2.05425,0.00738457050192217
2.054375,0.00522167987807081
2.0545,1.22949018345491e-14
2.054625,-0.00522167987805342
2.05475,-0.00738457050192217
2.054875,-0.00522167987806909
2.055,3.57652892010666e-15
2.055125,0.00522167987804565
2.05525,0.00738457050192217
2.055375,0.00522167987805786
2.0555,2.08494068034388e-14
2.055625,-0.00522167987805687
2.05575,-0.00738457050192217
2.055875,-0.00522167987806564
2.056,-4.97797604878304e-15
2.056125,0.0052216798780586
2.05625,0.00738457050192217
2.056375,0.00522167987806391
2.0565,2.53900078686103e-15
2.056625,-0.00522167987805082
2.05675,-0.00738457050192217
2.056875,-0.00522167987807168
2.057,-1.35324810176727e-14
2.057125,0.00522167987805255
2.05725,0.00738457050192217
2.057375,0.00522167987806996
2.0575,1.10935057557507e-14
2.057625,-0.00522167987804477
2.05775,-0.00738457050192217
2.057875,-0.00522167987805874
2.058,-2.20869859865624e-14
2.058125,0.005221679878056
2.05825,0.00738457050192217
2.058375,0.00522167987807601
2.0585,6.21555523190671e-15
2.058625,-0.00522167987805772
2.05875,-0.00738457050192217
2.058875,-0.00522167987806479
2.059,-3.7765799699847e-15
2.059125,0.00522167987804995
2.05925,0.00738457050192217
2.059375,0.00522167987806306
2.0595,1.47700602007964e-14
2.059625,-0.00522167987805167
2.05975,-0.00738457050192217
2.059875,-0.00522167987807084
2.06,-1.23310849388744e-14
2.060125,0.0052216798780629
2.06025,0.00738457050192217
2.060375,0.00522167987805961
2.0605,-3.54034581578133e-15
2.060625,-0.00522167987804562
2.06075,-0.00738457050192217
2.060875,-0.00522167987807688
2.061,-7.45313441503038e-15
2.061125,0.00522167987805685
2.06125,0.00738457050192217
2.061375,0.00522167987806566
2.0615,5.01415915310837e-15
2.061625,-0.00522167987804907
2.06175,-0.00738457050192217
2.061875,-0.00522167987806394
2.062,-1.60076393839201e-14
2.062125,0.0052216798780508
2.06225,0.00738457050192217
2.062375,0.00522167987807171
2.0625,1.35686641219981e-14
2.062625,-0.00522167987806202
2.06275,-0.00738457050192217
2.062875,-0.00522167987806999
2.063,2.30276663265766e-15
2.063125,0.00522167987804475
2.06325,0.00738457050192217
2.063375,0.00522167987805876
2.0635,8.69071359815405e-15
2.063625,-0.00522167987805597
2.06375,-0.00738457050192217
2.063875,-0.00522167987806654
2.064,-6.25173833623204e-15
2.064125,0.0052216798780577
2.06425,0.00738457050192217
2.064375,0.00522167987806481
2.0645,1.72452185670438e-14
2.064625,-0.00522167987804992
2.06475,-0.00738457050192217
2.064875,-0.00522167987807259
2.065,-1.48062433051217e-14
2.065125,0.00522167987805165
2.06525,0.00738457050192217
2.065375,0.00522167987807086
2.0655,-1.06518744953399e-15
2.065625,-0.00522167987804387
2.06575,-0.00738457050192217
2.065875,-0.00522167987805964
2.066,-2.33607482740114e-14
2.066125,0.0052216798780551
2.06625,0.00738457050192217
2.066375,0.00522167987806741
2.0665,7.48931751935571e-15
2.066625,-0.00522167987805682
2.06675,-0.00738457050192217
2.066875,-0.00522167987806569
2.067,-5.0503422574337e-15
2.067125,0.00522167987804905
2.06725,0.00738457050192217
2.067375,0.00522167987806396
2.0675,1.60438224882454e-14
2.067625,-0.00522167987805077
2.06775,-0.00738457050192217
2.067875,-0.00522167987807174
2.068,-1.36048472263234e-14
2.068125,0.00522167987806199
2.06825,0.00738457050192217
2.068375,0.00522167987806051
2.0685,2.45983274571351e-14
2.068625,-0.00522167987805422
2.06875,-0.00738457050192217
2.068875,-0.00522167987806829
2.069,-8.72689670247938e-15
2.069125,0.00522167987805595
2.06925,0.00738457050192217
2.069375,0.00522167987806656
2.0695,6.28792144055737e-15
2.069625,-0.00522167987804817
2.06975,-0.00738457050192217
2.069875,-0.00522167987806484
2.07,-1.72814016713691e-14
2.070125,0.0052216798780499
2.07025,0.00738457050192217
2.070375,0.00522167987807261
2.0705,1.48424264094471e-14
2.070625,-0.00522167987806112
2.07075,-0.00738457050192217
2.070875,-0.00522167987806139
2.071,1.02900434520867e-15
2.071125,0.00522167987804385
2.07125,0.00738457050192217
2.071375,0.00522167987805966
2.0715,9.96447588560305e-15
2.071625,-0.00522167987805507
2.07175,-0.00738457050192217
2.071875,-0.00522167987806744
2.072,-7.52550062368104e-15
2.072125,0.00522167987805679
2.07225,0.00738457050192217
2.072375,0.00522167987806571
2.0725,1.85189808544928e-14
2.072625,-0.00522167987804902
2.07275,-0.00738457050192217
2.072875,-0.00522167987807349
2.073,-1.60800055925707e-14
2.073125,0.00522167987806024
2.07325,0.00738457050192217
2.073375,0.00522167987807176
2.0735,2.08574837915004e-16
2.073625,-0.00522167987804297
2.07375,-0.00738457050192217
2.073875,-0.00522167987806054
2.074,-1.12020550687267e-14
2.074125,0.0052216798780542
2.07425,0.00738457050192217
2.074375,0.00522167987806831
2.0745,8.76307980680471e-15
2.074625,-0.00522167987805592
2.07475,-0.00738457050192217
2.074875,-0.00522167987806659
2.075,-6.3241045448827e-15
2.075125,0.00522167987804815
2.07525,0.00738457050192217
2.075375,0.00522167987805537
2.0755,1.73175847756944e-14
2.075625,-0.00522167987804987
2.07575,-0.00738457050192217
2.075875,-0.00522167987807264
2.076,-1.44615402103867e-15
2.076125,0.00522167987806109
2.07625,0.00738457050192217
2.076375,0.00522167987806141
2.0765,2.58720897445841e-14
2.076625,-0.00522167987805332
2.07675,-0.00738457050192217
2.076875,-0.00522167987806919
2.077,-1.00006589899284e-14
2.077125,0.00522167987805505
2.07725,0.00738457050192217
2.077375,0.00522167987806746
2.0775,7.56168372800637e-15
2.077625,-0.00522167987804727
2.07775,-0.00738457050192217
2.077875,-0.00522167987806574
2.078,-1.85551639588181e-14
2.078125,0.005221679878049
2.07825,0.00738457050192217
2.078375,0.00522167987807351
2.0785,2.68373320416234e-15
2.078625,-0.00522167987806022
2.07875,-0.00738457050192217
2.078875,-0.00522167987806229
2.079,-2.44757942240332e-16
2.079125,0.00522167987805244
2.07925,0.00738457050192217
2.079375,0.00522167987806056
2.0795,1.1238238173052e-14
2.079625,-0.00522167987805417
2.07975,-0.00738457050192217
2.079875,-0.00522167987806834
2.08,-8.79926291113003e-15
2.080125,0.0052216798780464
2.08025,0.00738457050192217
2.080375,0.00522167987806661
2.0805,1.97927431419418e-14
2.080625,-0.00522167987804812
2.08075,-0.00738457050192217
2.080875,-0.00522167987807439
2.081,-1.73537678800197e-14
2.081125,0.00522167987805934
2.08125,0.00738457050192217
2.081375,0.00522167987806316
2.0815,1.482337125364e-15
2.081625,-0.00522167987805157
2.08175,-0.00738457050192217
2.081875,-0.00522167987806144
2.082,-1.24758173561757e-14
2.082125,0.00522167987805329
2.08225,0.00738457050192217
2.082375,0.00522167987806921
2.0825,1.00368420942537e-14
2.082625,-0.00522167987805502
2.08275,-0.00738457050192217
2.082875,-0.00522167987806749
2.083,-7.5978668323317e-15
2.083125,0.00522167987804725
2.08325,0.00738457050192217
2.083375,0.00522167987805627
2.0835,1.85913470631434e-14
2.083625,-0.00522167987805847
2.08375,-0.00738457050192217
2.083875,-0.00522167987807354
2.084,-2.71991630848767e-15
2.084125,0.0052216798780412
2.08425,0.00738457050192217
2.084375,0.00522167987806231
2.0845,1.37133965392994e-14
2.084625,-0.00522167987805242
2.08475,-0.00738457050192217
2.084875,-0.00522167987807009
2.085,-1.12744212773774e-14
2.085125,0.00522167987805414
2.08525,0.00738457050192217
2.085375,0.00522167987806836
2.0855,8.83544601545536e-15
2.085625,-0.00522167987804637
2.08575,-0.00738457050192217
2.085875,-0.00522167987805714
2.086,-1.98289262462671e-14
2.086125,0.0052216798780481
2.08625,0.00738457050192217
2.086375,0.00522167987807441
2.0865,3.95749549161134e-15
2.086625,-0.00522167987805932
2.08675,-0.00738457050192217
2.086875,-0.00522167987806319
2.087,-1.51852022968933e-15
2.087125,0.00522167987805154
2.08725,0.00738457050192217
2.087375,0.00522167987806147
2.0875,1.2512000460501e-14
2.087625,-0.00522167987805327
2.08775,-0.00738457050192217
2.087875,-0.00522167987806924
2.088,-1.0073025198579e-14
2.088125,0.0052216798780455
2.08825,0.00738457050192217
2.088375,0.00522167987806751
2.0885,2.10665054293907e-14
2.088625,-0.00522167987804722
2.08875,-0.00738457050192217
2.088875,-0.00522167987807529
2.089,-5.19507467473501e-15
2.089125,0.00522167987805844
2.08925,0.00738457050192217
2.089375,0.00522167987806406
2.0895,2.756099412813e-15
2.089625,-0.00522167987805067
2.08975,-0.00738457050192217
2.089875,-0.00522167987806234
2.09,-1.37495796436247e-14
2.090125,0.00522167987805239
2.09025,0.00738457050192217
2.090375,0.00522167987807011
2.0905,1.13106043817027e-14
2.090625,-0.00522167987805412
2.09075,-0.00738457050192217
2.090875,-0.00522167987806839
2.091,4.56082637295303e-15
2.091125,0.00522167987804634
2.09125,0.00738457050192217
2.091375,0.00522167987805717
2.0915,1.98651093505924e-14
2.091625,-0.00522167987805757
2.09175,-0.00738457050192217
2.091875,-0.00522167987806494
2.092,-3.99367859593667e-15
2.092125,0.00522167987804979
2.09225,0.00738457050192217
2.092375,0.00522167987806322
2.0925,1.49871588267484e-14
2.092625,-0.00522167987805152
2.09275,-0.00738457050192217
2.092875,-0.00522167987807099
2.093,-1.25481835648264e-14
2.093125,0.00522167987805324
2.09325,0.00738457050192217
2.093375,0.00522167987806926
2.0935,1.01092083029044e-14
2.093625,-0.00522167987804547
2.09375,-0.00738457050192217
2.093875,-0.00522167987805804
2.094,-2.11026885337161e-14
2.094125,0.00522167987805669
2.09425,0.00738457050192217
2.094375,0.00522167987806582
2.0945,5.23125777906034e-15
2.094625,-0.00522167987805842
2.09475,-0.00738457050192217
2.094875,-0.00522167987806409
2.095,-2.79228251713833e-15
2.095125,0.00522167987805064
2.09525,0.00738457050192217
2.095375,0.00522167987806237
2.0955,1.378576274795e-14
2.095625,-0.00522167987805237
2.09575,-0.00738457050192217
2.095875,-0.00522167987807014
2.096,-1.1346787486028e-14
2.096125,0.00522167987804459
2.09625,0.00738457050192217
2.096375,0.00522167987805892
2.0965,2.23402677168397e-14
2.096625,-0.00522167987804632
2.09675,-0.00738457050192217
2.096875,-0.00522167987807619
2.097,-6.46883696218401e-15
2.097125,0.00522167987805754
2.09725,0.00738457050192217
2.097375,0.00522167987806497
2.0975,4.029861700262e-15
2.097625,-0.00522167987804977
2.09775,-0.00738457050192217
2.097875,-0.00522167987806324
2.098,-1.50233419310737e-14
2.098125,0.00522167987805149
2.09825,0.00738457050192217
2.098375,0.00522167987807102
2.0985,1.25843666691517e-14
2.098625,-0.00522167987806272
2.09875,-0.00738457050192217
2.098875,-0.00522167987806929
2.099,3.28706408550404e-15
2.099125,0.00522167987804544
2.09925,0.00738457050192217
2.099375,0.00522167987805807
2.0995,7.70641614530768e-15
2.099625,-0.00522167987805667
2.09975,-0.00738457050192217
2.099875,-0.00522167987806584
2.1,-5.26744088338567e-15
2.100125,0.00522167987804889
2.10025,0.00738457050192217
2.100375,0.00522167987806412
2.1005,1.62609211141974e-14
2.100625,-0.00522167987805062
2.10075,-0.00738457050192217
2.100875,-0.00522167987807189
2.101,-1.38219458522754e-14
2.101125,0.00522167987805234
2.10125,0.00738457050192217
2.101375,0.00522167987807017
2.1015,-2.04948490238037e-15
2.101625,-0.00522167987804457
2.10175,-0.00738457050192217
2.101875,-0.00522167987805894
2.102,-2.23764508211651e-14
2.102125,0.00522167987805579
2.10225,0.00738457050192217
2.102375,0.00522167987806672
2.1025,6.50502006650934e-15
2.102625,-0.00522167987805752
2.10275,-0.00738457050192217
2.102875,-0.00522167987806499
2.103,-4.06604480458733e-15
2.103125,0.00522167987804974
2.10325,0.00738457050192217
2.103375,0.00522167987806327
2.1035,1.5059525035399e-14
2.103625,-0.00522167987805147
2.10375,-0.00738457050192217
2.103875,-0.00522167987807104
2.104,8.11905719256697e-16
2.104125,0.00522167987804369
2.10425,0.00738457050192217
2.104375,0.00522167987805982
2.1045,2.36140300042887e-14
2.104625,-0.00522167987805492
2.10475,-0.00738457050192217
2.104875,-0.00522167987806759
2.105,-7.74259924963301e-15
2.105125,0.00522167987805664
2.10525,0.00738457050192217
2.105375,0.00522167987806587
2.1055,5.303623987711e-15
2.105625,-0.00522167987804887
2.10575,-0.00738457050192217
2.105875,-0.00522167987806414
2.106,-1.62971042185227e-14
2.106125,0.00522167987805059
2.10625,0.00738457050192217
2.106375,0.00522167987807192
2.1065,1.38581289566007e-14
2.106625,-0.00522167987806182
2.10675,-0.00738457050192217
2.106875,-0.00522167987806069
2.107,2.01330179805504e-15
2.107125,0.00522167987805404
2.10725,0.00738457050192217
2.107375,0.00522167987805897
2.1075,8.98017843275668e-15
2.107625,-0.00522167987805577
2.10775,-0.00738457050192217
2.107875,-0.00522167987806674
2.108,-6.54120317083467e-15
2.108125,0.00522167987804799
2.10825,0.00738457050192217
2.108375,0.00522167987806502
2.1085,1.75346834016464e-14
2.108625,-0.00522167987804972
2.10875,-0.00738457050192217
2.108875,-0.00522167987807279
2.109,-1.50957081397244e-14
2.109125,0.00522167987806094
2.10925,0.00738457050192217
2.109375,0.00522167987807107
2.1095,-7.75722614931368e-16
2.109625,-0.00522167987804367
2.10975,-0.00738457050192217
2.109875,-0.00522167987805984
2.11,-1.02177576158803e-14
2.110125,0.00522167987805489
2.11025,0.00738457050192217
2.110375,0.00522167987806762
2.1105,7.77878235395834e-15
2.110625,-0.00522167987805662
2.11075,-0.00738457050192217
2.110875,-0.00522167987806589
2.111,-5.33980709203632e-15
2.111125,0.00522167987804884
2.11125,0.00738457050192217
2.111375,0.00522167987807367
2.1115,1.6333287322848e-14
2.111625,-0.00522167987805057
2.11175,-0.00738457050192217
2.111875,-0.00522167987807194
2.112,-4.61856568192301e-16
2.112125,0.00522167987804279
2.11225,0.00738457050192217
2.112375,0.00522167987806072
2.1125,2.48877922917377e-14
2.112625,-0.00522167987805402
2.11275,-0.00738457050192217
2.112875,-0.00522167987806849
2.113,-9.016361537082e-15
2.113125,0.00522167987805574
2.11325,0.00738457050192217
2.113375,0.00522167987806677
2.1135,6.57738627515999e-15
2.113625,-0.00522167987804797
2.11375,-0.00738457050192217
2.113875,-0.00522167987806504
2.114,-1.75708665059717e-14
2.114125,0.00522167987804969
2.11425,0.00738457050192217
2.114375,0.00522167987807282
2.1145,1.69943575131597e-15
2.114625,-0.00522167987806091
2.11475,-0.00738457050192217
2.114875,-0.00522167987806159
2.115,7.3953951060604e-16
2.115125,0.00522167987805314
2.11525,0.00738457050192217
2.115375,0.00522167987806937
2.1155,1.02539407202057e-14
2.115625,-0.00522167987805487
2.11575,-0.00738457050192217
2.115875,-0.00522167987806764
2.116,-7.81496545828367e-15
2.116125,0.00522167987804709
2.11625,0.00738457050192217
2.116375,0.00522167987806592
2.1165,1.88084456890954e-14
2.116625,-0.00522167987804882
2.11675,-0.00738457050192217
2.116875,-0.00522167987807369
2.117,-1.63694704271734e-14
2.117125,0.00522167987806004
2.11725,0.00738457050192217
2.117375,0.00522167987806247
2.1175,4.9803967251763e-16
2.117625,-0.00522167987805227
2.11775,-0.00738457050192217
2.117875,-0.00522167987806074
2.118,-1.14915199033293e-14
2.118125,0.00522167987805399
2.11825,0.00738457050192217
2.118375,0.00522167987806852
2.1185,9.05254464140733e-15
2.118625,-0.00522167987805571
2.11875,-0.00738457050192217
2.118875,-0.00522167987806679
2.119,-6.61356937948532e-15
2.119125,0.00522167987804794
2.11925,0.00738457050192217
2.119375,0.00522167987807457
2.1195,1.7607049610297e-14
2.119625,-0.00522167987805916
2.11975,-0.00738457050192217
2.119875,-0.00522167987806334
2.12,-1.7356188556413e-15
2.120125,0.00522167987804189
2.12025,0.00738457050192217
2.120375,0.00522167987806162
2.1205,1.2729099086453e-14
2.120625,-0.00522167987805312
2.12075,-0.00738457050192217
2.120875,-0.00522167987806939
2.121,-1.0290123824531e-14
2.121125,0.00522167987805484
2.12125,0.00738457050192217
2.121375,0.00522167987806767
2.1215,7.85114856260899e-15
2.121625,-0.00522167987804707
2.12175,-0.00738457050192217
2.121875,-0.00522167987805645
2.122,-1.88446287934207e-14
2.122125,0.00522167987804879
2.12225,0.00738457050192217
2.122375,0.00522167987807372
2.1225,2.97319803876497e-15
2.122625,-0.00522167987806001
2.12275,-0.00738457050192217
2.122875,-0.00522167987806249
2.123,-5.34222776842958e-16
2.123125,0.00522167987805224
2.12325,0.00738457050192217
2.123375,0.00522167987807027
2.1235,1.15277030076547e-14
2.123625,-0.00522167987805396
2.12375,-0.00738457050192217
2.123875,-0.00522167987806854
2.124,-9.08872774573266e-15
2.124125,0.00522167987804619
2.12425,0.00738457050192217
2.124375,0.00522167987806682
2.1245,2.00822079765444e-14
2.124625,-0.00522167987804792
2.12475,-0.00738457050192217
2.124875,-0.00522167987807459
2.125,-4.21077722188864e-15
2.125125,0.00522167987805914
2.12525,0.00738457050192217
2.125375,0.00522167987806337
2.1255,1.77180195996663e-15
2.125625,-0.00522167987805137
2.12575,-0.00738457050192217
2.125875,-0.00522167987806164
2.126,-1.27652821907783e-14
2.126125,0.00522167987805309
2.12625,0.00738457050192217
2.126375,0.00522167987806942
2.1265,1.03263069288563e-14
2.126625,-0.00522167987805481
2.12675,-0.00738457050192217
2.126875,-0.00522167987806769
2.127,-2.1319787159668e-14
2.127125,0.00522167987804704
2.12725,0.00738457050192217
2.127375,0.00522167987807547
2.1275,1.8880811897746e-14
2.127625,-0.00522167987805826
2.12775,-0.00738457050192217
2.127875,-0.00522167987806424
2.128,-3.0093811430903e-15
2.128125,0.00522167987805049
2.12825,0.00738457050192217
2.128375,0.00522167987806252
2.1285,1.4002861373902e-14
2.128625,-0.00522167987805222
2.12875,-0.00738457050192217
2.128875,-0.00522167987807029
2.129,-1.156388611198e-14
2.129125,0.00522167987805394
2.12925,0.00738457050192217
2.129375,0.00522167987806857
2.1295,-4.30754464267574e-15
2.129625,-0.00522167987804617
2.12975,-0.00738457050192217
2.129875,-0.00522167987805735
2.13,-2.01183910808697e-14
2.130125,0.00522167987805739
2.13025,0.00738457050192217
2.130375,0.00522167987806512
2.1305,4.24696032621397e-15
2.130625,-0.00522167987805911
2.13075,-0.00738457050192217
2.130875,-0.00522167987806339
2.131,-1.52404405570257e-14
2.131125,0.00522167987805134
2.13125,0.00738457050192217
2.131375,0.00522167987807117
2.1315,1.28014652951037e-14
2.131625,-0.00522167987805306
2.13175,-0.00738457050192217
2.131875,-0.00522167987806944
2.132,-1.03624900331817e-14
2.132125,0.00522167987804529
2.13225,0.00738457050192217
2.132375,0.00522167987805822
2.1325,2.13559702639934e-14
2.132625,-0.00522167987805651
2.13275,-0.00738457050192217
2.132875,-0.00522167987807549
2.133,-5.48453950933764e-15
2.133125,0.00522167987805824
2.13325,0.00738457050192217
2.133375,0.00522167987806427
2.1335,3.04556424741563e-15
2.133625,-0.00522167987805046
2.13375,-0.00738457050192217
2.133875,-0.00522167987806255
2.134,-1.40390444782273e-14
2.134125,0.00522167987805219
2.13425,0.00738457050192217
2.134375,0.00522167987807032
2.1345,1.16000692163053e-14
2.134625,-0.00522167987806341
2.13475,-0.00738457050192217
2.134875,-0.00522167987806859
2.135,-2.2593549447117e-14
2.135125,0.00522167987804614
2.13525,0.00738457050192217
2.135375,0.00522167987807637
2.1355,6.72211869246131e-15
2.135625,-0.00522167987805736
2.13575,-0.00738457050192217
2.135875,-0.00522167987806514
2.136,-4.2831434305393e-15
2.136125,0.00522167987804959
2.13625,0.00738457050192217
2.136375,0.00522167987806342
2.1365,1.5276623661351e-14
2.136625,-0.00522167987805131
2.13675,-0.00738457050192217
2.136875,-0.00522167987807119
2.137,-1.2837648399429e-14
2.137125,0.00522167987805304
2.13725,0.00738457050192217
2.137375,0.00522167987806947
2.1375,-3.03378235522674e-15
2.137625,-0.00522167987804526
2.13775,-0.00738457050192217
2.137875,-0.00522167987805825
2.138,-2.13921533683187e-14
2.138125,0.00522167987805649
2.13825,0.00738457050192217
2.138375,0.00522167987806602
2.1385,5.52072261366297e-15
2.138625,-0.00522167987805821
2.13875,-0.00738457050192217
2.138875,-0.0052216798780643
2.139,-1.65142028444747e-14
2.139125,0.00522167987805044
2.13925,0.00738457050192217
2.139375,0.00522167987807207
2.1395,1.40752275825527e-14
2.139625,-0.00522167987805216
2.13975,-0.00738457050192217
2.139875,-0.00522167987807034
2.14,1.79620317210307e-15
2.140125,0.00522167987804439
2.14025,0.00738457050192217
2.140375,0.00522167987805912
2.1405,2.26297325514424e-14
2.140625,-0.00522167987805561
2.14075,-0.00738457050192217
2.140875,-0.0052216798780669
2.141,-6.75830179678663e-15
2.141125,0.00522167987805734
2.14125,0.00738457050192217
2.141375,0.00522167987806517
2.1415,4.31932653486462e-15
2.141625,-0.00522167987804956
2.14175,-0.00738457050192217
2.141875,-0.00522167987806345
2.142,-1.53128067656763e-14
2.142125,0.00522167987805129
2.14225,0.00738457050192217
2.142375,0.00522167987807122
2.1425,1.28738315037543e-14
2.142625,-0.00522167987804351
2.14275,-0.00738457050192217
2.142875,-0.00522167987806
2.143,-2.3867311734566e-14
2.143125,0.00522167987805474
2.14325,0.00738457050192217
2.143375,0.00522167987807727
2.1435,7.99588097991031e-15
2.143625,-0.00522167987805646
2.14375,-0.00738457050192217
2.143875,-0.00522167987806605
2.144,-5.55690571798829e-15
2.144125,0.00522167987804869
2.14425,0.00738457050192217
2.144375,0.00522167987806432
2.1445,1.65503859488e-14
2.144625,-0.00522167987805041
2.14475,-0.00738457050192217
2.144875,-0.00522167987807209
2.145,-1.4111410686878e-14
2.145125,0.00522167987806164
2.14525,0.00738457050192217
2.145375,0.00522167987806087
2.1455,-1.76002006777774e-15
2.145625,-0.00522167987804436
2.14575,-0.00738457050192217
2.145875,-0.00522167987805915
2.146,-9.23346016303397e-15
2.146125,0.00522167987805559
2.14625,0.00738457050192217
2.146375,0.00522167987806692
2.1465,6.79448490111196e-15
2.146625,-0.00522167987804781
2.14675,-0.00738457050192217
2.146875,-0.0052216798780652
2.147,-1.77879651319237e-14
2.147125,0.00522167987804954
2.14725,0.00738457050192217
2.147375,0.00522167987807297
2.1475,1.53489898700017e-14
2.147625,-0.00522167987805126
2.14775,-0.00738457050192217
2.147875,-0.00522167987807124
2.148,5.22440884654071e-16
2.148125,0.00522167987804349
2.14825,0.00738457050192217
2.148375,0.00522167987806002
2.1485,1.04710393461576e-14
2.148625,-0.00522167987805471
2.14875,-0.00738457050192217
2.148875,-0.0052216798780678
2.149,-8.03206408423563e-15
2.149125,0.00522167987805644
2.14925,0.00738457050192217
2.149375,0.00522167987806607
2.1495,5.59308882231362e-15
2.149625,-0.00522167987804866
2.14975,-0.00738457050192217
2.149875,-0.00522167987806435
2.15,-1.65865690531253e-14
2.150125,0.00522167987805039
2.15025,0.00738457050192217
2.150375,0.00522167987807212
2.1505,7.15138298469599e-16
2.150625,-0.00522167987804262
2.15075,-0.00738457050192217
2.150875,-0.0052216798780609
2.151,-2.5141074022015e-14
2.151125,0.00522167987805384
2.15125,0.00738457050192217
2.151375,0.00522167987806867
2.1515,9.2696432673593e-15
2.151625,-0.00522167987805556
2.15175,-0.00738457050192217
2.151875,-0.00522167987806695
2.152,-6.83066800543729e-15
2.152125,0.00522167987804779
2.15225,0.00738457050192217
2.152375,0.00522167987806522
2.1525,1.7824148236249e-14
2.152625,-0.00522167987804951
2.15275,-0.00738457050192217
2.152875,-0.005221679878073
2.153,-1.5385172974327e-14
2.153125,0.00522167987806074
2.15325,0.00738457050192217
2.153375,0.00522167987806177
2.1535,-4.86257780328743e-16
2.153625,-0.00522167987805296
2.15375,-0.00738457050192217
2.153875,-0.00522167987806005
2.154,-1.0507222450483e-14
2.154125,0.00522167987805469
2.15425,0.00738457050192217
2.154375,0.00522167987806782
2.1545,8.06824718856096e-15
2.154625,-0.00522167987804691
2.15475,-0.00738457050192217
2.154875,-0.0052216798780661
2.155,-1.90617274193727e-14
2.155125,0.00522167987804864
2.15525,0.00738457050192217
2.155375,0.00522167987807387
2.1555,1.66227521574507e-14
2.155625,-0.00522167987805986
2.15575,-0.00738457050192217
2.155875,-0.00522167987806265
2.156,-7.51321402794927e-16
2.156125,0.00522167987804259
2.15625,0.00738457050192217
2.156375,0.00522167987806092
2.1565,1.17448016336066e-14
2.156625,-0.00522167987805381
2.15675,-0.00738457050192217
2.156875,-0.0052216798780687
2.157,-9.30582637168463e-15
2.157125,0.00522167987805554
2.15725,0.00738457050192217
2.157375,0.00522167987806697
2.1575,6.86685110976262e-15
2.157625,-0.00522167987804776
2.15775,-0.00738457050192217
2.157875,-0.00522167987805575
2.158,-1.78603313405743e-14
2.158125,0.00522167987805899
2.15825,0.00738457050192217
2.158375,0.00522167987807302
2.1585,1.9889005859186e-15
2.158625,-0.00522167987804171
2.15875,-0.00738457050192217
2.158875,-0.0052216798780618
2.159,-1.29823808167303e-14
2.159125,0.00522167987805294
2.15925,0.00738457050192217
2.159375,0.00522167987806957
2.1595,1.05434055548083e-14
2.159625,-0.00522167987805466
2.15975,-0.00738457050192217
2.159875,-0.00522167987806785
2.16,-8.10443029288629e-15
2.160125,0.00522167987804689
2.16025,0.00738457050192217
2.160375,0.00522167987806612
2.1605,1.9097910523698e-14
2.160625,-0.00522167987804861
2.16075,-0.00738457050192217
2.160875,-0.0052216798780739
2.161,-3.22647976904227e-15
2.161125,0.00522167987805983
2.16125,0.00738457050192217
2.161375,0.00522167987806267
2.1615,7.87504507120255e-16
2.161625,-0.00522167987805206
2.16175,-0.00738457050192217
2.161875,-0.00522167987806095
2.162,-1.1780984737932e-14
2.162125,0.00522167987805379
2.16225,0.00738457050192217
2.162375,0.00522167987806872
2.1625,9.34200947600996e-15
2.162625,-0.00522167987804601
2.16275,-0.00738457050192217
2.162875,-0.005221679878067
2.163,-2.03354897068217e-14
2.163125,0.00522167987804774
2.16325,0.00738457050192217
2.163375,0.00522167987807477
2.1635,1.78965144448997e-14
2.163625,-0.00522167987805896
2.16375,-0.00738457050192217
2.163875,-0.00522167987806355
2.164,-2.02508369024393e-15
2.164125,0.00522167987805119
2.16425,0.00738457050192217
2.164375,0.00522167987806182
2.1645,1.30185639210556e-14
2.164625,-0.00522167987805291
2.16475,-0.00738457050192217
2.164875,-0.0052216798780696
2.165,-1.05795886591336e-14
2.165125,0.00522167987805463
2.16525,0.00738457050192217
2.165375,0.00522167987806787
2.1655,-5.29184209552211e-15
2.165625,-0.00522167987804686
2.16575,-0.00738457050192217
2.165875,-0.00522167987805665
2.166,-1.91340936280233e-14
2.166125,0.00522167987805808
2.16625,0.00738457050192217
2.166375,0.00522167987806442
2.1665,3.26266287336759e-15
2.166625,-0.00522167987804081
2.16675,-0.00738457050192217
2.166875,-0.0052216798780627
2.167,-1.42561431041793e-14
2.167125,0.00522167987805204
2.16725,0.00738457050192217
2.167375,0.00522167987807047
2.1675,1.18171678422573e-14
2.167625,-0.00522167987805376
2.16775,-0.00738457050192217
2.167875,-0.00522167987806875
2.168,-9.37819258033529e-15
2.168125,0.00522167987804599
2.16825,0.00738457050192217
2.168375,0.00522167987805752
2.1685,2.0371672811147e-14
2.168625,-0.00522167987805721
2.16875,-0.00738457050192217
2.168875,-0.0052216798780748
2.169,-4.50024205649126e-15
2.169125,0.00522167987805893
2.16925,0.00738457050192217
2.169375,0.00522167987806357
2.1695,2.06126679456925e-15
2.169625,-0.00522167987805116
2.16975,-0.00738457050192217
2.169875,-0.00522167987806185
2.17,-1.3054747025381e-14
2.170125,0.00522167987805288
2.17025,0.00738457050192217
2.170375,0.00522167987806962
2.1705,1.0615771763459e-14
2.170625,-0.00522167987804511
2.17075,-0.00738457050192217
2.170875,-0.0052216798780584
2.171,-2.16092519942707e-14
2.171125,0.00522167987804684
2.17125,0.00738457050192217
2.171375,0.00522167987807567
2.1715,5.73782123961493e-15
2.171625,-0.00522167987805806
2.17175,-0.00738457050192217
2.171875,-0.00522167987806445
2.172,-3.29884597769292e-15
2.172125,0.00522167987805029
2.17225,0.00738457050192217
2.172375,0.00522167987806272
2.1725,1.42923262085046e-14
2.172625,-0.00522167987805201
2.17275,-0.00738457050192217
2.172875,-0.0052216798780705
2.173,-1.18533509465826e-14
2.173125,0.00522167987805373
2.17325,0.00738457050192217
2.173375,0.00522167987806877
2.1735,-4.01807980807311e-15
2.173625,-0.00522167987804596
2.17375,-0.00738457050192217
2.173875,-0.00522167987807655
2.174,-6.9754004227386e-15
2.174125,0.00522167987805718
2.17425,0.00738457050192217
2.174375,0.00522167987806532
2.1745,4.53642516081659e-15
2.174625,-0.00522167987804941
2.17475,-0.00738457050192217
2.174875,-0.0052216798780636
2.175,-1.55299053916283e-14
2.175125,0.00522167987805113
2.17525,0.00738457050192217
2.175375,0.00522167987807137
2.1755,1.30909301297063e-14
2.175625,-0.00522167987805286
2.17575,-0.00738457050192217
2.175875,-0.00522167987806965
2.176,2.78050062494944e-15
2.176125,0.00522167987804509
2.17625,0.00738457050192217
2.176375,0.00522167987805843
2.1765,2.1645435098596e-14
2.176625,-0.00522167987805631
2.17675,-0.00738457050192217
2.176875,-0.0052216798780662
2.177,-5.77400434394026e-15
2.177125,0.00522167987805803
2.17725,0.00738457050192217
2.177375,0.00522167987806447
2.1775,3.33502908201825e-15
2.177625,-0.00522167987805026
2.17775,-0.00738457050192217
2.177875,-0.00522167987807225
2.178,-1.432850931283e-14
2.178125,0.00522167987805198
2.17825,0.00738457050192217
2.178375,0.00522167987807052
2.1785,1.1889534050908e-14
2.178625,-0.00522167987804421
2.17875,-0.00738457050192217
2.178875,-0.0052216798780593
2.179,-2.28830142817197e-14
2.179125,0.00522167987805543
2.17925,0.00738457050192217
2.179375,0.00522167987807657
2.1795,7.01158352706393e-15
2.179625,-0.00522167987805716
2.17975,-0.00738457050192217
2.179875,-0.00522167987806535
2.18,-4.57260826514192e-15
2.180125,0.00522167987804938
2.18025,0.00738457050192217
2.180375,0.00522167987806363
2.1805,1.55660884959536e-14
2.180625,-0.00522167987805111
2.18075,-0.00738457050192217
2.180875,-0.0052216798780714
2.181,-1.31271132340316e-14
2.181125,0.00522167987806233
2.18125,0.00738457050192217
2.181375,0.00522167987806018
2.1815,-2.74431752062411e-15
2.181625,-0.00522167987804506
2.18175,-0.00738457050192217
2.181875,-0.00522167987807745
2.182,-8.2491627101876e-15
2.182125,0.00522167987805628
2.18225,0.00738457050192217
2.182375,0.00522167987806622
2.1825,5.81018744826559e-15
2.182625,-0.00522167987804851
2.18275,-0.00738457050192217
2.182875,-0.0052216798780645
2.183,-1.68036676790773e-14
2.183125,0.00522167987805023
2.18325,0.00738457050192217
2.183375,0.00522167987807227
2.1835,1.43646924171553e-14
2.183625,-0.00522167987806146
2.18375,-0.00738457050192217
2.183875,-0.00522167987807055
2.184,1.50673833750044e-15
2.184125,0.00522167987804419
2.18425,0.00738457050192217
2.184375,0.00522167987805933
2.1845,9.48674189331127e-15
2.184625,-0.00522167987805541
2.18475,-0.00738457050192217
2.184875,-0.0052216798780671
2.185,-7.04776663138926e-15
2.185125,0.00522167987805713
2.18525,0.00738457050192217
2.185375,0.00522167987806538
2.1855,4.60879136946725e-15
2.185625,-0.00522167987804936
2.18575,-0.00738457050192217
2.185875,-0.00522167987807315
2.186,-1.5602271600279e-14
2.186125,0.00522167987805108
2.18625,0.00738457050192217
2.186375,0.00522167987807142
2.1865,-2.69159154376774e-16
2.186625,-0.00522167987804331
2.18675,-0.00738457050192217
2.186875,-0.0052216798780602
2.187,-2.41567765691687e-14
2.187125,0.00522167987805453
2.18725,0.00738457050192217
2.187375,0.00522167987806798
2.1875,8.28534581451293e-15
2.187625,-0.00522167987805626
2.18775,-0.00738457050192217
2.187875,-0.00522167987806625
2.188,-5.84637055259092e-15
2.188125,0.00522167987804848
2.18825,0.00738457050192217
2.188375,0.00522167987806453
2.1885,1.68398507834026e-14
2.188625,-0.00522167987805021
2.18875,-0.00738457050192217
2.188875,-0.0052216798780723
2.189,-1.44008755214806e-14
2.189125,0.00522167987806143
2.18925,0.00738457050192217
2.189375,0.00522167987806108
2.1895,2.53943557522923e-14
2.189625,-0.00522167987805366
2.18975,-0.00738457050192217
2.189875,-0.00522167987806885
2.19,-9.5229249976366e-15
2.190125,0.00522167987805538
2.19025,0.00738457050192217
2.190375,0.00522167987806713
2.1905,7.08394973571459e-15
2.190625,-0.00522167987804761
2.19075,-0.00738457050192217
2.190875,-0.0052216798780654
2.191,-1.80774299665263e-14
2.191125,0.00522167987804933
2.19125,0.00738457050192217
2.191375,0.00522167987807317
2.1915,1.56384547046043e-14
2.191625,-0.00522167987806056
2.19175,-0.00738457050192217
2.191875,-0.00522167987806195
2.192,2.32976050051445e-16
2.192125,0.00522167987804328
2.19225,0.00738457050192217
2.192375,0.00522167987806023
2.1925,1.07605041807603e-14
2.192625,-0.00522167987805451
2.19275,-0.00738457050192217
2.192875,-0.005221679878068
2.193,-8.32152891883826e-15
2.193125,0.00522167987805623
2.19325,0.00738457050192217
2.193375,0.00522167987806628
2.1935,1.931500914965e-14
2.193625,-0.00522167987804846
2.19375,-0.00738457050192217
2.193875,-0.00522167987807405
2.194,-1.6876033887728e-14
2.194125,0.00522167987805968
2.19425,0.00738457050192217
2.194375,0.00522167987807232
2.1945,1.00460313307222e-15
2.194625,-0.00522167987804241
2.19475,-0.00738457050192217
2.194875,-0.0052216798780611
2.195,-1.19980833638839e-14
2.195125,0.00522167987805363
2.19525,0.00738457050192217
2.195375,0.00522167987806888
2.1955,9.55910810196193e-15
2.195625,-0.00522167987805536
2.19575,-0.00738457050192217
2.195875,-0.00522167987806715
2.196,-7.12013284003992e-15
2.196125,0.00522167987804758
2.19625,0.00738457050192217
2.196375,0.00522167987805593
2.1965,1.81136130708516e-14
2.196625,-0.00522167987804931
2.19675,-0.00738457050192217
2.196875,-0.0052216798780732
2.197,-2.24218231619589e-15
2.197125,0.00522167987806053
2.19725,0.00738457050192217
2.197375,0.00522167987806198
2.1975,2.66681180397413e-14
2.197625,-0.00522167987805276
2.19775,-0.00738457050192217
2.197875,-0.00522167987806975
2.198,-1.07966872850856e-14
2.198125,0.00522167987805448
2.19825,0.00738457050192217
2.198375,0.00522167987806803
2.1985,8.35771202316359e-15
2.198625,-0.00522167987804671
2.19875,-0.00738457050192217
2.198875,-0.0052216798780663
2.199,-1.93511922539753e-14
2.199125,0.00522167987804843
2.19925,0.00738457050192217
2.199375,0.00522167987807408
2.1995,3.47976149931956e-15
2.199625,-0.00522167987805966
2.19975,-0.00738457050192217
2.199875,-0.00522167987806285
2.2,-1.04078623739755e-15
2.200125,0.00522167987805188
2.20025,0.00738457050192217
2.200375,0.00522167987806113
2.2005,1.20342664682093e-14
2.200625,-0.00522167987805361
2.20075,-0.00738457050192217
2.200875,-0.0052216798780689
2.201,-9.59529120628726e-15
2.201125,0.00522167987805533
2.20125,0.00738457050192217
2.201375,0.00522167987806718
2.2015,2.0588771437099e-14
2.201625,-0.00522167987804756
2.20175,-0.00738457050192217
2.201875,-0.00522167987807495
2.202,-1.8149796175177e-14
2.202125,0.00522167987805878
2.20225,0.00738457050192217
2.202375,0.00522167987806373
2.2025,2.27836542052122e-15
2.202625,-0.00522167987805101
2.20275,-0.00738457050192217
2.202875,-0.005221679878062
2.203,-1.32718456513329e-14
2.203125,0.00522167987805273
2.20325,0.00738457050192217
2.203375,0.00522167987806978
2.2035,1.08328703894109e-14
2.203625,-0.00522167987805446
2.20375,-0.00738457050192217
2.203875,-0.00522167987806805
2.204,-8.39389512748892e-15
2.204125,0.00522167987804668
2.20425,0.00738457050192217
2.204375,0.00522167987805683
2.2045,1.93873753583006e-14
2.204625,-0.00522167987805791
2.20475,-0.00738457050192217
2.204875,-0.0052216798780741
2.205,-3.51594460364489e-15
2.205125,0.00522167987804063
2.20525,0.00738457050192217
2.205375,0.00522167987806288
2.2055,1.45094248344566e-14
2.205625,-0.00522167987805186
2.20575,-0.00738457050192217
2.205875,-0.00522167987807065
2.206,-1.20704495725346e-14
2.206125,0.00522167987805358
2.20625,0.00738457050192217
2.206375,0.00522167987806893
2.2065,9.63147431061259e-15
2.206625,-0.00522167987804581
2.20675,-0.00738457050192217
2.206875,-0.0052216798780577
2.207,-2.06249545414243e-14
2.207125,0.00522167987804753
2.20725,0.00738457050192217
2.207375,0.00522167987807498
2.2075,4.75352378676856e-15
2.207625,-0.00522167987805875
2.20775,-0.00738457050192217
2.207875,-0.00522167987806375
2.208,-2.31454852484655e-15
2.208125,0.00522167987805098
2.20825,0.00738457050192217
2.208375,0.00522167987806203
2.2085,1.33080287556583e-14
2.208625,-0.00522167987805271
2.20875,-0.00738457050192217
2.208875,-0.0052216798780698
2.209,-1.08690534937363e-14
2.209125,0.00522167987804493
2.20925,0.00738457050192217
2.209375,0.00522167987806808
2.2095,2.1862533724548e-14
2.209625,-0.00522167987804666
2.20975,-0.00738457050192217
2.209875,-0.00522167987807585
2.21,-5.99110296989223e-15
2.210125,0.00522167987805788
2.21025,0.00738457050192217
2.210375,0.00522167987806463
2.2105,3.55212770797022e-15
2.210625,-0.00522167987805011
2.21075,-0.00738457050192217
2.210875,-0.0052216798780629
2.211,-1.45456079387819e-14
2.211125,0.00522167987805183
2.21125,0.00738457050192217
2.211375,0.00522167987807068
2.2115,1.21066326768599e-14
2.211625,-0.00522167987805356
2.21175,-0.00738457050192217
2.211875,-0.00522167987806895
2.212,3.76479807779581e-15
2.212125,0.00522167987804578
2.21225,0.00738457050192217
2.212375,0.00522167987805773
2.2125,2.06611376457496e-14
2.212625,-0.005221679878057
2.21275,-0.00738457050192217
2.212875,-0.0052216798780655
2.213,-4.78970689109389e-15
2.213125,0.00522167987804923
2.21325,0.00738457050192217
2.213375,0.00522167987806378
2.2135,1.57831871219056e-14
2.213625,-0.00522167987805096
2.21375,-0.00738457050192217
2.213875,-0.00522167987807155
2.214,-1.33442118599836e-14
2.214125,0.00522167987805268
2.21425,0.00738457050192217
2.214375,0.00522167987806983
2.2145,1.09052365980616e-14
2.214625,-0.00522167987804491
2.21475,-0.00738457050192217
2.214875,-0.0052216798780586
2.215,-2.18987168288733e-14
2.215125,0.00522167987805613
2.21525,0.00738457050192217
2.215375,0.00522167987806638
2.2155,6.02728607421756e-15
2.215625,-0.00522167987805785
2.21575,-0.00738457050192217
2.215875,-0.00522167987806465
2.216,-3.58831081229555e-15
2.216125,0.00522167987805008
2.21625,0.00738457050192217
2.216375,0.00522167987806293
2.2165,1.45817910431073e-14
2.216625,-0.0052216798780518
2.21675,-0.00738457050192217
2.216875,-0.0052216798780707
2.217,-1.21428157811853e-14
2.217125,0.00522167987804403
2.21725,0.00738457050192217
2.217375,0.00522167987805948
2.2175,2.3136296011997e-14
2.217625,-0.00522167987804576
2.21775,-0.00738457050192217
2.217875,-0.00522167987807675
2.218,-7.26486525734123e-15
2.218125,0.00522167987805698
2.21825,0.00738457050192217
2.218375,0.00522167987806553
2.2185,4.82588999541922e-15
2.218625,-0.00522167987804921
2.21875,-0.00738457050192217
2.218875,-0.0052216798780638
2.219,-1.58193702262309e-14
2.219125,0.00522167987805093
2.21925,0.00738457050192217
2.219375,0.00522167987807158
2.2195,1.33803949643089e-14
2.219625,-0.00522167987806215
2.21975,-0.00738457050192217
2.219875,-0.00522167987806985
2.22,2.49103579034682e-15
2.220125,0.00522167987804488
2.22025,0.00738457050192217
2.220375,0.00522167987805863
2.2205,8.5024444404649e-15
2.220625,-0.0052216798780561
2.22075,-0.00738457050192217
2.220875,-0.0052216798780664
2.221,-6.06346917854289e-15
2.221125,0.00522167987804833
2.22125,0.00738457050192217
2.221375,0.00522167987806468
2.2215,1.70569494093546e-14
2.221625,-0.00522167987805005
2.22175,-0.00738457050192217
2.221875,-0.00522167987807245
2.222,-1.46179741474326e-14
2.222125,0.00522167987805178
2.22225,0.00738457050192217
2.222375,0.00522167987807073
2.2225,-1.25345660722315e-15
2.222625,-0.00522167987804401
2.22275,-0.00738457050192217
2.222875,-0.00522167987805951
2.223,-2.31724791163223e-14
2.223125,0.00522167987805523
2.22325,0.00738457050192217
2.223375,0.00522167987806728
2.2235,7.30104836166656e-15
2.223625,-0.00522167987805695
2.22375,-0.00738457050192217
2.223875,-0.00522167987806555
2.224,-4.86207309974455e-15
2.224125,0.00522167987804918
2.22425,0.00738457050192217
2.224375,0.00522167987806383
2.2245,1.58555533305563e-14
2.224625,-0.00522167987805091
2.22475,-0.00738457050192217
2.224875,-0.0052216798780716
2.225,1.58774240994762e-17
2.225125,0.00522167987804313
2.22525,0.00738457050192217
2.225375,0.00522167987806038
2.2255,2.4410058299446e-14
2.225625,-0.00522167987805435
2.22575,-0.00738457050192217
2.225875,-0.00522167987806815
2.226,-8.53862754479023e-15
2.226125,0.00522167987805608
2.22625,0.00738457050192217
2.226375,0.00522167987806643
2.2265,6.09965228286822e-15
2.226625,-0.0052216798780483
2.22675,-0.00738457050192217
2.226875,-0.00522167987806471
2.227,-1.70931325136799e-14
2.227125,0.00522167987805003
2.22725,0.00738457050192217
2.227375,0.00522167987807248
2.2275,1.46541572517579e-14
2.227625,-0.00522167987806125
2.22775,-0.00738457050192217
2.227875,-0.00522167987806126
2.228,1.21727350289782e-15
2.228125,0.00522167987805348
2.22825,0.00738457050192217
2.228375,0.00522167987805953
2.2285,9.7762067279139e-15
2.228625,-0.0052216798780552
2.22875,-0.00738457050192217
2.228875,-0.0052216798780673
2.229,-7.33723146599189e-15
2.229125,0.00522167987804743
2.22925,0.00738457050192217
2.229375,0.00522167987806558
2.2295,1.83307116968036e-14
2.229625,-0.00522167987804915
2.22975,-0.00738457050192217
2.229875,-0.00522167987807335
2.23,-1.58917364348816e-14
2.230125,0.00522167987806038
2.23025,0.00738457050192217
2.230375,0.00522167987807163
2.2305,2.0305680225852e-17
2.230625,-0.00522167987804311
2.23075,-0.00738457050192217
2.230875,-0.00522167987806041
2.231,-1.10137859110376e-14
2.231125,0.00522167987805433
2.23125,0.00738457050192217
2.231375,0.00522167987806818
2.2315,8.57481064911556e-15
2.231625,-0.00522167987805605
2.23175,-0.00738457050192217
2.231875,-0.00522167987806646
2.232,-6.13583538719354e-15
2.232125,0.00522167987804828
2.23225,0.00738457050192217
2.232375,0.00522167987805523
2.2325,1.71293156180053e-14
2.232625,-0.00522167987805
2.23275,-0.00738457050192217
2.232875,-0.0052216798780725
2.233,-1.25788486334952e-15
2.233125,0.00522167987804223
2.23325,0.00738457050192217
2.233375,0.00522167987806128
2.2335,2.5683820586895e-14
2.233625,-0.00522167987805345
2.23375,-0.00738457050192217
2.233875,-0.00522167987806905
2.234,-9.81238983223923e-15
2.234125,0.00522167987805518
2.23425,0.00738457050192217
2.234375,0.00522167987806733
2.2345,7.37341457031721e-15
2.234625,-0.0052216798780474
2.23475,-0.00738457050192217
2.234875,-0.00522167987806561
2.235,-1.83668948011289e-14
2.235125,0.00522167987804913
2.23525,0.00738457050192217
2.235375,0.00522167987807338
2.2355,2.49546404647319e-15
2.235625,-0.00522167987806035
2.23575,-0.00738457050192217
2.235875,-0.00522167987806216
2.236,-5.64887845511802e-17
2.236125,0.00522167987805258
2.23625,0.00738457050192217
2.236375,0.00522167987806993
2.2365,1.10499690153629e-14
2.236625,-0.0052216798780543
2.23675,-0.00738457050192217
2.236875,-0.00522167987806821
2.237,-8.61099375344089e-15
2.237125,0.00522167987804653
2.23725,0.00738457050192217
2.237375,0.00522167987806648
2.2375,1.96044739842526e-14
2.237625,-0.00522167987804825
2.23775,-0.00738457050192217
2.237875,-0.00522167987807425
2.238,-1.71654987223306e-14
2.238125,0.00522167987805948
2.23825,0.00738457050192217
2.238375,0.00522167987806303
2.2385,1.29406796767485e-15
2.238625,-0.0052216798780517
2.23875,-0.00738457050192217
2.238875,-0.00522167987806131
2.239,-1.22875481984866e-14
2.239125,0.00522167987805343
2.23925,0.00738457050192217
2.239375,0.00522167987806908
2.2395,9.84857293656456e-15
2.239625,-0.00522167987805515
2.23975,-0.00738457050192217
2.239875,-0.00522167987806736
2.24,-7.40959767464254e-15
2.240125,0.00522167987804738
2.24025,0.00738457050192217
2.240375,0.00522167987807513
2.2405,1.84030779054543e-14
2.240625,-0.0052216798780586
2.24075,-0.00738457050192217
2.240875,-0.00522167987806391
2.241,-2.53164715079852e-15
2.241125,0.00522167987804133
2.24125,0.00738457050192217
2.241375,0.00522167987806218
2.2415,1.35251273816102e-14
2.241625,-0.00522167987805255
2.24175,-0.00738457050192217
2.241875,-0.00522167987806996
2.242,-1.10861521196882e-14
2.242125,0.00522167987805428
2.24225,0.00738457050192217
2.242375,0.00522167987806823
2.2425,8.64717685776621e-15
2.242625,-0.0052216798780465
2.24275,-0.00738457050192217
2.242875,-0.00522167987805701
2.243,-1.96406570885779e-14
2.243125,0.00522167987804823
2.24325,0.00738457050192217
2.243375,0.00522167987807428
2.2435,3.76922633392219e-15
2.243625,-0.00522167987805945
2.24375,-0.00738457050192217
2.243875,-0.00522167987806306
2.244,-1.33025107200018e-15
2.244125,0.00522167987805168
2.24425,0.00738457050192217
2.244375,0.00522167987807083
2.2445,1.23237313028119e-14
2.244625,-0.0052216798780534
2.24475,-0.00738457050192217
2.244875,-0.00522167987806911
2.245,-9.88475604088988e-15
2.245125,0.00522167987804563
2.24525,0.00738457050192217
2.245375,0.00522167987806738
2.2455,2.08782362717016e-14
2.245625,-0.00522167987804735
2.24575,-0.00738457050192217
2.245875,-0.00522167987807515
2.246,-5.00680551704586e-15
2.246125,0.00522167987805858
2.24625,0.00738457050192217
2.246375,0.00522167987806393
2.2465,2.56783025512385e-15
2.246625,-0.0052216798780508
2.24675,-0.00738457050192217
2.246875,-0.00522167987806221
2.247,-1.35613104859356e-14
2.247125,0.00522167987805253
2.24725,0.00738457050192217
2.247375,0.00522167987806998
2.2475,1.11223352240136e-14
2.247625,-0.00522167987805425
2.24775,-0.00738457050192217
2.247875,-0.00522167987806826
2.248,4.74909553064219e-15
2.248125,0.00522167987804648
2.24825,0.00738457050192217
2.248375,0.00522167987807603
2.2485,1.96768401929033e-14
2.248625,-0.0052216798780577
2.24875,-0.00738457050192217
2.248875,-0.00522167987806481
2.249,-3.80540943824752e-15
2.249125,0.00522167987804993
2.24925,0.00738457050192217
2.249375,0.00522167987806308
2.2495,1.47988896690592e-14
2.249625,-0.00522167987805165
2.24975,-0.00738457050192217
2.249875,-0.00522167987807086
2.25,-1.23599144071372e-14
2.250125,0.00522167987805338
2.25025,0.00738457050192217
2.250375,0.00522167987806913
2.2505,-3.51151634751852e-15
2.250625,-0.0052216798780456
2.25075,-0.00738457050192217
2.250875,-0.00522167987805791
2.251,-2.09144193760269e-14
2.251125,0.00522167987805683
2.25125,0.00738457050192217
2.251375,0.00522167987806568
2.2515,5.04298862137119e-15
2.251625,-0.00522167987805855
2.25175,-0.00738457050192217
2.251875,-0.00522167987806396
2.252,-1.60364688521829e-14
2.252125,0.00522167987805078
2.25225,0.00738457050192217
2.252375,0.00522167987807173
2.2525,1.35974935902609e-14
2.252625,-0.0052216798780525
2.25275,-0.00738457050192217
2.252875,-0.00522167987807001
2.253,-1.11585183283389e-14
2.253125,0.00522167987804473
2.25325,0.00738457050192217
2.253375,0.00522167987805878
2.2535,2.21519985591506e-14
2.253625,-0.00522167987805595
2.25375,-0.00738457050192217
2.253875,-0.00522167987807606
2.254,-6.28056780449486e-15
2.254125,0.00522167987805768
2.25425,0.00738457050192217
2.254375,0.00522167987806483
2.2545,3.84159254257285e-15
2.254625,-0.0052216798780499
2.25475,-0.00738457050192217
2.254875,-0.00522167987806311
2.255,-1.48350727733846e-14
2.255125,0.00522167987805163
2.25525,0.00738457050192217
2.255375,0.00522167987807088
2.2555,1.23960975114625e-14
2.255625,-0.00522167987806285
2.25575,-0.00738457050192217
2.255875,-0.00522167987806916
2.256,-2.33895777422743e-14
2.256125,0.00522167987804558
2.25625,0.00738457050192217
2.256375,0.00522167987807693
2.2565,7.51814698761853e-15
2.256625,-0.0052216798780568
2.25675,-0.00738457050192217
2.256875,-0.00522167987806571
2.257,-5.07917172569652e-15
2.257125,0.00522167987804903
2.25725,0.00738457050192217
2.257375,0.00522167987806398
2.2575,1.60726519565082e-14
2.257625,-0.00522167987805075
2.25775,-0.00738457050192217
2.257875,-0.00522167987807176
2.258,-1.36336766945862e-14
2.258125,0.00522167987805248
2.25825,0.00738457050192217
2.258375,0.00522167987807003
2.2585,-2.23775406006952e-15
2.258625,-0.0052216798780447
2.25875,-0.00738457050192217
2.258875,-0.00522167987805881
2.259,-2.21881816634759e-14
2.259125,0.00522167987805592
2.25925,0.00738457050192217
2.259375,0.00522167987806658
2.2595,6.31675090882019e-15
2.259625,-0.00522167987805765
2.25975,-0.00738457050192217
2.259875,-0.00522167987806486
2.26,-1.73102311396319e-14
2.260125,0.00522167987804988
2.26025,0.00738457050192217
2.260375,0.00522167987807263
2.2605,1.48712558777099e-14
2.260625,-0.0052216798780516
2.26075,-0.00738457050192217
2.260875,-0.00522167987807091
2.261,1.00017487694585e-15
2.261125,0.00522167987804383
2.26125,0.00738457050192217
2.261375,0.00522167987805968
2.2615,2.34257608465996e-14
2.261625,-0.00522167987805505
2.26175,-0.00738457050192217
2.261875,-0.00522167987806746
2.262,-7.55433009194386e-15
2.262125,0.00522167987805677
2.26225,0.00738457050192217
2.262375,0.00522167987806573
2.2625,5.11535483002184e-15
2.262625,-0.005221679878049
2.26275,-0.00738457050192217
2.262875,-0.00522167987806401
2.263,-1.61088350608336e-14
2.263125,0.00522167987805073
2.26325,0.00738457050192217
2.263375,0.00522167987807178
2.2635,1.36698597989115e-14
2.263625,-0.00522167987806195
2.26375,-0.00738457050192217
2.263875,-0.00522167987806056
2.264,-2.46633400297233e-14
2.264125,0.00522167987805417
2.26425,0.00738457050192217
2.264375,0.00522167987807783
2.2645,8.79190927506753e-15
2.264625,-0.0052216798780559
2.26475,-0.00738457050192217
2.264875,-0.00522167987806661
2.265,-6.35293401314551e-15
2.265125,0.00522167987804813
2.26525,0.00738457050192217
2.265375,0.00522167987806488
2.2655,1.73464142439572e-14
2.265625,-0.00522167987804985
2.26575,-0.00738457050192217
2.265875,-0.00522167987807266
2.266,-1.49074389820352e-14
2.266125,0.00522167987806107
2.26625,0.00738457050192217
2.266375,0.00522167987806144
2.2665,-9.63991772620521e-16
2.266625,-0.0052216798780438
2.26675,-0.00738457050192217
2.266875,-0.00522167987805971
2.267,-1.00294884581912e-14
2.267125,0.00522167987805502
2.26725,0.00738457050192217
2.267375,0.00522167987806748
2.2675,7.59051319626918e-15
2.267625,-0.00522167987804725
2.26775,-0.00738457050192217
2.267875,-0.00522167987806576
2.268,-1.85839934270809e-14
2.268125,0.00522167987804898
2.26825,0.00738457050192217
2.268375,0.00522167987807353
2.2685,1.61450181651589e-14
2.268625,-0.0052216798780507
2.26875,-0.00738457050192217
2.268875,-0.00522167987807181
2.269,-2.73587410503149e-16
2.269125,0.00522167987804293
2.26925,0.00738457050192217
2.269375,0.00522167987806059
2.2695,1.12670676413149e-14
2.269625,-0.00522167987805415
2.26975,-0.00738457050192217
2.269875,-0.00522167987806836
2.27,-8.82809237939285e-15
2.270125,0.00522167987805587
2.27025,0.00738457050192217
2.270375,0.00522167987806663
2.2705,6.38911711747084e-15
2.270625,-0.0052216798780481
2.27075,-0.00738457050192217
2.270875,-0.00522167987806491
2.271,-1.73825973482826e-14
2.271125,0.00522167987804983
2.27125,0.00738457050192217
2.271375,0.00522167987807268
2.2715,1.51116659362682e-15
2.271625,-0.00522167987804205
2.27175,-0.00738457050192217
2.271875,-0.00522167987806146
2.272,-2.59371023171723e-14
2.272125,0.00522167987805327
2.27225,0.00738457050192217
2.272375,0.00522167987806923
2.2725,1.00656715625165e-14
2.272625,-0.005221679878055
2.27275,-0.00738457050192217
2.272875,-0.00522167987806751
2.273,-7.62669630059451e-15
2.273125,0.00522167987804723
2.27325,0.00738457050192217
2.273375,0.00522167987806578
2.2735,1.86201765314062e-14
2.273625,-0.00522167987804895
2.27375,-0.00738457050192217
2.273875,-0.00522167987807356
2.274,-1.61812012694842e-14
2.274125,0.00522167987806017
2.27425,0.00738457050192217
2.274375,0.00522167987806234
2.2745,3.09770514828478e-16
2.274625,-0.0052216798780524
2.27475,-0.00738457050192217
2.274875,-0.00522167987806061
2.275,-1.13032507456402e-14
2.275125,0.00522167987805412
2.27525,0.00738457050192217
2.275375,0.00522167987806838
2.2755,8.86427548371818e-15
2.275625,-0.00522167987804635
2.27575,-0.00738457050192217
2.275875,-0.00522167987806666
2.276,-1.98577557145299e-14
2.276125,0.00522167987804808
2.27625,0.00738457050192217
2.276375,0.00522167987807443
2.2765,1.74187804526079e-14
2.276625,-0.0052216798780593
2.27675,-0.00738457050192217
2.276875,-0.00522167987806321
2.277,-1.54734969795215e-15
2.277125,0.00522167987804203
2.27725,0.00738457050192217
2.277375,0.00522167987806149
2.2775,1.25408299287639e-14
2.277625,-0.00522167987805325
2.27775,-0.00738457050192217
2.277875,-0.00522167987806926
2.278,-1.01018546668419e-14
2.278125,0.00522167987805497
2.27825,0.00738457050192217
2.278375,0.00522167987806754
2.2785,7.66287940491984e-15
2.278625,-0.0052216798780472
2.27875,-0.00738457050192217
2.278875,-0.00522167987805631
2.279,-1.86563596357316e-14
2.279125,0.00522167987805842
2.27925,0.00738457050192217
2.279375,0.00522167987807358
2.2795,2.78492888107582e-15
2.279625,-0.00522167987804115
2.27975,-0.00738457050192217
2.279875,-0.00522167987806236
2.28,-1.37784091118875e-14
2.280125,0.00522167987805237
2.28025,0.00738457050192217
2.280375,0.00522167987807013
2.2805,1.13394338499655e-14
2.280625,-0.0052216798780541
2.28075,-0.00738457050192217
2.280875,-0.00522167987806841
2.281,-8.90045858804351e-15
2.281125,0.00522167987804632
2.28125,0.00738457050192217
2.281375,0.00522167987806669
2.2815,1.98939388188552e-14
2.281625,-0.00522167987804805
2.28175,-0.00738457050192217
2.281875,-0.00522167987807446
2.282,-4.02250806419949e-15
2.282125,0.00522167987805927
2.28225,0.00738457050192217
2.282375,0.00522167987806324
2.2825,1.58353280227748e-15
2.282625,-0.0052216798780515
2.28275,-0.00738457050192217
2.282875,-0.00522167987806151
2.283,-1.25770130330892e-14
2.283125,0.00522167987805322
2.28325,0.00738457050192217
2.283375,0.00522167987806929
2.2835,1.01380377711672e-14
2.283625,-0.00522167987804545
2.28375,-0.00738457050192217
2.283875,-0.00522167987806756
2.284,-2.11315180019789e-14
2.284125,0.00522167987804717
2.28425,0.00738457050192217
2.284375,0.00522167987807533
2.2845,1.86925427400569e-14
2.284625,-0.0052216798780584
2.28475,-0.00738457050192217
2.284875,-0.00522167987806411
2.285,-2.82111198540115e-15
2.285125,0.00522167987805062
2.28525,0.00738457050192217
2.285375,0.00522167987806239
2.2855,1.38145922162129e-14
2.285625,-0.00522167987805235
2.28575,-0.00738457050192217
2.285875,-0.00522167987807016
2.286,-1.13756169542908e-14
2.286125,0.00522167987805407
2.28625,0.00738457050192217
2.286375,0.00522167987806843
2.2865,-4.49581380036489e-15
2.286625,-0.0052216798780463
2.28675,-0.00738457050192217
2.286875,-0.00522167987805721
2.287,-1.99301219231806e-14
2.287125,0.00522167987805752
2.28725,0.00738457050192217
2.287375,0.00522167987806499
2.2875,4.05869116852482e-15
2.287625,-0.00522167987804025
2.28775,-0.00738457050192217
2.287875,-0.00522167987806326
2.288,-1.50521713993365e-14
2.288125,0.00522167987805147
2.28825,0.00738457050192217
2.288375,0.00522167987807104
2.2885,1.26131961374145e-14
2.288625,-0.0052216798780532
2.28875,-0.00738457050192217
2.288875,-0.00522167987806931
2.289,-1.01742208754925e-14
2.289125,0.00522167987804542
2.28925,0.00738457050192217
2.289375,0.00522167987805809
2.2895,2.11677011063042e-14
2.289625,-0.00522167987805665
2.28975,-0.00738457050192217
2.289875,-0.00522167987807536
2.29,-5.29627035164849e-15
2.290125,0.00522167987805837
2.29025,0.00738457050192217
2.290375,0.00522167987806414
2.2905,2.85729508972647e-15
2.290625,-0.0052216798780506
2.29075,-0.00738457050192217
2.290875,-0.00522167987806241
2.291,-1.38507753205382e-14
2.291125,0.00522167987805232
2.29125,0.00738457050192217
2.291375,0.00522167987807019
2.2915,1.14118000586162e-14
2.291625,-0.00522167987804455
2.29175,-0.00738457050192217
2.291875,-0.00522167987805896
2.292,-2.24052802894279e-14
2.292125,0.00522167987804627
2.29225,0.00738457050192217
2.292375,0.00522167987807623
2.2925,6.53384953477215e-15
2.292625,-0.0052216798780575
2.29275,-0.00738457050192217
2.292875,-0.00522167987806501
2.293,-4.09487427285014e-15
2.293125,0.00522167987804972
2.29325,0.00738457050192217
2.293375,0.00522167987806329
2.2935,1.50883545036619e-14
2.293625,-0.00522167987805145
2.29375,-0.00738457050192217
2.293875,-0.00522167987807106
2.294,-1.26493792417398e-14
2.294125,0.00522167987805317
2.29425,0.00738457050192217
2.294375,0.00522167987806934
2.2945,-3.22205151291589e-15
2.294625,-0.0052216798780454
2.29475,-0.00738457050192217
2.294875,-0.00522167987805811
2.295,-7.77142871789583e-15
2.295125,0.00522167987805662
2.29525,0.00738457050192217
2.295375,0.00522167987806589
2.2955,5.33245345597381e-15
2.295625,-0.00522167987804885
2.29575,-0.00738457050192217
2.295875,-0.00522167987806416
2.296,-1.63259336867855e-14
2.296125,0.00522167987805057
2.29625,0.00738457050192217
2.296375,0.00522167987807194
2.2965,1.38869584248635e-14
2.296625,-0.0052216798780523
2.29675,-0.00738457050192217
2.296875,-0.00522167987807021
2.297,1.98447232979222e-15
2.297125,0.00522167987804452
2.29725,0.00738457050192217
2.297375,0.00522167987805899
2.2975,2.24414633937532e-14
2.297625,-0.00522167987805575
2.29775,-0.00738457050192217
2.297875,-0.00522167987806676
2.298,-6.57003263909748e-15
2.298125,0.00522167987805747
2.29825,0.00738457050192217
2.298375,0.00522167987806504
2.2985,4.13105737717547e-15
2.298625,-0.0052216798780497
2.29875,-0.00738457050192217
2.298875,-0.00522167987807281
2.299,-1.51245376079872e-14
2.299125,0.00522167987805142
2.29925,0.00738457050192217
2.299375,0.00522167987807109
2.2995,1.26855623460652e-14
2.299625,-0.00522167987804365
2.29975,-0.00738457050192217
2.299875,-0.00522167987805986
2.3,-2.36790425768769e-14
2.300125,0.00522167987805487
2.30025,0.00738457050192217
2.300375,0.00522167987807714
2.3005,7.80761182222115e-15
2.300625,-0.0052216798780566
2.30075,-0.00738457050192217
2.300875,-0.00522167987806591
2.301,-5.36863656029914e-15
2.301125,0.00522167987804882
2.30125,0.00738457050192217
2.301375,0.00522167987806419
2.3015,1.63621167911109e-14
2.301625,-0.00522167987805055
2.30175,-0.00738457050192217
2.301875,-0.00522167987807196
2.302,-1.39231415291888e-14
2.302125,0.00522167987806177
2.30225,0.00738457050192217
2.302375,0.00522167987806074
2.3025,-1.94828922546689e-15
2.302625,-0.0052216798780445
2.30275,-0.00738457050192217
2.302875,-0.00522167987807801
2.303,-9.04519100534482e-15
2.303125,0.00522167987805572
2.30325,0.00738457050192217
2.303375,0.00522167987806679
2.3035,6.60621574342281e-15
2.303625,-0.00522167987804795
2.30375,-0.00738457050192217
2.303875,-0.00522167987806506
2.304,-1.75996959742345e-14
2.304125,0.00522167987804967
2.30425,0.00738457050192217
2.304375,0.00522167987807284
2.3045,1.51607207123125e-14
2.304625,-0.00522167987806089
2.30475,-0.00738457050192217
2.304875,-0.00522167987807111
2.305,7.10710042343223e-16
2.305125,0.00522167987804362
2.30525,0.00738457050192217
2.305375,0.00522167987805989
2.3055,1.02827701884685e-14
2.305625,-0.00522167987805484
2.30575,-0.00738457050192217
2.305875,-0.00522167987806766
2.306,-7.84379492654648e-15
2.306125,0.00522167987805657
2.30625,0.00738457050192217
2.306375,0.00522167987806594
2.3065,5.40481966462447e-15
2.306625,-0.0052216798780488
2.30675,-0.00738457050192217
2.306875,-0.00522167987807371
2.307,-1.63982998954362e-14
2.307125,0.00522167987805052
2.30725,0.00738457050192217
2.307375,0.00522167987807199
2.3075,5.26869140780447e-16
2.307625,-0.00522167987804275
2.30775,-0.00738457050192217
2.307875,-0.00522167987806076
2.308,-2.49528048643259e-14
2.308125,0.00522167987805397
2.30825,0.00738457050192217
2.308375,0.00522167987806854
2.3085,9.08137410967015e-15
2.308625,-0.00522167987805569
2.30875,-0.00738457050192217
2.308875,-0.00522167987806681
2.309,-6.64239884774814e-15
2.309125,0.00522167987804792
2.30925,0.00738457050192217
2.309375,0.00522167987806509
2.3095,1.76358790785599e-14
2.309625,-0.00522167987804965
2.30975,-0.00738457050192217
2.309875,-0.00522167987807286
2.31,-1.51969038166378e-14
2.310125,0.00522167987806087
2.31025,0.00738457050192217
2.310375,0.00522167987806164
2.3105,-6.74526938017895e-16
2.310625,-0.00522167987805309
2.31075,-0.00738457050192217
2.310875,-0.00522167987806941
2.311,-1.03189532927938e-14
2.311125,0.00522167987805482
2.31125,0.00738457050192217
2.311375,0.00522167987806769
2.3115,7.87997803087181e-15
2.311625,-0.00522167987804705
2.31175,-0.00738457050192217
2.311875,-0.00522167987806596
2.312,-1.88734582616835e-14
2.312125,0.00522167987804877
2.31225,0.00738457050192217
2.312375,0.00522167987807374
2.3125,1.64344829997615e-14
2.312625,-0.00522167987805999
2.31275,-0.00738457050192217
2.312875,-0.00522167987806251
2.313,-5.63052245105775e-16
2.313125,0.00522167987804272
2.31325,0.00738457050192217
2.313375,0.00522167987806079
2.3135,1.15565324759175e-14
2.313625,-0.00522167987805395
2.31375,-0.00738457050192217
2.313875,-0.00522167987806856
2.314,-9.11755721399548e-15
2.314125,0.00522167987805567
2.31425,0.00738457050192217
2.314375,0.00522167987806684
2.3145,2.01110374448072e-14
2.314625,-0.0052216798780479
2.31475,-0.00738457050192217
2.314875,-0.00522167987807461
2.315,-1.76720621828852e-14
2.315125,0.00522167987805912
2.31525,0.00738457050192217
2.315375,0.00522167987807289
2.3155,1.80063142822944e-15
2.315625,-0.00522167987804185
2.31575,-0.00738457050192217
2.315875,-0.00522167987806166
2.316,-1.27941116590412e-14
2.316125,0.00522167987805307
2.31625,0.00738457050192217
2.316375,0.00522167987806944
2.3165,1.03551363971191e-14
2.316625,-0.00522167987805479
2.31675,-0.00738457050192217
2.316875,-0.00522167987806771
2.317,-7.91616113519714e-15
2.317125,0.00522167987804702
2.31725,0.00738457050192217
2.317375,0.00522167987805649
2.3175,1.89096413660089e-14
2.317625,-0.00522167987804874
2.31775,-0.00738457050192217
2.317875,-0.00522167987807376
2.318,-3.03821061135311e-15
2.318125,0.00522167987805997
2.31825,0.00738457050192217
2.318375,0.00522167987806254
2.3185,2.74641463348986e-14
2.318625,-0.00522167987805219
2.31875,-0.00738457050192217
2.318875,-0.00522167987807031
2.319,-1.15927155802428e-14
2.319125,0.00522167987805392
2.31925,0.00738457050192217
2.319375,0.00522167987806859
2.3195,9.15374031832081e-15
2.319625,-0.00522167987804615
2.31975,-0.00738457050192217
2.319875,-0.00522167987806686
2.32,-2.01472205491325e-14
2.320125,0.00522167987804787
2.32025,0.00738457050192217
2.320375,0.00522167987807464
2.3205,4.27578979447678e-15
2.320625,-0.00522167987805909
2.32075,-0.00738457050192217
2.320875,-0.00522167987806342
2.321,-1.83681453255477e-15
2.321125,0.00522167987805132
2.32125,0.00738457050192217
2.321375,0.00522167987806169
2.3215,1.28302947633665e-14
2.321625,-0.00522167987805304
2.32175,-0.00738457050192217
2.321875,-0.00522167987806946
2.322,-1.03913195014445e-14
2.322125,0.00522167987805477
2.32225,0.00738457050192217
2.322375,0.00522167987806774
2.3225,2.13847997322562e-14
2.322625,-0.005221679878047
2.32275,-0.00738457050192217
2.322875,-0.00522167987807551
2.323,-1.89458244703342e-14
2.323125,0.00522167987805822
2.32325,0.00738457050192217
2.323375,0.00522167987806429
2.3235,3.07439371567844e-15
2.323625,-0.00522167987805044
2.32375,-0.00738457050192217
2.323875,-0.00522167987806257
2.324,-1.40678739464902e-14
2.324125,0.00522167987805217
2.32425,0.00738457050192217
2.324375,0.00522167987807034
2.3245,1.16288986845681e-14
2.324625,-0.00522167987805389
2.32475,-0.00738457050192217
2.324875,-0.00522167987806861
2.325,-9.18992342264614e-15
2.325125,0.00522167987804612
2.32525,0.00738457050192217
2.325375,0.00522167987805739
2.3255,2.01834036534579e-14
2.325625,-0.00522167987805734
2.32575,-0.00738457050192217
2.325875,-0.00522167987807466
2.326,-4.31197289880211e-15
2.326125,0.00522167987805907
2.32625,0.00738457050192217
2.326375,0.00522167987806344
2.3265,1.53054531296138e-14
2.326625,-0.00522167987805129
2.32675,-0.00738457050192217
2.326875,-0.00522167987807121
2.327,-1.28664778676918e-14
2.327125,0.00522167987805302
2.32725,0.00738457050192217
2.327375,0.00522167987806949
2.3275,1.04275026057698e-14
2.327625,-0.00522167987804524
2.32775,-0.00738457050192217
2.327875,-0.00522167987805827
2.328,-2.14209828365815e-14
2.328125,0.00522167987804697
2.32825,0.00738457050192217
2.328375,0.00522167987807554
2.3285,5.54955208192578e-15
2.328625,-0.00522167987805819
2.32875,-0.00738457050192217
2.328875,-0.00522167987806432
2.329,-3.11057682000377e-15
2.329125,0.00522167987805042
2.32925,0.00738457050192217
2.329375,0.00522167987806259
2.3295,1.41040570508155e-14
2.329625,-0.00522167987805214
2.32975,-0.00738457050192217
2.329875,-0.00522167987807036
2.33,-1.16650817888935e-14
2.330125,0.00522167987804437
2.33025,0.00738457050192217
2.330375,0.00522167987806864
2.3305,2.26585620197052e-14
2.330625,-0.00522167987804609
2.33075,-0.00738457050192217
2.330875,-0.00522167987807641
2.331,-6.78713126504945e-15
2.331125,0.00522167987805732
2.33125,0.00738457050192217
2.331375,0.00522167987806519
2.3315,4.34815600312744e-15
2.331625,-0.00522167987804954
2.33175,-0.00738457050192217
2.331875,-0.00522167987806347
2.332,-1.53416362339392e-14
2.332125,0.00522167987805127
2.33225,0.00738457050192217
2.332375,0.00522167987807124
2.3325,1.29026609720171e-14
2.332625,-0.00522167987805299
2.33275,-0.00738457050192217
2.332875,-0.00522167987806952
2.333,2.96876978263859e-15
2.333125,0.00522167987804522
2.33325,0.00738457050192217
2.333375,0.00522167987805829
2.3335,2.14571659409068e-14
2.333625,-0.00522167987805644
2.33375,-0.00738457050192217
2.333875,-0.00522167987806607
2.334,-5.58573518625111e-15
2.334125,0.00522167987804867
2.33425,0.00738457050192217
2.334375,0.00522167987806434
2.3345,1.65792154170628e-14
2.334625,-0.00522167987805039
2.33475,-0.00738457050192217
2.334875,-0.00522167987807211
2.335,-1.41402401551408e-14
2.335125,0.00522167987805212
2.33525,0.00738457050192217
2.335375,0.00522167987807039
2.3355,1.17012648932188e-14
2.335625,-0.00522167987804434
2.33575,-0.00738457050192217
2.335875,-0.00522167987805917
2.336,-2.26947451240305e-14
2.336125,0.00522167987805557
2.33625,0.00738457050192217
2.336375,0.00522167987806694
2.3365,6.82331436937478e-15
2.336625,-0.00522167987805729
2.33675,-0.00738457050192217
2.336875,-0.00522167987806522
2.337,-4.38433910745277e-15
2.337125,0.00522167987804952
2.33725,0.00738457050192217
2.337375,0.00522167987806349
2.3375,1.53778193382645e-14
2.337625,-0.00522167987805124
2.33775,-0.00738457050192217
2.337875,-0.00522167987807126
2.338,-1.29388440763425e-14
2.338125,0.00522167987804347
2.33825,0.00738457050192217
2.338375,0.00522167987806004
2.3385,2.39323243071542e-14
2.338625,-0.00522167987805469
2.33875,-0.00738457050192217
2.338875,-0.00522167987807731
2.339,-8.06089355249845e-15
2.339125,0.00522167987805642
2.33925,0.00738457050192217
2.339375,0.00522167987806609
2.3395,5.62191829057644e-15
2.339625,-0.00522167987804864
2.33975,-0.00738457050192217
2.339875,-0.00522167987806437
2.34,-1.66153985213882e-14
2.340125,0.00522167987805037
2.34025,0.00738457050192217
2.340375,0.00522167987807214
2.3405,1.41764232594661e-14
2.340625,-0.00522167987806159
2.34075,-0.00738457050192217
2.340875,-0.00522167987807042
2.341,1.6950074951896e-15
2.341125,0.00522167987804432
2.34125,0.00738457050192217
2.341375,0.00522167987805919
2.3415,9.29847273562212e-15
2.341625,-0.00522167987805554
2.34175,-0.00738457050192217
2.341875,-0.00522167987806697
2.342,-6.85949747370011e-15
2.342125,0.00522167987804777
2.34225,0.00738457050192217
2.342375,0.00522167987806524
2.3425,1.78529777045118e-14
2.342625,-0.00522167987804949
2.34275,-0.00738457050192217
2.342875,-0.00522167987807302
2.343,-1.54140024425898e-14
2.343125,0.00522167987805122
2.34325,0.00738457050192217
2.343375,0.00522167987807129
2.3435,-4.57428312065926e-16
2.343625,-0.00522167987804344
2.34375,-0.00738457050192217
2.343875,-0.00522167987806007
2.344,-2.39685074114795e-14
2.344125,0.00522167987805467
2.34425,0.00738457050192217
2.344375,0.00522167987806784
2.3445,8.09707665682378e-15
2.344625,-0.00522167987805639
2.34475,-0.00738457050192217
2.344875,-0.00522167987806612
2.345,-5.65810139490177e-15
2.345125,0.00522167987804862
2.34525,0.00738457050192217
2.345375,0.00522167987806439
2.3455,1.66515816257135e-14
2.345625,-0.00522167987805034
2.34575,-0.00738457050192217
2.345875,-0.00522167987807217
2.346,-7.80150871057744e-16
2.346125,0.00522167987804257
2.34625,0.00738457050192217
2.346375,0.00522167987806094
2.3465,2.52060865946032e-14
2.346625,-0.00522167987805379
2.34675,-0.00738457050192217
2.346875,-0.00522167987806872
2.347,-9.33465583994745e-15
2.347125,0.00522167987805552
2.34725,0.00738457050192217
2.347375,0.00522167987806699
2.3475,6.89568057802544e-15
2.347625,-0.00522167987804774
2.34775,-0.00738457050192217
2.347875,-0.00522167987806527
2.348,-1.78891608088372e-14
2.348125,0.00522167987804947
2.34825,0.00738457050192217
2.348375,0.00522167987807304
2.3485,1.54501855469151e-14
2.348625,-0.00522167987806069
2.34875,-0.00738457050192217
2.348875,-0.00522167987806182
2.349,4.21245207740597e-16
2.349125,0.00522167987805292
2.34925,0.00738457050192217
2.349375,0.00522167987806009
2.3495,1.05722350230711e-14
2.349625,-0.00522167987805464
2.34975,-0.00738457050192217
2.349875,-0.00522167987806787
2.35,-8.13325976114911e-15
2.350125,0.00522167987804687
2.35025,0.00738457050192217
2.350375,0.00522167987806614
2.3505,1.91267399919608e-14
2.350625,-0.00522167987804859
2.35075,-0.00738457050192217
2.350875,-0.00522167987807392
2.351,-1.66877647300388e-14
2.351125,0.00522167987805981
2.35125,0.00738457050192217
2.351375,0.00522167987806269
2.3515,8.16333975383072e-16
2.351625,-0.00522167987804254
2.35175,-0.00738457050192217
2.351875,-0.00522167987806097
2.352,-1.18098142061948e-14
2.352125,0.00522167987805377
2.35225,0.00738457050192217
2.352375,0.00522167987806874
2.3525,9.37083894427278e-15
2.352625,-0.00522167987805549
2.35275,-0.00738457050192217
2.352875,-0.00522167987806702
2.353,-6.93186368235077e-15
2.353125,0.00522167987804772
2.35325,0.00738457050192217
2.353375,0.00522167987805579
2.3535,1.79253439131625e-14
2.353625,-0.00522167987804944
2.35375,-0.00738457050192217
2.353875,-0.00522167987807307
2.354,-2.05391315850674e-15
2.354125,0.00522167987804167
2.35425,0.00738457050192217
2.354375,0.00522167987806184
2.3545,1.30473933893185e-14
2.354625,-0.00522167987805289
2.35475,-0.00738457050192217
2.354875,-0.00522167987806962
2.355,-1.06084181273964e-14
2.355125,0.00522167987805462
2.35525,0.00738457050192217
2.355375,0.00522167987806789
2.3555,8.16944286547444e-15
2.355625,-0.00522167987804684
2.35575,-0.00738457050192217
2.355875,-0.00522167987806617
2.356,-1.91629230962861e-14
2.356125,0.00522167987804857
2.35625,0.00738457050192217
2.356375,0.00522167987807394
2.3565,3.29149234163041e-15
2.356625,-0.00522167987805979
2.35675,-0.00738457050192217
2.356875,-0.00522167987806272
2.357,-8.52517079708401e-16
2.357125,0.00522167987805201
2.35725,0.00738457050192217
2.357375,0.00522167987806099
2.3575,1.18459973105201e-14
2.357625,-0.00522167987805374
2.35775,-0.00738457050192217
2.357875,-0.00522167987806877
2.358,-9.4070220485981e-15
2.358125,0.00522167987804597
2.35825,0.00738457050192217
2.358375,0.00522167987806704
2.3585,2.04005022794098e-14
2.358625,-0.00522167987804769
2.35875,-0.00738457050192217
2.358875,-0.00522167987807482
2.359,-1.79615270174878e-14
2.359125,0.00522167987805891
2.35925,0.00738457050192217
2.359375,0.00522167987806359
2.3595,2.09009626283207e-15
2.359625,-0.00522167987805114
2.35975,-0.00738457050192217
2.359875,-0.00522167987806187
2.36,-1.30835764936438e-14
2.360125,0.00522167987805286
2.36025,0.00738457050192217
2.360375,0.00522167987806964
2.3605,1.06446012317218e-14
2.360625,-0.00522167987805459
2.36075,-0.00738457050192217
2.360875,-0.00522167987806792
2.361,5.22682952293396e-15
2.361125,0.00522167987804682
2.36125,0.00738457050192217
2.361375,0.00522167987807569
2.3615,1.91991062006115e-14
2.361625,-0.00522167987805804
2.36175,-0.00738457050192217
2.361875,-0.00522167987806447
2.362,-3.32767544595574e-15
2.362125,0.00522167987804077
2.36225,0.00738457050192217
2.362375,0.00522167987806274
2.3625,1.43211556767675e-14
2.362625,-0.00522167987805199
2.36275,-0.00738457050192217
2.362875,-0.00522167987807052
2.363,-1.18821804148454e-14
2.363125,0.00522167987805371
2.36325,0.00738457050192217
2.363375,0.00522167987806879
2.3635,9.44320515292343e-15
2.363625,-0.00522167987804594
2.36375,-0.00738457050192217
2.363875,-0.00522167987805757
2.364,-2.04366853837351e-14
2.364125,0.00522167987805716
2.36425,0.00738457050192217
2.364375,0.00522167987807484
2.3645,4.56525462907941e-15
2.364625,-0.00522167987805889
2.36475,-0.00738457050192217
2.364875,-0.00522167987806362
2.365,-2.1262793671574e-15
2.365125,0.00522167987805112
2.36525,0.00738457050192217
2.365375,0.00522167987807139
2.3655,1.31197595979691e-14
2.365625,-0.00522167987805284
2.36575,-0.00738457050192217
2.365875,-0.00522167987806967
2.366,-1.06807843360471e-14
2.366125,0.00522167987804507
2.36625,0.00738457050192217
2.366375,0.00522167987806794
2.3665,2.16742645668588e-14
2.366625,-0.00522167987804679
2.36675,-0.00738457050192217
2.366875,-0.00522167987807572
2.367,-5.80283381220308e-15
2.367125,0.00522167987805801
2.36725,0.00738457050192217
2.367375,0.0052216798780645
2.3675,3.36385855028107e-15
2.367625,-0.00522167987805024
2.36775,-0.00738457050192217
2.367875,-0.00522167987806277
2.368,-1.43573387810928e-14
2.368125,0.00522167987805196
2.36825,0.00738457050192217
2.368375,0.00522167987807054
2.3685,1.19183635191708e-14
2.368625,-0.00522167987805369
2.36875,-0.00738457050192217
2.368875,-0.00522167987806882
2.369,3.95306723548497e-15
2.369125,0.00522167987804592
2.36925,0.00738457050192217
2.369375,0.00522167987807659
2.3695,2.04728684880605e-14
2.369625,-0.00522167987805714
2.36975,-0.00738457050192217
2.369875,-0.00522167987806537
2.37,-4.60143773340474e-15
2.370125,0.00522167987804936
2.37025,0.00738457050192217
2.370375,0.00522167987806365
2.3705,1.55949179642165e-14
2.370625,-0.00522167987805109
2.37075,-0.00738457050192217
2.370875,-0.00522167987807142
2.371,-1.31559427022944e-14
2.371125,0.00522167987805281
2.37125,0.00738457050192217
2.371375,0.00522167987806969
2.3715,-2.7154880523613e-15
2.371625,-0.00522167987804504
2.37175,-0.00738457050192217
2.371875,-0.00522167987805847
2.372,-2.17104476711841e-14
2.372125,0.00522167987805626
2.37225,0.00738457050192217
2.372375,0.00522167987806625
2.3725,5.83901691652841e-15
2.372625,-0.00522167987805799
2.37275,-0.00738457050192217
2.372875,-0.00522167987806452
2.373,-3.4000416546064e-15
2.373125,0.00522167987805021
2.37325,0.00738457050192217
2.373375,0.00522167987807229
2.3735,1.43935218854181e-14
2.373625,-0.00522167987805194
2.37375,-0.00738457050192217
2.373875,-0.00522167987807057
2.374,-1.19545466234961e-14
2.374125,0.00522167987804417
2.37425,0.00738457050192217
2.374375,0.00522167987805935
2.3745,2.29480268543078e-14
2.374625,-0.00522167987805539
2.37475,-0.00738457050192217
2.374875,-0.00522167987807662
2.375,-7.07659609965208e-15
2.375125,0.00522167987805711
2.37525,0.00738457050192217
2.375375,0.0052216798780654
2.3755,4.63762083773007e-15
2.375625,-0.00522167987804934
2.37575,-0.00738457050192217
2.375875,-0.00522167987806367
2.376,-1.56311010685418e-14
2.376125,0.00522167987805106
2.37625,0.00738457050192217
2.376375,0.00522167987807144
2.3765,1.31921258066198e-14
2.376625,-0.00522167987806229
2.37675,-0.00738457050192217
2.376875,-0.00522167987806022
2.377,-2.41856060374315e-14
2.377125,0.00522167987804501
2.37725,0.00738457050192217
2.377375,0.00522167987807749
2.3775,8.31417528277575e-15
2.377625,-0.00522167987805624
2.37775,-0.00738457050192217
2.377875,-0.00522167987806627
2.378,-5.87520002085374e-15
2.378125,0.00522167987804846
2.37825,0.00738457050192217
2.378375,0.00522167987806455
2.3785,1.68686802516655e-14
2.378625,-0.00522167987805019
2.37875,-0.00738457050192217
2.378875,-0.00522167987807232
2.379,-1.44297049897434e-14
2.379125,0.00522167987805191
2.37925,0.00738457050192217
2.379375,0.0052216798780706
2.3795,-1.4417257649123e-15
2.379625,-0.00522167987804414
2.37975,-0.00738457050192217
2.379875,-0.00522167987805937
2.38,-9.55175446589942e-15
2.380125,0.00522167987805536
2.38025,0.00738457050192217
2.380375,0.00522167987806715
2.3805,7.11277920397741e-15
2.380625,-0.00522167987805709
2.38075,-0.00738457050192217
2.380875,-0.00522167987806542
2.381,-1.81062594347891e-14
2.381125,0.00522167987804931
2.38125,0.00738457050192217
2.381375,0.00522167987807319
2.3815,1.56672841728671e-14
2.381625,-0.00522167987805104
2.38175,-0.00738457050192217
2.381875,-0.00522167987807147
2.382,2.04146581788628e-16
2.382125,0.00522167987804326
2.38225,0.00738457050192217
2.382375,0.00522167987806025
2.3825,2.42217891417568e-14
2.382625,-0.00522167987805449
2.38275,-0.00738457050192217
2.382875,-0.00522167987806802
2.383,-8.35035838710108e-15
2.383125,0.00522167987805621
2.38325,0.00738457050192217
2.383375,0.0052216798780663
2.3835,5.91138312517906e-15
2.383625,-0.00522167987804844
2.38375,-0.00738457050192217
2.383875,-0.00522167987806457
2.384,-1.69048633559908e-14
2.384125,0.00522167987805016
2.38425,0.00738457050192217
2.384375,0.00522167987807234
2.3845,1.44658880940688e-14
2.384625,-0.00522167987806138
2.38475,-0.00738457050192217
2.384875,-0.00522167987806112
2.385,-2.54593683248805e-14
2.385125,0.00522167987805361
2.38525,0.00738457050192217
2.385375,0.00522167987807839
2.3855,9.58793757022475e-15
2.385625,-0.00522167987805534
2.38575,-0.00738457050192217
2.385875,-0.00522167987806717
2.386,-7.14896230830273e-15
2.386125,0.00522167987804756
2.38625,0.00738457050192217
2.386375,0.00522167987806545
2.3865,1.81424425391144e-14
2.386625,-0.00522167987804929
2.38675,-0.00738457050192217
2.386875,-0.00522167987807322
2.387,-1.57034672771924e-14
2.387125,0.00522167987806051
2.38725,0.00738457050192217
2.387375,0.005221679878062
2.3875,-1.679634774633e-16
2.387625,-0.00522167987804324
2.38775,-0.00738457050192217
2.387875,-0.00522167987806027
2.388,-1.08255167533484e-14
2.388125,0.00522167987805446
2.38825,0.00738457050192217
2.388375,0.00522167987806805
2.3885,8.3865414914264e-15
2.388625,-0.00522167987805619
2.38875,-0.00738457050192217
2.388875,-0.00522167987806632
2.389,-1.93800217222381e-14
2.389125,0.00522167987804841
2.38925,0.00738457050192217
2.389375,0.0052216798780741
2.3895,1.69410464603161e-14
2.389625,-0.00522167987805964
2.38975,-0.00738457050192217
2.389875,-0.00522167987807237
2.39,-1.06961570566037e-15
2.390125,0.00522167987804236
2.39025,0.00738457050192217
2.390375,0.00522167987806115
2.3905,1.20630959364721e-14
2.390625,-0.00522167987805359
2.39075,-0.00738457050192217
2.390875,-0.00522167987806892
2.391,-9.62412067455007e-15
2.391125,0.00522167987805531
2.39125,0.00738457050192217
2.391375,0.0052216798780672
2.3915,7.18514541262806e-15
2.391625,-0.00522167987804754
2.39175,-0.00738457050192217
2.391875,-0.00522167987806547
2.392,-1.81786256434398e-14
2.392125,0.00522167987804926
2.39225,0.00738457050192217
2.392375,0.00522167987807325
2.3925,2.30719488878404e-15
2.392625,-0.00522167987804149
2.39275,-0.00738457050192217
2.392875,-0.00522167987806202
2.393,-2.67331306123295e-14
2.393125,0.00522167987805271
2.39325,0.00738457050192217
2.393375,0.0052216798780698
2.3935,1.08616998576737e-14
2.393625,-0.00522167987805444
2.39375,-0.00738457050192217
2.393875,-0.00522167987806807
2.394,-8.42272459575173e-15
2.394125,0.00522167987804666
2.39425,0.00738457050192217
2.394375,0.00522167987806635
2.3945,1.94162048265634e-14
2.394625,-0.00522167987804839
2.39475,-0.00738457050192217
2.394875,-0.00522167987807412
2.395,-1.69772295646414e-14
2.395125,0.00522167987805961
2.39525,0.00738457050192217
2.395375,0.0052216798780629
2.3955,1.1057988099857e-15
2.395625,-0.00522167987805184
2.39575,-0.00738457050192217
2.395875,-0.00522167987806117
2.396,-1.20992790407974e-14
2.396125,0.00522167987805356
2.39625,0.00738457050192217
2.396375,0.00522167987806895
2.3965,9.6603037788754e-15
2.396625,-0.00522167987804579
2.39675,-0.00738457050192217
2.396875,-0.00522167987806722
2.397,-2.06537840096871e-14
2.397125,0.00522167987804751
2.39725,0.00738457050192217
2.397375,0.005221679878075
2.3975,1.82148087477651e-14
2.397625,-0.00522167987805873
2.39775,-0.00738457050192217
2.397875,-0.00522167987806377
2.398,-2.34337799310937e-15
2.398125,0.00522167987804146
2.39825,0.00738457050192217
2.398375,0.00522167987806205
2.3985,1.33368582239211e-14
2.398625,-0.00522167987805269
2.39875,-0.00738457050192217
2.398875,-0.00522167987806982
2.399,-1.08978829619991e-14
2.399125,0.00522167987805441
2.39925,0.00738457050192217
2.399375,0.0052216798780681
2.3995,8.45890770007706e-15
2.399625,-0.00522167987804664
2.39975,-0.00738457050192217
2.399875,-0.00522167987805688
2.4,-1.94523879308888e-14
2.400125,0.00522167987805786
2.40025,0.00738457050192217
2.400375,0.00522167987807415
2.4005,3.58095717623304e-15
2.400625,-0.00522167987804059
2.40075,-0.00738457050192217
2.400875,-0.00522167987806292
2.401,-1.45744374070448e-14
2.401125,0.00522167987805181
2.40125,0.00738457050192217
2.401375,0.0052216798780707
2.4015,1.21354621451227e-14
2.401625,-0.00522167987805354
2.40175,-0.00738457050192217
2.401875,-0.00522167987806897
2.402,-9.69648688320073e-15
2.402125,0.00522167987804576
2.40225,0.00738457050192217
2.402375,0.00522167987805775
2.4025,2.06899671140124e-14
2.402625,-0.00522167987804749
2.40275,-0.00738457050192217
2.402875,-0.00522167987807502
2.403,-4.81853635935671e-15
2.403125,0.00522167987805871
2.40325,0.00738457050192217
2.403375,0.0052216798780638
2.4035,2.3795610974347e-15
2.403625,-0.00522167987805094
2.40375,-0.00738457050192217
2.403875,-0.00522167987806207
2.404,-1.33730413282464e-14
2.404125,0.00522167987805266
2.40425,0.00738457050192217
2.404375,0.00522167987806985
2.4045,1.09340660663244e-14
2.404625,-0.00522167987804489
2.40475,-0.00738457050192217
2.404875,-0.00522167987806812
2.405,-2.19275462971361e-14
2.405125,0.00522167987804661
2.40525,0.00738457050192217
2.405375,0.0052216798780759
2.4055,6.05611554248038e-15
2.405625,-0.00522167987805783
2.40575,-0.00738457050192217
2.405875,-0.00522167987806467
2.406,-3.61714028055837e-15
2.406125,0.00522167987805006
2.40625,0.00738457050192217
2.406375,0.00522167987806295
2.4065,1.46106205113701e-14
2.406625,-0.00522167987805178
2.40675,-0.00738457050192217
2.406875,-0.00522167987807072
2.407,-1.21716452494481e-14
2.407125,0.00522167987805351
2.40725,0.00738457050192217
2.407375,0.005221679878069
2.4075,-3.69978550520767e-15
2.407625,-0.00522167987804574
2.40775,-0.00738457050192217
2.407875,-0.00522167987805778
2.408,-2.07261502183378e-14
2.408125,0.00522167987805696
2.40825,0.00738457050192217
2.408375,0.00522167987806555
2.4085,4.85471946368204e-15
2.408625,-0.00522167987804919
2.40875,-0.00738457050192217
2.408875,-0.00522167987806382
2.409,-1.58481996944937e-14
2.409125,0.00522167987805091
2.40925,0.00738457050192217
2.409375,0.0052216798780716
2.4095,1.34092244325717e-14
2.409625,-0.00522167987805263
2.40975,-0.00738457050192217
2.409875,-0.00522167987806987
2.41,-1.09702491706497e-14
2.410125,0.00522167987804486
2.41025,0.00738457050192217
2.410375,0.00522167987805865
2.4105,2.19637294014614e-14
2.410625,-0.00522167987805608
2.41075,-0.00738457050192217
2.410875,-0.00522167987807592
2.411,-6.09229864680571e-15
2.411125,0.00522167987805781
2.41125,0.00738457050192217
2.411375,0.0052216798780647
2.4115,3.65332338488369e-15
2.411625,-0.00522167987805004
2.41175,-0.00738457050192217
2.411875,-0.00522167987806297
2.412,-1.46468036156954e-14
2.412125,0.00522167987805176
2.41225,0.00738457050192217
2.412375,0.00522167987807075
2.4125,1.22078283537734e-14
2.412625,-0.00522167987804399
2.41275,-0.00738457050192217
2.412875,-0.00522167987805953
2.413,-2.32013085845851e-14
2.413125,0.00522167987804571
2.41325,0.00738457050192217
2.413375,0.0052216798780768
2.4135,7.32987782992938e-15
2.413625,-0.00522167987805693
2.41375,-0.00738457050192217
2.413875,-0.00522167987806558
2.414,-4.89090256800736e-15
2.414125,0.00522167987804916
2.41425,0.00738457050192217
2.414375,0.00522167987806385
2.4145,1.58843827988191e-14
2.414625,-0.00522167987805088
2.41475,-0.00738457050192217
2.414875,-0.00522167987807162
2.415,-1.34454075368971e-14
2.415125,0.00522167987806211
2.41525,0.00738457050192217
2.415375,0.0052216798780699
2.4155,-2.42602321775867e-15
2.415625,-0.00522167987804484
2.41575,-0.00738457050192217
2.415875,-0.00522167987805868
2.416,-8.56745701305305e-15
2.416125,0.00522167987805606
2.41625,0.00738457050192217
2.416375,0.00522167987806645
2.4165,6.12848175113103e-15
2.416625,-0.00522167987804829
2.41675,-0.00738457050192217
2.416875,-0.00522167987806473
2.417,-1.71219619819428e-14
2.417125,0.00522167987805001
2.41725,0.00738457050192217
2.417375,0.0052216798780725
2.4175,1.46829867200207e-14
2.417625,-0.00522167987805173
2.41775,-0.00738457050192217
2.417875,-0.00522167987807077
2.418,1.188444034635e-15
2.418125,0.00522167987804396
2.41825,0.00738457050192217
2.418375,0.00522167987805955
2.4185,2.32374916889104e-14
2.418625,-0.00522167987805518
2.41875,-0.00738457050192217
2.418875,-0.00522167987806733
2.419,-7.3660609342547e-15
2.419125,0.00522167987805691
2.41925,0.00738457050192217
2.419375,0.0052216798780656
2.4195,4.92708567233269e-15
2.419625,-0.00522167987804913
2.41975,-0.00738457050192217
2.419875,-0.00522167987806388
2.42,-1.59205659031444e-14
2.420125,0.00522167987805086
2.42025,0.00738457050192217
2.420375,0.00522167987807165
2.4205,1.34815906412224e-14
2.420625,-0.00522167987804309
2.42075,-0.00738457050192217
2.420875,-0.00522167987806043
2.421,-2.44750708720341e-14
2.421125,0.00522167987805431
2.42125,0.00738457050192217
2.421375,0.0052216798780682
2.4215,8.60364011737837e-15
2.421625,-0.00522167987805603
2.42175,-0.00738457050192217
2.421875,-0.00522167987806648
2.422,-6.16466485545636e-15
2.422125,0.00522167987804826
2.42225,0.00738457050192217
2.422375,0.00522167987806475
2.4225,1.71581450862681e-14
2.422625,-0.00522167987804998
2.42275,-0.00738457050192217
2.422875,-0.00522167987807252
2.423,-1.47191698243461e-14
2.423125,0.00522167987806121
2.42325,0.00738457050192217
2.423375,0.0052216798780613
2.4235,-1.15226093030967e-15
2.423625,-0.00522167987804393
2.42375,-0.00738457050192217
2.423875,-0.00522167987807857
2.424,-9.84121930050204e-15
2.424125,0.00522167987805516
2.42425,0.00738457050192217
2.424375,0.00522167987806735
2.4245,7.40224403858003e-15
2.424625,-0.00522167987804738
2.42475,-0.00738457050192217
2.424875,-0.00522167987806563
2.425,-1.83957242693917e-14
2.425125,0.00522167987804911
2.42525,0.00738457050192217
2.425375,0.0052216798780734
2.4255,1.59567490074697e-14
2.425625,-0.00522167987806033
2.42575,-0.00738457050192217
2.425875,-0.00522167987807168
2.426,-8.53182528139973e-17
2.426125,0.00522167987804306
2.42625,0.00738457050192217
2.426375,0.00522167987806045
2.4265,1.10787984836257e-14
2.426625,-0.00522167987805428
2.42675,-0.00738457050192217
2.426875,-0.00522167987806822
2.427,-8.6398232217037e-15
2.427125,0.00522167987805601
2.42725,0.00738457050192217
2.427375,0.0052216798780665
2.4275,6.20084795978169e-15
2.427625,-0.00522167987804823
2.42775,-0.00738457050192217
2.427875,-0.00522167987807427
2.428,-1.71943281905934e-14
2.428125,0.00522167987804996
2.42825,0.00738457050192217
2.428375,0.00522167987807255
2.4285,1.32289743593767e-15
2.428625,-0.00522167987804218
2.42875,-0.00738457050192217
2.428875,-0.00522167987806133
2.429,-2.57488331594831e-14
2.429125,0.00522167987805341
2.42925,0.00738457050192217
2.429375,0.0052216798780691
2.4295,9.87740240482737e-15
2.429625,-0.00522167987805513
2.42975,-0.00738457050192217
2.429875,-0.00522167987806738
2.43,-7.43842714290536e-15
2.430125,0.00522167987804736
2.43025,0.00738457050192217
2.430375,0.00522167987806565
2.4305,1.84319073737171e-14
2.430625,-0.00522167987804908
2.43075,-0.00738457050192217
2.430875,-0.00522167987807342
2.431,-2.56047661906134e-15
2.431125,0.00522167987806031
2.43125,0.00738457050192217
2.431375,0.0052216798780622
2.4315,1.21501357139326e-16
2.431625,-0.00522167987805253
2.43175,-0.00738457050192217
2.431875,-0.00522167987806998
2.432,-1.1114981587951e-14
2.432125,0.00522167987805426
2.43225,0.00738457050192217
2.432375,0.00522167987806825
2.4325,8.67600632602903e-15
2.432625,-0.00522167987804648
2.43275,-0.00738457050192217
2.432875,-0.00522167987806653
2.433,-1.96694865568407e-14
2.433125,0.00522167987804821
2.43325,0.00738457050192217
2.433375,0.0052216798780743
2.4335,1.72305112949187e-14
2.433625,-0.00522167987805943
2.43375,-0.00738457050192217
2.433875,-0.00522167987806308
2.434,-1.359080540263e-15
2.434125,0.00522167987805166
2.43425,0.00738457050192217
2.434375,0.00522167987806135
2.4345,1.23525607710747e-14
2.434625,-0.00522167987805338
2.43475,-0.00738457050192217
2.434875,-0.00522167987806913
2.435,-9.9135855091527e-15
2.435125,0.00522167987805511
2.43525,0.00738457050192217
2.435375,0.0052216798780674
2.4355,7.47461024723069e-15
2.435625,-0.00522167987804733
2.43575,-0.00738457050192217
2.435875,-0.00522167987807517
2.436,-1.84680904780424e-14
2.436125,0.00522167987805856
2.43625,0.00738457050192217
2.436375,0.00522167987807345
2.4365,2.59665972338667e-15
2.436625,-0.00522167987804128
2.43675,-0.00738457050192217
2.436875,-0.00522167987806223
2.437,-1.35901399541984e-14
2.437125,0.00522167987805251
2.43725,0.00738457050192217
2.437375,0.00522167987807
2.4375,1.11511646922764e-14
2.437625,-0.00522167987805423
2.43775,-0.00738457050192217
2.437875,-0.00522167987806828
2.438,-8.71218943035436e-15
2.438125,0.00522167987804646
2.43825,0.00738457050192217
2.438375,0.00522167987805705
2.4385,1.97056696611661e-14
2.438625,-0.00522167987804818
2.43875,-0.00738457050192217
2.438875,-0.00522167987807433
2.439,-3.83423890651033e-15
2.439125,0.00522167987805941
2.43925,0.00738457050192217
2.439375,0.0052216798780631
2.4395,2.82601746300558e-14
2.439625,-0.00522167987805163
2.43975,-0.00738457050192217
2.439875,-0.00522167987807088
2.44,-1.23887438754e-14
2.440125,0.00522167987805336
2.44025,0.00738457050192217
2.440375,0.00522167987806915
2.4405,9.94976861347803e-15
2.440625,-0.00522167987804558
2.44075,-0.00738457050192217
2.440875,-0.00522167987806743
2.441,-2.09432488442897e-14
2.441125,0.00522167987804731
2.44125,0.00738457050192217
2.441375,0.0052216798780752
2.4415,5.071818089634e-15
2.441625,-0.00522167987805853
2.44175,-0.00738457050192217
2.441875,-0.00522167987806398
2.442,-2.63284282771199e-15
2.442125,0.00522167987805076
2.44225,0.00738457050192217
2.442375,0.00522167987806225
2.4425,1.36263230585237e-14
2.442625,-0.00522167987805248
2.44275,-0.00738457050192217
2.442875,-0.00522167987807003
2.443,-1.11873477966017e-14
2.443125,0.00522167987805421
2.44325,0.00738457050192217
2.443375,0.0052216798780683
2.4435,2.21808280274134e-14
2.443625,-0.00522167987804643
2.44375,-0.00738457050192217
2.443875,-0.00522167987807608
2.444,-1.97418527654914e-14
2.444125,0.00522167987805766
2.44425,0.00738457050192217
2.444375,0.00522167987806485
2.4445,3.87042201083566e-15
2.444625,-0.00522167987804988
2.44475,-0.00738457050192217
2.444875,-0.00522167987806313
2.445,-1.48639022416474e-14
2.445125,0.00522167987805161
2.44525,0.00738457050192217
2.445375,0.0052216798780709
2.4455,1.24249269797254e-14
2.445625,-0.00522167987805333
2.44575,-0.00738457050192217
2.445875,-0.00522167987806918
2.446,-9.98595171780336e-15
2.446125,0.00522167987804556
2.44625,0.00738457050192217
2.446375,0.00522167987805796
2.4465,2.09794319486151e-14
2.446625,-0.00522167987805678
2.44675,-0.00738457050192217
2.446875,-0.00522167987806573
2.447,-5.10800119395933e-15
2.447125,0.0052216798780585
2.44725,0.00738457050192217
2.447375,0.005221679878064
2.4475,1.61014814247711e-14
2.447625,-0.00522167987805073
2.44775,-0.00738457050192217
2.447875,-0.00522167987807178
2.448,-1.3662506162849e-14
2.448125,0.00522167987805246
2.44825,0.00738457050192217
2.448375,0.00522167987807005
2.4485,1.1223530900927e-14
2.448625,-0.00522167987804468
2.44875,-0.00738457050192217
2.448875,-0.00522167987805883
2.449,-2.22170111317387e-14
2.449125,0.00522167987804641
2.44925,0.00738457050192217
2.449375,0.0052216798780761
2.4495,6.345580377083e-15
2.449625,-0.00522167987805763
2.44975,-0.00738457050192217
2.449875,-0.00522167987806488
2.45,-3.90660511516099e-15
2.450125,0.00522167987804986
2.45025,0.00738457050192217
2.450375,0.00522167987806315
2.4505,1.49000853459727e-14
2.450625,-0.00522167987805158
2.45075,-0.00738457050192217
2.450875,-0.00522167987807093
2.451,-1.24611100840507e-14
2.451125,0.0052216798780628
2.45125,0.00738457050192217
2.451375,0.0052216798780692
2.4515,2.34545903148624e-14
2.451625,-0.00522167987804553
2.45175,-0.00738457050192217
2.451875,-0.00522167987807698
2.452,-7.58315956020667e-15
2.452125,0.00522167987805675
2.45225,0.00738457050192217
2.452375,0.00522167987806575
2.4525,5.14418429828466e-15
2.452625,-0.00522167987804898
2.45275,-0.00738457050192217
2.452875,-0.00522167987806403
2.453,-1.61376645290964e-14
2.453125,0.0052216798780507
2.45325,0.00738457050192217
2.453375,0.0052216798780718
2.4535,1.36986892671744e-14
2.453625,-0.00522167987805243
2.45375,-0.00738457050192217
2.453875,-0.00522167987807008
2.454,2.17274148748137e-15
2.454125,0.00522167987804466
2.45425,0.00738457050192217
2.454375,0.00522167987805885
2.4545,2.22531942360641e-14
2.454625,-0.00522167987805588
2.45475,-0.00738457050192217
2.454875,-0.00522167987806663
2.455,-6.38176348140833e-15
2.455125,0.00522167987804811
2.45525,0.00738457050192217
2.455375,0.0052216798780649
2.4555,1.737524371222e-14
2.455625,-0.00522167987804983
2.45575,-0.00738457050192217
2.455875,-0.00522167987807268
2.456,-1.4936268450298e-14
2.456125,0.00522167987805155
2.45625,0.00738457050192217
2.456375,0.00522167987807095
2.4565,-9.35162304357703e-16
2.456625,-0.00522167987804378
2.45675,-0.00738457050192217
2.456875,-0.00522167987805973
2.457,-2.34907734191877e-14
2.457125,0.005221679878055
2.45725,0.00738457050192217
2.457375,0.0052216798780675
2.4575,7.619342664532e-15
2.457625,-0.00522167987805673
2.45775,-0.00738457050192217
2.457875,-0.00522167987806578
2.458,-5.18036740260999e-15
2.458125,0.00522167987804896
2.45825,0.00738457050192217
2.458375,0.00522167987806405
2.4585,1.61738476334217e-14
2.458625,-0.00522167987805068
2.45875,-0.00738457050192217
2.458875,-0.00522167987807183
2.459,-1.37348723714997e-14
2.459125,0.00522167987804291
2.45925,0.00738457050192217
2.459375,0.00522167987806061
2.4595,2.47283526023114e-14
2.459625,-0.00522167987805413
2.45975,-0.00738457050192217
2.459875,-0.00522167987807788
2.46,-8.85692184765567e-15
2.460125,0.00522167987805585
2.46025,0.00738457050192217
2.460375,0.00522167987806665
2.4605,6.41794658573366e-15
2.460625,-0.00522167987804808
2.46075,-0.00738457050192217
2.460875,-0.00522167987806493
2.461,-1.74114268165454e-14
2.461125,0.0052216798780498
2.46125,0.00738457050192217
2.461375,0.0052216798780727
2.4615,1.49724515546234e-14
2.461625,-0.00522167987806103
2.46175,-0.00738457050192217
2.461875,-0.00522167987807098
2.462,8.98979200032375e-16
2.462125,0.00522167987804376
2.46225,0.00738457050192217
2.462375,0.00522167987805976
2.4625,1.00945010307793e-14
2.462625,-0.00522167987805498
2.46275,-0.00738457050192217
2.462875,-0.00522167987806753
2.463,-7.65552576885733e-15
2.463125,0.00522167987804721
2.46325,0.00738457050192217
2.463375,0.0052216798780658
2.4635,1.8649005999669e-14
2.463625,-0.00522167987804893
2.46375,-0.00738457050192217
2.463875,-0.00522167987807358
2.464,-1.6210030737747e-14
2.464125,0.00522167987805065
2.46425,0.00738457050192217
2.464375,0.00522167987807185
2.4645,3.38599983091295e-16
2.464625,-0.00522167987804288
2.46475,-0.00738457050192217
2.464875,-0.00522167987806063
2.465,-2.47645357066367e-14
2.465125,0.0052216798780541
2.46525,0.00738457050192217
2.465375,0.0052216798780684
2.4655,8.893104951981e-15
2.465625,-0.00522167987805583
2.46575,-0.00738457050192217
2.465875,-0.00522167987806668
2.466,-6.45412969005899e-15
2.466125,0.00522167987804805
2.46625,0.00738457050192217
2.466375,0.00522167987806496
2.4665,1.74476099208707e-14
2.466625,-0.00522167987804978
2.46675,-0.00738457050192217
2.466875,-0.00522167987807273
2.467,-1.57617916621496e-15
2.467125,0.00522167987804201
2.46725,0.00738457050192217
2.467375,0.00522167987806151
2.4675,2.60021148897604e-14
2.467625,-0.00522167987805323
2.46775,-0.00738457050192217
2.467875,-0.00522167987806928
2.468,-1.01306841351047e-14
2.468125,0.00522167987805495
2.46825,0.00738457050192217
2.468375,0.00522167987806756
2.4685,7.69170887318266e-15
2.468625,-0.00522167987804718
2.46875,-0.00738457050192217
2.468875,-0.00522167987806583
2.469,-1.86851891039944e-14
2.469125,0.0052216798780489
2.46925,0.00738457050192217
2.469375,0.0052216798780736
2.4695,1.62462138420724e-14
2.469625,-0.00522167987806013
2.46975,-0.00738457050192217
2.469875,-0.00522167987806238
2.47,-3.74783087416623e-16
2.470125,0.00522167987805235
2.47025,0.00738457050192217
2.470375,0.00522167987806066
2.4705,1.13682633182283e-14
2.470625,-0.00522167987805408
2.47075,-0.00738457050192217
2.470875,-0.00522167987806843
2.471,-8.92928805630633e-15
2.471125,0.0052216798780463
2.47125,0.00738457050192217
2.471375,0.00522167987806671
2.4715,1.9922768287118e-14
2.471625,-0.00522167987804803
2.47175,-0.00738457050192217
2.471875,-0.00522167987807448
2.472,-1.7483793025196e-14
2.472125,0.00522167987805925
2.47225,0.00738457050192217
2.472375,0.00522167987806326
2.4725,1.61236227054029e-15
2.472625,-0.00522167987804198
2.47275,-0.00738457050192217
2.472875,-0.00522167987806153
2.473,-1.2605842501352e-14
2.473125,0.0052216798780532
2.47325,0.00738457050192217
2.473375,0.00522167987806931
2.4735,1.016686723943e-14
2.473625,-0.00522167987805493
2.47375,-0.00738457050192217
2.473875,-0.00522167987806758
2.474,-7.72789197750799e-15
2.474125,0.00522167987804715
2.47425,0.00738457050192217
2.474375,0.00522167987805636
2.4745,1.87213722083197e-14
2.474625,-0.00522167987804888
2.47475,-0.00738457050192217
2.474875,-0.00522167987807363
2.475,-2.84994145366396e-15
2.475125,0.0052216798780411
2.47525,0.00738457050192217
2.475375,0.00522167987806241
2.4755,1.38434216844757e-14
2.475625,-0.00522167987805233
2.47575,-0.00738457050192217
2.475875,-0.00522167987807018
2.476,-1.14044464225537e-14
2.476125,0.00522167987805405
2.47625,0.00738457050192217
2.476375,0.00522167987806846
2.4765,8.96547116063166e-15
2.476625,-0.00522167987804628
2.47675,-0.00738457050192217
2.476875,-0.00522167987806673
2.477,-1.99589513914434e-14
2.477125,0.005221679878048
2.47725,0.00738457050192217
2.477375,0.0052216798780745
2.4775,4.08752063678763e-15
2.477625,-0.00522167987805923
2.47775,-0.00738457050192217
2.477875,-0.00522167987806328
2.478,-1.64854537486562e-15
2.478125,0.00522167987805145
2.47825,0.00738457050192217
2.478375,0.00522167987806156
2.4785,1.26420256056773e-14
2.478625,-0.00522167987805318
2.47875,-0.00738457050192217
2.478875,-0.00522167987806933
2.479,-1.02030503437553e-14
2.479125,0.0052216798780454
2.47925,0.00738457050192217
2.479375,0.00522167987806761
2.4795,2.1196530574567e-14
2.479625,-0.00522167987804713
2.47975,-0.00738457050192217
2.479875,-0.00522167987807538
2.48,-1.8757555312645e-14
2.480125,0.00522167987805835
2.48025,0.00738457050192217
2.480375,0.00522167987806416
2.4805,2.88612455798929e-15
2.480625,-0.00522167987805058
2.48075,-0.00738457050192217
2.480875,-0.00522167987806243
2.481,-1.3879604788801e-14
2.481125,0.0052216798780523
2.48125,0.00738457050192217
2.481375,0.00522167987807021
2.4815,1.1440629526879e-14
2.481625,-0.00522167987805403
2.48175,-0.00738457050192217
2.481875,-0.00522167987806848
2.482,4.43080122777674e-15
2.482125,0.00522167987804625
2.48225,0.00738457050192217
2.482375,0.00522167987805726
2.4825,1.99951344957687e-14
2.482625,-0.00522167987805748
2.48275,-0.00738457050192217
2.482875,-0.00522167987806503
2.483,-4.12370374111296e-15
2.483125,0.0052216798780402
2.48325,0.00738457050192217
2.483375,0.00522167987806331
2.4835,1.51171839719247e-14
2.483625,-0.00522167987805143
2.48375,-0.00738457050192217
2.483875,-0.00522167987807108
2.484,-1.26782087100027e-14
2.484125,0.00522167987805315
2.48425,0.00738457050192217
2.484375,0.00522167987806936
2.4845,1.02392334480807e-14
2.484625,-0.00522167987804538
2.48475,-0.00738457050192217
2.484875,-0.00522167987805813
2.485,-2.12327136788924e-14
2.485125,0.0052216798780566
2.48525,0.00738457050192217
2.485375,0.00522167987807541
2.4855,5.36128292423663e-15
2.485625,-0.00522167987805833
2.48575,-0.00738457050192217
2.485875,-0.00522167987806418
2.486,-2.92230766231462e-15
2.486125,0.00522167987805055
2.48625,0.00738457050192217
2.486375,0.00522167987807196
2.4865,1.39157878931263e-14
2.486625,-0.00522167987805228
2.48675,-0.00738457050192217
2.486875,-0.00522167987807023
2.487,-1.14768126312043e-14
2.487125,0.0052216798780445
2.48725,0.00738457050192217
2.487375,0.00522167987806851
2.4875,2.2470292862016e-14
2.487625,-0.00522167987804623
2.48775,-0.00738457050192217
2.487875,-0.00522167987807628
2.488,-6.5988621073603e-15
2.488125,0.00522167987805745
2.48825,0.00738457050192217
2.488375,0.00522167987806506
2.4885,4.15988684543829e-15
2.488625,-0.00522167987804968
2.48875,-0.00738457050192217
2.488875,-0.00522167987806333
2.489,-1.515336707625e-14
2.489125,0.0052216798780514
2.48925,0.00738457050192217
2.489375,0.00522167987807111
2.4895,1.2714391814328e-14
2.489625,-0.00522167987805313
2.48975,-0.00738457050192217
2.489875,-0.00522167987806938
2.49,3.15703894032775e-15
2.490125,0.00522167987804535
2.49025,0.00738457050192217
2.490375,0.00522167987807716
2.4905,2.12688967832177e-14
2.490625,-0.00522167987805658
2.49075,-0.00738457050192217
2.490875,-0.00522167987806593
2.491,-5.39746602856196e-15
2.491125,0.0052216798780488
2.49125,0.00738457050192217
2.491375,0.00522167987806421
2.4915,1.63909462593737e-14
2.491625,-0.00522167987805053
2.49175,-0.00738457050192217
2.491875,-0.00522167987807198
2.492,-1.39519709974517e-14
2.492125,0.00522167987805225
2.49225,0.00738457050192217
2.492375,0.00522167987807026
2.4925,-1.91945975720408e-15
2.492625,-0.00522167987804448
2.49275,-0.00738457050192217
2.492875,-0.00522167987805903
2.493,-2.25064759663414e-14
2.493125,0.0052216798780557
2.49325,0.00738457050192217
2.493375,0.00522167987806681
2.4935,6.63504521168563e-15
2.493625,-0.00522167987805742
2.49375,-0.00738457050192217
2.493875,-0.00522167987806508
2.494,-4.19606994976362e-15
2.494125,0.00522167987804965
2.49425,0.00738457050192217
2.494375,0.00522167987807286
2.4945,1.51895501805753e-14
2.494625,-0.00522167987805138
2.49475,-0.00738457050192217
2.494875,-0.00522167987807113
2.495,-1.27505749186533e-14
2.495125,0.0052216798780436
2.49525,0.00738457050192217
2.495375,0.00522167987805991
2.4955,2.3744055149465e-14
2.495625,-0.00522167987805482
2.49575,-0.00738457050192217
2.495875,-0.00522167987807718
2.496,-7.8726243948093e-15
2.496125,0.00522167987805655
2.49625,0.00738457050192217
2.496375,0.00522167987806596
2.4965,5.43364913288729e-15
2.496625,-0.00522167987804878
2.49675,-0.00738457050192217
2.496875,-0.00522167987806423
2.497,-1.6427129363699e-14
2.497125,0.0052216798780505
2.49725,0.00738457050192217
2.497375,0.00522167987807201
2.4975,1.3988154101777e-14
2.497625,-0.00522167987806172
2.49775,-0.00738457050192217
2.497875,-0.00522167987806079
2.498,1.88327665287875e-15
2.498125,0.00522167987804445
2.49825,0.00738457050192217
2.498375,0.00522167987807806
2.4985,9.11020357793297e-15
2.498625,-0.00522167987805567
2.49875,-0.00738457050192217
2.498875,-0.00522167987806683
2.499,-6.67122831601096e-15
2.499125,0.0052216798780479
2.49925,0.00738457050192217
2.499375,0.00522167987806511
2.4995,1.76647085468227e-14
2.499625,-0.00522167987804963
2.49975,-0.00738457050192217
2.499875,-0.00522167987807288
2.5,-1.52257332849007e-14
2.500125,0.00522167987805135
2.50025,0.00738457050192217
2.500375,0.00522167987807116
2.5005,-6.45697469755078e-16
2.500625,-0.00522167987804358
2.50075,-0.00738457050192217
2.500875,-0.00522167987805993
2.501,-1.03477827610566e-14
2.501125,0.0052216798780548
2.50125,0.00738457050192217
2.501375,0.00522167987806771
2.5015,7.90880749913463e-15
2.501625,-0.00522167987805652
2.50175,-0.00738457050192217
2.501875,-0.00522167987806598
2.502,-1.89022877299463e-14
2.502125,0.00522167987804875
2.50225,0.00738457050192217
2.502375,0.00522167987807376
2.5025,1.64633124680243e-14
2.502625,-0.00522167987805048
2.50275,-0.00738457050192217
2.502875,-0.00522167987807203
2.503,-5.91881713368592e-16
2.503125,0.0052216798780427
2.50325,0.00738457050192217
2.503375,0.00522167987806081
2.5035,2.5017817436914e-14
2.503625,-0.00522167987805392
2.50375,-0.00738457050192217
2.503875,-0.00522167987806858
2.504,-9.1463866822583e-15
2.504125,0.00522167987805565
2.50425,0.00738457050192217
2.504375,0.00522167987806686
2.5045,6.70741142033628e-15
2.504625,-0.00522167987804788
2.50475,-0.00738457050192217
2.504875,-0.00522167987806513
2.505,-1.7700891651148e-14
2.505125,0.0052216798780496
2.50525,0.00738457050192217
2.505375,0.00522167987807291
2.5055,1.5261916389226e-14
2.505625,-0.00522167987806082
2.50575,-0.00738457050192217
2.505875,-0.00522167987806168
2.506,-2.62553966200377e-14
2.506125,0.00522167987805305
2.50625,0.00738457050192217
2.506375,0.00522167987807896
2.5065,1.0383965865382e-14
2.506625,-0.00522167987805477
2.50675,-0.00738457050192217
2.506875,-0.00522167987806773
2.507,-7.94499060345995e-15
2.507125,0.005221679878047
2.50725,0.00738457050192217
2.507375,0.00522167987806601
2.5075,1.89384708342717e-14
2.507625,-0.00522167987804872
2.50775,-0.00738457050192217
2.507875,-0.00522167987807378
2.508,-1.64994955723497e-14
2.508125,0.00522167987805995
2.50825,0.00738457050192217
2.508375,0.00522167987806256
2.5085,6.2806481769392e-16
2.508625,-0.00522167987804268
2.50875,-0.00738457050192217
2.508875,-0.00522167987806084
2.509,-1.16215450485056e-14
2.509125,0.0052216798780539
2.50925,0.00738457050192217
2.509375,0.00522167987806861
2.5095,9.18256978658362e-15
2.509625,-0.00522167987805562
2.50975,-0.00738457050192217
2.509875,-0.00522167987806688
2.51,-2.01760500173953e-14
2.510125,0.00522167987804785
2.51025,0.00738457050192217
2.510375,0.00522167987807466
2.5105,1.77370747554733e-14
2.510625,-0.00522167987805907
2.51075,-0.00738457050192217
2.510875,-0.00522167987807293
2.511,-1.86564400081759e-15
2.511125,0.0052216798780418
2.51125,0.00738457050192217
2.511375,0.00522167987806171
2.5115,1.28591242316293e-14
2.511625,-0.00522167987805302
2.51175,-0.00738457050192217
2.511875,-0.00522167987806948
2.512,-1.04201489697073e-14
2.512125,0.00522167987805475
2.51225,0.00738457050192217
2.512375,0.00522167987806776
2.5125,7.98117370778528e-15
2.512625,-0.00522167987804697
2.51275,-0.00738457050192217
2.512875,-0.00522167987806604
2.513,-1.8974653938597e-14
2.513125,0.0052216798780487
2.51325,0.00738457050192217
2.513375,0.00522167987807381
2.5135,3.10322318394126e-15
2.513625,-0.00522167987805992
2.51375,-0.00738457050192217
2.513875,-0.00522167987806259
2.514,-2.75291589074867e-14
2.514125,0.00522167987805215
2.51425,0.00738457050192217
2.514375,0.00522167987807036
2.5145,1.1657728152831e-14
2.514625,-0.00522167987805387
2.51475,-0.00738457050192217
2.514875,-0.00522167987806864
2.515,-9.21875289090895e-15
2.515125,0.0052216798780461
2.51525,0.00738457050192217
2.515375,0.00522167987806691
2.5155,2.02122331217207e-14
2.515625,-0.00522167987804782
2.51575,-0.00738457050192217
2.515875,-0.00522167987807468
2.516,-1.77732578597987e-14
2.516125,0.00522167987805905
2.51625,0.00738457050192217
2.516375,0.00522167987806346
2.5165,1.90182710514292e-15
2.516625,-0.00522167987805127
2.51675,-0.00738457050192217
2.516875,-0.00522167987806174
2.517,-1.28953073359546e-14
2.517125,0.005221679878053
2.51725,0.00738457050192217
2.517375,0.00522167987806951
2.5175,1.04563320740326e-14
2.517625,-0.00522167987804522
2.51775,-0.00738457050192217
2.517875,-0.00522167987806779
2.518,-2.14498123048443e-14
2.518125,0.00522167987804695
2.51825,0.00738457050192217
2.518375,0.00522167987807556
2.5185,1.90108370429223e-14
2.518625,-0.00522167987805817
2.51875,-0.00738457050192217
2.518875,-0.00522167987806434
2.519,-3.13940628826659e-15
2.519125,0.0052216798780409
2.51925,0.00738457050192217
2.519375,0.00522167987806261
2.5195,1.41328865190783e-14
2.519625,-0.00522167987805212
2.51975,-0.00738457050192217
2.519875,-0.00522167987807038
2.52,-1.16939112571563e-14
2.520125,0.00522167987805385
2.52025,0.00738457050192217
2.520375,0.00522167987806866
2.5205,9.25493599523428e-15
2.520625,-0.00522167987804607
2.52075,-0.00738457050192217
2.520875,-0.00522167987805744
2.521,-2.0248416226046e-14
2.521125,0.0052216798780573
2.52125,0.00738457050192217
2.521375,0.00522167987807471
2.5215,4.37698547139026e-15
2.521625,-0.00522167987804003
2.52175,-0.00738457050192217
2.521875,-0.00522167987806349
2.522,-1.5370465702202e-14
2.522125,0.00522167987805125
2.52225,0.00738457050192217
2.522375,0.00522167987807126
2.5225,1.293149044028e-14
2.522625,-0.00522167987805297
2.52275,-0.00738457050192217
2.522875,-0.00522167987806954
2.523,-1.04925151783579e-14
2.523125,0.0052216798780452
2.52325,0.00738457050192217
2.523375,0.00522167987805831
2.5235,2.14859954091697e-14
2.523625,-0.00522167987804692
2.52375,-0.00738457050192217
2.523875,-0.00522167987807558
2.524,-5.61456465451393e-15
2.524125,0.00522167987805815
2.52425,0.00738457050192217
2.524375,0.00522167987806436
2.5245,3.17558939259192e-15
2.524625,-0.00522167987805037
2.52475,-0.00738457050192217
2.524875,-0.00522167987806264
2.525,-1.41690696234036e-14
2.525125,0.0052216798780521
2.52525,0.00738457050192217
2.525375,0.00522167987807041
2.5255,1.17300943614816e-14
2.525625,-0.00522167987804432
2.52575,-0.00738457050192217
2.525875,-0.00522167987806869
2.526,-2.27235745922933e-14
2.526125,0.00522167987804605
2.52625,0.00738457050192217
2.526375,0.00522167987807646
2.5265,6.8521438376376e-15
2.526625,-0.00522167987805727
2.52675,-0.00738457050192217
2.526875,-0.00522167987806524
2.527,-4.41316857571559e-15
2.527125,0.0052216798780495
2.52725,0.00738457050192217
2.527375,0.00522167987806351
2.5275,1.54066488065273e-14
2.527625,-0.00522167987805122
2.52775,-0.00738457050192217
2.527875,-0.00522167987807129
2.528,-1.29676735446053e-14
2.528125,0.00522167987805295
2.52825,0.00738457050192217
2.528375,0.00522167987806956
2.5285,-2.90375721005045e-15
2.528625,-0.00522167987804517
2.52875,-0.00738457050192217
2.528875,-0.00522167987805834
2.529,-2.1522178513495e-14
2.529125,0.0052216798780564
2.52925,0.00738457050192217
2.529375,0.00522167987806611
2.5295,5.65074775883926e-15
2.529625,-0.00522167987804862
2.52975,-0.00738457050192217
2.529875,-0.00522167987806439
2.53,-1.6644227989651e-14
2.530125,0.00522167987805035
2.53025,0.00738457050192217
2.530375,0.00522167987807216
2.5305,1.4205252727729e-14
2.530625,-0.00522167987805207
2.53075,-0.00738457050192217
2.530875,-0.00522167987807044
2.531,-1.17662774658069e-14
2.531125,0.0052216798780443
2.53125,0.00738457050192217
2.531375,0.00522167987805921
2.5315,2.27597576966187e-14
2.531625,-0.00522167987805552
2.53175,-0.00738457050192217
2.531875,-0.00522167987807649
2.532,-6.88832694196293e-15
2.532125,0.00522167987805725
2.53225,0.00738457050192217
2.532375,0.00522167987806526
2.5325,4.44935168004091e-15
2.532625,-0.00522167987804947
2.53275,-0.00738457050192217
2.532875,-0.00522167987806354
2.533,-1.54428319108526e-14
2.533125,0.0052216798780512
2.53325,0.00738457050192217
2.533375,0.00522167987807131
2.5335,1.30038566489306e-14
2.533625,-0.00522167987804342
2.53375,-0.00738457050192217
2.533875,-0.00522167987806009
2.534,-2.39973368797423e-14
2.534125,0.00522167987804515
2.53425,0.00738457050192217
2.534375,0.00522167987807736
2.5345,8.1259061250866e-15
2.534625,-0.00522167987805637
2.53475,-0.00738457050192217
2.534875,-0.00522167987806614
2.535,-5.68693086316458e-15
2.535125,0.0052216798780486
2.53525,0.00738457050192217
2.535375,0.00522167987806441
2.5355,1.66804110939763e-14
2.535625,-0.00522167987805032
2.53575,-0.00738457050192217
2.535875,-0.00522167987807219
2.536,-1.42414358320543e-14
2.536125,0.00522167987806154
2.53625,0.00738457050192217
2.536375,0.00522167987807046
2.5365,-1.62999492260145e-15
2.536625,-0.00522167987804427
2.53675,-0.00738457050192217
2.536875,-0.00522167987805924
2.537,-9.36348530821026e-15
2.537125,0.0052216798780555
2.53725,0.00738457050192217
2.537375,0.00522167987806701
2.5375,6.92451004628825e-15
2.537625,-0.00522167987804772
2.53775,-0.00738457050192217
2.537875,-0.00522167987806529
2.538,-1.79179902771e-14
2.538125,0.00522167987804945
2.53825,0.00738457050192217
2.538375,0.00522167987807306
2.5385,1.5479015015178e-14
2.538625,-0.00522167987805117
2.53875,-0.00738457050192217
2.538875,-0.00522167987807134
2.539,3.9241573947778e-16
2.539125,0.0052216798780434
2.53925,0.00738457050192217
2.539375,0.00522167987806011
2.5395,2.40335199840677e-14
2.539625,-0.00522167987805462
2.53975,-0.00738457050192217
2.539875,-0.00522167987806789
2.54,-8.16208922941192e-15
2.540125,0.00522167987805634
2.54025,0.00738457050192217
2.540375,0.00522167987806616
2.5405,5.72311396748991e-15
2.540625,-0.00522167987804857
2.54075,-0.00738457050192217
2.540875,-0.00522167987806444
2.541,-1.67165941983016e-14
2.541125,0.0052216798780503
2.54125,0.00738457050192217
2.541375,0.00522167987807221
2.5415,1.42776189363796e-14
2.541625,-0.00522167987804252
2.54175,-0.00738457050192217
2.541875,-0.00522167987806099
2.542,-2.52710991671913e-14
2.542125,0.00522167987805375
2.54225,0.00738457050192217
2.542375,0.00522167987806876
2.5425,9.39966841253559e-15
2.542625,-0.00522167987805547
2.54275,-0.00738457050192217
2.542875,-0.00522167987806704
2.543,-6.96069315061358e-15
2.543125,0.0052216798780477
2.54325,0.00738457050192217
2.543375,0.00522167987806531
2.5435,1.79541733814253e-14
2.543625,-0.00522167987804942
2.54375,-0.00738457050192217
2.543875,-0.00522167987807309
2.544,-1.55151981195033e-14
2.544125,0.00522167987806064
2.54425,0.00738457050192217
2.544375,0.00522167987806186
2.5445,-3.56232635152452e-16
2.544625,-0.00522167987804337
2.54475,-0.00738457050192217
2.544875,-0.00522167987806014
2.545,-1.06372475956593e-14
2.545125,0.00522167987805459
2.54525,0.00738457050192217
2.545375,0.00522167987806791
2.5455,8.19827233373725e-15
2.545625,-0.00522167987804682
2.54575,-0.00738457050192217
2.545875,-0.00522167987806619
2.546,-1.9191752564549e-14
2.546125,0.00522167987804855
2.54625,0.00738457050192217
2.546375,0.00522167987807396
2.5465,1.6752777302627e-14
2.546625,-0.00522167987805977
2.54675,-0.00738457050192217
2.546875,-0.00522167987807224
2.547,-8.81346547971218e-16
2.547125,0.0052216798780425
2.54725,0.00738457050192217
2.547375,0.00522167987806101
2.5475,1.18748267787829e-14
2.547625,-0.00522167987805372
2.54775,-0.00738457050192217
2.547875,-0.00522167987806879
2.548,-9.43585151686092e-15
2.548125,0.00522167987805544
2.54825,0.00738457050192217
2.548375,0.00522167987806706
2.5485,6.99687625493891e-15
2.548625,-0.00522167987804767
2.54875,-0.00738457050192217
2.548875,-0.00522167987807484
2.549,-1.79903564857506e-14
2.549125,0.0052216798780494
2.54925,0.00738457050192217
2.549375,0.00522167987807311
2.5495,2.11892573109489e-15
2.549625,-0.00522167987804162
2.54975,-0.00738457050192217
2.549875,-0.00522167987806189
2.55,-2.65448614546403e-14
2.550125,0.00522167987805284
2.55025,0.00738457050192217
2.550375,0.00522167987806966
2.5505,1.06734306999846e-14
2.550625,-0.00522167987805457
2.55075,-0.00738457050192217
2.550875,-0.00522167987806794
2.551,-8.23445543806258e-15
2.551125,0.0052216798780468
2.55125,0.00738457050192217
2.551375,0.00522167987806621
2.5515,1.92279356688743e-14
2.551625,-0.00522167987804852
2.55175,-0.00738457050192217
2.551875,-0.00522167987807399
2.552,-3.35650491421856e-15
2.552125,0.00522167987805974
2.55225,0.00738457050192217
2.552375,0.00522167987806276
2.5525,9.17529652296546e-16
2.552625,-0.00522167987805197
2.55275,-0.00738457050192217
2.552875,-0.00522167987807054
2.553,-1.19110098831083e-14
2.553125,0.00522167987805369
2.55325,0.00738457050192217
2.553375,0.00522167987806881
2.5535,9.47203462118625e-15
2.553625,-0.00522167987804592
2.55375,-0.00738457050192217
2.553875,-0.00522167987806709
2.554,-2.0465514851998e-14
2.554125,0.00522167987804764
2.55425,0.00738457050192217
2.554375,0.00522167987807486
2.5545,1.8026539590076e-14
2.554625,-0.00522167987805887
2.55475,-0.00738457050192217
2.554875,-0.00522167987806364
2.555,-2.15510883542022e-15
2.555125,0.00522167987805109
2.55525,0.00738457050192217
2.555375,0.00522167987806192
2.5555,1.31485890662319e-14
2.555625,-0.00522167987805282
2.55575,-0.00738457050192217
2.555875,-0.00522167987806969
2.556,-1.07096138043099e-14
2.556125,0.00522167987805454
2.55625,0.00738457050192217
2.556375,0.00522167987806796
2.5565,8.27063854238791e-15
2.556625,-0.00522167987804677
2.55675,-0.00738457050192217
2.556875,-0.00522167987807574
2.557,-1.92641187731996e-14
2.557125,0.00522167987805799
2.55725,0.00738457050192217
2.557375,0.00522167987807401
2.5575,3.39268801854389e-15
2.557625,-0.00522167987804072
2.55775,-0.00738457050192217
2.557875,-0.00522167987806279
2.558,-1.43861682493556e-14
2.558125,0.00522167987805194
2.55825,0.00738457050192217
2.558375,0.00522167987807056
2.5585,1.19471929874336e-14
2.558625,-0.00522167987805367
2.55875,-0.00738457050192217
2.558875,-0.00522167987806884
2.559,-9.50821772551158e-15
2.559125,0.00522167987804589
2.55925,0.00738457050192217
2.559375,0.00522167987805762
2.5595,2.05016979563233e-14
2.559625,-0.00522167987804762
2.55975,-0.00738457050192217
2.559875,-0.00522167987807489
2.56,-4.63026720166756e-15
2.560125,0.00522167987805884
2.56025,0.00738457050192217
2.560375,0.00522167987806367
2.5605,2.19129193974554e-15
2.560625,-0.00522167987805107
2.56075,-0.00738457050192217
2.560875,-0.00522167987807144
2.561,-1.31847721705573e-14
2.561125,0.00522167987805279
2.56125,0.00738457050192217
2.561375,0.00522167987806971
2.5615,1.07457969086352e-14
2.561625,-0.00522167987804502
2.56175,-0.00738457050192217
2.561875,-0.00522167987806799
2.562,-2.1739277139447e-14
2.562125,0.00522167987804674
2.56225,0.00738457050192217
2.562375,0.00522167987807576
2.5625,5.86784638479122e-15
2.562625,-0.00522167987805797
2.56275,-0.00738457050192217
2.562875,-0.00522167987806454
2.563,-3.42887112286921e-15
2.563125,0.00522167987805019
2.56325,0.00738457050192217
2.563375,0.00522167987806282
2.5635,1.44223513536809e-14
2.563625,-0.00522167987805192
2.56375,-0.00738457050192217
2.563875,-0.00522167987807059
2.564,-1.19833760917589e-14
2.564125,0.00522167987805364
2.56425,0.00738457050192217
2.564375,0.00522167987806887
2.5645,2.29768563225706e-14
2.564625,-0.00522167987804587
2.56475,-0.00738457050192217
2.564875,-0.00522167987807664
2.565,-2.05378810606486e-14
2.565125,0.00522167987805709
2.56525,0.00738457050192217
2.565375,0.00522167987806542
2.5655,4.66645030599288e-15
2.565625,-0.00522167987804932
2.56575,-0.00738457050192217
2.565875,-0.00522167987806369
2.566,-1.56599305368046e-14
2.566125,0.00522167987805104
2.56625,0.00738457050192217
2.566375,0.00522167987807147
2.5665,1.32209552748826e-14
2.566625,-0.00522167987805277
2.56675,-0.00738457050192217
2.566875,-0.00522167987806974
2.567,-1.07819800129606e-14
2.567125,0.00522167987804499
2.56725,0.00738457050192217
2.567375,0.00522167987805852
2.5675,2.17754602437723e-14
2.567625,-0.00522167987805622
2.56775,-0.00738457050192217
2.567875,-0.00522167987806629
2.568,-5.90402948911655e-15
2.568125,0.00522167987805794
2.56825,0.00738457050192217
2.568375,0.00522167987806457
2.5685,1.68975097199283e-14
2.568625,-0.00522167987805017
2.56875,-0.00738457050192217
2.568875,-0.00522167987807234
2.569,-1.44585344580063e-14
2.569125,0.00522167987805189
2.56925,0.00738457050192217
2.569375,0.00522167987807062
2.5695,1.20195591960842e-14
2.569625,-0.00522167987804412
2.56975,-0.00738457050192217
2.569875,-0.00522167987805939
2.57,-2.3013039426896e-14
2.570125,0.00522167987804584
2.57025,0.00738457050192217
2.570375,0.00522167987807666
2.5705,7.14160867224022e-15
2.570625,-0.00522167987805707
2.57075,-0.00738457050192217
2.570875,-0.00522167987806544
2.571,-4.70263341031821e-15
2.571125,0.00522167987804929
2.57125,0.00738457050192217
2.571375,0.00522167987806372
2.5715,1.56961136411299e-14
2.571625,-0.00522167987805102
2.57175,-0.00738457050192217
2.571875,-0.00522167987807149
2.572,-1.32571383792079e-14
2.572125,0.00522167987806224
2.57225,0.00738457050192217
2.572375,0.00522167987806977
2.5725,2.42506186100196e-14
2.572625,-0.00522167987804497
2.57275,-0.00738457050192217
2.572875,-0.00522167987807754
2.573,-8.37918785536389e-15
2.573125,0.00522167987805619
2.57325,0.00738457050192217
2.573375,0.00522167987806632
2.5735,5.94021259344188e-15
2.573625,-0.00522167987804842
2.57375,-0.00738457050192217
2.573875,-0.00522167987806459
2.574,-1.69336928242536e-14
2.574125,0.00522167987805014
2.57425,0.00738457050192217
2.574375,0.00522167987807237
2.5745,1.44947175623316e-14
2.574625,-0.00522167987805187
2.57475,-0.00738457050192217
2.574875,-0.00522167987807064
2.575,1.37671319232415e-15
2.575125,0.00522167987804409
2.57525,0.00738457050192217
2.575375,0.00522167987805942
2.5755,2.30492225312213e-14
2.575625,-0.00522167987805532
2.57575,-0.00738457050192217
2.575875,-0.00522167987806719
2.576,-7.17779177656555e-15
2.576125,0.00522167987805704
2.57625,0.00738457050192217
2.576375,0.00522167987806547
2.5765,1.81712720073773e-14
2.576625,-0.00522167987804927
2.57675,-0.00738457050192217
2.576875,-0.00522167987807324
2.577,-1.57322967454553e-14
2.577125,0.00522167987805099
2.57725,0.00738457050192217
2.577375,0.00522167987807152
2.5775,-1.39134009200483e-16
2.577625,-0.00522167987804322
2.57775,-0.00738457050192217
2.577875,-0.00522167987806029
2.578,-2.4286801714345e-14
2.578125,0.00522167987805444
2.57825,0.00738457050192217
2.578375,0.00522167987806807
2.5785,8.41537095968922e-15
2.578625,-0.00522167987805617
2.57875,-0.00738457050192217
2.578875,-0.00522167987806634
2.579,-5.97639569776721e-15
2.579125,0.00522167987804839
2.57925,0.00738457050192217
2.579375,0.00522167987806462
2.5795,1.69698759285789e-14
2.579625,-0.00522167987805012
2.57975,-0.00738457050192217
2.579875,-0.00522167987807239
2.58,-1.45309006666569e-14
2.580125,0.00522167987804234
2.58025,0.00738457050192217
2.580375,0.00522167987806117
2.5805,2.55243808974686e-14
2.580625,-0.00522167987805357
2.58075,-0.00738457050192217
2.580875,-0.00522167987807844
2.581,-9.65295014281289e-15
2.581125,0.00522167987805529
2.58125,0.00738457050192217
2.581375,0.00522167987806722
2.5815,7.21397488089088e-15
2.581625,-0.00522167987804752
2.58175,-0.00738457050192217
2.581875,-0.00522167987806549
2.582,-1.82074551117026e-14
2.582125,0.00522167987804924
2.58225,0.00738457050192217
2.582375,0.00522167987807327
2.5825,1.57684798497806e-14
2.582625,-0.00522167987806046
2.58275,-0.00738457050192217
2.582875,-0.00522167987807154
2.583,1.02950904875155e-16
2.583125,0.00522167987804319
2.58325,0.00738457050192217
2.583375,0.00522167987806032
2.5835,1.08905293259366e-14
2.583625,-0.00522167987805442
2.58375,-0.00738457050192217
2.583875,-0.00522167987806809
2.584,-8.45155406401455e-15
2.584125,0.00522167987804664
2.58425,0.00738457050192217
2.584375,0.00522167987806637
2.5845,1.94450342948263e-14
2.584625,-0.00522167987804837
2.58475,-0.00738457050192217
2.584875,-0.00522167987807414
2.585,-1.70060590329043e-14
2.585125,0.00522167987805009
2.58525,0.00738457050192217
2.585375,0.00522167987807242
2.5855,1.13462827824852e-15
2.585625,-0.00522167987804232
2.58575,-0.00738457050192217
2.585875,-0.00522167987806119
2.586,-2.5560564001794e-14
2.586125,0.00522167987805354
2.58625,0.00738457050192217
2.586375,0.00522167987806897
2.5865,9.68913324713822e-15
2.586625,-0.00522167987805526
2.58675,-0.00738457050192217
2.586875,-0.00522167987806724
2.587,-7.25015798521621e-15
2.587125,0.00522167987804749
2.58725,0.00738457050192217
2.587375,0.00522167987806552
2.5875,1.82436382160279e-14
2.587625,-0.00522167987804922
2.58775,-0.00738457050192217
2.587875,-0.00522167987807329
2.588,-2.37220746137218e-15
2.588125,0.00522167987804144
2.58825,0.00738457050192217
2.588375,0.00522167987806207
2.5885,2.67981431849176e-14
2.588625,-0.00522167987805267
2.58875,-0.00738457050192217
2.588875,-0.00522167987806984
2.589,-1.09267124302619e-14
2.589125,0.00522167987805439
2.58925,0.00738457050192217
2.589375,0.00522167987806812
2.5895,8.48773716833988e-15
2.589625,-0.00522167987804662
2.58975,-0.00738457050192217
2.589875,-0.00522167987806639
2.59,-1.94812173991516e-14
2.590125,0.00522167987804834
2.59025,0.00738457050192217
2.590375,0.00522167987807417
2.5905,1.70422421372296e-14
2.590625,-0.00522167987805956
2.59075,-0.00738457050192217
2.590875,-0.00522167987806294
2.591,-1.17081138257384e-15
2.591125,0.00522167987805179
2.59125,0.00738457050192217
2.591375,0.00522167987806122
2.5915,1.21642916133856e-14
2.591625,-0.00522167987805351
2.59175,-0.00738457050192217
2.591875,-0.00522167987806899
2.592,-9.72531635146355e-15
2.592125,0.00522167987804574
2.59225,0.00738457050192217
2.592375,0.00522167987806727
2.5925,2.07187965822753e-14
2.592625,-0.00522167987804747
2.59275,-0.00738457050192217
2.592875,-0.00522167987807504
2.593,-1.82798213203533e-14
2.593125,0.00522167987805869
2.59325,0.00738457050192217
2.593375,0.00522167987806382
2.5935,2.40839056569751e-15
2.593625,-0.00522167987804142
2.59375,-0.00738457050192217
2.593875,-0.00522167987806209
2.594,-1.34018707965092e-14
2.594125,0.00522167987805264
2.59425,0.00738457050192217
2.594375,0.00522167987806987
2.5945,1.09628955345872e-14
2.594625,-0.00522167987805436
2.59475,-0.00738457050192217
2.594875,-0.00522167987806814
2.595,-8.52392027266521e-15
2.595125,0.00522167987804659
2.59525,0.00738457050192217
2.595375,0.00522167987805692
2.5955,1.95174005034769e-14
2.595625,-0.00522167987804832
2.59575,-0.00738457050192217
2.595875,-0.00522167987807419
2.596,-3.64596974882118e-15
2.596125,0.00522167987804054
2.59625,0.00738457050192217
2.596375,0.00522167987806297
2.5965,1.46394499796329e-14
2.596625,-0.00522167987805176
2.59675,-0.00738457050192217
2.596875,-0.00522167987807074
2.597,-1.22004747177109e-14
2.597125,0.00522167987805349
2.59725,0.00738457050192217
2.597375,0.00522167987806902
2.5975,9.76149945578887e-15
2.597625,-0.00522167987804572
2.59775,-0.00738457050192217
2.597875,-0.00522167987806729
2.598,-2.07549796866006e-14
2.598125,0.00522167987804744
2.59825,0.00738457050192217
2.598375,0.00522167987807507
2.5985,4.88354893194485e-15
2.598625,-0.00522167987805866
2.59875,-0.00738457050192217
2.598875,-0.00522167987806384
2.599,-2.44457367002284e-15
2.599125,0.00522167987805089
2.59925,0.00738457050192217
2.599375,0.00522167987806212
2.5995,1.34380539008346e-14
2.599625,-0.00522167987805261
2.59975,-0.00738457050192217
2.599875,-0.00522167987806989
2.6,-1.09990786389125e-14
2.600125,0.00522167987804484
2.60025,0.00738457050192217
2.600375,0.00522167987806817
2.6005,2.19925588697243e-14
2.600625,-0.00522167987804657
2.60075,-0.00738457050192217
2.600875,-0.00522167987807594
2.601,-1.95535836078022e-14
2.601125,0.00522167987805779
2.60125,0.00738457050192217
2.601375,0.00522167987806472
2.6015,3.68215285314651e-15
2.601625,-0.00522167987805001
2.60175,-0.00738457050192217
2.601875,-0.005221679878063
2.602,-1.46756330839582e-14
2.602125,0.00522167987805174
2.60225,0.00738457050192217
2.602375,0.00522167987807077
2.6025,1.22366578220362e-14
2.602625,-0.00522167987805346
2.60275,-0.00738457050192217
2.602875,-0.00522167987806904
2.603,3.63477293261952e-15
2.603125,0.00522167987804569
2.60325,0.00738457050192217
2.603375,0.00522167987805782
2.6035,2.07911627909259e-14
2.603625,-0.00522167987805691
2.60375,-0.00738457050192217
2.603875,-0.00522167987806559
2.604,-4.91973203627018e-15
2.604125,0.00522167987803964
2.60425,0.00738457050192217
2.604375,0.00522167987806387
2.6045,1.59132122670819e-14
2.604625,-0.00522167987805086
2.60475,-0.00738457050192217
2.604875,-0.00522167987807164
2.605,-1.34742370051599e-14
2.605125,0.00522167987805259
2.60525,0.00738457050192217
2.605375,0.00522167987806992
2.6055,1.10352617432379e-14
2.605625,-0.00522167987804481
2.60575,-0.00738457050192217
2.605875,-0.0052216798780587
2.606,-2.20287419740496e-14
2.606125,0.00522167987805604
2.60625,0.00738457050192217
2.606375,0.00522167987807597
2.6065,6.15731121939385e-15
2.606625,-0.00522167987805776
2.60675,-0.00738457050192217
2.606875,-0.00522167987806475
2.607,-3.71833595747184e-15
2.607125,0.00522167987804999
2.60725,0.00738457050192217
2.607375,0.00522167987806302
2.6075,1.47118161882836e-14
2.607625,-0.00522167987805171
2.60775,-0.00738457050192217
2.607875,-0.0052216798780613
2.608,-1.22728409263615e-14
2.608125,0.00522167987804394
2.60825,0.00738457050192217
2.608375,0.00522167987806907
2.6085,2.32663211571733e-14
2.608625,-0.00522167987805516
2.60875,-0.00738457050192217
2.608875,-0.00522167987807684
2.609,-7.39489040251752e-15
2.609125,0.00522167987804739
2.60925,0.00738457050192217
2.609375,0.00522167987806562
2.6095,1.83883706333292e-14
2.609625,-0.00522167987803962
2.60975,-0.00738457050192217
2.609875,-0.0052216798780544
2.61,-2.9381850864141e-14
2.610125,0.00522167987805084
2.61025,0.00738457050192217
2.610375,0.00522167987808117
2.6105,1.35104201094852e-14
2.610625,-0.00522167987806206
2.61075,-0.00738457050192217
2.610875,-0.00522167987806995
2.611,2.36101064517052e-15
2.611125,0.00522167987805429
2.61125,0.00738457050192217
2.611375,0.00522167987807772
2.6115,8.63246958564119e-15
2.611625,-0.00522167987804651
2.61175,-0.00738457050192217
2.611875,-0.0052216798780665
2.612,-1.96259498164529e-14
2.612125,0.00522167987803874
2.61225,0.00738457050192217
2.612375,0.00522167987805527
2.6125,3.06194300472646e-14
2.612625,-0.00522167987804996
2.61275,-0.00738457050192217
2.612875,-0.00522167987808204
2.613,-1.47479992926089e-14
2.613125,0.00522167987806119
2.61325,0.00738457050192217
2.613375,0.00522167987807082
2.6135,-1.12343146204686e-15
2.613625,-0.00522167987805341
2.61375,-0.00738457050192217
2.613875,-0.0052216798780596
2.614,-9.87004876876486e-15
2.614125,0.00522167987804564
2.61425,0.00738457050192217
2.614375,0.00522167987806737
2.6145,2.08635289995766e-14
2.614625,-0.00522167987805686
2.61475,-0.00738457050192217
2.614875,-0.00522167987807514
2.615,-4.99209824492084e-15
2.615125,0.00522167987804909
2.61525,0.00738457050192217
2.615375,0.00522167987808292
2.6155,1.59855784757326e-14
2.615625,-0.00522167987806031
2.61575,-0.00738457050192217
2.615875,-0.0052216798780717
2.616,-1.14147721076814e-16
2.616125,0.00522167987805254
2.61625,0.00738457050192217
2.616375,0.00522167987806047
2.6165,1.11076279518885e-14
2.616625,-0.00522167987804476
2.61675,-0.00738457050192217
2.616875,-0.00522167987806825
2.617,-2.21011081827002e-14
2.617125,0.00522167987805599
2.61725,0.00738457050192217
2.617375,0.00522167987807602
2.6175,6.22967742804451e-15
2.617625,-0.00522167987804821
2.61775,-0.00738457050192217
2.617875,-0.0052216798780648
2.618,-1.72231576588562e-14
2.618125,0.00522167987805944
2.61825,0.00738457050192217
2.618375,0.00522167987807257
2.6185,1.35172690420048e-15
2.618625,-0.00522167987805166
2.61875,-0.00738457050192217
2.618875,-0.00522167987806135
2.619,-1.23452071350122e-14
2.619125,0.00522167987804389
2.61925,0.00738457050192217
2.619375,0.00522167987806912
2.6195,2.33386873658239e-14
2.619625,-0.00522167987805511
2.61975,-0.00738457050192217
2.619875,-0.00522167987807689
2.62,-7.46725661116818e-15
2.620125,0.00522167987804734
2.62025,0.00738457050192217
2.620375,0.00522167987806567
2.6205,1.84607368419799e-14
2.620625,-0.00522167987805856
2.62075,-0.00738457050192217
2.620875,-0.00522167987807345
2.621,-2.58930608732415e-15
2.621125,0.00522167987805079
2.62125,0.00738457050192217
2.621375,0.00522167987806222
2.6215,1.35827863181359e-14
2.621625,-0.00522167987804301
2.62175,-0.00738457050192217
2.621875,-0.00522167987807
2.622,-2.45762665489476e-14
2.622125,0.00522167987805424
2.62225,0.00738457050192217
2.622375,0.00522167987807777
2.6225,8.70483579429185e-15
2.622625,-0.00522167987806546
2.62275,-0.00738457050192217
2.622875,-0.00522167987806655
2.623,7.16659496036389e-15
2.623125,0.00522167987803869
2.62325,0.00738457050192217
2.623375,0.00522167987807432
2.6235,3.82688527044782e-15
2.623625,-0.00522167987804991
2.62375,-0.00738457050192217
2.623875,-0.0052216798780631
2.624,-1.48203655012595e-14
2.624125,0.00522167987804214
2.62425,0.00738457050192217
2.624375,0.00522167987807087
2.6245,2.58138457320713e-14
2.624625,-0.00522167987805336
2.62475,-0.00738457050192217
2.624875,-0.00522167987807864
2.625,-9.94241497741552e-15
2.625125,0.00522167987806458
2.62525,0.00738457050192217
2.625375,0.00522167987806742
2.6255,-5.92901577724022e-15
2.625625,-0.00522167987803781
2.62575,-0.00738457050192217
2.625875,-0.0052216798780562
2.626,-5.06446445357149e-15
2.626125,0.00522167987804904
2.62625,0.00738457050192217
2.626375,0.00522167987806397
2.6265,1.60579446843832e-14
2.626625,-0.00522167987806026
2.62675,-0.00738457050192217
2.626875,-0.00522167987807175
2.627,-2.70514249151949e-14
2.627125,0.00522167987805249
2.62725,0.00738457050192217
2.627375,0.00522167987807952
2.6275,1.11799941605392e-14
2.627625,-0.00522167987804471
2.62775,-0.00738457050192217
2.627875,-0.0052216798780683
2.628,4.69143659411655e-15
2.628125,0.00522167987803694
2.62825,0.00738457050192217
2.628375,0.00522167987805707
2.6285,3.31669546221626e-14
2.628625,-0.00522167987804816
2.62875,-0.00738457050192217
2.628875,-0.00522167987806485
2.629,-1.72955238675069e-14
2.629125,0.00522167987805938
2.62925,0.00738457050192217
2.629375,0.00522167987807262
2.6295,1.42409311285114e-15
2.629625,-0.00522167987805161
2.62975,-0.00738457050192217
2.629875,-0.0052216798780614
2.63,-1.24175733436629e-14
2.630125,0.00522167987804384
2.63025,0.00738457050192217
2.630375,0.00522167987806917
2.6305,-3.45385741099288e-15
2.630625,-0.00522167987805506
2.63075,-0.00738457050192217
2.630875,-0.00522167987805795
2.631,-3.44045338052863e-14
2.631125,0.00522167987804729
2.63125,0.00738457050192217
2.631375,0.00522167987806572
2.6315,1.85331030506305e-14
2.631625,-0.00522167987805851
2.63175,-0.00738457050192217
2.631875,-0.0052216798780735
2.632,-2.66167229597481e-15
2.632125,0.00522167987805074
2.63225,0.00738457050192217
2.632375,0.00522167987806227
2.6325,1.36551525267865e-14
2.632625,-0.00522167987804296
2.63275,-0.00738457050192217
2.632875,-0.00522167987807005
2.633,-2.46486327575982e-14
2.633125,0.00522167987805418
2.63325,0.00738457050192217
2.633375,0.00522167987805882
2.6335,8.7772020029425e-15
2.633625,-0.00522167987804641
2.63375,-0.00738457050192217
2.633875,-0.0052216798780666
2.634,-1.97706822337542e-14
2.634125,0.00522167987805763
2.63425,0.00738457050192217
2.634375,0.00522167987807437
2.6345,3.89925147909848e-15
2.634625,-0.00522167987804986
2.63475,-0.00738457050192217
2.634875,-0.00522167987806315
2.635,-1.48927317099102e-14
2.635125,0.00522167987804209
2.63525,0.00738457050192217
2.635375,0.00522167987807092
2.6355,2.58862119407219e-14
2.635625,-0.00522167987805331
2.63575,-0.00738457050192217
2.635875,-0.0052216798780787
2.636,-1.00147811860662e-14
2.636125,0.00522167987804554
2.63625,0.00738457050192217
2.636375,0.00522167987806747
2.6365,2.10082614168779e-14
2.636625,-0.00522167987805676
2.63675,-0.00738457050192217
2.636875,-0.00522167987807525
2.637,-5.13683066222215e-15
2.637125,0.00522167987804899
2.63725,0.00738457050192217
2.637375,0.00522167987806402
2.6375,1.61303108930339e-14
2.637625,-0.00522167987804121
2.63775,-0.00738457050192217
2.637875,-0.0052216798780528
2.638,-2.71237911238456e-14
2.638125,0.00522167987805243
2.63825,0.00738457050192217
2.638375,0.00522167987807957
2.6385,1.12523603691898e-14
2.638625,-0.00522167987806366
2.63875,-0.00738457050192217
2.638875,-0.00522167987806835
2.639,-2.22458406000016e-14
2.639125,0.00522167987805588
2.63925,0.00738457050192217
2.639375,0.00522167987807612
2.6395,6.37440984534582e-15
2.639625,-0.00522167987804811
2.63975,-0.00738457050192217
2.639875,-0.0052216798780649
2.64,-1.73678900761575e-14
2.640125,0.00522167987804034
2.64025,0.00738457050192217
2.640375,0.00522167987807267
2.6405,2.83613703069693e-14
2.640625,-0.00522167987805156
2.64075,-0.00738457050192217
2.640875,-0.00522167987808045
2.641,-1.24899395523135e-14
2.641125,0.00522167987806278
2.64125,0.00738457050192217
2.641375,0.00522167987806922
2.6415,-3.38149120234223e-15
2.641625,-0.00522167987805501
2.64175,-0.00738457050192217
2.641875,-0.005221679878058
2.642,-7.61198902846949e-15
2.642125,0.00522167987804724
2.64225,0.00738457050192217
2.642375,0.00522167987806577
2.6425,1.86054692592812e-14
2.642625,-0.00522167987803946
2.64275,-0.00738457050192217
2.642875,-0.00522167987807355
2.643,-2.95989494900929e-14
2.643125,0.00522167987805068
2.64325,0.00738457050192217
2.643375,0.00522167987808132
2.6435,1.37275187354372e-14
2.643625,-0.00522167987806191
2.64375,-0.00738457050192217
2.643875,-0.0052216798780701
2.644,2.14391201921856e-15
2.644125,0.00522167987805413
2.64425,0.00738457050192217
2.644375,0.00522167987805888
2.6445,8.84956821159316e-15
2.644625,-0.00522167987804636
2.64475,-0.00738457050192217
2.644875,-0.00522167987806665
2.645,-1.98430484424049e-14
2.645125,0.00522167987805758
2.64525,0.00738457050192217
2.645375,0.00522167987807442
2.6455,3.97161768774914e-15
2.645625,-0.00522167987804981
2.64575,-0.00738457050192217
2.645875,-0.0052216798780632
2.646,-1.49650979185609e-14
2.646125,0.00522167987806103
2.64625,0.00738457050192217
2.646375,0.00522167987807097
2.6465,-9.06332836094886e-16
2.646625,-0.00522167987803426
2.64675,-0.00738457050192217
2.646875,-0.00522167987805975
2.647,-1.00871473947168e-14
2.647125,0.00522167987804549
2.64725,0.00738457050192217
2.647375,0.00522167987806752
2.6475,2.10806276255285e-14
2.647625,-0.00522167987805671
2.64775,-0.00738457050192217
2.647875,-0.0052216798780753
2.648,-5.20919687087281e-15
2.648125,0.00522167987804893
2.64825,0.00738457050192217
2.648375,0.00522167987806408
2.6485,1.62026771016845e-14
2.648625,-0.00522167987804116
2.64875,-0.00738457050192217
2.648875,-0.00522167987807185
2.649,-3.31246347028784e-16
2.649125,0.00522167987805238
2.64925,0.00738457050192217
2.649375,0.00522167987806063
2.6495,1.13247265778405e-14
2.649625,-0.00522167987804461
2.64975,-0.00738457050192217
2.649875,-0.0052216798780684
2.65,-2.23182068086522e-14
2.650125,0.00522167987805583
2.65025,0.00738457050192217
2.650375,0.00522167987807617
2.6505,6.44677605399648e-15
2.650625,-0.00522167987804806
2.65075,-0.00738457050192217
2.650875,-0.00522167987806495
2.651,-1.74402562848082e-14
2.651125,0.00522167987804029
2.65125,0.00738457050192217
2.651375,0.00522167987807272
2.6515,1.56882553015245e-15
2.651625,-0.00522167987805151
2.65175,-0.00738457050192217
2.651875,-0.0052216798780615
2.652,-1.25623057609642e-14
2.652125,0.00522167987804374
2.65225,0.00738457050192217
2.652375,0.00522167987806927
2.6525,2.35557859917759e-14
2.652625,-0.00522167987805496
2.65275,-0.00738457050192217
2.652875,-0.00522167987807705
2.653,-7.68435523712015e-15
2.653125,0.00522167987804718
2.65325,0.00738457050192217
2.653375,0.00522167987806583
2.6535,-8.18707551753559e-15
2.653625,-0.00522167987803941
2.65375,-0.00738457050192217
2.653875,-0.0052216798780546
2.654,-2.96713156987436e-14
2.654125,0.00522167987805063
2.65425,0.00738457050192217
2.654375,0.00522167987806238
2.6545,1.37998849440878e-14
2.654625,-0.00522167987804286
2.65475,-0.00738457050192217
2.654875,-0.00522167987807015
2.655,-2.47933651748996e-14
2.655125,0.00522167987805408
2.65525,0.00738457050192217
2.655375,0.00522167987807792
2.6555,8.92193442024382e-15
2.655625,-0.00522167987804631
2.65575,-0.00738457050192217
2.655875,-0.0052216798780667
2.656,6.94949633441192e-15
2.656125,0.00522167987803854
2.65625,0.00738457050192217
2.656375,0.00522167987805548
2.6565,3.09088948818672e-14
2.656625,-0.00522167987804976
2.65675,-0.00738457050192217
2.656875,-0.00522167987806325
2.657,-1.50374641272115e-14
2.657125,0.00522167987806098
2.65725,0.00738457050192217
2.657375,0.00522167987807102
2.6575,-8.3396662744423e-16
2.657625,-0.00522167987805321
2.65775,-0.00738457050192217
2.657875,-0.0052216798780598
2.658,-1.01595136033675e-14
2.658125,0.00522167987804543
2.65825,0.00738457050192217
2.658375,0.00522167987806758
2.6585,2.11529938341792e-14
2.658625,-0.00522167987803766
2.65875,-0.00738457050192217
2.658875,-0.00522167987805635
2.659,-3.21464740649909e-14
2.659125,0.00522167987804888
2.65925,0.00738457050192217
2.659375,0.00522167987808312
2.6595,1.62750433103352e-14
2.659625,-0.00522167987806011
2.65975,-0.00738457050192217
2.659875,-0.0052216798780719
2.66,-4.0361255567944e-16
2.660125,0.00522167987805233
2.66025,0.00738457050192217
2.660375,0.00522167987806068
2.6605,1.13970927864912e-14
2.660625,-0.00522167987804456
2.66075,-0.00738457050192217
2.660875,-0.00522167987806845
2.661,-2.23905730173029e-14
2.661125,0.00522167987805578
2.66125,0.00738457050192217
2.661375,0.00522167987807622
2.6615,6.51914226264713e-15
2.661625,-0.00522167987804801
2.66175,-0.00738457050192217
2.661875,-0.005221679878065
2.662,-1.75126224934588e-14
2.662125,0.00522167987805923
2.66225,0.00738457050192217
2.662375,0.00522167987807277
2.6625,1.64119173880311e-15
2.662625,-0.00522167987805146
2.66275,-0.00738457050192217
2.662875,-0.00522167987806155
2.663,-1.26346719696148e-14
2.663125,0.00522167987804368
2.66325,0.00738457050192217
2.663375,0.00522167987806933
2.6635,2.36281522004265e-14
2.663625,-0.00522167987805491
2.66375,-0.00738457050192217
2.663875,-0.0052216798780771
2.664,-7.7567214457708e-15
2.664125,0.00522167987804713
2.66425,0.00738457050192217
2.664375,0.00522167987806588
2.6645,1.87502016765825e-14
2.664625,-0.00522167987805836
2.66475,-0.00738457050192217
2.664875,-0.00522167987807365
2.665,-2.87877092192678e-15
2.665125,0.00522167987805058
2.66525,0.00738457050192217
2.665375,0.00522167987806243
2.6655,1.38722511527385e-14
2.665625,-0.00522167987804281
2.66575,-0.00738457050192217
2.665875,-0.0052216798780702
2.666,-2.48657313835502e-14
2.666125,0.00522167987805403
2.66625,0.00738457050192217
2.666375,0.00522167987807797
2.6665,8.99430062889447e-15
2.666625,-0.00522167987804626
2.66675,-0.00738457050192217
2.666875,-0.00522167987806675
2.667,-1.99877808597062e-14
2.667125,0.00522167987805748
2.66725,0.00738457050192217
2.667375,0.00522167987807453
2.6675,4.11635010505045e-15
2.667625,-0.00522167987804971
2.66775,-0.00738457050192217
2.667875,-0.0052216798780633
2.668,-1.51098303358622e-14
2.668125,0.00522167987804193
2.66825,0.00738457050192217
2.668375,0.00522167987807108
2.6685,2.61033105666739e-14
2.668625,-0.00522167987805316
2.66875,-0.00738457050192217
2.668875,-0.00522167987807885
2.669,-1.02318798120181e-14
2.669125,0.00522167987806438
2.66925,0.00738457050192217
2.669375,0.00522167987806763
2.6695,-5.6395509426376e-15
2.669625,-0.00522167987805661
2.66975,-0.00738457050192217
2.669875,-0.0052216798780564
2.67,-5.35392928817412e-15
2.670125,0.00522167987804883
2.67025,0.00738457050192217
2.670375,0.00522167987806418
2.6705,1.63474095189858e-14
2.670625,-0.00522167987804106
2.67075,-0.00738457050192217
2.670875,-0.00522167987807195
2.671,-2.73408897497976e-14
2.671125,0.00522167987805228
2.67125,0.00738457050192217
2.671375,0.00522167987807972
2.6715,1.14694589951418e-14
2.671625,-0.0052216798780635
2.67175,-0.00738457050192217
2.671875,-0.0052216798780685
2.672,4.40197175951393e-15
2.672125,0.00522167987803673
2.67225,0.00738457050192217
2.672375,0.00522167987805728
2.6725,6.59150847129779e-15
2.672625,-0.00522167987804796
2.67275,-0.00738457050192217
2.672875,-0.00522167987806505
2.673,-1.75849887021095e-14
2.673125,0.00522167987805918
2.67325,0.00738457050192217
2.673375,0.00522167987807283
2.6735,1.71355794745377e-15
2.673625,-0.00522167987805141
2.67375,-0.00738457050192217
2.673875,-0.0052216798780806
2.674,-1.27070381782655e-14
2.674125,0.00522167987806263
2.67425,0.00738457050192217
2.674375,0.00522167987806938
2.6745,-3.16439257639026e-15
2.674625,-0.00522167987803586
2.67475,-0.00738457050192217
2.674875,-0.00522167987805815
2.675,-7.82908765442146e-15
2.675125,0.00522167987804708
2.67525,0.00738457050192217
2.675375,0.00522167987806593
2.6755,1.88225678852332e-14
2.675625,-0.0052216798780583
2.67575,-0.00738457050192217
2.675875,-0.0052216798780737
2.676,-2.95113713057744e-15
2.676125,0.00522167987805053
2.67625,0.00738457050192217
2.676375,0.00522167987806248
2.6765,1.39446173613892e-14
2.676625,-0.00522167987804276
2.67675,-0.00738457050192217
2.676875,-0.00522167987807025
2.677,1.92681339326659e-15
2.677125,0.00522167987805398
2.67725,0.00738457050192217
2.677375,0.00522167987805903
2.6775,9.06666683754513e-15
2.677625,-0.00522167987804621
2.67775,-0.00738457050192217
2.677875,-0.0052216798780668
2.678,-2.00601470683568e-14
2.678125,0.00522167987805743
2.67825,0.00738457050192217
2.678375,0.00522167987807458
2.6785,4.18871631370111e-15
2.678625,-0.00522167987804966
2.67875,-0.00738457050192217
2.678875,-0.00522167987806335
2.679,-1.51821965445128e-14
2.679125,0.00522167987804188
2.67925,0.00738457050192217
2.679375,0.00522167987807113
2.6795,2.61756767753245e-14
2.679625,-0.00522167987805311
2.67975,-0.00738457050192217
2.679875,-0.0052216798780599
2.68,-1.03042460206688e-14
2.680125,0.00522167987804533
2.68025,0.00738457050192217
2.680375,0.00522167987806768
2.6805,2.12977262514805e-14
2.680625,-0.00522167987805655
2.68075,-0.00738457050192217
2.680875,-0.00522167987807545
2.681,-5.42629549682478e-15
2.681125,0.00522167987804878
2.68125,0.00738457050192217
2.681375,0.00522167987806423
2.6815,-1.0445135257831e-14
2.681625,-0.00522167987804101
2.68175,-0.00738457050192217
2.681875,-0.005221679878072
2.682,-2.74132559584482e-14
2.682125,0.00522167987805223
2.68225,0.00738457050192217
2.682375,0.00522167987806078
2.6825,1.15418252037925e-14
2.682625,-0.00522167987804446
2.68275,-0.00738457050192217
2.682875,-0.00522167987806855
2.683,-2.25353054346042e-14
2.683125,0.00522167987805568
2.68325,0.00738457050192217
2.683375,0.00522167987807633
2.6835,6.66387467994845e-15
2.683625,-0.00522167987804791
2.68375,-0.00738457050192217
2.683875,-0.0052216798780651
2.684,-1.76573549107602e-14
2.684125,0.00522167987804013
2.68425,0.00738457050192217
2.684375,0.00522167987805388
2.6845,2.86508351415719e-14
2.684625,-0.00522167987805136
2.68475,-0.00738457050192217
2.684875,-0.00522167987808065
2.685,-1.27794043869161e-14
2.685125,0.00522167987806258
2.68525,0.00738457050192217
2.685375,0.00522167987806943
2.6855,-3.0920263677396e-15
2.685625,-0.0052216798780548
2.68575,-0.00738457050192217
2.685875,-0.0052216798780772
2.686,-7.90145386307211e-15
2.686125,0.00522167987804703
2.68625,0.00738457050192217
2.686375,0.00522167987806598
2.6865,1.88949340938838e-14
2.686625,-0.00522167987803926
2.68675,-0.00738457050192217
2.686875,-0.00522167987805476
2.687,-2.98884143246955e-14
2.687125,0.00522167987805048
2.68725,0.00738457050192217
2.687375,0.00522167987808153
2.6875,1.40169835700398e-14
2.687625,-0.0052216798780617
2.68775,-0.00738457050192217
2.687875,-0.0052216798780703
2.688,1.85444718461593e-15
2.688125,0.00522167987805393
2.68825,0.00738457050192217
2.688375,0.00522167987805908
2.6885,9.13903304619578e-15
2.688625,-0.00522167987804616
2.68875,-0.00738457050192217
2.688875,-0.00522167987806685
2.689,-2.01325132770075e-14
2.689125,0.00522167987805738
2.68925,0.00738457050192217
2.689375,0.00522167987807463
2.6895,3.11259935078192e-14
2.689625,-0.00522167987804961
2.68975,-0.00738457050192217
2.689875,-0.0052216798780824
2.69,-1.52545627531635e-14
2.690125,0.00522167987806083
2.69025,0.00738457050192217
2.690375,0.00522167987807118
2.6905,-6.16868001492261e-16
2.690625,-0.00522167987805305
2.69075,-0.00738457050192217
2.690875,-0.00522167987805996
2.691,-1.03766122293195e-14
2.691125,0.00522167987804528
2.69125,0.00738457050192217
2.691375,0.00522167987806773
2.6915,2.13700924601312e-14
2.691625,-0.0052216798780565
2.69175,-0.00738457050192217
2.691875,-0.0052216798780755
2.692,-5.49866170547543e-15
2.692125,0.00522167987804873
2.69225,0.00738457050192217
2.692375,0.00522167987806428
2.6925,1.64921419362871e-14
2.692625,-0.00522167987805995
2.69275,-0.00738457050192217
2.692875,-0.00522167987807205
2.693,-6.20711181631409e-16
2.693125,0.00522167987805218
2.69325,0.00738457050192217
2.693375,0.00522167987806083
2.6935,1.16141914124431e-14
2.693625,-0.00522167987804441
2.69375,-0.00738457050192217
2.693875,-0.0052216798780686
2.694,-2.26076716432548e-14
2.694125,0.00522167987805563
2.69425,0.00738457050192217
2.694375,0.00522167987807638
2.6945,6.7362408885991e-15
2.694625,-0.00522167987804785
2.69475,-0.00738457050192217
2.694875,-0.00522167987806516
2.695,-1.77297211194108e-14
2.695125,0.00522167987805908
2.69525,0.00738457050192217
2.695375,0.00522167987807293
2.6955,1.85829036475508e-15
2.695625,-0.0052216798780513
2.69575,-0.00738457050192217
2.695875,-0.00522167987806171
2.696,-1.28517705955668e-14
2.696125,0.00522167987804353
2.69625,0.00738457050192217
2.696375,0.00522167987806948
2.6965,2.38452508263785e-14
2.696625,-0.00522167987805475
2.69675,-0.00738457050192217
2.696875,-0.00522167987807725
2.697,-7.97382007172277e-15
2.697125,0.00522167987806598
2.69725,0.00738457050192217
2.697375,0.00522167987806603
2.6975,1.89673003025345e-14
2.697625,-0.00522167987803921
2.69775,-0.00738457050192217
2.697875,-0.0052216798780738
2.698,-3.09586954787875e-15
2.698125,0.00522167987805043
2.69825,0.00738457050192217
2.698375,0.00522167987806258
2.6985,1.40893497786905e-14
2.698625,-0.00522167987804266
2.69875,-0.00738457050192217
2.698875,-0.00522167987807035
2.699,-2.50828300095022e-14
2.699125,0.00522167987805388
2.69925,0.00738457050192217
2.699375,0.00522167987807813
2.6995,9.21139925484644e-15
2.699625,-0.0052216798780651
2.69975,-0.00738457050192217
2.699875,-0.00522167987806691
2.7,6.6600314998093e-15
2.700125,0.00522167987803833
2.70025,0.00738457050192217
2.700375,0.00522167987805568
2.7005,4.33344873100242e-15
2.700625,-0.00522167987804955
2.70075,-0.00738457050192217
2.700875,-0.00522167987806346
2.701,-1.53269289618141e-14
2.701125,0.00522167987806078
2.70125,0.00738457050192217
2.701375,0.00522167987807123
2.7015,2.63204091926258e-14
2.701625,-0.005221679878053
2.70175,-0.00738457050192217
2.701875,-0.005221679878079
2.702,-1.04489784379701e-14
2.702125,0.00522167987804523
2.70225,0.00738457050192217
2.702375,0.00522167987806778
2.7025,-5.42245231668563e-15
2.702625,-0.00522167987803746
2.70275,-0.00738457050192217
2.702875,-0.00522167987805656
2.703,-3.24359388995935e-14
2.703125,0.00522167987804868
2.70325,0.00738457050192217
2.703375,0.00522167987806433
2.7035,1.65645081449378e-14
2.703625,-0.0052216798780599
2.70375,-0.00738457050192217
2.703875,-0.0052216798780721
2.704,-6.93077390282066e-16
2.704125,0.00522167987805213
2.70425,0.00738457050192217
2.704375,0.00522167987806088
2.7045,1.16865576210938e-14
2.704625,-0.00522167987804435
2.70475,-0.00738457050192217
2.704875,-0.00522167987806866
2.705,-2.26800378519055e-14
2.705125,0.00522167987803658
2.70525,0.00738457050192217
2.705375,0.00522167987805743
2.7055,3.36735180827172e-14
2.705625,-0.0052216798780478
2.70575,-0.00738457050192217
2.705875,-0.00522167987806521
2.706,-1.78020873280615e-14
2.706125,0.00522167987805903
2.70625,0.00738457050192217
2.706375,0.00522167987807298
2.7065,1.93065657340574e-15
2.706625,-0.00522167987805125
2.70675,-0.00738457050192217
2.706875,-0.00522167987806176
2.707,-1.29241368042175e-14
2.707125,0.00522167987804348
2.70725,0.00738457050192217
2.707375,0.00522167987806953
2.7075,2.39176170350292e-14
2.707625,-0.0052216798780547
2.70775,-0.00738457050192217
2.707875,-0.00522167987805831
2.708,-8.04618628037343e-15
2.708125,0.00522167987804693
2.70825,0.00738457050192217
2.708375,0.00522167987806608
2.7085,1.90396665111851e-14
2.708625,-0.00522167987805815
2.70875,-0.00738457050192217
2.708875,-0.00522167987807385
2.709,-3.16823575652941e-15
2.709125,0.00522167987805038
2.70925,0.00738457050192217
2.709375,0.00522167987806263
2.7095,1.41617159873411e-14
2.709625,-0.0052216798780426
2.70975,-0.00738457050192217
2.709875,-0.00522167987807041
2.71,-2.51551962181528e-14
2.710125,0.00522167987805383
2.71025,0.00738457050192217
2.710375,0.00522167987807818
2.7105,9.2837654634971e-15
2.710625,-0.00522167987804605
2.71075,-0.00738457050192217
2.710875,-0.00522167987806696
2.711,-2.02772456943088e-14
2.711125,0.00522167987805728
2.71125,0.00738457050192217
2.711375,0.00522167987807473
2.7115,4.40581493965308e-15
2.711625,-0.0052216798780495
2.71175,-0.00738457050192217
2.711875,-0.00522167987806351
2.712,-1.53992951704648e-14
2.712125,0.00522167987804173
2.71225,0.00738457050192217
2.712375,0.00522167987805228
2.7125,2.63927754012765e-14
2.712625,-0.00522167987805295
2.71275,-0.00738457050192217
2.712875,-0.00522167987807905
2.713,-1.05213446466208e-14
2.713125,0.00522167987804518
2.71325,0.00738457050192217
2.713375,0.00522167987806783
2.7135,2.15148248774325e-14
2.713625,-0.0052216798780564
2.71375,-0.00738457050192217
2.713875,-0.0052216798780756
2.714,-5.64339412277675e-15
2.714125,0.00522167987804863
2.71425,0.00738457050192217
2.714375,0.00522167987806438
2.7145,1.66368743535885e-14
2.714625,-0.00522167987804085
2.71475,-0.00738457050192217
2.714875,-0.00522167987807216
2.715,-2.76303545844002e-14
2.715125,0.00522167987805208
2.71525,0.00738457050192217
2.715375,0.00522167987807993
2.7155,1.17589238297444e-14
2.715625,-0.0052216798780633
2.71575,-0.00738457050192217
2.715875,-0.00522167987806871
2.716,4.1125069249113e-15
2.716125,0.00522167987805553
2.71625,0.00738457050192217
2.716375,0.00522167987805748
2.7165,6.88097330590041e-15
2.716625,-0.00522167987804775
2.71675,-0.00738457050192217
2.716875,-0.00522167987806526
2.717,-1.78744535367121e-14
2.717125,0.00522167987803998
2.71725,0.00738457050192217
2.717375,0.00522167987807303
2.7175,2.88679337675238e-14
2.717625,-0.0052216798780512
2.71775,-0.00738457050192217
2.717875,-0.0052216798780808
2.718,-1.29965030128681e-14
2.718125,0.00522167987806242
2.71825,0.00738457050192217
2.718375,0.00522167987806958
2.7185,-2.87492774178763e-15
2.718625,-0.00522167987805465
2.71875,-0.00738457050192217
2.718875,-0.00522167987805836
2.719,-8.11855248902408e-15
2.719125,0.00522167987804688
2.71925,0.00738457050192217
2.719375,0.00522167987806613
2.7195,1.91120327198358e-14
2.719625,-0.0052216798780581
2.71975,-0.00738457050192217
2.719875,-0.00522167987807391
2.72,-3.24060196518006e-15
2.720125,0.00522167987805033
2.72025,0.00738457050192217
2.720375,0.00522167987806268
2.7205,1.42340821959918e-14
2.720625,-0.00522167987806155
2.72075,-0.00738457050192217
2.720875,-0.00522167987807046
2.721,1.63734855866396e-15
2.721125,0.00522167987803478
2.72125,0.00738457050192217
2.721375,0.00522167987805923
2.7215,9.35613167214775e-15
2.721625,-0.005221679878046
2.72175,-0.00738457050192217
2.721875,-0.00522167987806701
2.722,-2.03496119029595e-14
2.722125,0.00522167987805722
2.72225,0.00738457050192217
2.722375,0.00522167987807478
2.7225,4.47818114830373e-15
2.722625,-0.00522167987804945
2.72275,-0.00738457050192217
2.722875,-0.00522167987806356
2.723,-1.54716613791154e-14
2.723125,0.00522167987804168
2.72325,0.00738457050192217
2.723375,0.00522167987807133
2.7235,-3.99769375540291e-16
2.723625,-0.0052216798780529
2.72375,-0.00738457050192217
2.723875,-0.00522167987806011
2.724,-1.05937108552714e-14
2.724125,0.00522167987804513
2.72425,0.00738457050192217
2.724375,0.00522167987806788
2.7245,2.15871910860831e-14
2.724625,-0.00522167987805635
2.72475,-0.00738457050192217
2.724875,-0.00522167987807566
2.725,-5.7157603314274e-15
2.725125,0.00522167987804858
2.72525,0.00738457050192217
2.725375,0.00522167987806443
2.7255,1.67092405622391e-14
2.725625,-0.0052216798780408
2.72575,-0.00738457050192217
2.725875,-0.00522167987807221
2.726,-8.37809807583378e-16
2.726125,0.00522167987805203
2.72625,0.00738457050192217
2.726375,0.00522167987806098
2.7265,1.18312900383951e-14
2.726625,-0.00522167987804425
2.72675,-0.00738457050192217
2.726875,-0.00522167987806876
2.727,-2.28247702692068e-14
2.727125,0.00522167987805547
2.72725,0.00738457050192217
2.727375,0.00522167987807653
2.7275,6.95333951455107e-15
2.727625,-0.0052216798780477
2.72775,-0.00738457050192217
2.727875,-0.00522167987806531
2.728,8.91809124010467e-15
2.728125,0.00522167987803993
2.72825,0.00738457050192217
2.728375,0.00522167987805409
2.7285,2.89402999761745e-14
2.728625,-0.00522167987805115
2.72875,-0.00738457050192217
2.728875,-0.00522167987806186
2.729,-1.30688692215188e-14
2.729125,0.00522167987804338
2.72925,0.00738457050192217
2.729375,0.00522167987806963
2.7295,2.40623494523305e-14
2.729625,-0.0052216798780546
2.72975,-0.00738457050192217
2.729875,-0.00522167987807741
2.73,-8.19091869767474e-15
2.730125,0.00522167987804683
2.73025,0.00738457050192217
2.730375,0.00522167987806618
2.7305,1.91843989284865e-14
2.730625,-0.00522167987803905
2.73075,-0.00738457050192217
2.730875,-0.00522167987805496
2.731,-3.01778791592982e-14
2.731125,0.00522167987805028
2.73125,0.00738457050192217
2.731375,0.00522167987806273
2.7315,1.43064484046424e-14
2.731625,-0.0052216798780615
2.73175,-0.00738457050192217
2.731875,-0.00522167987807051
2.732,1.5649823500133e-15
2.732125,0.00522167987805372
2.73225,0.00738457050192217
2.732375,0.00522167987805928
2.7325,9.42849788079841e-15
2.732625,-0.00522167987804595
2.73275,-0.00738457050192217
2.732875,-0.00522167987806706
2.733,-2.04219781116101e-14
2.733125,0.00522167987803818
2.73325,0.00738457050192217
2.733375,0.00522167987805584
2.7335,3.14154583424218e-14
2.733625,-0.0052216798780494
2.73375,-0.00738457050192217
2.733875,-0.00522167987808261
2.734,-1.55440275877661e-14
2.734125,0.00522167987806062
2.73425,0.00738457050192217
2.734375,0.00522167987807138
2.7345,-3.27403166889635e-16
2.734625,-0.00522167987805285
2.73475,-0.00738457050192217
2.734875,-0.00522167987806016
2.735,-1.06660770639221e-14
2.735125,0.00522167987804508
2.73525,0.00738457050192217
2.735375,0.00522167987806793
2.7355,2.16595572947338e-14
2.735625,-0.0052216798780563
2.73575,-0.00738457050192217
2.735875,-0.00522167987807571
2.736,-5.78812654007806e-15
2.736125,0.00522167987804853
2.73625,0.00738457050192217
2.736375,0.00522167987808348
2.7365,1.67816067708898e-14
2.736625,-0.00522167987805975
2.73675,-0.00738457050192217
2.736875,-0.00522167987807226
2.737,-9.10176016234035e-16
2.737125,0.00522167987805197
2.73725,0.00738457050192217
2.737375,0.00522167987806104
2.7375,1.19036562470458e-14
2.737625,-0.0052216798780442
2.73775,-0.00738457050192217
2.737875,-0.00522167987806881
2.738,-2.28971364778575e-14
2.738125,0.00522167987805542
2.73825,0.00738457050192217
2.738375,0.00522167987807658
2.7385,7.02570572320173e-15
2.738625,-0.00522167987804765
2.73875,-0.00738457050192217
2.738875,-0.00522167987806536
2.739,-1.80191859540134e-14
2.739125,0.00522167987805887
2.73925,0.00738457050192217
2.739375,0.00522167987807313
2.7395,2.1477551993577e-15
2.739625,-0.0052216798780511
2.73975,-0.00738457050192217
2.739875,-0.00522167987806191
2.74,-1.31412354301694e-14
2.740125,0.00522167987804333
2.74025,0.00738457050192217
2.740375,0.00522167987806968
2.7405,2.41347156609811e-14
2.740625,-0.00522167987805455
2.74075,-0.00738457050192217
2.740875,-0.00522167987807746
2.741,-8.2632849063254e-15
2.741125,0.00522167987804678
2.74125,0.00738457050192217
2.741375,0.00522167987806623
2.7415,1.92567651371371e-14
2.741625,-0.005221679878058
2.74175,-0.00738457050192217
2.741875,-0.00522167987807401
2.742,-3.38533438248137e-15
2.742125,0.00522167987805022
2.74225,0.00738457050192217
2.742375,0.00522167987806279
2.7425,1.43788146132931e-14
2.742625,-0.00522167987804245
2.74275,-0.00738457050192217
2.742875,-0.00522167987807056
2.743,-2.53722948441048e-14
2.743125,0.00522167987805367
2.74325,0.00738457050192217
2.743375,0.00522167987807833
2.7435,9.50086408944907e-15
2.743625,-0.0052216798780649
2.74375,-0.00738457050192217
2.743875,-0.00522167987806711
2.744,6.37056666520667e-15
2.744125,0.00522167987805712
2.74425,0.00738457050192217
2.744375,0.00522167987807488
2.7445,4.62291356560504e-15
2.744625,-0.00522167987804935
2.74475,-0.00738457050192217
2.744875,-0.00522167987806366
2.745,-1.56163937964168e-14
2.745125,0.00522167987804158
2.74525,0.00738457050192217
2.745375,0.00522167987807143
2.7455,2.66098740272285e-14
2.745625,-0.0052216798780528
2.74575,-0.00738457050192217
2.745875,-0.00522167987807921
2.746,-1.07384432725727e-14
2.746125,0.00522167987806402
2.74625,0.00738457050192217
2.746375,0.00522167987806798
2.7465,-5.132987482083e-15
2.746625,-0.00522167987803725
2.74675,-0.00738457050192217
2.746875,-0.00522167987805676
2.747,-5.86049274872871e-15
2.747125,0.00522167987804847
2.74725,0.00738457050192217
2.747375,0.00522167987806454
2.7475,1.68539729795404e-14
2.747625,-0.0052216798780597
2.74775,-0.00738457050192217
2.747875,-0.00522167987807231
2.748,-9.82542224884691e-16
2.748125,0.00522167987805192
2.74825,0.00738457050192217
2.748375,0.00522167987808008
2.7485,1.19760224556964e-14
2.748625,-0.00522167987804415
2.74875,-0.00738457050192217
2.748875,-0.00522167987806886
2.749,3.89540829895933e-15
2.749125,0.00522167987803638
2.74925,0.00738457050192217
2.749375,0.00522167987805764
2.7495,3.39629829173198e-14
2.749625,-0.0052216798780476
2.74975,-0.00738457050192217
2.749875,-0.00522167987806541
2.75,-1.80915521626641e-14
2.750125,0.00522167987805882
2.75025,0.00738457050192217
2.750375,0.00522167987807318
2.7505,2.22012140800836e-15
2.750625,-0.00522167987805105
2.75075,-0.00738457050192217
2.750875,-0.00522167987806196
2.751,-1.32136016388201e-14
2.751125,0.00522167987804327
2.75125,0.00738457050192217
2.751375,0.00522167987806974
2.7515,-2.65782911583566e-15
2.751625,-0.0052216798780545
2.75175,-0.00738457050192217
2.751875,-0.00522167987805851
2.752,-3.52005621004435e-14
2.752125,0.00522167987804672
2.75225,0.00738457050192217
2.752375,0.00522167987806629
2.7525,1.93291313457878e-14
2.752625,-0.00522167987805795
2.75275,-0.00738457050192217
2.752875,-0.00522167987807406
2.753,-3.45770059113203e-15
2.753125,0.00522167987805017
2.75325,0.00738457050192217
2.753375,0.00522167987806284
2.7535,1.44511808219437e-14
2.753625,-0.0052216798780424
2.75375,-0.00738457050192217
2.753875,-0.00522167987807061
2.754,-2.54446610527555e-14
2.754125,0.00522167987805362
2.75425,0.00738457050192217
2.754375,0.00522167987805939
2.7545,9.57323029809972e-15
2.754625,-0.00522167987804585
2.75475,-0.00738457050192217
2.754875,-0.00522167987806716
2.755,-2.05667105289114e-14
2.755125,0.00522167987805707
2.75525,0.00738457050192217
2.755375,0.00522167987807493
2.7555,4.6952797742557e-15
2.755625,-0.0052216798780493
2.75575,-0.00738457050192217
2.755875,-0.00522167987806371
2.756,-1.56887600050674e-14
2.756125,0.00522167987804152
2.75625,0.00738457050192217
2.756375,0.00522167987807149
2.7565,2.66822402358791e-14
2.756625,-0.00522167987805275
2.75675,-0.00738457050192217
2.756875,-0.00522167987806026
2.757,-1.08108094812234e-14
2.757125,0.00522167987804497
2.75725,0.00738457050192217
2.757375,0.00522167987806804
2.7575,2.18042897120351e-14
2.757625,-0.0052216798780562
2.75775,-0.00738457050192217
2.757875,-0.00522167987807581
2.758,-5.93285895737937e-15
2.758125,0.00522167987804842
2.75825,0.00738457050192217
2.758375,0.00522167987806459
2.7585,1.69263391881911e-14
2.758625,-0.00522167987804065
2.75875,-0.00738457050192217
2.758875,-0.00522167987805336
2.759,-2.79198194190028e-14
2.759125,0.00522167987805187
2.75925,0.00738457050192217
2.759375,0.00522167987808013
2.7595,1.20483886643471e-14
2.759625,-0.00522167987806309
2.75975,-0.00738457050192217
2.759875,-0.00522167987806891
2.76,-2.30418688951588e-14
2.760125,0.00522167987805532
2.76025,0.00738457050192217
2.760375,0.00522167987807668
2.7605,7.17043814050304e-15
2.760625,-0.00522167987804755
2.76075,-0.00738457050192217
2.760875,-0.00522167987806546
2.761,-1.81639183713148e-14
2.761125,0.00522167987803977
2.76125,0.00738457050192217
2.761375,0.00522167987807324
2.7615,2.91573986021265e-14
2.761625,-0.005221679878051
2.76175,-0.00738457050192217
2.761875,-0.00522167987808101
2.762,-1.32859678474707e-14
2.762125,0.00522167987806222
2.76225,0.00738457050192217
2.762375,0.00522167987806979
2.7625,-2.58546290718501e-15
2.762625,-0.00522167987805445
2.76275,-0.00738457050192217
2.762875,-0.00522167987805856
2.763,-8.40801732362671e-15
2.763125,0.00522167987804667
2.76325,0.00738457050192217
2.763375,0.00522167987806634
2.7635,1.94014975544384e-14
2.763625,-0.0052216798780579
2.76375,-0.00738457050192217
2.763875,-0.00522167987807411
2.764,-3.03949777852501e-14
2.764125,0.00522167987805012
2.76425,0.00738457050192217
2.764375,0.00522167987808188
2.7645,1.45235470305944e-14
2.764625,-0.00522167987806134
2.76475,-0.00738457050192217
2.764875,-0.00522167987807066
2.765,1.34788372406134e-15
2.765125,0.00522167987805357
2.76525,0.00738457050192217
2.765375,0.00522167987805944
2.7655,9.64559650675038e-15
2.765625,-0.0052216798780458
2.76575,-0.00738457050192217
2.765875,-0.00522167987806721
2.766,-2.06390767375621e-14
2.766125,0.00522167987805702
2.76625,0.00738457050192217
2.766375,0.00522167987807499
2.7665,4.76764598290636e-15
2.766625,-0.00522167987804925
2.76675,-0.00738457050192217
2.766875,-0.00522167987806376
2.767,-1.57611262137181e-14
2.767125,0.00522167987806047
2.76725,0.00738457050192217
2.767375,0.00522167987807154
2.7675,-1.10304540937666e-16
2.767625,-0.0052216798780337
2.76775,-0.00738457050192217
2.767875,-0.00522167987806031
2.768,-1.0883175689874e-14
2.768125,0.00522167987804492
2.76825,0.00738457050192217
2.768375,0.00522167987806809
2.7685,2.18766559206858e-14
2.768625,-0.00522167987805615
2.76875,-0.00738457050192217
2.768875,-0.00522167987807586
2.769,-6.00522516603003e-15
2.769125,0.00522167987804837
2.76925,0.00738457050192217
2.769375,0.00522167987806464
2.7695,1.69987053968417e-14
2.769625,-0.00522167987805959
2.76975,-0.00738457050192217
2.769875,-0.00522167987807241
2.77,-1.127274642186e-15
2.770125,0.00522167987805182
2.77025,0.00738457050192217
2.770375,0.00522167987806119
2.7705,1.21207548729977e-14
2.770625,-0.00522167987804405
2.77075,-0.00738457050192217
2.770875,-0.00522167987806896
2.771,-2.31142351038094e-14
2.771125,0.00522167987805527
2.77125,0.00738457050192217
2.771375,0.00522167987807674
2.7715,7.2428043491537e-15
2.771625,-0.0052216798780475
2.77175,-0.00738457050192217
2.771875,-0.00522167987806551
2.772,-1.82362845799654e-14
2.772125,0.00522167987803972
2.77225,0.00738457050192217
2.772375,0.00522167987807329
2.7725,2.36485382530967e-15
2.772625,-0.00522167987805095
2.77275,-0.00738457050192217
2.772875,-0.00522167987806206
2.773,-1.33583340561214e-14
2.773125,0.00522167987804317
2.77325,0.00738457050192217
2.773375,0.00522167987806984
2.7735,2.43518142869331e-14
2.773625,-0.00522167987805439
2.77375,-0.00738457050192217
2.773875,-0.00522167987807761
2.774,-8.48038353227737e-15
2.774125,0.00522167987804662
2.77425,0.00738457050192217
2.774375,0.00522167987806639
2.7745,-7.39104722237837e-15
2.774625,-0.00522167987803885
2.77475,-0.00738457050192217
2.774875,-0.00522167987805516
2.775,-3.04673439939008e-14
2.775125,0.00522167987805007
2.77525,0.00738457050192217
2.775375,0.00522167987806294
2.7755,1.45959132392451e-14
2.775625,-0.0052216798780423
2.77575,-0.00738457050192217
2.775875,-0.00522167987807071
2.776,-2.55893934700568e-14
2.776125,0.00522167987805352
2.77625,0.00738457050192217
2.776375,0.00522167987807849
2.7765,9.71796271540104e-15
2.776625,-0.00522167987804575
2.77675,-0.00738457050192217
2.776875,-0.00522167987806726
2.777,6.1534680392547e-15
2.777125,0.00522167987803797
2.77725,0.00738457050192217
2.777375,0.00522167987805604
2.7775,3.17049231770245e-14
2.777625,-0.0052216798780492
2.77775,-0.00738457050192217
2.777875,-0.00522167987806381
2.778,-1.58334924223687e-14
2.778125,0.00522167987806042
2.77825,0.00738457050192217
2.778375,0.00522167987807159
2.7785,-3.79383322870094e-17
2.778625,-0.00522167987805264
2.77875,-0.00738457050192217
2.778875,-0.00522167987806036
2.779,-1.09555418985247e-14
2.779125,0.00522167987804487
2.77925,0.00738457050192217
2.779375,0.00522167987806814
2.7795,2.19490221293364e-14
2.779625,-0.0052216798780371
2.77975,-0.00738457050192217
2.779875,-0.00522167987805692
2.78,-3.29425023601481e-14
2.780125,0.00522167987804832
2.78025,0.00738457050192217
2.780375,0.00522167987808369
2.7805,1.70710716054924e-14
2.780625,-0.00522167987805954
2.78075,-0.00738457050192217
2.780875,-0.00522167987807246
2.781,-1.19964085083666e-15
2.781125,0.00522167987805177
2.78125,0.00738457050192217
2.781375,0.00522167987806124
2.7815,1.21931210816484e-14
2.781625,-0.005221679878044
2.78175,-0.00738457050192217
2.781875,-0.00522167987806901
2.782,-2.31866013124601e-14
2.782125,0.00522167987805522
2.78225,0.00738457050192217
2.782375,0.00522167987805779
2.7825,7.31517055780435e-15
2.782625,-0.00522167987804745
2.78275,-0.00738457050192217
2.782875,-0.00522167987806556
2.783,-1.83086507886161e-14
2.783125,0.00522167987805867
2.78325,0.00738457050192217
2.783375,0.00522167987807334
2.7835,2.43722003396033e-15
2.783625,-0.00522167987805089
2.78375,-0.00738457050192217
2.783875,-0.00522167987806212
2.784,-1.3430700264772e-14
2.784125,0.00522167987804312
2.78425,0.00738457050192217
2.784375,0.00522167987806989
2.7845,2.44241804955838e-14
2.784625,-0.00522167987805434
2.78475,-0.00738457050192217
2.784875,-0.00522167987807766
2.785,-8.55274974092802e-15
2.785125,0.00522167987804657
2.78525,0.00738457050192217
2.785375,0.00522167987806644
2.7855,1.95462299717397e-14
2.785625,-0.00522167987805779
2.78575,-0.00738457050192217
2.785875,-0.00522167987807421
2.786,-3.674799217084e-15
2.786125,0.00522167987805002
2.78625,0.00738457050192217
2.786375,0.00522167987806299
2.7865,1.46682794478957e-14
2.786625,-0.00522167987804225
2.78675,-0.00738457050192217
2.786875,-0.00522167987807076
2.787,-2.56617596787074e-14
2.787125,0.00522167987805347
2.78725,0.00738457050192217
2.787375,0.00522167987807854
2.7875,9.79032892405169e-15
2.787625,-0.0052216798780457
2.78775,-0.00738457050192217
2.787875,-0.00522167987806731
2.788,-2.07838091548634e-14
2.788125,0.00522167987805692
2.78825,0.00738457050192217
2.788375,0.00522167987807509
2.7885,4.91237840020767e-15
2.788625,-0.00522167987804914
2.78875,-0.00738457050192217
2.788875,-0.00522167987806387
2.789,-1.59058586310194e-14
2.789125,0.00522167987804137
2.78925,0.00738457050192217
2.789375,0.00522167987807164
2.7895,2.68993388618311e-14
2.789625,-0.00522167987805259
2.78975,-0.00738457050192217
2.789875,-0.00522167987807941
2.79,-1.10279081071754e-14
2.790125,0.00522167987806382
2.79025,0.00738457050192217
2.790375,0.00522167987806819
2.7905,-4.84352264748038e-15
2.790625,-0.00522167987805604
2.79075,-0.00738457050192217
2.790875,-0.00522167987805697
2.791,-6.14995758333134e-15
2.791125,0.00522167987804827
2.79125,0.00738457050192217
2.791375,0.00522167987806474
2.7915,1.71434378141431e-14
2.791625,-0.0052216798780405
2.79175,-0.00738457050192217
2.791875,-0.00522167987807251
2.792,-2.81369180449548e-14
2.792125,0.00522167987805172
2.79225,0.00738457050192217
2.792375,0.00522167987808029
2.7925,1.2265487290299e-14
2.792625,-0.00522167987806294
2.79275,-0.00738457050192217
2.792875,-0.00522167987806906
2.793,3.60594346435671e-15
2.793125,0.00522167987803617
2.79325,0.00738457050192217
2.793375,0.00522167987805784
2.7935,7.38753676645501e-15
2.793625,-0.00522167987804739
2.79375,-0.00738457050192217
2.793875,-0.00522167987806562
2.794,-1.83810169972667e-14
2.794125,0.00522167987805862
2.79425,0.00738457050192217
2.794375,0.00522167987807339
2.7945,2.50958624261099e-15
2.794625,-0.00522167987805084
2.79475,-0.00738457050192217
2.794875,-0.00522167987806217
2.795,-1.35030664734227e-14
2.795125,0.00522167987806207
2.79525,0.00738457050192217
2.795375,0.00522167987806994
2.7955,-2.36836428123304e-15
2.795625,-0.0052216798780353
2.79575,-0.00738457050192217
2.795875,-0.00522167987805872
2.796,-8.62511594957868e-15
2.796125,0.00522167987804652
2.79625,0.00738457050192217
2.796375,0.00522167987806649
2.7965,1.96185961803904e-14
2.796625,-0.00522167987805774
2.79675,-0.00738457050192217
2.796875,-0.00522167987807426
2.797,-3.74716542573466e-15
2.797125,0.00522167987804997
2.79725,0.00738457050192217
2.797375,0.00522167987806304
2.7975,1.47406456565464e-14
2.797625,-0.0052216798780422
2.79775,-0.00738457050192217
2.797875,-0.00522167987807081
2.798,1.13078509810937e-15
2.798125,0.00522167987805342
2.79825,0.00738457050192217
2.798375,0.00522167987805959
2.7985,9.86269513270235e-15
2.798625,-0.00522167987804564
2.79875,-0.00738457050192217
2.798875,-0.00522167987806737
2.799,-2.08561753635141e-14
2.799125,0.00522167987805687
2.79925,0.00738457050192217
2.799375,0.00522167987807514
2.7995,4.98474460885833e-15
2.799625,-0.00522167987804909
2.79975,-0.00738457050192217
2.799875,-0.00522167987806392
2.8,-1.597822483967e-14
2.800125,0.00522167987804132
2.80025,0.00738457050192217
2.800375,0.00522167987807169
2.8005,2.69717050704818e-14
2.800625,-0.00522167987805254
2.80075,-0.00738457050192217
2.800875,-0.00522167987806047
2.801,-1.1100274315826e-14
2.801125,0.00522167987804477
2.80125,0.00738457050192217
2.801375,0.00522167987806824
2.8015,2.20937545466377e-14
2.801625,-0.00522167987805599
2.80175,-0.00738457050192217
2.801875,-0.00522167987807601
2.802,-6.222323791982e-15
2.802125,0.00522167987804822
2.80225,0.00738457050192217
2.802375,0.00522167987806479
2.8025,-9.64910696267374e-15
2.802625,-0.00522167987804044
2.80275,-0.00738457050192217
2.802875,-0.00522167987807257
2.803,-2.82092842536054e-14
2.803125,0.00522167987805167
2.80325,0.00738457050192217
2.803375,0.00522167987806134
2.8035,1.23378534989497e-14
2.803625,-0.00522167987804389
2.80375,-0.00738457050192217
2.803875,-0.00522167987806912
2.804,-2.33313337297614e-14
2.804125,0.00522167987805512
2.80425,0.00738457050192217
2.804375,0.00522167987807689
2.8045,7.45990297510567e-15
2.804625,-0.00522167987804734
2.80475,-0.00738457050192217
2.804875,-0.00522167987806567
2.805,-1.84533832059174e-14
2.805125,0.00522167987803957
2.80525,0.00738457050192217
2.805375,0.00522167987805444
2.8055,2.94468634367291e-14
2.805625,-0.00522167987805079
2.80575,-0.00738457050192217
2.805875,-0.00522167987808121
2.806,-1.35754326820734e-14
2.806125,0.00522167987806202
2.80625,0.00738457050192217
2.806375,0.00522167987806999
2.8065,-2.29599807258238e-15
2.806625,-0.00522167987805424
2.80675,-0.00738457050192217
2.806875,-0.00522167987807776
2.807,-8.69748215822934e-15
2.807125,0.00522167987804647
2.80725,0.00738457050192217
2.807375,0.00522167987806654
2.8075,1.96909623890411e-14
2.807625,-0.00522167987803869
2.80775,-0.00738457050192217
2.807875,-0.00522167987805532
2.808,-3.06844426198528e-14
2.808125,0.00522167987804992
2.80825,0.00738457050192217
2.808375,0.00522167987808209
2.8085,1.4813011865197e-14
2.808625,-0.00522167987806114
2.80875,-0.00738457050192217
2.808875,-0.00522167987807087
2.809,1.05841888945871e-15
2.809125,0.00522167987805337
2.80925,0.00738457050192217
2.809375,0.00522167987805964
2.8095,9.935061341353e-15
2.809625,-0.00522167987804559
2.80975,-0.00738457050192217
2.809875,-0.00522167987806742
2.81,-2.09285415721647e-14
2.810125,0.00522167987805682
2.81025,0.00738457050192217
2.810375,0.00522167987807519
2.8105,5.05711081750898e-15
2.810625,-0.00522167987804904
2.81075,-0.00738457050192217
2.810875,-0.00522167987808296
2.811,-1.60505910483207e-14
2.811125,0.00522167987806027
2.81125,0.00738457050192217
2.811375,0.00522167987807174
2.8115,1.7916029366496e-16
2.811625,-0.00522167987805249
2.81175,-0.00738457050192217
2.811875,-0.00522167987806052
2.812,-1.11726405244767e-14
2.812125,0.00522167987804472
2.81225,0.00738457050192217
2.812375,0.00522167987806829
2.8125,2.21661207552884e-14
2.812625,-0.00522167987805594
2.81275,-0.00738457050192217
2.812875,-0.00522167987807607
2.813,-6.29469000063265e-15
2.813125,0.00522167987804817
2.81325,0.00738457050192217
2.813375,0.00522167987806484
2.8135,1.72881702314444e-14
2.813625,-0.00522167987805939
2.81375,-0.00738457050192217
2.813875,-0.00522167987807262
2.814,-1.41673947678863e-15
2.814125,0.00522167987805162
2.81425,0.00738457050192217
2.814375,0.00522167987806139
2.8145,1.24102197076003e-14
2.814625,-0.00522167987804384
2.81475,-0.00738457050192217
2.814875,-0.00522167987806917
2.815,-2.34036999384121e-14
2.815125,0.00522167987805507
2.81525,0.00738457050192217
2.815375,0.00522167987807694
2.8155,7.53226918375632e-15
2.815625,-0.00522167987804729
2.81575,-0.00738457050192217
2.815875,-0.00522167987806572
2.816,-1.8525749414568e-14
2.816125,0.00522167987805851
2.81625,0.00738457050192217
2.816375,0.00522167987807349
2.8165,2.6543186599123e-15
2.816625,-0.00522167987805074
2.81675,-0.00738457050192217
2.816875,-0.00522167987806227
2.817,-1.3647798890724e-14
2.817125,0.00522167987804297
2.81725,0.00738457050192217
2.817375,0.00522167987807004
2.8175,2.46412791215357e-14
2.817625,-0.00522167987805419
2.81775,-0.00738457050192217
2.817875,-0.00522167987807782
2.818,-8.76984836687999e-15
2.818125,0.00522167987806541
2.81825,0.00738457050192217
2.818375,0.00522167987806659
2.8185,1.97633285976917e-14
2.818625,-0.00522167987803864
2.81875,-0.00738457050192217
2.818875,-0.00522167987807437
2.819,-3.89189784303597e-15
2.819125,0.00522167987804987
2.81925,0.00738457050192217
2.819375,0.00522167987806314
2.8195,1.48853780738477e-14
2.819625,-0.00522167987804209
2.81975,-0.00738457050192217
2.819875,-0.00522167987807092
2.82,-2.58788583046594e-14
2.820125,0.00522167987805332
2.82025,0.00738457050192217
2.820375,0.00522167987807869
2.8205,1.00074275500037e-14
2.820625,-0.00522167987806454
2.82075,-0.00738457050192217
2.820875,-0.00522167987806747
2.821,5.86400320465208e-15
2.821125,0.00522167987803777
2.82125,0.00738457050192217
2.821375,0.00522167987805625
2.8215,5.12947702615964e-15
2.821625,-0.00522167987804899
2.82175,-0.00738457050192217
2.821875,-0.00522167987806402
2.822,-1.61229572569714e-14
2.822125,0.00522167987806021
2.82225,0.00738457050192217
2.822375,0.00522167987807179
2.8225,2.71164374877831e-14
2.822625,-0.00522167987805244
2.82275,-0.00738457050192217
2.822875,-0.00522167987807957
2.823,-1.12450067331273e-14
2.823125,0.00522167987804467
2.82325,0.00738457050192217
2.823375,0.00522167987806834
2.8235,-4.62642402152841e-15
2.823625,-0.00522167987803689
2.82375,-0.00738457050192217
2.823875,-0.00522167987805712
2.824,-3.32319671947508e-14
2.824125,0.00522167987804812
2.82425,0.00738457050192217
2.824375,0.00522167987806489
2.8245,1.7360536440095e-14
2.824625,-0.00522167987805934
2.82475,-0.00738457050192217
2.824875,-0.00522167987807267
2.825,-1.48910568543929e-15
2.825125,0.00522167987805157
2.82525,0.00738457050192217
2.825375,0.00522167987806144
2.8255,1.2482585916251e-14
2.825625,-0.00522167987804379
2.82575,-0.00738457050192217
2.825875,-0.00522167987806922
2.826,-2.34760661470627e-14
2.826125,0.00522167987805501
2.82625,0.00738457050192217
2.826375,0.005221679878058
2.8265,3.44695463778744e-14
2.826625,-0.00522167987804724
2.82675,-0.00738457050192217
2.826875,-0.00522167987806577
2.827,-1.85981156232187e-14
2.827125,0.00522167987805846
2.82725,0.00738457050192217
2.827375,0.00522167987807354
2.8275,2.72668486856296e-15
2.827625,-0.00522167987805069
2.82775,-0.00738457050192217
2.827875,-0.00522167987806232
2.828,-1.37201650993747e-14
2.828125,0.00522167987804292
2.82825,0.00738457050192217
2.828375,0.00522167987807009
2.8285,2.47136453301864e-14
2.828625,-0.00522167987805414
2.82875,-0.00738457050192217
2.828875,-0.00522167987805887
2.829,-8.84221457553065e-15
2.829125,0.00522167987804637
2.82925,0.00738457050192217
2.829375,0.00522167987806664
2.8295,1.98356948063424e-14
2.829625,-0.00522167987805759
2.82975,-0.00738457050192217
2.829875,-0.00522167987807442
2.83,-3.96426405168663e-15
2.830125,0.00522167987804981
2.83025,0.00738457050192217
2.830375,0.00522167987806319
2.8305,1.49577442824983e-14
2.830625,-0.00522167987804204
2.83075,-0.00738457050192217
2.830875,-0.00522167987807097
2.831,-2.59512245133101e-14
2.831125,0.00522167987805326
2.83125,0.00738457050192217
2.831375,0.00522167987807874
2.8315,1.00797937586543e-14
2.831625,-0.00522167987804549
2.83175,-0.00738457050192217
2.831875,-0.00522167987806752
2.832,-2.1073273989466e-14
2.832125,0.00522167987805671
2.83225,0.00738457050192217
2.832375,0.00522167987807529
2.8325,5.2018432348103e-15
2.832625,-0.00522167987804894
2.83275,-0.00738457050192217
2.832875,-0.00522167987806407
2.833,-1.6195323465622e-14
2.833125,0.00522167987804117
2.83325,0.00738457050192217
2.833375,0.00522167987805285
2.8335,2.71888036964337e-14
2.833625,-0.00522167987805239
2.83375,-0.00738457050192217
2.833875,-0.00522167987807962
2.834,-1.1317372941778e-14
2.834125,0.00522167987804462
2.83425,0.00738457050192217
2.834375,0.00522167987806839
2.8345,2.23108531725897e-14
2.834625,-0.00522167987805584
2.83475,-0.00738457050192217
2.834875,-0.00522167987807617
2.835,-6.43942241793396e-15
2.835125,0.00522167987804806
2.83525,0.00738457050192217
2.835375,0.00522167987806495
2.8355,1.74329026487457e-14
2.835625,-0.00522167987804029
2.83575,-0.00738457050192217
2.835875,-0.00522167987807272
2.836,-2.84263828795574e-14
2.836125,0.00522167987805151
2.83625,0.00738457050192217
2.836375,0.00522167987808049
2.8365,1.25549521249017e-14
2.836625,-0.00522167987806274
2.83675,-0.00738457050192217
2.836875,-0.00522167987806927
2.837,3.31647862975408e-15
2.837125,0.00522167987805496
2.83725,0.00738457050192217
2.837375,0.00522167987805805
2.8375,7.67700160105763e-15
2.837625,-0.00522167987804719
2.83775,-0.00738457050192217
2.837875,-0.00522167987806582
2.838,-1.86704818318694e-14
2.838125,0.00522167987803942
2.83825,0.00738457050192217
2.838375,0.00522167987807359
2.8385,2.96639620626811e-14
2.838625,-0.00522167987805064
2.83875,-0.00738457050192217
2.838875,-0.00522167987808137
2.839,-1.37925313080253e-14
2.839125,0.00522167987806186
2.83925,0.00738457050192217
2.839375,0.00522167987807014
2.8395,-2.07889944663041e-15
2.839625,-0.00522167987805409
2.83975,-0.00738457050192217
2.839875,-0.00522167987805892
2.84,-8.91458078418131e-15
2.840125,0.00522167987804631
2.84025,0.00738457050192217
2.840375,0.0052216798780667
2.8405,1.9908061014993e-14
2.840625,-0.00522167987805754
2.84075,-0.00738457050192217
2.840875,-0.00522167987807447
2.841,-4.03663026033728e-15
2.841125,0.00522167987804976
2.84125,0.00738457050192217
2.841375,0.00522167987806325
2.8415,1.5030110491149e-14
2.841625,-0.00522167987806099
2.84175,-0.00738457050192217
2.841875,-0.00522167987807102
2.842,8.41320263506741e-16
2.842125,0.00522167987803422
2.84225,0.00738457050192217
2.842375,0.0052216798780598
2.8425,1.0152159967305e-14
2.842625,-0.00522167987804544
2.84275,-0.00738457050192217
2.842875,-0.00522167987806757
2.843,-2.11456401981167e-14
2.843125,0.00522167987805666
2.84325,0.00738457050192217
2.843375,0.00522167987807534
2.8435,5.27420944346095e-15
2.843625,-0.00522167987804889
2.84375,-0.00738457050192217
2.843875,-0.00522167987806412
2.844,-1.62676896742727e-14
2.844125,0.00522167987804112
2.84425,0.00738457050192217
2.844375,0.00522167987807189
2.8445,3.96258919616929e-16
2.844625,-0.00522167987805234
2.84475,-0.00738457050192217
2.844875,-0.00522167987806067
2.845,-1.13897391504286e-14
2.845125,0.00522167987804456
2.84525,0.00738457050192217
2.845375,0.00522167987806845
2.8455,2.23832193812404e-14
2.845625,-0.00522167987805579
2.84575,-0.00738457050192217
2.845875,-0.00522167987807622
2.846,-6.51178862658462e-15
2.846125,0.00522167987804801
2.84625,0.00738457050192217
2.846375,0.005221679878065
2.8465,1.75052688573963e-14
2.846625,-0.00522167987804024
2.84675,-0.00738457050192217
2.846875,-0.00522167987807277
2.847,-1.6338381027406e-15
2.847125,0.00522167987805146
2.84725,0.00738457050192217
2.847375,0.00522167987806155
2.8475,1.26273183335523e-14
2.847625,-0.00522167987804369
2.84775,-0.00738457050192217
2.847875,-0.00522167987806932
2.848,-2.3620798564364e-14
2.848125,0.00522167987805491
2.84825,0.00738457050192217
2.848375,0.00522167987807709
2.8485,7.74936780970829e-15
2.848625,-0.00522167987804714
2.84875,-0.00738457050192217
2.848875,-0.00522167987806587
2.849,8.12206294494745e-15
2.849125,0.00522167987803937
2.84925,0.00738457050192217
2.849375,0.00522167987805465
2.8495,2.97363282713317e-14
2.849625,-0.00522167987805059
2.84975,-0.00738457050192217
2.849875,-0.00522167987806242
2.85,-1.3864897516676e-14
2.850125,0.00522167987804281
2.85025,0.00738457050192217
2.850375,0.0052216798780702
2.8505,2.48583777474877e-14
2.850625,-0.00522167987805404
2.85075,-0.00738457050192217
2.850875,-0.00522167987807797
2.851,-8.98694699283196e-15
2.851125,0.00522167987804626
2.85125,0.00738457050192217
2.851375,0.00522167987806675
2.8515,1.99804272236437e-14
2.851625,-0.00522167987803849
2.85175,-0.00738457050192217
2.851875,-0.00522167987805552
2.852,-3.09739074544554e-14
2.852125,0.00522167987804971
2.85225,0.00738457050192217
2.852375,0.0052216798780633
2.8525,1.51024766997997e-14
2.852625,-0.00522167987806094
2.85275,-0.00738457050192217
2.852875,-0.00522167987807107
2.853,7.68954054856084e-16
2.853125,0.00522167987805316
2.85325,0.00738457050192217
2.853375,0.00522167987805985
2.8535,1.02245261759556e-14
2.853625,-0.00522167987804539
2.85375,-0.00738457050192217
2.853875,-0.00522167987806762
2.854,-2.12180064067673e-14
2.854125,0.00522167987803762
2.85425,0.00738457050192217
2.854375,0.0052216798780564
2.8545,3.22114866375791e-14
2.854625,-0.00522167987804884
2.85475,-0.00738457050192217
2.854875,-0.00522167987808317
2.855,-1.63400558829233e-14
2.855125,0.00522167987806006
2.85525,0.00738457050192217
2.855375,0.00522167987807195
2.8555,4.68625128267585e-16
2.855625,-0.00522167987805229
2.85575,-0.00738457050192217
2.855875,-0.00522167987806072
2.856,-1.14621053590793e-14
2.856125,0.00522167987804451
2.85625,0.00738457050192217
2.856375,0.0052216798780685
2.8565,2.2455585589891e-14
2.856625,-0.00522167987805574
2.85675,-0.00738457050192217
2.856875,-0.00522167987807627
2.857,-6.58415483523528e-15
2.857125,0.00522167987804796
2.85725,0.00738457050192217
2.857375,0.00522167987806505
2.8575,1.7577635066047e-14
2.857625,-0.00522167987805919
2.85775,-0.00738457050192217
2.857875,-0.00522167987807282
2.858,-1.70620431139126e-15
2.858125,0.00522167987805141
2.85825,0.00738457050192217
2.858375,0.0052216798780616
2.8585,1.2699684542203e-14
2.858625,-0.00522167987804364
2.85875,-0.00738457050192217
2.858875,-0.00522167987806937
2.859,-2.36931647730147e-14
2.859125,0.00522167987805486
2.85925,0.00738457050192217
2.859375,0.00522167987807714
2.8595,7.82173401835895e-15
2.859625,-0.00522167987804709
2.85975,-0.00738457050192217
2.859875,-0.00522167987806592
2.86,-1.88152142491707e-14
2.860125,0.00522167987805831
2.86025,0.00738457050192217
2.860375,0.0052216798780737
2.8605,2.94378349451493e-15
2.860625,-0.00522167987805054
2.86075,-0.00738457050192217
2.860875,-0.00522167987806247
2.861,-1.39372637253266e-14
2.861125,0.00522167987804276
2.86125,0.00738457050192217
2.861375,0.00522167987807025
2.8615,2.49307439561384e-14
2.861625,-0.00522167987805399
2.86175,-0.00738457050192217
2.861875,-0.00522167987807802
2.862,-9.05931320148262e-15
2.862125,0.00522167987804621
2.86225,0.00738457050192217
2.862375,0.0052216798780668
2.8625,2.00527934322943e-14
2.862625,-0.00522167987805743
2.86275,-0.00738457050192217
2.862875,-0.00522167987807457
2.863,-4.18136267763859e-15
2.863125,0.00522167987804966
2.86325,0.00738457050192217
2.863375,0.00522167987806335
2.8635,1.51748429084503e-14
2.863625,-0.00522167987804189
2.86375,-0.00738457050192217
2.863875,-0.00522167987807112
2.864,-2.6168323139262e-14
2.864125,0.00522167987805311
2.86425,0.00738457050192217
2.864375,0.0052216798780789
2.8645,1.02968923846063e-14
2.864625,-0.00522167987806433
2.86475,-0.00738457050192217
2.864875,-0.00522167987806767
2.865,5.57453837004945e-15
2.865125,0.00522167987805656
2.86525,0.00738457050192217
2.865375,0.00522167987807545
2.8655,5.41894186076226e-15
2.865625,-0.00522167987804879
2.86575,-0.00738457050192217
2.865875,-0.00522167987806422
2.866,-1.6412422091574e-14
2.866125,0.00522167987804101
2.86625,0.00738457050192217
2.866375,0.005221679878072
2.8665,2.74059023223857e-14
2.866625,-0.00522167987805224
2.86675,-0.00738457050192217
2.866875,-0.00522167987807977
2.867,-1.153447156773e-14
2.867125,0.00522167987806346
2.86725,0.00738457050192217
2.867375,0.00522167987806855
2.8675,-4.33695918692578e-15
2.867625,-0.00522167987803669
2.86775,-0.00738457050192217
2.867875,-0.00522167987805733
2.868,-6.65652104388593e-15
2.868125,0.00522167987804791
2.86825,0.00738457050192217
2.868375,0.0052216798780651
2.8685,1.76500012746976e-14
2.868625,-0.00522167987805913
2.86875,-0.00738457050192217
2.868875,-0.00522167987807287
2.869,-1.77857052004191e-15
2.869125,0.00522167987805136
2.86925,0.00738457050192217
2.869375,0.00522167987808065
2.8695,1.27720507508536e-14
2.869625,-0.00522167987804359
2.86975,-0.00738457050192217
2.869875,-0.00522167987806942
2.87,3.09938000380211e-15
2.870125,0.00522167987803581
2.87025,0.00738457050192217
2.870375,0.0052216798780582
2.8705,3.47590112124771e-14
2.870625,-0.00522167987804704
2.87075,-0.00738457050192217
2.870875,-0.00522167987806597
2.871,-1.88875804578213e-14
2.871125,0.00522167987805826
2.87125,0.00738457050192217
2.871375,0.00522167987807375
2.8715,3.01614970316558e-15
2.871625,-0.00522167987805049
2.87175,-0.00738457050192217
2.871875,-0.00522167987806252
2.872,-1.40096299339773e-14
2.872125,0.00522167987804271
2.87225,0.00738457050192217
2.872375,0.0052216798780703
2.8725,-1.86180082067844e-15
2.872625,-0.00522167987805394
2.87275,-0.00738457050192217
2.872875,-0.00522167987805908
2.873,-9.13167941013328e-15
2.873125,0.00522167987804616
2.87325,0.00738457050192217
2.873375,0.00522167987806685
2.8735,2.0125159640945e-14
2.873625,-0.00522167987805738
2.87375,-0.00738457050192217
2.873875,-0.00522167987807462
2.874,-4.25372888628925e-15
2.874125,0.00522167987804961
2.87425,0.00738457050192217
2.874375,0.0052216798780634
2.8745,1.5247209117101e-14
2.874625,-0.00522167987804184
2.87475,-0.00738457050192217
2.874875,-0.00522167987807117
2.875,-2.62406893479127e-14
2.875125,0.00522167987805306
2.87525,0.00738457050192217
2.875375,0.00522167987805995
2.8755,1.03692585932569e-14
2.875625,-0.00522167987804529
2.87575,-0.00738457050192217
2.875875,-0.00522167987806772
2.876,-2.13627388240687e-14
2.876125,0.00522167987805651
2.87625,0.00738457050192217
2.876375,0.0052216798780755
2.8765,5.49130806941292e-15
2.876625,-0.00522167987804874
2.87675,-0.00738457050192217
2.876875,-0.00522167987806427
2.877,-1.64847883002246e-14
2.877125,0.00522167987804096
2.87725,0.00738457050192217
2.877375,0.00522167987807205
2.8775,2.74782685310364e-14
2.877625,-0.00522167987805218
2.87775,-0.00738457050192217
2.877875,-0.00522167987806083
2.878,-1.16068377763806e-14
2.878125,0.00522167987804441
2.87825,0.00738457050192217
2.878375,0.0052216798780686
2.8785,2.26003180071923e-14
2.878625,-0.00522167987805563
2.87875,-0.00738457050192217
2.878875,-0.00522167987807637
2.879,-6.72888725253659e-15
2.879125,0.00522167987804786
2.87925,0.00738457050192217
2.879375,0.00522167987806515
2.8795,1.77223674833483e-14
2.879625,-0.00522167987804009
2.87975,-0.00738457050192217
2.879875,-0.00522167987805393
2.88,-2.871584771416e-14
2.880125,0.00522167987805131
2.88025,0.00738457050192217
2.880375,0.0052216798780807
2.8805,1.28444169595043e-14
2.880625,-0.00522167987806253
2.88075,-0.00738457050192217
2.880875,-0.00522167987806947
2.881,-2.3837897190316e-14
2.881125,0.00522167987805476
2.88125,0.00738457050192217
2.881375,0.00522167987807725
2.8815,7.96646643566026e-15
2.881625,-0.00522167987804699
2.88175,-0.00738457050192217
2.881875,-0.00522167987806602
2.882,-1.8959946666472e-14
2.882125,0.00522167987803921
2.88225,0.00738457050192217
2.882375,0.0052216798780738
2.8825,2.99534268972837e-14
2.882625,-0.00522167987805043
2.88275,-0.00738457050192217
2.882875,-0.00522167987808157
2.883,-1.4081996142628e-14
2.883125,0.00522167987806166
2.88325,0.00738457050192217
2.883375,0.00522167987807035
2.8835,-1.78943461202779e-15
2.883625,-0.00522167987805388
2.88375,-0.00738457050192217
2.883875,-0.00522167987805913
2.884,-9.20404561878393e-15
2.884125,0.00522167987804611
2.88425,0.00738457050192217
2.884375,0.0052216798780669
2.8845,2.01975258495956e-14
2.884625,-0.00522167987805733
2.88475,-0.00738457050192217
2.884875,-0.00522167987807467
2.885,-3.11910060804074e-14
2.885125,0.00522167987804956
2.88525,0.00738457050192217
2.885375,0.00522167987808245
2.8855,1.53195753257516e-14
2.885625,-0.00522167987806078
2.88575,-0.00738457050192217
2.885875,-0.00522167987807122
2.886,5.51855428904115e-16
2.886125,0.00522167987805301
2.88625,0.00738457050192217
2.886375,0.00522167987806
2.8865,1.04416248019076e-14
2.886625,-0.00522167987804523
2.88675,-0.00738457050192217
2.886875,-0.00522167987806778
2.887,-2.14351050327193e-14
2.887125,0.00522167987805646
2.88725,0.00738457050192217
2.887375,0.00522167987807555
2.8875,5.56367427806358e-15
2.887625,-0.00522167987804868
2.88775,-0.00738457050192217
2.887875,-0.00522167987806433
2.888,-1.65571545088753e-14
2.888125,0.00522167987805991
2.88825,0.00738457050192217
2.888375,0.0052216798780721
2.8885,6.85723754219555e-16
2.888625,-0.00522167987805213
2.88875,-0.00738457050192217
2.888875,-0.00522167987806088
2.889,-1.16792039850313e-14
2.889125,0.00522167987804436
2.88925,0.00738457050192217
2.889375,0.00522167987806865
2.8895,2.2672684215843e-14
2.889625,-0.00522167987805558
2.88975,-0.00738457050192217
2.889875,-0.00522167987807642
2.89,-6.80125346118725e-15
2.890125,0.00522167987804781
2.89025,0.00738457050192217
2.890375,0.0052216798780652
2.8905,1.7794733691999e-14
2.890625,-0.00522167987805903
2.89075,-0.00738457050192217
2.890875,-0.00522167987807297
2.891,-1.92330293734322e-15
2.891125,0.00522167987805126
2.89125,0.00738457050192217
2.891375,0.00522167987806175
2.8915,1.29167831681549e-14
2.891625,-0.00522167987804348
2.89175,-0.00738457050192217
2.891875,-0.00522167987806953
2.892,-2.39102633989667e-14
2.892125,0.00522167987805471
2.89225,0.00738457050192217
2.892375,0.0052216798780773
2.8925,8.03883264431092e-15
2.892625,-0.00522167987804693
2.89275,-0.00738457050192217
2.892875,-0.00522167987806608
2.893,-1.90323128751226e-14
2.893125,0.00522167987803916
2.89325,0.00738457050192217
2.893375,0.00522167987807385
2.8935,3.16088212046689e-15
2.893625,-0.00522167987805038
2.89375,-0.00738457050192217
2.893875,-0.00522167987806263
2.894,-1.41543623512786e-14
2.894125,0.00522167987804261
2.89425,0.00738457050192217
2.894375,0.0052216798780704
2.8945,2.51478425820903e-14
2.894625,-0.00522167987805383
2.89475,-0.00738457050192217
2.894875,-0.00522167987807817
2.895,-9.27641182743459e-15
2.895125,0.00522167987804606
2.89525,0.00738457050192217
2.895375,0.00522167987806695
2.8955,-6.59501892722115e-15
2.895625,-0.00522167987803829
2.89575,-0.00738457050192217
2.895875,-0.00522167987805573
2.896,-3.1263372289058e-14
2.896125,0.00522167987804951
2.89625,0.00738457050192217
2.896375,0.0052216798780635
2.8965,1.53919415344023e-14
2.896625,-0.00522167987804173
2.89675,-0.00738457050192217
2.896875,-0.00522167987807128
2.897,-2.6385421765214e-14
2.897125,0.00522167987805296
2.89725,0.00738457050192217
2.897375,0.00522167987807905
2.8975,1.05139910105583e-14
2.897625,-0.00522167987804518
2.89775,-0.00738457050192217
2.897875,-0.00522167987806783
2.898,5.35743974409748e-15
2.898125,0.00522167987803741
2.89825,0.00738457050192217
2.898375,0.0052216798780566
2.8985,3.25009514721817e-14
2.898625,-0.00522167987804863
2.89875,-0.00738457050192217
2.898875,-0.00522167987806438
2.899,-1.66295207175259e-14
2.899125,0.00522167987805986
2.89925,0.00738457050192217
2.899375,0.00522167987807215
2.8995,7.58089962870211e-16
2.899625,-0.00522167987805208
2.89975,-0.00738457050192217
2.899875,-0.00522167987806093
2.9,-1.17515701936819e-14
2.900125,0.00522167987804431
2.90025,0.00738457050192217
2.900375,0.0052216798780687
2.9005,2.27450504244936e-14
2.900625,-0.00522167987803653
2.90075,-0.00738457050192217
2.900875,-0.00522167987805748
2.901,-3.37385306553054e-14
2.901125,0.00522167987804776
2.90125,0.00738457050192217
2.901375,0.00522167987808425
2.9015,1.78670999006496e-14
2.901625,-0.00522167987805898
2.90175,-0.00738457050192217
2.901875,-0.00522167987807303
2.902,-1.99566914599388e-15
2.902125,0.00522167987805121
2.90225,0.00738457050192217
2.902375,0.0052216798780618
2.9025,1.29891493768056e-14
2.902625,-0.00522167987804343
2.90275,-0.00738457050192217
2.902875,-0.00522167987806958
2.903,-2.39826296076173e-14
2.903125,0.00522167987805466
2.90325,0.00738457050192217
2.903375,0.00522167987805835
2.9035,8.11119885296157e-15
2.903625,-0.00522167987804688
2.90375,-0.00738457050192217
2.903875,-0.00522167987806613
2.904,-1.91046790837733e-14
2.904125,0.00522167987805811
2.90425,0.00738457050192217
2.904375,0.0052216798780739
2.9045,3.23324832911755e-15
2.904625,-0.00522167987805033
2.90475,-0.00738457050192217
2.904875,-0.00522167987806268
2.905,-1.42267285599293e-14
2.905125,0.00522167987804256
2.90525,0.00738457050192217
2.905375,0.00522167987807045
2.9055,2.5220208790741e-14
2.905625,-0.00522167987805378
2.90575,-0.00738457050192217
2.905875,-0.00522167987807822
2.906,-9.34877803608524e-15
2.906125,0.00522167987804601
2.90625,0.00738457050192217
2.906375,0.005221679878067
2.9065,2.0342258266897e-14
2.906625,-0.00522167987805723
2.90675,-0.00738457050192217
2.906875,-0.00522167987807478
2.907,-4.47082751224122e-15
2.907125,0.00522167987804946
2.90725,0.00738457050192217
2.907375,0.00522167987806355
2.9075,1.54643077430529e-14
2.907625,-0.00522167987804168
2.90775,-0.00738457050192217
2.907875,-0.00522167987807133
2.908,-2.64577879738647e-14
2.908125,0.00522167987805291
2.90825,0.00738457050192217
2.908375,0.0052216798780791
2.9085,1.05863572192089e-14
2.908625,-0.00522167987804513
2.90875,-0.00738457050192217
2.908875,-0.00522167987806788
2.909,-2.15798374500206e-14
2.909125,0.00522167987805635
2.90925,0.00738457050192217
2.909375,0.00522167987807565
2.9095,5.70840669536489e-15
2.909625,-0.00522167987804858
2.90975,-0.00738457050192217
2.909875,-0.00522167987806443
2.91,-1.67018869261766e-14
2.910125,0.00522167987804081
2.91025,0.00738457050192217
2.910375,0.0052216798780722
2.9105,2.76953671569883e-14
2.910625,-0.00522167987805203
2.91075,-0.00738457050192217
2.910875,-0.00522167987807997
2.911,-1.18239364023326e-14
2.911125,0.00522167987806325
2.91125,0.00738457050192217
2.911375,0.00522167987806875
2.9115,-4.04749435232316e-15
2.911625,-0.00522167987805548
2.91175,-0.00738457050192217
2.911875,-0.00522167987805753
2.912,-6.94598587848856e-15
2.912125,0.00522167987804771
2.91225,0.00738457050192217
2.912375,0.0052216798780653
2.9125,1.79394661093003e-14
2.912625,-0.00522167987803993
2.91275,-0.00738457050192217
2.912875,-0.00522167987807308
2.913,-2.8932946340112e-14
2.913125,0.00522167987805116
2.91325,0.00738457050192217
2.913375,0.00522167987808085
2.9135,1.30615155854563e-14
2.913625,-0.00522167987806238
2.91375,-0.00738457050192217
2.913875,-0.00522167987806963
2.914,2.80991516919949e-15
2.914125,0.00522167987803561
2.91425,0.00738457050192217
2.914375,0.00522167987805841
2.9145,8.18356506161223e-15
2.914625,-0.00522167987804683
2.91475,-0.00738457050192217
2.914875,-0.00522167987806618
2.915,-1.91770452924239e-14
2.915125,0.00522167987805805
2.91525,0.00738457050192217
2.915375,0.00522167987807395
2.9155,3.30561453776821e-15
2.915625,-0.00522167987805028
2.91575,-0.00738457050192217
2.915875,-0.00522167987806273
2.916,-1.42990947685799e-14
2.916125,0.0052216798780615
2.91625,0.00738457050192217
2.916375,0.0052216798780705
2.9165,-1.57233598607582e-15
2.916625,-0.00522167987803473
2.91675,-0.00738457050192217
2.916875,-0.00522167987805928
2.917,-9.4211442447359e-15
2.917125,0.00522167987804596
2.91725,0.00738457050192217
2.917375,0.00522167987806705
2.9175,2.04146244755476e-14
2.917625,-0.00522167987805718
2.91775,-0.00738457050192217
2.917875,-0.00522167987807483
2.918,-4.54319372089188e-15
2.918125,0.00522167987804941
2.91825,0.00738457050192217
2.918375,0.0052216798780636
2.9185,1.55366739517036e-14
2.918625,-0.00522167987804163
2.91875,-0.00738457050192217
2.918875,-0.00522167987807138
2.919,3.34756802952146e-16
2.919125,0.00522167987805285
2.91925,0.00738457050192217
2.919375,0.00522167987806015
2.9195,1.06587234278596e-14
2.919625,-0.00522167987804508
2.91975,-0.00738457050192217
2.919875,-0.00522167987806793
2.92,-2.16522036586713e-14
2.920125,0.0052216798780563
2.92025,0.00738457050192217
2.920375,0.0052216798780757
2.9205,5.78077290401555e-15
2.920625,-0.00522167987804853
2.92075,-0.00738457050192217
2.920875,-0.00522167987806448
2.921,-1.67742531348273e-14
2.921125,0.00522167987804076
2.92125,0.00738457050192217
2.921375,0.00522167987807225
2.9215,2.7767733365639e-14
2.921625,-0.00522167987805198
2.92175,-0.00738457050192217
2.921875,-0.00522167987806103
2.922,-1.18963026109832e-14
2.922125,0.00522167987804421
2.92225,0.00738457050192217
2.922375,0.0052216798780688
2.9225,2.2889782841795e-14
2.922625,-0.00522167987805543
2.92275,-0.00738457050192217
2.922875,-0.00522167987807658
2.923,-7.01835208713922e-15
2.923125,0.00522167987804766
2.92325,0.00738457050192217
2.923375,0.00522167987806535
2.9235,-8.85307866751652e-15
2.923625,-0.00522167987803988
2.92375,-0.00738457050192217
2.923875,-0.00522167987807313
2.924,-2.90053125487626e-14
2.924125,0.0052216798780511
2.92425,0.00738457050192217
2.924375,0.00522167987806191
2.9245,1.31338817941069e-14
2.924625,-0.00522167987804333
2.92475,-0.00738457050192217
2.924875,-0.00522167987806968
2.925,-2.41273620249186e-14
2.925125,0.00522167987805455
2.92525,0.00738457050192217
2.925375,0.00522167987807745
2.9255,8.25593127026289e-15
2.925625,-0.00522167987804678
2.92575,-0.00738457050192217
2.925875,-0.00522167987806623
2.926,-1.92494115010746e-14
2.926125,0.00522167987803901
2.92625,0.00738457050192217
2.926375,0.00522167987805501
2.9265,3.02428917318863e-14
2.926625,-0.00522167987805023
2.92675,-0.00738457050192217
2.926875,-0.00522167987808178
2.927,-1.43714609772306e-14
2.927125,0.00522167987806145
2.92725,0.00738457050192217
2.927375,0.00522167987807055
2.9275,-1.49996977742516e-15
2.927625,-0.00522167987805368
2.92775,-0.00738457050192217
2.927875,-0.00522167987807833
2.928,-9.49351045338656e-15
2.928125,0.00522167987804591
2.92825,0.00738457050192217
2.928375,0.0052216798780671
2.9285,2.04869906841983e-14
2.928625,-0.00522167987803813
2.92875,-0.00738457050192217
2.928875,-0.00522167987805588
2.929,-3.148047091501e-14
2.929125,0.00522167987804935
2.92925,0.00738457050192217
2.929375,0.00522167987808265
2.9295,1.56090401603543e-14
2.929625,-0.00522167987806058
2.92975,-0.00738457050192217
2.929875,-0.00522167987807143
2.93,2.6239059430149e-16
2.930125,0.0052216798780528
2.93025,0.00738457050192217
2.930375,0.00522167987806021
2.9305,1.07310896365102e-14
2.930625,-0.00522167987804503
2.93075,-0.00738457050192217
2.930875,-0.00522167987806798
2.931,-2.17245698673219e-14
2.931125,0.00522167987805625
2.93125,0.00738457050192217
2.931375,0.00522167987807575
2.9315,5.8531391126662e-15
2.931625,-0.00522167987804848
2.93175,-0.00738457050192217
2.931875,-0.00522167987808353
2.932,-1.68466193434779e-14
2.932125,0.0052216798780597
2.93225,0.00738457050192217
2.932375,0.0052216798780723
2.9325,9.7518858882218e-16
2.932625,-0.00522167987805193
2.93275,-0.00738457050192217
2.932875,-0.00522167987806108
2.933,-1.19686688196339e-14
2.933125,0.00522167987804416
2.93325,0.00738457050192217
2.933375,0.00522167987806885
2.9335,2.29621490504456e-14
2.933625,-0.00522167987805538
2.93375,-0.00738457050192217
2.933875,-0.00522167987807663
2.934,-7.09071829578987e-15
2.934125,0.0052216798780476
2.93425,0.00738457050192217
2.934375,0.00522167987806541
2.9345,1.80841985266016e-14
2.934625,-0.00522167987805883
2.93475,-0.00738457050192217
2.934875,-0.00522167987807318
2.935,-2.21276777194585e-15
2.935125,0.00522167987805105
2.93525,0.00738457050192217
2.935375,0.00522167987806196
2.9355,1.32062480027576e-14
2.935625,-0.00522167987804328
2.93575,-0.00738457050192217
2.935875,-0.00522167987806973
2.936,-2.41997282335693e-14
2.936125,0.0052216798780545
2.93625,0.00738457050192217
2.936375,0.0052216798780775
2.9365,8.32829747891354e-15
2.936625,-0.00522167987804673
2.93675,-0.00738457050192217
2.936875,-0.00522167987806628
2.937,-1.93217777097253e-14
2.937125,0.00522167987805795
2.93725,0.00738457050192217
2.937375,0.00522167987807405
2.9375,3.45034695506952e-15
2.937625,-0.00522167987805018
2.93775,-0.00738457050192217
2.937875,-0.00522167987806283
2.938,-1.44438271858812e-14
2.938125,0.00522167987804241
2.93825,0.00738457050192217
2.938375,0.0052216798780706
2.9385,2.5437307416693e-14
2.938625,-0.00522167987805363
2.93875,-0.00738457050192217
2.938875,-0.00522167987807838
2.939,-9.56587666203721e-15
2.939125,0.00522167987806485
2.93925,0.00738457050192217
2.939375,0.00522167987806716
2.9395,2.05593568928489e-14
2.939625,-0.00522167987803808
2.93975,-0.00738457050192217
2.939875,-0.00522167987807493
2.94,-4.68792613819319e-15
2.940125,0.0052216798780493
2.94025,0.00738457050192217
2.940375,0.00522167987806371
2.9405,1.56814063690049e-14
2.940625,-0.00522167987804153
2.94075,-0.00738457050192217
2.940875,-0.00522167987807148
2.941,-2.66748865998166e-14
2.941125,0.00522167987805275
2.94125,0.00738457050192217
2.941375,0.00522167987807925
2.9415,1.08034558451609e-14
2.941625,-0.00522167987806397
2.94175,-0.00738457050192217
2.941875,-0.00522167987806803
2.942,5.06797490949486e-15
2.942125,0.00522167987803721
2.94225,0.00738457050192217
2.942375,0.00522167987805681
2.9425,5.92550532131686e-15
2.942625,-0.00522167987804843
2.94275,-0.00738457050192217
2.942875,-0.00522167987806458
2.943,-1.69189855521286e-14
2.943125,0.00522167987805965
2.94325,0.00738457050192217
2.943375,0.00522167987807236
2.9435,2.79124657829403e-14
2.943625,-0.00522167987805188
2.94375,-0.00738457050192217
2.943875,-0.00522167987808013
2.944,-1.20410350282846e-14
2.944125,0.0052216798780441
2.94425,0.00738457050192217
2.944375,0.00522167987806891
2.9445,-3.83039572637119e-15
2.944625,-0.00522167987803633
2.94475,-0.00738457050192217
2.944875,-0.00522167987805768
2.945,-3.4027995489908e-14
2.945125,0.00522167987804755
2.94525,0.00738457050192217
2.945375,0.00522167987806546
2.9455,1.81565647352522e-14
2.945625,-0.00522167987805878
2.94575,-0.00738457050192217
2.945875,-0.00522167987807323
2.946,-2.28513398059651e-15
2.946125,0.005221679878051
2.94625,0.00738457050192217
2.946375,0.00522167987806201
2.9465,1.32786142114082e-14
2.946625,-0.00522167987804323
2.94675,-0.00738457050192217
2.946875,-0.00522167987806978
2.947,-2.42720944422199e-14
2.947125,0.00522167987805445
2.94725,0.00738457050192217
2.947375,0.00522167987805856
2.9475,3.52655746730317e-14
2.947625,-0.00522167987804668
2.94775,-0.00738457050192217
2.947875,-0.00522167987806633
2.948,-1.93941439183759e-14
2.948125,0.0052216798780579
2.94825,0.00738457050192217
2.948375,0.00522167987807411
2.9485,3.52271316372018e-15
2.948625,-0.00522167987805013
2.94875,-0.00738457050192217
2.948875,-0.00522167987806288
2.949,-1.45161933945319e-14
2.949125,0.00522167987804235
2.94925,0.00738457050192217
2.949375,0.00522167987807066
2.9495,2.55096736253436e-14
2.949625,-0.00522167987805358
2.94975,-0.00738457050192217
2.949875,-0.00522167987805943
2.95,-9.63824287068787e-15
2.950125,0.0052216798780458
2.95025,0.00738457050192217
2.950375,0.00522167987806721
2.9505,2.06317231014996e-14
2.950625,-0.00522167987805703
2.95075,-0.00738457050192217
2.950875,-0.00522167987807498
2.951,-4.76029234684385e-15
2.951125,0.00522167987804925
2.95125,0.00738457050192217
2.951375,0.00522167987806376
2.9515,1.57537725776556e-14
2.951625,-0.00522167987804148
2.95175,-0.00738457050192217
2.951875,-0.00522167987807153
2.952,-2.67472528084673e-14
2.952125,0.0052216798780527
2.95225,0.00738457050192217
2.952375,0.0052216798780793
2.9525,1.08758220538115e-14
2.952625,-0.00522167987804493
2.95275,-0.00738457050192217
2.952875,-0.00522167987806808
2.953,-2.18693022846233e-14
2.953125,0.00522167987805615
2.95325,0.00738457050192217
2.953375,0.00522167987807586
2.9535,5.99787152996752e-15
2.953625,-0.00522167987804838
2.95375,-0.00738457050192217
2.953875,-0.00522167987806463
2.954,-1.69913517607792e-14
2.954125,0.0052216798780406
2.95425,0.00738457050192217
2.954375,0.00522167987805341
2.9545,2.79848319915909e-14
2.954625,-0.00522167987805183
2.95475,-0.00738457050192217
2.954875,-0.00522167987808018
2.955,-1.21134012369352e-14
2.955125,0.00522167987804405
2.95525,0.00738457050192217
2.955375,0.00522167987806896
2.9555,2.31068814677469e-14
2.955625,-0.00522167987805528
2.95575,-0.00738457050192217
2.955875,-0.00522167987807673
2.956,-7.23545071309119e-15
2.956125,0.0052216798780475
2.95625,0.00738457050192217
2.956375,0.00522167987806551
2.9565,1.82289309439029e-14
2.956625,-0.00522167987803973
2.95675,-0.00738457050192217
2.956875,-0.00522167987807328
2.957,-2.92224111747146e-14
2.957125,0.00522167987805095
2.95725,0.00738457050192217
2.957375,0.00522167987808105
2.9575,1.33509804200589e-14
2.957625,-0.00522167987806217
2.95775,-0.00738457050192217
2.957875,-0.00522167987806983
2.958,2.52045033459686e-15
2.958125,0.0052216798780544
2.95825,0.00738457050192217
2.958375,0.00522167987805861
2.9585,8.47302989621486e-15
2.958625,-0.00522167987804663
2.95875,-0.00738457050192217
2.958875,-0.00522167987806638
2.959,-1.94665101270266e-14
2.959125,0.00522167987803885
2.95925,0.00738457050192217
2.959375,0.00522167987807416
2.9595,3.04599903578383e-14
2.959625,-0.00522167987805008
2.95975,-0.00738457050192217
2.959875,-0.00522167987808193
2.96,-1.45885596031825e-14
2.960125,0.0052216798780613
2.96025,0.00738457050192217
2.960375,0.00522167987807071
2.9605,-1.28287115147319e-15
2.960625,-0.00522167987805353
2.96075,-0.00738457050192217
2.960875,-0.00522167987805948
2.961,-9.71060907933853e-15
2.961125,0.00522167987804575
2.96125,0.00738457050192217
2.961375,0.00522167987806726
2.9615,2.07040893101502e-14
2.961625,-0.00522167987805697
2.96175,-0.00738457050192217
2.961875,-0.00522167987807503
2.962,-4.8326585554945e-15
2.962125,0.0052216798780492
2.96225,0.00738457050192217
2.962375,0.00522167987806381
2.9625,1.58261387863062e-14
2.962625,-0.00522167987806042
2.96275,-0.00738457050192217
2.962875,-0.00522167987807158
2.963,4.52919683495204e-17
2.963125,0.00522167987803365
2.96325,0.00738457050192217
2.963375,0.00522167987806036
2.9635,1.09481882624622e-14
2.963625,-0.00522167987804488
2.96375,-0.00738457050192217
2.963875,-0.00522167987806813
2.964,-2.19416684932739e-14
2.964125,0.0052216798780561
2.96425,0.00738457050192217
2.964375,0.00522167987807591
2.9645,6.07023773861817e-15
2.964625,-0.00522167987804833
2.96475,-0.00738457050192217
2.964875,-0.00522167987806468
2.965,-1.70637179694299e-14
2.965125,0.00522167987804055
2.96525,0.00738457050192217
2.965375,0.00522167987807246
2.9655,1.19228721477415e-15
2.965625,-0.00522167987805178
2.96575,-0.00738457050192217
2.965875,-0.00522167987806123
2.966,-1.21857674455859e-14
2.966125,0.005221679878044
2.96625,0.00738457050192217
2.966375,0.00522167987806901
2.9665,2.31792476763976e-14
2.966625,-0.00522167987805522
2.96675,-0.00738457050192217
2.966875,-0.00522167987807678
2.967,-7.30781692174184e-15
2.967125,0.00522167987804745
2.96725,0.00738457050192217
2.967375,0.00522167987806556
2.9675,1.83012971525536e-14
2.967625,-0.00522167987803968
2.96775,-0.00738457050192217
2.967875,-0.00522167987807333
2.968,-2.42986639789782e-15
2.968125,0.0052216798780509
2.96825,0.00738457050192217
2.968375,0.00522167987806211
2.9685,1.34233466287095e-14
2.968625,-0.00522167987804313
2.96875,-0.00738457050192217
2.968875,-0.00522167987806988
2.969,-2.44168268595212e-14
2.969125,0.00522167987805435
2.96925,0.00738457050192217
2.969375,0.00522167987807766
2.9695,8.54539610486551e-15
2.969625,-0.00522167987804658
2.96975,-0.00738457050192217
2.969875,-0.00522167987806643
2.97,7.32603464979023e-15
2.970125,0.0052216798780388
2.97025,0.00738457050192217
2.970375,0.00522167987805521
2.9705,3.05323565664889e-14
2.970625,-0.00522167987805002
2.97075,-0.00738457050192217
2.970875,-0.00522167987806299
2.971,-1.46609258118332e-14
2.971125,0.00522167987804225
2.97125,0.00738457050192217
2.971375,0.00522167987807076
2.9715,2.56544060426449e-14
2.971625,-0.00522167987805347
2.97175,-0.00738457050192217
2.971875,-0.00522167987807853
2.972,-9.78297528798918e-15
2.972125,0.0052216798780457
2.97225,0.00738457050192217
2.972375,0.00522167987806731
2.9725,2.07764555188009e-14
2.972625,-0.00522167987803793
2.97275,-0.00738457050192217
2.972875,-0.00522167987805609
2.973,-3.17699357496126e-14
2.973125,0.00522167987804915
2.97325,0.00738457050192217
2.973375,0.00522167987806386
2.9735,1.58985049949569e-14
2.973625,-0.00522167987806037
2.97375,-0.00738457050192217
2.973875,-0.00522167987807163
2.974,-2.7074240301136e-17
2.974125,0.0052216798780526
2.97425,0.00738457050192217
2.974375,0.00522167987806041
2.9745,1.10205544711129e-14
2.974625,-0.00522167987804483
2.97475,-0.00738457050192217
2.974875,-0.00522167987806818
2.975,-2.20140347019246e-14
2.975125,0.00522167987803705
2.97525,0.00738457050192217
2.975375,0.00522167987805696
2.9755,3.30075149327363e-14
2.975625,-0.00522167987804827
2.97575,-0.00738457050192217
2.975875,-0.00522167987808373
2.976,-1.71360841780805e-14
2.976125,0.0052216798780595
2.97625,0.00738457050192217
2.976375,0.00522167987807251
2.9765,1.26465342342481e-15
2.976625,-0.00522167987805172
2.97675,-0.00738457050192217
2.976875,-0.00522167987806129
2.977,-1.22581336542365e-14
2.977125,0.00522167987804395
2.97725,0.00738457050192217
2.977375,0.00522167987806906
2.9775,2.32516138850482e-14
2.977625,-0.00522167987805517
2.97775,-0.00738457050192217
2.977875,-0.00522167987807683
2.978,-7.3801831303925e-15
2.978125,0.0052216798780474
2.97825,0.00738457050192217
2.978375,0.00522167987806561
2.9785,1.83736633612042e-14
2.978625,-0.00522167987805862
2.97875,-0.00738457050192217
2.978875,-0.00522167987807338
2.979,-2.50223260654848e-15
2.979125,0.00522167987805085
2.97925,0.00738457050192217
2.979375,0.00522167987806216
2.9795,1.34957128373602e-14
2.979625,-0.00522167987804308
2.97975,-0.00738457050192217
2.979875,-0.00522167987806993
2.98,-2.44891930681719e-14
2.980125,0.0052216798780543
2.98025,0.00738457050192217
2.980375,0.00522167987807771
2.9805,8.61776231351617e-15
2.980625,-0.00522167987804652
2.98075,-0.00738457050192217
2.980875,-0.00522167987806649
2.981,-1.96112425443279e-14
2.981125,0.00522167987805775
2.98125,0.00738457050192217
2.981375,0.00522167987807426
2.9815,3.73981178967215e-15
2.981625,-0.00522167987804997
2.98175,-0.00738457050192217
2.981875,-0.00522167987806304
2.982,-1.47332920204839e-14
2.982125,0.0052216798780422
2.98225,0.00738457050192217
2.982375,0.00522167987807081
2.9825,2.57267722512956e-14
2.982625,-0.00522167987805342
2.98275,-0.00738457050192217
2.982875,-0.00522167987807858
2.983,-9.85534149663984e-15
2.983125,0.00522167987804565
2.98325,0.00738457050192217
2.983375,0.00522167987806736
2.9835,2.08488217274516e-14
2.983625,-0.00522167987805687
2.98375,-0.00738457050192217
2.983875,-0.00522167987807513
2.984,-4.97739097279582e-15
2.984125,0.0052216798780491
2.98425,0.00738457050192217
2.984375,0.00522167987806391
2.9845,1.59708712036075e-14
2.984625,-0.00522167987804133
2.98475,-0.00738457050192217
2.984875,-0.00522167987807168
2.985,-2.69643514344192e-14
2.985125,0.00522167987805255
2.98525,0.00738457050192217
2.985375,0.00522167987807946
2.9855,1.10929206797635e-14
2.985625,-0.00522167987806377
2.98575,-0.00738457050192217
2.985875,-0.00522167987806824
2.986,4.77851007489223e-15
2.986125,0.005221679878056
2.98625,0.00738457050192217
2.986375,0.00522167987807601
2.9865,6.21497015591949e-15
2.986625,-0.00522167987804822
2.98675,-0.00738457050192217
2.986875,-0.00522167987806479
2.987,-1.72084503867312e-14
2.987125,0.00522167987804045
2.98725,0.00738457050192217
2.987375,0.00522167987807256
2.9875,2.82019306175429e-14
2.987625,-0.00522167987805167
2.98775,-0.00738457050192217
2.987875,-0.00522167987808033
2.988,-1.23304998628872e-14
2.988125,0.0052216798780629
2.98825,0.00738457050192217
2.988375,0.00522167987806911
2.9885,-3.54093089176856e-15
2.988625,-0.00522167987803613
2.98875,-0.00738457050192217
2.988875,-0.00522167987805789
2.989,-7.45254933904316e-15
2.989125,0.00522167987804735
2.98925,0.00738457050192217
2.989375,0.00522167987806566
2.9895,1.84460295698549e-14
2.989625,-0.00522167987805857
2.98975,-0.00738457050192217
2.989875,-0.00522167987807344
2.99,-2.57459881519913e-15
2.990125,0.0052216798780508
2.99025,0.00738457050192217
2.990375,0.00522167987808121
2.9905,1.35680790460108e-14
2.990625,-0.00522167987804302
2.99075,-0.00738457050192217
2.990875,-0.00522167987806999
2.991,2.30335170864489e-15
2.991125,0.00522167987803525
2.99125,0.00738457050192217
2.991375,0.00522167987805876
2.9915,3.55550395076343e-14
2.991625,-0.00522167987804647
2.99175,-0.00738457050192217
2.991875,-0.00522167987806654
2.992,-1.96836087529785e-14
2.992125,0.0052216798780577
2.99225,0.00738457050192217
2.992375,0.00522167987807431
2.9925,3.8121779983228e-15
2.992625,-0.00522167987804992
2.99275,-0.00738457050192217
2.992875,-0.00522167987806309
2.993,-1.48056582291345e-14
2.993125,0.00522167987804215
2.99325,0.00738457050192217
2.993375,0.00522167987807086
2.9935,-1.06577252552122e-15
2.993625,-0.00522167987805337
2.99375,-0.00738457050192217
2.993875,-0.00522167987805964
2.994,-9.9277077052905e-15
2.994125,0.0052216798780456
2.99425,0.00738457050192217
2.994375,0.00522167987806741
2.9945,2.09211879361022e-14
2.994625,-0.00522167987805682
2.99475,-0.00738457050192217
2.994875,-0.00522167987807518
2.995,-5.04975718144647e-15
2.995125,0.00522167987804905
2.99525,0.00738457050192217
2.995375,0.00522167987806396
2.9955,1.60432374122582e-14
2.995625,-0.00522167987804127
2.99575,-0.00738457050192217
2.995875,-0.00522167987807174
2.996,-2.70367176430699e-14
2.996125,0.0052216798780525
2.99625,0.00738457050192217
2.996375,0.00522167987806051
2.9965,1.11652868884142e-14
2.996625,-0.00522167987804472
2.99675,-0.00738457050192217
2.996875,-0.00522167987806829
2.997,-2.21587671192259e-14
2.997125,0.00522167987805595
2.99725,0.00738457050192217
2.997375,0.00522167987807606
2.9975,6.28733636457014e-15
2.997625,-0.00522167987804817
2.99775,-0.00738457050192217
2.997875,-0.00522167987806484
2.998,-1.72808165953819e-14
2.998125,0.0052216798780404
2.99825,0.00738457050192217
2.998375,0.00522167987807261
2.9985,2.82742968261936e-14
2.998625,-0.00522167987805162
2.99875,-0.00738457050192217
2.998875,-0.00522167987806139
2.999,-1.24028660715378e-14
2.999125,0.00522167987804385
2.99925,0.00738457050192217
2.999375,0.00522167987806916
2.9995,2.33963463023496e-14
2.999625,-0.00522167987805507
2.99975,-0.00738457050192217
2.999875,-0.00522167987807694
3,-7.52491554769381e-15
3.000125,0.0052216798780473
3.00025,0.00738457050192217
3.000375,0.00522167987806571
3.0005,1.85183957785055e-14
3.000625,-0.00522167987803952
3.00075,-0.00738457050192217
3.000875,-0.00522167987805449
3.001,-2.95118760093172e-14
3.001125,0.00522167987805075
3.00125,0.00738457050192217
3.001375,0.00522167987808126
3.0015,1.36404452546615e-14
3.001625,-0.00522167987806197
3.00175,-0.00738457050192217
3.001875,-0.00522167987807004
3.002,-2.46339254854732e-14
3.002125,0.0052216798780542
3.00225,0.00738457050192217
3.002375,0.00522167987807781
3.0025,8.76249473081748e-15
3.002625,-0.00522167987804642
3.00275,-0.00738457050192217
3.002875,-0.00522167987806659
3.003,-1.97559749616292e-14
3.003125,0.00522167987803865
3.00325,0.00738457050192217
3.003375,0.00522167987807436
3.0035,3.07494551924409e-14
3.003625,-0.00522167987804987
3.00375,-0.00738457050192217
3.003875,-0.00522167987808213
3.004,-1.48780244377852e-14
3.004125,0.00522167987806109
3.00425,0.00738457050192217
3.004375,0.00522167987807091
3.0045,-9.93406316870565e-16
3.004625,-0.00522167987805332
3.00475,-0.00738457050192217
3.004875,-0.00522167987805969
3.005,-1.00000739139412e-14
3.005125,0.00522167987804555
3.00525,0.00738457050192217
3.005375,0.00522167987806746
3.0055,2.09935541447529e-14
3.005625,-0.00522167987805677
3.00575,-0.00738457050192217
3.005875,-0.00522167987807524
3.006,-3.19870343755646e-14
3.006125,0.005221679878049
3.00625,0.00738457050192217
3.006375,0.00522167987808301
3.0065,1.61156036209088e-14
3.006625,-0.00522167987806022
3.00675,-0.00738457050192217
3.006875,-0.00522167987807179
3.007,-2.44172866253105e-16
3.007125,0.00522167987805245
3.00725,0.00738457050192217
3.007375,0.00522167987806056
3.0075,1.12376530970648e-14
3.007625,-0.00522167987804467
3.00775,-0.00738457050192217
3.007875,-0.00522167987806834
3.008,-2.22311333278765e-14
3.008125,0.00522167987805589
3.00825,0.00738457050192217
3.008375,0.00522167987807611
3.0085,6.3597025732208e-15
3.008625,-0.00522167987804812
3.00875,-0.00738457050192217
3.008875,-0.00522167987806489
3.009,-1.73531828040325e-14
3.009125,0.00522167987805934
3.00925,0.00738457050192217
3.009375,0.00522167987807266
3.0095,1.48175204937677e-15
3.009625,-0.00522167987805157
3.00975,-0.00738457050192217
3.009875,-0.00522167987806144
3.01,-1.24752322801885e-14
3.010125,0.0052216798780438
3.01025,0.00738457050192217
3.010375,0.00522167987806921
3.0105,2.34687125110002e-14
3.010625,-0.00522167987805502
3.01075,-0.00738457050192217
3.010875,-0.00522167987807699
3.011,-7.59728175634447e-15
3.011125,0.00522167987804725
3.01125,0.00738457050192217
3.011375,0.00522167987806576
3.0115,1.85907619871562e-14
3.011625,-0.00522167987805847
3.01175,-0.00738457050192217
3.011875,-0.00522167987807354
3.012,-2.71933123250044e-15
3.012125,0.0052216798780507
3.01225,0.00738457050192217
3.012375,0.00522167987806231
3.0125,1.37128114633122e-14
3.012625,-0.00522167987804292
3.01275,-0.00738457050192217
3.012875,-0.00522167987807009
3.013,-2.47062916941239e-14
3.013125,0.00522167987805414
3.01325,0.00738457050192217
3.013375,0.00522167987807786
3.0135,8.83486093946814e-15
3.013625,-0.00522167987806537
3.01375,-0.00738457050192217
3.013875,-0.00522167987806664
3.014,-1.98283411702799e-14
3.014125,0.0052216798780386
3.01425,0.00738457050192217
3.014375,0.00522167987807441
3.0145,3.95691041562411e-15
3.014625,-0.00522167987804982
3.01475,-0.00738457050192217
3.014875,-0.00522167987806319
3.015,-1.49503906464358e-14
3.015125,0.00522167987804205
3.01525,0.00738457050192217
3.015375,0.00522167987807096
3.0155,2.59438708772475e-14
3.015625,-0.00522167987805327
3.01575,-0.00738457050192217
3.015875,-0.00522167987807874
3.016,-1.00724401225918e-14
3.016125,0.0052216798780455
3.01625,0.00738457050192217
3.016375,0.00522167987806751
3.0165,-5.79899063206393e-15
3.016625,-0.00522167987803772
3.01675,-0.00738457050192217
3.016875,-0.00522167987805629
3.017,-3.20594005842152e-14
3.017125,0.00522167987804895
3.01725,0.00738457050192217
3.017375,0.00522167987806406
3.0175,1.61879698295595e-14
3.017625,-0.00522167987804117
3.01775,-0.00738457050192217
3.017875,-0.00522167987807184
3.018,-2.71814500603712e-14
3.018125,0.00522167987805239
3.01825,0.00738457050192217
3.018375,0.00522167987807961
3.0185,1.13100193057155e-14
3.018625,-0.00522167987804462
3.01875,-0.00738457050192217
3.018875,-0.00522167987806839
3.019,4.56141144894026e-15
3.019125,0.00522167987803685
3.01925,0.00738457050192217
3.019375,0.00522167987805717
3.0195,3.32969797673389e-14
3.019625,-0.00522167987804807
3.01975,-0.00738457050192217
3.019875,-0.00522167987806494
3.02,-1.74255490126832e-14
3.020125,0.00522167987805929
3.02025,0.00738457050192217
3.020375,0.00522167987807271
3.0205,1.55411825802743e-15
3.020625,-0.00522167987805152
3.02075,-0.00738457050192217
3.020875,-0.00522167987806149
3.021,-1.25475984888391e-14
3.021125,0.00522167987804375
3.02125,0.00738457050192217
3.021375,0.00522167987806926
3.0215,2.35410787196509e-14
3.021625,-0.00522167987803597
3.02175,-0.00738457050192217
3.021875,-0.00522167987805804
3.022,-3.45345589504626e-14
3.022125,0.00522167987804719
3.02225,0.00738457050192217
3.022375,0.00522167987808481
3.0225,1.86631281958068e-14
3.022625,-0.00522167987805842
3.02275,-0.00738457050192217
3.022875,-0.00522167987807359
3.023,-2.7916974411511e-15
3.023125,0.00522167987805064
3.02325,0.00738457050192217
3.023375,0.00522167987806237
3.0235,1.37851776719628e-14
3.023625,-0.00522167987804287
3.02375,-0.00738457050192217
3.023875,-0.00522167987807014
3.024,-2.47786579027745e-14
3.024125,0.00522167987805409
3.02425,0.00738457050192217
3.024375,0.00522167987805892
3.0245,8.90722714811879e-15
3.024625,-0.00522167987804632
3.02475,-0.00738457050192217
3.024875,-0.00522167987806669
3.025,-1.99007073789305e-14
3.025125,0.00522167987805754
3.02525,0.00738457050192217
3.025375,0.00522167987807446
3.0255,4.02927662427477e-15
3.025625,-0.00522167987804977
3.02575,-0.00738457050192217
3.025875,-0.00522167987806324
3.026,-1.50227568550865e-14
3.026125,0.005221679878042
3.02625,0.00738457050192217
3.026375,0.00522167987807101
3.0265,2.60162370858982e-14
3.026625,-0.00522167987805322
3.02675,-0.00738457050192217
3.026875,-0.00522167987807879
3.027,-1.01448063312425e-14
3.027125,0.00522167987804544
3.02725,0.00738457050192217
3.027375,0.00522167987806757
3.0275,2.11382865620542e-14
3.027625,-0.00522167987805667
3.02775,-0.00738457050192217
3.027875,-0.00522167987807534
3.028,-5.26685580739844e-15
3.028125,0.00522167987804889
3.02825,0.00738457050192217
3.028375,0.00522167987806412
3.0285,1.62603360382102e-14
3.028625,-0.00522167987804112
3.02875,-0.00738457050192217
3.028875,-0.00522167987807189
3.029,-2.72538162690219e-14
3.029125,0.00522167987805234
3.02925,0.00738457050192217
3.029375,0.00522167987807966
3.0295,1.13823855143661e-14
3.029625,-0.00522167987804457
3.02975,-0.00738457050192217
3.029875,-0.00522167987806844
3.03,-2.23758657451779e-14
3.030125,0.00522167987805579
3.03025,0.00738457050192217
3.030375,0.00522167987807621
3.0305,6.50443499052211e-15
3.030625,-0.00522167987804802
3.03075,-0.00738457050192217
3.030875,-0.00522167987806499
3.031,-1.74979152213338e-14
3.031125,0.00522167987804025
3.03125,0.00738457050192217
3.031375,0.00522167987807276
3.0315,2.84913954521455e-14
3.031625,-0.00522167987805147
3.03175,-0.00738457050192217
3.031875,-0.00522167987808054
3.032,-1.26199646974898e-14
3.032125,0.00522167987806269
3.03225,0.00738457050192217
3.032375,0.00522167987806932
3.0325,-3.25146605716594e-15
3.032625,-0.00522167987805492
3.03275,-0.00738457050192217
3.032875,-0.00522167987805809
3.033,-7.74201417364578e-15
3.033125,0.00522167987804714
3.03325,0.00738457050192217
3.033375,0.00522167987806587
3.0335,1.87354944044575e-14
3.033625,-0.00522167987803937
3.03375,-0.00738457050192217
3.033875,-0.00522167987807364
3.034,-2.97289746352692e-14
3.034125,0.00522167987805059
3.03425,0.00738457050192217
3.034375,0.00522167987808141
3.0345,1.38575438806135e-14
3.034625,-0.00522167987806182
3.03475,-0.00738457050192217
3.034875,-0.00522167987807019
3.035,2.01388687404227e-15
3.035125,0.00522167987803505
3.03525,0.00738457050192217
3.035375,0.00522167987805897
3.0355,8.97959335676945e-15
3.035625,-0.00522167987804627
3.03575,-0.00738457050192217
3.035875,-0.00522167987806674
3.036,-1.99730735875812e-14
3.036125,0.00522167987805749
3.03625,0.00738457050192217
3.036375,0.00522167987807451
3.0365,4.10164283292543e-15
3.036625,-0.00522167987804972
3.03675,-0.00738457050192217
3.036875,-0.00522167987806329
3.037,-1.50951230637371e-14
3.037125,0.00522167987806094
3.03725,0.00738457050192217
3.037375,0.00522167987807107
3.0375,-7.76307690918595e-16
3.037625,-0.00522167987803417
3.03775,-0.00738457050192217
3.037875,-0.00522167987805984
3.038,-1.02171725398931e-14
3.038125,0.00522167987804539
3.03825,0.00738457050192217
3.038375,0.00522167987806762
3.0385,2.12106527707048e-14
3.038625,-0.00522167987805662
3.03875,-0.00738457050192217
3.038875,-0.00522167987807539
3.039,-5.3392220160491e-15
3.039125,0.00522167987804884
3.03925,0.00738457050192217
3.039375,0.00522167987806417
3.0395,1.63327022468608e-14
3.039625,-0.00522167987804107
3.03975,-0.00738457050192217
3.039875,-0.00522167987807194
3.04,-4.61271492205074e-16
3.040125,0.00522167987805229
3.04025,0.00738457050192217
3.040375,0.00522167987806072
3.0405,1.14547517230168e-14
3.040625,-0.00522167987804452
3.04075,-0.00738457050192217
3.040875,-0.00522167987806849
3.041,-2.24482319538285e-14
3.041125,0.00522167987805574
3.04125,0.00738457050192217
3.041375,0.00522167987807626
3.0415,6.57680119917277e-15
3.041625,-0.00522167987804797
3.04175,-0.00738457050192217
3.041875,-0.00522167987806504
3.042,-1.75702814299845e-14
3.042125,0.00522167987804019
3.04225,0.00738457050192217
3.042375,0.00522167987807282
3.0425,2.85637616607962e-14
3.042625,-0.00522167987805142
3.04275,-0.00738457050192217
3.042875,-0.00522167987806159
3.043,-1.26923309061405e-14
3.043125,0.00522167987804364
3.04325,0.00738457050192217
3.043375,0.00522167987806937
3.0435,2.36858111369522e-14
3.043625,-0.00522167987805487
3.04375,-0.00738457050192217
3.043875,-0.00522167987807714
3.044,-7.81438038229644e-15
3.044125,0.00522167987804709
3.04425,0.00738457050192217
3.044375,0.00522167987806592
3.0445,-8.0570503723593e-15
3.044625,-0.00522167987803932
3.04475,-0.00738457050192217
3.044875,-0.00522167987805469
3.045,-2.98013408439199e-14
3.045125,0.00522167987805054
3.04525,0.00738457050192217
3.045375,0.00522167987806247
3.0455,1.39299100892641e-14
3.045625,-0.00522167987804277
3.04575,-0.00738457050192217
3.045875,-0.00522167987807024
3.046,-2.49233903200758e-14
3.046125,0.00522167987805399
3.04625,0.00738457050192217
3.046375,0.00522167987807801
3.0465,9.05195956542011e-15
3.046625,-0.00522167987804622
3.04675,-0.00738457050192217
3.046875,-0.00522167987806679
3.047,-2.00454397962318e-14
3.047125,0.00522167987803844
3.04725,0.00738457050192217
3.047375,0.00522167987805557
3.0475,3.10389200270435e-14
3.047625,-0.00522167987804967
3.04775,-0.00738457050192217
3.047875,-0.00522167987808234
3.048,-1.51674892723878e-14
3.048125,0.00522167987806089
3.04825,0.00738457050192217
3.048375,0.00522167987807112
3.0485,-7.03941482267939e-16
3.048625,-0.00522167987805312
3.04875,-0.00738457050192217
3.048875,-0.00522167987807889
3.049,-1.02895387485438e-14
3.049125,0.00522167987804534
3.04925,0.00738457050192217
3.049375,0.00522167987806767
3.0495,2.12830189793555e-14
3.049625,-0.00522167987803757
3.04975,-0.00738457050192217
3.049875,-0.00522167987805645
3.05,-3.22764992101672e-14
3.050125,0.00522167987804879
3.05025,0.00738457050192217
3.050375,0.00522167987808321
3.0505,1.64050684555115e-14
3.050625,-0.00522167987806001
3.05075,-0.00738457050192217
3.050875,-0.00522167987807199
3.051,-5.33637700855731e-16
3.051125,0.00522167987805224
3.05125,0.00738457050192217
3.051375,0.00522167987806077
3.0515,1.15271179316674e-14
3.051625,-0.00522167987804447
3.05175,-0.00738457050192217
3.051875,-0.00522167987806854
3.052,-2.25205981624792e-14
3.052125,0.00522167987805569
3.05225,0.00738457050192217
3.052375,0.00522167987807632
3.0525,6.64916740782342e-15
3.052625,-0.00522167987804792
3.05275,-0.00738457050192217
3.052875,-0.00522167987808409
3.053,-1.76426476386351e-14
3.053125,0.00522167987805914
3.05325,0.00738457050192217
3.053375,0.00522167987807287
3.0535,1.7712168839794e-15
3.053625,-0.00522167987805137
3.05375,-0.00738457050192217
3.053875,-0.00522167987806164
3.054,-1.27646971147911e-14
3.054125,0.00522167987804359
3.05425,0.00738457050192217
3.054375,0.00522167987806942
3.0545,2.37581773456028e-14
3.054625,-0.00522167987805481
3.05475,-0.00738457050192217
3.054875,-0.00522167987807719
3.055,-7.88674659094709e-15
3.055125,0.00522167987804704
3.05525,0.00738457050192217
3.055375,0.00522167987806597
3.0555,1.88802268217588e-14
3.055625,-0.00522167987805826
3.05575,-0.00738457050192217
3.055875,-0.00522167987807374
3.056,-3.00879606710307e-15
3.056125,0.00522167987805049
3.05625,0.00738457050192217
3.056375,0.00522167987806252
3.0565,1.40022762979148e-14
3.056625,-0.00522167987804272
3.05675,-0.00738457050192217
3.056875,-0.00522167987807029
3.057,-2.49957565287265e-14
3.057125,0.00522167987805394
3.05725,0.00738457050192217
3.057375,0.00522167987807807
3.0575,9.12432577407076e-15
3.057625,-0.00522167987804617
3.05775,-0.00738457050192217
3.057875,-0.00522167987806684
3.058,-2.01178060048825e-14
3.058125,0.00522167987805739
3.05825,0.00738457050192217
3.058375,0.00522167987807462
3.0585,4.24637525022674e-15
3.058625,-0.00522167987804962
3.05875,-0.00738457050192217
3.058875,-0.00522167987806339
3.059,-1.52398554810385e-14
3.059125,0.00522167987804184
3.05925,0.00738457050192217
3.059375,0.00522167987807117
3.0595,2.62333357118502e-14
3.059625,-0.00522167987805306
3.05975,-0.00738457050192217
3.059875,-0.00522167987807894
3.06,-1.03619049571944e-14
3.060125,0.00522167987806429
3.06025,0.00738457050192217
3.060375,0.00522167987806772
3.0605,-5.50952579746131e-15
3.060625,-0.00522167987803752
3.06075,-0.00738457050192217
3.060875,-0.00522167987807549
3.061,-5.48395443335041e-15
3.061125,0.00522167987804874
3.06125,0.00738457050192217
3.061375,0.00522167987806427
3.0615,1.64774346641621e-14
3.061625,-0.00522167987804097
3.06175,-0.00738457050192217
3.061875,-0.00522167987807204
3.062,-2.74709148949738e-14
3.062125,0.00522167987805219
3.06225,0.00738457050192217
3.062375,0.00522167987807982
3.0625,1.15994841403181e-14
3.062625,-0.00522167987806341
3.06275,-0.00738457050192217
3.062875,-0.00522167987806859
3.063,4.27194661433764e-15
3.063125,0.00522167987803664
3.06325,0.00738457050192217
3.063375,0.00522167987805737
3.0635,6.72153361647408e-15
3.063625,-0.00522167987804787
3.06375,-0.00738457050192217
3.063875,-0.00522167987806514
3.064,-1.77150138472858e-14
3.064125,0.00522167987805909
3.06425,0.00738457050192217
3.064375,0.00522167987807292
3.0645,2.87084940780975e-14
3.064625,-0.00522167987805131
3.06475,-0.00738457050192217
3.064875,-0.00522167987808069
3.065,-1.28370633234418e-14
3.065125,0.00522167987804354
3.06525,0.00738457050192217
3.065375,0.00522167987806947
3.0655,-3.03436743121397e-15
3.065625,-0.00522167987803577
3.06575,-0.00738457050192217
3.065875,-0.00522167987805825
3.066,-3.48240237850652e-14
3.066125,0.00522167987804699
3.06625,0.00738457050192217
3.066375,0.00522167987806602
3.0665,1.89525930304095e-14
3.066625,-0.00522167987805821
3.06675,-0.00738457050192217
3.066875,-0.00522167987807379
3.067,-3.08116227575373e-15
3.067125,0.00522167987805044
3.06725,0.00738457050192217
3.067375,0.00522167987806257
3.0675,1.40746425065654e-14
3.067625,-0.00522167987804267
3.06775,-0.00738457050192217
3.067875,-0.00522167987807034
3.068,-2.50681227373772e-14
3.068125,0.00522167987805389
3.06825,0.00738457050192217
3.068375,0.00522167987805912
3.0685,3.60616029681889e-14
3.068625,-0.00522167987804612
3.06875,-0.00738457050192217
3.068875,-0.00522167987806689
3.069,-2.01901722135331e-14
3.069125,0.00522167987805734
3.06925,0.00738457050192217
3.069375,0.00522167987807467
3.0695,4.3187414588774e-15
3.069625,-0.00522167987804956
3.06975,-0.00738457050192217
3.069875,-0.00522167987806345
3.07,-1.53122216896891e-14
3.070125,0.00522167987804179
3.07025,0.00738457050192217
3.070375,0.00522167987807122
3.0705,2.63057019205008e-14
3.070625,-0.00522167987805301
3.07075,-0.00738457050192217
3.070875,-0.00522167987806
3.071,-1.04342711658451e-14
3.071125,0.00522167987804524
3.07125,0.00738457050192217
3.071375,0.00522167987806777
3.0715,2.14277513966568e-14
3.071625,-0.00522167987805646
3.07175,-0.00738457050192217
3.071875,-0.00522167987807554
3.072,-5.55632064200107e-15
3.072125,0.00522167987804869
3.07225,0.00738457050192217
3.072375,0.00522167987806432
3.0725,1.65498008728128e-14
3.072625,-0.00522167987804092
3.07275,-0.00738457050192217
3.072875,-0.00522167987807209
3.073,-2.75432811036245e-14
3.073125,0.00522167987805214
3.07325,0.00738457050192217
3.073375,0.00522167987807987
3.0735,1.16718503489688e-14
3.073625,-0.00522167987804437
3.07375,-0.00738457050192217
3.073875,-0.00522167987806864
3.074,-2.26653305797805e-14
3.074125,0.00522167987805559
3.07425,0.00738457050192217
3.074375,0.00522167987807642
3.0745,6.79389982512474e-15
3.074625,-0.00522167987804781
3.07475,-0.00738457050192217
3.074875,-0.0052216798780652
3.075,-1.77873800559365e-14
3.075125,0.00522167987804004
3.07525,0.00738457050192217
3.075375,0.00522167987805397
3.0755,2.87808602867482e-14
3.075625,-0.00522167987805126
3.07575,-0.00738457050192217
3.075875,-0.00522167987808074
3.076,-1.29094295320924e-14
3.076125,0.00522167987806249
3.07625,0.00738457050192217
3.076375,0.00522167987806952
3.0765,2.39029097629041e-14
3.076625,-0.00522167987805471
3.07675,-0.00738457050192217
3.076875,-0.00522167987807729
3.077,-8.03147900824841e-15
3.077125,0.00522167987804694
3.07725,0.00738457050192217
3.077375,0.00522167987806607
3.0775,1.90249592390601e-14
3.077625,-0.00522167987803917
3.07775,-0.00738457050192217
3.077875,-0.00522167987807384
3.078,-3.00184394698718e-14
3.078125,0.00522167987805039
3.07825,0.00738457050192217
3.078375,0.00522167987808162
3.0785,1.41470087152161e-14
3.078625,-0.00522167987806161
3.07875,-0.00738457050192217
3.078875,-0.00522167987807039
3.079,1.72442203943964e-15
3.079125,0.00522167987805384
3.07925,0.00738457050192217
3.079375,0.00522167987805917
3.0795,9.26905819137208e-15
3.079625,-0.00522167987804606
3.07975,-0.00738457050192217
3.079875,-0.00522167987806695
3.08,-2.02625384221838e-14
3.080125,0.00522167987803829
3.08025,0.00738457050192217
3.080375,0.00522167987807472
3.0805,3.12560186529955e-14
3.080625,-0.00522167987804951
3.08075,-0.00738457050192217
3.080875,-0.00522167987808249
3.081,-1.53845878983398e-14
3.081125,0.00522167987806074
3.08125,0.00738457050192217
3.081375,0.00522167987807127
3.0815,-4.8684285631597e-16
3.081625,-0.00522167987805296
3.08175,-0.00738457050192217
3.081875,-0.00522167987806005
3.082,-1.05066373744957e-14
3.082125,0.00522167987804519
3.08225,0.00738457050192217
3.082375,0.00522167987806782
3.0825,2.15001176053075e-14
3.082625,-0.00522167987805641
3.08275,-0.00738457050192217
3.082875,-0.00522167987807559
3.083,-5.62868685065172e-15
3.083125,0.00522167987804864
3.08325,0.00738457050192217
3.083375,0.00522167987806437
3.0835,1.66221670814634e-14
3.083625,-0.00522167987805986
3.08375,-0.00738457050192217
3.083875,-0.00522167987807215
3.084,-7.507363268077e-16
3.084125,0.00522167987803309
3.08425,0.00738457050192217
3.084375,0.00522167987806092
3.0845,1.17442165576194e-14
3.084625,-0.00522167987804431
3.08475,-0.00738457050192217
3.084875,-0.0052216798780687
3.085,-2.27376967884311e-14
3.085125,0.00522167987805554
3.08525,0.00738457050192217
3.085375,0.00522167987807647
3.0855,6.86626603377539e-15
3.085625,-0.00522167987804776
3.08575,-0.00738457050192217
3.085875,-0.00522167987806525
3.086,-1.78597462645871e-14
3.086125,0.00522167987803999
3.08625,0.00738457050192217
3.086375,0.00522167987807302
3.0865,1.98831550993137e-15
3.086625,-0.00522167987805121
3.08675,-0.00738457050192217
3.086875,-0.0052216798780618
3.087,-1.29817957407431e-14
3.087125,0.00522167987804344
3.08725,0.00738457050192217
3.087375,0.00522167987806957
3.0875,2.39752759715548e-14
3.087625,-0.00522167987805466
3.08775,-0.00738457050192217
3.087875,-0.00522167987807734
3.088,-8.10384521689906e-15
3.088125,0.00522167987804689
3.08825,0.00738457050192217
3.088375,0.00522167987806612
3.0885,1.90973254477108e-14
3.088625,-0.00522167987803911
3.08875,-0.00738457050192217
3.088875,-0.0052216798780739
3.089,-3.22589469305504e-15
3.089125,0.00522167987805034
3.08925,0.00738457050192217
3.089375,0.00522167987806267
3.0895,1.42193749238668e-14
3.089625,-0.00522167987804256
3.08975,-0.00738457050192217
3.089875,-0.00522167987807045
3.09,-2.52128551546785e-14
3.090125,0.00522167987805379
3.09025,0.00738457050192217
3.090375,0.00522167987807822
3.0905,9.34142440002273e-15
3.090625,-0.00522167987804601
3.09075,-0.00738457050192217
3.090875,-0.005221679878067
3.091,6.53000635463301e-15
3.091125,0.00522167987803824
3.09125,0.00738457050192217
3.091375,0.00522167987805577
3.0915,3.13283848616462e-14
3.091625,-0.00522167987804946
3.09175,-0.00738457050192217
3.091875,-0.00522167987806355
3.092,-1.54569541069904e-14
3.092125,0.00522167987804169
3.09225,0.00738457050192217
3.092375,0.00522167987807132
3.0925,2.64504343378021e-14
3.092625,-0.00522167987805291
3.09275,-0.00738457050192217
3.092875,-0.00522167987807909
3.093,-1.05790035831464e-14
3.093125,0.00522167987804514
3.09325,0.00738457050192217
3.093375,0.00522167987806787
3.0935,2.15724838139581e-14
3.093625,-0.00522167987803736
3.09375,-0.00738457050192217
3.093875,-0.00522167987805665
3.094,-3.25659640447698e-14
3.094125,0.00522167987804859
3.09425,0.00738457050192217
3.094375,0.00522167987806442
3.0945,1.66945332901141e-14
3.094625,-0.00522167987805981
3.09475,-0.00738457050192217
3.094875,-0.0052216798780722
3.095,-8.23102535458356e-16
3.095125,0.00522167987805204
3.09525,0.00738457050192217
3.095375,0.00522167987806097
3.0955,1.18165827662701e-14
3.095625,-0.00522167987804426
3.09575,-0.00738457050192217
3.095875,-0.00522167987806875
3.096,-2.28100629970818e-14
3.096125,0.00522167987803649
3.09625,0.00738457050192217
3.096375,0.00522167987805752
3.0965,3.38035432278935e-14
3.096625,-0.00522167987804771
3.09675,-0.00738457050192217
3.096875,-0.00522167987808429
3.097,-1.79321124732378e-14
3.097125,0.00522167987805893
3.09725,0.00738457050192217
3.097375,0.00522167987807307
3.0975,2.06068171858203e-15
3.097625,-0.00522167987805116
3.09775,-0.00738457050192217
3.097875,-0.00522167987806185
3.098,-1.30541619493937e-14
3.098125,0.00522167987804339
3.09825,0.00738457050192217
3.098375,0.00522167987806962
3.0985,2.40476421802055e-14
3.098625,-0.00522167987805461
3.09875,-0.00738457050192217
3.098875,-0.0052216798780774
3.099,-8.17621142554972e-15
3.099125,0.00522167987804684
3.09925,0.00738457050192217
3.099375,0.00522167987806617
3.0995,1.91696916563614e-14
3.099625,-0.00522167987805806
3.09975,-0.00738457050192217
3.099875,-0.00522167987807395
3.1,-3.2982609017057e-15
3.100125,0.00522167987805029
3.10025,0.00738457050192217
3.100375,0.00522167987806272
3.1005,1.42917411325174e-14
3.100625,-0.00522167987804251
3.10075,-0.00738457050192217
3.100875,-0.0052216798780705
3.101,-2.52852213633291e-14
3.101125,0.00522167987805374
3.10125,0.00738457050192217
3.101375,0.00522167987807827
3.1015,9.41379060867339e-15
3.101625,-0.00522167987804596
3.10175,-0.00738457050192217
3.101875,-0.00522167987806705
3.102,-2.04072708394851e-14
3.102125,0.00522167987805718
3.10225,0.00738457050192217
3.102375,0.00522167987807482
3.1025,4.53584008482937e-15
3.102625,-0.00522167987804941
3.10275,-0.00738457050192217
3.102875,-0.0052216798780636
3.103,-1.55293203156411e-14
3.103125,0.00522167987804164
3.10325,0.00738457050192217
3.103375,0.00522167987807137
3.1035,2.65228005464528e-14
3.103625,-0.00522167987805286
3.10375,-0.00738457050192217
3.103875,-0.00522167987807915
3.104,-1.06513697917971e-14
3.104125,0.00522167987804509
3.10425,0.00738457050192217
3.104375,0.00522167987806792
3.1045,2.16448500226088e-14
3.104625,-0.00522167987805631
3.10475,-0.00738457050192217
3.104875,-0.0052216798780757
3.105,-5.77341926795304e-15
3.105125,0.00522167987804854
3.10525,0.00738457050192217
3.105375,0.00522167987806447
3.1055,1.67668994987648e-14
3.105625,-0.00522167987804076
3.10575,-0.00738457050192217
3.105875,-0.00522167987807225
3.106,-2.77603797295765e-14
3.106125,0.00522167987805198
3.10625,0.00738457050192217
3.106375,0.00522167987808002
3.1065,1.18889489749207e-14
3.106625,-0.00522167987806321
3.10675,-0.00738457050192217
3.106875,-0.0052216798780688
3.107,3.98248177973501e-15
3.107125,0.00522167987805543
3.10725,0.00738457050192217
3.107375,0.00522167987805758
3.1075,7.01099845107671e-15
3.107625,-0.00522167987804766
3.10775,-0.00738457050192217
3.107875,-0.00522167987806535
3.108,-1.80044786818884e-14
3.108125,0.00522167987803989
3.10825,0.00738457050192217
3.108375,0.00522167987807312
3.1085,2.89979589127001e-14
3.108625,-0.00522167987805111
3.10875,-0.00738457050192217
3.108875,-0.0052216798780809
3.109,-1.31265281580444e-14
3.109125,0.00522167987806233
3.10925,0.00738457050192217
3.109375,0.00522167987806967
3.1095,-2.74490259661134e-15
3.109625,-0.00522167987803556
3.10975,-0.00738457050192217
3.109875,-0.00522167987805845
3.11,-8.24857763420038e-15
3.110125,0.00522167987804679
3.11025,0.00738457050192217
3.110375,0.00522167987806622
3.1105,1.92420578650121e-14
3.110625,-0.00522167987805801
3.11075,-0.00738457050192217
3.110875,-0.005221679878074
3.111,-3.37062711035635e-15
3.111125,0.00522167987805023
3.11125,0.00738457050192217
3.111375,0.00522167987808177
3.1115,1.43641073411681e-14
3.111625,-0.00522167987804246
3.11175,-0.00738457050192217
3.111875,-0.00522167987807055
3.112,1.50732341348767e-15
3.112125,0.00522167987803469
3.11225,0.00738457050192217
3.112375,0.00522167987805933
3.1125,3.63510678027915e-14
3.112625,-0.00522167987804591
3.11275,-0.00738457050192217
3.112875,-0.0052216798780671
3.113,-2.04796370481358e-14
3.113125,0.00522167987805713
3.11325,0.00738457050192217
3.113375,0.00522167987807487
3.1135,4.60820629348002e-15
3.113625,-0.00522167987804936
3.11375,-0.00738457050192217
3.113875,-0.00522167987806365
3.114,-1.56016865242917e-14
3.114125,0.00522167987804159
3.11425,0.00738457050192217
3.114375,0.00522167987807142
3.1145,-2.69744230364001e-16
3.114625,-0.00522167987805281
3.11475,-0.00738457050192217
3.114875,-0.0052216798780602
3.115,-1.07237360004477e-14
3.115125,0.00522167987804504
3.11525,0.00738457050192217
3.115375,0.00522167987806797
3.1155,2.17172162312594e-14
3.115625,-0.00522167987805626
3.11575,-0.00738457050192217
3.115875,-0.00522167987807575
3.116,-5.84578547660369e-15
3.116125,0.00522167987804848
3.11625,0.00738457050192217
3.116375,0.00522167987806453
3.1165,1.68392657074154e-14
3.116625,-0.00522167987804071
3.11675,-0.00738457050192217
3.116875,-0.0052216798780723
3.117,-2.78327459382271e-14
3.117125,0.00522167987805193
3.11725,0.00738457050192217
3.117375,0.00522167987806108
3.1175,1.19613151835714e-14
3.117625,-0.00522167987804416
3.11775,-0.00738457050192217
3.117875,-0.00522167987806885
3.118,-2.29547954143831e-14
3.118125,0.00522167987805538
3.11825,0.00738457050192217
3.118375,0.00522167987807662
3.1185,7.08336465972736e-15
3.118625,-0.00522167987804761
3.11875,-0.00738457050192217
3.118875,-0.0052216798780654
3.119,-1.80768448905391e-14
3.119125,0.00522167987803984
3.11925,0.00738457050192217
3.119375,0.00522167987807317
3.1195,2.90703251213508e-14
3.119625,-0.00522167987805106
3.11975,-0.00738457050192217
3.119875,-0.00522167987806195
3.12,-1.31988943666951e-14
3.120125,0.00522167987804329
3.12025,0.00738457050192217
3.120375,0.00522167987806972
3.1205,2.41923745975068e-14
3.120625,-0.00522167987805451
3.12075,-0.00738457050192217
3.120875,-0.0052216798780775
3.121,-8.32094384285103e-15
3.121125,0.00522167987804673
3.12125,0.00738457050192217
3.121375,0.00522167987806628
3.1215,1.93144240736627e-14
3.121625,-0.00522167987803896
3.12175,-0.00738457050192217
3.121875,-0.00522167987805505
3.122,-3.03079043044745e-14
3.122125,0.00522167987805018
3.12225,0.00738457050192217
3.122375,0.00522167987808182
3.1225,1.44364735498187e-14
3.122625,-0.00522167987806141
3.12275,-0.00738457050192217
3.122875,-0.0052216798780706
3.123,1.43495720483701e-15
3.123125,0.00522167987805363
3.12325,0.00738457050192217
3.123375,0.00522167987807837
3.1235,9.5585230259747e-15
3.123625,-0.00522167987804586
3.12375,-0.00738457050192217
3.123875,-0.00522167987806715
3.124,-2.05520032567864e-14
3.124125,0.00522167987803809
3.12425,0.00738457050192217
3.124375,0.00522167987807492
3.1245,3.15454834875981e-14
3.124625,-0.00522167987804931
3.12475,-0.00738457050192217
3.124875,-0.0052216798780827
3.125,-1.56740527329424e-14
3.125125,0.00522167987806053
3.12525,0.00738457050192217
3.125375,0.00522167987807147
3.1255,-1.97378021713344e-16
3.125625,-0.00522167987805276
3.12575,-0.00738457050192217
3.125875,-0.00522167987806025
3.126,-1.07961022090984e-14
3.126125,0.00522167987804498
3.12625,0.00738457050192217
3.126375,0.00522167987806803
3.1265,2.17895824399101e-14
3.126625,-0.00522167987805621
3.12675,-0.00738457050192217
3.126875,-0.0052216798780758
3.127,-3.27830626707218e-14
3.127125,0.00522167987804843
3.12725,0.00738457050192217
3.127375,0.00522167987808357
3.1275,1.69116319160661e-14
3.127625,-0.00522167987805966
3.12775,-0.00738457050192217
3.127875,-0.00522167987807235
3.128,-1.04020116141033e-15
3.128125,0.00522167987805188
3.12825,0.00738457050192217
3.128375,0.00522167987806113
3.1285,1.2033681392222e-14
3.128625,-0.00522167987804411
3.12875,-0.00738457050192217
3.128875,-0.0052216798780689
3.129,-2.30271616230338e-14
3.129125,0.00522167987805533
3.12925,0.00738457050192217
3.129375,0.00522167987807667
3.1295,7.15573086837802e-15
3.129625,-0.00522167987804756
3.12975,-0.00738457050192217
3.129875,-0.00522167987806545
3.13,-1.81492110991897e-14
3.130125,0.00522167987805878
3.13025,0.00738457050192217
3.130375,0.00522167987807322
3.1305,2.277780344534e-15
3.130625,-0.00522167987805101
3.13075,-0.00738457050192217
3.130875,-0.005221679878062
3.131,-1.32712605753457e-14
3.131125,0.00522167987804323
3.13125,0.00738457050192217
3.131375,0.00522167987806978
3.1315,2.42647408061574e-14
3.131625,-0.00522167987805446
3.13175,-0.00738457050192217
3.131875,-0.00522167987807755
3.132,-8.39331005150169e-15
3.132125,0.00522167987804668
3.13225,0.00738457050192217
3.132375,0.00522167987806633
3.1325,1.93867902823134e-14
3.132625,-0.00522167987805791
3.13275,-0.00738457050192217
3.132875,-0.0052216798780741
3.133,-3.51535952765767e-15
3.133125,0.00522167987805013
3.13325,0.00738457050192217
3.133375,0.00522167987806288
3.1335,1.45088397584694e-14
3.133625,-0.00522167987804236
3.13375,-0.00738457050192217
3.133875,-0.00522167987807065
3.134,-2.55023199892811e-14
3.134125,0.00522167987805358
3.13425,0.00738457050192217
3.134375,0.00522167987807842
3.1345,9.63088923462536e-15
3.134625,-0.0052216798780648
3.13475,-0.00738457050192217
3.134875,-0.0052216798780672
3.135,-2.06243694654371e-14
3.135125,0.00522167987803803
3.13525,0.00738457050192217
3.135375,0.00522167987807498
3.1355,4.75293871078133e-15
3.135625,-0.00522167987804926
3.13575,-0.00738457050192217
3.135875,-0.00522167987806375
3.136,-1.57464189415931e-14
3.136125,0.00522167987804148
3.13625,0.00738457050192217
3.136375,0.00522167987807153
3.1365,2.67398991724048e-14
3.136625,-0.00522167987805271
3.13675,-0.00738457050192217
3.136875,-0.0052216798780793
3.137,-1.0868468417749e-14
3.137125,0.00522167987804493
3.13725,0.00738457050192217
3.137375,0.00522167987806808
3.1375,-5.00296233690671e-15
3.137625,-0.00522167987803716
3.13775,-0.00738457050192217
3.137875,-0.00522167987805685
3.138,-3.28554288793725e-14
3.138125,0.00522167987804838
3.13825,0.00738457050192217
3.138375,0.00522167987806463
3.1385,1.69839981247167e-14
3.138625,-0.0052216798780596
3.13875,-0.00738457050192217
3.138875,-0.0052216798780724
3.139,-2.79774783555284e-14
3.139125,0.00522167987805183
3.13925,0.00738457050192217
3.139375,0.00522167987808017
3.1395,1.21060476008727e-14
3.139625,-0.00522167987804406
3.13975,-0.00738457050192217
3.139875,-0.00522167987806895
3.14,3.76538315378304e-15
3.140125,0.00522167987803628
3.14025,0.00738457050192217
3.140375,0.00522167987805773
3.1405,3.40930080624961e-14
3.140625,-0.00522167987804751
3.14075,-0.00738457050192217
3.140875,-0.0052216798780655
3.141,-1.82215773078404e-14
3.141125,0.00522167987805873
3.14125,0.00738457050192217
3.141375,0.00522167987807328
3.1415,2.35014655318465e-15
3.141625,-0.00522167987805096
3.14175,-0.00738457050192217
3.141875,-0.00522167987806205
3.142,-1.33436267839964e-14
3.142125,0.00522167987804318
3.14225,0.00738457050192217
3.142375,0.00522167987806983
3.1425,2.43371070148081e-14
3.142625,-0.00522167987803541
3.14275,-0.00738457050192217
3.142875,-0.0052216798780586
3.143,-3.53305872456198e-14
3.143125,0.00522167987804663
3.14325,0.00738457050192217
3.143375,0.00522167987808537
3.1435,1.94591564909641e-14
3.143625,-0.00522167987805785
3.14375,-0.00738457050192217
3.143875,-0.00522167987807415
3.144,-3.58772573630832e-15
3.144125,0.00522167987805008
3.14425,0.00738457050192217
3.144375,0.00522167987806293
3.1445,1.458120596712e-14
3.144625,-0.00522167987804231
3.14475,-0.00738457050192217
3.144875,-0.0052216798780707
3.145,-2.55746861979318e-14
3.145125,0.00522167987805353
3.14525,0.00738457050192217
3.145375,0.00522167987805948
3.1455,9.70325544327601e-15
3.145625,-0.00522167987804576
3.14575,-0.00738457050192217
3.145875,-0.00522167987806725
3.146,-2.06967356740877e-14
3.146125,0.00522167987805698
3.14625,0.00738457050192217
3.146375,0.00522167987807503
3.1465,4.82530491943199e-15
3.146625,-0.00522167987804921
3.14675,-0.00738457050192217
3.146875,-0.0052216798780638
3.147,-1.58187851502437e-14
3.147125,0.00522167987804143
3.14725,0.00738457050192217
3.147375,0.00522167987807158
3.1475,2.68122653810554e-14
3.147625,-0.00522167987805266
3.14775,-0.00738457050192217
3.147875,-0.00522167987807935
3.148,-1.09408346263997e-14
3.148125,0.00522167987804488
3.14825,0.00738457050192217
3.148375,0.00522167987806813
3.1485,2.19343148572114e-14
3.148625,-0.0052216798780561
3.14875,-0.00738457050192217
3.148875,-0.0052216798780759
3.149,-6.06288410255566e-15
3.149125,0.00522167987804833
3.14925,0.00738457050192217
3.149375,0.00522167987806468
3.1495,1.70563643333674e-14
3.149625,-0.00522167987804056
3.14975,-0.00738457050192217
3.149875,-0.00522167987807245
3.15,-2.80498445641791e-14
3.150125,0.00522167987805178
3.15025,0.00738457050192217
3.150375,0.00522167987808023
3.1505,1.21784138095234e-14
3.150625,-0.00522167987804401
3.15075,-0.00738457050192217
3.150875,-0.005221679878069
3.151,-2.31718940403351e-14
3.151125,0.00522167987805523
3.15125,0.00738457050192217
3.151375,0.00522167987807678
3.1515,7.30046328567933e-15
3.151625,-0.00522167987804746
3.15175,-0.00738457050192217
3.151875,-0.00522167987806555
3.152,-1.8293943516491e-14
3.152125,0.00522167987803968
3.15225,0.00738457050192217
3.152375,0.00522167987807333
3.1525,2.92874237473028e-14
3.152625,-0.00522167987805091
3.15275,-0.00738457050192217
3.152875,-0.0052216798780811
3.153,-1.3415992992647e-14
3.153125,0.00522167987806213
3.15325,0.00738457050192217
3.153375,0.00522167987806988
3.1535,-2.45543776200871e-15
3.153625,-0.00522167987805435
3.15375,-0.00738457050192217
3.153875,-0.00522167987805866
3.154,-8.538042468803e-15
3.154125,0.00522167987804658
3.15425,0.00738457050192217
3.154375,0.00522167987806643
3.1545,1.95315226996147e-14
3.154625,-0.00522167987803881
3.15475,-0.00738457050192217
3.154875,-0.0052216798780742
3.155,-3.05250029304264e-14
3.155125,0.00522167987805003
3.15525,0.00738457050192217
3.155375,0.00522167987808198
3.1555,1.46535721757707e-14
3.155625,-0.00522167987806125
3.15575,-0.00738457050192217
3.155875,-0.00522167987807075
3.156,1.21785857888504e-15
3.156125,0.00522167987803448
3.15625,0.00738457050192217
3.156375,0.00522167987805953
3.1565,9.77562165192667e-15
3.156625,-0.00522167987804571
3.15675,-0.00738457050192217
3.156875,-0.0052216798780673
3.157,-2.07691018827384e-14
3.157125,0.00522167987805693
3.15725,0.00738457050192217
3.157375,0.00522167987807508
3.1575,4.89767112808265e-15
3.157625,-0.00522167987804915
3.15775,-0.00738457050192217
3.157875,-0.00522167987806386
3.158,-1.58911513588944e-14
3.158125,0.00522167987806038
3.15825,0.00738457050192217
3.158375,0.00522167987807163
3.1585,1.97206042386249e-17
3.158625,-0.00522167987803361
3.15875,-0.00738457050192217
3.158875,-0.00522167987806041
3.159,-1.10132008350503e-14
3.159125,0.00522167987804483
3.15925,0.00738457050192217
3.159375,0.00522167987806818
3.1595,2.20066810658621e-14
3.159625,-0.00522167987805605
3.15975,-0.00738457050192217
3.159875,-0.00522167987807595
3.16,-6.13525031120632e-15
3.160125,0.00522167987804828
3.16025,0.00738457050192217
3.160375,0.00522167987806473
3.1605,1.7128730542018e-14
3.160625,-0.00522167987804051
3.16075,-0.00738457050192217
3.160875,-0.0052216798780725
3.161,-1.25729978736229e-15
3.161125,0.00522167987805173
3.16125,0.00738457050192217
3.161375,0.00522167987806128
3.1615,1.2250780018174e-14
3.161625,-0.00522167987804396
3.16175,-0.00738457050192217
3.161875,-0.00522167987806905
3.162,-2.32442602489857e-14
3.162125,0.00522167987805518
3.16225,0.00738457050192217
3.162375,0.00522167987807683
3.1625,7.37282949432999e-15
3.162625,-0.0052216798780474
3.16275,-0.00738457050192217
3.162875,-0.00522167987806561
3.163,-1.83663097251417e-14
3.163125,0.00522167987803963
3.16325,0.00738457050192217
3.163375,0.00522167987807338
3.1635,2.93597899559534e-14
3.163625,-0.00522167987805085
3.16375,-0.00738457050192217
3.163875,-0.00522167987806216
3.164,-1.34883592012977e-14
3.164125,0.00522167987804308
3.16425,0.00738457050192217
3.164375,0.00522167987806993
3.1645,2.44818394321094e-14
3.164625,-0.0052216798780543
3.16475,-0.00738457050192217
3.164875,-0.0052216798780777
3.165,-8.61040867745366e-15
3.165125,0.00522167987804653
3.16525,0.00738457050192217
3.165375,0.00522167987806648
3.1655,-7.26102207720208e-15
3.165625,-0.00522167987803876
3.16575,-0.00738457050192217
3.165875,-0.00522167987805526
3.166,-3.05973691390771e-14
3.166125,0.00522167987804998
3.16625,0.00738457050192217
3.166375,0.00522167987806303
3.1665,1.47259383844213e-14
3.166625,-0.00522167987804221
3.16675,-0.00738457050192217
3.166875,-0.0052216798780708
3.167,-2.57194186152331e-14
3.167125,0.00522167987805343
3.16725,0.00738457050192217
3.167375,0.00522167987807858
3.1675,9.84798786057733e-15
3.167625,-0.00522167987804565
3.16775,-0.00738457050192217
3.167875,-0.00522167987806736
3.168,-2.0841468091389e-14
3.168125,0.00522167987803788
3.16825,0.00738457050192217
3.168375,0.00522167987805613
3.1685,3.18349483222008e-14
3.168625,-0.0052216798780491
3.16875,-0.00738457050192217
3.168875,-0.0052216798780829
3.169,-1.5963517567545e-14
3.169125,0.00522167987806033
3.16925,0.00738457050192217
3.169375,0.00522167987807168
3.1695,9.20868128892813e-17
3.169625,-0.00522167987805255
3.16975,-0.00738457050192217
3.169875,-0.00522167987806046
3.17,-1.1085567043701e-14
3.170125,0.00522167987804478
3.17025,0.00738457050192217
3.170375,0.00522167987806823
3.1705,2.20790472745127e-14
3.170625,-0.00522167987803701
3.17075,-0.00738457050192217
3.170875,-0.00522167987805701
3.171,-3.30725275053244e-14
3.171125,0.00522167987804823
3.17125,0.00738457050192217
3.171375,0.00522167987808378
3.1715,1.72010967506687e-14
3.171625,-0.00522167987805945
3.17175,-0.00738457050192217
3.171875,-0.00522167987807255
3.172,-1.32966599601295e-15
3.172125,0.00522167987805168
3.17225,0.00738457050192217
3.172375,0.00522167987806133
3.1725,1.23231462268247e-14
3.172625,-0.0052216798780439
3.17275,-0.00738457050192217
3.172875,-0.00522167987806911
3.173,-2.33166264576364e-14
3.173125,0.00522167987805513
3.17325,0.00738457050192217
3.173375,0.00522167987807688
3.1735,7.44519570298064e-15
3.173625,-0.00522167987804735
3.17375,-0.00738457050192217
3.173875,-0.00522167987808465
3.174,-1.84386759337924e-14
3.174125,0.00522167987805858
3.17425,0.00738457050192217
3.174375,0.00522167987807343
3.1745,2.56724517913662e-15
3.174625,-0.0052216798780508
3.17475,-0.00738457050192217
3.174875,-0.00522167987806221
3.175,-1.35607254099483e-14
3.175125,0.00522167987804303
3.17525,0.00738457050192217
3.175375,0.00522167987806998
3.1755,2.45542056407601e-14
3.175625,-0.00522167987805425
3.17575,-0.00738457050192217
3.175875,-0.00522167987807775
3.176,-8.68277488610431e-15
3.176125,0.00522167987804648
3.17625,0.00738457050192217
3.176375,0.00522167987806653
3.1765,1.9676255116916e-14
3.176625,-0.0052216798780577
3.17675,-0.00738457050192217
3.176875,-0.00522167987807431
3.177,-3.80482436226029e-15
3.177125,0.00522167987804993
3.17725,0.00738457050192217
3.177375,0.00522167987806308
3.1775,1.4798304593072e-14
3.177625,-0.00522167987804215
3.17775,-0.00738457050192217
3.177875,-0.00522167987807086
3.178,-2.57917848238837e-14
3.178125,0.00522167987805338
3.17825,0.00738457050192217
3.178375,0.00522167987807863
3.1785,9.92035406922798e-15
3.178625,-0.0052216798780456
3.17875,-0.00738457050192217
3.178875,-0.00522167987806741
3.179,-2.09138343000397e-14
3.179125,0.00522167987805683
3.17925,0.00738457050192217
3.179375,0.00522167987807518
3.1795,5.04240354538396e-15
3.179625,-0.00522167987804905
3.17975,-0.00738457050192217
3.179875,-0.00522167987806396
3.18,-1.60358837761957e-14
3.180125,0.00522167987804128
3.18025,0.00738457050192217
3.180375,0.00522167987807173
3.1805,2.70293640070074e-14
3.180625,-0.0052216798780525
3.18075,-0.00738457050192217
3.180875,-0.0052216798780795
3.181,-1.11579332523517e-14
3.181125,0.00522167987806372
3.18125,0.00738457050192217
3.181375,0.00522167987806828
3.1815,-4.71349750230409e-15
3.181625,-0.00522167987803695
3.18175,-0.00738457050192217
3.181875,-0.00522167987807605
3.182,-6.27998272850763e-15
3.182125,0.00522167987804818
3.18225,0.00738457050192217
3.182375,0.00522167987806483
3.1825,1.72734629593193e-14
3.182625,-0.0052216798780404
3.18275,-0.00738457050192217
3.182875,-0.00522167987807261
3.183,-2.82669431901311e-14
3.183125,0.00522167987805163
3.18325,0.00738457050192217
3.183375,0.00522167987808038
3.1835,1.23955124354753e-14
3.183625,-0.00522167987806285
3.18375,-0.00738457050192217
3.183875,-0.00522167987806916
3.184,3.47591831918042e-15
3.184125,0.00522167987803608
3.18425,0.00738457050192217
3.184375,0.00522167987805793
3.1845,7.5175619116313e-15
3.184625,-0.0052216798780473
3.18475,-0.00738457050192217
3.184875,-0.00522167987806571
3.185,-1.8511042142443e-14
3.185125,0.00522167987805853
3.18525,0.00738457050192217
3.185375,0.00522167987807348
3.1855,2.63961138778728e-15
3.185625,-0.00522167987805075
3.18575,-0.00738457050192217
3.185875,-0.00522167987808125
3.186,-1.3633091618599e-14
3.186125,0.00522167987804298
3.18625,0.00738457050192217
3.186375,0.00522167987807003
3.1865,-2.23833913605675e-15
3.186625,-0.00522167987803521
3.18675,-0.00738457050192217
3.186875,-0.00522167987805881
3.187,-3.56200520802224e-14
3.187125,0.00522167987804643
3.18725,0.00738457050192217
3.187375,0.00522167987806658
3.1875,1.97486213255667e-14
3.187625,-0.00522167987805765
3.18775,-0.00738457050192217
3.187875,-0.00522167987807436
3.188,-3.87719057091095e-15
3.188125,0.00522167987804988
3.18825,0.00738457050192217
3.188375,0.00522167987806313
3.1885,1.48706708017227e-14
3.188625,-0.0052216798780421
3.18875,-0.00738457050192217
3.188875,-0.00522167987807091
3.189,-2.58641510325344e-14
3.189125,0.00522167987805333
3.18925,0.00738457050192217
3.189375,0.00522167987805968
3.1895,3.68576312633461e-14
3.189625,-0.00522167987804555
3.18975,-0.00738457050192217
3.189875,-0.00522167987806746
3.19,-2.09862005086904e-14
3.190125,0.00522167987805677
3.19025,0.00738457050192217
3.190375,0.00522167987807523
3.1905,5.11476975403462e-15
3.190625,-0.005221679878049
3.19075,-0.00738457050192217
3.190875,-0.00522167987806401
3.191,-1.61082499848463e-14
3.191125,0.00522167987804123
3.19125,0.00738457050192217
3.191375,0.00522167987807178
3.1915,2.7101730215658e-14
3.191625,-0.00522167987805245
3.19175,-0.00738457050192217
3.191875,-0.00522167987806056
3.192,-1.12302994610023e-14
3.192125,0.00522167987804468
3.19225,0.00738457050192217
3.192375,0.00522167987806833
3.1925,2.2223779691814e-14
3.192625,-0.0052216798780559
3.19275,-0.00738457050192217
3.192875,-0.00522167987807611
3.193,-6.35234893715829e-15
3.193125,0.00522167987804813
3.19325,0.00738457050192217
3.193375,0.00522167987806488
3.1935,1.734582916797e-14
3.193625,-0.00522167987804035
3.19375,-0.00738457050192217
3.193875,-0.00522167987807266
3.194,-2.83393093987817e-14
3.194125,0.00522167987805158
3.19425,0.00738457050192217
3.194375,0.00522167987808043
3.1945,1.2467878644126e-14
3.194625,-0.0052216798780438
3.19475,-0.00738457050192217
3.194875,-0.00522167987806921
3.195,-2.34613588749377e-14
3.195125,0.00522167987805502
3.19525,0.00738457050192217
3.195375,0.00522167987807698
3.1955,7.58992812028196e-15
3.195625,-0.00522167987804725
3.19575,-0.00738457050192217
3.195875,-0.00522167987806576
3.196,-1.85834083510937e-14
3.196125,0.00522167987803948
3.19625,0.00738457050192217
3.196375,0.00522167987805454
3.1965,2.95768885819054e-14
3.196625,-0.0052216798780507
3.19675,-0.00738457050192217
3.196875,-0.00522167987808131
3.197,-1.37054578272496e-14
3.197125,0.00522167987806192
3.19725,0.00738457050192217
3.197375,0.00522167987807008
3.1975,2.46989380580614e-14
3.197625,-0.00522167987805415
3.19775,-0.00738457050192217
3.197875,-0.00522167987807786
3.198,-8.82750730340563e-15
3.198125,0.00522167987804638
3.19825,0.00738457050192217
3.198375,0.00522167987806663
3.1985,1.98209875342173e-14
3.198625,-0.0052216798780386
3.19875,-0.00738457050192217
3.198875,-0.00522167987807441
3.199,-3.08144677650291e-14
3.199125,0.00522167987804983
3.19925,0.00738457050192217
3.199375,0.00522167987808218
3.1995,1.49430370103733e-14
3.199625,-0.00522167987806105
3.19975,-0.00738457050192217
3.199875,-0.00522167987807096
3.2,9.28393744282419e-16
3.200125,0.00522167987805327
3.20025,0.00738457050192217
3.200375,0.00522167987805974
3.2005,1.00650864865293e-14
3.200625,-0.0052216798780455
3.20075,-0.00738457050192217
3.200875,-0.00522167987806751
3.201,-2.1058566717341e-14
3.201125,0.00522167987805672
3.20125,0.00738457050192217
3.201375,0.00522167987807528
3.2015,3.20520469481527e-14
3.201625,-0.00522167987804895
3.20175,-0.00738457050192217
3.201875,-0.00522167987808306
3.202,-1.6180616193497e-14
3.202125,0.00522167987806017
3.20225,0.00738457050192217
3.202375,0.00522167987807183
3.2025,3.09185438841251e-16
3.202625,-0.0052216798780524
3.20275,-0.00738457050192217
3.202875,-0.00522167987806061
3.203,-1.1302665669653e-14
3.203125,0.00522167987804463
3.20325,0.00738457050192217
3.203375,0.00522167987806838
3.2035,2.22961459004647e-14
3.203625,-0.00522167987805585
3.20375,-0.00738457050192217
3.203875,-0.00522167987807616
3.204,-6.42471514580894e-15
3.204125,0.00522167987804808
3.20425,0.00738457050192217
3.204375,0.00522167987806493
3.2045,1.74181953766207e-14
3.204625,-0.0052216798780593
3.20475,-0.00738457050192217
3.204875,-0.00522167987807271
3.205,-1.54676462196492e-15
3.205125,0.00522167987803253
3.20525,0.00738457050192217
3.205375,0.00522167987806149
3.2055,1.25402448527766e-14
3.205625,-0.00522167987804375
3.20575,-0.00738457050192217
3.205875,-0.00522167987806926
3.206,-2.35337250835884e-14
3.206125,0.00522167987805497
3.20625,0.00738457050192217
3.206375,0.00522167987807703
3.2065,7.66229432893261e-15
3.206625,-0.0052216798780472
3.20675,-0.00738457050192217
3.206875,-0.00522167987806581
3.207,-1.86557745597443e-14
3.207125,0.00522167987803943
3.20725,0.00738457050192217
3.207375,0.00522167987807358
3.2075,2.78434380508859e-15
3.207625,-0.00522167987805065
3.20775,-0.00738457050192217
3.207875,-0.00522167987806236
3.208,-1.37778240359003e-14
3.208125,0.00522167987804288
3.20825,0.00738457050192217
3.208375,0.00522167987807013
3.2085,2.4771304266712e-14
3.208625,-0.0052216798780541
3.20875,-0.00738457050192217
3.208875,-0.00522167987807791
3.209,-8.89987351205628e-15
3.209125,0.00522167987804632
3.20925,0.00738457050192217
3.209375,0.00522167987806668
3.2095,1.9893353742868e-14
3.209625,-0.00522167987803855
3.20975,-0.00738457050192217
3.209875,-0.00522167987807446
3.21,-4.02192298821226e-15
3.210125,0.00522167987804977
3.21025,0.00738457050192217
3.210375,0.00522167987806324
3.2105,1.5015403219024e-14
3.210625,-0.005221679878042
3.21075,-0.00738457050192217
3.210875,-0.00522167987807101
3.211,-2.60088834498357e-14
3.211125,0.00522167987805322
3.21125,0.00738457050192217
3.211375,0.00522167987807878
3.2115,1.013745269518e-14
3.211625,-0.00522167987804545
3.21175,-0.00738457050192217
3.211875,-0.00522167987806756
3.212,5.73397805947579e-15
3.212125,0.00522167987803768
3.21225,0.00738457050192217
3.212375,0.00522167987805634
3.2125,3.21244131568034e-14
3.212625,-0.0052216798780489
3.21275,-0.00738457050192217
3.212875,-0.00522167987806411
3.213,-1.62529824021476e-14
3.213125,0.00522167987804113
3.21325,0.00738457050192217
3.213375,0.00522167987807188
3.2135,2.72464626329594e-14
3.213625,-0.00522167987805235
3.21375,-0.00738457050192217
3.213875,-0.00522167987807966
3.214,-1.13750318783036e-14
3.214125,0.00522167987804458
3.21425,0.00738457050192217
3.214375,0.00522167987806843
3.2145,2.23685121091153e-14
3.214625,-0.0052216798780368
3.21475,-0.00738457050192217
3.214875,-0.00522167987805721
3.215,-3.33619923399271e-14
3.215125,0.00522167987804802
3.21525,0.00738457050192217
3.215375,0.00522167987806499
3.2155,1.74905615852713e-14
3.215625,-0.00522167987805925
3.21575,-0.00738457050192217
3.215875,-0.00522167987807276
3.216,-1.61913083061558e-15
3.216125,0.00522167987805147
3.21625,0.00738457050192217
3.216375,0.00522167987806154
3.2165,1.26126110614273e-14
3.216625,-0.0052216798780437
3.21675,-0.00738457050192217
3.216875,-0.00522167987806931
3.217,-2.3606091292239e-14
3.217125,0.00522167987803593
3.21725,0.00738457050192217
3.217375,0.00522167987805809
3.2175,3.45995715230507e-14
3.217625,-0.00522167987804715
3.21775,-0.00738457050192217
3.217875,-0.00522167987808486
3.218,-1.8728140768395e-14
3.218125,0.00522167987805837
3.21825,0.00738457050192217
3.218375,0.00522167987807363
3.2185,2.85671001373925e-15
3.218625,-0.0052216798780506
3.21875,-0.00738457050192217
3.218875,-0.00522167987806241
3.219,-1.3850190244551e-14
3.219125,0.00522167987804282
3.21925,0.00738457050192217
3.219375,0.00522167987807019
3.2195,2.48436704753627e-14
3.219625,-0.00522167987805405
3.21975,-0.00738457050192217
3.219875,-0.00522167987807796
3.22,-8.97223972070694e-15
3.220125,0.00522167987804627
3.22025,0.00738457050192217
3.220375,0.00522167987806674
3.2205,1.99657199515187e-14
3.220625,-0.0052216798780575
3.22075,-0.00738457050192217
3.220875,-0.00522167987807451
3.221,-4.09428919686292e-15
3.221125,0.00522167987804972
3.22125,0.00738457050192217
3.221375,0.00522167987806329
3.2215,1.50877694276746e-14
3.221625,-0.00522167987804195
3.22175,-0.00738457050192217
3.221875,-0.00522167987807106
3.222,-2.60812496584863e-14
3.222125,0.00522167987805317
3.22225,0.00738457050192217
3.222375,0.00522167987807883
3.2225,1.02098189038306e-14
3.222625,-0.0052216798780454
3.22275,-0.00738457050192217
3.222875,-0.00522167987806761
3.223,-2.12032991346423e-14
3.223125,0.00522167987805662
3.22325,0.00738457050192217
3.223375,0.00522167987807538
3.2235,5.33186837998659e-15
3.223625,-0.00522167987804885
3.22375,-0.00738457050192217
3.223875,-0.00522167987806416
3.224,-1.63253486107983e-14
3.224125,0.00522167987804107
3.22425,0.00738457050192217
3.224375,0.00522167987807194
3.2245,2.731882884161e-14
3.224625,-0.0052216798780523
3.22475,-0.00738457050192217
3.224875,-0.00522167987807971
3.225,-1.14473980869543e-14
3.225125,0.00522167987804452
3.22525,0.00738457050192217
3.225375,0.00522167987806849
3.2255,2.2440878317766e-14
3.225625,-0.00522167987805575
3.22575,-0.00738457050192217
3.225875,-0.00522167987807626
3.226,-6.56944756311026e-15
3.226125,0.00522167987804797
3.22625,0.00738457050192217
3.226375,0.00522167987806504
3.2265,1.7562927793922e-14
3.226625,-0.0052216798780402
3.22675,-0.00738457050192217
3.226875,-0.00522167987807281
3.227,-2.85564080247337e-14
3.227125,0.00522167987805142
3.22725,0.00738457050192217
3.227375,0.00522167987808058
3.2275,1.26849772700779e-14
3.227625,-0.00522167987806265
3.22775,-0.00738457050192217
3.227875,-0.00522167987806936
3.228,3.18645348457779e-15
3.228125,0.00522167987805487
3.22825,0.00738457050192217
3.228375,0.00522167987805814
3.2285,7.80702674623393e-15
3.228625,-0.0052216798780471
3.22875,-0.00738457050192217
3.228875,-0.00522167987806591
3.229,-1.88005069770456e-14
3.229125,0.00522167987803932
3.22925,0.00738457050192217
3.229375,0.00522167987807369
3.2295,2.97939872078574e-14
3.229625,-0.00522167987805055
3.22975,-0.00738457050192217
3.229875,-0.00522167987808146
3.23,-1.39225564532016e-14
3.230125,0.00522167987806177
3.23025,0.00738457050192217
3.230375,0.00522167987807024
3.2305,-1.94887430145412e-15
3.230625,-0.005221679878035
3.23075,-0.00738457050192217
3.230875,-0.00522167987805901
3.231,-9.0446059293576e-15
3.231125,0.00522167987804622
3.23125,0.00738457050192217
3.231375,0.00522167987806679
3.2315,2.00380861601693e-14
3.231625,-0.00522167987805745
3.23175,-0.00738457050192217
3.231875,-0.00522167987807456
3.232,-4.16665540551357e-15
3.232125,0.00522167987804967
3.23225,0.00738457050192217
3.232375,0.00522167987806334
3.2325,1.51601356363253e-14
3.232625,-0.0052216798780419
3.23275,-0.00738457050192217
3.232875,-0.00522167987807111
3.233,7.1129511833045e-16
3.233125,0.00522167987803413
3.23325,0.00738457050192217
3.233375,0.00522167987805989
3.2335,3.71470960979487e-14
3.233625,-0.00522167987804535
3.23375,-0.00738457050192217
3.233875,-0.00522167987806766
3.234,-2.1275665343293e-14
3.234125,0.00522167987805657
3.23425,0.00738457050192217
3.234375,0.00522167987807544
3.2345,5.40423458863724e-15
3.234625,-0.0052216798780488
3.23475,-0.00738457050192217
3.234875,-0.00522167987806421
3.235,-1.6397714819449e-14
3.235125,0.00522167987804102
3.23525,0.00738457050192217
3.235375,0.00522167987807199
3.2355,5.2628406479322e-16
3.235625,-0.00522167987805225
3.23575,-0.00738457050192217
3.235875,-0.00522167987806076
3.236,-1.15197642956049e-14
3.236125,0.00522167987804447
3.23625,0.00738457050192217
3.236375,0.00522167987806854
3.2365,2.25132445264167e-14
3.236625,-0.0052216798780557
3.23675,-0.00738457050192217
3.236875,-0.00522167987807631
3.237,-6.64181377176091e-15
3.237125,0.00522167987804792
3.23725,0.00738457050192217
3.237375,0.00522167987806509
3.2375,1.76352940025726e-14
3.237625,-0.00522167987804015
3.23775,-0.00738457050192217
3.237875,-0.00522167987807286
3.238,-2.86287742333843e-14
3.238125,0.00522167987805137
3.23825,0.00738457050192217
3.238375,0.00522167987806164
3.2385,1.27573434787286e-14
3.238625,-0.0052216798780436
3.23875,-0.00738457050192217
3.238875,-0.00522167987806941
3.239,-2.37508237095403e-14
3.239125,0.00522167987805482
3.23925,0.00738457050192217
3.239375,0.00522167987807719
3.2395,7.87939295488458e-15
3.239625,-0.00522167987804705
3.23975,-0.00738457050192217
3.239875,-0.00522167987806596
3.24,-1.88728731856963e-14
3.240125,0.00522167987803927
3.24025,0.00738457050192217
3.240375,0.00522167987807374
3.2405,2.9866353416508e-14
3.240625,-0.0052216798780505
3.24075,-0.00738457050192217
3.240875,-0.00522167987806251
3.241,-1.39949226618523e-14
3.241125,0.00522167987804272
3.24125,0.00738457050192217
3.241375,0.00522167987807029
3.2415,2.4988402892664e-14
3.241625,-0.00522167987805395
3.24175,-0.00738457050192217
3.241875,-0.00522167987807806
3.242,-9.11697213800825e-15
3.242125,0.00522167987804617
3.24225,0.00738457050192217
3.242375,0.00522167987806684
3.2425,2.011045236882e-14
3.242625,-0.0052216798780384
3.24275,-0.00738457050192217
3.242875,-0.00522167987805562
3.243,-3.11039325996317e-14
3.243125,0.00522167987804962
3.24325,0.00738457050192217
3.243375,0.00522167987808239
3.2435,1.52325018449759e-14
3.243625,-0.00522167987806084
3.24375,-0.00738457050192217
3.243875,-0.00522167987807116
3.244,6.38928909679794e-16
3.244125,0.00522167987805307
3.24425,0.00738457050192217
3.244375,0.00522167987807894
3.2445,1.03545513211319e-14
3.244625,-0.0052216798780453
3.24475,-0.00738457050192217
3.244875,-0.00522167987806771
3.245,-2.13480315519436e-14
3.245125,0.00522167987803752
3.24525,0.00738457050192217
3.245375,0.00522167987807549
3.2455,3.23415117827554e-14
3.245625,-0.00522167987804875
3.24575,-0.00738457050192217
3.245875,-0.00522167987808326
3.246,-1.64700810280996e-14
3.246125,0.00522167987805997
3.24625,0.00738457050192217
3.246375,0.00522167987807204
3.2465,5.98650273443876e-16
3.246625,-0.00522167987805219
3.24675,-0.00738457050192217
3.246875,-0.00522167987806082
3.247,-1.15921305042556e-14
3.247125,0.00522167987804442
3.24725,0.00738457050192217
3.247375,0.00522167987806859
3.2475,2.25856107350673e-14
3.247625,-0.00522167987805564
3.24775,-0.00738457050192217
3.247875,-0.00522167987807636
3.248,-6.71417998041157e-15
3.248125,0.00522167987804787
3.24825,0.00738457050192217
3.248375,0.00522167987808414
3.2485,1.77076602112233e-14
3.248625,-0.00522167987805909
3.24875,-0.00738457050192217
3.248875,-0.00522167987807291
3.249,-1.83622945656755e-15
3.249125,0.00522167987805132
3.24925,0.00738457050192217
3.249375,0.00522167987806169
3.2495,1.28297096873793e-14
3.249625,-0.00522167987804355
3.24975,-0.00738457050192217
3.249875,-0.00522167987806946
3.25,-2.3823189918191e-14
3.250125,0.00522167987805477
3.25025,0.00738457050192217
3.250375,0.00522167987807724
3.2505,7.95175916353524e-15
3.250625,-0.005221679878047
3.25075,-0.00738457050192217
3.250875,-0.00522167987806601
3.251,-1.8945239394347e-14
3.251125,0.00522167987805822
3.25125,0.00738457050192217
3.251375,0.00522167987807379
3.2515,3.07380863969122e-15
3.251625,-0.00522167987805044
3.25175,-0.00738457050192217
3.251875,-0.00522167987806257
3.252,-1.40672888705029e-14
3.252125,0.00522167987804267
3.25225,0.00738457050192217
3.252375,0.00522167987807034
3.2525,2.50607691013146e-14
3.252625,-0.00522167987805389
3.25275,-0.00738457050192217
3.252875,-0.00522167987807811
3.253,-9.18933834665891e-15
3.253125,0.00522167987804612
3.25325,0.00738457050192217
3.253375,0.00522167987806689
3.2535,2.01828185774706e-14
3.253625,-0.00522167987805734
3.25375,-0.00738457050192217
3.253875,-0.00522167987807466
3.254,-4.31138782281489e-15
3.254125,0.00522167987804957
3.25425,0.00738457050192217
3.254375,0.00522167987806344
3.2545,1.53048680536266e-14
3.254625,-0.0052216798780418
3.25475,-0.00738457050192217
3.254875,-0.00522167987807121
3.255,-2.62983482844383e-14
3.255125,0.00522167987805302
3.25525,0.00738457050192217
3.255375,0.00522167987807899
3.2555,1.04269175297826e-14
3.255625,-0.00522167987806424
3.25575,-0.00738457050192217
3.255875,-0.00522167987806776
3.256,-2.14203977605943e-14
3.256125,0.00522167987803747
3.25625,0.00738457050192217
3.256375,0.00522167987807554
3.2565,5.54896700593856e-15
3.256625,-0.00522167987804869
3.25675,-0.00738457050192217
3.256875,-0.00522167987806432
3.257,-1.65424472367503e-14
3.257125,0.00522167987804092
3.25725,0.00738457050192217
3.257375,0.00522167987807209
3.2575,2.7535927467562e-14
3.257625,-0.00522167987805214
3.25775,-0.00738457050192217
3.257875,-0.00522167987807986
3.258,-1.16644967129062e-14
3.258125,0.00522167987804437
3.25825,0.00738457050192217
3.258375,0.00522167987806864
3.2585,-4.20693404174949e-15
3.258625,-0.0052216798780366
3.25875,-0.00738457050192217
3.258875,-0.00522167987805742
3.259,-3.36514571745297e-14
3.259125,0.00522167987804782
3.25925,0.00738457050192217
3.259375,0.00522167987806519
3.2595,1.77800264198739e-14
3.259625,-0.00522167987805904
3.25975,-0.00738457050192217
3.259875,-0.00522167987807296
3.26,-2.87735066506857e-14
3.260125,0.00522167987805127
3.26025,0.00738457050192217
3.260375,0.00522167987808074
3.2605,1.29020758960299e-14
3.260625,-0.0052216798780435
3.26075,-0.00738457050192217
3.260875,-0.00522167987806951
3.261,2.96935485862582e-15
3.261125,0.00522167987803572
3.26125,0.00738457050192217
3.261375,0.00522167987805829
3.2615,3.48890363576534e-14
3.261625,-0.00522167987804694
3.26175,-0.00738457050192217
3.261875,-0.00522167987806607
3.262,-1.90176056029976e-14
3.262125,0.00522167987805817
3.26225,0.00738457050192217
3.262375,0.00522167987807384
3.2625,3.14617484834187e-15
3.262625,-0.00522167987805039
3.26275,-0.00738457050192217
3.262875,-0.00522167987806262
3.263,-1.41396550791536e-14
3.263125,0.00522167987804262
3.26325,0.00738457050192217
3.263375,0.00522167987807039
3.2635,2.51331353099653e-14
3.263625,-0.00522167987805384
3.26375,-0.00738457050192217
3.263875,-0.00522167987805917
3.264,-3.6126615540777e-14
3.264125,0.00522167987804607
3.26425,0.00738457050192217
3.264375,0.00522167987808594
3.2645,2.02551847861213e-14
3.264625,-0.00522167987805729
3.26475,-0.00738457050192217
3.264875,-0.00522167987807471
3.265,-4.38375403146554e-15
3.265125,0.00522167987804952
3.26525,0.00738457050192217
3.265375,0.00522167987806349
3.2655,1.53772342622773e-14
3.265625,-0.00522167987804175
3.26575,-0.00738457050192217
3.265875,-0.00522167987807126
3.266,-2.6370714493089e-14
3.266125,0.00522167987805297
3.26625,0.00738457050192217
3.266375,0.00522167987806004
3.2665,1.04992837384332e-14
3.266625,-0.00522167987804519
3.26675,-0.00738457050192217
3.266875,-0.00522167987806782
3.267,-2.1492763969245e-14
3.267125,0.00522167987805642
3.26725,0.00738457050192217
3.267375,0.00522167987807559
3.2675,5.62133321458921e-15
3.267625,-0.00522167987804864
3.26775,-0.00738457050192217
3.267875,-0.00522167987806437
3.268,-1.66148134454009e-14
3.268125,0.00522167987804087
3.26825,0.00738457050192217
3.268375,0.00522167987807214
3.2685,2.76082936762126e-14
3.268625,-0.00522167987805209
3.26875,-0.00738457050192217
3.268875,-0.00522167987807991
3.269,-1.17368629215569e-14
3.269125,0.00522167987804432
3.26925,0.00738457050192217
3.269375,0.00522167987806869
3.2695,2.27303431523686e-14
3.269625,-0.00522167987805554
3.26975,-0.00738457050192217
3.269875,-0.00522167987807646
3.27,-6.85891239771288e-15
3.270125,0.00522167987804777
3.27025,0.00738457050192217
3.270375,0.00522167987806524
3.2705,1.78523926285246e-14
3.270625,-0.00522167987803999
3.27075,-0.00738457050192217
3.270875,-0.00522167987807301
3.271,-2.88458728593363e-14
3.271125,0.00522167987805122
3.27125,0.00738457050192217
3.271375,0.00522167987808079
3.2715,1.29744421046806e-14
3.271625,-0.00522167987804344
3.27175,-0.00738457050192217
3.271875,-0.00522167987806957
3.272,-2.39679223354923e-14
3.272125,0.00522167987805467
3.27225,0.00738457050192217
3.272375,0.00522167987807734
3.2725,8.09649158083655e-15
3.272625,-0.00522167987804689
3.27275,-0.00738457050192217
3.272875,-0.00522167987806612
3.273,-1.90899718116483e-14
3.273125,0.00522167987803912
3.27325,0.00738457050192217
3.273375,0.00522167987807389
3.2735,3.008345204246e-14
3.273625,-0.00522167987805034
3.27375,-0.00738457050192217
3.273875,-0.00522167987808166
3.274,-1.42120212878042e-14
3.274125,0.00522167987806156
3.27425,0.00738457050192217
3.274375,0.00522167987807044
3.2745,-1.65940946685149e-15
3.274625,-0.00522167987805379
3.27475,-0.00738457050192217
3.274875,-0.00522167987805922
3.275,-9.33407076396022e-15
3.275125,0.00522167987804602
3.27525,0.00738457050192217
3.275375,0.00522167987806699
3.2755,2.03275509947719e-14
3.275625,-0.00522167987803824
3.27575,-0.00738457050192217
3.275875,-0.00522167987807477
3.276,-3.13210312255837e-14
3.276125,0.00522167987804947
3.27625,0.00738457050192217
3.276375,0.00522167987808254
3.2765,1.54496004709279e-14
3.276625,-0.00522167987806069
3.27675,-0.00738457050192217
3.276875,-0.00522167987807132
3.277,4.21830283727825e-16
3.277125,0.00522167987803392
3.27725,0.00738457050192217
3.277375,0.00522167987806009
3.2775,1.05716499470839e-14
3.277625,-0.00522167987804514
3.27775,-0.00738457050192217
3.277875,-0.00522167987806787
3.278,-2.15651301778956e-14
3.278125,0.00522167987805637
3.27825,0.00738457050192217
3.278375,0.00522167987807564
3.2785,5.69369942323987e-15
3.278625,-0.00522167987804859
3.27875,-0.00738457050192217
3.278875,-0.00522167987806442
3.279,-1.66871796540516e-14
3.279125,0.00522167987805981
3.27925,0.00738457050192217
3.279375,0.00522167987807219
3.2795,8.15748899395845e-16
3.279625,-0.00522167987803305
3.27975,-0.00738457050192217
3.279875,-0.00522167987806097
3.28,-1.18092291302076e-14
3.280125,0.00522167987804427
3.28025,0.00738457050192217
3.280375,0.00522167987806874
3.2805,2.28027093610193e-14
3.280625,-0.00522167987805549
3.28075,-0.00738457050192217
3.280875,-0.00522167987807652
3.281,-6.93127860636354e-15
3.281125,0.00522167987804772
3.28125,0.00738457050192217
3.281375,0.00522167987806529
3.2815,1.79247588371753e-14
3.281625,-0.00522167987803994
3.28175,-0.00738457050192217
3.281875,-0.00522167987807307
3.282,-2.05332808251951e-15
3.282125,0.00522167987805117
3.28225,0.00738457050192217
3.282375,0.00522167987806184
3.2825,1.30468083133312e-14
3.282625,-0.00522167987804339
3.28275,-0.00738457050192217
3.282875,-0.00522167987806962
3.283,-2.40402885441429e-14
3.283125,0.00522167987805462
3.28325,0.00738457050192217
3.283375,0.00522167987807739
3.2835,8.16885778948721e-15
3.283625,-0.00522167987804684
3.28375,-0.00738457050192217
3.283875,-0.00522167987806617
3.284,-1.91623380202989e-14
3.284125,0.00522167987803907
3.28425,0.00738457050192217
3.284375,0.00522167987807394
3.2845,3.01558182511106e-14
3.284625,-0.00522167987805029
3.28475,-0.00738457050192217
3.284875,-0.00522167987806272
3.285,-1.42843874964549e-14
3.285125,0.00522167987804252
3.28525,0.00738457050192217
3.285375,0.00522167987807049
3.2855,2.52778677272666e-14
3.285625,-0.00522167987805374
3.28575,-0.00738457050192217
3.285875,-0.00522167987807827
3.286,-9.40643697261088e-15
3.286125,0.00522167987804597
3.28625,0.00738457050192217
3.286375,0.00522167987806704
3.2865,-6.46499378204486e-15
3.286625,-0.00522167987803819
3.28675,-0.00738457050192217
3.286875,-0.00522167987805582
3.287,-3.13933974342343e-14
3.287125,0.00522167987804942
3.28725,0.00738457050192217
3.287375,0.00522167987806359
3.2875,1.55219666795786e-14
3.287625,-0.00522167987804164
3.28775,-0.00738457050192217
3.287875,-0.00522167987807137
3.288,-2.65154469103903e-14
3.288125,0.00522167987805287
3.28825,0.00738457050192217
3.288375,0.00522167987807914
3.2885,1.06440161557345e-14
3.288625,-0.00522167987804509
3.28875,-0.00738457050192217
3.288875,-0.00522167987806792
3.289,-2.16374963865463e-14
3.289125,0.00522167987803732
3.28925,0.00738457050192217
3.289375,0.0052216798780567
3.2895,3.2630976617358e-14
3.289625,-0.00522167987804854
3.28975,-0.00738457050192217
3.289875,-0.00522167987808347
3.29,-1.67595458627022e-14
3.290125,0.00522167987805976
3.29025,0.00738457050192217
3.290375,0.00522167987807224
3.2905,8.88115108046502e-16
3.290625,-0.00522167987805199
3.29075,-0.00738457050192217
3.290875,-0.00522167987806102
3.291,-1.18815953388582e-14
3.291125,0.00522167987804422
3.29125,0.00738457050192217
3.291375,0.00522167987806879
3.2915,2.28750755696699e-14
3.291625,-0.00522167987803644
3.29175,-0.00738457050192217
3.291875,-0.00522167987805757
3.292,-3.38685558004817e-14
3.292125,0.00522167987804767
3.29225,0.00738457050192217
3.292375,0.00522167987808434
3.2925,1.79971250458259e-14
3.292625,-0.00522167987805889
3.29275,-0.00738457050192217
3.292875,-0.00522167987807312
3.293,-2.12569429117017e-15
3.293125,0.00522167987805112
3.29325,0.00738457050192217
3.293375,0.00522167987806189
3.2935,1.31191745219819e-14
3.293625,-0.00522167987804334
3.29375,-0.00738457050192217
3.293875,-0.00522167987806967
3.294,-2.41126547527936e-14
3.294125,0.00522167987805456
3.29425,0.00738457050192217
3.294375,0.00522167987807744
3.2945,8.24122399813786e-15
3.294625,-0.00522167987804679
3.29475,-0.00738457050192217
3.294875,-0.00522167987806622
3.295,-1.92347042289496e-14
3.295125,0.00522167987805801
3.29525,0.00738457050192217
3.295375,0.00522167987807399
3.2955,3.36327347429384e-15
3.295625,-0.00522167987805024
3.29575,-0.00738457050192217
3.295875,-0.00522167987806277
3.296,-1.43567537051056e-14
3.296125,0.00522167987804247
3.29625,0.00738457050192217
3.296375,0.00522167987807054
3.2965,2.53502339359173e-14
3.296625,-0.00522167987805369
3.29675,-0.00738457050192217
3.296875,-0.00522167987807832
3.297,-9.47880318126153e-15
3.297125,0.00522167987804592
3.29725,0.00738457050192217
3.297375,0.00522167987806709
3.2975,2.04722834120733e-14
3.297625,-0.00522167987805714
3.29775,-0.00738457050192217
3.297875,-0.00522167987807487
3.298,-4.60085265741751e-15
3.298125,0.00522167987804936
3.29825,0.00738457050192217
3.298375,0.00522167987806364
3.2985,1.55943328882292e-14
3.298625,-0.00522167987804159
3.29875,-0.00738457050192217
3.298875,-0.00522167987807142
3.299,-2.65878131190409e-14
3.299125,0.00522167987805281
3.29925,0.00738457050192217
3.299375,0.00522167987807919
3.2995,1.07163823643852e-14
3.299625,-0.00522167987804504
3.29975,-0.00738457050192217
3.299875,-0.00522167987806797
3.3,-2.17098625951969e-14
3.300125,0.00522167987805626
3.30025,0.00738457050192217
3.300375,0.00522167987807574
3.3005,5.83843184054118e-15
3.300625,-0.00522167987804849
3.30075,-0.00738457050192217
3.300875,-0.00522167987806452
3.301,-1.68319120713529e-14
3.301125,0.00522167987804072
3.30125,0.00738457050192217
3.301375,0.00522167987807229
3.3015,2.78253923021646e-14
3.301625,-0.00522167987805194
3.30175,-0.00738457050192217
3.301875,-0.00522167987808007
3.302,-1.19539615475089e-14
3.302125,0.00522167987806316
3.30225,0.00738457050192217
3.302375,0.00522167987806884
3.3025,-3.91746920714686e-15
3.302625,-0.00522167987803639
3.30275,-0.00738457050192217
3.302875,-0.00522167987807662
3.303,-7.07601102366485e-15
3.303125,0.00522167987804761
3.30325,0.00738457050192217
3.303375,0.0052216798780654
3.3035,1.80694912544766e-14
3.303625,-0.00522167987803984
3.30375,-0.00738457050192217
3.303875,-0.00522167987807317
3.304,-2.90629714852883e-14
3.304125,0.00522167987805106
3.30425,0.00738457050192217
3.304375,0.00522167987808094
3.3045,1.31915407306325e-14
3.304625,-0.00522167987806229
3.30475,-0.00738457050192217
3.304875,-0.00522167987806972
3.305,2.6798900240232e-15
3.305125,0.00522167987803552
3.30525,0.00738457050192217
3.305375,0.0052216798780585
3.3055,8.31359020678852e-15
3.305625,-0.00522167987804674
3.30575,-0.00738457050192217
3.305875,-0.00522167987806627
3.306,-1.93070704376002e-14
3.306125,0.00522167987805796
3.30625,0.00738457050192217
3.306375,0.00522167987807404
3.3065,3.4356396829445e-15
3.306625,-0.00522167987805019
3.30675,-0.00738457050192217
3.306875,-0.00522167987808182
3.307,-1.44291199137562e-14
3.307125,0.00522167987804242
3.30725,0.00738457050192217
3.307375,0.00522167987807059
3.3075,-1.44231084089953e-15
3.307625,-0.00522167987803464
3.30775,-0.00738457050192217
3.307875,-0.00522167987805937
3.308,-3.64160803753796e-14
3.308125,0.00522167987804586
3.30825,0.00738457050192217
3.308375,0.00522167987806715
3.3085,2.05446496207239e-14
3.308625,-0.00522167987805709
3.30875,-0.00738457050192217
3.308875,-0.00522167987807492
3.309,-4.67321886606817e-15
3.309125,0.00522167987804931
3.30925,0.00738457050192217
3.309375,0.0052216798780637
3.3095,1.56666990968799e-14
3.309625,-0.00522167987804154
3.30975,-0.00738457050192217
3.309875,-0.00522167987807147
3.31,-2.66601793276916e-14
3.310125,0.00522167987805276
3.31025,0.00738457050192217
3.310375,0.00522167987806025
3.3105,1.07887485730359e-14
3.310625,-0.00522167987804499
3.31075,-0.00738457050192217
3.310875,-0.00522167987806802
3.311,-2.17822288038476e-14
3.311125,0.00522167987805621
3.31125,0.00738457050192217
3.311375,0.00522167987807579
3.3115,5.91079804919184e-15
3.311625,-0.00522167987804844
3.31175,-0.00738457050192217
3.311875,-0.00522167987806457
3.312,-1.69042782800036e-14
3.312125,0.00522167987804067
3.31225,0.00738457050192217
3.312375,0.00522167987807234
3.3125,2.78977585108153e-14
3.312625,-0.00522167987805189
3.31275,-0.00738457050192217
3.312875,-0.00522167987806112
3.313,-1.20263277561595e-14
3.313125,0.00522167987804411
3.31325,0.00738457050192217
3.313375,0.0052216798780689
3.3135,2.30198079869712e-14
3.313625,-0.00522167987805534
3.31375,-0.00738457050192217
3.313875,-0.00522167987807667
3.314,-7.14837723231551e-15
3.314125,0.00522167987804756
3.31425,0.00738457050192217
3.314375,0.00522167987806545
3.3145,1.81418574631272e-14
3.314625,-0.00522167987803979
3.31475,-0.00738457050192217
3.314875,-0.00522167987807322
3.315,-2.91353376939389e-14
3.315125,0.00522167987805101
3.31525,0.00738457050192217
3.315375,0.00522167987808099
3.3155,1.32639069392832e-14
3.315625,-0.00522167987804324
3.31575,-0.00738457050192217
3.315875,-0.00522167987806977
3.316,-2.42573871700949e-14
3.316125,0.00522167987805446
3.31625,0.00738457050192217
3.316375,0.00522167987807754
3.3165,8.38595641543918e-15
3.316625,-0.00522167987804669
3.31675,-0.00738457050192217
3.316875,-0.00522167987806632
3.317,-1.93794366462509e-14
3.317125,0.00522167987803891
3.31725,0.00738457050192217
3.317375,0.0052216798780551
3.3175,3.03729168770626e-14
3.317625,-0.00522167987805014
3.31775,-0.00738457050192217
3.317875,-0.00522167987808187
3.318,-1.45014861224069e-14
3.318125,0.00522167987806136
3.31825,0.00738457050192217
3.318375,0.00522167987807065
3.3185,2.54949663532186e-14
3.318625,-0.00522167987805359
3.31875,-0.00738457050192217
3.318875,-0.00522167987807842
3.319,-9.62353559856285e-15
3.319125,0.00522167987804581
3.31925,0.00738457050192217
3.319375,0.0052216798780672
3.3195,2.06170158293746e-14
3.319625,-0.00522167987803804
3.31975,-0.00738457050192217
3.319875,-0.00522167987807497
3.32,-3.16104960601863e-14
3.320125,0.00522167987804926
3.32025,0.00738457050192217
3.320375,0.00522167987808274
3.3205,1.57390653055305e-14
3.320625,-0.00522167987806049
3.32075,-0.00738457050192217
3.320875,-0.00522167987807152
3.321,1.32365449125199e-16
3.321125,0.00522167987805271
3.32125,0.00738457050192217
3.321375,0.0052216798780603
3.3215,1.08611147816865e-14
3.321625,-0.00522167987804494
3.32175,-0.00738457050192217
3.321875,-0.00522167987806807
3.322,-2.18545950124982e-14
3.322125,0.00522167987805616
3.32225,0.00738457050192217
3.322375,0.00522167987807584
3.3225,3.28480752433099e-14
3.322625,-0.00522167987804839
3.32275,-0.00738457050192217
3.322875,-0.00522167987808362
3.323,-1.69766444886542e-14
3.323125,0.00522167987805961
3.32325,0.00738457050192217
3.323375,0.0052216798780724
3.3235,1.10521373399847e-15
3.323625,-0.00522167987805184
3.32375,-0.00738457050192217
3.323875,-0.00522167987806117
3.324,-1.20986939648102e-14
3.324125,0.00522167987804406
3.32425,0.00738457050192217
3.324375,0.00522167987806895
3.3245,2.30921741956219e-14
3.324625,-0.00522167987805529
3.32475,-0.00738457050192217
3.324875,-0.00522167987807672
3.325,-7.22074344096616e-15
3.325125,0.00522167987804751
3.32525,0.00738457050192217
3.325375,0.0052216798780655
3.3255,1.82142236717779e-14
3.325625,-0.00522167987805873
3.32575,-0.00738457050192217
3.325875,-0.00522167987807327
3.326,-2.34279291712214e-15
3.326125,0.00522167987805096
3.32625,0.00738457050192217
3.326375,0.00522167987806205
3.3265,1.33362731479339e-14
3.326625,-0.00522167987804319
3.32675,-0.00738457050192217
3.326875,-0.00522167987806982
3.327,-2.43297533787456e-14
3.327125,0.00522167987805441
3.32725,0.00738457050192217
3.327375,0.00522167987807759
3.3275,8.45832262408983e-15
3.327625,-0.00522167987804664
3.32775,-0.00738457050192217
3.327875,-0.00522167987806637
3.328,-1.94518028549015e-14
3.328125,0.00522167987803886
3.32825,0.00738457050192217
3.328375,0.00522167987807415
3.3285,3.58037210024581e-15
3.328625,-0.00522167987805009
3.32875,-0.00738457050192217
3.328875,-0.00522167987806292
3.329,-1.45738523310575e-14
3.329125,0.00522167987804231
3.32925,0.00738457050192217
3.329375,0.0052216798780707
3.3295,2.55673325618692e-14
3.329625,-0.00522167987805354
3.32975,-0.00738457050192217
3.329875,-0.00522167987807847
3.33,-9.6959018072135e-15
3.330125,0.00522167987804576
3.33025,0.00738457050192217
3.330375,0.00522167987806725
3.3305,2.06893820380252e-14
3.330625,-0.00522167987803799
3.33075,-0.00738457050192217
3.330875,-0.00522167987807502
3.331,-4.81795128336948e-15
3.331125,0.00522167987804921
3.33125,0.00738457050192217
3.331375,0.0052216798780638
3.3315,1.58114315141812e-14
3.331625,-0.00522167987804144
3.33175,-0.00738457050192217
3.331875,-0.00522167987807157
3.332,-2.68049117449929e-14
3.332125,0.00522167987805266
3.33225,0.00738457050192217
3.332375,0.00522167987807935
3.3325,1.09334809903372e-14
3.332625,-0.00522167987804489
3.33275,-0.00738457050192217
3.332875,-0.00522167987806812
3.333,4.93794976431857e-15
3.333125,0.00522167987803711
3.33325,0.00738457050192217
3.333375,0.0052216798780569
3.3335,3.29204414519606e-14
3.333625,-0.00522167987804834
3.33375,-0.00738457050192217
3.333875,-0.00522167987806467
3.334,-1.70490106973049e-14
3.334125,0.00522167987804056
3.33425,0.00738457050192217
3.334375,0.00522167987807245
3.3345,2.80424909281166e-14
3.334625,-0.00522167987805179
3.33475,-0.00738457050192217
3.334875,-0.00522167987808022
3.335,-1.21710601734608e-14
3.335125,0.00522167987804401
3.33525,0.00738457050192217
3.335375,0.005221679878069
3.3355,2.31645404042726e-14
3.335625,-0.00522167987803624
3.33575,-0.00738457050192217
3.335875,-0.00522167987805778
3.336,-3.41580206350843e-14
3.336125,0.00522167987804746
3.33625,0.00738457050192217
3.336375,0.00522167987806555
3.3365,1.82865898804285e-14
3.336625,-0.00522167987805868
3.33675,-0.00738457050192217
3.336875,-0.00522167987807332
3.337,-2.4151591257728e-15
3.337125,0.00522167987805091
3.33725,0.00738457050192217
3.337375,0.0052216798780621
3.3375,1.34086393565845e-14
3.337625,-0.00522167987804314
3.33775,-0.00738457050192217
3.337875,-0.00522167987806987
3.338,-2.44021195873962e-14
3.338125,0.00522167987803536
3.33825,0.00738457050192217
3.338375,0.00522167987805865
3.3385,3.53955998182079e-14
3.338625,-0.00522167987804659
3.33875,-0.00738457050192217
3.338875,-0.00522167987808542
3.339,-1.95241690635522e-14
3.339125,0.00522167987805781
3.33925,0.00738457050192217
3.339375,0.0052216798780742
3.3395,3.65273830889647e-15
3.339625,-0.00522167987805004
3.33975,-0.00738457050192217
3.339875,-0.00522167987806297
3.34,-1.46462185397082e-14
3.340125,0.00522167987804226
3.34025,0.00738457050192217
3.340375,0.00522167987807075
3.3405,2.56396987705199e-14
3.340625,-0.00522167987805348
3.34075,-0.00738457050192217
3.340875,-0.00522167987807852
3.341,-9.76826801586416e-15
3.341125,0.00522167987804571
3.34125,0.00738457050192217
3.341375,0.0052216798780673
3.3415,2.07617482466759e-14
3.341625,-0.00522167987805693
3.34175,-0.00738457050192217
3.341875,-0.00522167987807507
3.342,-4.89031749202014e-15
3.342125,0.00522167987804916
3.34225,0.00738457050192217
3.342375,0.00522167987806385
3.3425,1.58837977228319e-14
3.342625,-0.00522167987804139
3.34275,-0.00738457050192217
3.342875,-0.00522167987807162
3.343,-2.68772779536436e-14
3.343125,0.00522167987805261
3.34325,0.00738457050192217
3.343375,0.0052216798780794
3.3435,1.10058471989878e-14
3.343625,-0.00522167987804484
3.34375,-0.00738457050192217
3.343875,-0.00522167987806817
3.344,-2.19993274297995e-14
3.344125,0.00522167987805606
3.34425,0.00738457050192217
3.344375,0.00522167987807595
3.3445,6.12789667514381e-15
3.344625,-0.00522167987804829
3.34475,-0.00738457050192217
3.344875,-0.00522167987806472
3.345,-1.71213769059555e-14
3.345125,0.00522167987804051
3.34525,0.00738457050192217
3.345375,0.0052216798780725
3.3455,2.81148571367672e-14
3.345625,-0.00522167987805173
3.34575,-0.00738457050192217
3.345875,-0.00522167987808027
3.346,-1.22434263821115e-14
3.346125,0.00522167987804396
3.34625,0.00738457050192217
3.346375,0.00522167987806905
3.3465,2.32369066129232e-14
3.346625,-0.00522167987805518
3.34675,-0.00738457050192217
3.346875,-0.00522167987807682
3.347,-7.36547585826748e-15
3.347125,0.00522167987804741
3.34725,0.00738457050192217
3.347375,0.0052216798780656
3.3475,1.83589560890792e-14
3.347625,-0.00522167987803964
3.34775,-0.00738457050192217
3.347875,-0.00522167987807337
3.348,-2.93524363198909e-14
3.348125,0.00522167987805086
3.34825,0.00738457050192217
3.348375,0.00522167987808115
3.3485,1.34810055652352e-14
3.348625,-0.00522167987806208
3.34875,-0.00738457050192217
3.348875,-0.00522167987806992
3.349,2.39042518942057e-15
3.349125,0.00522167987805431
3.34925,0.00738457050192217
3.349375,0.0052216798780587
3.3495,8.60305504139115e-15
3.349625,-0.00522167987804654
3.34975,-0.00738457050192217
3.349875,-0.00522167987806647
3.35,-1.95965352722029e-14
3.350125,0.00522167987803876
3.35025,0.00738457050192217
3.350375,0.00522167987807425
3.3505,3.05900155030146e-14
3.350625,-0.00522167987804998
3.35075,-0.00738457050192217
3.350875,-0.00522167987808202
3.351,-1.47185847483588e-14
3.351125,0.00522167987806121
3.35125,0.00738457050192217
3.351375,0.0052216798780708
3.3515,-1.1528460062969e-15
3.351625,-0.00522167987803444
3.35175,-0.00738457050192217
3.351875,-0.00522167987805958
3.352,-9.84063422451482e-15
3.352125,0.00522167987804566
3.35225,0.00738457050192217
3.352375,0.00522167987806735
3.3525,2.08341144553265e-14
3.352625,-0.00522167987805688
3.35275,-0.00738457050192217
3.352875,-0.00522167987807512
3.353,-4.96268370067079e-15
3.353125,0.00522167987804911
3.35325,0.00738457050192217
3.353375,0.0052216798780639
3.3535,1.59561639314825e-14
3.353625,-0.00522167987804134
3.35375,-0.00738457050192217
3.353875,-0.00522167987807167
3.354,-8.47331768267703e-17
3.354125,0.00522167987803356
3.35425,0.00738457050192217
3.354375,0.00522167987806045
3.3545,1.10782134076385e-14
3.354625,-0.00522167987804479
3.35475,-0.00738457050192217
3.354875,-0.00522167987806822
3.355,-2.20716936384502e-14
3.355125,0.00522167987805601
3.35525,0.00738457050192217
3.355375,0.005221679878076
3.3555,6.20026288379446e-15
3.355625,-0.00522167987804823
3.35575,-0.00738457050192217
3.355875,-0.00522167987806478
3.356,-1.71937431146062e-14
3.356125,0.00522167987804046
3.35625,0.00738457050192217
3.356375,0.00522167987807255
3.3565,1.32231235995044e-15
3.356625,-0.00522167987805168
3.35675,-0.00738457050192217
3.356875,-0.00522167987806133
3.357,-1.23157925907622e-14
3.357125,0.00522167987804391
3.35725,0.00738457050192217
3.357375,0.0052216798780691
3.3575,2.33092728215739e-14
3.357625,-0.00522167987805513
3.35775,-0.00738457050192217
3.357875,-0.00522167987807687
3.358,-7.43784206691813e-15
3.358125,0.00522167987804736
3.35825,0.00738457050192217
3.358375,0.00522167987806565
3.3585,1.84313222977298e-14
3.358625,-0.00522167987803959
3.35875,-0.00738457050192217
3.358875,-0.00522167987807342
3.359,-2.94248025285416e-14
3.359125,0.00522167987805081
3.35925,0.00738457050192217
3.359375,0.0052216798780622
3.3595,1.35533717738858e-14
3.359625,-0.00522167987804303
3.35975,-0.00738457050192217
3.359875,-0.00522167987806998
3.36,-2.45468520046975e-14
3.360125,0.00522167987805426
3.36025,0.00738457050192217
3.360375,0.00522167987807775
3.3605,8.6754212500418e-15
3.360625,-0.00522167987804648
3.36075,-0.00738457050192217
3.360875,-0.00522167987806653
3.361,7.19600950461394e-15
3.361125,0.00522167987803871
3.36125,0.00738457050192217
3.361375,0.0052216798780743
3.3615,3.06623817116652e-14
3.361625,-0.00522167987804993
3.36175,-0.00738457050192217
3.361875,-0.00522167987806308
3.362,-1.47909509570095e-14
3.362125,0.00522167987804216
3.36225,0.00738457050192217
3.362375,0.00522167987807085
3.3625,2.57844311878212e-14
3.362625,-0.00522167987805338
3.36275,-0.00738457050192217
3.362875,-0.00522167987807862
3.363,-9.91300043316547e-15
3.363125,0.00522167987804561
3.36325,0.00738457050192217
3.363375,0.0052216798780674
3.3635,2.09064806639772e-14
3.363625,-0.00522167987803784
3.36375,-0.00738457050192217
3.363875,-0.00522167987805618
3.364,-3.18999608947889e-14
3.364125,0.00522167987804906
3.36425,0.00738457050192217
3.364375,0.00522167987808295
3.3645,1.60285301401332e-14
3.364625,-0.00522167987806028
3.36475,-0.00738457050192217
3.364875,-0.00522167987807173
3.365,-1.57099385477427e-16
3.365125,0.00522167987805251
3.36525,0.00738457050192217
3.365375,0.0052216798780795
3.3655,1.11505796162891e-14
3.365625,-0.00522167987804473
3.36575,-0.00738457050192217
3.365875,-0.00522167987806828
3.366,-2.21440598471009e-14
3.366125,0.00522167987803696
3.36625,0.00738457050192217
3.366375,0.00522167987807605
3.3665,3.31375400779126e-14
3.366625,-0.00522167987804818
3.36675,-0.00738457050192217
3.366875,-0.00522167987808382
3.367,-1.72661093232568e-14
3.367125,0.00522167987805941
3.36725,0.00738457050192217
3.367375,0.0052216798780726
3.3675,1.3946785686011e-15
3.367625,-0.00522167987805163
3.36775,-0.00738457050192217
3.367875,-0.00522167987806138
3.368,-1.23881587994128e-14
3.368125,0.00522167987804386
3.36825,0.00738457050192217
3.368375,0.00522167987806915
3.3685,2.33816390302245e-14
3.368625,-0.00522167987805508
3.36875,-0.00738457050192217
3.368875,-0.00522167987807692
3.369,-7.51020827556879e-15
3.369125,0.00522167987804731
3.36925,0.00738457050192217
3.369375,0.0052216798780847
3.3695,1.85036885063805e-14
3.369625,-0.00522167987805853
3.36975,-0.00738457050192217
3.369875,-0.00522167987807348
3.37,-2.63225775172477e-15
3.370125,0.00522167987805076
3.37025,0.00738457050192217
3.370375,0.00522167987806225
3.3705,1.36257379825365e-14
3.370625,-0.00522167987804298
3.37075,-0.00738457050192217
3.370875,-0.00522167987807003
3.371,-2.46192182133482e-14
3.371125,0.00522167987805421
3.37125,0.00738457050192217
3.371375,0.0052216798780778
3.3715,8.74778745869246e-15
3.371625,-0.00522167987804643
3.37175,-0.00738457050192217
3.371875,-0.00522167987806658
3.372,-1.97412676895042e-14
3.372125,0.00522167987805766
3.37225,0.00738457050192217
3.372375,0.00522167987807435
3.3725,3.86983693484844e-15
3.372625,-0.00522167987804988
3.37275,-0.00738457050192217
3.372875,-0.00522167987806313
3.373,-1.48633171656602e-14
3.373125,0.00522167987804211
3.37325,0.00738457050192217
3.373375,0.0052216798780709
3.3735,2.58567973964719e-14
3.373625,-0.00522167987805333
3.37375,-0.00738457050192217
3.373875,-0.00522167987807867
3.374,-9.98536664181613e-15
3.374125,0.00522167987804556
3.37425,0.00738457050192217
3.374375,0.00522167987806745
3.3745,2.09788468726278e-14
3.374625,-0.00522167987805678
3.37475,-0.00738457050192217
3.374875,-0.00522167987807523
3.375,-5.10741611797211e-15
3.375125,0.00522167987804901
3.37525,0.00738457050192217
3.375375,0.005221679878064
3.3755,1.61008963487838e-14
3.375625,-0.00522167987804123
3.37575,-0.00738457050192217
3.375875,-0.00522167987807178
3.376,-2.70943765795955e-14
3.376125,0.00522167987805246
3.37625,0.00738457050192217
3.376375,0.00522167987807955
3.3765,1.12229458249398e-14
3.376625,-0.00522167987806368
3.37675,-0.00738457050192217
3.376875,-0.00522167987806833
3.377,-2.22164260557515e-14
3.377125,0.00522167987803691
3.37725,0.00738457050192217
3.377375,0.0052216798780761
3.3775,6.34499530109578e-15
3.377625,-0.00522167987804813
3.37775,-0.00738457050192217
3.377875,-0.00522167987806488
3.378,-1.73384755319075e-14
3.378125,0.00522167987804036
3.37825,0.00738457050192217
3.378375,0.00522167987807265
3.3785,2.83319557627192e-14
3.378625,-0.00522167987805158
3.37875,-0.00738457050192217
3.378875,-0.00522167987808043
3.379,-1.24605250080635e-14
3.379125,0.00522167987804381
3.37925,0.00738457050192217
3.379375,0.0052216798780692
3.3795,-3.41090574659227e-15
3.379625,-0.00522167987803603
3.37975,-0.00738457050192217
3.379875,-0.00522167987805798
3.38,-7.58257448421945e-15
3.380125,0.00522167987804726
3.38025,0.00738457050192217
3.380375,0.00522167987806575
3.3805,1.85760547150312e-14
3.380625,-0.00522167987805848
3.38075,-0.00738457050192217
3.380875,-0.00522167987807353
3.381,-2.95695349458429e-14
3.381125,0.00522167987805071
3.38125,0.00738457050192217
3.381375,0.0052216798780813
3.3815,1.36981041911871e-14
3.381625,-0.00522167987804293
3.38175,-0.00738457050192217
3.381875,-0.00522167987807008
3.382,2.1733265634686e-15
3.382125,0.00522167987803516
3.38225,0.00738457050192217
3.382375,0.00522167987805885
3.3825,3.56850646528106e-14
3.382625,-0.00522167987804638
3.38275,-0.00738457050192217
3.382875,-0.00522167987806663
3.383,-1.98136338981548e-14
3.383125,0.0052216798780576
3.38325,0.00738457050192217
3.383375,0.0052216798780744
3.3835,3.94220314349909e-15
3.383625,-0.00522167987804983
3.38375,-0.00738457050192217
3.383875,-0.00522167987806318
3.384,-1.49356833743108e-14
3.384125,0.00522167987804206
3.38425,0.00738457050192217
3.384375,0.00522167987807095
3.3845,2.59291636051225e-14
3.384625,-0.00522167987805328
3.38475,-0.00738457050192217
3.384875,-0.00522167987805973
3.385,-3.69226438359342e-14
3.385125,0.00522167987804551
3.38525,0.00738457050192217
3.385375,0.0052216798780865
3.3855,2.10512130812785e-14
3.385625,-0.00522167987805673
3.38575,-0.00738457050192217
3.385875,-0.00522167987807528
3.386,-5.17978232662276e-15
3.386125,0.00522167987804896
3.38625,0.00738457050192217
3.386375,0.00522167987806405
3.3865,1.61732625574345e-14
3.386625,-0.00522167987804118
3.38675,-0.00738457050192217
3.386875,-0.00522167987807183
3.387,-2.71667427882462e-14
3.387125,0.0052216798780524
3.38725,0.00738457050192217
3.387375,0.00522167987806061
3.3875,1.12953120335905e-14
3.387625,-0.00522167987804463
3.38775,-0.00738457050192217
3.387875,-0.00522167987806838
3.388,-2.22887922644022e-14
3.388125,0.00522167987805585
3.38825,0.00738457050192217
3.388375,0.00522167987807615
3.3885,6.41736150974643e-15
3.388625,-0.00522167987804808
3.38875,-0.00738457050192217
3.388875,-0.00522167987806493
3.389,-1.74108417405581e-14
3.389125,0.00522167987804031
3.38925,0.00738457050192217
3.389375,0.0052216798780727
3.3895,2.84043219713699e-14
3.389625,-0.00522167987805153
3.38975,-0.00738457050192217
3.389875,-0.00522167987808048
3.39,-1.25328912167141e-14
3.390125,0.00522167987804376
3.39025,0.00738457050192217
3.390375,0.00522167987806925
3.3905,2.35263714475258e-14
3.390625,-0.00522167987805498
3.39075,-0.00738457050192217
3.390875,-0.00522167987807703
3.391,-7.6549406928701e-15
3.391125,0.00522167987804721
3.39125,0.00738457050192217
3.391375,0.0052216798780658
3.3915,1.86484209236818e-14
3.391625,-0.00522167987803943
3.39175,-0.00738457050192217
3.391875,-0.00522167987807358
3.392,-2.96419011544935e-14
3.392125,0.00522167987805065
3.39225,0.00738457050192217
3.392375,0.00522167987808135
3.3925,1.37704703998378e-14
3.392625,-0.00522167987804288
3.39275,-0.00738457050192217
3.392875,-0.00522167987807013
3.393,-2.47639506306495e-14
3.393125,0.0052216798780541
3.39325,0.00738457050192217
3.393375,0.0052216798780779
3.3935,8.89251987599377e-15
3.393625,-0.00522167987804633
3.39375,-0.00738457050192217
3.393875,-0.00522167987806668
3.394,-1.98860001068055e-14
3.394125,0.00522167987803856
3.39425,0.00738457050192217
3.394375,0.00522167987807445
3.3945,3.08794803376172e-14
3.394625,-0.00522167987804978
3.39475,-0.00738457050192217
3.394875,-0.00522167987808223
3.395,-1.50080495829615e-14
3.395125,0.005221679878061
3.39525,0.00738457050192217
3.395375,0.005221679878071
3.3955,-8.63381171694274e-16
3.395625,-0.00522167987805323
3.39575,-0.00738457050192217
3.395875,-0.00522167987805978
3.396,-1.01300990591174e-14
3.396125,0.00522167987804545
3.39625,0.00738457050192217
3.396375,0.00522167987806755
3.3965,2.11235792899292e-14
3.396625,-0.00522167987803768
3.39675,-0.00738457050192217
3.396875,-0.00522167987807533
3.397,-3.21170595207409e-14
3.397125,0.0052216798780489
3.39725,0.00738457050192217
3.397375,0.0052216798780831
3.3975,1.62456287660851e-14
3.397625,-0.00522167987806013
3.39775,-0.00738457050192217
3.397875,-0.00522167987807188
3.398,-3.74198011429396e-16
3.398125,0.00522167987803336
3.39825,0.00738457050192217
3.398375,0.00522167987806066
3.3985,1.13676782422411e-14
3.398625,-0.00522167987804458
3.39875,-0.00738457050192217
3.398875,-0.00522167987806843
3.399,-2.23611584730528e-14
3.399125,0.0052216798780558
3.39925,0.00738457050192217
3.399375,0.0052216798780762
3.3995,6.48972771839709e-15
3.399625,-0.00522167987804803
3.39975,-0.00738457050192217
3.399875,-0.00522167987806498
3.4,-1.74832079492088e-14
3.400125,0.00522167987805925
3.40025,0.00738457050192217
3.400375,0.00522167987807275
3.4005,1.61177719455307e-15
3.400625,-0.00522167987803248
3.40075,-0.00738457050192217
3.400875,-0.00522167987806153
3.401,-1.26052574253648e-14
3.401125,0.00522167987804371
3.40125,0.00738457050192217
3.401375,0.0052216798780693
3.4015,2.35987376561765e-14
3.401625,-0.00522167987805493
3.40175,-0.00738457050192217
3.401875,-0.00522167987807708
3.402,-7.72730690152076e-15
3.402125,0.00522167987804715
3.40225,0.00738457050192217
3.402375,0.00522167987806586
3.4025,1.87207871323325e-14
3.402625,-0.00522167987803938
3.40275,-0.00738457050192217
3.402875,-0.00522167987807363
3.403,-2.84935637767674e-15
3.403125,0.0052216798780506
3.40325,0.00738457050192217
3.403375,0.00522167987806241
3.4035,1.38428366084885e-14
3.403625,-0.00522167987804283
3.40375,-0.00738457050192217
3.403875,-0.00522167987807018
3.404,-2.48363168393002e-14
3.404125,0.00522167987805405
3.40425,0.00738457050192217
3.404375,0.00522167987807795
3.4045,8.96488608464443e-15
3.404625,-0.00522167987804628
3.40475,-0.00738457050192217
3.404875,-0.00522167987806673
3.405,-1.99583663154561e-14
3.405125,0.00522167987803851
3.40525,0.00738457050192217
3.405375,0.0052216798780745
3.4055,4.08693556080041e-15
3.405625,-0.00522167987804973
3.40575,-0.00738457050192217
3.405875,-0.00522167987806328
3.406,-1.50804157916121e-14
3.406125,0.00522167987804196
3.40625,0.00738457050192217
3.406375,0.00522167987807106
3.4065,2.60738960224238e-14
3.406625,-0.00522167987805318
3.40675,-0.00738457050192217
3.406875,-0.00522167987807883
3.407,-1.02024652677681e-14
3.407125,0.0052216798780454
3.40725,0.00738457050192217
3.407375,0.00522167987806761
3.4075,-5.66896548688764e-15
3.407625,-0.00522167987803763
3.40775,-0.00738457050192217
3.407875,-0.00522167987805638
3.408,-3.21894257293915e-14
3.408125,0.00522167987804885
3.40825,0.00738457050192217
3.408375,0.00522167987806416
3.4085,1.63179949747358e-14
3.408625,-0.00522167987804108
3.40875,-0.00738457050192217
3.408875,-0.00522167987807193
3.409,-2.73114752055475e-14
3.409125,0.0052216798780523
3.40925,0.00738457050192217
3.409375,0.0052216798780797
3.4095,1.14400444508918e-14
3.409625,-0.00522167987804453
3.40975,-0.00738457050192217
3.409875,-0.00522167987806848
3.41,-2.24335246817035e-14
3.410125,0.00522167987803676
3.41025,0.00738457050192217
3.410375,0.00522167987805726
3.4105,3.34270049125152e-14
3.410625,-0.00522167987804798
3.41075,-0.00738457050192217
3.410875,-0.00522167987808403
3.411,-1.75555741578595e-14
3.411125,0.0052216798780592
3.41125,0.00738457050192217
3.411375,0.00522167987807281
3.4115,1.68414340320372e-15
3.411625,-0.00522167987805143
3.41175,-0.00738457050192217
3.411875,-0.00522167987806158
3.412,-1.26776236340154e-14
3.412125,0.00522167987804365
3.41225,0.00738457050192217
3.412375,0.00522167987806936
3.4125,2.36711038648272e-14
3.412625,-0.00522167987803588
3.41275,-0.00738457050192217
3.412875,-0.00522167987805813
3.413,-3.46645840956389e-14
3.413125,0.0052216798780471
3.41325,0.00738457050192217
3.413375,0.0052216798780849
3.4135,1.87931533409831e-14
3.413625,-0.00522167987805833
3.41375,-0.00738457050192217
3.413875,-0.00522167987807368
3.414,-2.92172258632739e-15
3.414125,0.00522167987805055
3.41425,0.00738457050192217
3.414375,0.00522167987806246
3.4145,1.39152028171391e-14
3.414625,-0.00522167987804278
3.41475,-0.00738457050192217
3.414875,-0.00522167987807023
3.415,-2.49086830479508e-14
3.415125,0.005221679878054
3.41525,0.00738457050192217
3.415375,0.00522167987807801
3.4155,9.03725229329508e-15
3.415625,-0.00522167987804623
3.41575,-0.00738457050192217
3.415875,-0.00522167987806678
3.416,-2.00307325241068e-14
3.416125,0.00522167987805745
3.41625,0.00738457050192217
3.416375,0.00522167987807456
3.4165,4.15930176945106e-15
3.416625,-0.00522167987804968
3.41675,-0.00738457050192217
3.416875,-0.00522167987806333
3.417,-1.51527820002628e-14
3.417125,0.0052216798780419
3.41725,0.00738457050192217
3.417375,0.00522167987807111
3.4175,2.61462622310745e-14
3.417625,-0.00522167987805313
3.41775,-0.00738457050192217
3.417875,-0.00522167987807888
3.418,-1.02748314764188e-14
3.418125,0.00522167987804535
3.41825,0.00738457050192217
3.418375,0.00522167987806766
3.4185,2.12683117072305e-14
3.418625,-0.00522167987805658
3.41875,-0.00738457050192217
3.418875,-0.00522167987807543
3.419,-5.39688095257473e-15
3.419125,0.0052216798780488
3.41925,0.00738457050192217
3.419375,0.00522167987806421
3.4195,1.63903611833864e-14
3.419625,-0.00522167987804103
3.41975,-0.00738457050192217
3.419875,-0.00522167987807198
3.42,-2.73838414141982e-14
3.420125,0.00522167987805225
3.42025,0.00738457050192217
3.420375,0.00522167987807975
3.4205,1.15124106595424e-14
3.420625,-0.00522167987804448
3.42075,-0.00738457050192217
3.420875,-0.00522167987806853
3.421,-2.25058908903541e-14
3.421125,0.0052216798780557
3.42125,0.00738457050192217
3.421375,0.00522167987807631
3.4215,6.6344601356984e-15
3.421625,-0.00522167987804793
3.42175,-0.00738457050192217
3.421875,-0.00522167987806508
3.422,-1.76279403665101e-14
3.422125,0.00522167987804015
3.42225,0.00738457050192217
3.422375,0.00522167987807286
3.4225,2.86214205973218e-14
3.422625,-0.00522167987805138
3.42275,-0.00738457050192217
3.422875,-0.00522167987808063
3.423,-1.27499898426661e-14
3.423125,0.0052216798780626
3.42325,0.00738457050192217
3.423375,0.00522167987806941
3.4235,-3.12144091198964e-15
3.423625,-0.00522167987803583
3.42375,-0.00738457050192217
3.423875,-0.00522167987807718
3.424,-7.87203931882207e-15
3.424125,0.00522167987804705
3.42425,0.00738457050192217
3.424375,0.00522167987806596
3.4245,1.88655195496338e-14
3.424625,-0.00522167987803928
3.42475,-0.00738457050192217
3.424875,-0.00522167987807373
3.425,-2.98589997804455e-14
3.425125,0.0052216798780505
3.42525,0.00738457050192217
3.425375,0.0052216798780815
3.4255,1.39875690257898e-14
3.425625,-0.00522167987806172
3.42575,-0.00738457050192217
3.425875,-0.00522167987807028
3.426,1.88386172886597e-15
3.426125,0.00522167987803495
3.42625,0.00738457050192217
3.426375,0.00522167987805906
3.4265,9.10961850194574e-15
3.426625,-0.00522167987804618
3.42675,-0.00738457050192217
3.426875,-0.00522167987806683
3.427,-2.01030987327575e-14
3.427125,0.0052216798780574
3.42725,0.00738457050192217
3.427375,0.00522167987807461
3.4275,4.23166797810172e-15
3.427625,-0.00522167987804963
3.42775,-0.00738457050192217
3.427875,-0.00522167987808238
3.428,-1.52251482089134e-14
3.428125,0.00522167987804185
3.42825,0.00738457050192217
3.428375,0.00522167987807116
3.4285,-6.46282545742305e-16
3.428625,-0.00522167987803408
3.42875,-0.00738457050192217
3.428875,-0.00522167987805993
3.429,-3.72121086705369e-14
3.429125,0.0052216798780453
3.42925,0.00738457050192217
3.429375,0.00522167987806771
3.4295,2.13406779158811e-14
3.429625,-0.00522167987805652
3.42975,-0.00738457050192217
3.429875,-0.00522167987807548
3.43,-5.46924716122539e-15
3.430125,0.00522167987804875
3.43025,0.00738457050192217
3.430375,0.00522167987806426
3.4305,1.64627273920371e-14
3.430625,-0.00522167987804098
3.43075,-0.00738457050192217
3.430875,-0.00522167987807203
3.431,-5.91296637381365e-16
3.431125,0.0052216798780522
3.43125,0.00738457050192217
3.431375,0.00522167987806081
3.4315,1.15847768681931e-14
3.431625,-0.00522167987804443
3.43175,-0.00738457050192217
3.431875,-0.00522167987806858
3.432,-2.25782570990048e-14
3.432125,0.00522167987805565
3.43225,0.00738457050192217
3.432375,0.00522167987807636
3.4325,6.70682634434906e-15
3.432625,-0.00522167987804788
3.43275,-0.00738457050192217
3.432875,-0.00522167987806513
3.433,-1.77003065751608e-14
3.433125,0.0052216798780401
3.43325,0.00738457050192217
3.433375,0.00522167987807291
3.4335,2.86937868059725e-14
3.433625,-0.00522167987805133
3.43375,-0.00738457050192217
3.433875,-0.00522167987806168
3.434,-1.28223560513168e-14
3.434125,0.00522167987804355
3.43425,0.00738457050192217
3.434375,0.00522167987806946
3.4345,2.38158362821285e-14
3.434625,-0.00522167987805477
3.43475,-0.00738457050192217
3.434875,-0.00522167987807723
3.435,-7.94440552747273e-15
3.435125,0.005221679878047
3.43525,0.00738457050192217
3.435375,0.00522167987806601
3.4355,1.89378857582844e-14
3.435625,-0.00522167987803923
3.43575,-0.00738457050192217
3.435875,-0.00522167987807378
3.436,-2.99313659890962e-14
3.436125,0.00522167987805045
3.43625,0.00738457050192217
3.436375,0.00522167987808156
3.4365,1.40599352344404e-14
3.436625,-0.00522167987804268
3.43675,-0.00738457050192217
3.436875,-0.00522167987807033
3.437,-2.50534154652521e-14
3.437125,0.0052216798780539
3.43725,0.00738457050192217
3.437375,0.00522167987807811
3.4375,9.1819847105964e-15
3.437625,-0.00522167987804613
3.43775,-0.00738457050192217
3.437875,-0.00522167987806688
3.438,-2.01754649414081e-14
3.438125,0.00522167987803835
3.43825,0.00738457050192217
3.438375,0.00522167987805566
3.4385,3.11689451722198e-14
3.438625,-0.00522167987804957
3.43875,-0.00738457050192217
3.438875,-0.00522167987808243
3.439,-1.52975144175641e-14
3.439125,0.0052216798780608
3.43925,0.00738457050192217
3.439375,0.00522167987807121
3.4395,2.62909946483758e-14
3.439625,-0.00522167987805302
3.43975,-0.00738457050192217
3.439875,-0.00522167987807898
3.44,-1.04195638937201e-14
3.440125,0.00522167987804525
3.44025,0.00738457050192217
3.440375,0.00522167987806776
3.4405,2.14130441245318e-14
3.440625,-0.00522167987803748
3.44075,-0.00738457050192217
3.440875,-0.00522167987807553
3.441,-3.24065243553435e-14
3.441125,0.0052216798780487
3.44125,0.00738457050192217
3.441375,0.00522167987808331
3.4415,1.65350936006878e-14
3.441625,-0.00522167987805992
3.44175,-0.00738457050192217
3.441875,-0.00522167987807208
3.442,-6.63662846032021e-16
3.442125,0.00522167987805215
3.44225,0.00738457050192217
3.442375,0.00522167987806086
3.4425,1.16571430768437e-14
3.442625,-0.00522167987804438
3.44275,-0.00738457050192217
3.442875,-0.00522167987806863
3.443,-2.26506233076555e-14
3.443125,0.0052216798780556
3.44325,0.00738457050192217
3.443375,0.00522167987807641
3.4435,3.36441035384672e-14
3.443625,-0.00522167987804782
3.44375,-0.00738457050192217
3.443875,-0.00522167987808418
3.444,-1.77726727838114e-14
3.444125,0.00522167987805905
3.44425,0.00738457050192217
3.444375,0.00522167987807296
3.4445,1.90124202915569e-15
3.444625,-0.00522167987805127
3.44475,-0.00738457050192217
3.444875,-0.00522167987806174
3.445,-1.28947222599674e-14
3.445125,0.0052216798780435
3.44525,0.00738457050192217
3.445375,0.00522167987806951
3.4455,2.38882024907791e-14
3.445625,-0.00522167987805472
3.44575,-0.00738457050192217
3.445875,-0.00522167987807728
3.446,-8.01677173612338e-15
3.446125,0.00522167987804695
3.44625,0.00738457050192217
3.446375,0.00522167987806606
3.4465,1.90102519669351e-14
3.446625,-0.00522167987805817
3.44675,-0.00738457050192217
3.446875,-0.00522167987807383
3.447,-3.13882121227936e-15
3.447125,0.0052216798780504
3.44725,0.00738457050192217
3.447375,0.00522167987806261
3.4475,1.41323014430911e-14
3.447625,-0.00522167987804263
3.44775,-0.00738457050192217
3.447875,-0.00522167987807038
3.448,-2.51257816739028e-14
3.448125,0.00522167987805385
3.44825,0.00738457050192217
3.448375,0.00522167987807816
3.4485,9.25435091924705e-15
3.448625,-0.00522167987804607
3.44875,-0.00738457050192217
3.448875,-0.00522167987806694
3.449,-2.02478311500588e-14
3.449125,0.0052216798780383
3.44925,0.00738457050192217
3.449375,0.00522167987807471
3.4495,4.37640039540303e-15
3.449625,-0.00522167987804952
3.44975,-0.00738457050192217
3.449875,-0.00522167987806349
3.45,-1.53698806262147e-14
3.450125,0.00522167987804175
3.45025,0.00738457050192217
3.450375,0.00522167987807126
3.4505,2.63633608570265e-14
3.450625,-0.00522167987805297
3.45075,-0.00738457050192217
3.450875,-0.00522167987807903
3.451,-1.04919301023707e-14
3.451125,0.0052216798780642
3.45125,0.00738457050192217
3.451375,0.00522167987806781
3.4515,2.14854103331824e-14
3.451625,-0.00522167987803743
3.45175,-0.00738457050192217
3.451875,-0.00522167987807558
3.452,-5.6139795785267e-15
3.452125,0.00522167987804865
3.45225,0.00738457050192217
3.452375,0.00522167987806436
3.4525,1.66074598093384e-14
3.452625,-0.00522167987804088
3.45275,-0.00738457050192217
3.452875,-0.00522167987807213
3.453,-2.76009400401501e-14
3.453125,0.0052216798780521
3.45325,0.00738457050192217
3.453375,0.00522167987807991
3.4535,1.17295092854944e-14
3.453625,-0.00522167987804432
3.45375,-0.00738457050192217
3.453875,-0.00522167987806869
3.454,4.14192146916134e-15
3.454125,0.00522167987803655
3.45425,0.00738457050192217
3.454375,0.00522167987805746
3.4545,3.37164697471178e-14
3.454625,-0.00522167987804777
3.45475,-0.00738457050192217
3.454875,-0.00522167987806524
3.455,-1.78450389924621e-14
3.455125,0.00522167987804
3.45525,0.00738457050192217
3.455375,0.00522167987807301
3.4555,2.88385192232738e-14
3.455625,-0.00522167987805122
3.45575,-0.00738457050192217
3.455875,-0.00522167987808078
3.456,-1.29670884686181e-14
3.456125,0.00522167987804345
3.45625,0.00738457050192217
3.456375,0.00522167987806956
3.4565,-2.90434228603768e-15
3.456625,-0.00522167987803568
3.45675,-0.00738457050192217
3.456875,-0.00522167987805834
3.457,-3.49540489302415e-14
3.457125,0.0052216798780469
3.45725,0.00738457050192217
3.457375,0.00522167987806611
3.4575,1.90826181755858e-14
3.457625,-0.00522167987805812
3.45775,-0.00738457050192217
3.457875,-0.00522167987807389
3.458,-3.21118742093002e-15
3.458125,0.00522167987805035
3.45825,0.00738457050192217
3.458375,0.00522167987806266
3.4585,1.42046676517417e-14
3.458625,-0.00522167987804257
3.45875,-0.00738457050192217
3.458875,-0.00522167987807044
3.459,-2.51981478825534e-14
3.459125,0.0052216798780348
3.45925,0.00738457050192217
3.459375,0.00522167987805921
3.4595,3.61916281133652e-14
3.459625,-0.00522167987804602
3.45975,-0.00738457050192217
3.459875,-0.00522167987808598
3.46,-2.03201973587094e-14
3.460125,0.00522167987805725
3.46025,0.00738457050192217
3.460375,0.00522167987807476
3.4605,4.44876660405369e-15
3.460625,-0.00522167987804947
3.46075,-0.00738457050192217
3.460875,-0.00522167987806354
3.461,-1.54422468348654e-14
3.461125,0.0052216798780417
3.46125,0.00738457050192217
3.461375,0.00522167987807131
3.4615,2.64357270656771e-14
3.461625,-0.00522167987805292
3.46175,-0.00738457050192217
3.461875,-0.00522167987807908
3.462,-1.05642963110214e-14
3.462125,0.00522167987804515
3.46225,0.00738457050192217
3.462375,0.00522167987806786
3.4625,2.15577765418331e-14
3.462625,-0.00522167987805637
3.46275,-0.00738457050192217
3.462875,-0.00522167987807563
3.463,-5.68634578717736e-15
3.463125,0.0052216798780486
3.46325,0.00738457050192217
3.463375,0.00522167987806441
3.4635,1.66798260179891e-14
3.463625,-0.00522167987804082
3.46375,-0.00738457050192217
3.463875,-0.00522167987807219
3.464,-2.76733062488008e-14
3.464125,0.00522167987805205
3.46425,0.00738457050192217
3.464375,0.00522167987807996
3.4645,1.1801875494145e-14
3.464625,-0.00522167987804427
3.46475,-0.00738457050192217
3.464875,-0.00522167987806874
3.465,-2.27953557249568e-14
3.465125,0.0052216798780555
3.46525,0.00738457050192217
3.465375,0.00522167987807651
3.4655,6.92392497030103e-15
3.465625,-0.00522167987804772
3.46575,-0.00738457050192217
3.465875,-0.00522167987806529
3.466,-1.79174052011127e-14
3.466125,0.00522167987803995
3.46625,0.00738457050192217
3.466375,0.00522167987807306
3.4665,2.89108854319245e-14
3.466625,-0.00522167987805117
3.46675,-0.00738457050192217
3.466875,-0.00522167987808083
3.467,-1.30394546772687e-14
3.467125,0.0052216798780434
3.46725,0.00738457050192217
3.467375,0.00522167987806961
3.4675,2.40329349080804e-14
3.467625,-0.00522167987805462
3.46775,-0.00738457050192217
3.467875,-0.00522167987807739
3.468,-8.1615041534247e-15
3.468125,0.00522167987804685
3.46825,0.00738457050192217
3.468375,0.00522167987806616
3.4685,1.91549843842364e-14
3.468625,-0.00522167987803907
3.46875,-0.00738457050192217
3.468875,-0.00522167987807394
3.469,-3.01484646150481e-14
3.469125,0.0052216798780503
3.46925,0.00738457050192217
3.469375,0.00522167987808171
3.4695,1.42770338603924e-14
3.469625,-0.00522167987806152
3.46975,-0.00738457050192217
3.469875,-0.00522167987807049
3.47,1.59439689426335e-15
3.470125,0.00522167987805375
3.47025,0.00738457050192217
3.470375,0.00522167987805926
3.4705,9.39908333654837e-15
3.470625,-0.00522167987804597
3.47075,-0.00738457050192217
3.470875,-0.00522167987806704
3.471,-2.03925635673601e-14
3.471125,0.0052216798780382
3.47125,0.00738457050192217
3.471375,0.00522167987807481
3.4715,3.13860437981718e-14
3.471625,-0.00522167987804942
3.47175,-0.00738457050192217
3.471875,-0.00522167987808258
3.472,-1.55146130435161e-14
3.472125,0.00522167987806064
3.47225,0.00738457050192217
3.472375,0.00522167987807136
3.4725,-3.56817711139679e-16
3.472625,-0.00522167987803387
3.47275,-0.00738457050192217
3.472875,-0.00522167987806014
3.473,-1.0636662519672e-14
3.473125,0.0052216798780451
3.47325,0.00738457050192217
3.473375,0.00522167987806791
3.4735,2.16301427504838e-14
3.473625,-0.00522167987805632
3.47375,-0.00738457050192217
3.473875,-0.00522167987807569
3.474,-5.75871199582801e-15
3.474125,0.00522167987804855
3.47425,0.00738457050192217
3.474375,0.00522167987806446
3.4745,1.67521922266397e-14
3.474625,-0.00522167987804077
3.47475,-0.00738457050192217
3.474875,-0.00522167987807224
3.475,-8.80761471983991e-16
3.475125,0.005221679878033
3.47525,0.00738457050192217
3.475375,0.00522167987806101
3.4755,1.18742417027957e-14
3.475625,-0.00522167987804422
3.47575,-0.00738457050192217
3.475875,-0.00522167987806879
3.476,-2.28677219336074e-14
3.476125,0.00522167987805544
3.47625,0.00738457050192217
3.476375,0.00522167987807656
3.4765,6.99629117895168e-15
3.476625,-0.00522167987804767
3.47675,-0.00738457050192217
3.476875,-0.00522167987806534
3.477,-1.79897714097634e-14
3.477125,0.0052216798780399
3.47725,0.00738457050192217
3.477375,0.00522167987807311
3.4775,2.11834065510766e-15
3.477625,-0.00522167987805112
3.47775,-0.00738457050192217
3.477875,-0.00522167987806189
3.478,-1.31118208859194e-14
3.478125,0.00522167987804335
3.47825,0.00738457050192217
3.478375,0.00522167987806966
3.4785,2.41053011167311e-14
3.478625,-0.00522167987805457
3.47875,-0.00738457050192217
3.478875,-0.00522167987807744
3.479,-8.23387036207535e-15
3.479125,0.0052216798780468
3.47925,0.00738457050192217
3.479375,0.00522167987806621
3.4795,1.92273505928871e-14
3.479625,-0.00522167987803902
3.47975,-0.00738457050192217
3.479875,-0.00522167987807399
3.48,-3.02208308236988e-14
3.480125,0.00522167987805025
3.48025,0.00738457050192217
3.480375,0.00522167987806276
3.4805,1.4349400069043e-14
3.480625,-0.00522167987804247
3.48075,-0.00738457050192217
3.480875,-0.00522167987807054
3.481,-2.53428802998548e-14
3.481125,0.00522167987805369
3.48125,0.00738457050192217
3.481375,0.00522167987807831
3.4815,9.47144954519902e-15
3.481625,-0.00522167987804592
3.48175,-0.00738457050192217
3.481875,-0.00522167987806709
3.482,6.39998120945672e-15
3.482125,0.00522167987803815
3.48225,0.00738457050192217
3.482375,0.00522167987805587
3.4825,3.14584100068225e-14
3.482625,-0.00522167987804937
3.48275,-0.00738457050192217
3.482875,-0.00522167987806364
3.483,-1.55869792521667e-14
3.483125,0.0052216798780416
3.48325,0.00738457050192217
3.483375,0.00522167987807141
3.4835,2.65804594829784e-14
3.483625,-0.00522167987805282
3.48375,-0.00738457050192217
3.483875,-0.00522167987807919
3.484,-1.07090287283227e-14
3.484125,0.00522167987804505
3.48425,0.00738457050192217
3.484375,0.00522167987806796
3.4845,2.17025089591344e-14
3.484625,-0.00522167987803727
3.48475,-0.00738457050192217
3.484875,-0.00522167987805674
3.485,-3.26959891899461e-14
3.485125,0.00522167987804849
3.48525,0.00738457050192217
3.485375,0.00522167987808351
3.4855,1.68245584352904e-14
3.485625,-0.00522167987805972
3.48575,-0.00738457050192217
3.485875,-0.00522167987807229
3.486,-9.53127680634647e-16
3.486125,0.00522167987805194
3.48625,0.00738457050192217
3.486375,0.00522167987808006
3.4865,1.19466079114464e-14
3.486625,-0.00522167987804417
3.48675,-0.00738457050192217
3.486875,-0.00522167987806884
3.487,-2.29400881422581e-14
3.487125,0.0052216798780364
3.48725,0.00738457050192217
3.487375,0.00522167987807661
3.4875,3.39335683730698e-14
3.487625,-0.00522167987804762
3.48775,-0.00738457050192217
3.487875,-0.00522167987808439
3.488,-1.80621376184141e-14
3.488125,0.00522167987805884
3.48825,0.00738457050192217
3.488375,0.00522167987807316
3.4885,2.19070686375832e-15
3.488625,-0.00522167987805107
3.48875,-0.00738457050192217
3.488875,-0.00522167987806194
3.489,-1.318418709457e-14
3.489125,0.0052216798780433
3.48925,0.00738457050192217
3.489375,0.00522167987806971
3.4895,2.41776673253817e-14
3.489625,-0.00522167987805452
3.48975,-0.00738457050192217
3.489875,-0.00522167987807749
3.49,-8.30623657072601e-15
3.490125,0.00522167987804674
3.49025,0.00738457050192217
3.490375,0.00522167987808526
3.4905,1.92997168015377e-14
3.490625,-0.00522167987805797
3.49075,-0.00738457050192217
3.490875,-0.00522167987807404
3.491,-3.42828604688199e-15
3.491125,0.00522167987805019
3.49125,0.00738457050192217
3.491375,0.00522167987806282
3.4915,1.44217662776937e-14
3.491625,-0.00522167987804242
3.49175,-0.00738457050192217
3.491875,-0.00522167987807059
3.492,-2.54152465085054e-14
3.492125,0.00522167987805364
3.49225,0.00738457050192217
3.492375,0.00522167987807836
3.4925,9.54381575384968e-15
3.492625,-0.00522167987804587
3.49275,-0.00738457050192217
3.492875,-0.00522167987806714
3.493,-2.05372959846614e-14
3.493125,0.00522167987805709
3.49325,0.00738457050192217
3.493375,0.00522167987807491
3.4935,4.66586523000566e-15
3.493625,-0.00522167987804932
3.49375,-0.00738457050192217
3.493875,-0.00522167987806369
3.494,-1.56593454608174e-14
3.494125,0.00522167987804155
3.49425,0.00738457050192217
3.494375,0.00522167987807146
3.4945,2.66528256916291e-14
3.494625,-0.00522167987805277
3.49475,-0.00738457050192217
3.494875,-0.00522167987807924
3.495,-1.07813949369733e-14
3.495125,0.00522167987804499
3.49525,0.00738457050192217
3.495375,0.00522167987806801
3.4955,2.17748751677851e-14
3.495625,-0.00522167987805622
3.49575,-0.00738457050192217
3.495875,-0.00522167987807579
3.496,-5.90344441312933e-15
3.496125,0.00522167987804844
3.49625,0.00738457050192217
3.496375,0.00522167987806457
3.4965,1.6896924643941e-14
3.496625,-0.00522167987804067
3.49675,-0.00738457050192217
3.496875,-0.00522167987807234
3.497,-2.78904048747528e-14
3.497125,0.00522167987805189
3.49725,0.00738457050192217
3.497375,0.00522167987808011
3.4975,1.2018974120097e-14
3.497625,-0.00522167987806312
3.49775,-0.00738457050192217
3.497875,-0.00522167987806889
3.498,3.85245663455872e-15
3.498125,0.00522167987803635
3.49825,0.00738457050192217
3.498375,0.00522167987807666
3.4985,7.141023596253e-15
3.498625,-0.00522167987804757
3.49875,-0.00738457050192217
3.498875,-0.00522167987806544
3.499,-1.81345038270647e-14
3.499125,0.0052216798780398
3.49925,0.00738457050192217
3.499375,0.00522167987807321
3.4995,2.91279840578764e-14
3.499625,-0.00522167987805102
3.49975,-0.00738457050192217
3.499875,-0.00522167987808099
3.5,-1.32565533032207e-14
3.500125,0.00522167987804324
3.50025,0.00738457050192217
3.500375,0.00522167987806977
3.5005,-2.61487745143505e-15
3.500625,-0.00522167987803547
3.50075,-0.00738457050192217
3.500875,-0.00522167987805854
3.501,-8.37860277937667e-15
3.501125,0.00522167987804669
3.50125,0.00738457050192217
3.501375,0.00522167987806632
3.5015,1.93720830101884e-14
3.501625,-0.00522167987805792
3.50175,-0.00738457050192217
3.501875,-0.00522167987807409
3.502,-3.03655632410001e-14
3.502125,0.00522167987805014
3.50225,0.00738457050192217
3.502375,0.00522167987808186
3.5025,1.44941324863444e-14
3.502625,-0.00522167987804237
3.50275,-0.00738457050192217
3.502875,-0.00522167987807064
3.503,1.37729826831138e-15
3.503125,0.0052216798780346
3.50325,0.00738457050192217
3.503375,0.00522167987805942
3.5035,3.64810929479678e-14
3.503625,-0.00522167987804582
3.50375,-0.00738457050192217
3.503875,-0.00522167987806719
3.504,-2.06096621933121e-14
3.504125,0.00522167987805704
3.50425,0.00738457050192217
3.504375,0.00522167987807496
3.5045,4.73823143865631e-15
3.504625,-0.00522167987804927
3.50475,-0.00738457050192217
3.504875,-0.00522167987806374
3.505,-1.5731711669468e-14
3.505125,0.00522167987804149
3.50525,0.00738457050192217
3.505375,0.00522167987807152
3.5055,2.67251919002797e-14
3.505625,-0.00522167987805272
3.50575,-0.00738457050192217
3.505875,-0.00522167987806029
3.506,-3.77186721310915e-14
3.506125,0.00522167987804494
3.50625,0.00738457050192217
3.506375,0.00522167987808706
3.5065,2.18472413764357e-14
3.506625,-0.00522167987805617
3.50675,-0.00738457050192217
3.506875,-0.00522167987807584
3.507,-5.97581062177998e-15
3.507125,0.00522167987804839
3.50725,0.00738457050192217
3.507375,0.00522167987806462
3.5075,1.69692908525917e-14
3.507625,-0.00522167987804062
3.50775,-0.00738457050192217
3.507875,-0.00522167987807239
3.508,-2.79627710834034e-14
3.508125,0.00522167987805184
3.50825,0.00738457050192217
3.508375,0.00522167987806117
3.5085,1.20913403287477e-14
3.508625,-0.00522167987804407
3.50875,-0.00738457050192217
3.508875,-0.00522167987806894
3.509,-2.30848205595594e-14
3.509125,0.00522167987805529
3.50925,0.00738457050192217
3.509375,0.00522167987807672
3.5095,7.21338980490365e-15
3.509625,-0.00522167987804752
3.50975,-0.00738457050192217
3.509875,-0.00522167987806549
3.51,-1.82068700357154e-14
3.510125,0.00522167987803974
3.51025,0.00738457050192217
3.510375,0.00522167987807327
3.5105,2.92003502665271e-14
3.510625,-0.00522167987805097
3.51075,-0.00738457050192217
3.510875,-0.00522167987808104
3.511,-1.33289195118713e-14
3.511125,0.00522167987804319
3.51125,0.00738457050192217
3.511375,0.00522167987806982
3.5115,2.43223997426831e-14
3.511625,-0.00522167987805442
3.51175,-0.00738457050192217
3.511875,-0.00522167987807759
3.512,-8.45096898802732e-15
3.512125,0.00522167987804664
3.51225,0.00738457050192217
3.512375,0.00522167987806637
3.5125,1.9444449218839e-14
3.512625,-0.00522167987803887
3.51275,-0.00738457050192217
3.512875,-0.00522167987807414
3.513,-3.04379294496507e-14
3.513125,0.00522167987805009
3.51325,0.00738457050192217
3.513375,0.00522167987808191
3.5135,1.4566498694995e-14
3.513625,-0.00522167987806131
3.51375,-0.00738457050192217
3.513875,-0.00522167987807069
3.514,-2.55599789258067e-14
3.514125,0.00522167987805354
3.51425,0.00738457050192217
3.514375,0.00522167987807846
3.5145,9.68854817115099e-15
3.514625,-0.00522167987804577
3.51475,-0.00738457050192217
3.514875,-0.00522167987806724
3.515,-2.06820284019627e-14
3.515125,0.00522167987803799
3.51525,0.00738457050192217
3.515375,0.00522167987807502
3.5155,3.16755086327744e-14
3.515625,-0.00522167987804922
3.51575,-0.00738457050192217
3.515875,-0.00522167987808279
3.516,-1.58040778781187e-14
3.516125,0.00522167987806044
3.51625,0.00738457050192217
3.516375,0.00522167987807157
3.5165,-6.73528765370536e-17
3.516625,-0.00522167987805267
3.51675,-0.00738457050192217
3.516875,-0.00522167987806034
3.517,-1.09261273542747e-14
3.517125,0.00522167987804489
3.51725,0.00738457050192217
3.517375,0.00522167987806812
3.5175,2.19196075850864e-14
3.517625,-0.00522167987803712
3.51775,-0.00738457050192217
3.517875,-0.00522167987807589
3.518,-3.29130878158981e-14
3.518125,0.00522167987804834
3.51825,0.00738457050192217
3.518375,0.00522167987808366
3.5185,1.70416570612424e-14
3.518625,-0.00522167987805956
3.51875,-0.00738457050192217
3.518875,-0.00522167987807244
3.519,-1.17022630658662e-15
3.519125,0.00522167987803279
3.51925,0.00738457050192217
3.519375,0.00522167987806122
3.5195,1.21637065373983e-14
3.519625,-0.00522167987804402
3.51975,-0.00738457050192217
3.519875,-0.00522167987806899
3.52,-2.315718676821e-14
3.520125,0.00522167987805524
3.52025,0.00738457050192217
3.520375,0.00522167987807677
3.5205,7.28575601355431e-15
3.520625,-0.00522167987804747
3.52075,-0.00738457050192217
3.520875,-0.00522167987806554
3.521,-1.8279236244366e-14
3.521125,0.00522167987805869
3.52125,0.00738457050192217
3.521375,0.00522167987807332
3.5215,2.40780548971029e-15
3.521625,-0.00522167987803192
3.52175,-0.00738457050192217
3.521875,-0.00522167987806209
3.522,-1.3401285720522e-14
3.522125,0.00522167987804314
3.52225,0.00738457050192217
3.522375,0.00522167987806987
3.5225,2.43947659513337e-14
3.522625,-0.00522167987805436
3.52275,-0.00738457050192217
3.522875,-0.00522167987807764
3.523,-8.52333519667798e-15
3.523125,0.00522167987804659
3.52325,0.00738457050192217
3.523375,0.00522167987806642
3.5235,1.95168154274897e-14
3.523625,-0.00522167987803882
3.52375,-0.00738457050192217
3.523875,-0.00522167987807419
3.524,-3.64538467283396e-15
3.524125,0.00522167987805004
3.52425,0.00738457050192217
3.524375,0.00522167987806297
3.5245,1.46388649036457e-14
3.524625,-0.00522167987804227
3.52475,-0.00738457050192217
3.524875,-0.00522167987807074
3.525,-2.56323451344574e-14
3.525125,0.00522167987805349
3.52525,0.00738457050192217
3.525375,0.00522167987807852
3.5255,9.76091437980165e-15
3.525625,-0.00522167987804572
3.52575,-0.00738457050192217
3.525875,-0.00522167987806729
3.526,-2.07543946106134e-14
3.526125,0.00522167987803794
3.52625,0.00738457050192217
3.526375,0.00522167987807507
3.5265,4.88296385595763e-15
3.526625,-0.00522167987804917
3.52675,-0.00738457050192217
3.526875,-0.00522167987806384
3.527,-1.58764440867693e-14
3.527125,0.00522167987804139
3.52725,0.00738457050192217
3.527375,0.00522167987807162
3.5275,2.68699243175811e-14
3.527625,-0.00522167987805261
3.52775,-0.00738457050192217
3.527875,-0.00522167987807939
3.528,-1.09984935629253e-14
3.528125,0.00522167987804484
3.52825,0.00738457050192217
3.528375,0.00522167987806817
3.5285,-4.87293719173042e-15
3.528625,-0.00522167987803707
3.52875,-0.00738457050192217
3.528875,-0.00522167987805695
3.529,-3.29854540245487e-14
3.529125,0.00522167987804829
3.52925,0.00738457050192217
3.529375,0.00522167987806472
3.5295,1.7114023269893e-14
3.529625,-0.00522167987804052
3.52975,-0.00738457050192217
3.529875,-0.00522167987807249
3.53,-2.81075035007047e-14
3.530125,0.00522167987805174
3.53025,0.00738457050192217
3.530375,0.00522167987808027
3.5305,1.2236072746049e-14
3.530625,-0.00522167987804397
3.53075,-0.00738457050192217
3.530875,-0.00522167987806904
3.531,-2.32295529768607e-14
3.531125,0.00522167987803619
3.53125,0.00738457050192217
3.531375,0.00522167987805782
3.5315,3.42230332076724e-14
3.531625,-0.00522167987804742
3.53175,-0.00738457050192217
3.531875,-0.00522167987808459
3.532,-1.83516024530167e-14
3.532125,0.00522167987805864
3.53225,0.00738457050192217
3.532375,0.00522167987807337
3.5325,2.48017169836094e-15
3.532625,-0.00522167987805086
3.53275,-0.00738457050192217
3.532875,-0.00522167987806215
3.533,-1.34736519291727e-14
3.533125,0.00522167987804309
3.53325,0.00738457050192217
3.533375,0.00522167987806992
3.5335,2.44671321599844e-14
3.533625,-0.00522167987803532
3.53375,-0.00738457050192217
3.533875,-0.0052216798780587
3.534,-3.54606123907961e-14
3.534125,0.00522167987804654
3.53425,0.00738457050192217
3.534375,0.00522167987808547
3.5345,1.95891816361404e-14
3.534625,-0.00522167987805776
3.53475,-0.00738457050192217
3.534875,-0.00522167987807424
3.535,-3.71775088148461e-15
3.535125,0.00522167987804999
3.53525,0.00738457050192217
3.535375,0.00522167987806302
3.5355,1.47112311122963e-14
3.535625,-0.00522167987804222
3.53575,-0.00738457050192217
3.535875,-0.00522167987807079
3.536,-2.5704711343108e-14
3.536125,0.00522167987805344
3.53625,0.00738457050192217
3.536375,0.00522167987807857
3.5365,9.83328058845231e-15
3.536625,-0.00522167987804567
3.53675,-0.00738457050192217
3.536875,-0.00522167987806734
3.537,-2.0826760819264e-14
3.537125,0.00522167987805689
3.53725,0.00738457050192217
3.537375,0.00522167987807512
3.5375,4.95533006460828e-15
3.537625,-0.00522167987804911
3.53775,-0.00738457050192217
3.537875,-0.0052216798780639
3.538,-1.594881029542e-14
3.538125,0.00522167987804134
3.53825,0.00738457050192217
3.538375,0.00522167987807167
3.5385,2.69422905262317e-14
3.538625,-0.00522167987805256
3.53875,-0.00738457050192217
3.538875,-0.00522167987807944
3.539,-1.1070859771576e-14
3.539125,0.00522167987804479
3.53925,0.00738457050192217
3.539375,0.00522167987806822
3.5395,2.20643400023877e-14
3.539625,-0.00522167987805601
3.53975,-0.00738457050192217
3.539875,-0.00522167987807599
3.54,-6.19290924773195e-15
3.540125,0.00522167987804824
3.54025,0.00738457050192217
3.540375,0.00522167987806477
3.5405,1.71863894785437e-14
3.540625,-0.00522167987804047
3.54075,-0.00738457050192217
3.540875,-0.00522167987807254
3.541,-2.81798697093554e-14
3.541125,0.00522167987805169
3.54125,0.00738457050192217
3.541375,0.00522167987808032
3.5415,1.23084389546996e-14
3.541625,-0.00522167987804392
3.54175,-0.00738457050192217
3.541875,-0.00522167987806909
3.542,-2.33019191855114e-14
3.542125,0.00522167987805514
3.54225,0.00738457050192217
3.542375,0.00522167987807687
3.5425,7.43048843085562e-15
3.542625,-0.00522167987804736
3.54275,-0.00738457050192217
3.542875,-0.00522167987806565
3.543,-1.84239686616673e-14
3.543125,0.00522167987803959
3.54325,0.00738457050192217
3.543375,0.00522167987807342
3.5435,2.9417448892479e-14
3.543625,-0.00522167987805081
3.54375,-0.00738457050192217
3.543875,-0.00522167987808119
3.544,-1.35460181378233e-14
3.544125,0.00522167987806204
3.54425,0.00738457050192217
3.544375,0.00522167987806997
3.5445,-2.32541261683242e-15
3.544625,-0.00522167987803527
3.54475,-0.00738457050192217
3.544875,-0.00522167987805875
3.545,-8.66806761397929e-15
3.545125,0.00522167987804649
3.54525,0.00738457050192217
3.545375,0.00522167987806652
3.5455,1.9661547844791e-14
3.545625,-0.00522167987803872
3.54575,-0.00738457050192217
3.545875,-0.00522167987807429
3.546,-3.06550280756027e-14
3.546125,0.00522167987804994
3.54625,0.00738457050192217
3.546375,0.00522167987808207
3.5465,1.4783597320947e-14
3.546625,-0.00522167987806116
3.54675,-0.00738457050192217
3.546875,-0.00522167987807085
3.547,1.08783343370875e-15
3.547125,0.00522167987803439
3.54725,0.00738457050192217
3.547375,0.00522167987805962
3.5475,9.90564679710296e-15
3.547625,-0.00522167987804561
3.54775,-0.00738457050192217
3.547875,-0.0052216798780674
3.548,-2.08991270279147e-14
3.548125,0.00522167987805684
3.54825,0.00738457050192217
3.548375,0.00522167987807517
3.5485,5.02769627325894e-15
3.548625,-0.00522167987804906
3.54875,-0.00738457050192217
3.548875,-0.00522167987808294
3.549,-1.60211765040707e-14
3.549125,0.00522167987804129
3.54925,0.00738457050192217
3.549375,0.00522167987807172
3.5495,1.49745749414916e-16
3.549625,-0.00522167987803352
3.54975,-0.00738457050192217
3.549875,-0.0052216798780605
3.55,-3.80081369656941e-14
3.550125,0.00522167987804474
3.55025,0.00738457050192217
3.550375,0.00522167987806827
3.5505,2.21367062110383e-14
3.550625,-0.00522167987805596
3.55075,-0.00738457050192217
3.550875,-0.00522167987807604
3.551,-6.26527545638261e-15
3.551125,0.00522167987804819
3.55125,0.00738457050192217
3.551375,0.00522167987806482
3.5515,1.72587556871943e-14
3.551625,-0.00522167987804041
3.55175,-0.00738457050192217
3.551875,-0.0052216798780726
3.552,-1.38732493253859e-15
3.552125,0.00522167987805164
3.55225,0.00738457050192217
3.552375,0.00522167987806137
3.5525,1.23808051633503e-14
3.552625,-0.00522167987804386
3.55275,-0.00738457050192217
3.552875,-0.00522167987806915
3.553,-2.3374285394162e-14
3.553125,0.00522167987805509
3.55325,0.00738457050192217
3.553375,0.00522167987807692
3.5535,7.50285463950628e-15
3.553625,-0.00522167987804731
3.55375,-0.00738457050192217
3.553875,-0.0052216798780657
3.554,-1.8496334870318e-14
3.554125,0.00522167987803954
3.55425,0.00738457050192217
3.554375,0.00522167987807347
3.5545,2.94898151011297e-14
3.554625,-0.00522167987805076
3.55475,-0.00738457050192217
3.554875,-0.00522167987806225
3.555,-1.3618384346474e-14
3.555125,0.00522167987804299
3.55525,0.00738457050192217
3.555375,0.00522167987807002
3.5555,2.46118645772857e-14
3.555625,-0.00522167987805421
3.55575,-0.00738457050192217
3.555875,-0.00522167987807779
3.556,-8.74043382262995e-15
3.556125,0.00522167987804644
3.55625,0.00738457050192217
3.556375,0.00522167987806657
3.5565,1.97339140534417e-14
3.556625,-0.00522167987803866
3.55675,-0.00738457050192217
3.556875,-0.00522167987807435
3.557,-3.07273942842534e-14
3.557125,0.00522167987804989
3.55725,0.00738457050192217
3.557375,0.00522167987808212
3.5575,1.48559635295976e-14
3.557625,-0.00522167987804211
3.55775,-0.00738457050192217
3.557875,-0.0052216798780709
3.558,-2.58494437604094e-14
3.558125,0.00522167987805334
3.55825,0.00738457050192217
3.558375,0.00522167987807867
3.5585,9.97801300575362e-15
3.558625,-0.00522167987804556
3.55875,-0.00738457050192217
3.558875,-0.00522167987806745
3.559,-2.09714932365653e-14
3.559125,0.00522167987803779
3.55925,0.00738457050192217
3.559375,0.00522167987805622
3.5595,3.1964973467377e-14
3.559625,-0.00522167987804901
3.55975,-0.00738457050192217
3.559875,-0.00522167987808299
3.56,-1.60935427127213e-14
3.560125,0.00522167987806023
3.56025,0.00738457050192217
3.560375,0.00522167987807177
3.5605,2.22111958065572e-16
3.560625,-0.00522167987805246
3.56075,-0.00738457050192217
3.560875,-0.00522167987807954
3.561,-1.12155921888773e-14
3.561125,0.00522167987804469
3.56125,0.00738457050192217
3.561375,0.00522167987806832
3.5615,2.2209072419689e-14
3.561625,-0.00522167987803691
3.56175,-0.00738457050192217
3.561875,-0.0052216798780761
3.562,-3.32025526505007e-14
3.562125,0.00522167987804814
3.56225,0.00738457050192217
3.562375,0.00522167987808387
3.5625,1.7331121895845e-14
3.562625,-0.00522167987805936
3.56275,-0.00738457050192217
3.562875,-0.00522167987807265
3.563,-1.45969114118924e-15
3.563125,0.00522167987805159
3.56325,0.00738457050192217
3.563375,0.00522167987806142
3.5635,1.2453171372001e-14
3.563625,-0.00522167987804381
3.56375,-0.00738457050192217
3.563875,-0.0052216798780692
3.564,-2.34466516028127e-14
3.564125,0.00522167987805504
3.56425,0.00738457050192217
3.564375,0.00522167987807697
3.5645,3.44401318336244e-14
3.564625,-0.00522167987804726
3.56475,-0.00738457050192217
3.564875,-0.00522167987808474
3.565,-1.85687010789686e-14
3.565125,0.00522167987805848
3.56525,0.00738457050192217
3.565375,0.00522167987807352
3.5655,2.69727032431291e-15
3.565625,-0.00522167987805071
3.56575,-0.00738457050192217
3.565875,-0.0052216798780623
3.566,-1.36907505551246e-14
3.566125,0.00522167987804294
3.56625,0.00738457050192217
3.566375,0.00522167987807007
3.5665,2.46842307859363e-14
3.566625,-0.00522167987805416
3.56675,-0.00738457050192217
3.566875,-0.00522167987807785
3.567,-8.8128000312806e-15
3.567125,0.00522167987804639
3.56725,0.00738457050192217
3.567375,0.00522167987806662
3.5675,1.98062802620923e-14
3.567625,-0.00522167987805761
3.56775,-0.00738457050192217
3.567875,-0.0052216798780744
3.568,-3.93484950743658e-15
3.568125,0.00522167987804984
3.56825,0.00738457050192217
3.568375,0.00522167987806317
3.5685,1.49283297382483e-14
3.568625,-0.00522167987804206
3.56875,-0.00738457050192217
3.568875,-0.00522167987807095
3.569,-2.592180996906e-14
3.569125,0.00522167987805329
3.56925,0.00738457050192217
3.569375,0.00522167987807872
3.5695,1.00503792144043e-14
3.569625,-0.00522167987804551
3.56975,-0.00738457050192217
3.569875,-0.0052216798780675
3.57,-2.1043859445216e-14
3.570125,0.00522167987803774
3.57025,0.00738457050192217
3.570375,0.00522167987807527
3.5705,5.17242869056025e-15
3.570625,-0.00522167987804896
3.57075,-0.00738457050192217
3.570875,-0.00522167987806405
3.571,-1.6165908921372e-14
3.571125,0.00522167987804119
3.57125,0.00738457050192217
3.571375,0.00522167987807182
3.5715,2.71593891521837e-14
3.571625,-0.00522167987805241
3.57175,-0.00738457050192217
3.571875,-0.0052216798780796
3.572,-1.12879583975279e-14
3.572125,0.00522167987806363
3.57225,0.00738457050192217
3.572375,0.00522167987806837
3.5725,2.22814386283397e-14
3.572625,-0.00522167987803686
3.57275,-0.00738457050192217
3.572875,-0.00522167987807615
3.573,-6.41000787368392e-15
3.573125,0.00522167987804809
3.57325,0.00738457050192217
3.573375,0.00522167987806492
3.5735,1.74034881044956e-14
3.573625,-0.00522167987804031
3.57375,-0.00738457050192217
3.573875,-0.0052216798780727
3.574,-2.83969683353074e-14
3.574125,0.00522167987805154
3.57425,0.00738457050192217
3.574375,0.00522167987808047
3.5745,1.25255375806516e-14
3.574625,-0.00522167987804376
3.57475,-0.00738457050192217
3.574875,-0.00522167987806925
3.575,3.34589317400412e-15
3.575125,0.00522167987803599
3.57525,0.00738457050192217
3.575375,0.00522167987805803
3.5755,3.4512498042275e-14
3.575625,-0.00522167987804721
3.57575,-0.00738457050192217
3.575875,-0.0052216798780658
3.576,-1.86410672876193e-14
3.576125,0.00522167987805843
3.57625,0.00738457050192217
3.576375,0.00522167987807357
3.5765,2.9634547518431e-14
3.576625,-0.00522167987805066
3.57675,-0.00738457050192217
3.576875,-0.00522167987808135
3.577,-1.37631167637753e-14
3.577125,0.00522167987804289
3.57725,0.00738457050192217
3.577375,0.00522167987807012
3.5775,-2.10831399088045e-15
3.577625,-0.00522167987803511
3.57775,-0.00738457050192217
3.577875,-0.0052216798780589
3.578,-3.57500772253987e-14
3.578125,0.00522167987804634
3.57825,0.00738457050192217
3.578375,0.00522167987806667
3.5785,1.9878646470743e-14
3.578625,-0.00522167987805756
3.57875,-0.00738457050192217
3.578875,-0.00522167987807445
3.579,-4.00721571608724e-15
3.579125,0.00522167987804978
3.57925,0.00738457050192217
3.579375,0.00522167987806323
3.5795,1.5000695946899e-14
3.579625,-0.00522167987804201
3.57975,-0.00738457050192217
3.579875,-0.005221679878071
3.58,-2.59941761777107e-14
3.580125,0.00522167987803424
3.58025,0.00738457050192217
3.580375,0.00522167987805978
3.5805,3.69876564085224e-14
3.580625,-0.00522167987804546
3.58075,-0.00738457050192217
3.580875,-0.00522167987808655
3.581,-2.11162256538666e-14
3.581125,0.00522167987805668
3.58125,0.00738457050192217
3.581375,0.00522167987807532
3.5815,5.24479489921091e-15
3.581625,-0.00522167987804891
3.58175,-0.00738457050192217
3.581875,-0.0052216798780641
3.582,-1.62382751300226e-14
3.582125,0.00522167987804114
3.58225,0.00738457050192217
3.582375,0.00522167987807187
3.5825,2.72317553608343e-14
3.582625,-0.00522167987805236
3.58275,-0.00738457050192217
3.582875,-0.00522167987807965
3.583,-1.13603246061786e-14
3.583125,0.00522167987804458
3.58325,0.00738457050192217
3.583375,0.00522167987806842
3.5835,2.23538048369903e-14
3.583625,-0.00522167987805581
3.58375,-0.00738457050192217
3.583875,-0.0052216798780762
3.584,-6.48237408233458e-15
3.584125,0.00522167987804803
3.58425,0.00738457050192217
3.584375,0.00522167987806498
3.5845,1.74758543131463e-14
3.584625,-0.00522167987804026
3.58475,-0.00738457050192217
3.584875,-0.00522167987807275
3.585,-2.8469334543958e-14
3.585125,0.00522167987805148
3.58525,0.00738457050192217
3.585375,0.00522167987808052
3.5855,1.25979037893023e-14
3.585625,-0.00522167987804371
3.58575,-0.00738457050192217
3.585875,-0.0052216798780693
3.586,-2.3591384020114e-14
3.586125,0.00522167987805493
3.58625,0.00738457050192217
3.586375,0.00522167987807707
3.5865,7.71995326545825e-15
3.586625,-0.00522167987804716
3.58675,-0.00738457050192217
3.586875,-0.00522167987806585
3.587,-1.871343349627e-14
3.587125,0.00522167987803939
3.58725,0.00738457050192217
3.587375,0.00522167987807362
3.5875,2.97069137270817e-14
3.587625,-0.00522167987805061
3.58775,-0.00738457050192217
3.587875,-0.0052216798780814
3.588,-1.38354829724259e-14
3.588125,0.00522167987804284
3.58825,0.00738457050192217
3.588375,0.00522167987807017
3.5885,2.48289632032377e-14
3.588625,-0.00522167987805406
3.58875,-0.00738457050192217
3.588875,-0.00522167987807795
3.589,-8.95753244858192e-15
3.589125,0.00522167987804628
3.58925,0.00738457050192217
3.589375,0.00522167987806673
3.5895,1.99510126793936e-14
3.589625,-0.00522167987803851
3.58975,-0.00738457050192217
3.589875,-0.0052216798780745
3.59,-3.09444929102053e-14
3.590125,0.00522167987804973
3.59025,0.00738457050192217
3.590375,0.00522167987808227
3.5905,1.50730621555496e-14
3.590625,-0.00522167987806096
3.59075,-0.00738457050192217
3.590875,-0.00522167987807105
3.591,7.98368599106129e-16
3.591125,0.00522167987805318
3.59125,0.00738457050192217
3.591375,0.00522167987805983
3.5915,1.01951116317056e-14
3.591625,-0.00522167987804541
3.59175,-0.00738457050192217
3.591875,-0.0052216798780676
3.592,-2.11885918625173e-14
3.592125,0.00522167987803764
3.59225,0.00738457050192217
3.592375,0.00522167987807537
3.5925,3.2182072093329e-14
3.592625,-0.00522167987804886
3.59275,-0.00738457050192217
3.592875,-0.00522167987808315
3.593,-1.63106413386733e-14
3.593125,0.00522167987806008
3.59325,0.00738457050192217
3.593375,0.00522167987807192
3.5935,4.39210584017541e-16
3.593625,-0.00522167987803331
3.59375,-0.00738457050192217
3.593875,-0.0052216798780607
3.594,-1.14326908148293e-14
3.594125,0.00522167987804453
3.59425,0.00738457050192217
3.594375,0.00522167987806848
3.5945,2.2426171045641e-14
3.594625,-0.00522167987805576
3.59475,-0.00738457050192217
3.594875,-0.00522167987807625
3.595,-6.55474029098523e-15
3.595125,0.00522167987804798
3.59525,0.00738457050192217
3.595375,0.00522167987806503
3.5955,1.75482205217969e-14
3.595625,-0.00522167987804021
3.59575,-0.00738457050192217
3.595875,-0.0052216798780728
3.596,-1.67678976714121e-15
3.596125,0.00522167987803244
3.59625,0.00738457050192217
3.596375,0.00522167987806158
3.5965,1.26702699979529e-14
3.596625,-0.00522167987804366
3.59675,-0.00738457050192217
3.596875,-0.00522167987806935
3.597,-2.36637502287646e-14
3.597125,0.00522167987805488
3.59725,0.00738457050192217
3.597375,0.00522167987807712
3.5975,7.7923194741089e-15
3.597625,-0.00522167987804711
3.59775,-0.00738457050192217
3.597875,-0.0052216798780659
3.598,-1.87857997049206e-14
3.598125,0.00522167987803933
3.59825,0.00738457050192217
3.598375,0.00522167987807368
3.5985,2.91436895026488e-15
3.598625,-0.00522167987805056
3.59875,-0.00738457050192217
3.598875,-0.00522167987806245
3.599,-1.39078491810766e-14
3.599125,0.00522167987804278
3.59925,0.00738457050192217
3.599375,0.00522167987807023
3.5995,2.49013294118883e-14
3.599625,-0.00522167987805401
3.59975,-0.00738457050192217
3.599875,-0.005221679878078
3.6,-9.02989865723257e-15
3.600125,0.00522167987804623
3.60025,0.00738457050192217
3.600375,0.00522167987806678
3.6005,2.00233788880443e-14
3.600625,-0.00522167987803846
3.60075,-0.00738457050192217
3.600875,-0.00522167987807455
3.601,-3.1016859118856e-14
3.601125,0.00522167987804968
3.60125,0.00738457050192217
3.601375,0.00522167987806333
3.6015,1.51454283642003e-14
3.601625,-0.00522167987804191
3.60175,-0.00738457050192217
3.601875,-0.0052216798780711
3.602,-2.6138908595012e-14
3.602125,0.00522167987805313
3.60225,0.00738457050192217
3.602375,0.00522167987807888
3.6025,1.02674778403562e-14
3.602625,-0.00522167987804536
3.60275,-0.00738457050192217
3.602875,-0.00522167987806765
3.603,5.60395291429949e-15
3.603125,0.00522167987803758
3.60325,0.00738457050192217
3.603375,0.00522167987805643
3.6035,3.22544383019797e-14
3.603625,-0.00522167987804881
3.60375,-0.00738457050192217
3.603875,-0.0052216798780642
3.604,-1.63830075473239e-14
3.604125,0.00522167987804103
3.60425,0.00738457050192217
3.604375,0.00522167987807198
3.6045,2.73764877781357e-14
3.604625,-0.00522167987805226
3.60475,-0.00738457050192217
3.604875,-0.00522167987807975
3.605,-1.15050570234799e-14
3.605125,0.00522167987804448
3.60525,0.00738457050192217
3.605375,0.00522167987806853
3.6055,2.24985372542916e-14
3.605625,-0.00522167987803671
3.60575,-0.00738457050192217
3.605875,-0.0052216798780573
3.606,-3.34920174851033e-14
3.606125,0.00522167987804793
3.60625,0.00738457050192217
3.606375,0.00522167987808407
3.6065,1.76205867304476e-14
3.606625,-0.00522167987805915
3.60675,-0.00738457050192217
3.606875,-0.00522167987807285
3.607,-1.74915597579187e-15
3.607125,0.00522167987805138
3.60725,0.00738457050192217
3.607375,0.00522167987806163
3.6075,1.27426362066036e-14
3.607625,-0.00522167987804361
3.60775,-0.00738457050192217
3.607875,-0.0052216798780694
3.608,-2.37361164374153e-14
3.608125,0.00522167987803583
3.60825,0.00738457050192217
3.608375,0.00522167987807718
3.6085,3.4729596668227e-14
3.608625,-0.00522167987804706
3.60875,-0.00738457050192217
3.608875,-0.00522167987808495
3.609,-1.88581659135713e-14
3.609125,0.00522167987805828
3.60925,0.00738457050192217
3.609375,0.00522167987807373
3.6095,2.98673515891554e-15
3.609625,-0.00522167987805051
3.60975,-0.00738457050192217
3.609875,-0.0052216798780625
3.61,-1.39802153897273e-14
3.610125,0.00522167987804273
3.61025,0.00738457050192217
3.610375,0.00522167987807028
3.6105,2.4973695620539e-14
3.610625,-0.00522167987805396
3.61075,-0.00738457050192217
3.610875,-0.00522167987807805
3.611,-9.10226486588323e-15
3.611125,0.00522167987804618
3.61125,0.00738457050192217
3.611375,0.00522167987808582
3.6115,2.00957450966949e-14
3.611625,-0.0052216798780574
3.61175,-0.00738457050192217
3.611875,-0.0052216798780746
3.612,-4.22431434203921e-15
3.612125,0.00522167987804963
3.61225,0.00738457050192217
3.612375,0.00522167987806338
3.6125,1.52177945728509e-14
3.612625,-0.00522167987804186
3.61275,-0.00738457050192217
3.612875,-0.00522167987807115
3.613,-2.62112748036626e-14
3.613125,0.00522167987805308
3.61325,0.00738457050192217
3.613375,0.00522167987807893
3.6135,1.03398440490069e-14
3.613625,-0.00522167987804531
3.61375,-0.00738457050192217
3.613875,-0.0052216798780677
3.614,-2.13333242798186e-14
3.614125,0.00522167987805653
3.61425,0.00738457050192217
3.614375,0.00522167987807548
3.6145,5.46189352516288e-15
3.614625,-0.00522167987804876
3.61475,-0.00738457050192217
3.614875,-0.00522167987806425
3.615,-1.64553737559746e-14
3.615125,0.00522167987804098
3.61525,0.00738457050192217
3.615375,0.00522167987807203
3.6155,2.74488539867863e-14
3.615625,-0.00522167987805221
3.61575,-0.00738457050192217
3.615875,-0.0052216798780798
3.616,-1.15774232321306e-14
3.616125,0.00522167987804443
3.61625,0.00738457050192217
3.616375,0.00522167987806858
3.6165,2.25709034629423e-14
3.616625,-0.00522167987805565
3.61675,-0.00738457050192217
3.616875,-0.00522167987807635
3.617,-6.69947270828655e-15
3.617125,0.00522167987804788
3.61725,0.00738457050192217
3.617375,0.00522167987806513
3.6175,1.76929529390983e-14
3.617625,-0.00522167987804011
3.61775,-0.00738457050192217
3.617875,-0.0052216798780729
3.618,-2.868643316991e-14
3.618125,0.00522167987805133
3.61825,0.00738457050192217
3.618375,0.00522167987808068
3.6185,1.28150024152542e-14
3.618625,-0.00522167987806255
3.61875,-0.00738457050192217
3.618875,-0.00522167987806945
3.619,3.0564283394015e-15
3.619125,0.00522167987803578
3.61925,0.00738457050192217
3.619375,0.00522167987807723
3.6195,7.93705189141022e-15
3.619625,-0.00522167987804701
3.61975,-0.00738457050192217
3.619875,-0.005221679878066
3.62,-1.89305321222219e-14
3.620125,0.00522167987803923
3.62025,0.00738457050192217
3.620375,0.00522167987807378
3.6205,2.99240123530336e-14
3.620625,-0.00522167987805046
3.62075,-0.00738457050192217
3.620875,-0.00522167987808155
3.621,-1.40525815983779e-14
3.621125,0.00522167987804268
3.62125,0.00738457050192217
3.621375,0.00522167987807033
3.6215,-1.81884915627783e-15
3.621625,-0.00522167987803491
3.62175,-0.00738457050192217
3.621875,-0.00522167987805911
3.622,-9.17463107453389e-15
3.622125,0.00522167987804613
3.62225,0.00738457050192217
3.622375,0.00522167987806688
3.6225,2.01681113053456e-14
3.622625,-0.00522167987805735
3.62275,-0.00738457050192217
3.622875,-0.00522167987807465
3.623,-4.29668055068986e-15
3.623125,0.00522167987804958
3.62325,0.00738457050192217
3.623375,0.00522167987808243
3.6235,1.52901607815016e-14
3.623625,-0.00522167987804181
3.62375,-0.00738457050192217
3.623875,-0.0052216798780712
3.624,5.81269973154159e-16
3.624125,0.00522167987803403
3.62425,0.00738457050192217
3.624375,0.00522167987805998
3.6245,3.7277121243125e-14
3.624625,-0.00522167987804526
3.62475,-0.00738457050192217
3.624875,-0.00522167987806775
3.625,-2.14056904884693e-14
3.625125,0.00522167987805648
3.62525,0.00738457050192217
3.625375,0.00522167987807553
3.6255,5.53425973381353e-15
3.625625,-0.0052216798780487
3.62575,-0.00738457050192217
3.625875,-0.0052216798780643
3.626,-1.65277399646252e-14
3.626125,0.00522167987804093
3.62625,0.00738457050192217
3.626375,0.00522167987807208
3.6265,2.7521220195437e-14
3.626625,-0.00522167987805215
3.62675,-0.00738457050192217
3.626875,-0.00522167987806086
3.627,-3.85147004262487e-14
3.627125,0.00522167987804438
3.62725,0.00738457050192217
3.627375,0.00522167987808763
3.6275,2.26432696715929e-14
3.627625,-0.0052216798780556
3.62775,-0.00738457050192217
3.627875,-0.0052216798780764
3.628,-6.7718389169372e-15
3.628125,0.00522167987804783
3.62825,0.00738457050192217
3.628375,0.00522167987806518
3.6285,1.77653191477489e-14
3.628625,-0.00522167987804006
3.62875,-0.00738457050192217
3.628875,-0.00522167987807295
3.629,-2.87587993785606e-14
3.629125,0.00522167987805128
3.62925,0.00738457050192217
3.629375,0.00522167987806173
3.6295,1.28873686239049e-14
3.629625,-0.0052216798780435
3.62975,-0.00738457050192217
3.629875,-0.0052216798780695
3.63,-2.38808488547166e-14
3.630125,0.00522167987805473
3.63025,0.00738457050192217
3.630375,0.00522167987807728
3.6305,8.00941810006087e-15
3.630625,-0.00522167987804696
3.63075,-0.00738457050192217
3.630875,-0.00522167987806605
3.631,-1.90028983308726e-14
3.631125,0.00522167987803918
3.63125,0.00738457050192217
3.631375,0.00522167987807383
3.6315,2.99963785616843e-14
3.631625,-0.0052216798780504
3.63175,-0.00738457050192217
3.631875,-0.0052216798780816
3.632,-1.41249478070286e-14
3.632125,0.00522167987804263
3.63225,0.00738457050192217
3.632375,0.00522167987807038
3.6325,2.51184280378403e-14
3.632625,-0.00522167987805385
3.63275,-0.00738457050192217
3.632875,-0.00522167987807815
3.633,-9.24699728318454e-15
3.633125,0.00522167987804608
3.63325,0.00738457050192217
3.633375,0.00522167987806693
3.6335,2.02404775139963e-14
3.633625,-0.00522167987803831
3.63375,-0.00738457050192217
3.633875,-0.0052216798780747
3.634,-3.1233957744808e-14
3.634125,0.00522167987804953
3.63425,0.00738457050192217
3.634375,0.00522167987808248
3.6345,1.53625269901522e-14
3.634625,-0.00522167987806075
3.63475,-0.00738457050192217
3.634875,-0.00522167987807125
3.635,-2.6356007220964e-14
3.635125,0.00522167987805298
3.63525,0.00738457050192217
3.635375,0.00522167987807903
3.6355,1.04845764663082e-14
3.635625,-0.0052216798780452
3.63575,-0.00738457050192217
3.635875,-0.00522167987806781
3.636,-2.14780566971199e-14
3.636125,0.00522167987803743
3.63625,0.00738457050192217
3.636375,0.00522167987807558
3.6365,3.24715369279316e-14
3.636625,-0.00522167987804865
3.63675,-0.00738457050192217
3.636875,-0.00522167987808335
3.637,-1.66001061732759e-14
3.637125,0.00522167987805988
3.63725,0.00738457050192217
3.637375,0.00522167987807213
3.6375,7.28675418620167e-16
3.637625,-0.0052216798780521
3.63775,-0.00738457050192217
3.637875,-0.00522167987806091
3.638,-1.17221556494319e-14
3.638125,0.00522167987804433
3.63825,0.00738457050192217
3.638375,0.00522167987806868
3.6385,2.27156358802436e-14
3.638625,-0.00522167987805555
3.63875,-0.00738457050192217
3.638875,-0.00522167987807645
3.639,-3.37091161110553e-14
3.639125,0.00522167987804778
3.63925,0.00738457050192217
3.639375,0.00522167987808423
3.6395,1.78376853563996e-14
3.639625,-0.005221679878059
3.63975,-0.00738457050192217
3.639875,-0.005221679878073
3.64,-1.96625460174384e-15
3.640125,0.00522167987803223
3.64025,0.00738457050192217
3.640375,0.00522167987806178
3.6405,1.29597348325556e-14
3.640625,-0.00522167987804345
3.64075,-0.00738457050192217
3.640875,-0.00522167987806956
3.641,-2.39532150633673e-14
3.641125,0.00522167987805468
3.64125,0.00738457050192217
3.641375,0.00522167987807733
3.6415,8.08178430871153e-15
3.641625,-0.0052216798780469
3.64175,-0.00738457050192217
3.641875,-0.00522167987806611
3.642,-1.90752645395232e-14
3.642125,0.00522167987805813
3.64225,0.00738457050192217
3.642375,0.00522167987807388
3.6425,3.20383378486751e-15
3.642625,-0.00522167987803136
3.64275,-0.00738457050192217
3.642875,-0.00522167987806266
3.643,-1.41973140156792e-14
3.643125,0.00522167987804258
3.64325,0.00738457050192217
3.643375,0.00522167987807043
3.6435,2.51907942464909e-14
3.643625,-0.0052216798780538
3.64375,-0.00738457050192217
3.643875,-0.0052216798780782
3.644,-9.3193634918352e-15
3.644125,0.00522167987804603
3.64425,0.00738457050192217
3.644375,0.00522167987806698
3.6445,2.03128437226469e-14
3.644625,-0.00522167987803825
3.64475,-0.00738457050192217
3.644875,-0.00522167987807476
3.645,-4.44141296799118e-15
3.645125,0.00522167987804948
3.64525,0.00738457050192217
3.645375,0.00522167987806353
3.6455,1.54348931988029e-14
3.645625,-0.0052216798780417
3.64575,-0.00738457050192217
3.645875,-0.00522167987807131
3.646,-2.64283734296146e-14
3.646125,0.00522167987805293
3.64625,0.00738457050192217
3.646375,0.00522167987807908
3.6465,1.05569426749589e-14
3.646625,-0.00522167987804515
3.64675,-0.00738457050192217
3.646875,-0.00522167987806786
3.647,-2.15504229057706e-14
3.647125,0.00522167987803738
3.64725,0.00738457050192217
3.647375,0.00522167987807563
3.6475,5.67899215111485e-15
3.647625,-0.0052216798780486
3.64775,-0.00738457050192217
3.647875,-0.00522167987806441
3.648,-1.66724723819266e-14
3.648125,0.00522167987804083
3.64825,0.00738457050192217
3.648375,0.00522167987807218
3.6485,2.76659526127383e-14
3.648625,-0.00522167987805205
3.64875,-0.00738457050192217
3.648875,-0.00522167987807995
3.649,-1.17945218580825e-14
3.649125,0.00522167987804428
3.64925,0.00738457050192217
3.649375,0.00522167987806873
3.6495,-4.0769088965732e-15
3.649625,-0.0052216798780365
3.64975,-0.00738457050192217
3.649875,-0.00522167987805751
3.65,-3.3781482319706e-14
3.650125,0.00522167987804773
3.65025,0.00738457050192217
3.650375,0.00522167987806528
3.6505,1.79100515650502e-14
3.650625,-0.00522167987803995
3.65075,-0.00738457050192217
3.650875,-0.00522167987807306
3.651,-2.89035317958619e-14
3.651125,0.00522167987805118
3.65125,0.00738457050192217
3.651375,0.00522167987808083
3.6515,1.30321010412062e-14
3.651625,-0.0052216798780434
3.65175,-0.00738457050192217
3.651875,-0.00522167987806961
3.652,-2.40255812720179e-14
3.652125,0.00522167987803563
3.65225,0.00738457050192217
3.652375,0.00522167987805838
3.6525,3.50190615028296e-14
3.652625,-0.00522167987804685
3.65275,-0.00738457050192217
3.652875,-0.00522167987808515
3.653,-1.91476307481739e-14
3.653125,0.00522167987805808
3.65325,0.00738457050192217
3.653375,0.00522167987807393
3.6535,3.27619999351816e-15
3.653625,-0.0052216798780503
3.65375,-0.00738457050192217
3.653875,-0.00522167987806271
3.654,-1.42696802243299e-14
3.654125,0.00522167987804253
3.65425,0.00738457050192217
3.654375,0.00522167987807048
3.6545,2.52631604551416e-14
3.654625,-0.00522167987803475
3.65475,-0.00738457050192217
3.654875,-0.00522167987805926
3.655,-3.62566406859533e-14
3.655125,0.00522167987804598
3.65525,0.00738457050192217
3.655375,0.00522167987808603
3.6555,2.03852099312976e-14
3.655625,-0.0052216798780572
3.65575,-0.00738457050192217
3.655875,-0.00522167987807481
3.656,-4.51377917664183e-15
3.656125,0.00522167987804943
3.65625,0.00738457050192217
3.656375,0.00522167987806358
3.6565,1.55072594074535e-14
3.656625,-0.00522167987804165
3.65675,-0.00738457050192217
3.656875,-0.00522167987807136
3.657,-2.65007396382653e-14
3.657125,0.00522167987805288
3.65725,0.00738457050192217
3.657375,0.00522167987807913
3.6575,1.06293088836095e-14
3.657625,-0.0052216798780451
3.65775,-0.00738457050192217
3.657875,-0.00522167987806791
3.658,-2.16227891144212e-14
3.658125,0.00522167987805633
3.65825,0.00738457050192217
3.658375,0.00522167987807568
3.6585,5.7513583597655e-15
3.658625,-0.00522167987804855
3.65875,-0.00738457050192217
3.658875,-0.00522167987806446
3.659,-1.67448385905772e-14
3.659125,0.00522167987804078
3.65925,0.00738457050192217
3.659375,0.00522167987807223
3.6595,2.77383188213889e-14
3.659625,-0.005221679878052
3.65975,-0.00738457050192217
3.659875,-0.00522167987808001
3.66,-1.18668880667332e-14
3.660125,0.00522167987804423
3.66025,0.00738457050192217
3.660375,0.00522167987806878
3.6605,2.28603682975449e-14
3.660625,-0.00522167987805545
3.66075,-0.00738457050192217
3.660875,-0.00522167987807656
3.661,-6.98893754288917e-15
3.661125,0.00522167987804768
3.66125,0.00738457050192217
3.661375,0.00522167987806533
3.6615,1.79824177737009e-14
3.661625,-0.0052216798780399
3.66175,-0.00738457050192217
3.661875,-0.00522167987807311
3.662,-2.89758980045126e-14
3.662125,0.00522167987805113
3.66225,0.00738457050192217
3.662375,0.00522167987808088
3.6625,1.31044672498569e-14
3.662625,-0.00522167987804335
3.66275,-0.00738457050192217
3.662875,-0.00522167987806966
3.663,-2.40979474806686e-14
3.663125,0.00522167987805457
3.66325,0.00738457050192217
3.663375,0.00522167987807743
3.6635,8.22651672601284e-15
3.663625,-0.0052216798780468
3.66375,-0.00738457050192217
3.663875,-0.00522167987806621
3.664,-1.92199969568246e-14
3.664125,0.00522167987803903
3.66425,0.00738457050192217
3.664375,0.00522167987807398
3.6645,3.02134771876363e-14
3.664625,-0.00522167987805025
3.66475,-0.00738457050192217
3.664875,-0.00522167987808176
3.665,-1.43420464329805e-14
3.665125,0.00522167987806147
3.66525,0.00738457050192217
3.665375,0.00522167987807053
3.6655,-1.5293843216752e-15
3.665625,-0.0052216798780347
3.66575,-0.00738457050192217
3.665875,-0.00522167987805931
3.666,-9.46409590913651e-15
3.666125,0.00522167987804593
3.66625,0.00738457050192217
3.666375,0.00522167987806708
3.6665,2.04575761399482e-14
3.666625,-0.00522167987803815
3.66675,-0.00738457050192217
3.666875,-0.00522167987807486
3.667,-3.14510563707599e-14
3.667125,0.00522167987804938
3.66725,0.00738457050192217
3.667375,0.00522167987808263
3.6675,1.55796256161042e-14
3.667625,-0.0052216798780606
3.66775,-0.00738457050192217
3.667875,-0.00522167987807141
3.668,2.91805138551534e-16
3.668125,0.00522167987803383
3.66825,0.00738457050192217
3.668375,0.00522167987806019
3.6685,1.07016750922602e-14
3.668625,-0.00522167987804505
3.66875,-0.00738457050192217
3.668875,-0.00522167987806796
3.669,-2.16951553230719e-14
3.669125,0.00522167987805627
3.66925,0.00738457050192217
3.669375,0.00522167987807573
3.6695,5.82372456841616e-15
3.669625,-0.0052216798780485
3.66975,-0.00738457050192217
3.669875,-0.00522167987806451
3.67,-1.68172047992279e-14
3.670125,0.00522167987804073
3.67025,0.00738457050192217
3.670375,0.00522167987807228
3.6705,9.45774044572136e-16
3.670625,-0.00522167987803295
3.67075,-0.00738457050192217
3.670875,-0.00522167987806106
3.671,-3.88041652608513e-14
3.671125,0.00522167987804418
3.67125,0.00738457050192217
3.671375,0.00522167987806883
3.6715,2.29327345061956e-14
3.671625,-0.0052216798780554
3.67175,-0.00738457050192217
3.671875,-0.00522167987807661
3.672,-7.06130375153983e-15
3.672125,0.00522167987804762
3.67225,0.00738457050192217
3.672375,0.00522167987806538
3.6725,1.80547839823515e-14
3.672625,-0.00522167987803985
3.67275,-0.00738457050192217
3.672875,-0.00522167987807316
3.673,-2.18335322769581e-15
3.673125,0.00522167987805107
3.67325,0.00738457050192217
3.673375,0.00522167987806194
3.6735,1.31768334585075e-14
3.673625,-0.0052216798780433
3.67375,-0.00738457050192217
3.673875,-0.00522167987806971
3.674,-2.41703136893192e-14
3.674125,0.00522167987805452
3.67425,0.00738457050192217
3.674375,0.00522167987807748
3.6745,8.2988829346635e-15
3.674625,-0.00522167987804675
3.67475,-0.00738457050192217
3.674875,-0.00522167987806626
3.675,-1.92923631654752e-14
3.675125,0.00522167987803898
3.67525,0.00738457050192217
3.675375,0.00522167987807403
3.6755,3.02858433962869e-14
3.675625,-0.0052216798780502
3.67575,-0.00738457050192217
3.675875,-0.00522167987806281
3.676,-1.44144126416312e-14
3.676125,0.00522167987804243
3.67625,0.00738457050192217
3.676375,0.00522167987807058
3.6765,2.54078928724429e-14
3.676625,-0.00522167987805365
3.67675,-0.00738457050192217
3.676875,-0.00522167987807836
3.677,-9.53646211778717e-15
3.677125,0.00522167987804587
3.67725,0.00738457050192217
3.677375,0.00522167987806713
3.6775,2.05299423485989e-14
3.677625,-0.0052216798780381
3.67775,-0.00738457050192217
3.677875,-0.00522167987807491
3.678,-3.15234225794106e-14
3.678125,0.00522167987804932
3.67825,0.00738457050192217
3.678375,0.00522167987808268
3.6785,1.56519918247549e-14
3.678625,-0.00522167987804155
3.67875,-0.00738457050192217
3.678875,-0.00522167987807146
3.679,-2.66454720555666e-14
3.679125,0.00522167987805277
3.67925,0.00738457050192217
3.679375,0.00522167987807923
3.6795,1.07740413009108e-14
3.679625,-0.005221679878045
3.67975,-0.00738457050192217
3.679875,-0.00522167987806801
3.68,-2.17675215317226e-14
3.680125,0.00522167987803723
3.68025,0.00738457050192217
3.680375,0.00522167987805679
3.6805,3.27610017625343e-14
3.680625,-0.00522167987804845
3.68075,-0.00738457050192217
3.680875,-0.00522167987808356
3.681,-1.68895710078785e-14
3.681125,0.00522167987805967
3.68125,0.00738457050192217
3.681375,0.00522167987807233
3.6815,1.01814025322279e-15
3.681625,-0.0052216798780519
3.68175,-0.00738457050192217
3.681875,-0.00522167987808011
3.682,-1.20116204840345e-14
3.682125,0.00522167987804413
3.68225,0.00738457050192217
3.682375,0.00522167987806888
3.6825,2.30051007148462e-14
3.682625,-0.00522167987803635
3.68275,-0.00738457050192217
3.682875,-0.00522167987807666
3.683,-3.39985809456579e-14
3.683125,0.00522167987804757
3.68325,0.00738457050192217
3.683375,0.00522167987808443
3.6835,1.81271501910022e-14
3.683625,-0.0052216798780588
3.68375,-0.00738457050192217
3.683875,-0.00522167987807321
3.684,-2.25571943634646e-15
3.684125,0.00522167987805102
3.68425,0.00738457050192217
3.684375,0.00522167987806199
3.6845,1.32491996671582e-14
3.684625,-0.00522167987804325
3.68475,-0.00738457050192217
3.684875,-0.00522167987806976
3.685,-2.42426798979699e-14
3.685125,0.00522167987805447
3.68525,0.00738457050192217
3.685375,0.00522167987807753
3.6855,8.37124914331416e-15
3.685625,-0.0052216798780467
3.68575,-0.00738457050192217
3.685875,-0.00522167987808531
3.686,-1.93647293741259e-14
3.686125,0.00522167987805792
3.68625,0.00738457050192217
3.686375,0.00522167987807408
3.6865,3.49329861947013e-15
3.686625,-0.00522167987805015
3.68675,-0.00738457050192217
3.686875,-0.00522167987806286
3.687,-1.44867788502818e-14
3.687125,0.00522167987804237
3.68725,0.00738457050192217
3.687375,0.00522167987807064
3.6875,2.54802590810936e-14
3.687625,-0.0052216798780536
3.68775,-0.00738457050192217
3.687875,-0.00522167987807841
3.688,-9.60882832643783e-15
3.688125,0.00522167987804582
3.68825,0.00738457050192217
3.688375,0.00522167987806719
3.6885,2.06023085572495e-14
3.688625,-0.00522167987805705
3.68875,-0.00738457050192217
3.688875,-0.00522167987807496
3.689,-4.7308778025938e-15
3.689125,0.00522167987804927
3.68925,0.00738457050192217
3.689375,0.00522167987806374
3.6895,1.57243580334055e-14
3.689625,-0.0052216798780415
3.68975,-0.00738457050192217
3.689875,-0.00522167987807151
3.69,-2.67178382642172e-14
3.690125,0.00522167987805272
3.69025,0.00738457050192217
3.690375,0.00522167987807928
3.6905,1.08464075095615e-14
3.690625,-0.00522167987804495
3.69075,-0.00738457050192217
3.690875,-0.00522167987806806
3.691,-2.18398877403732e-14
3.691125,0.00522167987803717
3.69125,0.00738457050192217
3.691375,0.00522167987807584
3.6915,5.96845698571747e-15
3.691625,-0.0052216798780484
3.69175,-0.00738457050192217
3.691875,-0.00522167987806461
3.692,-1.69619372165292e-14
3.692125,0.00522167987804062
3.69225,0.00738457050192217
3.692375,0.00522167987807239
3.6925,2.79554174473409e-14
3.692625,-0.00522167987805185
3.69275,-0.00738457050192217
3.692875,-0.00522167987808016
3.693,-1.20839866926852e-14
3.693125,0.00522167987806307
3.69325,0.00738457050192217
3.693375,0.00522167987806894
3.6935,2.30774669234969e-14
3.693625,-0.0052216798780363
3.69375,-0.00738457050192217
3.693875,-0.00522167987807671
3.694,-7.20603616884114e-15
3.694125,0.00522167987804752
3.69425,0.00738457050192217
3.694375,0.00522167987806549
3.6945,1.81995163996529e-14
3.694625,-0.00522167987803975
3.69475,-0.00738457050192217
3.694875,-0.00522167987807326
3.695,-2.91929966304646e-14
3.695125,0.00522167987805097
3.69525,0.00738457050192217
3.695375,0.00522167987808103
3.6955,1.33215658758088e-14
3.695625,-0.0052216798780432
3.69575,-0.00738457050192217
3.695875,-0.00522167987806981
3.696,2.5498648788469e-15
3.696125,0.00522167987803542
3.69625,0.00738457050192217
3.696375,0.00522167987805859
3.6965,3.53085263374323e-14
3.696625,-0.00522167987804665
3.69675,-0.00738457050192217
3.696875,-0.00522167987806636
3.697,-1.94370955827765e-14
3.697125,0.00522167987805787
3.69725,0.00738457050192217
3.697375,0.00522167987807414
3.6975,3.04305758135882e-14
3.697625,-0.0052216798780501
3.69775,-0.00738457050192217
3.697875,-0.00522167987808191
3.698,-1.45591450589325e-14
3.698125,0.00522167987804232
3.69825,0.00738457050192217
3.698375,0.00522167987807069
3.6985,-1.31228569572323e-15
3.698625,-0.00522167987803455
3.69875,-0.00738457050192217
3.698875,-0.00522167987805946
3.699,-3.65461055205559e-14
3.699125,0.00522167987804577
3.69925,0.00738457050192217
3.699375,0.00522167987806724
3.6995,2.06746747659002e-14
3.699625,-0.005221679878057
3.69975,-0.00738457050192217
3.699875,-0.00522167987807501
3.7,-4.80324401124446e-15
3.700125,0.00522167987804922
3.70025,0.00738457050192217
3.700375,0.00522167987806379
3.7005,1.57967242420562e-14
3.700625,-0.00522167987804145
3.70075,-0.00738457050192217
3.700875,-0.00522167987807156
3.701,-2.67902044728679e-14
3.701125,0.00522167987805267
3.70125,0.00738457050192217
3.701375,0.00522167987806034
3.7015,3.77836847036796e-14
3.701625,-0.0052216798780449
3.70175,-0.00738457050192217
3.701875,-0.00522167987808711
3.702,-2.19122539490239e-14
3.702125,0.00522167987805612
3.70225,0.00738457050192217
3.702375,0.00522167987807589
3.7025,6.04082319436813e-15
3.702625,-0.00522167987804835
3.70275,-0.00738457050192217
3.702875,-0.00522167987806466
3.703,-1.70343034251798e-14
3.703125,0.00522167987804057
3.70325,0.00738457050192217
3.703375,0.00522167987807244
3.7035,2.80277836559916e-14
3.703625,-0.0052216798780518
3.70375,-0.00738457050192217
3.703875,-0.00522167987808021
3.704,-1.21563529013358e-14
3.704125,0.00522167987804402
3.70425,0.00738457050192217
3.704375,0.00522167987806899
3.7045,2.31498331321475e-14
3.704625,-0.00522167987805525
3.70475,-0.00738457050192217
3.704875,-0.00522167987807676
3.705,-7.2784023774918e-15
3.705125,0.00522167987804747
3.70525,0.00738457050192217
3.705375,0.00522167987806554
3.7055,1.82718826083035e-14
3.705625,-0.0052216798780397
3.70575,-0.00738457050192217
3.705875,-0.00522167987807331
3.706,-2.92653628391152e-14
3.706125,0.00522167987805092
3.70625,0.00738457050192217
3.706375,0.00522167987808109
3.7065,1.33939320844595e-14
3.706625,-0.00522167987804315
3.70675,-0.00738457050192217
3.706875,-0.00522167987806986
3.707,-2.43874123152712e-14
3.707125,0.00522167987805437
3.70725,0.00738457050192217
3.707375,0.00522167987807764
3.7075,8.51598156061547e-15
3.707625,-0.0052216798780466
3.70775,-0.00738457050192217
3.707875,-0.00522167987806641
3.708,-1.95094617914272e-14
3.708125,0.00522167987803882
3.70825,0.00738457050192217
3.708375,0.00522167987807419
3.7085,3.05029420222389e-14
3.708625,-0.00522167987805005
3.70875,-0.00738457050192217
3.708875,-0.00522167987808196
3.709,-1.46315112675832e-14
3.709125,0.00522167987804227
3.70925,0.00738457050192217
3.709375,0.00522167987807074
3.7095,2.56249914983949e-14
3.709625,-0.0052216798780535
3.70975,-0.00738457050192217
3.709875,-0.00522167987807851
3.71,-9.75356074373914e-15
3.710125,0.00522167987804572
3.71025,0.00738457050192217
3.710375,0.00522167987806729
3.7105,2.07470409745509e-14
3.710625,-0.00522167987803795
3.71075,-0.00738457050192217
3.710875,-0.00522167987807506
3.711,-3.17405212053626e-14
3.711125,0.00522167987804917
3.71125,0.00738457050192217
3.711375,0.00522167987808284
3.7115,1.58690904507068e-14
3.711625,-0.00522167987806039
3.71175,-0.00738457050192217
3.711875,-0.00522167987807161
3.712,2.34030394890823e-18
3.712125,0.00522167987805262
3.71225,0.00738457050192217
3.712375,0.00522167987806039
3.7125,1.09911399268628e-14
3.712625,-0.00522167987804485
3.71275,-0.00738457050192217
3.712875,-0.00522167987806816
3.713,-2.19846201576745e-14
3.713125,0.00522167987803707
3.71325,0.00738457050192217
3.713375,0.00522167987807594
3.7135,3.29781003884862e-14
3.713625,-0.0052216798780483
3.71375,-0.00738457050192217
3.713875,-0.00522167987808371
3.714,-1.71066696338305e-14
3.714125,0.00522167987805952
3.71425,0.00738457050192217
3.714375,0.00522167987807249
3.7145,1.23523887917476e-15
3.714625,-0.00522167987803275
3.71475,-0.00738457050192217
3.714875,-0.00522167987806126
3.715,-1.22287191099865e-14
3.715125,0.00522167987804397
3.71525,0.00738457050192217
3.715375,0.00522167987806904
3.7155,2.32221993407982e-14
3.715625,-0.00522167987805519
3.71575,-0.00738457050192217
3.715875,-0.00522167987807681
3.716,-7.35076858614245e-15
3.716125,0.00522167987804742
3.71625,0.00738457050192217
3.716375,0.00522167987806559
3.7165,1.83442488169542e-14
3.716625,-0.00522167987803965
3.71675,-0.00738457050192217
3.716875,-0.00522167987807336
3.717,-2.47281806229843e-15
3.717125,0.00522167987803187
3.71725,0.00738457050192217
3.717375,0.00522167987806214
3.7175,1.34662982931101e-14
3.717625,-0.0052216798780431
3.71775,-0.00738457050192217
3.717875,-0.00522167987806991
3.718,-2.44597785239219e-14
3.718125,0.00522167987805432
3.71825,0.00738457050192217
3.718375,0.00522167987807769
3.7185,8.58834776926612e-15
3.718625,-0.00522167987804655
3.71875,-0.00738457050192217
3.718875,-0.00522167987806646
3.719,-1.95818280000778e-14
3.719125,0.00522167987803877
3.71925,0.00738457050192217
3.719375,0.00522167987807424
3.7195,3.7103972454221e-15
3.719625,-0.00522167987804999
3.71975,-0.00738457050192217
3.719875,-0.00522167987806302
3.72,-1.47038774762338e-14
3.720125,0.00522167987804222
3.72025,0.00738457050192217
3.720375,0.00522167987807079
3.7205,2.56973577070455e-14
3.720625,-0.00522167987805344
3.72075,-0.00738457050192217
3.720875,-0.00522167987807856
3.721,-9.82592695238979e-15
3.721125,0.00522167987804567
3.72125,0.00738457050192217
3.721375,0.00522167987806734
3.7215,2.08194071832015e-14
3.721625,-0.0052216798780379
3.72175,-0.00738457050192217
3.721875,-0.00522167987807511
3.722,-3.18128874140132e-14
3.722125,0.00522167987804912
3.72225,0.00738457050192217
3.722375,0.00522167987806389
3.7225,1.59414566593575e-14
3.722625,-0.00522167987804135
3.72275,-0.00738457050192217
3.722875,-0.00522167987807166
3.723,-2.69349368901692e-14
3.723125,0.00522167987805257
3.72325,0.00738457050192217
3.723375,0.00522167987807944
3.7235,1.10635061355135e-14
3.723625,-0.0052216798780448
3.72375,-0.00738457050192217
3.723875,-0.00522167987806821
3.724,4.80792461914227e-15
3.724125,0.00522167987803702
3.72425,0.00738457050192217
3.724375,0.00522167987805699
3.7245,3.30504665971369e-14
3.724625,-0.00522167987804824
3.72475,-0.00738457050192217
3.724875,-0.00522167987806477
3.725,-1.71790358424812e-14
3.725125,0.00522167987804047
3.72525,0.00738457050192217
3.725375,0.00522167987807254
3.7255,2.81725160732929e-14
3.725625,-0.00522167987805169
3.72575,-0.00738457050192217
3.725875,-0.00522167987808031
3.726,-1.23010853186371e-14
3.726125,0.00522167987804392
3.72625,0.00738457050192217
3.726375,0.00522167987806909
3.7265,2.32945655494488e-14
3.726625,-0.00522167987803615
3.72675,-0.00738457050192217
3.726875,-0.00522167987805787
3.727,-3.42880457802606e-14
3.727125,0.00522167987804737
3.72725,0.00738457050192217
3.727375,0.00522167987808464
3.7275,1.84166150256048e-14
3.727625,-0.00522167987805859
3.72775,-0.00738457050192217
3.727875,-0.00522167987807341
3.728,-2.54518427094909e-15
3.728125,0.00522167987805082
3.72825,0.00738457050192217
3.728375,0.00522167987806219
3.7285,1.35386645017608e-14
3.728625,-0.00522167987804305
3.72875,-0.00738457050192217
3.728875,-0.00522167987806996
3.729,-2.45321447325725e-14
3.729125,0.00522167987803527
3.72925,0.00738457050192217
3.729375,0.00522167987807774
3.7295,3.55256249633842e-14
3.729625,-0.00522167987804649
3.72975,-0.00738457050192217
3.729875,-0.00522167987808551
3.73,-1.96541942087285e-14
3.730125,0.00522167987805772
3.73025,0.00738457050192217
3.730375,0.00522167987807429
3.7305,3.78276345407276e-15
3.730625,-0.00522167987804994
3.73075,-0.00738457050192217
3.730875,-0.00522167987806307
3.731,-1.47762436848845e-14
3.731125,0.00522167987804217
3.73125,0.00738457050192217
3.731375,0.00522167987807084
3.7315,2.57697239156962e-14
3.731625,-0.00522167987805339
3.73175,-0.00738457050192217
3.731875,-0.00522167987807861
3.732,-9.89829316104045e-15
3.732125,0.00522167987804562
3.73225,0.00738457050192217
3.732375,0.00522167987806739
3.7325,2.08917733918522e-14
3.732625,-0.00522167987805684
3.73275,-0.00738457050192217
3.732875,-0.00522167987807516
3.733,-5.02034263719643e-15
3.733125,0.00522167987804907
3.73325,0.00738457050192217
3.733375,0.00522167987806394
3.7335,1.60138228680081e-14
3.733625,-0.00522167987804129
3.73375,-0.00738457050192217
3.733875,-0.00522167987807172
3.734,-2.70073030988199e-14
3.734125,0.00522167987805252
3.73425,0.00738457050192217
3.734375,0.00522167987807949
3.7345,1.11358723441641e-14
3.734625,-0.00522167987804474
3.73475,-0.00738457050192217
3.734875,-0.00522167987806827
3.735,-2.21293525749758e-14
3.735125,0.00522167987805597
3.73525,0.00738457050192217
3.735375,0.00522167987807604
3.7355,6.2579218203201e-15
3.735625,-0.00522167987804819
3.73575,-0.00738457050192217
3.735875,-0.00522167987806482
3.736,-1.72514020511318e-14
3.736125,0.00522167987804042
3.73625,0.00738457050192217
3.736375,0.00522167987807259
3.7365,2.82448822819435e-14
3.736625,-0.00522167987805164
3.73675,-0.00738457050192217
3.736875,-0.00522167987808036
3.737,-1.23734515272878e-14
3.737125,0.00522167987804387
3.73725,0.00738457050192217
3.737375,0.00522167987806914
3.7375,2.33669317580995e-14
3.737625,-0.00522167987805509
3.73775,-0.00738457050192217
3.737875,-0.00522167987807691
3.738,-7.49550100344377e-15
3.738125,0.00522167987804732
3.73825,0.00738457050192217
3.738375,0.00522167987806569
3.7385,1.84889812342555e-14
3.738625,-0.00522167987803954
3.73875,-0.00738457050192217
3.738875,-0.00522167987807347
3.739,-2.94824614650672e-14
3.739125,0.00522167987805077
3.73925,0.00738457050192217
3.739375,0.00522167987808124
3.7395,1.36110307104115e-14
3.739625,-0.00522167987806199
3.73975,-0.00738457050192217
3.739875,-0.00522167987807002
3.74,2.26040004424428e-15
3.740125,0.00522167987803522
3.74025,0.00738457050192217
3.740375,0.00522167987807779
3.7405,8.73308018656744e-15
3.740625,-0.00522167987804644
3.74075,-0.00738457050192217
3.740875,-0.00522167987806657
3.741,-1.97265604173792e-14
3.741125,0.00522167987803867
3.74125,0.00738457050192217
3.741375,0.00522167987807434
3.7415,3.07200406481909e-14
3.741625,-0.00522167987804989
3.74175,-0.00738457050192217
3.741875,-0.00522167987808211
3.742,-1.48486098935351e-14
3.742125,0.00522167987804212
3.74225,0.00738457050192217
3.742375,0.00522167987807089
3.7425,-1.02282086112061e-15
3.742625,-0.00522167987803434
3.74275,-0.00738457050192217
3.742875,-0.00522167987805967
3.743,-9.97065936969111e-15
3.743125,0.00522167987804557
3.74325,0.00738457050192217
3.743375,0.00522167987806744
3.7435,2.09641396005028e-14
3.743625,-0.00522167987805679
3.74375,-0.00738457050192217
3.743875,-0.00522167987807521
3.744,-5.09270884584708e-15
3.744125,0.00522167987804902
3.74425,0.00738457050192217
3.744375,0.00522167987808299
3.7445,1.60861890766588e-14
3.744625,-0.00522167987804124
3.74475,-0.00738457050192217
3.744875,-0.00522167987807177
3.745,-2.14758322003061e-16
3.745125,0.00522167987803347
3.74525,0.00738457050192217
3.745375,0.00522167987806054
3.7455,3.80731495382822e-14
3.745625,-0.00522167987804469
3.74575,-0.00738457050192217
3.745875,-0.00522167987806832
3.746,-2.22017187836265e-14
3.746125,0.00522167987805592
3.74625,0.00738457050192217
3.746375,0.00522167987807609
3.7465,6.33028802897075e-15
3.746625,-0.00522167987804814
3.74675,-0.00738457050192217
3.746875,-0.00522167987806487
3.747,-1.73237682597825e-14
3.747125,0.00522167987804037
3.74725,0.00738457050192217
3.747375,0.00522167987807264
3.7475,2.83172484905942e-14
3.747625,-0.00522167987805159
3.74775,-0.00738457050192217
3.747875,-0.00522167987806142
3.748,-1.24458177359384e-14
3.748125,0.00522167987804382
3.74825,0.00738457050192217
3.748375,0.00522167987808819
3.7485,2.34392979667502e-14
3.748625,-0.00522167987805504
3.74875,-0.00738457050192217
3.748875,-0.00522167987807697
3.749,-7.56786721209442e-15
3.749125,0.00522167987804727
3.74925,0.00738457050192217
3.749375,0.00522167987806574
3.7495,1.85613474429061e-14
3.749625,-0.00522167987803949
3.74975,-0.00738457050192217
3.749875,-0.00522167987807352
3.75,-2.95548276737179e-14
3.750125,0.00522167987805072
3.75025,0.00738457050192217
3.750375,0.00522167987806229
3.7505,1.36833969190621e-14
3.750625,-0.00522167987804294
3.75075,-0.00738457050192217
3.750875,-0.00522167987807007
3.751,-2.46768771498738e-14
3.751125,0.00522167987805417
3.75125,0.00738457050192217
3.751375,0.00522167987807784
3.7515,8.80544639521809e-15
3.751625,-0.00522167987804639
3.75175,-0.00738457050192217
3.751875,-0.00522167987806662
3.752,-1.97989266260298e-14
3.752125,0.00522167987803862
3.75225,0.00738457050192217
3.752375,0.00522167987807439
3.7525,3.07924068568415e-14
3.752625,-0.00522167987804984
3.75275,-0.00738457050192217
3.752875,-0.00522167987808217
3.753,-1.49209761021858e-14
3.753125,0.00522167987804207
3.75325,0.00738457050192217
3.753375,0.00522167987807094
3.7535,2.59144563329975e-14
3.753625,-0.00522167987805329
3.75375,-0.00738457050192217
3.753875,-0.00522167987807872
3.754,-1.00430255783418e-14
3.754125,0.00522167987804552
3.75425,0.00738457050192217
3.754375,0.00522167987806749
3.7545,2.10365058091535e-14
3.754625,-0.00522167987803774
3.75475,-0.00738457050192217
3.754875,-0.00522167987807527
3.755,-3.20299860399652e-14
3.755125,0.00522167987804897
3.75525,0.00738457050192217
3.755375,0.00522167987808304
3.7555,1.61585552853095e-14
3.755625,-0.00522167987806019
3.75575,-0.00738457050192217
3.755875,-0.00522167987807182
3.756,-2.71520355161212e-14
3.756125,0.00522167987805242
3.75625,0.00738457050192217
3.756375,0.00522167987807959
3.7565,1.12806047614654e-14
3.756625,-0.00522167987804464
3.75675,-0.00738457050192217
3.756875,-0.00522167987806837
3.757,-2.22740849922771e-14
3.757125,0.00522167987803687
3.75725,0.00738457050192217
3.757375,0.00522167987807614
3.7575,3.32675652230889e-14
3.757625,-0.00522167987804809
3.75775,-0.00738457050192217
3.757875,-0.00522167987808392
3.758,-1.73961344684331e-14
3.758125,0.00522167987805931
3.75825,0.00738457050192217
3.758375,0.00522167987807269
3.7585,1.52470371377739e-15
3.758625,-0.00522167987805154
3.75875,-0.00738457050192217
3.758875,-0.00522167987806147
3.759,-1.25181839445891e-14
3.759125,0.00522167987804377
3.75925,0.00738457050192217
3.759375,0.00522167987806924
3.7595,2.35116641754008e-14
3.759625,-0.00522167987805499
3.75975,-0.00738457050192217
3.759875,-0.00522167987807702
3.76,-3.45051444062125e-14
3.760125,0.00522167987804722
3.76025,0.00738457050192217
3.760375,0.00522167987808479
3.7605,1.86337136515568e-14
3.760625,-0.00522167987805844
3.76075,-0.00738457050192217
3.760875,-0.00522167987807357
3.761,-2.76228289690106e-15
3.761125,0.00522167987803167
3.76125,0.00738457050192217
3.761375,0.00522167987806234
3.7615,1.37557631277128e-14
3.761625,-0.00522167987804289
3.76175,-0.00738457050192217
3.761875,-0.00522167987807012
3.762,-2.47492433585245e-14
3.762125,0.00522167987805411
3.76225,0.00738457050192217
3.762375,0.00522167987807789
3.7625,8.87781260386875e-15
3.762625,-0.00522167987804634
3.76275,-0.00738457050192217
3.762875,-0.00522167987806667
3.763,-1.98712928346805e-14
3.763125,0.00522167987805756
3.76325,0.00738457050192217
3.763375,0.00522167987807444
3.7635,3.99986208002473e-15
3.763625,-0.00522167987804979
3.76375,-0.00738457050192217
3.763875,-0.00522167987806322
3.764,-1.49933423108364e-14
3.764125,0.00522167987804202
3.76425,0.00738457050192217
3.764375,0.00522167987807099
3.7645,2.59868225416482e-14
3.764625,-0.00522167987805324
3.76475,-0.00738457050192217
3.764875,-0.00522167987807877
3.765,-1.01153917869924e-14
3.765125,0.00522167987804547
3.76525,0.00738457050192217
3.765375,0.00522167987806754
3.7655,2.11088720178041e-14
3.765625,-0.00522167987803769
3.76575,-0.00738457050192217
3.765875,-0.00522167987807532
3.766,-5.2374412631484e-15
3.766125,0.00522167987804891
3.76625,0.00738457050192217
3.766375,0.00522167987806409
3.7665,1.62309214939601e-14
3.766625,-0.00522167987804114
3.76675,-0.00738457050192217
3.766875,-0.00522167987807187
3.767,-2.72244017247718e-14
3.767125,0.00522167987805236
3.76725,0.00738457050192217
3.767375,0.00522167987807964
3.7675,1.13529709701161e-14
3.767625,-0.00522167987804459
3.76775,-0.00738457050192217
3.767875,-0.00522167987806842
3.768,-2.23464512009278e-14
3.768125,0.00522167987803682
3.76825,0.00738457050192217
3.768375,0.00522167987807619
3.7685,6.47502044627207e-15
3.768625,-0.00522167987804804
3.76875,-0.00738457050192217
3.768875,-0.00522167987806497
3.769,-1.74685006770838e-14
3.769125,0.00522167987804027
3.76925,0.00738457050192217
3.769375,0.00522167987807274
3.7695,2.84619809078955e-14
3.769625,-0.00522167987805149
3.76975,-0.00738457050192217
3.769875,-0.00522167987808052
3.77,-1.25905501532398e-14
3.770125,0.00522167987804371
3.77025,0.00738457050192217
3.770375,0.00522167987806929
3.7705,-3.28088060141598e-15
3.770625,-0.00522167987803594
3.77075,-0.00738457050192217
3.770875,-0.00522167987805807
3.771,-3.45775106148632e-14
3.771125,0.00522167987804717
3.77125,0.00738457050192217
3.771375,0.00522167987806584
3.7715,1.87060798602075e-14
3.771625,-0.00522167987803939
3.77175,-0.00738457050192217
3.771875,-0.00522167987807362
3.772,-2.96995600910192e-14
3.772125,0.00522167987805061
3.77225,0.00738457050192217
3.772375,0.00522167987808139
3.7725,1.38281293363634e-14
3.772625,-0.00522167987804284
3.77275,-0.00738457050192217
3.772875,-0.00522167987807017
3.773,-2.48216095671751e-14
3.773125,0.00522167987803507
3.77325,0.00738457050192217
3.773375,0.00522167987805895
3.7735,3.58150897979869e-14
3.773625,-0.00522167987804629
3.77375,-0.00738457050192217
3.773875,-0.00522167987808572
3.774,-1.99436590433311e-14
3.774125,0.00522167987805751
3.77425,0.00738457050192217
3.774375,0.00522167987807449
3.7745,4.07222828867538e-15
3.774625,-0.00522167987804974
3.77475,-0.00738457050192217
3.774875,-0.00522167987806327
3.775,-1.50657085194871e-14
3.775125,0.00522167987804197
3.77525,0.00738457050192217
3.775375,0.00522167987807104
3.7755,2.60591887502988e-14
3.775625,-0.00522167987803419
3.77575,-0.00738457050192217
3.775875,-0.00522167987805982
3.776,-3.70526689811105e-14
3.776125,0.00522167987804541
3.77625,0.00738457050192217
3.776375,0.00522167987808659
3.7765,2.11812382264548e-14
3.776625,-0.00522167987805664
3.77675,-0.00738457050192217
3.776875,-0.00522167987807537
3.777,-5.30980747179905e-15
3.777125,0.00522167987804886
3.77725,0.00738457050192217
3.777375,0.00522167987806415
3.7775,1.63032877026108e-14
3.777625,-0.00522167987804109
3.77775,-0.00738457050192217
3.777875,-0.00522167987807192
3.778,-2.72967679334225e-14
3.778125,0.00522167987805231
3.77825,0.00738457050192217
3.778375,0.00522167987807969
3.7785,1.14253371787667e-14
3.778625,-0.00522167987804454
3.77875,-0.00738457050192217
3.778875,-0.00522167987806847
3.779,-2.24188174095785e-14
3.779125,0.00522167987805576
3.77925,0.00738457050192217
3.779375,0.00522167987807624
3.7795,6.54738665492272e-15
3.779625,-0.00522167987804799
3.77975,-0.00738457050192217
3.779875,-0.00522167987806502
3.78,-1.75408668857344e-14
3.780125,0.00522167987804022
3.78025,0.00738457050192217
3.780375,0.00522167987807279
3.7805,2.85343471165462e-14
3.780625,-0.00522167987805144
3.78075,-0.00738457050192217
3.780875,-0.00522167987808057
3.781,-1.26629163618904e-14
3.781125,0.00522167987804366
3.78125,0.00738457050192217
3.781375,0.00522167987806935
3.7815,2.36563965927021e-14
3.781625,-0.00522167987805489
3.78175,-0.00738457050192217
3.781875,-0.00522167987807712
3.782,-7.78496583804639e-15
3.782125,0.00522167987804711
3.78225,0.00738457050192217
3.782375,0.0052216798780659
3.7825,1.87784460688581e-14
3.782625,-0.00522167987803934
3.78275,-0.00738457050192217
3.782875,-0.00522167987807367
3.783,-2.97719262996698e-14
3.783125,0.00522167987805056
3.78325,0.00738457050192217
3.783375,0.00522167987808144
3.7835,1.39004955450141e-14
3.783625,-0.00522167987804279
3.78375,-0.00738457050192217
3.783875,-0.00522167987807022
3.784,-2.48939757758258e-14
3.784125,0.00522167987805401
3.78425,0.00738457050192217
3.784375,0.00522167987807799
3.7845,9.02254502117006e-15
3.784625,-0.00522167987804624
3.78475,-0.00738457050192217
3.784875,-0.00522167987806677
3.785,-2.00160252519818e-14
3.785125,0.00522167987803846
3.78525,0.00738457050192217
3.785375,0.00522167987807455
3.7855,3.10095054827935e-14
3.785625,-0.00522167987804969
3.78575,-0.00738457050192217
3.785875,-0.00522167987808232
3.786,-1.51380747281378e-14
3.786125,0.00522167987806091
3.78625,0.00738457050192217
3.786375,0.0052216798780711
3.7865,-7.33356026517983e-16
3.786625,-0.00522167987803414
3.78675,-0.00738457050192217
3.786875,-0.00522167987805987
3.787,-1.02601242042937e-14
3.787125,0.00522167987804536
3.78725,0.00738457050192217
3.787375,0.00522167987806765
3.7875,2.12536044351054e-14
3.787625,-0.00522167987803759
3.78775,-0.00738457050192217
3.787875,-0.00522167987807542
3.788,-3.22470846659172e-14
3.788125,0.00522167987804881
3.78825,0.00738457050192217
3.788375,0.00522167987808319
3.7885,1.63756539112614e-14
3.788625,-0.00522167987806004
3.78875,-0.00738457050192217
3.788875,-0.00522167987807197
3.789,-5.04223156605687e-16
3.789125,0.00522167987803326
3.78925,0.00738457050192217
3.789375,0.00522167987806075
3.7895,1.14977033874174e-14
3.789625,-0.00522167987804449
3.78975,-0.00738457050192217
3.789875,-0.00522167987806852
3.79,-2.24911836182291e-14
3.790125,0.00522167987805571
3.79025,0.00738457050192217
3.790375,0.00522167987807629
3.7905,6.61975286357338e-15
3.790625,-0.00522167987804794
3.79075,-0.00738457050192217
3.790875,-0.00522167987806507
3.791,-1.76132330943851e-14
3.791125,0.00522167987804016
3.79125,0.00738457050192217
3.791375,0.00522167987807285
3.7915,1.74180233972936e-15
3.791625,-0.00522167987803239
3.79175,-0.00738457050192217
3.791875,-0.00522167987806162
3.792,-3.96001935560085e-14
3.792125,0.00522167987804361
3.79225,0.00738457050192217
3.792375,0.0052216798780694
3.7925,2.37287628013528e-14
3.792625,-0.00522167987805484
3.79275,-0.00738457050192217
3.792875,-0.00522167987807717
3.793,-7.85733204669705e-15
3.793125,0.00522167987804706
3.79325,0.00738457050192217
3.793375,0.00522167987806595
3.7935,1.88508122775088e-14
3.793625,-0.00522167987803929
3.79375,-0.00738457050192217
3.793875,-0.00522167987807372
3.794,-2.97938152285303e-15
3.794125,0.00522167987805051
3.79425,0.00738457050192217
3.794375,0.0052216798780625
3.7945,1.39728617536647e-14
3.794625,-0.00522167987804274
3.79475,-0.00738457050192217
3.794875,-0.00522167987807027
3.795,-2.49663419844765e-14
3.795125,0.00522167987805396
3.79525,0.00738457050192217
3.795375,0.00522167987807805
3.7955,9.09491122982072e-15
3.795625,-0.00522167987804619
3.79575,-0.00738457050192217
3.795875,-0.00522167987806682
3.796,-2.00883914606324e-14
3.796125,0.00522167987803841
3.79625,0.00738457050192217
3.796375,0.0052216798780746
3.7965,3.10818716914442e-14
3.796625,-0.00522167987804964
3.79675,-0.00738457050192217
3.796875,-0.00522167987806337
3.797,-1.52104409367884e-14
3.797125,0.00522167987804186
3.79725,0.00738457050192217
3.797375,0.00522167987807115
3.7975,2.62039211676001e-14
3.797625,-0.00522167987805309
3.79775,-0.00738457050192217
3.797875,-0.00522167987807892
3.798,-1.03324904129444e-14
3.798125,0.00522167987804531
3.79825,0.00738457050192217
3.798375,0.0052216798780677
3.7985,2.13259706437561e-14
3.798625,-0.00522167987803754
3.79875,-0.00738457050192217
3.798875,-0.00522167987807547
3.799,-3.23194508745678e-14
3.799125,0.00522167987804876
3.79925,0.00738457050192217
3.799375,0.00522167987808324
3.7995,1.64480201199121e-14
3.799625,-0.00522167987804099
3.79975,-0.00738457050192217
3.799875,-0.00522167987807202
3.8,-2.74415003507238e-14
3.800125,0.00522167987805221
3.80025,0.00738457050192217
3.800375,0.0052216798780798
3.8005,1.15700695960681e-14
3.800625,-0.00522167987804444
3.80075,-0.00738457050192217
3.800875,-0.00522167987806857
3.801,-2.25635498268798e-14
3.801125,0.00522167987803666
3.80125,0.00738457050192217
3.801375,0.00522167987805735
3.8015,3.35570300576915e-14
3.801625,-0.00522167987804789
3.80175,-0.00738457050192217
3.801875,-0.00522167987808412
3.802,-1.76855993030357e-14
3.802125,0.00522167987805911
3.80225,0.00738457050192217
3.802375,0.0052216798780729
3.8025,1.81416854838001e-15
3.802625,-0.00522167987805134
3.80275,-0.00738457050192217
3.802875,-0.00522167987808067
3.803,-1.28076487791917e-14
3.803125,0.00522167987804356
3.80325,0.00738457050192217
3.803375,0.00522167987806945
3.8035,2.38011290100034e-14
3.803625,-0.00522167987803579
3.80375,-0.00738457050192217
3.803875,-0.00522167987807722
3.804,-3.47946092408152e-14
3.804125,0.00522167987804701
3.80425,0.00738457050192217
3.804375,0.005221679878085
3.8045,1.89231784861594e-14
3.804625,-0.00522167987805823
3.80475,-0.00738457050192217
3.804875,-0.00522167987807377
3.805,-3.05174773150368e-15
3.805125,0.00522167987805046
3.80525,0.00738457050192217
3.805375,0.00522167987806255
3.8055,1.40452279623154e-14
3.805625,-0.00522167987804269
3.80575,-0.00738457050192217
3.805875,-0.00522167987807032
3.806,-2.50387081931271e-14
3.806125,0.00522167987805391
3.80625,0.00738457050192217
3.806375,0.0052216798780781
3.8065,9.16727743847138e-15
3.806625,-0.00522167987804614
3.80675,-0.00738457050192217
3.806875,-0.00522167987808587
3.807,-2.01607576692831e-14
3.807125,0.00522167987805736
3.80725,0.00738457050192217
3.807375,0.00522167987807465
3.8075,4.28932691462735e-15
3.807625,-0.00522167987804959
3.80775,-0.00738457050192217
3.807875,-0.00522167987806342
3.808,-1.52828071454391e-14
3.808125,0.00522167987804181
3.80825,0.00738457050192217
3.808375,0.0052216798780712
3.8085,2.62762873762508e-14
3.808625,-0.00522167987805303
3.80875,-0.00738457050192217
3.808875,-0.00522167987807897
3.809,-1.0404856621595e-14
3.809125,0.00522167987804526
3.80925,0.00738457050192217
3.809375,0.00522167987806775
3.8095,2.13983368524068e-14
3.809625,-0.00522167987805648
3.80975,-0.00738457050192217
3.809875,-0.00522167987807552
3.81,-5.52690609775102e-15
3.810125,0.00522167987804871
3.81025,0.00738457050192217
3.810375,0.0052216798780643
3.8105,1.65203863285627e-14
3.810625,-0.00522167987804094
3.81075,-0.00738457050192217
3.810875,-0.00522167987807207
3.811,-2.75138665593745e-14
3.811125,0.00522167987805216
3.81125,0.00738457050192217
3.811375,0.00522167987807985
3.8115,1.16424358047187e-14
3.811625,-0.00522167987804439
3.81175,-0.00738457050192217
3.811875,-0.00522167987806862
3.812,-2.26359160355304e-14
3.812125,0.00522167987803661
3.81225,0.00738457050192217
3.812375,0.0052216798780764
3.8125,6.76448528087469e-15
3.812625,-0.00522167987804783
3.81275,-0.00738457050192217
3.812875,-0.00522167987806518
3.813,-1.77579655116864e-14
3.813125,0.00522167987804006
3.81325,0.00738457050192217
3.813375,0.00522167987807295
3.8135,2.87514457424981e-14
3.813625,-0.00522167987805128
3.81375,-0.00738457050192217
3.813875,-0.00522167987808072
3.814,-1.28800149878424e-14
3.814125,0.00522167987806251
3.81425,0.00738457050192217
3.814375,0.0052216798780695
3.8145,2.38734952186541e-14
3.814625,-0.00522167987803574
3.81475,-0.00738457050192217
3.814875,-0.00522167987807727
3.815,-8.00206446399836e-15
3.815125,0.00522167987804696
3.81525,0.00738457050192217
3.815375,0.00522167987806605
3.8155,1.89955446948101e-14
3.815625,-0.00522167987803919
3.81575,-0.00738457050192217
3.815875,-0.00522167987807382
3.816,-2.99890249256218e-14
3.816125,0.00522167987805041
3.81625,0.00738457050192217
3.816375,0.0052216798780816
3.8165,1.41175941709661e-14
3.816625,-0.00522167987804264
3.81675,-0.00738457050192217
3.816875,-0.00522167987807037
3.817,1.75383658368968e-15
3.817125,0.00522167987803486
3.81725,0.00738457050192217
3.817375,0.00522167987805915
3.8175,3.61045546325895e-14
3.817625,-0.00522167987804609
3.81775,-0.00738457050192217
3.817875,-0.00522167987806692
3.818,-2.02331238779337e-14
3.818125,0.00522167987805731
3.81825,0.00738457050192217
3.818375,0.0052216798780747
3.8185,3.12266041087455e-14
3.818625,-0.00522167987804953
3.81875,-0.00738457050192217
3.818875,-0.00522167987808247
3.819,-1.53551733540897e-14
3.819125,0.00522167987804176
3.81925,0.00738457050192217
3.819375,0.00522167987807125
3.8195,-5.16257400566014e-16
3.819625,-0.00522167987803399
3.81975,-0.00738457050192217
3.819875,-0.00522167987806003
3.82,-3.73421338157132e-14
3.820125,0.00522167987804521
3.82025,0.00738457050192217
3.820375,0.0052216798780678
3.8205,2.14707030610574e-14
3.820625,-0.00522167987805643
3.82075,-0.00738457050192217
3.820875,-0.00522167987807557
3.821,-5.59927230640168e-15
3.821125,0.00522167987804866
3.82125,0.00738457050192217
3.821375,0.00522167987806435
3.8215,1.65927525372134e-14
3.821625,-0.00522167987804089
3.82175,-0.00738457050192217
3.821875,-0.00522167987807212
3.822,-2.75862327680251e-14
3.822125,0.00522167987805211
3.82225,0.00738457050192217
3.822375,0.0052216798780609
3.8225,3.85797129988368e-14
3.822625,-0.00522167987804434
3.82275,-0.00738457050192217
3.822875,-0.00522167987808767
3.823,-2.27082822441811e-14
3.823125,0.00522167987805556
3.82325,0.00738457050192217
3.823375,0.00522167987807645
3.8235,6.83685148952535e-15
3.823625,-0.00522167987804778
3.82375,-0.00738457050192217
3.823875,-0.00522167987806523
3.824,-1.78303317203371e-14
3.824125,0.00522167987804001
3.82425,0.00738457050192217
3.824375,0.005221679878073
3.8245,2.88238119511488e-14
3.824625,-0.00522167987805123
3.82475,-0.00738457050192217
3.824875,-0.00522167987808077
3.825,-1.2952381196493e-14
3.825125,0.00522167987804346
3.82525,0.00738457050192217
3.825375,0.00522167987806955
3.8255,2.39458614273048e-14
3.825625,-0.00522167987805468
3.82575,-0.00738457050192217
3.825875,-0.00522167987807732
3.826,-8.07443067264902e-15
3.826125,0.00522167987804691
3.82625,0.00738457050192217
3.826375,0.0052216798780661
3.8265,1.90679109034607e-14
3.826625,-0.00522167987803914
3.82675,-0.00738457050192217
3.826875,-0.00522167987807387
3.827,-3.00613911342725e-14
3.827125,0.00522167987805036
3.82725,0.00738457050192217
3.827375,0.00522167987808165
3.8275,1.41899603796167e-14
3.827625,-0.00522167987804258
3.82775,-0.00738457050192217
3.827875,-0.00522167987807043
3.828,-2.51834406104284e-14
3.828125,0.00522167987805381
3.82825,0.00738457050192217
3.828375,0.0052216798780782
3.8285,9.31200985577269e-15
3.828625,-0.00522167987804603
3.82875,-0.00738457050192217
3.828875,-0.00522167987806698
3.829,-2.03054900865844e-14
3.829125,0.00522167987803826
3.82925,0.00738457050192217
3.829375,0.00522167987807475
3.8295,3.12989703173961e-14
3.829625,-0.00522167987804948
3.82975,-0.00738457050192217
3.829875,-0.00522167987808252
3.83,-1.54275395627404e-14
3.830125,0.00522167987804171
3.83025,0.00738457050192217
3.830375,0.0052216798780713
3.8305,2.64210197935521e-14
3.830625,-0.00522167987805293
3.83075,-0.00738457050192217
3.830875,-0.00522167987807907
3.831,-1.05495890388964e-14
3.831125,0.00522167987804516
3.83125,0.00738457050192217
3.831375,0.00522167987806785
3.8315,2.15430692697081e-14
3.831625,-0.00522167987803738
3.83175,-0.00738457050192217
3.831875,-0.00522167987807563
3.832,-3.25365495005198e-14
3.832125,0.00522167987804861
3.83225,0.00738457050192217
3.832375,0.0052216798780834
3.8325,1.66651187458641e-14
3.832625,-0.00522167987805983
3.83275,-0.00738457050192217
3.832875,-0.00522167987807218
3.833,-7.93687991208312e-16
3.833125,0.00522167987805206
3.83325,0.00738457050192217
3.833375,0.00522167987806095
3.8335,1.178716822202e-14
3.833625,-0.00522167987804428
3.83375,-0.00738457050192217
3.833875,-0.00522167987806873
3.834,-2.27806484528317e-14
3.834125,0.00522167987803651
3.83425,0.00738457050192217
3.834375,0.0052216798780765
3.8345,3.37741286836435e-14
3.834625,-0.00522167987804773
3.83475,-0.00738457050192217
3.834875,-0.00522167987808427
3.835,-1.79026979289877e-14
3.835125,0.00522167987805896
3.83525,0.00738457050192217
3.835375,0.00522167987807305
3.8355,2.03126717433198e-15
3.835625,-0.00522167987803219
3.83575,-0.00738457050192217
3.835875,-0.00522167987806183
3.836,-1.30247474051437e-14
3.836125,0.00522167987804341
3.83625,0.00738457050192217
3.836375,0.0052216798780696
3.8365,2.40182276359554e-14
3.836625,-0.00522167987805463
3.83675,-0.00738457050192217
3.836875,-0.00522167987807737
3.837,-8.14679688129967e-15
3.837125,0.00522167987804686
3.83725,0.00738457050192217
3.837375,0.00522167987806615
3.8375,1.91402771121114e-14
3.837625,-0.00522167987803908
3.83775,-0.00738457050192217
3.837875,-0.00522167987807393
3.838,-3.26884635745565e-15
3.838125,0.00522167987803131
3.83825,0.00738457050192217
3.838375,0.0052216798780627
3.8385,1.42623265882674e-14
3.838625,-0.00522167987804253
3.83875,-0.00738457050192217
3.838875,-0.00522167987807048
3.839,-2.52558068190791e-14
3.839125,0.00522167987805376
3.83925,0.00738457050192217
3.839375,0.00522167987807825
3.8395,9.38437606442334e-15
3.839625,-0.00522167987804598
3.83975,-0.00738457050192217
3.839875,-0.00522167987806703
3.84,-2.03778562952351e-14
3.840125,0.00522167987803821
3.84025,0.00738457050192217
3.840375,0.0052216798780748
3.8405,4.50642554057932e-15
3.840625,-0.00522167987804943
3.84075,-0.00738457050192217
3.840875,-0.00522167987806358
3.841,-1.5499905771391e-14
3.841125,0.00522167987804166
3.84125,0.00738457050192217
3.841375,0.00522167987807135
3.8415,2.64933860022028e-14
3.841625,-0.00522167987805288
3.84175,-0.00738457050192217
3.841875,-0.00522167987807912
3.842,-1.0621955247547e-14
3.842125,0.00522167987804511
3.84225,0.00738457050192217
3.842375,0.0052216798780679
3.8425,2.16154354783587e-14
3.842625,-0.00522167987803733
3.84275,-0.00738457050192217
3.842875,-0.00522167987807568
3.843,-3.26089157091704e-14
3.843125,0.00522167987804856
3.84325,0.00738457050192217
3.843375,0.00522167987806445
3.8435,1.67374849545147e-14
3.843625,-0.00522167987804078
3.84375,-0.00738457050192217
3.843875,-0.00522167987807223
3.844,-2.77309651853264e-14
3.844125,0.00522167987805201
3.84425,0.00738457050192217
3.844375,0.00522167987808
3.8445,1.18595344306707e-14
3.844625,-0.00522167987804423
3.84475,-0.00738457050192217
3.844875,-0.00522167987806878
3.845,4.01189632398505e-15
3.845125,0.00522167987803646
3.84525,0.00738457050192217
3.845375,0.00522167987805755
3.8455,3.38464948922941e-14
3.845625,-0.00522167987804768
3.84575,-0.00738457050192217
3.845875,-0.00522167987806533
3.846,-1.79750641376384e-14
3.846125,0.00522167987803991
3.84625,0.00738457050192217
3.846375,0.0052216798780731
3.8465,2.89685443684501e-14
3.846625,-0.00522167987805113
3.84675,-0.00738457050192217
3.846875,-0.00522167987808088
3.847,-1.30971136137944e-14
3.847125,0.00522167987804336
3.84725,0.00738457050192217
3.847375,0.00522167987806965
3.8475,2.40905938446061e-14
3.847625,-0.00522167987803558
3.84775,-0.00738457050192217
3.847875,-0.00522167987805843
3.848,-3.50840740754178e-14
3.848125,0.00522167987804681
3.84825,0.00738457050192217
3.848375,0.0052216798780852
3.8485,1.9212643320762e-14
3.848625,-0.00522167987805803
3.84875,-0.00738457050192217
3.848875,-0.00522167987807398
3.849,-3.34121256610631e-15
3.849125,0.00522167987805026
3.84925,0.00738457050192217
3.849375,0.00522167987806275
3.8495,1.4334692796918e-14
3.849625,-0.00522167987804248
3.84975,-0.00738457050192217
3.849875,-0.00522167987807053
3.85,-2.53281730277297e-14
3.850125,0.00522167987803471
3.85025,0.00738457050192217
3.850375,0.0052216798780783
3.8505,3.63216532585415e-14
3.850625,-0.00522167987804593
3.85075,-0.00738457050192217
3.850875,-0.00522167987808608
3.851,-2.04502225038857e-14
3.851125,0.00522167987805715
3.85125,0.00738457050192217
3.851375,0.00522167987807485
3.8515,4.57879174922998e-15
3.851625,-0.00522167987804938
3.85175,-0.00738457050192217
3.851875,-0.00522167987806363
3.852,-1.55722719800417e-14
3.852125,0.00522167987804161
3.85225,0.00738457050192217
3.852375,0.0052216798780714
3.8525,2.65657522108534e-14
3.852625,-0.00522167987805283
3.85275,-0.00738457050192217
3.852875,-0.00522167987807918
3.853,-1.06943214561977e-14
3.853125,0.00522167987804506
3.85325,0.00738457050192217
3.853375,0.00522167987806795
3.8535,2.16878016870094e-14
3.853625,-0.00522167987805628
3.85375,-0.00738457050192217
3.853875,-0.00522167987807573
3.854,-5.81637093235365e-15
3.854125,0.00522167987804851
3.85425,0.00738457050192217
3.854375,0.0052216798780645
3.8545,1.68098511631654e-14
3.854625,-0.00522167987804073
3.85475,-0.00738457050192217
3.854875,-0.00522167987807228
3.855,-2.78033313939771e-14
3.855125,0.00522167987805195
3.85525,0.00738457050192217
3.855375,0.00522167987808005
3.8555,1.19319006393213e-14
3.855625,-0.00522167987804418
3.85575,-0.00738457050192217
3.855875,-0.00522167987806883
3.856,-2.29253808701331e-14
3.856125,0.0052216798780554
3.85625,0.00738457050192217
3.856375,0.0052216798780766
3.8565,7.05395011547732e-15
3.856625,-0.00522167987804763
3.85675,-0.00738457050192217
3.856875,-0.00522167987806538
3.857,-1.8047430346289e-14
3.857125,0.00522167987803986
3.85725,0.00738457050192217
3.857375,0.00522167987807315
3.8575,2.90409105771008e-14
3.857625,-0.00522167987805108
3.85775,-0.00738457050192217
3.857875,-0.00522167987808093
3.858,-1.3169479822445e-14
3.858125,0.00522167987804331
3.85825,0.00738457050192217
3.858375,0.0052216798780697
3.8585,2.41629600532567e-14
3.858625,-0.00522167987805453
3.85875,-0.00738457050192217
3.858875,-0.00522167987807748
3.859,-8.29152929860099e-15
3.859125,0.00522167987804675
3.85925,0.00738457050192217
3.859375,0.00522167987806625
3.8595,1.92850095294127e-14
3.859625,-0.00522167987803898
3.85975,-0.00738457050192217
3.859875,-0.00522167987807403
3.86,-3.02784897602244e-14
3.860125,0.0052216798780502
3.86025,0.00738457050192217
3.860375,0.0052216798780818
3.8605,1.44070590055687e-14
3.860625,-0.00522167987806143
3.86075,-0.00738457050192217
3.860875,-0.00522167987807058
3.861,1.46437174908706e-15
3.861125,0.00522167987803466
3.86125,0.00738457050192217
3.861375,0.00522167987807835
3.8615,9.52910848172466e-15
3.861625,-0.00522167987804588
3.86175,-0.00738457050192217
3.861875,-0.00522167987806713
3.862,-2.05225887125364e-14
3.862125,0.00522167987803811
3.86225,0.00738457050192217
3.862375,0.0052216798780749
3.8625,3.15160689433481e-14
3.862625,-0.00522167987804933
3.86275,-0.00738457050192217
3.862875,-0.00522167987808268
3.863,-1.56446381886923e-14
3.863125,0.00522167987804156
3.86325,0.00738457050192217
3.863375,0.00522167987807145
3.8635,-2.26792565963388e-16
3.863625,-0.00522167987803378
3.86375,-0.00738457050192217
3.863875,-0.00522167987806023
3.864,-1.07666876648483e-14
3.864125,0.00522167987804501
3.86425,0.00738457050192217
3.864375,0.005221679878068
3.8645,2.176016789566e-14
3.864625,-0.00522167987805623
3.86475,-0.00738457050192217
3.864875,-0.00522167987807578
3.865,-5.8887371410043e-15
3.865125,0.00522167987804845
3.86525,0.00738457050192217
3.865375,0.00522167987808355
3.8655,1.6882217371816e-14
3.865625,-0.00522167987804068
3.86575,-0.00738457050192217
3.865875,-0.00522167987807233
3.866,-1.01078661716028e-15
3.866125,0.00522167987803291
3.86625,0.00738457050192217
3.866375,0.00522167987806111
3.8665,3.88691778334395e-14
3.866625,-0.00522167987804413
3.86675,-0.00738457050192217
3.866875,-0.00522167987806888
3.867,-2.29977470787837e-14
3.867125,0.00522167987805535
3.86725,0.00738457050192217
3.867375,0.00522167987807665
3.8675,7.12631632412797e-15
3.867625,-0.00522167987804758
3.86775,-0.00738457050192217
3.867875,-0.00522167987806543
3.868,-1.81197965549397e-14
3.868125,0.00522167987803981
3.86825,0.00738457050192217
3.868375,0.0052216798780732
3.8685,2.91132767857514e-14
3.868625,-0.00522167987805103
3.86875,-0.00738457050192217
3.868875,-0.00522167987806198
3.869,-1.32418460310957e-14
3.869125,0.00522167987804326
3.86925,0.00738457050192217
3.869375,0.00522167987808875
3.8695,2.42353262619074e-14
3.869625,-0.00522167987805448
3.86975,-0.00738457050192217
3.869875,-0.00522167987807753
3.87,-8.36389550725164e-15
3.870125,0.0052216798780467
3.87025,0.00738457050192217
3.870375,0.00522167987806631
3.8705,1.93573757380634e-14
3.870625,-0.00522167987803893
3.87075,-0.00738457050192217
3.870875,-0.00522167987807408
3.871,-3.03508559688751e-14
3.871125,0.00522167987805015
3.87125,0.00738457050192217
3.871375,0.00522167987806286
3.8715,1.44794252142193e-14
3.871625,-0.00522167987804238
3.87175,-0.00738457050192217
3.871875,-0.00522167987807063
3.872,-2.54729054450311e-14
3.872125,0.0052216798780536
3.87225,0.00738457050192217
3.872375,0.0052216798780784
3.8725,9.60147469037531e-15
3.872625,-0.00522167987804583
3.87275,-0.00738457050192217
3.872875,-0.00522167987806718
3.873,-2.0594954921187e-14
3.873125,0.00522167987803806
3.87325,0.00738457050192217
3.873375,0.00522167987807495
3.8735,3.15884351519987e-14
3.873625,-0.00522167987804928
3.87375,-0.00738457050192217
3.873875,-0.00522167987808273
3.874,-1.5717004397343e-14
3.874125,0.0052216798780415
3.87425,0.00738457050192217
3.874375,0.00522167987807151
3.8745,2.67104846281547e-14
3.874625,-0.00522167987805273
3.87475,-0.00738457050192217
3.874875,-0.00522167987807928
3.875,-1.0839053873499e-14
3.875125,0.00522167987804495
3.87525,0.00738457050192217
3.875375,0.00522167987806806
3.8755,2.18325341043107e-14
3.875625,-0.00522167987803718
3.87575,-0.00738457050192217
3.875875,-0.00522167987807583
3.876,-3.28260143351224e-14
3.876125,0.0052216798780484
3.87625,0.00738457050192217
3.876375,0.0052216798780836
3.8765,1.69545835804667e-14
3.876625,-0.00522167987805963
3.87675,-0.00738457050192217
3.876875,-0.00522167987807238
3.877,-2.79480638112784e-14
3.877125,0.00522167987805185
3.87725,0.00738457050192217
3.877375,0.00522167987808015
3.8775,1.20766330566227e-14
3.877625,-0.00522167987804408
3.87775,-0.00738457050192217
3.877875,-0.00522167987806893
3.878,-2.30701132874344e-14
3.878125,0.00522167987803631
3.87825,0.00738457050192217
3.878375,0.00522167987807671
3.8785,3.40635935182461e-14
3.878625,-0.00522167987804753
3.87875,-0.00738457050192217
3.878875,-0.00522167987808448
3.879,-1.81921627635903e-14
3.879125,0.00522167987805875
3.87925,0.00738457050192217
3.879375,0.00522167987807326
3.8795,2.32073200893461e-15
3.879625,-0.00522167987805098
3.87975,-0.00738457050192217
3.879875,-0.00522167987806203
3.88,-1.33142122397463e-14
3.880125,0.0052216798780432
3.88025,0.00738457050192217
3.880375,0.00522167987806981
3.8805,2.4307692470558e-14
3.880625,-0.00522167987805443
3.88075,-0.00738457050192217
3.880875,-0.00522167987807758
3.881,-3.53011727013698e-14
3.881125,0.00522167987804665
3.88125,0.00738457050192217
3.881375,0.00522167987808535
3.8815,1.9429741946714e-14
3.881625,-0.00522167987805788
3.88175,-0.00738457050192217
3.881875,-0.00522167987807413
3.882,-3.55831119205828e-15
3.882125,0.00522167987803111
3.88225,0.00738457050192217
3.882375,0.00522167987806291
3.8825,1.455179142287e-14
3.882625,-0.00522167987804233
3.88275,-0.00738457050192217
3.882875,-0.00522167987807068
3.883,-2.55452716536817e-14
3.883125,0.00522167987805355
3.88325,0.00738457050192217
3.883375,0.00522167987807845
3.8835,9.67384089902597e-15
3.883625,-0.00522167987804578
3.88375,-0.00738457050192217
3.883875,-0.00522167987806723
3.884,-2.06673211298377e-14
3.884125,0.005221679878057
3.88425,0.00738457050192217
3.884375,0.005221679878075
3.8845,4.79589037518195e-15
3.884625,-0.00522167987804923
3.88475,-0.00738457050192217
3.884875,-0.00522167987806378
3.885,-1.57893706059937e-14
3.885125,0.00522167987804145
3.88525,0.00738457050192217
3.885375,0.00522167987807156
3.8855,2.67828508368054e-14
3.885625,-0.00522167987805268
3.88575,-0.00738457050192217
3.885875,-0.00522167987807933
3.886,-1.09114200821496e-14
3.886125,0.0052216798780449
3.88625,0.00738457050192217
3.886375,0.00522167987806811
3.8865,2.19049003129614e-14
3.886625,-0.00522167987803713
3.88675,-0.00738457050192217
3.886875,-0.00522167987807588
3.887,-6.03346955830562e-15
3.887125,0.00522167987804835
3.88725,0.00738457050192217
3.887375,0.00522167987806466
3.8875,1.70269497891173e-14
3.887625,-0.00522167987804058
3.88775,-0.00738457050192217
3.887875,-0.00522167987807243
3.888,-2.80204300199291e-14
3.888125,0.0052216798780518
3.88825,0.00738457050192217
3.888375,0.0052216798780802
3.8885,1.21489992652733e-14
3.888625,-0.00522167987804403
3.88875,-0.00738457050192217
3.888875,-0.00522167987806898
3.889,-2.3142479496085e-14
3.889125,0.00522167987803625
3.88925,0.00738457050192217
3.889375,0.00522167987807676
3.8895,7.27104874142929e-15
3.889625,-0.00522167987804748
3.88975,-0.00738457050192217
3.889875,-0.00522167987806553
3.89,-1.8264528972241e-14
3.890125,0.0052216798780397
3.89025,0.00738457050192217
3.890375,0.00522167987807331
3.8905,2.92580092030527e-14
3.890625,-0.00522167987805093
3.89075,-0.00738457050192217
3.890875,-0.00522167987808108
3.891,-1.3386578448397e-14
3.891125,0.00522167987804315
3.89125,0.00738457050192217
3.891375,0.00522167987806986
3.8915,-2.48485230625876e-15
3.891625,-0.00522167987803538
3.89175,-0.00738457050192217
3.891875,-0.00522167987805863
3.892,-3.53735389100204e-14
3.892125,0.0052216798780466
3.89225,0.00738457050192217
3.892375,0.00522167987806641
3.8925,1.95021081553647e-14
3.892625,-0.00522167987803883
3.89275,-0.00738457050192217
3.892875,-0.00522167987807418
3.893,-3.04955883861764e-14
3.893125,0.00522167987805005
3.89325,0.00738457050192217
3.893375,0.00522167987808196
3.8935,1.46241576315206e-14
3.893625,-0.00522167987804228
3.89375,-0.00738457050192217
3.893875,-0.00522167987807073
3.894,-2.56176378623324e-14
3.894125,0.0052216798780345
3.89425,0.00738457050192217
3.894375,0.00522167987805951
3.8945,3.66111180931441e-14
3.894625,-0.00522167987804573
3.89475,-0.00738457050192217
3.894875,-0.00522167987808628
3.895,-2.07396873384883e-14
3.895125,0.00522167987805695
3.89525,0.00738457050192217
3.895375,0.00522167987807506
3.8955,4.8682565838326e-15
3.895625,-0.00522167987804918
3.89575,-0.00738457050192217
3.895875,-0.00522167987806383
3.896,-1.58617368146443e-14
3.896125,0.0052216798780414
3.89625,0.00738457050192217
3.896375,0.00522167987807161
3.8965,2.6855217045456e-14
3.896625,-0.00522167987803363
3.89675,-0.00738457050192217
3.896875,-0.00522167987806038
3.897,-3.78486972762678e-14
3.897125,0.00522167987804485
3.89725,0.00738457050192217
3.897375,0.00522167987808715
3.8975,2.1977266521612e-14
3.897625,-0.00522167987805607
3.89775,-0.00738457050192217
3.897875,-0.00522167987807593
3.898,-6.10583576695627e-15
3.898125,0.0052216798780483
3.89825,0.00738457050192217
3.898375,0.00522167987806471
3.8985,1.7099315997768e-14
3.898625,-0.00522167987804053
3.89875,-0.00738457050192217
3.898875,-0.00522167987807248
3.899,-2.80927962285797e-14
3.899125,0.00522167987805175
3.89925,0.00738457050192217
3.899375,0.00522167987808026
3.8995,1.2221365473924e-14
3.899625,-0.00522167987804398
3.89975,-0.00738457050192217
3.899875,-0.00522167987806903
3.9,-2.32148457047357e-14
3.900125,0.0052216798780552
3.90025,0.00738457050192217
3.900375,0.00522167987807681
3.9005,7.34341495007994e-15
3.900625,-0.00522167987804743
3.90075,-0.00738457050192217
3.900875,-0.00522167987806558
3.901,-1.83368951808917e-14
3.901125,0.00522167987803965
3.90125,0.00738457050192217
3.901375,0.00522167987807336
3.9015,2.93303754117034e-14
3.901625,-0.00522167987805087
3.90175,-0.00738457050192217
3.901875,-0.00522167987808113
3.902,-1.34589446570476e-14
3.902125,0.0052216798780431
3.90225,0.00738457050192217
3.902375,0.00522167987806991
3.9025,2.44524248878594e-14
3.902625,-0.00522167987805432
3.90275,-0.00738457050192217
3.902875,-0.00522167987807768
3.903,-8.58099413320361e-15
3.903125,0.00522167987804655
3.90325,0.00738457050192217
3.903375,0.00522167987806646
3.9035,1.95744743640153e-14
3.903625,-0.00522167987803878
3.90375,-0.00738457050192217
3.903875,-0.00522167987807423
3.904,-3.0567954594827e-14
3.904125,0.00522167987805
3.90425,0.00738457050192217
3.904375,0.00522167987808201
3.9045,1.46965238401713e-14
3.904625,-0.00522167987804223
3.90475,-0.00738457050192217
3.904875,-0.00522167987807078
3.905,-2.5690004070983e-14
3.905125,0.00522167987805345
3.90525,0.00738457050192217
3.905375,0.00522167987807856
3.9055,9.81857331632728e-15
3.905625,-0.00522167987804568
3.90575,-0.00738457050192217
3.905875,-0.00522167987806733
3.906,-2.0812053547139e-14
3.906125,0.0052216798780379
3.90625,0.00738457050192217
3.906375,0.00522167987807511
3.9065,3.18055337779507e-14
3.906625,-0.00522167987804913
3.90675,-0.00738457050192217
3.906875,-0.00522167987808288
3.907,-1.5934103023295e-14
3.907125,0.00522167987806035
3.90725,0.00738457050192217
3.907375,0.00522167987807166
3.9075,6.26722686392371e-17
3.907625,-0.00522167987803358
3.90775,-0.00738457050192217
3.907875,-0.00522167987806044
3.908,-1.1056152499451e-14
3.908125,0.0052216798780448
3.90825,0.00738457050192217
3.908375,0.00522167987806821
3.9085,2.20496327302627e-14
3.908625,-0.00522167987803703
3.90875,-0.00738457050192217
3.908875,-0.00522167987807598
3.909,-3.30431129610744e-14
3.909125,0.00522167987804825
3.90925,0.00738457050192217
3.909375,0.00522167987808376
3.9095,1.71716822064186e-14
3.909625,-0.00522167987805947
3.90975,-0.00738457050192217
3.909875,-0.00522167987807253
3.91,-1.30025145176291e-15
3.910125,0.0052216798780327
3.91025,0.00738457050192217
3.910375,0.00522167987806131
3.9105,1.22937316825746e-14
3.910625,-0.00522167987804392
3.91075,-0.00738457050192217
3.910875,-0.00522167987806908
3.911,-2.32872119133863e-14
3.911125,0.00522167987805515
3.91125,0.00738457050192217
3.911375,0.00522167987807686
3.9115,7.4157811587306e-15
3.911625,-0.00522167987804737
3.91175,-0.00738457050192217
3.911875,-0.00522167987806563
3.912,-1.84092613895423e-14
3.912125,0.0052216798780396
3.91225,0.00738457050192217
3.912375,0.00522167987807341
3.9125,2.53783063488658e-15
3.912625,-0.00522167987803183
3.91275,-0.00738457050192217
3.912875,-0.00522167987806219
3.913,-4.03962218511657e-14
3.913125,0.00522167987804305
3.91325,0.00738457050192217
3.913375,0.00522167987806996
3.9135,2.452479109651e-14
3.913625,-0.00522167987805427
3.91375,-0.00738457050192217
3.913875,-0.00522167987807773
3.914,-8.65336034185427e-15
3.914125,0.0052216798780465
3.91425,0.00738457050192217
3.914375,0.00522167987806651
3.9145,1.9646840572666e-14
3.914625,-0.00522167987803873
3.91475,-0.00738457050192217
3.914875,-0.00522167987807428
3.915,-3.77540981801025e-15
3.915125,0.00522167987804995
3.91525,0.00738457050192217
3.915375,0.00522167987806306
3.9155,1.4768890048822e-14
3.915625,-0.00522167987804218
3.91575,-0.00738457050192217
3.915875,-0.00522167987807083
3.916,-2.57623702796337e-14
3.916125,0.0052216798780534
3.91625,0.00738457050192217
3.916375,0.00522167987807861
3.9165,9.89093952497794e-15
3.916625,-0.00522167987804562
3.91675,-0.00738457050192217
3.916875,-0.00522167987806739
3.917,-2.08844197557897e-14
3.917125,0.00522167987803785
3.91725,0.00738457050192217
3.917375,0.00522167987807516
3.9175,3.18778999866014e-14
3.917625,-0.00522167987804907
3.91775,-0.00738457050192217
3.917875,-0.00522167987806394
3.918,-1.60064692319456e-14
3.918125,0.0052216798780413
3.91825,0.00738457050192217
3.918375,0.00522167987807171
3.9185,2.69999494627573e-14
3.918625,-0.00522167987805252
3.91875,-0.00738457050192217
3.918875,-0.00522167987807948
3.919,-1.11285187081016e-14
3.919125,0.00522167987804475
3.91925,0.00738457050192217
3.919375,0.00522167987806826
3.9195,2.21219989389133e-14
3.919625,-0.00522167987803698
3.91975,-0.00738457050192217
3.919875,-0.00522167987805704
3.92,-3.3115479169725e-14
3.920125,0.0052216798780482
3.92025,0.00738457050192217
3.920375,0.00522167987808381
3.9205,1.72440484150693e-14
3.920625,-0.00522167987804042
3.92075,-0.00738457050192217
3.920875,-0.00522167987807259
3.921,-2.8237528645881e-14
3.921125,0.00522167987805165
3.92125,0.00738457050192217
3.921375,0.00522167987808036
3.9215,1.23660978912253e-14
3.921625,-0.00522167987804387
3.92175,-0.00738457050192217
3.921875,-0.00522167987806914
3.922,-2.3359578122037e-14
3.922125,0.0052216798780361
3.92225,0.00738457050192217
3.922375,0.00522167987805791
3.9225,3.43530583528487e-14
3.922625,-0.00522167987804732
3.92275,-0.00738457050192217
3.922875,-0.00522167987808468
3.923,-1.8481627598193e-14
3.923125,0.00522167987805855
3.92325,0.00738457050192217
3.923375,0.00522167987807346
3.9235,2.61019684353723e-15
3.923625,-0.00522167987805077
3.92375,-0.00738457050192217
3.923875,-0.00522167987808123
3.924,-1.36036770743489e-14
3.924125,0.005221679878043
3.92425,0.00738457050192217
3.924375,0.00522167987807001
3.9245,2.45971573051607e-14
3.924625,-0.00522167987803523
3.92475,-0.00738457050192217
3.924875,-0.00522167987807778
3.925,-3.55906375359724e-14
3.925125,0.00522167987804645
3.92525,0.00738457050192217
3.925375,0.00522167987808556
3.9255,1.97192067813166e-14
3.925625,-0.00522167987805767
3.92575,-0.00738457050192217
3.925875,-0.00522167987807434
3.926,-3.8477760266609e-15
3.926125,0.0052216798780499
3.92625,0.00738457050192217
3.926375,0.00522167987806311
3.9265,1.48412562574726e-14
3.926625,-0.00522167987804212
3.92675,-0.00738457050192217
3.926875,-0.00522167987807089
3.927,-2.58347364882843e-14
3.927125,0.00522167987805335
3.92725,0.00738457050192217
3.927375,0.00522167987807866
3.9275,9.9633057336286e-15
3.927625,-0.00522167987804557
3.92775,-0.00738457050192217
3.927875,-0.00522167987808643
3.928,-2.09567859644403e-14
3.928125,0.0052216798780568
3.92825,0.00738457050192217
3.928375,0.00522167987807521
3.9285,5.08535520978457e-15
3.928625,-0.00522167987804902
3.92875,-0.00738457050192217
3.928875,-0.00522167987806399
3.929,-1.60788354405963e-14
3.929125,0.00522167987804125
3.92925,0.00738457050192217
3.929375,0.00522167987807176
3.9295,2.7072315671408e-14
3.929625,-0.00522167987805247
3.92975,-0.00738457050192217
3.929875,-0.00522167987807954
3.93,-1.12008849167523e-14
3.930125,0.0052216798780447
3.93025,0.00738457050192217
3.930375,0.00522167987806831
3.9305,2.2194365147564e-14
3.930625,-0.00522167987805592
3.93075,-0.00738457050192217
3.930875,-0.00522167987807609
3.931,-6.32293439290824e-15
3.931125,0.00522167987804815
3.93125,0.00738457050192217
3.931375,0.00522167987806486
3.9315,1.731641462372e-14
3.931625,-0.00522167987804037
3.93175,-0.00738457050192217
3.931875,-0.00522167987807264
3.932,-2.83098948545317e-14
3.932125,0.0052216798780516
3.93225,0.00738457050192217
3.932375,0.00522167987808041
3.9325,1.24384640998759e-14
3.932625,-0.00522167987804382
3.93275,-0.00738457050192217
3.932875,-0.00522167987806919
3.933,-2.34319443306877e-14
3.933125,0.00522167987803605
3.93325,0.00738457050192217
3.933375,0.00522167987807696
3.9335,7.56051357603191e-15
3.933625,-0.00522167987804727
3.93375,-0.00738457050192217
3.933875,-0.00522167987806574
3.934,-1.85539938068436e-14
3.934125,0.0052216798780395
3.93425,0.00738457050192217
3.934375,0.00522167987807351
3.9345,2.95474740376553e-14
3.934625,-0.00522167987805072
3.93475,-0.00738457050192217
3.934875,-0.00522167987808128
3.935,-1.36760432829996e-14
3.935125,0.00522167987806194
3.93525,0.00738457050192217
3.935375,0.00522167987807006
3.9355,-2.19538747165613e-15
3.935625,-0.00522167987803517
3.93575,-0.00738457050192217
3.935875,-0.00522167987807784
3.936,-8.79809275915558e-15
3.936125,0.0052216798780464
3.93625,0.00738457050192217
3.936375,0.00522167987806661
3.9365,1.97915729899673e-14
3.936625,-0.00522167987803862
3.93675,-0.00738457050192217
3.936875,-0.00522167987807439
3.937,-3.0785053220779e-14
3.937125,0.00522167987804985
3.93725,0.00738457050192217
3.937375,0.00522167987808216
3.9375,1.49136224661233e-14
3.937625,-0.00522167987804207
3.93775,-0.00738457050192217
3.937875,-0.00522167987807094
3.938,9.57808288532464e-16
3.938125,0.0052216798780343
3.93825,0.00738457050192217
3.938375,0.00522167987805971
3.9385,3.69005829277467e-14
3.938625,-0.00522167987804552
3.93875,-0.00738457050192217
3.938875,-0.00522167987806749
3.939,-2.1029152173091e-14
3.939125,0.00522167987805674
3.93925,0.00738457050192217
3.939375,0.00522167987807526
3.9395,3.20226324039027e-14
3.939625,-0.00522167987804897
3.93975,-0.00738457050192217
3.939875,-0.00522167987808304
3.94,-1.61512016492469e-14
3.940125,0.0052216798780412
3.94025,0.00738457050192217
3.940375,0.00522167987807181
3.9405,2.79770894591206e-16
3.940625,-0.00522167987803342
3.94075,-0.00738457050192217
3.940875,-0.00522167987806059
3.941,-3.81381621108704e-14
3.941125,0.00522167987804465
3.94125,0.00738457050192217
3.941375,0.00522167987806836
3.9415,2.22667313562146e-14
3.941625,-0.00522167987805587
3.94175,-0.00738457050192217
3.941875,-0.00522167987807614
3.942,-6.3953006015589e-15
3.942125,0.0052216798780481
3.94225,0.00738457050192217
3.942375,0.00522167987806491
3.9425,1.73887808323706e-14
3.942625,-0.00522167987804032
3.94275,-0.00738457050192217
3.942875,-0.00522167987807269
3.943,-2.83822610631823e-14
3.943125,0.00522167987805155
3.94325,0.00738457050192217
3.943375,0.00522167987806146
3.9435,3.9375741293994e-14
3.943625,-0.00522167987804377
3.94375,-0.00738457050192217
3.943875,-0.00522167987808823
3.944,-2.35043105393383e-14
3.944125,0.00522167987805499
3.94425,0.00738457050192217
3.944375,0.00522167987807701
3.9445,7.63287978468257e-15
3.944625,-0.00522167987804722
3.94475,-0.00738457050192217
3.944875,-0.00522167987806579
3.945,-1.86263600154943e-14
3.945125,0.00522167987803945
3.94525,0.00738457050192217
3.945375,0.00522167987807356
3.9455,2.9619840246306e-14
3.945625,-0.00522167987805067
3.94575,-0.00738457050192217
3.945875,-0.00522167987808134
3.946,-1.37484094916503e-14
3.946125,0.0052216798780429
3.94625,0.00738457050192217
3.946375,0.00522167987807011
3.9465,2.4741889722462e-14
3.946625,-0.00522167987805412
3.94675,-0.00738457050192217
3.946875,-0.00522167987807789
3.947,-8.87045896780624e-15
3.947125,0.00522167987804635
3.94725,0.00738457050192217
3.947375,0.00522167987806666
3.9475,1.9863939198618e-14
3.947625,-0.00522167987803857
3.94775,-0.00738457050192217
3.947875,-0.00522167987807444
3.948,-3.08574194294297e-14
3.948125,0.0052216798780498
3.94825,0.00738457050192217
3.948375,0.00522167987808221
3.9485,1.49859886747739e-14
3.948625,-0.00522167987804202
3.94875,-0.00738457050192217
3.948875,-0.00522167987807099
3.949,-2.59794689055856e-14
3.949125,0.00522167987805324
3.94925,0.00738457050192217
3.949375,0.00522167987807876
3.9495,1.01080381509299e-14
3.949625,-0.00522167987804547
3.94975,-0.00738457050192217
3.949875,-0.00522167987806754
3.95,-2.11015183817416e-14
3.950125,0.0052216798780377
3.95025,0.00738457050192217
3.950375,0.00522167987807531
3.9505,3.20949986125533e-14
3.950625,-0.00522167987804892
3.95075,-0.00738457050192217
3.950875,-0.00522167987808309
3.951,-1.62235678578976e-14
3.951125,0.00522167987806014
3.95125,0.00738457050192217
3.951375,0.00522167987807186
3.9515,2.72170480887093e-14
3.951625,-0.00522167987805237
3.95175,-0.00738457050192217
3.951875,-0.00522167987807964
3.952,-1.13456173340536e-14
3.952125,0.0052216798780446
3.95225,0.00738457050192217
3.952375,0.00522167987806841
3.9525,2.23390975648653e-14
3.952625,-0.00522167987803682
3.95275,-0.00738457050192217
3.952875,-0.00522167987807619
3.953,-3.3332577795677e-14
3.953125,0.00522167987804804
3.95325,0.00738457050192217
3.953375,0.00522167987808396
3.9535,1.74611470410213e-14
3.953625,-0.00522167987805927
3.95375,-0.00738457050192217
3.953875,-0.00522167987807274
3.954,-1.58971628636553e-15
3.954125,0.00522167987805149
3.95425,0.00738457050192217
3.954375,0.00522167987806152
3.9545,1.25831965171772e-14
3.954625,-0.00522167987804372
3.95475,-0.00738457050192217
3.954875,-0.00522167987806929
3.955,-2.3576676747989e-14
3.955125,0.00522167987803595
3.95525,0.00738457050192217
3.955375,0.00522167987807706
3.9555,3.45701569788007e-14
3.955625,-0.00522167987804717
3.95575,-0.00738457050192217
3.955875,-0.00522167987808484
3.956,-1.86987262241449e-14
3.956125,0.00522167987805839
3.95625,0.00738457050192217
3.956375,0.00522167987807361
3.9565,2.8272954694892e-15
3.956625,-0.00522167987803162
3.95675,-0.00738457050192217
3.956875,-0.00522167987806239
3.957,-1.38207757003009e-14
3.957125,0.00522167987804284
3.95725,0.00738457050192217
3.957375,0.00522167987807016
3.9575,2.48142559311126e-14
3.957625,-0.00522167987805407
3.95775,-0.00738457050192217
3.957875,-0.00522167987807794
3.958,-8.94282517645689e-15
3.958125,0.0052216798780463
3.95825,0.00738457050192217
3.958375,0.00522167987806671
3.9585,1.99363054072686e-14
3.958625,-0.00522167987803852
3.95875,-0.00738457050192217
3.958875,-0.00522167987807449
3.959,-4.06487465261287e-15
3.959125,0.00522167987803075
3.95925,0.00738457050192217
3.959375,0.00522167987806327
3.9595,1.50583548834246e-14
3.959625,-0.00522167987804197
3.95975,-0.00738457050192217
3.959875,-0.00522167987807104
3.96,-2.60518351142363e-14
3.960125,0.00522167987805319
3.96025,0.00738457050192217
3.960375,0.00522167987807881
3.9605,1.01804043595806e-14
3.960625,-0.00522167987804542
3.96075,-0.00738457050192217
3.960875,-0.00522167987806759
3.961,-2.11738845903923e-14
3.961125,0.00522167987803765
3.96125,0.00738457050192217
3.961375,0.00522167987807536
3.9615,5.30245383573654e-15
3.961625,-0.00522167987804887
3.96175,-0.00738457050192217
3.961875,-0.00522167987806414
3.962,-1.62959340665483e-14
3.962125,0.0052216798780411
3.96225,0.00738457050192217
3.962375,0.00522167987807191
3.9625,2.728941429736e-14
3.962625,-0.00522167987805232
3.96275,-0.00738457050192217
3.962875,-0.00522167987807969
3.963,-1.14179835427042e-14
3.963125,0.00522167987804454
3.96325,0.00738457050192217
3.963375,0.00522167987806847
3.9635,2.24114637735159e-14
3.963625,-0.00522167987803677
3.96375,-0.00738457050192217
3.963875,-0.00522167987807624
3.964,-3.34049440043277e-14
3.964125,0.00522167987804799
3.96425,0.00738457050192217
3.964375,0.00522167987806502
3.9645,1.75335132496719e-14
3.964625,-0.00522167987804022
3.96475,-0.00738457050192217
3.964875,-0.00522167987807279
3.965,-2.85269934804836e-14
3.965125,0.00522167987805144
3.96525,0.00738457050192217
3.965375,0.00522167987808056
3.9655,1.26555627258279e-14
3.965625,-0.00522167987804367
3.96575,-0.00738457050192217
3.965875,-0.00522167987806934
3.966,3.21586802882783e-15
3.966125,0.0052216798780359
3.96625,0.00738457050192217
3.966375,0.00522167987805812
3.9665,3.46425231874513e-14
3.966625,-0.00522167987804712
3.96675,-0.00738457050192217
3.966875,-0.00522167987806589
3.967,-1.87710924327956e-14
3.967125,0.00522167987803935
3.96725,0.00738457050192217
3.967375,0.00522167987807366
3.9675,2.97645726636073e-14
3.967625,-0.00522167987805057
3.96775,-0.00738457050192217
3.967875,-0.00522167987808144
3.968,-1.38931419089516e-14
3.968125,0.00522167987804279
3.96825,0.00738457050192217
3.968375,0.00522167987807022
3.9685,2.48866221397633e-14
3.968625,-0.00522167987803502
3.96875,-0.00738457050192217
3.968875,-0.00522167987805899
3.969,-3.5880102370575e-14
3.969125,0.00522167987804624
3.96925,0.00738457050192217
3.969375,0.00522167987808576
3.9695,2.00086716159193e-14
3.969625,-0.00522167987805747
3.96975,-0.00738457050192217
3.969875,-0.00522167987807454
3.97,-4.13724086126353e-15
3.970125,0.00522167987804969
3.97025,0.00738457050192217
3.970375,0.00522167987806332
3.9705,1.51307210920752e-14
3.970625,-0.00522167987804192
3.97075,-0.00738457050192217
3.970875,-0.00522167987807109
3.971,-2.6124201322887e-14
3.971125,0.00522167987803415
3.97125,0.00738457050192217
3.971375,0.00522167987807886
3.9715,3.71176815536987e-14
3.971625,-0.00522167987804537
3.97175,-0.00738457050192217
3.971875,-0.00522167987808664
3.972,-2.12462507990429e-14
3.972125,0.00522167987805659
3.97225,0.00738457050192217
3.972375,0.00522167987807542
3.9725,5.3748200443872e-15
3.972625,-0.00522167987804882
3.97275,-0.00738457050192217
3.972875,-0.00522167987806419
3.973,-1.63683002751989e-14
3.973125,0.00522167987804104
3.97325,0.00738457050192217
3.973375,0.00522167987807197
3.9735,2.73617805060106e-14
3.973625,-0.00522167987805227
3.97375,-0.00738457050192217
3.973875,-0.00522167987807974
3.974,-1.14903497513549e-14
3.974125,0.00522167987804449
3.97425,0.00738457050192217
3.974375,0.00522167987806852
3.9745,2.24838299821666e-14
3.974625,-0.00522167987805572
3.97475,-0.00738457050192217
3.974875,-0.00522167987807629
3.975,-6.61239922751087e-15
3.975125,0.00522167987804794
3.97525,0.00738457050192217
3.975375,0.00522167987806507
3.9755,1.76058794583226e-14
3.975625,-0.00522167987804017
3.97575,-0.00738457050192217
3.975875,-0.00522167987807284
3.976,-2.85993596891343e-14
3.976125,0.00522167987805139
3.97625,0.00738457050192217
3.976375,0.00522167987808062
3.9765,1.27279289344786e-14
3.976625,-0.00522167987804362
3.97675,-0.00738457050192217
3.976875,-0.00522167987806939
3.977,-2.37214091652903e-14
3.977125,0.00522167987805484
3.97725,0.00738457050192217
3.977375,0.00522167987807716
3.9775,7.84997841063454e-15
3.977625,-0.00522167987804707
3.97775,-0.00738457050192217
3.977875,-0.00522167987806594
3.978,-1.88434586414463e-14
3.978125,0.00522167987803929
3.97825,0.00738457050192217
3.978375,0.00522167987807372
3.9785,2.9836938872258e-14
3.978625,-0.00522167987805052
3.97875,-0.00738457050192217
3.978875,-0.00522167987808149
3.979,-1.39655081176022e-14
3.979125,0.00522167987804274
3.97925,0.00738457050192217
3.979375,0.00522167987807027
3.9795,2.49589883484139e-14
3.979625,-0.00522167987805397
3.97975,-0.00738457050192217
3.979875,-0.00522167987807804
3.98,-9.08755759375821e-15
3.980125,0.00522167987804619
3.98025,0.00738457050192217
3.980375,0.00522167987806682
3.9805,2.00810378245699e-14
3.980625,-0.00522167987803842
3.98075,-0.00738457050192217
3.980875,-0.00522167987807459
3.981,-3.10745180553816e-14
3.981125,0.00522167987804964
3.98125,0.00738457050192217
3.981375,0.00522167987808236
3.9815,1.52030873007259e-14
3.981625,-0.00522167987806086
3.98175,-0.00738457050192217
3.981875,-0.00522167987807114
3.982,6.68343453929838e-16
3.982125,0.00522167987803409
3.98225,0.00738457050192217
3.982375,0.00522167987805992
3.9825,1.03251367768819e-14
3.982625,-0.00522167987804532
3.98275,-0.00738457050192217
3.982875,-0.00522167987806769
3.983,-2.13186170076936e-14
3.983125,0.00522167987803754
3.98325,0.00738457050192217
3.983375,0.00522167987807547
3.9835,3.23120972385053e-14
3.983625,-0.00522167987804877
3.98375,-0.00738457050192217
3.983875,-0.00522167987808324
3.984,-1.64406664838496e-14
3.984125,0.00522167987804099
3.98425,0.00738457050192217
3.984375,0.00522167987807202
3.9845,5.69235729193832e-16
3.984625,-0.00522167987803322
3.98475,-0.00738457050192217
3.984875,-0.00522167987806079
3.985,-1.15627159600055e-14
3.985125,0.00522167987804444
3.98525,0.00738457050192217
3.985375,0.00522167987806857
3.9855,2.25561961908173e-14
3.985625,-0.00522167987805567
3.98575,-0.00738457050192217
3.985875,-0.00522167987807634
3.986,-6.68476543616152e-15
3.986125,0.00522167987804789
3.98625,0.00738457050192217
3.986375,0.00522167987808411
3.9865,1.76782456669732e-14
3.986625,-0.00522167987804012
3.98675,-0.00738457050192217
3.986875,-0.00522167987807289
3.987,-1.8068149123175e-15
3.987125,0.00522167987803234
3.98725,0.00738457050192217
3.987375,0.00522167987806167
3.9875,3.96652061285967e-14
3.987625,-0.00522167987804357
3.98775,-0.00738457050192217
3.987875,-0.00522167987806944
3.988,-2.37937753739409e-14
3.988125,0.00522167987805479
3.98825,0.00738457050192217
3.988375,0.00522167987807722
3.9885,7.9223446192852e-15
3.988625,-0.00522167987804702
3.98875,-0.00738457050192217
3.988875,-0.00522167987806599
3.989,-1.89158248500969e-14
3.989125,0.00522167987803924
3.98925,0.00738457050192217
3.989375,0.00522167987807377
3.9895,2.99093050809086e-14
3.989625,-0.00522167987805047
3.98975,-0.00738457050192217
3.989875,-0.00522167987806254
3.99,-1.40378743262529e-14
3.990125,0.00522167987804269
3.99025,0.00738457050192217
3.990375,0.00522167987807032
3.9905,2.50313545570646e-14
3.990625,-0.00522167987805392
3.99075,-0.00738457050192217
3.990875,-0.00522167987807809
3.991,-9.15992380240886e-15
3.991125,0.00522167987804614
3.99125,0.00738457050192217
3.991375,0.00522167987806687
3.9915,2.01534040332206e-14
3.991625,-0.00522167987803837
3.99175,-0.00738457050192217
3.991875,-0.00522167987807464
3.992,-3.11468842640323e-14
3.992125,0.00522167987804959
3.99225,0.00738457050192217
3.992375,0.00522167987806342
3.9925,1.52754535093766e-14
3.992625,-0.00522167987804182
3.99275,-0.00738457050192217
3.992875,-0.00522167987807119
3.993,-2.62689337401883e-14
3.993125,0.00522167987805304
3.99325,0.00738457050192217
3.993375,0.00522167987807897
3.9935,1.03975029855325e-14
3.993625,-0.00522167987804527
3.99375,-0.00738457050192217
3.993875,-0.00522167987806774
3.994,-2.13909832163442e-14
3.994125,0.00522167987803749
3.99425,0.00738457050192217
3.994375,0.00522167987807552
3.9945,3.2384463447156e-14
3.994625,-0.00522167987804872
3.99475,-0.00738457050192217
3.994875,-0.00522167987808329
3.995,-1.65130326925002e-14
3.995125,0.00522167987804094
3.99525,0.00738457050192217
3.995375,0.00522167987807207
3.9955,2.75065129233119e-14
3.995625,-0.00522167987805216
3.99575,-0.00738457050192217
3.995875,-0.00522167987807984
3.996,-1.16350821686562e-14
3.996125,0.00522167987804439
3.99625,0.00738457050192217
3.996375,0.00522167987806862
3.9965,2.26285623994679e-14
3.996625,-0.00522167987803662
3.99675,-0.00738457050192217
3.996875,-0.00522167987807639
3.997,-3.36220426302796e-14
3.997125,0.00522167987804784
3.99725,0.00738457050192217
3.997375,0.00522167987808417
3.9975,1.77506118756239e-14
3.997625,-0.00522167987805906
3.99775,-0.00738457050192217
3.997875,-0.00522167987807294
3.998,-1.87918112096816e-15
3.998125,0.00522167987805129
3.99825,0.00738457050192217
3.998375,0.00522167987808072
3.9985,1.28726613517799e-14
3.998625,-0.00522167987804352
3.99875,-0.00738457050192217
3.998875,-0.00522167987806949
3.999,-2.38661415825916e-14
3.999125,0.00522167987803574
3.99925,0.00738457050192217
3.999375,0.00522167987807727
3.9995,3.48596218134033e-14
3.999625,-0.00522167987804696
3.99975,-0.00738457050192217
3.999875,-0.00522167987808504
