time,pressure
0,0
0.000125,0.0120306237301595
0.00025,0.0170138712429991
0.000375,0.0120306237301595
0.0005,2.08359829588441e-18
0.000625,-0.0120306237301595
0.00075,-0.0170138712429991
0.000875,-0.0120306237301595
0.001,-4.16719659176882e-18
0.001125,0.0120306237301595
0.00125,0.0170138712429991
0.001375,0.0120306237301595
0.0015,6.25079488765322e-18
0.001625,-0.0120306237301595
0.00175,-0.0170138712429991
0.001875,-0.0120306237301595
0.002,-8.33439318353763e-18
0.002125,0.0120306237301595
0.00225,0.0170138712429991
0.002375,0.0120306237301595
0.0025,1.0417991479422e-17
0.002625,-0.0120306237301595
0.00275,-0.0170138712429991
0.002875,-0.0120306237301595
0.003,-1.25015897753064e-17
0.003125,0.0120306237301595
0.00325,0.0170138712429991
0.003375,0.0120306237301595
0.0035,1.45851880711909e-17
0.003625,-0.0120306237301595
0.00375,-0.0170138712429991
0.003875,-0.0120306237301595
0.004,-1.66687863670753e-17
0.004125,0.0120306237301595
0.00425,0.0170138712429991
0.004375,0.0120306237301595
0.0045,7.91977977573131e-17
0.004625,-0.0120306237301594
0.00475,-0.0170138712429991
0.004875,-0.0120306237301595
0.005,-2.08359829588441e-17
0.005125,0.0120306237301594
0.00525,0.0170138712429991
0.005375,0.0120306237301596
0.0055,8.3364994349082e-17
0.005625,-0.0120306237301594
0.00575,-0.0170138712429991
0.005875,-0.0120306237301595
0.006,-2.50031795506129e-17
0.006125,0.0120306237301594
0.00625,0.0170138712429991
0.006375,0.0120306237301596
0.0065,8.75321909408508e-17
0.006625,-0.0120306237301594
0.00675,-0.0170138712429991
0.006875,-0.0120306237301595
0.007,-2.91703761423817e-17
0.007125,0.0120306237301594
0.00725,0.0170138712429991
0.007375,0.0120306237301596
0.0075,9.16993875326196e-17
0.007625,-0.0120306237301594
0.00775,-0.0170138712429991
0.007875,-0.0120306237301596
0.008,-3.33375727341505e-17
0.008125,0.0120306237301594
0.00825,0.0170138712429991
0.008375,0.0120306237301595
0.0085,-2.50242420643185e-17
0.008625,-0.0120306237301595
0.00875,-0.0170138712429991
0.008875,-0.0120306237301596
0.009,-1.58395595514626e-16
0.009125,0.0120306237301593
0.00925,0.0170138712429991
0.009375,0.0120306237301596
0.0095,1.00033780716157e-16
0.009625,-0.0120306237301594
0.00975,-0.0170138712429991
0.009875,-0.0120306237301596
0.01,-4.16719659176882e-17
0.010125,0.0120306237301594
0.01025,0.0170138712429991
0.010375,0.0120306237301594
0.0105,-1.66898488807809e-17
0.010625,-0.0120306237301595
0.01075,-0.0170138712429991
0.010875,-0.0120306237301596
0.011,-1.66729988698164e-16
0.011125,0.0120306237301593
0.01125,0.0170138712429991
0.011375,0.0120306237301595
0.0115,1.08368173899695e-16
0.011625,-0.0120306237301594
0.01175,-0.0170138712429991
0.011875,-0.0120306237301595
0.012,-5.00063591012258e-17
0.012125,0.0120306237301594
0.01225,0.0170138712429991
0.012375,0.0120306237301596
0.0125,-8.35545569724328e-18
0.012625,-0.0120306237301594
0.01275,-0.0170138712429991
0.012875,-0.0120306237301596
0.013,-1.75064381881702e-16
0.013125,0.0120306237301593
0.01325,0.0170138712429991
0.013375,0.0120306237301595
0.0135,1.16702567083232e-16
0.013625,-0.0120306237301594
0.01375,-0.0170138712429991
0.013875,-0.0120306237301595
0.014,-5.83407522847634e-17
0.014125,0.0120306237301594
0.01425,0.0170138712429991
0.014375,0.0120306237301596
0.0145,-2.10625137056479e-20
0.014625,-0.0120306237301594
0.01475,-0.0170138712429991
0.014875,-0.0120306237301596
0.015,-1.83398775065239e-16
0.015125,0.0120306237301593
0.01525,0.0170138712429991
0.015375,0.0120306237301595
0.0155,1.2503696026677e-16
0.015625,-0.0120306237301594
0.01575,-0.0170138712429991
0.015875,-0.0120306237301597
0.016,-6.6675145468301e-17
0.016125,0.0120306237301594
0.01625,0.0170138712429991
0.016375,0.0120306237301596
0.0165,8.31333066983198e-18
0.016625,-0.0120306237301594
0.01675,-0.0170138712429991
0.016875,-0.0120306237301596
0.017,5.00484841286371e-17
0.017125,0.0120306237301595
0.01725,0.0170138712429991
0.017375,0.0120306237301595
0.0175,1.33371353450308e-16
0.017625,-0.0120306237301592
0.01775,-0.0170138712429991
0.017875,-0.0120306237301597
0.018,-3.16791191029253e-16
0.018125,0.0120306237301592
0.01825,0.0170138712429991
0.018375,0.0120306237301596
0.0185,2.58429376230784e-16
0.018625,-0.0120306237301593
0.01875,-0.0170138712429991
0.018875,-0.0120306237301596
0.019,-2.00067561432314e-16
0.019125,0.0120306237301593
0.01925,0.0170138712429991
0.019375,0.0120306237301597
0.0195,1.41705746633845e-16
0.019625,-0.0120306237301593
0.01975,-0.0170138712429991
0.019875,-0.0120306237301597
0.02,-8.33439318353763e-17
0.020125,0.0120306237301594
0.02025,0.0170138712429991
0.020375,0.0120306237301596
0.0205,2.66763769414321e-16
0.020625,-0.0120306237301593
0.02075,-0.0170138712429991
0.020875,-0.0120306237301594
0.021,3.33796977615618e-17
0.021125,0.0120306237301595
0.02125,0.0170138712429991
0.021375,0.0120306237301595
0.0215,6.33603444572211e-16
0.021625,-0.0120306237301593
0.02175,-0.0170138712429991
0.021875,-0.0120306237301597
0.022,-3.33459977396328e-16
0.022125,0.0120306237301592
0.02225,0.0170138712429991
0.022375,0.0120306237301598
0.0225,5.16879814975273e-16
0.022625,-0.0120306237301591
0.02275,-0.0170138712429991
0.022875,-0.0120306237301596
0.023,-2.1673634779939e-16
0.023125,0.0120306237301593
0.02325,0.0170138712429991
0.023375,0.0120306237301597
0.0235,4.00156185378335e-16
0.023625,-0.0120306237301592
0.02375,-0.0170138712429991
0.023875,-0.0120306237301595
0.024,-1.00012718202452e-16
0.024125,0.0120306237301594
0.02425,0.0170138712429991
0.024375,0.0120306237301596
0.0245,2.83432555781396e-16
0.024625,-0.0120306237301592
0.02475,-0.0170138712429991
0.024875,-0.0120306237301594
0.025,1.67109113944866e-17
0.025125,0.0120306237301595
0.02525,0.0170138712429991
0.025375,0.0120306237301596
0.0255,6.50272230939286e-16
0.025625,-0.0120306237301593
0.02575,-0.0170138712429991
0.025875,-0.0120306237301597
0.026,-3.50128763763403e-16
0.026125,0.0120306237301592
0.02625,0.0170138712429991
0.026375,0.0120306237301598
0.0265,5.33548601342348e-16
0.026625,-0.0120306237301591
0.02675,-0.0170138712429991
0.026875,-0.0120306237301596
0.027,-2.33405134166465e-16
0.027125,0.0120306237301593
0.02725,0.0170138712429991
0.027375,0.0120306237301597
0.0275,4.1682497174541e-16
0.027625,-0.0120306237301591
0.02775,-0.0170138712429991
0.027875,-0.0120306237301595
0.028,-1.16681504569527e-16
0.028125,0.0120306237301594
0.02825,0.0170138712429991
0.028375,0.0120306237301597
0.0285,3.00101342148472e-16
0.028625,-0.0120306237301592
0.02875,-0.0170138712429991
0.028875,-0.0120306237301594
0.029,4.21250274112958e-20
0.029125,0.0120306237301594
0.02925,0.0170138712429991
0.029375,0.0120306237301599
0.0295,6.66941017306361e-16
0.029625,-0.012030623730159
0.02975,-0.0170138712429991
0.029875,-0.0120306237301597
0.03,-3.66797550130478e-16
0.030125,0.0120306237301592
0.03025,0.0170138712429991
0.030375,0.0120306237301598
0.0305,5.50217387709423e-16
0.030625,-0.0120306237301591
0.03075,-0.0170138712429991
0.030875,-0.0120306237301596
0.031,-2.5007392053354e-16
0.031125,0.0120306237301593
0.03125,0.0170138712429991
0.031375,0.0120306237301597
0.0315,4.33493758112485e-16
0.031625,-0.0120306237301591
0.03175,-0.0170138712429991
0.031875,-0.0120306237301595
0.032,-1.33350290936602e-16
0.032125,0.0120306237301593
0.03225,0.0170138712429991
0.032375,0.0120306237301597
0.0325,3.16770128515547e-16
0.032625,-0.0120306237301592
0.03275,-0.0170138712429991
0.032875,-0.0120306237301595
0.033,-1.6626661339664e-17
0.033125,0.0120306237301594
0.03325,0.0170138712429991
0.033375,0.0120306237301596
0.0335,2.00046498918609e-16
0.033625,-0.0120306237301593
0.03375,-0.0170138712429991
0.033875,-0.0120306237301597
0.034,1.00096968257274e-16
0.034125,0.0120306237301595
0.03425,0.0170138712429991
0.034375,0.0120306237301595
0.0345,8.33228693216707e-17
0.034625,-0.0120306237301594
0.03475,-0.0170138712429991
0.034875,-0.0120306237301596
0.035,-2.66742706900615e-16
0.035125,0.0120306237301596
0.03525,0.0170138712429991
0.035375,0.0120306237301601
0.0355,9.33725849234388e-16
0.035625,-0.0120306237301591
0.03575,-0.0170138712429991
0.035875,-0.0120306237301599
0.036,-6.33582382058505e-16
0.036125,0.012030623730159
0.03625,0.0170138712429991
0.036375,0.01203062373016
0.0365,8.1700221963745e-16
0.036625,-0.0120306237301589
0.03675,-0.0170138712429991
0.036875,-0.0120306237301598
0.037,-5.16858752461567e-16
0.037125,0.0120306237301591
0.03725,0.0170138712429991
0.037375,0.0120306237301599
0.0375,7.00278590040512e-16
0.037625,-0.0120306237301589
0.03775,-0.0170138712429991
0.037875,-0.0120306237301597
0.038,-4.00135122864629e-16
0.038125,0.0120306237301592
0.03825,0.0170138712429991
0.038375,0.0120306237301599
0.0385,5.83554960443574e-16
0.038625,-0.012030623730159
0.03875,-0.0170138712429991
0.038875,-0.0120306237301596
0.039,-2.83411493267691e-16
0.039125,0.0120306237301592
0.03925,0.0170138712429991
0.039375,0.0120306237301598
0.0395,4.66831330846635e-16
0.039625,-0.0120306237301591
0.03975,-0.0170138712429991
0.039875,-0.0120306237301596
0.04,-1.66687863670753e-16
0.040125,0.0120306237301593
0.04025,0.0170138712429991
0.040375,0.0120306237301597
0.0405,3.50107701249697e-16
0.040625,-0.0120306237301592
0.04075,-0.0170138712429991
0.040875,-0.0120306237301595
0.041,-5.33527538828642e-16
0.041125,0.0120306237301594
0.04125,0.0170138712429991
0.041375,0.0120306237301596
0.0415,-2.50179233102068e-16
0.041625,-0.0120306237301593
0.04175,-0.0170138712429991
0.041875,-0.0120306237301597
0.042,6.67593955231236e-17
0.042125,0.0120306237301591
0.04225,0.0170138712429991
0.042375,0.0120306237301599
0.0425,1.16660442055821e-16
0.042625,-0.0120306237301597
0.04275,-0.0170138712429991
0.042875,-0.0120306237301593
0.043,-1.26720688914442e-15
0.043125,0.0120306237301589
0.04325,0.0170138712429991
0.043375,0.0120306237301601
0.0435,4.83500117213711e-16
0.043625,-0.0120306237301588
0.04375,-0.0170138712429991
0.043875,-0.0120306237301603
0.044,-6.66919954792656e-16
0.044125,0.0120306237301586
0.04425,0.0170138712429991
0.044375,0.0120306237301597
0.0445,8.503397923716e-16
0.044625,-0.0120306237301592
0.04475,-0.0170138712429991
0.044875,-0.0120306237301598
0.045,-1.03375962995055e-15
0.045125,0.0120306237301591
0.04525,0.0170138712429991
0.045375,0.01203062373016
0.0455,2.50052858019835e-16
0.045625,-0.0120306237301589
0.04575,-0.0170138712429991
0.045875,-0.0120306237301601
0.046,-4.33472695598779e-16
0.046125,0.0120306237301588
0.04625,0.0170138712429991
0.046375,0.0120306237301595
0.0465,6.16892533177724e-16
0.046625,-0.0120306237301593
0.04675,-0.0170138712429991
0.046875,-0.0120306237301597
0.047,-8.00312370756669e-16
0.047125,0.0120306237301592
0.04725,0.0170138712429991
0.047375,0.0120306237301598
0.0475,1.66055988259583e-17
0.047625,-0.0120306237301591
0.04775,-0.0170138712429991
0.047875,-0.0120306237301599
0.048,-2.00025436404903e-16
0.048125,0.012030623730159
0.04825,0.0170138712429991
0.048375,0.0120306237301601
0.0485,3.83445273983848e-16
0.048625,-0.0120306237301595
0.04875,-0.0170138712429991
0.048875,-0.0120306237301595
0.049,-5.66865111562793e-16
0.049125,0.0120306237301594
0.04925,0.0170138712429991
0.049375,0.0120306237301596
0.0495,7.50284949141738e-16
0.049625,-0.0120306237301593
0.04975,-0.0170138712429991
0.049875,-0.0120306237301598
0.05,3.34218227889731e-17
0.050125,0.0120306237301591
0.05025,0.0170138712429991
0.050375,0.0120306237301599
0.0505,1.49998014789972e-16
0.050625,-0.012030623730159
0.05075,-0.0170138712429991
0.050875,-0.01203062373016
0.051,-1.30054446187857e-15
0.051125,0.0120306237301589
0.05125,0.0170138712429991
0.051375,0.0120306237301602
0.0515,5.16837689947861e-16
0.051625,-0.0120306237301587
0.05175,-0.0170138712429991
0.051875,-0.0120306237301603
0.052,-7.00257527526806e-16
0.052125,0.0120306237301586
0.05225,0.0170138712429991
0.052375,0.0120306237301597
0.0525,8.83677365105751e-16
0.052625,-0.0120306237301592
0.05275,-0.0170138712429991
0.052875,-0.0120306237301599
0.053,-1.0670972026847e-15
0.053125,0.012030623730159
0.05325,0.0170138712429991
0.053375,0.01203062373016
0.0535,2.83390430753985e-16
0.053625,-0.0120306237301589
0.05375,-0.0170138712429991
0.053875,-0.0120306237301601
0.054,-4.6681026833293e-16
0.054125,0.0120306237301588
0.05425,0.0170138712429991
0.054375,0.0120306237301602
0.0545,6.50230105911875e-16
0.054625,-0.0120306237301593
0.05475,-0.0170138712429991
0.054875,-0.0120306237301597
0.055,-8.3364994349082e-16
0.055125,0.0120306237301592
0.05525,0.0170138712429991
0.055375,0.0120306237301598
0.0555,4.99431715601088e-17
0.055625,-0.0120306237301591
0.05575,-0.0170138712429991
0.055875,-0.01203062373016
0.056,-2.33363009139054e-16
0.056125,0.0120306237301589
0.05625,0.0170138712429991
0.056375,0.0120306237301601
0.0565,4.16782846717998e-16
0.056625,-0.0120306237301595
0.05675,-0.0170138712429991
0.056875,-0.0120306237301595
0.057,-6.00202684296943e-16
0.057125,0.0120306237301594
0.05725,0.0170138712429991
0.057375,0.0120306237301597
0.0575,7.83622521875888e-16
0.057625,-0.0120306237301592
0.05775,-0.0170138712429991
0.057875,-0.0120306237301598
0.058,8.42500548225916e-20
0.058125,0.0120306237301591
0.05825,0.0170138712429991
0.058375,0.0120306237301599
0.0585,1.83335587524122e-16
0.058625,-0.012030623730159
0.05875,-0.0170138712429991
0.058875,-0.01203062373016
0.059,-1.33388203461272e-15
0.059125,0.0120306237301588
0.05925,0.0170138712429991
0.059375,0.0120306237301602
0.0595,5.50175262682012e-16
0.059625,-0.0120306237301587
0.05975,-0.0170138712429991
0.059875,-0.0120306237301603
0.06,-7.33595100260957e-16
0.060125,0.0120306237301586
0.06025,0.0170138712429991
0.060375,0.0120306237301597
0.0605,9.17014937839901e-16
0.060625,-0.0120306237301591
0.06075,-0.0170138712429991
0.060875,-0.0120306237301599
0.061,-1.10043477541885e-15
0.061125,0.012030623730159
0.06125,0.0170138712429991
0.061375,0.01203062373016
0.0615,3.16728003488136e-16
0.061625,-0.0120306237301589
0.06175,-0.0170138712429991
0.061875,-0.0120306237301601
0.062,-5.0014784106708e-16
0.062125,0.0120306237301587
0.06225,0.0170138712429991
0.062375,0.0120306237301603
0.0625,6.83567678646025e-16
0.062625,-0.0120306237301593
0.06275,-0.0170138712429991
0.062875,-0.0120306237301597
0.063,-8.6698751622497e-16
0.063125,0.0120306237301592
0.06325,0.0170138712429991
0.063375,0.0120306237301598
0.0635,1.05040735380392e-15
0.063625,-0.012030623730159
0.06375,-0.0170138712429991
0.063875,-0.01203062373016
0.064,-2.66700581873204e-16
0.064125,0.0120306237301589
0.06425,0.0170138712429991
0.064375,0.0120306237301601
0.0645,4.50120419452149e-16
0.064625,-0.0120306237301588
0.06475,-0.0170138712429991
0.064875,-0.0120306237301595
0.065,-6.33540257031094e-16
0.065125,0.0120306237301593
0.06525,0.0170138712429991
0.065375,0.0120306237301597
0.0655,8.16960094610039e-16
0.065625,-0.0120306237301592
0.06575,-0.0170138712429991
0.065875,-0.0120306237301598
0.066,-3.32533226793279e-17
0.066125,0.0120306237301591
0.06625,0.0170138712429991
0.066375,0.0120306237301599
0.0665,2.16673160258273e-16
0.066625,-0.0120306237301589
0.06675,-0.0170138712429991
0.066875,-0.0120306237301594
0.067,-4.00092997837218e-16
0.067125,0.0120306237301595
0.06725,0.0170138712429991
0.067375,0.0120306237301595
0.0675,5.83512835416162e-16
0.067625,-0.0120306237301594
0.06775,-0.0170138712429991
0.067875,-0.0120306237301596
0.068,2.00193936514548e-16
0.068125,0.0120306237301592
0.06825,0.0170138712429991
0.068375,0.0120306237301598
0.0685,-1.67740989356035e-17
0.068625,-0.0120306237301591
0.06875,-0.0170138712429991
0.068875,-0.0120306237301599
0.069,-1.66645738643341e-16
0.069125,0.0120306237301597
0.06925,0.0170138712429991
0.069375,0.0120306237301593
0.0695,3.50065576222286e-16
0.069625,-0.0120306237301595
0.06975,-0.0170138712429991
0.069875,-0.0120306237301595
0.07,-5.33485413801231e-16
0.070125,0.0120306237301594
0.07025,0.0170138712429991
0.070375,0.0120306237301603
0.0705,1.68403186088983e-15
0.070625,-0.0120306237301586
0.07075,-0.0170138712429991
0.070875,-0.0120306237301604
0.071,-1.86745169846878e-15
0.071125,0.0120306237301585
0.07125,0.0170138712429991
0.071375,0.0120306237301606
0.0715,1.08374492653807e-15
0.071625,-0.0120306237301583
0.07175,-0.0170138712429991
0.071875,-0.0120306237301607
0.072,-1.26716476411701e-15
0.072125,0.0120306237301582
0.07225,0.0170138712429991
0.072375,0.0120306237301601
0.0725,1.45058460169596e-15
0.072625,-0.0120306237301588
0.07275,-0.0170138712429991
0.072875,-0.0120306237301603
0.073,-1.6340044392749e-15
0.073125,0.0120306237301586
0.07325,0.0170138712429991
0.073375,0.0120306237301604
0.0735,8.50297667344189e-16
0.073625,-0.0120306237301585
0.07375,-0.0170138712429991
0.073875,-0.0120306237301605
0.074,-1.03371750492313e-15
0.074125,0.0120306237301584
0.07425,0.0170138712429991
0.074375,0.01203062373016
0.0745,1.21713734250208e-15
0.074625,-0.0120306237301589
0.07475,-0.0170138712429991
0.074875,-0.0120306237301601
0.075,-1.40055718008102e-15
0.075125,0.0120306237301588
0.07525,0.0170138712429991
0.075375,0.0120306237301602
0.0755,6.16850408150313e-16
0.075625,-0.0120306237301587
0.07575,-0.0170138712429991
0.075875,-0.0120306237301603
0.076,-8.00270245729258e-16
0.076125,0.0120306237301585
0.07625,0.0170138712429991
0.076375,0.0120306237301605
0.0765,9.83690083308203e-16
0.076625,-0.0120306237301591
0.07675,-0.0170138712429991
0.076875,-0.0120306237301599
0.077,-1.16710992088715e-15
0.077125,0.012030623730159
0.07725,0.0170138712429991
0.077375,0.0120306237301601
0.0775,1.35052975846609e-15
0.077625,-0.0120306237301588
0.07775,-0.0170138712429991
0.077875,-0.0120306237301602
0.078,-5.66822986535381e-16
0.078125,0.0120306237301587
0.07825,0.0170138712429991
0.078375,0.0120306237301603
0.0785,7.50242824114326e-16
0.078625,-0.0120306237301586
0.07875,-0.0170138712429991
0.078875,-0.0120306237301598
0.079,-9.33662661693271e-16
0.079125,0.0120306237301591
0.07925,0.0170138712429991
0.079375,0.0120306237301599
0.0795,1.11708249927222e-15
0.079625,-0.012030623730159
0.07975,-0.0170138712429991
0.079875,-0.01203062373016
0.08,-3.33375727341505e-16
0.080125,0.0120306237301589
0.08025,0.0170138712429991
0.080375,0.0120306237301602
0.0805,5.1679556492045e-16
0.080625,-0.0120306237301587
0.08075,-0.0170138712429991
0.080875,-0.0120306237301596
0.081,-7.00215402499395e-16
0.081125,0.0120306237301593
0.08125,0.0170138712429991
0.081375,0.0120306237301597
0.0815,8.8363524007834e-16
0.081625,-0.0120306237301585
0.08175,-0.0170138712429991
0.081875,-0.0120306237301599
0.082,-1.06705507765728e-15
0.082125,0.0120306237301597
0.08225,0.0170138712429991
0.082375,0.01203062373016
0.0825,1.25047491523623e-15
0.082625,-0.0120306237301596
0.08275,-0.0170138712429991
0.082875,-0.0120306237301601
0.083,5.00358466204137e-16
0.083125,0.0120306237301595
0.08325,0.0170138712429991
0.083375,0.0120306237301602
0.0835,-3.16938628625192e-16
0.083625,-0.0120306237301593
0.08375,-0.0170138712429991
0.083875,-0.0120306237301604
0.084,1.33518791046247e-16
0.084125,0.0120306237301592
0.08425,0.0170138712429991
0.084375,0.0120306237301591
0.0845,4.99010465326975e-17
0.084625,-0.0120306237301591
0.08475,-0.0170138712429991
0.084875,-0.0120306237301593
0.085,-2.33320884111642e-16
0.085125,0.0120306237301589
0.08525,0.0170138712429991
0.085375,0.0120306237301594
0.0855,4.16740721690587e-16
0.085625,-0.0120306237301588
0.08575,-0.0170138712429991
0.085875,-0.0120306237301595
0.086,-2.53441377828884e-15
0.086125,0.0120306237301587
0.08625,0.0170138712429991
0.086375,0.012030623730161
0.0865,7.83580396848477e-16
0.086625,-0.0120306237301585
0.08675,-0.0170138712429991
0.086875,-0.0120306237301612
0.087,-9.67000234427422e-16
0.087125,0.0120306237301584
0.08725,0.0170138712429991
0.087375,0.0120306237301599
0.0875,1.15042007200637e-15
0.087625,-0.0120306237301583
0.08775,-0.0170138712429991
0.087875,-0.01203062373016
0.088,-1.33383990958531e-15
0.088125,0.0120306237301582
0.08825,0.0170138712429991
0.088375,0.0120306237301602
0.0885,1.51725974716426e-15
0.088625,-0.012030623730158
0.08875,-0.0170138712429991
0.088875,-0.0120306237301603
0.089,-1.7006795847432e-15
0.089125,0.0120306237301579
0.08925,0.0170138712429991
0.089375,0.0120306237301604
0.0895,1.88409942232215e-15
0.089625,-0.0120306237301591
0.08975,-0.0170138712429991
0.089875,-0.0120306237301606
0.09,-2.06751925990109e-15
0.090125,0.012030623730159
0.09025,0.0170138712429991
0.090375,0.0120306237301607
0.0905,2.25093909748004e-15
0.090625,-0.0120306237301589
0.09075,-0.0170138712429991
0.090875,-0.0120306237301608
0.091,-5.00105716039669e-16
0.091125,0.0120306237301587
0.09125,0.0170138712429991
0.091375,0.012030623730161
0.0915,6.83525553618614e-16
0.091625,-0.0120306237301586
0.09175,-0.0170138712429991
0.091875,-0.0120306237301597
0.092,-8.66945391197559e-16
0.092125,0.0120306237301585
0.09225,0.0170138712429991
0.092375,0.0120306237301598
0.0925,1.0503652287765e-15
0.092625,-0.0120306237301584
0.09275,-0.0170138712429991
0.092875,-0.01203062373016
0.093,-1.23378506635545e-15
0.093125,0.0120306237301582
0.09325,0.0170138712429991
0.093375,0.0120306237301601
0.0935,1.41720490393439e-15
0.093625,-0.0120306237301581
0.09375,-0.0170138712429991
0.093875,-0.0120306237301602
0.094,-1.60062474151334e-15
0.094125,0.0120306237301593
0.09425,0.0170138712429991
0.094375,0.0120306237301604
0.0945,1.78404457909228e-15
0.094625,-0.0120306237301592
0.09475,-0.0170138712429991
0.094875,-0.0120306237301605
0.095,-3.32111976519166e-17
0.095125,0.0120306237301591
0.09525,0.0170138712429991
0.095375,0.0120306237301606
0.0955,2.16631035230861e-16
0.095625,-0.0120306237301589
0.09575,-0.0170138712429991
0.095875,-0.0120306237301608
0.096,-4.00050872809806e-16
0.096125,0.0120306237301588
0.09625,0.0170138712429991
0.096375,0.0120306237301595
0.0965,5.83470710388751e-16
0.096625,-0.0120306237301587
0.09675,-0.0170138712429991
0.096875,-0.0120306237301596
0.097,-7.66890547967696e-16
0.097125,0.0120306237301586
0.09725,0.0170138712429991
0.097375,0.0120306237301598
0.0975,9.50310385546641e-16
0.097625,-0.0120306237301584
0.09775,-0.0170138712429991
0.097875,-0.0120306237301599
0.098,-1.13373022312559e-15
0.098125,0.0120306237301597
0.09825,0.0170138712429991
0.098375,0.01203062373016
0.0985,1.31715006070453e-15
0.098625,-0.0120306237301595
0.09875,-0.0170138712429991
0.098875,-0.0120306237301602
0.099,-1.50056989828348e-15
0.099125,0.0120306237301594
0.09925,0.0170138712429991
0.099375,0.0120306237301603
0.0995,-2.50263483156891e-16
0.099625,-0.0120306237301593
0.09975,-0.0170138712429991
0.099875,-0.0120306237301604
0.1,6.68436455779462e-17
0.100125,0.0120306237301591
0.10025,0.0170138712429991
0.100375,0.0120306237301592
0.1005,1.16576192000999e-16
0.100625,-0.012030623730159
0.10075,-0.0170138712429991
0.100875,-0.0120306237301593
0.101,-2.99996029579943e-16
0.101125,0.0120306237301589
0.10125,0.0170138712429991
0.101375,0.0120306237301594
0.1015,4.83415867158888e-16
0.101625,-0.0120306237301588
0.10175,-0.0170138712429991
0.101875,-0.0120306237301609
0.102,-2.60108892375714e-15
0.102125,0.0120306237301586
0.10225,0.0170138712429991
0.102375,0.0120306237301611
0.1025,8.50255542316778e-16
0.102625,-0.0120306237301585
0.10275,-0.0170138712429991
0.102875,-0.0120306237301612
0.103,-1.03367537989572e-15
0.103125,0.0120306237301584
0.10325,0.0170138712429991
0.103375,0.0120306237301613
0.1035,1.21709521747467e-15
0.103625,-0.0120306237301582
0.10375,-0.0170138712429991
0.103875,-0.0120306237301601
0.104,-1.40051505505361e-15
0.104125,0.0120306237301581
0.10425,0.0170138712429991
0.104375,0.0120306237301602
0.1045,1.58393489263256e-15
0.104625,-0.012030623730158
0.10475,-0.0170138712429991
0.104875,-0.0120306237301603
0.105,-1.7673547302115e-15
0.105125,0.0120306237301579
0.10525,0.0170138712429991
0.105375,0.0120306237301605
0.1055,1.95077456779045e-15
0.105625,-0.0120306237301591
0.10575,-0.0170138712429991
0.105875,-0.0120306237301606
0.106,-2.13419440536939e-15
0.106125,0.012030623730159
0.10625,0.0170138712429991
0.106375,0.0120306237301607
0.1065,2.31761424294834e-15
0.106625,-0.0120306237301588
0.10675,-0.0170138712429991
0.106875,-0.0120306237301609
0.107,-5.6678086150797e-16
0.107125,0.0120306237301587
0.10725,0.0170138712429991
0.107375,0.012030623730161
0.1075,7.50200699086915e-16
0.107625,-0.0120306237301586
0.10775,-0.0170138712429991
0.107875,-0.0120306237301598
0.108,-9.3362053666586e-16
0.108125,0.0120306237301584
0.10825,0.0170138712429991
0.108375,0.0120306237301599
0.1085,1.1170403742448e-15
0.108625,-0.0120306237301583
0.10875,-0.0170138712429991
0.108875,-0.01203062373016
0.109,-1.30046021182375e-15
0.109125,0.0120306237301582
0.10925,0.0170138712429991
0.109375,0.0120306237301602
0.1095,1.48388004940269e-15
0.109625,-0.0120306237301581
0.10975,-0.0170138712429991
0.109875,-0.0120306237301603
0.11,-1.66729988698164e-15
0.110125,0.0120306237301593
0.11025,0.0170138712429991
0.110375,0.0120306237301604
0.1105,1.85071972456058e-15
0.110625,-0.0120306237301592
0.11075,-0.0170138712429991
0.110875,-0.0120306237301605
0.111,-9.98863431202177e-17
0.111125,0.012030623730159
0.11125,0.0170138712429991
0.111375,0.0120306237301607
0.1115,2.83306180699162e-16
0.111625,-0.0120306237301589
0.11175,-0.0170138712429991
0.111875,-0.0120306237301608
0.112,-4.66726018278107e-16
0.112125,0.0120306237301588
0.11225,0.0170138712429991
0.112375,0.0120306237301596
0.1125,6.50145855857052e-16
0.112625,-0.0120306237301586
0.11275,-0.0170138712429991
0.112875,-0.0120306237301597
0.113,-8.33565693435997e-16
0.113125,0.0120306237301585
0.11325,0.0170138712429991
0.113375,0.0120306237301598
0.1135,1.01698553101494e-15
0.113625,-0.0120306237301584
0.11375,-0.0170138712429991
0.113875,-0.01203062373016
0.114,-1.20040536859389e-15
0.114125,0.0120306237301583
0.11425,0.0170138712429991
0.114375,0.0120306237301601
0.1145,1.38382520617283e-15
0.114625,-0.0120306237301595
0.11475,-0.0170138712429991
0.114875,-0.0120306237301602
0.115,-1.56724504375178e-15
0.115125,0.0120306237301594
0.11525,0.0170138712429991
0.115375,0.0120306237301603
0.1155,-1.8358833768859e-16
0.115625,-0.0120306237301592
0.11575,-0.0170138712429991
0.115875,-0.0120306237301605
0.116,1.68500109645183e-19
0.116125,0.0120306237301591
0.11625,0.0170138712429991
0.116375,0.0120306237301592
0.1165,1.832513374693e-16
0.116625,-0.012030623730159
0.11675,-0.0170138712429991
0.116875,-0.0120306237301594
0.117,-3.66671175048244e-16
0.117125,0.0120306237301588
0.11725,0.0170138712429991
0.117375,0.0120306237301609
0.1175,2.4843442316465e-15
0.117625,-0.0120306237301587
0.11775,-0.0170138712429991
0.117875,-0.012030623730161
0.118,-2.66776406922545e-15
0.118125,0.0120306237301586
0.11825,0.0170138712429991
0.118375,0.0120306237301611
0.1185,2.85118390680439e-15
0.118625,-0.0120306237301585
0.11875,-0.0170138712429991
0.118875,-0.0120306237301612
0.119,-1.10035052536402e-15
0.119125,0.0120306237301583
0.11925,0.0170138712429991
0.119375,0.0120306237301614
0.1195,1.28377036294297e-15
0.119625,-0.0120306237301582
0.11975,-0.0170138712429991
0.119875,-0.0120306237301601
0.12,-1.46719020052191e-15
0.120125,0.0120306237301581
0.12025,0.0170138712429991
0.120375,0.0120306237301603
0.1205,1.65061003810086e-15
0.120625,-0.0120306237301579
0.12075,-0.0170138712429991
0.120875,-0.0120306237301604
0.121,-1.8340298756798e-15
0.121125,0.0120306237301578
0.12125,0.0170138712429991
0.121375,0.0120306237301605
0.1215,2.01744971325875e-15
0.121625,-0.0120306237301577
0.12175,-0.0170138712429991
0.121875,-0.0120306237301607
0.122,-2.20086955083769e-15
0.122125,0.0120306237301589
0.12225,0.0170138712429991
0.122375,0.0120306237301608
0.1225,2.38428938841664e-15
0.122625,-0.0120306237301588
0.12275,-0.0170138712429991
0.122875,-0.0120306237301609
0.123,-6.33456006976271e-16
0.123125,0.0120306237301587
0.12325,0.0170138712429991
0.123375,0.012030623730161
0.1235,8.16875844555216e-16
0.123625,-0.0120306237301585
0.12375,-0.0170138712429991
0.123875,-0.0120306237301612
0.124,-1.00029568213416e-15
0.124125,0.0120306237301584
0.12425,0.0170138712429991
0.124375,0.0120306237301599
0.1245,1.18371551971311e-15
0.124625,-0.0120306237301583
0.12475,-0.0170138712429991
0.124875,-0.0120306237301601
0.125,-1.36713535729205e-15
0.125125,0.0120306237301581
0.12525,0.0170138712429991
0.125375,0.0120306237301616
0.1255,1.550555194871e-15
0.125625,-0.012030623730158
0.12575,-0.0170138712429991
0.125875,-0.0120306237301617
0.126,-1.73397503244994e-15
0.126125,0.0120306237301579
0.12625,0.0170138712429991
0.126375,0.0120306237301618
0.1265,1.91739487002889e-15
0.126625,-0.0120306237301577
0.12675,-0.0170138712429991
0.126875,-0.012030623730162
0.127,-2.10081470760783e-15
0.127125,0.0120306237301576
0.12725,0.0170138712429991
0.127375,0.0120306237301607
0.1275,3.49981326167464e-16
0.127625,-0.0120306237301575
0.12775,-0.0170138712429991
0.127875,-0.0120306237301608
0.128,-5.33401163746408e-16
0.128125,0.0120306237301574
0.12825,0.0170138712429991
0.128375,0.012030623730161
0.1285,7.16821001325353e-16
0.128625,-0.0120306237301572
0.12875,-0.0170138712429991
0.128875,-0.0120306237301611
0.129,-9.00240838904298e-16
0.129125,0.0120306237301571
0.12925,0.0170138712429991
0.129375,0.0120306237301612
0.1295,1.08366067648324e-15
0.129625,-0.0120306237301583
0.12975,-0.0170138712429991
0.129875,-0.0120306237301614
0.13,-1.26708051406219e-15
0.130125,0.0120306237301582
0.13025,0.0170138712429991
0.130375,0.0120306237301615
0.1305,1.45050035164113e-15
0.130625,-0.0120306237301581
0.13075,-0.0170138712429991
0.130875,-0.0120306237301616
0.131,-1.63392018922008e-15
0.131125,0.0120306237301579
0.13125,0.0170138712429991
0.131375,0.0120306237301618
0.1315,-1.16913192220289e-16
0.131625,-0.0120306237301578
0.13175,-0.0170138712429991
0.131875,-0.0120306237301605
0.132,-6.65066453586559e-17
0.132125,0.0120306237301577
0.13225,0.0170138712429991
0.132375,0.0120306237301606
0.1325,2.49926482937601e-16
0.132625,-0.0120306237301576
0.13275,-0.0170138712429991
0.132875,-0.0120306237301608
0.133,-4.33346320516545e-16
0.133125,0.0120306237301574
0.13325,0.0170138712429991
0.133375,0.0120306237301609
0.1335,6.1676615809549e-16
0.133625,-0.0120306237301573
0.13375,-0.0170138712429991
0.133875,-0.012030623730161
0.134,-8.00185995674435e-16
0.134125,0.0120306237301585
0.13425,0.0170138712429991
0.134375,0.0120306237301612
0.1345,9.8360583325338e-16
0.134625,-0.0120306237301584
0.13475,-0.0170138712429991
0.134875,-0.0120306237301613
0.135,-1.16702567083232e-15
0.135125,0.0120306237301583
0.13525,0.0170138712429991
0.135375,0.0120306237301614
0.1355,1.35044550841127e-15
0.135625,-0.0120306237301581
0.13575,-0.0170138712429991
0.135875,-0.0120306237301602
0.136,4.00387873029097e-16
0.136125,0.012030623730158
0.13625,0.0170138712429991
0.136375,0.0120306237301603
0.1365,-2.16968035450152e-16
0.136625,-0.0120306237301579
0.13675,-0.0170138712429991
0.136875,-0.0120306237301604
0.137,3.3548197871207e-17
0.137125,0.0120306237301578
0.13725,0.0170138712429991
0.137375,0.0120306237301606
0.1375,1.49871639707738e-16
0.137625,-0.0120306237301576
0.13775,-0.0170138712429991
0.137875,-0.0120306237301607
0.138,-3.33291477286683e-16
0.138125,0.0120306237301589
0.13825,0.0170138712429991
0.138375,0.0120306237301608
0.1385,5.16711314865627e-16
0.138625,-0.0120306237301587
0.13875,-0.0170138712429991
0.138875,-0.012030623730161
0.139,-7.00131152444572e-16
0.139125,0.0120306237301586
0.13925,0.0170138712429991
0.139375,0.0120306237301611
0.1395,8.83550990023517e-16
0.139625,-0.0120306237301585
0.13975,-0.0170138712429991
0.139875,-0.0120306237301612
0.14,-1.06697082760246e-15
0.140125,0.0120306237301583
0.14025,0.0170138712429991
0.140375,0.01203062373016
0.1405,-6.83862553837904e-16
0.140625,-0.0120306237301582
0.14075,-0.0170138712429991
0.140875,-0.0120306237301601
0.141,-3.36806372177966e-15
0.141125,0.0120306237301581
0.14125,0.0170138712429991
0.141375,0.0120306237301602
0.1415,3.55148355935861e-15
0.141625,-0.012030623730158
0.14175,-0.0170138712429991
0.141875,-0.0120306237301604
0.142,-3.73490339693755e-15
0.142125,0.0120306237301578
0.14225,0.0170138712429991
0.142375,0.0120306237301605
0.1425,1.98407001549719e-15
0.142625,-0.0120306237301591
0.14275,-0.0170138712429991
0.142875,-0.0120306237301606
0.143,-2.16748985307613e-15
0.143125,0.0120306237301589
0.14325,0.0170138712429991
0.143375,0.0120306237301608
0.1435,2.35090969065508e-15
0.143625,-0.0120306237301588
0.14375,-0.0170138712429991
0.143875,-0.0120306237301609
0.144,-2.53432952823402e-15
0.144125,0.0120306237301587
0.14425,0.0170138712429991
0.144375,0.012030623730161
0.1445,2.71774936581297e-15
0.144625,-0.0120306237301585
0.14475,-0.0170138712429991
0.144875,-0.0120306237301598
0.145,-2.90116920339191e-15
0.145125,0.0120306237301584
0.14525,0.0170138712429991
0.145375,0.0120306237301599
0.1455,3.08458904097085e-15
0.145625,-0.0120306237301583
0.14575,-0.0170138712429991
0.145875,-0.01203062373016
0.146,-3.2680088785498e-15
0.146125,0.0120306237301582
0.14625,0.0170138712429991
0.146375,0.0120306237301602
0.1465,3.45142871612874e-15
0.146625,-0.0120306237301594
0.14675,-0.0170138712429991
0.146875,-0.0120306237301603
0.147,-1.70059533468838e-15
0.147125,0.0120306237301593
0.14725,0.0170138712429991
0.147375,0.0120306237301604
0.1475,1.88401517226732e-15
0.147625,-0.0120306237301591
0.14775,-0.0170138712429991
0.147875,-0.0120306237301606
0.148,-2.06743500984627e-15
0.148125,0.012030623730159
0.14825,0.0170138712429991
0.148375,0.0120306237301607
0.1485,2.25085484742521e-15
0.148625,-0.0120306237301589
0.14875,-0.0170138712429991
0.148875,-0.0120306237301595
0.149,-2.43427468500416e-15
0.149125,0.0120306237301587
0.14925,0.0170138712429991
0.149375,0.0120306237301596
0.1495,2.6176945225831e-15
0.149625,-0.0120306237301586
0.14975,-0.0170138712429991
0.149875,-0.0120306237301597
0.15,-2.80111436016205e-15
0.150125,0.0120306237301585
0.15025,0.0170138712429991
0.150375,0.0120306237301598
0.1505,2.98453419774099e-15
0.150625,-0.0120306237301584
0.15075,-0.0170138712429991
0.150875,-0.01203062373016
0.151,-1.23370081630063e-15
0.151125,0.0120306237301596
0.15125,0.0170138712429991
0.151375,0.0120306237301601
0.1515,1.41712065387957e-15
0.151625,-0.0120306237301595
0.15175,-0.0170138712429991
0.151875,-0.0120306237301602
0.152,-1.60054049145852e-15
0.152125,0.0120306237301593
0.15225,0.0170138712429991
0.152375,0.0120306237301604
0.1525,1.78396032903746e-15
0.152625,-0.0120306237301592
0.15275,-0.0170138712429991
0.152875,-0.0120306237301605
0.153,-1.96738016661641e-15
0.153125,0.0120306237301591
0.15325,0.0170138712429991
0.153375,0.0120306237301593
0.1535,2.15080000419535e-15
0.153625,-0.0120306237301589
0.15375,-0.0170138712429991
0.153875,-0.0120306237301594
0.154,-2.33421984177429e-15
0.154125,0.0120306237301588
0.15425,0.0170138712429991
0.154375,0.0120306237301595
0.1545,2.51763967935324e-15
0.154625,-0.0120306237301587
0.15475,-0.0170138712429991
0.154875,-0.0120306237301596
0.155,-2.70105951693218e-15
0.155125,0.0120306237301599
0.15525,0.0170138712429991
0.155375,0.0120306237301598
0.1555,9.50226135491818e-16
0.155625,-0.0120306237301598
0.15575,-0.0170138712429991
0.155875,-0.0120306237301599
0.156,-1.13364597307076e-15
0.156125,0.0120306237301597
0.15625,0.0170138712429991
0.156375,0.0120306237301614
0.1565,1.31706581064971e-15
0.156625,-0.0120306237301568
0.15675,-0.0170138712429991
0.156875,-0.0120306237301615
0.157,-1.50048564822865e-15
0.157125,0.0120306237301567
0.15725,0.0170138712429991
0.157375,0.0120306237301617
0.1575,1.6839054858076e-15
0.157625,-0.0120306237301579
0.15775,-0.0170138712429991
0.157875,-0.0120306237301618
0.158,-1.86732532338654e-15
0.158125,0.0120306237301578
0.15825,0.0170138712429991
0.158375,0.0120306237301619
0.1585,2.05074516096549e-15
0.158625,-0.0120306237301577
0.15875,-0.0170138712429991
0.158875,-0.012030623730162
0.159,-2.23416499854443e-15
0.159125,0.0120306237301575
0.15925,0.0170138712429991
0.159375,0.0120306237301622
0.1595,4.83331617104066e-16
0.159625,-0.0120306237301574
0.15975,-0.0170138712429991
0.159875,-0.0120306237301609
0.16,-6.66751454683011e-16
0.160125,0.0120306237301573
0.16025,0.0170138712429991
0.160375,0.0120306237301611
0.1605,8.50171292261955e-16
0.160625,-0.0120306237301571
0.16075,-0.0170138712429991
0.160875,-0.0120306237301612
0.161,-1.0335911298409e-15
0.161125,0.012030623730157
0.16125,0.0170138712429991
0.161375,0.0120306237301613
0.1615,1.21701096741984e-15
0.161625,-0.0120306237301569
0.16175,-0.0170138712429991
0.161875,-0.0120306237301615
0.162,-1.40043080499879e-15
0.162125,0.0120306237301581
0.16225,0.0170138712429991
0.162375,0.0120306237301616
0.1625,1.58385064257773e-15
0.162625,-0.012030623730158
0.16275,-0.0170138712429991
0.162875,-0.0120306237301617
0.163,-1.76727048015668e-15
0.163125,0.0120306237301565
0.16325,0.0170138712429991
0.163375,0.0120306237301605
0.1635,1.64370987163131e-17
0.163625,-0.0120306237301577
0.16375,-0.0170138712429991
0.163875,-0.012030623730162
0.164,-2.13411015531457e-15
0.164125,0.012030623730159
0.16425,0.0170138712429991
0.164375,0.0120306237301607
0.1645,3.83276773874203e-16
0.164625,-0.0120306237301575
0.16475,-0.0170138712429991
0.164875,-0.0120306237301622
0.165,-2.50094983047246e-15
0.165125,0.0120306237301587
0.16525,0.0170138712429991
0.165375,0.012030623730161
0.1655,7.50116449032092e-16
0.165625,-0.0120306237301572
0.16575,-0.0170138712429991
0.165875,-0.0120306237301625
0.166,1.00071693240827e-15
0.166125,0.0120306237301584
0.16625,0.0170138712429991
0.166375,0.0120306237301613
0.1665,1.11695612418998e-15
0.166625,-0.0120306237301569
0.16675,-0.0170138712429991
0.166875,-0.01203062373016
0.167,6.33877257250384e-16
0.167125,0.0120306237301582
0.16725,0.0170138712429991
0.167375,0.0120306237301615
0.1675,1.48379579934787e-15
0.167625,-0.0120306237301567
0.16775,-0.0170138712429991
0.167875,-0.0120306237301603
0.168,2.67037582092495e-16
0.168125,0.0120306237301579
0.16825,0.0170138712429991
0.168375,0.0120306237301618
0.1685,1.85063547450576e-15
0.168625,-0.0120306237301592
0.16875,-0.0170138712429991
0.168875,-0.0120306237301605
0.169,-9.98020930653951e-17
0.169125,0.0120306237301577
0.16925,0.0170138712429991
0.169375,0.012030623730162
0.1695,2.21747514966365e-15
0.169625,-0.0120306237301589
0.16975,-0.0170138712429991
0.169875,-0.0120306237301608
0.17,-4.66641768223285e-16
0.170125,0.0120306237301574
0.17025,0.0170138712429991
0.170375,0.0120306237301596
0.1705,-1.28419161321708e-15
0.170625,-0.0120306237301586
0.17075,-0.0170138712429991
0.170875,-0.0120306237301611
0.171,-8.33481443381174e-16
0.171125,0.0120306237301571
0.17125,0.0170138712429991
0.171375,0.0120306237301598
0.1715,-9.17351938059192e-16
0.171625,-0.0120306237301584
0.17175,-0.0170138712429991
0.171875,-0.0120306237301613
0.172,-5.06882755657769e-15
0.172125,0.0120306237301569
0.17225,0.0170138712429991
0.172375,0.0120306237301601
0.1725,3.31799417513732e-15
0.172625,-0.0120306237301581
0.17275,-0.0170138712429991
0.172875,-0.0120306237301616
0.173,-1.56716079369695e-15
0.173125,0.0120306237301594
0.17325,0.0170138712429991
0.173375,0.0120306237301603
0.1735,3.68483385029521e-15
0.173625,-0.0120306237301579
0.17375,-0.0170138712429991
0.173875,-0.0120306237301618
0.174,-1.93400046885484e-15
0.174125,0.0120306237301591
0.17425,0.0170138712429991
0.174375,0.0120306237301606
0.1745,4.0516735254531e-15
0.174625,-0.0120306237301576
0.17475,-0.0170138712429991
0.174875,-0.0120306237301594
0.175,-2.30084014401273e-15
0.175125,0.0120306237301588
0.17525,0.0170138712429991
0.175375,0.0120306237301609
0.1755,4.41851320061099e-15
0.175625,-0.0120306237301573
0.17575,-0.0170138712429991
0.175875,-0.0120306237301596
0.176,-2.66767981917062e-15
0.176125,0.0120306237301586
0.17625,0.0170138712429991
0.176375,0.0120306237301611
0.1765,4.78535287576888e-15
0.176625,-0.0120306237301571
0.17675,-0.0170138712429991
0.176875,-0.0120306237301599
0.177,-3.03451949432851e-15
0.177125,0.0120306237301583
0.17725,0.0170138712429991
0.177375,0.0120306237301614
0.1775,1.28368611288815e-15
0.177625,-0.0120306237301596
0.17775,-0.0170138712429991
0.177875,-0.0120306237301601
0.178,-3.4013591694864e-15
0.178125,0.0120306237301581
0.17825,0.0170138712429991
0.178375,0.0120306237301616
0.1785,1.65052578804604e-15
0.178625,-0.0120306237301593
0.17875,-0.0170138712429991
0.178875,-0.0120306237301604
0.179,-3.76819884464429e-15
0.179125,0.0120306237301578
0.17925,0.0170138712429991
0.179375,0.0120306237301592
0.1795,2.01736546320392e-15
0.179625,-0.012030623730159
0.17975,-0.0170138712429991
0.179875,-0.0120306237301607
0.18,-4.13503851980218e-15
0.180125,0.0120306237301575
0.18025,0.0170138712429991
0.180375,0.0120306237301594
0.1805,2.38420513836181e-15
0.180625,-0.0120306237301588
0.18075,-0.0170138712429991
0.180875,-0.0120306237301609
0.181,-4.50187819496007e-15
0.181125,0.01203062373016
0.18125,0.0170138712429991
0.181375,0.0120306237301597
0.1815,2.7510448135197e-15
0.181625,-0.0120306237301585
0.18175,-0.0170138712429991
0.181875,-0.0120306237301612
0.182,-1.00021143207934e-15
0.182125,0.0120306237301598
0.18225,0.0170138712429991
0.182375,0.0120306237301599
0.1825,3.11788448867759e-15
0.182625,-0.0120306237301583
0.18275,-0.0170138712429991
0.182875,-0.0120306237301614
0.183,-1.36705110723723e-15
0.183125,0.0120306237301595
0.18325,0.0170138712429991
0.183375,0.0120306237301602
0.1835,3.48472416383548e-15
0.183625,-0.012030623730158
0.18375,-0.0170138712429991
0.183875,-0.012030623730159
0.184,-1.73389078239512e-15
0.184125,0.0120306237301592
0.18425,0.0170138712429991
0.184375,0.0120306237301605
0.1845,3.85156383899337e-15
0.184625,-0.0120306237301577
0.18475,-0.0170138712429991
0.184875,-0.0120306237301592
0.185,-2.10073045755301e-15
0.185125,0.012030623730159
0.18525,0.0170138712429991
0.185375,0.0120306237301607
0.1855,3.49897076112641e-16
0.185625,-0.0120306237301602
0.18575,-0.0170138712429991
0.185875,-0.0120306237301595
0.186,-2.4675701327109e-15
0.186125,0.0120306237301587
0.18625,0.0170138712429991
0.186375,0.012030623730161
0.1865,7.16736751270531e-16
0.186625,-0.01203062373016
0.18675,-0.0170138712429991
0.186875,-0.0120306237301597
0.187,-2.83440980786879e-15
0.187125,0.0120306237301585
0.18725,0.0170138712429991
0.187375,0.0120306237301612
0.1875,1.08357642642842e-15
0.187625,-0.012030623730157
0.18775,-0.0170138712429991
0.187875,-0.0120306237301627
0.188,-3.20124948302668e-15
0.188125,0.0120306237301582
0.18825,0.0170138712429991
0.188375,0.0120306237301615
0.1885,1.45041610158631e-15
0.188625,-0.0120306237301567
0.18875,-0.0170138712429991
0.188875,-0.012030623730163
0.189,-3.56808915818457e-15
0.189125,0.0120306237301579
0.18925,0.0170138712429991
0.189375,0.0120306237301618
0.1895,1.8172557767442e-15
0.189625,-0.0120306237301564
0.18975,-0.0170138712429991
0.189875,-0.0120306237301605
0.19,-6.64223953038333e-17
0.190125,0.0120306237301577
0.19025,0.0170138712429991
0.190375,0.012030623730162
0.1905,2.18409545190209e-15
0.190625,-0.0120306237301562
0.19075,-0.0170138712429991
0.190875,-0.0120306237301608
0.191,-4.33262070461723e-16
0.191125,0.0120306237301574
0.19125,0.0170138712429991
0.191375,0.0120306237301623
0.1915,2.55093512705998e-15
0.191625,-0.0120306237301559
0.19175,-0.0170138712429991
0.191875,-0.012030623730161
0.192,-8.00101745619612e-16
0.192125,0.0120306237301572
0.19225,0.0170138712429991
0.192375,0.0120306237301625
0.1925,2.91777480221787e-15
0.192625,-0.0120306237301584
0.19275,-0.0170138712429991
0.192875,-0.0120306237301613
0.193,-1.1669414207775e-15
0.193125,0.0120306237301569
0.19325,0.0170138712429991
0.193375,0.0120306237301628
0.1935,3.28461447737576e-15
0.193625,-0.0120306237301581
0.19375,-0.0170138712429991
0.193875,-0.0120306237301616
0.194,-1.53378109593539e-15
0.194125,0.0120306237301566
0.19425,0.0170138712429991
0.194375,0.0120306237301603
0.1945,-2.17052285504974e-16
0.194625,-0.0120306237301579
0.19475,-0.0170138712429991
0.194875,-0.0120306237301618
0.195,-1.90062077109328e-15
0.195125,0.0120306237301564
0.19525,0.0170138712429991
0.195375,0.0120306237301606
0.1955,1.49787389652915e-16
0.195625,-0.0120306237301576
0.19575,-0.0170138712429991
0.195875,-0.0120306237301621
0.196,-2.26746044625117e-15
0.196125,0.0120306237301561
0.19625,0.0170138712429991
0.196375,0.0120306237301608
0.1965,5.16627064810805e-16
0.196625,-0.0120306237301574
0.19675,-0.0170138712429991
0.196875,-0.0120306237301623
0.197,-2.63430012140906e-15
0.197125,0.0120306237301586
0.19725,0.0170138712429991
0.197375,0.0120306237301611
0.1975,8.83466739968695e-16
0.197625,-0.0120306237301571
0.19775,-0.0170138712429991
0.197875,-0.0120306237301626
0.198,-3.00113979656695e-15
0.198125,0.0120306237301583
0.19825,0.0170138712429991
0.198375,0.0120306237301614
0.1985,1.25030641512658e-15
0.198625,-0.0120306237301568
0.19875,-0.0170138712429991
0.198875,-0.0120306237301601
0.199,5.00526966313782e-16
0.199125,0.0120306237301581
0.19925,0.0170138712429991
0.199375,0.0120306237301616
0.1995,1.61714609028447e-15
0.199625,-0.0120306237301566
0.19975,-0.0170138712429991
0.199875,-0.0120306237301604
0.2,1.33687291155892e-16
0.200125,0.0120306237301578
0.20025,0.0170138712429991
0.200375,0.0120306237301619
0.2005,1.98398576544236e-15
0.200625,-0.0120306237301591
0.20075,-0.0170138712429991
0.200875,-0.0120306237301606
0.201,-2.33152384001997e-16
0.201125,0.0120306237301576
0.20125,0.0170138712429991
0.201375,0.0120306237301621
0.2015,2.35082544060025e-15
0.201625,-0.0120306237301588
0.20175,-0.0170138712429991
0.201875,-0.0120306237301609
0.202,-5.99992059159887e-16
0.202125,0.0120306237301573
0.20225,0.0170138712429991
0.202375,0.0120306237301624
0.2025,2.71766511575814e-15
0.202625,-0.0120306237301585
0.20275,-0.0170138712429991
0.202875,-0.0120306237301612
0.203,-9.66831734317776e-16
0.203125,0.012030623730157
0.20325,0.0170138712429991
0.203375,0.0120306237301599
0.2035,3.08450479091603e-15
0.203625,-0.0120306237301583
0.20375,-0.0170138712429991
0.203875,-0.0120306237301614
0.204,-5.20217784751429e-15
0.204125,0.0120306237301568
0.20425,0.0170138712429991
0.204375,0.0120306237301602
0.2045,3.45134446607392e-15
0.204625,-0.012030623730158
0.20475,-0.0170138712429991
0.204875,-0.0120306237301617
0.205,-1.70051108463356e-15
0.205125,0.0120306237301593
0.20525,0.0170138712429991
0.205375,0.0120306237301604
0.2055,3.81818414123181e-15
0.205625,-0.0120306237301578
0.20575,-0.0170138712429991
0.205875,-0.0120306237301619
0.206,-2.06735075979145e-15
0.206125,0.012030623730159
0.20625,0.0170138712429991
0.206375,0.0120306237301607
0.2065,4.1850238163897e-15
0.206625,-0.0120306237301575
0.20675,-0.0170138712429991
0.206875,-0.0120306237301622
0.207,-2.43419043494934e-15
0.207125,0.0120306237301587
0.20725,0.0170138712429991
0.207375,0.012030623730161
0.2075,4.55186349154759e-15
0.207625,-0.0120306237301572
0.20775,-0.0170138712429991
0.207875,-0.0120306237301597
0.208,-2.80103011010722e-15
0.208125,0.0120306237301585
0.20825,0.0170138712429991
0.208375,0.0120306237301612
0.2085,4.91870316670548e-15
0.208625,-0.012030623730157
0.20875,-0.0170138712429991
0.208875,-0.01203062373016
0.209,-3.16786978526511e-15
0.209125,0.0120306237301582
0.20925,0.0170138712429991
0.209375,0.0120306237301615
0.2095,1.41703640382475e-15
0.209625,-0.0120306237301595
0.20975,-0.0170138712429991
0.209875,-0.0120306237301602
0.21,-3.534709460423e-15
0.210125,0.012030623730158
0.21025,0.0170138712429991
0.210375,0.0120306237301617
0.2105,1.78387607898264e-15
0.210625,-0.0120306237301592
0.21075,-0.0170138712429991
0.210875,-0.0120306237301605
0.211,-3.90154913558089e-15
0.211125,0.0120306237301577
0.21125,0.0170138712429991
0.211375,0.0120306237301593
0.2115,2.15071575414053e-15
0.211625,-0.0120306237301589
0.21175,-0.0170138712429991
0.211875,-0.0120306237301608
0.212,-4.26838881073878e-15
0.212125,0.0120306237301575
0.21225,0.0170138712429991
0.212375,0.0120306237301595
0.2125,2.51755542929842e-15
0.212625,-0.0120306237301587
0.21275,-0.0170138712429991
0.212875,-0.012030623730161
0.213,-4.63522848589667e-15
0.213125,0.0120306237301572
0.21325,0.0170138712429991
0.213375,0.0120306237301598
0.2135,2.88439510445631e-15
0.213625,-0.0120306237301584
0.21375,-0.0170138712429991
0.213875,-0.0120306237301613
0.214,-1.13356172301594e-15
0.214125,0.0120306237301597
0.21425,0.0170138712429991
0.214375,0.01203062373016
0.2145,3.2512347796142e-15
0.214625,-0.0120306237301582
0.21475,-0.0170138712429991
0.214875,-0.0120306237301615
0.215,-1.50040139817383e-15
0.215125,0.0120306237301594
0.21525,0.0170138712429991
0.215375,0.0120306237301603
0.2155,3.61807445477209e-15
0.215625,-0.0120306237301579
0.21575,-0.0170138712429991
0.215875,-0.0120306237301591
0.216,-1.86724107333172e-15
0.216125,0.0120306237301591
0.21625,0.0170138712429991
0.216375,0.0120306237301606
0.2165,3.98491412992998e-15
0.216625,-0.0120306237301577
0.21675,-0.0170138712429991
0.216875,-0.0120306237301593
0.217,-2.23408074848961e-15
0.217125,0.0120306237301589
0.21725,0.0170138712429991
0.217375,0.0120306237301608
0.2175,4.35175380508786e-15
0.217625,-0.0120306237301601
0.21775,-0.0170138712429991
0.217875,-0.0120306237301596
0.218,-2.6009204236475e-15
0.218125,0.0120306237301586
0.21825,0.0170138712429991
0.218375,0.0120306237301611
0.2185,8.50087042207133e-16
0.218625,-0.0120306237301599
0.21875,-0.0170138712429991
0.218875,-0.0120306237301626
0.219,-2.96776009880539e-15
0.219125,0.0120306237301556
0.21925,0.0170138712429991
0.219375,0.0120306237301613
0.2195,1.21692671736502e-15
0.219625,-0.0120306237301569
0.21975,-0.0170138712429991
0.219875,-0.0120306237301628
0.22,-3.33459977396328e-15
0.220125,0.0120306237301581
0.22025,0.0170138712429991
0.220375,0.0120306237301616
0.2205,1.58376639252291e-15
0.220625,-0.0120306237301566
0.22075,-0.0170138712429991
0.220875,-0.0120306237301631
0.221,-3.70143944912117e-15
0.221125,0.0120306237301579
0.22125,0.0170138712429991
0.221375,0.0120306237301618
0.2215,1.9506060676808e-15
0.221625,-0.0120306237301564
0.22175,-0.0170138712429991
0.221875,-0.0120306237301633
0.222,-1.99772686240435e-16
0.222125,0.0120306237301576
0.22225,0.0170138712429991
0.222375,0.0120306237301621
0.2225,2.31744574283869e-15
0.222625,-0.0120306237301561
0.22275,-0.0170138712429991
0.222875,-0.0120306237301609
0.223,-5.66612361398325e-16
0.223125,0.0120306237301573
0.22325,0.0170138712429991
0.223375,0.0120306237301624
0.2235,2.68428541799658e-15
0.223625,-0.0120306237301558
0.22375,-0.0170138712429991
0.223875,-0.0120306237301611
0.224,-9.33452036556215e-16
0.224125,0.0120306237301571
0.22425,0.0170138712429991
0.224375,0.0120306237301626
0.2245,3.05112509315447e-15
0.224625,-0.0120306237301583
0.22475,-0.0170138712429991
0.224875,-0.0120306237301614
0.225,-1.3002917117141e-15
0.225125,0.0120306237301568
0.22525,0.0170138712429991
0.225375,0.0120306237301629
0.2255,3.41796476831236e-15
0.225625,-0.0120306237301581
0.22575,-0.0170138712429991
0.225875,-0.0120306237301616
0.226,-1.66713138687199e-15
0.226125,0.0120306237301566
0.22625,0.0170138712429991
0.226375,0.0120306237301604
0.2265,-8.37019945683723e-17
0.226625,-0.0120306237301578
0.22675,-0.0170138712429991
0.226875,-0.0120306237301619
0.227,-2.03397106202988e-15
0.227125,0.0120306237301563
0.22725,0.0170138712429991
0.227375,0.0120306237301607
0.2275,2.83137680589517e-16
0.227625,-0.0120306237301575
0.22775,-0.0170138712429991
0.227875,-0.0120306237301622
0.228,-2.40081073718777e-15
0.228125,0.012030623730156
0.22825,0.0170138712429991
0.228375,0.0120306237301609
0.2285,6.49977355747407e-16
0.228625,-0.0120306237301573
0.22875,-0.0170138712429991
0.228875,-0.0120306237301624
0.229,-2.76765041234566e-15
0.229125,0.0120306237301585
0.22925,0.0170138712429991
0.229375,0.0120306237301612
0.2295,1.0168170309053e-15
0.229625,-0.012030623730157
0.22975,-0.0170138712429991
0.229875,-0.0120306237301627
0.23,-3.13449008750355e-15
0.230125,0.0120306237301583
0.23025,0.0170138712429991
0.230375,0.0120306237301614
0.2305,1.38365670606319e-15
0.230625,-0.0120306237301568
0.23075,-0.0170138712429991
0.230875,-0.0120306237301602
0.231,3.6717667537718e-16
0.231125,0.012030623730158
0.23125,0.0170138712429991
0.231375,0.0120306237301617
0.2315,1.75049638122108e-15
0.231625,-0.0120306237301565
0.23175,-0.0170138712429991
0.231875,-0.0120306237301605
0.232,3.37000219290366e-19
0.232125,0.0120306237301577
0.23225,0.0170138712429991
0.232375,0.012030623730162
0.2325,2.11733605637897e-15
0.232625,-0.0120306237301562
0.23275,-0.0170138712429991
0.232875,-0.0120306237301607
0.233,-3.66502674938599e-16
0.233125,0.0120306237301575
0.23325,0.0170138712429991
0.233375,0.0120306237301622
0.2335,2.48417573153685e-15
0.233625,-0.0120306237301587
0.23375,-0.0170138712429991
0.233875,-0.012030623730161
0.234,-7.33342350096489e-16
0.234125,0.0120306237301572
0.23425,0.0170138712429991
0.234375,0.0120306237301625
0.2345,2.85101540669474e-15
0.234625,-0.0120306237301585
0.23475,-0.0170138712429991
0.234875,-0.0120306237301612
0.235,-4.968688463293e-15
0.235125,0.012030623730157
0.23525,0.0170138712429991
0.235375,0.01203062373016
0.2355,3.21785508185263e-15
0.235625,-0.0120306237301582
0.23575,-0.0170138712429991
0.235875,-0.0120306237301615
0.236,-5.33552813845089e-15
0.236125,0.0120306237301567
0.23625,0.0170138712429991
0.236375,0.0120306237301603
0.2365,3.58469475701052e-15
0.236625,-0.0120306237301579
0.23675,-0.0170138712429991
0.236875,-0.0120306237301618
0.237,-5.70236781360878e-15
0.237125,0.0120306237301592
0.23725,0.0170138712429991
0.237375,0.0120306237301605
0.2375,3.95153443216841e-15
0.237625,-0.0120306237301577
0.23775,-0.0170138712429991
0.237875,-0.012030623730162
0.238,-2.20070105072805e-15
0.238125,0.0120306237301589
0.23825,0.0170138712429991
0.238375,0.0120306237301608
0.2385,4.3183741073263e-15
0.238625,-0.0120306237301574
0.23875,-0.0170138712429991
0.238875,-0.0120306237301623
0.239,-2.56754072588594e-15
0.239125,0.0120306237301587
0.23925,0.0170138712429991
0.239375,0.012030623730161
0.2395,4.68521378248419e-15
0.239625,-0.0120306237301572
0.23975,-0.0170138712429991
0.239875,-0.0120306237301598
0.24,-2.93438040104383e-15
0.240125,0.0120306237301584
0.24025,0.0170138712429991
0.240375,0.0120306237301613
0.2405,5.05205345764208e-15
0.240625,-0.0120306237301569
0.24075,-0.0170138712429991
0.240875,-0.0120306237301601
0.241,-3.30122007620172e-15
0.241125,0.0120306237301581
0.24125,0.0170138712429991
0.241375,0.0120306237301616
0.2415,1.55038669476135e-15
0.241625,-0.0120306237301594
0.24175,-0.0170138712429991
0.241875,-0.0120306237301603
0.242,-3.66805975135961e-15
0.242125,0.0120306237301579
0.24225,0.0170138712429991
0.242375,0.0120306237301618
0.2425,1.91722636991924e-15
0.242625,-0.0120306237301591
0.24275,-0.0170138712429991
0.242875,-0.0120306237301606
0.243,-4.0348994265175e-15
0.243125,0.0120306237301576
0.24325,0.0170138712429991
0.243375,0.0120306237301621
0.2435,2.28406604507713e-15
0.243625,-0.0120306237301589
0.24375,-0.0170138712429991
0.243875,-0.0120306237301608
0.244,-4.40173910167539e-15
0.244125,0.0120306237301574
0.24425,0.0170138712429991
0.244375,0.0120306237301596
0.2445,2.65090572023502e-15
0.244625,-0.0120306237301586
0.24475,-0.0170138712429991
0.244875,-0.0120306237301611
0.245,-4.76857877683327e-15
0.245125,0.0120306237301571
0.24525,0.0170138712429991
0.245375,0.0120306237301599
0.2455,3.01774539539291e-15
0.245625,-0.0120306237301583
0.24575,-0.0170138712429991
0.245875,-0.0120306237301614
0.246,-1.26691201395254e-15
0.246125,0.0120306237301596
0.24625,0.0170138712429991
0.246375,0.0120306237301601
0.2465,3.3845850705508e-15
0.246625,-0.0120306237301581
0.24675,-0.0170138712429991
0.246875,-0.0120306237301616
0.247,-1.63375168911043e-15
0.247125,0.0120306237301593
0.24725,0.0170138712429991
0.247375,0.0120306237301604
0.2475,3.75142474570869e-15
0.247625,-0.0120306237301578
0.24775,-0.0170138712429991
0.247875,-0.0120306237301591
0.248,-2.00059136426832e-15
0.248125,0.0120306237301591
0.24825,0.0170138712429991
0.248375,0.0120306237301606
0.2485,4.11826442086658e-15
0.248625,-0.0120306237301576
0.24875,-0.0170138712429991
0.248875,-0.0120306237301594
0.249,-2.36743103942621e-15
0.249125,0.0120306237301588
0.24925,0.0170138712429991
0.249375,0.0120306237301609
0.2495,4.48510409602447e-15
0.249625,-0.0120306237301573
0.24975,-0.0170138712429991
0.249875,-0.0120306237301597
0.25,-2.7342707145841e-15
0.250125,0.0120306237301558
0.25025,0.0170138712429991
0.250375,0.0120306237301612
0.2505,9.83437333143735e-16
0.250625,-0.012030623730157
0.25075,-0.0170138712429991
0.250875,-0.0120306237301599
0.251,-3.10111038974199e-15
0.251125,0.0120306237301555
0.25125,0.0170138712429991
0.251375,0.0120306237301614
0.2515,1.35027700830162e-15
0.251625,-0.0120306237301568
0.25175,-0.0170138712429991
0.251875,-0.0120306237301602
0.252,-3.46795006489988e-15
0.252125,0.0120306237301553
0.25225,0.0170138712429991
0.252375,0.0120306237301589
0.2525,1.71711668345951e-15
0.252625,-0.0120306237301565
0.25275,-0.0170138712429991
0.252875,-0.0120306237301604
0.253,-3.83478974005777e-15
0.253125,0.0120306237301578
0.25325,0.0170138712429991
0.253375,0.0120306237301592
0.2535,2.0839563586174e-15
0.253625,-0.0120306237301563
0.25375,-0.0170138712429991
0.253875,-0.0120306237301607
0.254,-4.20162941521566e-15
0.254125,0.0120306237301575
0.25425,0.0170138712429991
0.254375,0.0120306237301595
0.2545,2.45079603377529e-15
0.254625,-0.012030623730156
0.25475,-0.0170138712429991
0.254875,-0.012030623730161
0.255,-6.99962652334927e-16
0.255125,0.0120306237301572
0.25525,0.0170138712429991
0.255375,0.0120306237301597
0.2555,2.81763570893318e-15
0.255625,-0.0120306237301557
0.25575,-0.0170138712429991
0.255875,-0.0120306237301612
0.256,-1.06680232749282e-15
0.256125,0.012030623730157
0.25625,0.0170138712429991
0.256375,0.01203062373016
0.2565,3.18447538409107e-15
0.256625,-0.0120306237301582
0.25675,-0.0170138712429991
0.256875,-0.0120306237301587
0.257,-1.43364200265071e-15
0.257125,0.0120306237301567
0.25725,0.0170138712429991
0.257375,0.0120306237301602
0.2575,3.55131505924896e-15
0.257625,-0.012030623730158
0.25775,-0.0170138712429991
0.257875,-0.012030623730159
0.258,-1.8004816778086e-15
0.258125,0.0120306237301565
0.25825,0.0170138712429991
0.258375,0.0120306237301605
0.2585,3.91815473440685e-15
0.258625,-0.0120306237301577
0.25875,-0.0170138712429991
0.258875,-0.0120306237301593
0.259,-2.16732135296649e-15
0.259125,0.0120306237301562
0.25925,0.0170138712429991
0.259375,0.0120306237301608
0.2595,4.16487971526119e-16
0.259625,-0.0120306237301574
0.25975,-0.0170138712429991
0.259875,-0.0120306237301595
0.26,-2.53416102812438e-15
0.260125,0.0120306237301559
0.26025,0.0170138712429991
0.260375,0.012030623730161
0.2605,7.83327646684009e-16
0.260625,-0.0120306237301572
0.26075,-0.0170138712429991
0.260875,-0.0120306237301598
0.261,-2.90100070328227e-15
0.261125,0.0120306237301584
0.26125,0.0170138712429991
0.261375,0.0120306237301585
0.2615,1.1501673218419e-15
0.261625,-0.0120306237301569
0.26175,-0.0170138712429991
0.261875,-0.01203062373016
0.262,-3.26784037844015e-15
0.262125,0.0120306237301582
0.26225,0.0170138712429991
0.262375,0.0120306237301588
0.2625,1.51700699699979e-15
0.262625,-0.0120306237301567
0.26275,-0.0170138712429991
0.262875,-0.0120306237301603
0.263,2.33826384440578e-16
0.263125,0.0120306237301579
0.26325,0.0170138712429991
0.263375,0.0120306237301591
0.2635,1.88384667215768e-15
0.263625,-0.0120306237301564
0.26375,-0.0170138712429991
0.263875,-0.0120306237301606
0.264,-1.33013290717312e-16
0.264125,0.0120306237301576
0.26425,0.0170138712429991
0.264375,0.0120306237301593
0.2645,2.25068634731557e-15
0.264625,-0.0120306237301561
0.26475,-0.0170138712429991
0.264875,-0.0120306237301608
0.265,-4.99852965875201e-16
0.265125,0.0120306237301574
0.26525,0.0170138712429991
0.265375,0.0120306237301596
0.2655,2.61752602247346e-15
0.265625,-0.0120306237301586
0.26575,-0.0170138712429991
0.265875,-0.0120306237301638
0.266,-8.66692641033091e-16
0.266125,0.0120306237301571
0.26625,0.0170138712429991
0.266375,0.0120306237301626
0.2665,2.98436569763135e-15
0.266625,-0.0120306237301584
0.26675,-0.0170138712429991
0.266875,-0.0120306237301641
0.267,-1.23353231619098e-15
0.267125,0.0120306237301569
0.26725,0.0170138712429991
0.267375,0.0120306237301628
0.2675,-5.17301065249386e-16
0.267625,-0.0120306237301581
0.26775,-0.0170138712429991
0.267875,-0.0120306237301643
0.268,-1.60037199134887e-15
0.268125,0.0120306237301566
0.26825,0.0170138712429991
0.268375,0.0120306237301631
0.2685,-1.50461390091496e-16
0.268625,-0.0120306237301578
0.26875,-0.0170138712429991
0.268875,-0.0120306237301646
0.269,-1.96721166650676e-15
0.269125,0.0120306237301563
0.26925,0.0170138712429991
0.269375,0.0120306237301634
0.2695,2.16378285066394e-16
0.269625,-0.0120306237301576
0.26975,-0.0170138712429991
0.269875,-0.0120306237301621
0.27,-2.33405134166465e-15
0.270125,0.0120306237301588
0.27025,0.0170138712429991
0.270375,0.0120306237301636
0.2705,5.83217960224283e-16
0.270625,-0.0120306237301573
0.27075,-0.0170138712429991
0.270875,-0.0120306237301624
0.271,-2.70089101682254e-15
0.271125,0.0120306237301586
0.27125,0.0170138712429991
0.271375,0.0120306237301639
0.2715,9.50057635382173e-16
0.271625,-0.0120306237301571
0.27175,-0.0170138712429991
0.271875,-0.0120306237301626
0.272,8.00775746058193e-16
0.272125,0.0120306237301583
0.27225,0.0170138712429991
0.272375,0.0120306237301641
0.2725,1.31689731054006e-15
0.272625,-0.0120306237301568
0.27275,-0.0170138712429991
0.272875,-0.0120306237301629
0.273,4.33936070900304e-16
0.273125,0.012030623730158
0.27325,0.0170138712429991
0.273375,0.0120306237301644
0.2735,1.68373698569795e-15
0.273625,-0.0120306237301565
0.27375,-0.0170138712429991
0.273875,-0.0120306237301632
0.274,6.7096395742414e-17
0.274125,0.0120306237301578
0.27425,0.0170138712429991
0.274375,0.0120306237301619
0.2745,2.05057666085584e-15
0.274625,-0.012030623730159
0.27475,-0.0170138712429991
0.274875,-0.0120306237301634
0.275,-2.99743279415476e-16
0.275125,0.0120306237301575
0.27525,0.0170138712429991
0.275375,0.0120306237301622
0.2755,2.41741633601373e-15
0.275625,-0.0120306237301588
0.27575,-0.0170138712429991
0.275875,-0.0120306237301637
0.276,-6.66582954573365e-16
0.276125,0.0120306237301573
0.27625,0.0170138712429991
0.276375,0.0120306237301624
0.2765,-1.084250426867e-15
0.276625,-0.0120306237301585
0.27675,-0.0170138712429991
0.276875,-0.0120306237301639
0.277,-1.03342262973125e-15
0.277125,0.012030623730157
0.27725,0.0170138712429991
0.277375,0.0120306237301627
0.2775,-7.17410751709111e-16
0.277625,-0.0120306237301582
0.27775,-0.0170138712429991
0.277875,-0.0120306237301642
0.278,-1.40026230488914e-15
0.278125,0.0120306237301595
0.27825,0.0170138712429991
0.278375,0.012030623730163
0.2785,-3.50571076551222e-16
0.278625,-0.012030623730158
0.27875,-0.0170138712429991
0.278875,-0.0120306237301617
0.279,-1.76710198004703e-15
0.279125,0.0120306237301592
0.27925,0.0170138712429991
0.279375,0.0120306237301632
0.2795,1.6268598606668e-17
0.279625,-0.0120306237301577
0.27975,-0.0170138712429991
0.279875,-0.012030623730162
0.28,-2.13394165520492e-15
0.280125,0.012030623730159
0.28025,0.0170138712429991
0.280375,0.0120306237301635
0.2805,3.83108273764558e-16
0.280625,-0.0120306237301575
0.28075,-0.0170138712429991
0.280875,-0.0120306237301622
0.281,1.36772510767581e-15
0.281125,0.0120306237301587
0.28125,0.0170138712429991
0.281375,0.0120306237301637
0.2815,4.61845438696107e-15
0.281625,-0.0120306237301572
0.28175,-0.0170138712429991
0.281875,-0.0120306237301625
0.282,-6.73612744355933e-15
0.282125,0.0120306237301584
0.28225,0.0170138712429991
0.282375,0.012030623730164
0.2825,4.98529406211896e-15
0.282625,-0.0120306237301597
0.28275,-0.0170138712429991
0.282875,-0.0120306237301628
0.283,-7.10296711871722e-15
0.283125,0.0120306237301582
0.28325,0.0170138712429991
0.283375,0.0120306237301615
0.2835,5.35213373727685e-15
0.283625,-0.0120306237301594
0.28375,-0.0170138712429991
0.283875,-0.012030623730163
0.284,-7.4698067938751e-15
0.284125,0.0120306237301579
0.28425,0.0170138712429991
0.284375,0.0120306237301618
0.2845,5.71897341243474e-15
0.284625,-0.0120306237301592
0.28475,-0.0170138712429991
0.284875,-0.0120306237301633
0.285,-3.96814003099437e-15
0.285125,0.0120306237301577
0.28525,0.0170138712429991
0.285375,0.012030623730162
0.2855,6.08581308759263e-15
0.285625,-0.0120306237301589
0.28575,-0.0170138712429991
0.285875,-0.0120306237301635
0.286,-4.33497970615226e-15
0.286125,0.0120306237301574
0.28625,0.0170138712429991
0.286375,0.0120306237301623
0.2865,6.45265276275052e-15
0.286625,-0.0120306237301586
0.28675,-0.0170138712429991
0.286875,-0.0120306237301611
0.287,-4.70181938131015e-15
0.287125,0.0120306237301599
0.28725,0.0170138712429991
0.287375,0.0120306237301626
0.2875,6.81949243790841e-15
0.287625,-0.0120306237301584
0.28775,-0.0170138712429991
0.287875,-0.0120306237301613
0.288,-5.06865905646804e-15
0.288125,0.0120306237301596
0.28825,0.0170138712429991
0.288375,0.0120306237301628
0.2885,7.1863321130663e-15
0.288625,-0.0120306237301581
0.28875,-0.0170138712429991
0.288875,-0.0120306237301616
0.289,-5.43549873162593e-15
0.289125,0.0120306237301594
0.28925,0.0170138712429991
0.289375,0.0120306237301631
0.2895,3.68466535018556e-15
0.289625,-0.0120306237301579
0.28975,-0.0170138712429991
0.289875,-0.0120306237301618
0.29,-5.80233840678382e-15
0.290125,0.0120306237301591
0.29025,0.0170138712429991
0.290375,0.0120306237301633
0.2905,4.05150502534345e-15
0.290625,-0.0120306237301576
0.29075,-0.0170138712429991
0.290875,-0.0120306237301621
0.291,-6.16917808194171e-15
0.291125,0.0120306237301588
0.29125,0.0170138712429991
0.291375,0.0120306237301609
0.2915,4.41834470050134e-15
0.291625,-0.0120306237301601
0.29175,-0.0170138712429991
0.291875,-0.0120306237301624
0.292,-6.5360177570996e-15
0.292125,0.0120306237301586
0.29225,0.0170138712429991
0.292375,0.0120306237301611
0.2925,4.78518437565923e-15
0.292625,-0.0120306237301598
0.29275,-0.0170138712429991
0.292875,-0.0120306237301626
0.293,-6.90285743225749e-15
0.293125,0.0120306237301583
0.29325,0.0170138712429991
0.293375,0.0120306237301614
0.2935,5.15202405081712e-15
0.293625,-0.0120306237301596
0.29375,-0.0170138712429991
0.293875,-0.0120306237301629
0.294,-3.40119066937676e-15
0.294125,0.0120306237301581
0.29425,0.0170138712429991
0.294375,0.0120306237301616
0.2945,5.51886372597501e-15
0.294625,-0.0120306237301593
0.29475,-0.0170138712429991
0.294875,-0.0120306237301631
0.295,-3.76803034453465e-15
0.295125,0.0120306237301605
0.29525,0.0170138712429991
0.295375,0.0120306237301619
0.2955,5.8857034011329e-15
0.295625,-0.012030623730159
0.29575,-0.0170138712429991
0.295875,-0.0120306237301607
0.296,-4.13487001969254e-15
0.296125,0.0120306237301603
0.29625,0.0170138712429991
0.296375,0.0120306237301622
0.2965,6.25254307629079e-15
0.296625,-0.0120306237301588
0.29675,-0.0170138712429991
0.296875,-0.0120306237301609
0.297,-4.50170969485043e-15
0.297125,0.0120306237301546
0.29725,0.0170138712429991
0.297375,0.0120306237301624
0.2975,2.75087631341006e-15
0.297625,-0.0120306237301558
0.29775,-0.0170138712429991
0.297875,-0.0120306237301612
0.298,-4.86854937000832e-15
0.298125,0.0120306237301543
0.29825,0.0170138712429991
0.298375,0.0120306237301627
0.2985,3.11771598856795e-15
0.298625,-0.0120306237301555
0.29875,-0.0170138712429991
0.298875,-0.0120306237301614
0.299,-5.2353890451662e-15
0.299125,0.012030623730154
0.29925,0.0170138712429991
0.299375,0.0120306237301629
0.2995,3.48455566372584e-15
0.299625,-0.0120306237301553
0.29975,-0.0170138712429991
0.299875,-0.0120306237301617
0.3,-5.60222872032409e-15
0.300125,0.0120306237301565
0.30025,0.0170138712429991
0.300375,0.0120306237301605
0.3005,3.85139533888373e-15
0.300625,-0.012030623730155
0.30075,-0.0170138712429991
0.300875,-0.012030623730162
0.301,-5.96906839548198e-15
0.301125,0.0120306237301562
0.30125,0.0170138712429991
0.301375,0.0120306237301607
0.3015,4.21823501404162e-15
0.301625,-0.0120306237301547
0.30175,-0.0170138712429991
0.301875,-0.0120306237301622
0.302,-2.46740163260125e-15
0.302125,0.012030623730156
0.30225,0.0170138712429991
0.302375,0.012030623730161
0.3025,4.58507468919951e-15
0.302625,-0.0120306237301545
0.30275,-0.0170138712429991
0.302875,-0.0120306237301625
0.303,-2.83424130775914e-15
0.303125,0.0120306237301557
0.30325,0.0170138712429991
0.303375,0.0120306237301612
0.3035,4.9519143643574e-15
0.303625,-0.0120306237301542
0.30375,-0.0170138712429991
0.303875,-0.01203062373016
0.304,-3.20108098291703e-15
0.304125,0.0120306237301555
0.30425,0.0170138712429991
0.304375,0.0120306237301615
0.3045,5.31875403951529e-15
0.304625,-0.0120306237301567
0.30475,-0.0170138712429991
0.304875,-0.0120306237301603
0.305,-3.56792065807492e-15
0.305125,0.0120306237301552
0.30525,0.0170138712429991
0.305375,0.0120306237301618
0.3055,5.68559371467318e-15
0.305625,-0.0120306237301564
0.30575,-0.0170138712429991
0.305875,-0.0120306237301605
0.306,-3.93476033323281e-15
0.306125,0.0120306237301549
0.30625,0.0170138712429991
0.306375,0.012030623730162
0.3065,2.18392695179244e-15
0.306625,-0.0120306237301562
0.30675,-0.0170138712429991
0.306875,-0.0120306237301608
0.307,-4.3016000083907e-15
0.307125,0.0120306237301547
0.30725,0.0170138712429991
0.307375,0.0120306237301623
0.3075,2.55076662695033e-15
0.307625,-0.0120306237301559
0.30775,-0.0170138712429991
0.307875,-0.012030623730161
0.308,-4.66843968354859e-15
0.308125,0.0120306237301544
0.30825,0.0170138712429991
0.308375,0.0120306237301598
0.3085,2.91760630210822e-15
0.308625,-0.0120306237301557
0.30875,-0.0170138712429991
0.308875,-0.0120306237301613
0.309,-5.03527935870648e-15
0.309125,0.0120306237301569
0.30925,0.0170138712429991
0.309375,0.0120306237301601
0.3095,3.28444597726611e-15
0.309625,-0.0120306237301554
0.30975,-0.0170138712429991
0.309875,-0.0120306237301616
0.31,-5.40211903386437e-15
0.310125,0.0120306237301566
0.31025,0.0170138712429991
0.310375,0.0120306237301603
0.3105,3.651285652424e-15
0.310625,-0.0120306237301552
0.31075,-0.0170138712429991
0.310875,-0.0120306237301618
0.311,-1.90045227098364e-15
0.311125,0.0120306237301564
0.31125,0.0170138712429991
0.311375,0.0120306237301606
0.3115,4.01812532758189e-15
0.311625,-0.0120306237301549
0.31175,-0.0170138712429991
0.311875,-0.0120306237301621
0.312,-2.26729194614153e-15
0.312125,0.0120306237301561
0.31225,0.0170138712429991
0.312375,0.0120306237301608
0.3125,4.38496500273978e-15
0.312625,-0.0120306237301574
0.31275,-0.0170138712429991
0.312875,-0.0120306237301596
0.313,-2.63413162129942e-15
0.313125,0.0120306237301559
0.31325,0.0170138712429991
0.313375,0.0120306237301611
0.3135,4.75180467789767e-15
0.313625,-0.0120306237301571
0.31375,-0.0170138712429991
0.313875,-0.0120306237301599
0.314,-3.00097129645731e-15
0.314125,0.0120306237301556
0.31425,0.0170138712429991
0.314375,0.0120306237301614
0.3145,5.11864435305556e-15
0.314625,-0.0120306237301568
0.31475,-0.0170138712429991
0.314875,-0.0120306237301601
0.315,-3.36781097161519e-15
0.315125,0.0120306237301554
0.31525,0.0170138712429991
0.315375,0.0120306237301616
0.3155,1.61697759017483e-15
0.315625,-0.0120306237301566
0.31575,-0.0170138712429991
0.315875,-0.0120306237301604
0.316,-3.73465064677308e-15
0.316125,0.0120306237301551
0.31625,0.0170138712429991
0.316375,0.0120306237301619
0.3165,1.98381726533272e-15
0.316625,-0.0120306237301563
0.31675,-0.0170138712429991
0.316875,-0.0120306237301606
0.317,-4.10149032193097e-15
0.317125,0.0120306237301576
0.31725,0.0170138712429991
0.317375,0.0120306237301594
0.3175,2.35065694049061e-15
0.317625,-0.0120306237301561
0.31775,-0.0170138712429991
0.317875,-0.0120306237301609
0.318,-4.46832999708886e-15
0.318125,0.0120306237301573
0.31825,0.0170138712429991
0.318375,0.0120306237301597
0.3185,2.7174966156485e-15
0.318625,-0.0120306237301558
0.31875,-0.0170138712429991
0.318875,-0.0120306237301612
0.319,-9.66663234208131e-16
0.319125,0.0120306237301571
0.31925,0.0170138712429991
0.319375,0.0120306237301599
0.3195,3.08433629080639e-15
0.319625,-0.0120306237301556
0.31975,-0.0170138712429991
0.319875,-0.0120306237301614
0.32,-1.33350290936602e-15
0.320125,0.0120306237301568
0.32025,0.0170138712429991
0.320375,0.0120306237301602
0.3205,3.45117596596428e-15
0.320625,-0.0120306237301553
0.32075,-0.0170138712429991
0.320875,-0.0120306237301617
0.321,-1.70034258452391e-15
0.321125,0.0120306237301565
0.32125,0.0170138712429991
0.321375,0.0120306237301604
0.3215,3.81801564112217e-15
0.321625,-0.0120306237301578
0.32175,-0.0170138712429991
0.321875,-0.0120306237301592
0.322,-2.0671822596818e-15
0.322125,0.0120306237301563
0.32225,0.0170138712429991
0.322375,0.0120306237301607
0.3225,4.18485531628006e-15
0.322625,-0.0120306237301575
0.32275,-0.0170138712429991
0.322875,-0.0120306237301595
0.323,-2.43402193483969e-15
0.323125,0.012030623730156
0.32325,0.0170138712429991
0.323375,0.012030623730161
0.3235,6.83188553399324e-16
0.323625,-0.0120306237301572
0.32375,-0.0170138712429991
0.323875,-0.0120306237301597
0.324,-2.80086160999758e-15
0.324125,0.0120306237301558
0.32425,0.0170138712429991
0.324375,0.0120306237301612
0.3245,1.05002822855721e-15
0.324625,-0.012030623730157
0.32475,-0.0170138712429991
0.324875,-0.01203062373016
0.325,-3.16770128515547e-15
0.325125,0.0120306237301555
0.32525,0.0170138712429991
0.325375,0.0120306237301587
0.3255,1.4168679037151e-15
0.325625,-0.0120306237301567
0.32575,-0.0170138712429991
0.325875,-0.0120306237301602
0.326,-3.53454096031336e-15
0.326125,0.012030623730158
0.32625,0.0170138712429991
0.326375,0.012030623730159
0.3265,5.65221401691161e-15
0.326625,-0.0120306237301565
0.32675,-0.0170138712429991
0.326875,-0.0120306237301605
0.327,-3.28741974326263e-17
0.327125,0.012030623730155
0.32725,0.0170138712429991
0.327375,0.012030623730162
0.3275,2.15054725403088e-15
0.327625,-0.0120306237301589
0.32775,-0.0170138712429991
0.327875,-0.012030623730158
0.328,-4.26822031062914e-15
0.328125,0.0120306237301575
0.32825,0.0170138712429991
0.328375,0.012030623730165
0.3285,-1.35111950884985e-15
0.328625,-0.012030623730156
0.32875,-0.0170138712429991
0.328875,-0.0120306237301665
0.329,-7.66553547748406e-16
0.329125,0.0120306237301545
0.32925,0.0170138712429991
0.329375,0.0120306237301625
0.3295,2.88422660434666e-15
0.329625,-0.0120306237301584
0.32975,-0.0170138712429991
0.329875,-0.012030623730164
0.33,-5.00189966094492e-15
0.330125,0.0120306237301569
0.33025,0.0170138712429991
0.330375,0.0120306237301655
0.3305,-6.17440158534071e-16
0.330625,-0.0120306237301554
0.33075,-0.0170138712429991
0.330875,-0.0120306237301615
0.331,-1.50023289806418e-15
0.331125,0.0120306237301594
0.33125,0.0170138712429991
0.331375,0.012030623730163
0.3315,3.61790595466244e-15
0.331625,-0.0120306237301579
0.33175,-0.0170138712429991
0.331875,-0.0120306237301645
0.332,2.00143386481655e-15
0.332125,0.0120306237301564
0.33225,0.0170138712429991
0.332375,0.012030623730166
0.3325,1.16239191781708e-16
0.332625,-0.0120306237301549
0.33275,-0.0170138712429991
0.332875,-0.012030623730162
0.333,-2.23391224837996e-15
0.333125,0.0120306237301589
0.33325,0.0170138712429991
0.333375,0.0120306237301635
0.3335,4.35158530497822e-15
0.333625,-0.0120306237301574
0.33375,-0.0170138712429991
0.333875,-0.012030623730165
0.334,1.26775451450077e-15
0.334125,0.0120306237301559
0.33425,0.0170138712429991
0.334375,0.0120306237301611
0.3345,8.49918542097487e-16
0.334625,-0.0120306237301599
0.33475,-0.0170138712429991
0.334875,-0.0120306237301626
0.335,-2.96759159869574e-15
0.335125,0.0120306237301584
0.33525,0.0170138712429991
0.335375,0.0120306237301641
0.3355,5.085264655294e-15
0.335625,-0.0120306237301569
0.33575,-0.0170138712429991
0.335875,-0.0120306237301656
0.336,5.34075164184989e-16
0.336125,0.0120306237301554
0.33625,0.0170138712429991
0.336375,0.0120306237301616
0.3365,1.58359789241327e-15
0.336625,-0.0120306237301593
0.33675,-0.0170138712429991
0.336875,-0.0120306237301631
0.337,-3.70127094901152e-15
0.337125,0.0120306237301579
0.33725,0.0170138712429991
0.337375,0.0120306237301646
0.3375,-1.91806887046747e-15
0.337625,-0.0120306237301564
0.33775,-0.0170138712429991
0.337875,-0.0120306237301661
0.338,-1.9960418613079e-16
0.338125,0.0120306237301549
0.33825,0.0170138712429991
0.338375,0.0120306237301621
0.3385,2.31727724272905e-15
0.338625,-0.0120306237301588
0.33875,-0.0170138712429991
0.338875,-0.0120306237301636
0.339,-4.4349502993273e-15
0.339125,0.0120306237301573
0.33925,0.0170138712429991
0.339375,0.0120306237301651
0.3395,-1.18438952015169e-15
0.339625,-0.0120306237301558
0.33975,-0.0170138712429991
0.339875,-0.0120306237301611
0.34,-9.33283536446569e-16
0.340125,0.0120306237301598
0.34025,0.0170138712429991
0.340375,0.0120306237301626
0.3405,3.05095659304483e-15
0.340625,-0.0120306237301583
0.34075,-0.0170138712429991
0.340875,-0.0120306237301641
0.341,2.56838322643416e-15
0.341125,0.0120306237301568
0.34125,0.0170138712429991
0.341375,0.0120306237301656
0.3415,-4.50710169835907e-16
0.341625,-0.0120306237301553
0.34175,-0.0170138712429991
0.341875,-0.0120306237301616
0.342,-1.66696288676235e-15
0.342125,0.0120306237301593
0.34225,0.0170138712429991
0.342375,0.0120306237301631
0.3425,3.7846359433606e-15
0.342625,-0.0120306237301578
0.34275,-0.0170138712429991
0.342875,-0.0120306237301646
0.343,1.83470387611838e-15
0.343125,0.0120306237301563
0.34325,0.0170138712429991
0.343375,0.0120306237301607
0.3435,2.82969180479872e-16
0.343625,-0.0120306237301603
0.34375,-0.0170138712429991
0.343875,-0.0120306237301622
0.344,-1.01376551131554e-14
0.344125,0.0120306237301588
0.34425,0.0170138712429991
0.344375,0.0120306237301637
0.3445,4.51831529367638e-15
0.344625,-0.0120306237301573
0.34475,-0.0170138712429991
0.344875,-0.0120306237301652
0.345,-6.63598835027464e-15
0.345125,0.0120306237301558
0.34525,0.0170138712429991
0.345375,0.0120306237301612
0.3455,8.75366140687289e-15
0.345625,-0.0120306237301597
0.34575,-0.0170138712429991
0.345875,-0.0120306237301627
0.346,-3.13432158739391e-15
0.346125,0.0120306237301583
0.34625,0.0170138712429991
0.346375,0.0120306237301642
0.3465,5.25199464399216e-15
0.346625,-0.0120306237301568
0.34675,-0.0170138712429991
0.346875,-0.0120306237301657
0.347,-7.36966770059042e-15
0.347125,0.0120306237301607
0.34725,0.0170138712429991
0.347375,0.0120306237301617
0.3475,9.48734075718867e-15
0.347625,-0.0120306237301592
0.34775,-0.0170138712429991
0.347875,-0.0120306237301632
0.348,-3.86800093770969e-15
0.348125,0.0120306237301577
0.34825,0.0170138712429991
0.348375,0.0120306237301647
0.3485,5.98567399430794e-15
0.348625,-0.0120306237301562
0.34875,-0.0170138712429991
0.348875,-0.0120306237301607
0.349,-8.1033470509062e-15
0.349125,0.0120306237301602
0.34925,0.0170138712429991
0.349375,0.0120306237301622
0.3495,2.48400723142721e-15
0.349625,-0.0120306237301587
0.34975,-0.0170138712429991
0.349875,-0.0120306237301637
0.35,-4.60168028802547e-15
0.350125,0.0120306237301572
0.35025,0.0170138712429991
0.350375,0.0120306237301652
0.3505,6.71935334462372e-15
0.350625,-0.0120306237301557
0.35075,-0.0170138712429991
0.350875,-0.0120306237301612
0.351,-8.83702640122198e-15
0.351125,0.0120306237301597
0.35125,0.0170138712429991
0.351375,0.0120306237301627
0.3515,3.21768658174299e-15
0.351625,-0.0120306237301582
0.35175,-0.0170138712429991
0.351875,-0.0120306237301642
0.352,-5.33535963834124e-15
0.352125,0.0120306237301567
0.35225,0.0170138712429991
0.352375,0.0120306237301603
0.3525,7.4530326949395e-15
0.352625,-0.0120306237301607
0.35275,-0.0170138712429991
0.352875,-0.0120306237301618
0.353,-9.57070575153776e-15
0.353125,0.0120306237301592
0.35325,0.0170138712429991
0.353375,0.0120306237301633
0.3535,3.95136593205877e-15
0.353625,-0.0120306237301577
0.35375,-0.0170138712429991
0.353875,-0.0120306237301648
0.354,-6.06903898865702e-15
0.354125,0.0120306237301562
0.35425,0.0170138712429991
0.354375,0.0120306237301608
0.3545,8.18671204525528e-15
0.354625,-0.0120306237301602
0.35475,-0.0170138712429991
0.354875,-0.0120306237301623
0.355,-2.56737222577629e-15
0.355125,0.0120306237301587
0.35525,0.0170138712429991
0.355375,0.0120306237301638
0.3555,4.68504528237455e-15
0.355625,-0.0120306237301572
0.35575,-0.0170138712429991
0.355875,-0.0120306237301598
0.356,-6.8027183389728e-15
0.356125,0.0120306237301611
0.35625,0.0170138712429991
0.356375,0.0120306237301613
0.3565,8.92039139557106e-15
0.356625,-0.0120306237301596
0.35675,-0.0170138712429991
0.356875,-0.0120306237301628
0.357,-3.30105157609207e-15
0.357125,0.0120306237301581
0.35725,0.0170138712429991
0.357375,0.0120306237301643
0.3575,5.41872463269033e-15
0.357625,-0.0120306237301566
0.35775,-0.0170138712429991
0.357875,-0.0120306237301603
0.358,-7.53639768928858e-15
0.358125,0.0120306237301606
0.35825,0.0170138712429991
0.358375,0.0120306237301618
0.3585,1.91705786980959e-15
0.358625,-0.0120306237301591
0.35875,-0.0170138712429991
0.358875,-0.0120306237301633
0.359,-4.03473092640785e-15
0.359125,0.0120306237301576
0.35925,0.0170138712429991
0.359375,0.0120306237301648
0.3595,6.15240398300611e-15
0.359625,-0.0120306237301561
0.35975,-0.0170138712429991
0.359875,-0.0120306237301608
0.36,-8.27007703960436e-15
0.360125,0.0120306237301546
0.36025,0.0170138712429991
0.360375,0.0120306237301623
0.3605,2.65073722012537e-15
0.360625,-0.0120306237301531
0.36075,-0.0170138712429991
0.360875,-0.0120306237301638
0.361,-4.76841027672363e-15
0.361125,0.0120306237301571
0.36125,0.0170138712429991
0.361375,0.0120306237301599
0.3615,6.88608333332189e-15
0.361625,-0.0120306237301556
0.36175,-0.0170138712429991
0.361875,-0.0120306237301614
0.362,-9.00375638992014e-15
0.362125,0.0120306237301541
0.36225,0.0170138712429991
0.362375,0.0120306237301629
0.3625,3.38441657044115e-15
0.362625,-0.0120306237301526
0.36275,-0.0170138712429991
0.362875,-0.0120306237301644
0.363,-5.50208962703941e-15
0.363125,0.0120306237301566
0.36325,0.0170138712429991
0.363375,0.0120306237301604
0.3635,7.61976268363766e-15
0.363625,-0.0120306237301551
0.36375,-0.0170138712429991
0.363875,-0.0120306237301619
0.364,-2.00042286415868e-15
0.364125,0.0120306237301536
0.36425,0.0170138712429991
0.364375,0.0120306237301634
0.3645,4.11809592075693e-15
0.364625,-0.0120306237301576
0.36475,-0.0170138712429991
0.364875,-0.0120306237301594
0.365,-6.23576897735519e-15
0.365125,0.0120306237301561
0.36525,0.0170138712429991
0.365375,0.0120306237301609
0.3655,8.35344203395344e-15
0.365625,-0.0120306237301546
0.36575,-0.0170138712429991
0.365875,-0.0120306237301624
0.366,-2.73410221447446e-15
0.366125,0.0120306237301531
0.36625,0.0170138712429991
0.366375,0.0120306237301639
0.3665,4.85177527107271e-15
0.366625,-0.012030623730157
0.36675,-0.0170138712429991
0.366875,-0.0120306237301599
0.367,-6.96944832767097e-15
0.367125,0.0120306237301555
0.36725,0.0170138712429991
0.367375,0.0120306237301614
0.3675,1.35010850819198e-15
0.367625,-0.012030623730154
0.36775,-0.0170138712429991
0.367875,-0.0120306237301629
0.368,-3.46778156479024e-15
0.368125,0.0120306237301525
0.36825,0.0170138712429991
0.368375,0.0120306237301644
0.3685,5.58545462138849e-15
0.368625,-0.0120306237301565
0.36875,-0.0170138712429991
0.368875,-0.0120306237301604
0.369,-7.70312767798675e-15
0.369125,0.012030623730155
0.36925,0.0170138712429991
0.369375,0.0120306237301619
0.3695,2.08378785850776e-15
0.369625,-0.0120306237301535
0.36975,-0.0170138712429991
0.369875,-0.0120306237301634
0.37,-4.20146091510601e-15
0.370125,0.0120306237301575
0.37025,0.0170138712429991
0.370375,0.0120306237301595
0.3705,6.31913397170427e-15
0.370625,-0.012030623730156
0.37075,-0.0170138712429991
0.370875,-0.012030623730161
0.371,-6.99794152225282e-16
0.371125,0.0120306237301545
0.37125,0.0170138712429991
0.371375,0.0120306237301625
0.3715,2.81746720882354e-15
0.371625,-0.012030623730153
0.37175,-0.0170138712429991
0.371875,-0.012030623730164
0.372,-4.93514026542179e-15
0.372125,0.012030623730157
0.37225,0.0170138712429991
0.372375,0.01203062373016
0.3725,7.05281332202005e-15
0.372625,-0.0120306237301555
0.37275,-0.0170138712429991
0.372875,-0.0120306237301615
0.373,-1.43347350254106e-15
0.373125,0.012030623730154
0.37325,0.0170138712429991
0.373375,0.012030623730163
0.3735,3.55114655913932e-15
0.373625,-0.012030623730158
0.37375,-0.0170138712429991
0.373875,-0.012030623730159
0.374,-5.66881961573757e-15
0.374125,0.0120306237301565
0.37425,0.0170138712429991
0.374375,0.0120306237301605
0.3745,7.78649267233583e-15
0.374625,-0.012030623730155
0.37475,-0.0170138712429991
0.374875,-0.012030623730162
0.375,-2.16715285285684e-15
0.375125,0.0120306237301535
0.37525,0.0170138712429991
0.375375,0.0120306237301635
0.3755,4.2848259094551e-15
0.375625,-0.0120306237301574
0.37575,-0.0170138712429991
0.375875,-0.0120306237301595
0.376,-6.40249896605335e-15
0.376125,0.0120306237301559
0.37625,0.0170138712429991
0.376375,0.012030623730161
0.3765,7.83159146574364e-16
0.376625,-0.0120306237301544
0.37675,-0.0170138712429991
0.376875,-0.0120306237301625
0.377,-2.90083220317262e-15
0.377125,0.0120306237301529
0.37725,0.0170138712429991
0.377375,0.0120306237301585
0.3775,5.01850525977088e-15
0.377625,-0.0120306237301569
0.37775,-0.0170138712429991
0.377875,-0.01203062373016
0.378,-7.13617831636913e-15
0.378125,0.0120306237301554
0.37825,0.0170138712429991
0.378375,0.0120306237301615
0.3785,1.51683849689014e-15
0.378625,-0.0120306237301539
0.37875,-0.0170138712429991
0.378875,-0.012030623730163
0.379,-3.6345115534884e-15
0.379125,0.0120306237301579
0.37925,0.0170138712429991
0.379375,0.0120306237301591
0.3795,5.75218461008666e-15
0.379625,-0.0120306237301564
0.37975,-0.0170138712429991
0.379875,-0.0120306237301606
0.38,-1.32844790607667e-16
0.380125,0.0120306237301549
0.38025,0.0170138712429991
0.380375,0.0120306237301621
0.3805,2.25051784720592e-15
0.380625,-0.0120306237301534
0.38075,-0.0170138712429991
0.380875,-0.0120306237301636
0.381,-4.36819090380418e-15
0.381125,0.0120306237301574
0.38125,0.0170138712429991
0.381375,0.0120306237301596
0.3815,6.48586396040243e-15
0.381625,-0.0120306237301559
0.38175,-0.0170138712429991
0.381875,-0.0120306237301611
0.382,-8.66524140923446e-16
0.382125,0.0120306237301544
0.38225,0.0170138712429991
0.382375,0.0120306237301626
0.3825,2.9841971975217e-15
0.382625,-0.0120306237301584
0.38275,-0.0170138712429991
0.382875,-0.0120306237301586
0.383,-5.10187025411996e-15
0.383125,0.0120306237301569
0.38325,0.0170138712429991
0.383375,0.0120306237301601
0.3835,7.21954331071821e-15
0.383625,-0.0120306237301554
0.38375,-0.0170138712429991
0.383875,-0.0120306237301616
0.384,-1.60020349123922e-15
0.384125,0.0120306237301539
0.38425,0.0170138712429991
0.384375,0.0120306237301631
0.3845,3.71787654783748e-15
0.384625,-0.0120306237301578
0.38475,-0.0170138712429991
0.384875,-0.0120306237301591
0.385,-5.83554960443574e-15
0.385125,0.0120306237301563
0.38525,0.0170138712429991
0.385375,0.0120306237301606
0.3855,2.16209784956748e-16
0.385625,-0.0120306237301548
0.38575,-0.0170138712429991
0.385875,-0.0120306237301621
0.386,-2.333882841555e-15
0.386125,0.0120306237301588
0.38625,0.0170138712429991
0.386375,0.0120306237301581
0.3865,4.45155589815326e-15
0.386625,-0.0120306237301573
0.38675,-0.0170138712429991
0.386875,-0.0120306237301596
0.387,-6.56922895475152e-15
0.387125,0.0120306237301558
0.38725,0.0170138712429991
0.387375,0.0120306237301611
0.3875,9.49889135272528e-16
0.387625,-0.0120306237301543
0.38775,-0.0170138712429991
0.387875,-0.0120306237301626
0.388,-3.06756219187078e-15
0.388125,0.0120306237301583
0.38825,0.0170138712429991
0.388375,0.0120306237301587
0.3885,5.18523524846904e-15
0.388625,-0.0120306237301568
0.38875,-0.0170138712429991
0.388875,-0.0120306237301602
0.389,4.34104571009949e-16
0.389125,0.0120306237301553
0.38925,0.0170138712429991
0.389375,0.0120306237301617
0.3895,1.68356848558831e-15
0.389625,-0.0120306237301538
0.38975,-0.0170138712429991
0.389875,-0.0120306237301632
0.39,-3.80124154218656e-15
0.390125,0.0120306237301578
0.39025,0.0170138712429991
0.390375,0.0120306237301592
0.3905,5.91891459878482e-15
0.390625,-0.0120306237301563
0.39075,-0.0170138712429991
0.390875,-0.0120306237301662
0.391,-2.9957477930583e-16
0.391125,0.0120306237301548
0.39125,0.0170138712429991
0.391375,0.0120306237301622
0.3915,2.41724783590409e-15
0.391625,-0.0120306237301588
0.39175,-0.0170138712429991
0.391875,-0.0120306237301637
0.392,-4.53492089250234e-15
0.392125,0.0120306237301573
0.39225,0.0170138712429991
0.392375,0.0120306237301652
0.3925,-1.08441892697665e-15
0.392625,-0.0120306237301558
0.39275,-0.0170138712429991
0.392875,-0.0120306237301667
0.393,-1.03325412962161e-15
0.393125,0.0120306237301543
0.39325,0.0170138712429991
0.393375,0.0120306237301627
0.3935,3.15092718621987e-15
0.393625,-0.0120306237301582
0.39375,-0.0170138712429991
0.393875,-0.0120306237301642
0.394,-5.26860024281812e-15
0.394125,0.0120306237301567
0.39425,0.0170138712429991
0.394375,0.0120306237301657
0.3945,-3.50739576660867e-16
0.394625,-0.0120306237301552
0.39475,-0.0170138712429991
0.394875,-0.0120306237301617
0.395,-1.76693347993739e-15
0.395125,0.0120306237301592
0.39525,0.0170138712429991
0.395375,0.0120306237301632
0.3955,3.88460653653564e-15
0.395625,-0.0120306237301577
0.39575,-0.0170138712429991
0.395875,-0.0120306237301647
0.396,-6.0022795931339e-15
0.396125,0.0120306237301562
0.39625,0.0170138712429991
0.396375,0.0120306237301662
0.3965,3.82939773654912e-16
0.396625,-0.0120306237301547
0.39675,-0.0170138712429991
0.396875,-0.0120306237301622
0.397,-2.50061283025317e-15
0.397125,0.0120306237301587
0.39725,0.0170138712429991
0.397375,0.0120306237301637
0.3975,4.61828588685142e-15
0.397625,-0.0120306237301572
0.39775,-0.0170138712429991
0.397875,-0.0120306237301652
0.398,1.00105393262756e-15
0.398125,0.0120306237301557
0.39825,0.0170138712429991
0.398375,0.0120306237301667
0.3985,1.11661912397069e-15
0.398625,-0.0120306237301542
0.39875,-0.0170138712429991
0.398875,-0.0120306237301628
0.399,-3.23429218056895e-15
0.399125,0.0120306237301582
0.39925,0.0170138712429991
0.399375,0.0120306237301643
0.3995,5.3519652371672e-15
0.399625,-0.0120306237301567
0.39975,-0.0170138712429991
0.399875,-0.0120306237301658
0.4,2.67374582311785e-16
0.400125,0.0120306237301552
0.40025,0.0170138712429991
0.400375,0.0120306237301618
0.4005,1.85029847428647e-15
0.400625,-0.0120306237301592
0.40075,-0.0170138712429991
0.400875,-0.0120306237301633
0.401,-3.96797153088473e-15
0.401125,0.0120306237301577
0.40125,0.0170138712429991
0.401375,0.0120306237301648
0.4015,-1.65136828859426e-15
0.401625,-0.0120306237301562
0.40175,-0.0170138712429991
0.401875,-0.0120306237301663
0.402,-4.66304768003994e-16
0.402125,0.0120306237301547
0.40225,0.0170138712429991
0.402375,0.0120306237301623
0.4025,2.58397782460225e-15
0.402625,-0.0120306237301586
0.40275,-0.0170138712429991
0.402875,-0.0120306237301638
0.403,-4.70165088120051e-15
0.403125,0.0120306237301571
0.40325,0.0170138712429991
0.403375,0.0120306237301653
0.4035,-9.17688938278482e-16
0.403625,-0.0120306237301556
0.40375,-0.0170138712429991
0.403875,-0.0120306237301613
0.404,-1.19998411831977e-15
0.404125,0.0120306237301596
0.40425,0.0170138712429991
0.404375,0.0120306237301628
0.4045,3.31765717491803e-15
0.404625,-0.0120306237301581
0.40475,-0.0170138712429991
0.404875,-0.0120306237301643
0.405,-5.43533023151629e-15
0.405125,0.0120306237301566
0.40525,0.0170138712429991
0.405375,0.0120306237301658
0.4055,-1.84009587962703e-16
0.405625,-0.0120306237301551
0.40575,-0.0170138712429991
0.405875,-0.0120306237301618
0.406,-1.93366346863555e-15
0.406125,0.0120306237301591
0.40625,0.0170138712429991
0.406375,0.0120306237301633
0.4065,4.05133652523381e-15
0.406625,-0.0120306237301576
0.40675,-0.0170138712429991
0.406875,-0.0120306237301648
0.407,-6.16900958183206e-15
0.407125,0.0120306237301561
0.40725,0.0170138712429991
0.407375,0.0120306237301663
0.4075,8.28668263843032e-15
0.407625,-0.0120306237301601
0.40775,-0.0170138712429991
0.407875,-0.0120306237301624
0.408,-1.04043556950286e-14
0.408125,0.0120306237301586
0.40825,0.0170138712429991
0.408375,0.0120306237301639
0.4085,4.78501587554959e-15
0.408625,-0.0120306237301571
0.40875,-0.0170138712429991
0.408875,-0.0120306237301653
0.409,-6.90268893214784e-15
0.409125,0.0120306237301556
0.40925,0.0170138712429991
0.409375,0.0120306237301614
0.4095,9.0203619887461e-15
0.409625,-0.0120306237301596
0.40975,-0.0170138712429991
0.409875,-0.0120306237301629
0.41,-3.40102216926711e-15
0.410125,0.0120306237301581
0.41025,0.0170138712429991
0.410375,0.0120306237301644
0.4105,5.51869522586537e-15
0.410625,-0.0120306237301566
0.41075,-0.0170138712429991
0.410875,-0.0120306237301659
0.411,-7.63636828246362e-15
0.411125,0.0120306237301551
0.41125,0.0170138712429991
0.411375,0.0120306237301619
0.4115,9.75404133906188e-15
0.411625,-0.012030623730159
0.41175,-0.0170138712429991
0.411875,-0.0120306237301634
0.412,-4.13470151958289e-15
0.412125,0.0120306237301575
0.41225,0.0170138712429991
0.412375,0.0120306237301649
0.4125,6.25237457618115e-15
0.412625,-0.012030623730156
0.41275,-0.0170138712429991
0.412875,-0.0120306237301609
0.413,-8.3700476327794e-15
0.413125,0.01203062373016
0.41325,0.0170138712429991
0.413375,0.0120306237301624
0.4135,1.04877206893777e-14
0.413625,-0.0120306237301585
0.41375,-0.0170138712429991
0.413875,-0.0120306237301639
0.414,-4.86838086989867e-15
0.414125,0.012030623730157
0.41425,0.0170138712429991
0.414375,0.0120306237301654
0.4145,6.98605392649693e-15
0.414625,-0.0120306237301555
0.41475,-0.0170138712429991
0.414875,-0.0120306237301614
0.415,-9.10372698309518e-15
0.415125,0.0120306237301595
0.41525,0.0170138712429991
0.415375,0.0120306237301629
0.4155,3.48438716361619e-15
0.415625,-0.012030623730158
0.41575,-0.0170138712429991
0.415875,-0.0120306237301644
0.416,-5.60206022021445e-15
0.416125,0.0120306237301565
0.41625,0.0170138712429991
0.416375,0.0120306237301605
0.4165,7.71973327681271e-15
0.416625,-0.0120306237301605
0.41675,-0.0170138712429991
0.416875,-0.012030623730162
0.417,-9.83740633341096e-15
0.417125,0.012030623730159
0.41725,0.0170138712429991
0.417375,0.0120306237301635
0.4175,4.21806651393197e-15
0.417625,-0.0120306237301575
0.41775,-0.0170138712429991
0.417875,-0.0120306237301649
0.418,-6.33573957053023e-15
0.418125,0.012030623730156
0.41825,0.0170138712429991
0.418375,0.012030623730161
0.4185,8.45341262712848e-15
0.418625,-0.01203062373016
0.41875,-0.0170138712429991
0.418875,-0.0120306237301625
0.419,-2.8340728076495e-15
0.419125,0.0120306237301585
0.41925,0.0170138712429991
0.419375,0.012030623730164
0.4195,4.95174586424775e-15
0.419625,-0.012030623730157
0.41975,-0.0170138712429991
0.419875,-0.0120306237301655
0.42,-7.06941892084601e-15
0.420125,0.0120306237301609
0.42025,0.0170138712429991
0.420375,0.0120306237301615
0.4205,9.18709197744426e-15
0.420625,-0.0120306237301594
0.42075,-0.0170138712429991
0.420875,-0.012030623730163
0.421,-3.56775215796528e-15
0.421125,0.0120306237301579
0.42125,0.0170138712429991
0.421375,0.0120306237301645
0.4215,5.68542521456353e-15
0.421625,-0.0120306237301564
0.42175,-0.0170138712429991
0.421875,-0.0120306237301605
0.422,-7.80309827116179e-15
0.422125,0.012030623730155
0.42225,0.0170138712429991
0.422375,0.012030623730162
0.4225,2.1837584516828e-15
0.422625,-0.0120306237301535
0.42275,-0.0170138712429991
0.422875,-0.0120306237301635
0.423,-4.30143150828105e-15
0.423125,0.012030623730152
0.42325,0.0170138712429991
0.423375,0.012030623730165
0.4235,6.41910456487931e-15
0.423625,-0.0120306237301559
0.42375,-0.0170138712429991
0.423875,-0.012030623730161
0.424,-8.53677762147757e-15
0.424125,0.0120306237301544
0.42425,0.0170138712429991
0.424375,0.0120306237301625
0.4245,2.91743780199858e-15
0.424625,-0.0120306237301529
0.42475,-0.0170138712429991
0.424875,-0.012030623730164
0.425,-5.03511085859683e-15
0.425125,0.0120306237301569
0.42525,0.0170138712429991
0.425375,0.0120306237301601
0.4255,7.15278391519509e-15
0.425625,-0.0120306237301554
0.42575,-0.0170138712429991
0.425875,-0.0120306237301616
0.426,-9.27045697179335e-15
0.426125,0.0120306237301539
0.42625,0.0170138712429991
0.426375,0.0120306237301631
0.4265,3.65111715231436e-15
0.426625,-0.0120306237301524
0.42675,-0.0170138712429991
0.426875,-0.0120306237301645
0.427,-5.76879020891261e-15
0.427125,0.0120306237301564
0.42725,0.0170138712429991
0.427375,0.0120306237301606
0.4275,7.88646326551087e-15
0.427625,-0.0120306237301549
0.42775,-0.0170138712429991
0.427875,-0.0120306237301621
0.428,-2.26712344603188e-15
0.428125,0.0120306237301534
0.42825,0.0170138712429991
0.428375,0.0120306237301636
0.4285,4.38479650263014e-15
0.428625,-0.0120306237301519
0.42875,-0.0170138712429991
0.428875,-0.0120306237301596
0.429,-6.50246955922839e-15
0.429125,0.0120306237301559
0.42925,0.0170138712429991
0.429375,0.0120306237301611
0.4295,8.62014261582665e-15
0.429625,-0.0120306237301544
0.42975,-0.0170138712429991
0.429875,-0.0120306237301626
0.43,-3.00080279634766e-15
0.430125,0.0120306237301529
0.43025,0.0170138712429991
0.430375,0.0120306237301641
0.4305,5.11847585294592e-15
0.430625,-0.0120306237301568
0.43075,-0.0170138712429991
0.430875,-0.0120306237301601
0.431,-7.23614890954417e-15
0.431125,0.0120306237301554
0.43125,0.0170138712429991
0.431375,0.0120306237301616
0.4315,1.61680909006518e-15
0.431625,-0.0120306237301539
0.43175,-0.0170138712429991
0.431875,-0.0120306237301631
0.432,-3.73448214666344e-15
0.432125,0.0120306237301524
0.43225,0.0170138712429991
0.432375,0.0120306237301646
0.4325,5.85215520326169e-15
0.432625,-0.0120306237301563
0.43275,-0.0170138712429991
0.432875,-0.0120306237301606
0.433,-7.96982825985995e-15
0.433125,0.0120306237301548
0.43325,0.0170138712429991
0.433375,0.0120306237301621
0.4335,2.35048844038096e-15
0.433625,-0.0120306237301533
0.43375,-0.0170138712429991
0.433875,-0.0120306237301636
0.434,-4.46816149697922e-15
0.434125,0.0120306237301573
0.43425,0.0170138712429991
0.434375,0.0120306237301597
0.4345,6.58583455357747e-15
0.434625,-0.0120306237301558
0.43475,-0.0170138712429991
0.434875,-0.0120306237301612
0.435,-8.70350761017573e-15
0.435125,0.0120306237301543
0.43525,0.0170138712429991
0.435375,0.0120306237301626
0.4355,3.08416779069674e-15
0.435625,-0.0120306237301528
0.43575,-0.0170138712429991
0.435875,-0.0120306237301641
0.436,-5.201840847295e-15
0.436125,0.0120306237301568
0.43625,0.0170138712429991
0.436375,0.0120306237301602
0.4365,7.31951390389325e-15
0.436625,-0.0120306237301553
0.43675,-0.0170138712429991
0.436875,-0.0120306237301617
0.437,-1.70017408441427e-15
0.437125,0.0120306237301538
0.43725,0.0170138712429991
0.437375,0.0120306237301632
0.4375,3.81784714101252e-15
0.437625,-0.0120306237301578
0.43775,-0.0170138712429991
0.437875,-0.0120306237301592
0.438,-5.93552019761078e-15
0.438125,0.0120306237301563
0.43825,0.0170138712429991
0.438375,0.0120306237301607
0.4385,8.05319325420903e-15
0.438625,-0.0120306237301548
0.43875,-0.0170138712429991
0.438875,-0.0120306237301622
0.439,-2.43385343473004e-15
0.439125,0.0120306237301533
0.43925,0.0170138712429991
0.439375,0.0120306237301637
0.4395,4.5515264913283e-15
0.439625,-0.0120306237301573
0.43975,-0.0170138712429991
0.439875,-0.0120306237301597
0.44,-6.66919954792656e-15
0.440125,0.0120306237301558
0.44025,0.0170138712429991
0.440375,0.0120306237301612
0.4405,1.04985972844757e-15
0.440625,-0.0120306237301543
0.44075,-0.0170138712429991
0.440875,-0.0120306237301627
0.441,-3.16753278504582e-15
0.441125,0.0120306237301528
0.44125,0.0170138712429991
0.441375,0.0120306237301642
0.4415,5.28520584164408e-15
0.441625,-0.0120306237301567
0.44175,-0.0170138712429991
0.441875,-0.0120306237301602
0.442,-7.40287889824234e-15
0.442125,0.0120306237301552
0.44225,0.0170138712429991
0.442375,0.0120306237301617
0.4425,1.78353907876335e-15
0.442625,-0.0120306237301537
0.44275,-0.0170138712429991
0.442875,-0.0120306237301632
0.443,-3.9012121353616e-15
0.443125,0.0120306237301577
0.44325,0.0170138712429991
0.443375,0.0120306237301593
0.4435,6.01888519195986e-15
0.443625,-0.0120306237301562
0.44375,-0.0170138712429991
0.443875,-0.0120306237301608
0.444,-3.99545372480871e-16
0.444125,0.0120306237301547
0.44425,0.0170138712429991
0.444375,0.0120306237301622
0.4445,2.51721842907913e-15
0.444625,-0.0120306237301532
0.44475,-0.0170138712429991
0.444875,-0.0120306237301637
0.445,-4.63489148567738e-15
0.445125,0.0120306237301572
0.44525,0.0170138712429991
0.445375,0.0120306237301598
0.4455,6.75256454227564e-15
0.445625,-0.0120306237301557
0.44575,-0.0170138712429991
0.445875,-0.0120306237301613
0.446,-1.13322472279665e-15
0.446125,0.0120306237301542
0.44625,0.0170138712429991
0.446375,0.0120306237301628
0.4465,3.25089777939491e-15
0.446625,-0.0120306237301582
0.44675,-0.0170138712429991
0.446875,-0.0120306237301588
0.447,-5.36857083599316e-15
0.447125,0.0120306237301567
0.44725,0.0170138712429991
0.447375,0.0120306237301603
0.4475,7.48624389259142e-15
0.447625,-0.0120306237301552
0.44775,-0.0170138712429991
0.447875,-0.0120306237301618
0.448,-1.86690407311243e-15
0.448125,0.0120306237301537
0.44825,0.0170138712429991
0.448375,0.0120306237301633
0.4485,3.98457712971069e-15
0.448625,-0.0120306237301577
0.44875,-0.0170138712429991
0.448875,-0.0120306237301593
0.449,-6.10225018630894e-15
0.449125,0.0120306237301562
0.44925,0.0170138712429991
0.449375,0.0120306237301608
0.4495,4.82910366829953e-16
0.449625,-0.0120306237301547
0.44975,-0.0170138712429991
0.449875,-0.0120306237301623
0.45,-2.60058342342821e-15
0.450125,0.0120306237301532
0.45025,0.0170138712429991
0.450375,0.0120306237301583
0.4505,4.71825648002646e-15
0.450625,-0.0120306237301571
0.45075,-0.0170138712429991
0.450875,-0.0120306237301598
0.451,-6.83592953662472e-15
0.451125,0.0120306237301556
0.45125,0.0170138712429991
0.451375,0.0120306237301613
0.4515,1.21658971714573e-15
0.451625,-0.0120306237301541
0.45175,-0.0170138712429991
0.451875,-0.0120306237301628
0.452,-3.33426277374399e-15
0.452125,0.0120306237301581
0.45225,0.0170138712429991
0.452375,0.0120306237301589
0.4525,5.45193583034224e-15
0.452625,-0.0120306237301566
0.45275,-0.0170138712429991
0.452875,-0.0120306237301603
0.453,1.67403989136745e-16
0.453125,0.0120306237301551
0.45325,0.0170138712429991
0.453375,0.0120306237301673
0.4535,1.95026906746151e-15
0.453625,-0.0120306237301536
0.45375,-0.0170138712429991
0.453875,-0.0120306237301633
0.454,-4.06794212405977e-15
0.454125,0.0120306237301576
0.45425,0.0170138712429991
0.454375,0.0120306237301648
0.4545,6.18561518065802e-15
0.454625,-0.0120306237301561
0.45475,-0.0170138712429991
0.454875,-0.0120306237301663
0.455,-5.66275361179035e-16
0.455125,0.0120306237301546
0.45525,0.0170138712429991
0.455375,0.0120306237301624
0.4555,2.68394841777729e-15
0.455625,-0.0120306237301586
0.45575,-0.0170138712429991
0.455875,-0.0120306237301639
0.456,-4.80162147437555e-15
0.456125,0.0120306237301571
0.45625,0.0170138712429991
0.456375,0.0120306237301654
0.4565,6.9192945309738e-15
0.456625,-0.0120306237301556
0.45675,-0.0170138712429991
0.456875,-0.0120306237301669
0.457,-1.29995471149481e-15
0.457125,0.0120306237301541
0.45725,0.0170138712429991
0.457375,0.0120306237301629
0.4575,3.41762776809307e-15
0.457625,-0.0120306237301581
0.45775,-0.0170138712429991
0.457875,-0.0120306237301644
0.458,-5.53530082469133e-15
0.458125,0.0120306237301566
0.45825,0.0170138712429991
0.458375,0.0120306237301659
0.4585,-8.40389947876627e-17
0.458625,-0.0120306237301551
0.45875,-0.0170138712429991
0.458875,-0.0120306237301674
0.459,-2.03363406181059e-15
0.459125,0.012030623730159
0.45925,0.0170138712429991
0.459375,0.0120306237301634
0.4595,4.15130711840885e-15
0.459625,-0.0120306237301575
0.45975,-0.0170138712429991
0.459875,-0.0120306237301649
0.46,-6.2689801750071e-15
0.460125,0.012030623730156
0.46025,0.0170138712429991
0.460375,0.0120306237301664
0.4605,6.49640355528117e-16
0.460625,-0.0120306237301545
0.46075,-0.0170138712429991
0.460875,-0.0120306237301624
0.461,-2.76731341212637e-15
0.461125,0.0120306237301585
0.46125,0.0170138712429991
0.461375,0.0120306237301639
0.4615,4.88498646872463e-15
0.461625,-0.012030623730157
0.46175,-0.0170138712429991
0.461875,-0.0120306237301654
0.462,7.3435335075436e-16
0.462125,0.0120306237301555
0.46225,0.0170138712429991
0.462375,0.0120306237301669
0.4625,1.3833197058439e-15
0.462625,-0.012030623730154
0.46275,-0.0170138712429991
0.462875,-0.0120306237301629
0.463,-3.50099276244215e-15
0.463125,0.012030623730158
0.46325,0.0170138712429991
0.463375,0.0120306237301644
0.4635,5.61866581904041e-15
0.463625,-0.0120306237301565
0.46375,-0.0170138712429991
0.463875,-0.0120306237301659
0.464,6.74000438580733e-19
0.464125,0.012030623730155
0.46425,0.0170138712429991
0.464375,0.012030623730162
0.4645,2.11699905615967e-15
0.464625,-0.012030623730159
0.46475,-0.0170138712429991
0.464875,-0.0120306237301635
0.465,-4.23467211275793e-15
0.465125,0.0120306237301575
0.46525,0.0170138712429991
0.465375,0.012030623730165
0.4655,-1.38466770672106e-15
0.465625,-0.012030623730156
0.46575,-0.0170138712429991
0.465875,-0.0120306237301665
0.466,-7.33005349877199e-16
0.466125,0.0120306237301545
0.46625,0.0170138712429991
0.466375,0.0120306237301625
0.4665,2.85067840647545e-15
0.466625,-0.0120306237301585
0.46675,-0.0170138712429991
0.466875,-0.012030623730164
0.467,-4.96835146307371e-15
0.467125,0.012030623730157
0.46725,0.0170138712429991
0.467375,0.0120306237301655
0.4675,-6.50988356405278e-16
0.467625,-0.0120306237301555
0.46775,-0.0170138712429991
0.467875,-0.0120306237301615
0.468,-1.46668470019298e-15
0.468125,0.0120306237301594
0.46825,0.0170138712429991
0.468375,0.012030623730163
0.4685,3.58435775679123e-15
0.468625,-0.0120306237301579
0.46875,-0.0170138712429991
0.468875,-0.0120306237301645
0.469,-5.70203081338949e-15
0.469125,0.0120306237301564
0.46925,0.0170138712429991
0.469375,0.012030623730166
0.4695,7.81970386998775e-15
0.469625,-0.0120306237301549
0.46975,-0.0170138712429991
0.469875,-0.012030623730162
0.47,-9.937376926586e-15
0.470125,0.0120306237301589
0.47025,0.0170138712429991
0.470375,0.0120306237301635
0.4705,4.31803710710701e-15
0.470625,-0.0120306237301574
0.47075,-0.0170138712429991
0.470875,-0.012030623730165
0.471,-6.43571016370527e-15
0.471125,0.0120306237301559
0.47125,0.0170138712429991
0.471375,0.0120306237301665
0.4715,8.55338322030353e-15
0.471625,-0.0120306237301544
0.47175,-0.0170138712429991
0.471875,-0.0120306237301625
0.472,-1.06710562769018e-14
0.472125,0.0120306237301584
0.47225,0.0170138712429991
0.472375,0.012030623730164
0.4725,5.05171645742279e-15
0.472625,-0.0120306237301569
0.47275,-0.0170138712429991
0.472875,-0.0120306237301655
0.473,-7.16938951402105e-15
0.473125,0.0120306237301554
0.47325,0.0170138712429991
0.473375,0.0120306237301616
0.4735,9.2870625706193e-15
0.473625,-0.0120306237301594
0.47375,-0.0170138712429991
0.473875,-0.0120306237301631
0.474,-1.14047356272176e-14
0.474125,0.0120306237301579
0.47425,0.0170138712429991
0.474375,0.0120306237301646
0.4745,5.78539580773857e-15
0.474625,-0.0120306237301564
0.47475,-0.0170138712429991
0.474875,-0.0120306237301661
0.475,-7.90306886433683e-15
0.475125,0.0120306237301549
0.47525,0.0170138712429991
0.475375,0.0120306237301621
0.4755,1.00207419209351e-14
0.475625,-0.0120306237301589
0.47575,-0.0170138712429991
0.475875,-0.0120306237301636
0.476,-4.40140210145609e-15
0.476125,0.0120306237301574
0.47625,0.0170138712429991
0.476375,0.0120306237301651
0.4765,6.51907515805435e-15
0.476625,-0.0120306237301559
0.47675,-0.0170138712429991
0.476875,-0.0120306237301611
0.477,-8.63674821465261e-15
0.477125,0.0120306237301598
0.47725,0.0170138712429991
0.477375,0.0120306237301626
0.4775,1.07544212712509e-14
0.477625,-0.0120306237301583
0.47775,-0.0170138712429991
0.477875,-0.0120306237301641
0.478,-5.13508145177187e-15
0.478125,0.0120306237301568
0.47825,0.0170138712429991
0.478375,0.0120306237301656
0.4785,7.25275450837013e-15
0.478625,-0.0120306237301553
0.47875,-0.0170138712429991
0.478875,-0.0120306237301616
0.479,-9.37042756496839e-15
0.479125,0.0120306237301593
0.47925,0.0170138712429991
0.479375,0.0120306237301631
0.4795,3.7510877454894e-15
0.479625,-0.0120306237301578
0.47975,-0.0170138712429991
0.479875,-0.0120306237301646
0.48,-5.86876080208765e-15
0.480125,0.0120306237301563
0.48025,0.0170138712429991
0.480375,0.0120306237301661
0.4805,7.98643385868591e-15
0.480625,-0.0120306237301603
0.48075,-0.0170138712429991
0.480875,-0.0120306237301621
0.481,-1.01041069152842e-14
0.481125,0.0120306237301588
0.48125,0.0170138712429991
0.481375,0.0120306237301636
0.4815,4.48476709580518e-15
0.481625,-0.0120306237301573
0.48175,-0.0170138712429991
0.481875,-0.0120306237301651
0.482,-6.60244015240343e-15
0.482125,0.0120306237301558
0.48225,0.0170138712429991
0.482375,0.0120306237301612
0.4825,8.72011320900169e-15
0.482625,-0.0120306237301598
0.48275,-0.0170138712429991
0.482875,-0.0120306237301627
0.483,-3.1007733895227e-15
0.483125,0.0120306237301583
0.48325,0.0170138712429991
0.483375,0.0120306237301642
0.4835,5.21844644612096e-15
0.483625,-0.0120306237301568
0.48375,-0.0170138712429991
0.483875,-0.0120306237301657
0.484,-7.33611950271921e-15
0.484125,0.0120306237301553
0.48425,0.0170138712429991
0.484375,0.0120306237301617
0.4845,9.45379255931747e-15
0.484625,-0.0120306237301538
0.48475,-0.0170138712429991
0.484875,-0.0120306237301632
0.485,-3.83445273983848e-15
0.485125,0.0120306237301523
0.48525,0.0170138712429991
0.485375,0.0120306237301647
0.4855,5.95212579643674e-15
0.485625,-0.0120306237301563
0.48575,-0.0170138712429991
0.485875,-0.0120306237301607
0.486,-8.06979885303499e-15
0.486125,0.0120306237301548
0.48625,0.0170138712429991
0.486375,0.0120306237301622
0.4865,1.01874719096332e-14
0.486625,-0.0120306237301533
0.48675,-0.0170138712429991
0.486875,-0.0120306237301637
0.487,-4.56813209015426e-15
0.487125,0.0120306237301518
0.48725,0.0170138712429991
0.487375,0.0120306237301652
0.4875,6.68580514675252e-15
0.487625,-0.0120306237301557
0.48775,-0.0170138712429991
0.487875,-0.0120306237301612
0.488,-8.80347820335077e-15
0.488125,0.0120306237301542
0.48825,0.0170138712429991
0.488375,0.0120306237301627
0.4885,3.18413838387178e-15
0.488625,-0.0120306237301527
0.48875,-0.0170138712429991
0.488875,-0.0120306237301642
0.489,-5.30181144047004e-15
0.489125,0.0120306237301512
0.48925,0.0170138712429991
0.489375,0.0120306237301602
0.4895,7.41948449706829e-15
0.489625,-0.0120306237301552
0.48975,-0.0170138712429991
0.489875,-0.0120306237301617
0.49,-9.53715755366655e-15
0.490125,0.0120306237301537
0.49025,0.0170138712429991
0.490375,0.0120306237301632
0.4905,3.91781773418756e-15
0.490625,-0.0120306237301522
0.49075,-0.0170138712429991
0.490875,-0.0120306237301647
0.491,-6.03549079078582e-15
0.491125,0.0120306237301562
0.49125,0.0170138712429991
0.491375,0.0120306237301608
0.4915,8.15316384738407e-15
0.491625,-0.0120306237301547
0.49175,-0.0170138712429991
0.491875,-0.0120306237301623
0.492,-2.53382402790509e-15
0.492125,0.0120306237301532
0.49225,0.0170138712429991
0.492375,0.0120306237301638
0.4925,4.65149708450334e-15
0.492625,-0.0120306237301517
0.49275,-0.0170138712429991
0.492875,-0.0120306237301653
0.493,-6.7691701411016e-15
0.493125,0.0120306237301557
0.49325,0.0170138712429991
0.493375,0.0120306237301613
0.4935,8.88684319769985e-15
0.493625,-0.0120306237301542
0.49375,-0.0170138712429991
0.493875,-0.0120306237301628
0.494,-3.26750337822086e-15
0.494125,0.0120306237301527
0.49425,0.0170138712429991
0.494375,0.0120306237301643
0.4945,5.38517643481912e-15
0.494625,-0.0120306237301567
0.49475,-0.0170138712429991
0.494875,-0.0120306237301603
0.495,-7.50284949141738e-15
0.495125,0.0120306237301552
0.49525,0.0170138712429991
0.495375,0.0120306237301618
0.4955,9.62052254801563e-15
0.495625,-0.0120306237301537
0.49575,-0.0170138712429991
0.495875,-0.0120306237301633
0.496,-4.00118272853664e-15
0.496125,0.0120306237301522
0.49625,0.0170138712429991
0.496375,0.0120306237301648
0.4965,6.1188557851349e-15
0.496625,-0.0120306237301561
0.49675,-0.0170138712429991
0.496875,-0.0120306237301608
0.497,-8.23652884173315e-15
0.497125,0.0120306237301546
0.49725,0.0170138712429991
0.497375,0.0120306237301623
0.4975,2.61718902225417e-15
0.497625,-0.0120306237301531
0.49775,-0.0170138712429991
0.497875,-0.0120306237301638
0.498,-4.73486207885242e-15
0.498125,0.0120306237301571
0.49825,0.0170138712429991
0.498375,0.0120306237301598
0.4985,6.85253513545068e-15
0.498625,-0.0120306237301556
0.49875,-0.0170138712429991
0.498875,-0.0120306237301613
0.499,-8.97020819204893e-15
0.499125,0.0120306237301541
0.49925,0.0170138712429991
0.499375,0.0120306237301628
0.4995,3.35086837256995e-15
0.499625,-0.0120306237301526
0.49975,-0.0170138712429991
0.499875,-0.0120306237301643
0.5,-5.4685414291682e-15
0.500125,0.0120306237301566
0.50025,0.0170138712429991
0.500375,0.0120306237301604
0.5005,7.58621448576646e-15
0.500625,-0.0120306237301551
0.50075,-0.0170138712429991
0.500875,-0.0120306237301673
0.501,-1.96687466628747e-15
0.501125,0.0120306237301591
0.50125,0.0170138712429991
0.501375,0.0120306237301634
0.5015,1.1821560598963e-14
0.501625,-0.0120306237301521
0.50175,-0.0170138712429991
0.501875,-0.0120306237301649
0.502,-6.20222077948398e-15
0.502125,0.0120306237301616
0.50225,0.0170138712429991
0.502375,0.0120306237301609
0.5025,8.31989383608224e-15
0.502625,-0.0120306237301546
0.50275,-0.0170138712429991
0.502875,-0.0120306237301678
0.503,-2.70055401660325e-15
0.503125,0.0120306237301586
0.50325,0.0170138712429991
0.503375,0.0120306237301639
0.5035,1.25552399492787e-14
0.503625,-0.0120306237301571
0.50375,-0.0170138712429991
0.503875,-0.0120306237301654
0.504,-6.93590012979976e-15
0.504125,0.012030623730161
0.50425,0.0170138712429991
0.504375,0.0120306237301614
0.5045,9.05357318639802e-15
0.504625,-0.0120306237301541
0.50475,-0.0170138712429991
0.504875,-0.0120306237301684
0.505,-3.43423336691903e-15
0.505125,0.012030623730158
0.50525,0.0170138712429991
0.505375,0.0120306237301644
0.5055,1.32889192995945e-14
0.505625,-0.0120306237301565
0.50575,-0.0170138712429991
0.505875,-0.0120306237301659
0.506,-7.66957948011554e-15
0.506125,0.0120306237301605
0.50625,0.0170138712429991
0.506375,0.0120306237301619
0.5065,9.78725253671379e-15
0.506625,-0.0120306237301535
0.50675,-0.0170138712429991
0.506875,-0.0120306237301634
0.507,-4.16791271723481e-15
0.507125,0.0120306237301575
0.50725,0.0170138712429991
0.507375,0.0120306237301594
0.5075,1.40225986499103e-14
0.507625,-0.012030623730156
0.50775,-0.0170138712429991
0.507875,-0.0120306237301664
0.508,-8.40325883043132e-15
0.508125,0.01203062373016
0.50825,0.0170138712429991
0.508375,0.0120306237301624
0.5085,1.05209318870296e-14
0.508625,-0.012030623730153
0.50875,-0.0170138712429991
0.508875,-0.0120306237301639
0.509,-4.90159206755059e-15
0.509125,0.012030623730157
0.50925,0.0170138712429991
0.509375,0.01203062373016
0.5095,7.01926512414884e-15
0.509625,-0.0120306237301555
0.50975,-0.0170138712429991
0.509875,-0.0120306237301669
0.51,-1.39992530466985e-15
0.510125,0.0120306237301595
0.51025,0.0170138712429991
0.510375,0.012030623730163
0.5105,1.12546112373454e-14
0.510625,-0.0120306237301525
0.51075,-0.0170138712429991
0.510875,-0.0120306237301645
0.511,-5.63527141786637e-15
0.511125,0.012030623730162
0.51125,0.0170138712429991
0.511375,0.0120306237301605
0.5115,7.75294447446462e-15
0.511625,-0.012030623730155
0.51175,-0.0170138712429991
0.511875,-0.0120306237301674
0.512,-2.13360465498563e-15
0.512125,0.012030623730159
0.51225,0.0170138712429991
0.512375,0.0120306237301635
0.5125,1.19882905876611e-14
0.512625,-0.0120306237301575
0.51275,-0.0170138712429991
0.512875,-0.012030623730165
0.513,-6.36895076818215e-15
0.513125,0.0120306237301614
0.51325,0.0170138712429991
0.513375,0.012030623730161
0.5135,8.4866238247804e-15
0.513625,-0.0120306237301545
0.51375,-0.0170138712429991
0.513875,-0.012030623730168
0.514,-2.86728400530141e-15
0.514125,0.0120306237301584
0.51425,0.0170138712429991
0.514375,0.012030623730164
0.5145,1.27219699379769e-14
0.514625,-0.0120306237301569
0.51475,-0.0170138712429991
0.514875,-0.0120306237301655
0.515,-7.10263011849792e-15
0.515125,0.0120306237301609
0.51525,0.0170138712429991
0.515375,0.0120306237301615
0.5155,9.22030317509618e-15
0.515625,-0.0120306237301539
0.51575,-0.0170138712429991
0.515875,-0.012030623730163
0.516,-3.60096335561719e-15
0.516125,0.0120306237301525
0.51625,0.0170138712429991
0.516375,0.012030623730159
0.5165,1.34556492882927e-14
0.516625,-0.0120306237301564
0.51675,-0.0170138712429991
0.516875,-0.012030623730166
0.517,-7.8363094688137e-15
0.517125,0.0120306237301495
0.51725,0.0170138712429991
0.517375,0.012030623730162
0.5175,9.95398252541196e-15
0.517625,-0.0120306237301534
0.51775,-0.0170138712429991
0.517875,-0.0120306237301635
0.518,-4.33464270593297e-15
0.518125,0.0120306237301519
0.51825,0.0170138712429991
0.518375,0.0120306237301596
0.5185,6.45231576253123e-15
0.518625,-0.0120306237301559
0.51875,-0.0170138712429991
0.518875,-0.0120306237301665
0.519,-8.32975943052239e-16
0.519125,0.0120306237301489
0.51925,0.0170138712429991
0.519375,0.0120306237301626
0.5195,1.06876618757277e-14
0.519625,-0.0120306237301584
0.51975,-0.0170138712429991
0.519875,-0.0120306237301641
0.52,-5.06832205624875e-15
0.520125,0.0120306237301514
0.52025,0.0170138712429991
0.520375,0.0120306237301601
0.5205,7.18599511284701e-15
0.520625,-0.0120306237301554
0.52075,-0.0170138712429991
0.520875,-0.012030623730167
0.521,-1.56665529336802e-15
0.521125,0.0120306237301539
0.52125,0.0170138712429991
0.521375,0.0120306237301631
0.5215,1.14213412260435e-14
0.521625,-0.0120306237301579
0.52175,-0.0170138712429991
0.521875,-0.0120306237301646
0.522,-5.80200140656453e-15
0.522125,0.0120306237301509
0.52225,0.0170138712429991
0.522375,0.0120306237301606
0.5225,7.91967446316279e-15
0.522625,-0.0120306237301549
0.52275,-0.0170138712429991
0.522875,-0.0120306237301676
0.523,-2.3003346436838e-15
0.523125,0.0120306237301534
0.52325,0.0170138712429991
0.523375,0.0120306237301636
0.5235,1.21550205763593e-14
0.523625,-0.0120306237301573
0.52375,-0.0170138712429991
0.523875,-0.0120306237301651
0.524,-6.53568075688031e-15
0.524125,0.0120306237301504
0.52425,0.0170138712429991
0.524375,0.0120306237301611
0.5245,8.65335381347857e-15
0.524625,-0.0120306237301543
0.52475,-0.0170138712429991
0.524875,-0.0120306237301626
0.525,-3.03401399399958e-15
0.525125,0.0120306237301529
0.52525,0.0170138712429991
0.525375,0.0120306237301586
0.5255,1.28886999266751e-14
0.525625,-0.0120306237301568
0.52575,-0.0170138712429991
0.525875,-0.0120306237301656
0.526,4.67652768881156e-16
0.526125,0.0120306237301499
0.52625,0.0170138712429991
0.526375,0.0120306237301616
0.5265,9.38703316379434e-15
0.526625,-0.0120306237301538
0.52675,-0.0170138712429991
0.526875,-0.0120306237301631
0.527,-3.76769334431536e-15
0.527125,0.0120306237301523
0.52725,0.0170138712429991
0.527375,0.0120306237301592
0.5275,5.88536640091361e-15
0.527625,-0.0120306237301563
0.52775,-0.0170138712429991
0.527875,-0.0120306237301661
0.528,-2.66026581434623e-16
0.528125,0.0120306237301493
0.52825,0.0170138712429991
0.528375,0.0120306237301622
0.5285,1.01207125141101e-14
0.528625,-0.0120306237301588
0.52875,-0.0170138712429991
0.528875,-0.0120306237301637
0.529,-4.50137269463114e-15
0.529125,0.0120306237301518
0.52925,0.0170138712429991
0.529375,0.0120306237301597
0.5295,6.61904575122939e-15
0.529625,-0.0120306237301558
0.52975,-0.0170138712429991
0.529875,-0.0120306237301666
0.53,-9.99705931750403e-16
0.530125,0.0120306237301543
0.53025,0.0170138712429991
0.530375,0.0120306237301627
0.5305,1.08543918644259e-14
0.530625,-0.0120306237301583
0.53075,-0.0170138712429991
0.530875,-0.0120306237301642
0.531,-5.23505204494691e-15
0.531125,0.0120306237301513
0.53125,0.0170138712429991
0.531375,0.0120306237301602
0.5315,7.35272510154517e-15
0.531625,-0.0120306237301553
0.53175,-0.0170138712429991
0.531875,-0.0120306237301672
0.532,-1.73338528206618e-15
0.532125,0.0120306237301538
0.53225,0.0170138712429991
0.532375,0.0120306237301577
0.5325,1.15880712147417e-14
0.532625,-0.0120306237301577
0.53275,-0.0170138712429991
0.532875,-0.0120306237301647
0.533,-5.96873139526269e-15
0.533125,0.0120306237301508
0.53325,0.0170138712429991
0.533375,0.0120306237301607
0.5335,8.08640445186095e-15
0.533625,-0.0120306237301548
0.53375,-0.0170138712429991
0.533875,-0.0120306237301622
0.534,-2.46706463238196e-15
0.534125,0.0120306237301533
0.53425,0.0170138712429991
0.534375,0.0120306237301582
0.5345,1.23217505650575e-14
0.534625,-0.0120306237301572
0.53475,-0.0170138712429991
0.534875,-0.0120306237301652
0.535,1.03460213049877e-15
0.535125,0.0120306237301503
0.53525,0.0170138712429991
0.535375,0.0120306237301612
0.5355,8.82008380217673e-15
0.535625,-0.0120306237301542
0.53575,-0.0170138712429991
0.535875,-0.0120306237301627
0.536,-3.20074398269774e-15
0.536125,0.0120306237301527
0.53625,0.0170138712429991
0.536375,0.0120306237301588
0.5365,5.318417039296e-15
0.536625,-0.0120306237301567
0.53675,-0.0170138712429991
0.536875,-0.0120306237301657
0.537,3.00922780182992e-16
0.537125,0.0120306237301552
0.53725,0.0170138712429991
0.537375,0.0120306237301618
0.5375,9.55376315249251e-15
0.537625,-0.0120306237301592
0.53775,-0.0170138712429991
0.537875,-0.0120306237301633
0.538,-3.93442333301352e-15
0.538125,0.0120306237301522
0.53825,0.0170138712429991
0.538375,0.0120306237301593
0.5385,6.05209638961178e-15
0.538625,-0.0120306237301562
0.53875,-0.0170138712429991
0.538875,-0.0120306237301662
0.539,-4.32756570132787e-16
0.539125,0.0120306237301547
0.53925,0.0170138712429991
0.539375,0.0120306237301623
0.5395,1.02874425028083e-14
0.539625,-0.0120306237301587
0.53975,-0.0170138712429991
0.539875,-0.0120306237301638
0.54,-4.6681026833293e-15
0.540125,0.0120306237301517
0.54025,0.0170138712429991
0.540375,0.0120306237301598
0.5405,6.78577573992755e-15
0.540625,-0.0120306237301557
0.54075,-0.0170138712429991
0.540875,-0.0120306237301668
0.541,-1.16643592044857e-15
0.541125,0.0120306237301542
0.54125,0.0170138712429991
0.541375,0.0120306237301573
0.5415,1.10211218531241e-14
0.541625,-0.0120306237301581
0.54175,-0.0170138712429991
0.541875,-0.0120306237301643
0.542,-5.40178203364508e-15
0.542125,0.0120306237301512
0.54225,0.0170138712429991
0.542375,0.0120306237301603
0.5425,7.51945509024333e-15
0.542625,-0.0120306237301552
0.54275,-0.0170138712429991
0.542875,-0.0120306237301618
0.543,-1.90011527076435e-15
0.543125,0.0120306237301537
0.54325,0.0170138712429991
0.543375,0.0120306237301578
0.5435,4.0177883273626e-15
0.543625,-0.0120306237301576
0.54375,-0.0170138712429991
0.543875,-0.0120306237301648
0.544,1.60155149211639e-15
0.544125,0.0120306237301507
0.54425,0.0170138712429991
0.544375,0.0120306237301608
0.5445,8.25313444055911e-15
0.544625,-0.0120306237301546
0.54475,-0.0170138712429991
0.544875,-0.0120306237301623
0.545,-2.63379462108013e-15
0.545125,0.0120306237301531
0.54525,0.0170138712429991
0.545375,0.0120306237301584
0.5455,4.75146767767838e-15
0.545625,-0.0120306237301571
0.54575,-0.0170138712429991
0.545875,-0.0120306237301653
0.546,8.67872141800607e-16
0.546125,0.0120306237301556
0.54625,0.0170138712429991
0.546375,0.0120306237301614
0.5465,8.98681379087489e-15
0.546625,-0.0120306237301596
0.54675,-0.0170138712429991
0.546875,-0.0120306237301628
0.547,-3.3674739713959e-15
0.547125,0.0120306237301526
0.54725,0.0170138712429991
0.547375,0.0120306237301698
0.5475,5.48514702799416e-15
0.547625,-0.0120306237301566
0.54775,-0.0170138712429991
0.547875,-0.0120306237301658
0.548,1.34192791484828e-16
0.548125,0.0120306237301551
0.54825,0.0170138712429991
0.548375,0.0120306237301673
0.5485,9.72049314119067e-15
0.548625,-0.0120306237301591
0.54875,-0.0170138712429991
0.548875,-0.0120306237301634
0.549,-4.10115332171168e-15
0.549125,0.0120306237301521
0.54925,0.0170138712429991
0.549375,0.0120306237301703
0.5495,6.21882637830994e-15
0.549625,-0.0120306237301561
0.54975,-0.0170138712429991
0.549875,-0.0120306237301609
0.55,-5.99486558830951e-16
0.550125,0.0120306237301546
0.55025,0.0170138712429991
0.550375,0.0120306237301679
0.5505,1.04541724915065e-14
0.550625,-0.0120306237301585
0.55075,-0.0170138712429991
0.550875,-0.0120306237301639
0.551,-4.83483267202746e-15
0.551125,0.0120306237301516
0.55125,0.0170138712429991
0.551375,0.0120306237301654
0.5515,6.95250572862572e-15
0.551625,-0.0120306237301556
0.55175,-0.0170138712429991
0.551875,-0.0120306237301614
0.552,-1.33316590914673e-15
0.552125,0.0120306237301541
0.55225,0.0170138712429991
0.552375,0.0120306237301684
0.5525,3.45083896574499e-15
0.552625,-0.012030623730158
0.55275,-0.0170138712429991
0.552875,-0.0120306237301644
0.553,2.168500853734e-15
0.553125,0.0120306237301511
0.55325,0.0170138712429991
0.553375,0.0120306237301659
0.5535,7.6861850789415e-15
0.553625,-0.012030623730155
0.55375,-0.0170138712429991
0.553875,-0.0120306237301619
0.554,-2.06684525946251e-15
0.554125,0.0120306237301535
0.55425,0.0170138712429991
0.554375,0.0120306237301689
0.5545,4.18451831606077e-15
0.554625,-0.0120306237301575
0.55475,-0.0170138712429991
0.554875,-0.0120306237301649
0.555,1.43482150341822e-15
0.555125,0.012030623730156
0.55525,0.0170138712429991
0.555375,0.0120306237301664
0.5555,8.41986442925728e-15
0.555625,-0.01203062373016
0.55575,-0.0170138712429991
0.555875,-0.0120306237301624
0.556,-2.80052460977829e-15
0.556125,0.012030623730153
0.55625,0.0170138712429991
0.556375,0.0120306237301694
0.5565,4.91819766637654e-15
0.556625,-0.012030623730157
0.55675,-0.0170138712429991
0.556875,-0.0120306237301654
0.557,7.01142153102443e-16
0.557125,0.0120306237301555
0.55725,0.0170138712429991
0.557375,0.0120306237301669
0.5575,9.15354377957306e-15
0.557625,-0.0120306237301595
0.55775,-0.0170138712429991
0.557875,-0.012030623730163
0.558,-3.53420396009407e-15
0.558125,0.0120306237301525
0.55825,0.0170138712429991
0.558375,0.0120306237301699
0.5585,5.65187701669232e-15
0.558625,-0.0120306237301565
0.55875,-0.0170138712429991
0.558875,-0.0120306237301605
0.559,-3.25371972133359e-17
0.559125,0.012030623730155
0.55925,0.0170138712429991
0.559375,0.0120306237301675
0.5595,9.88722312988884e-15
0.559625,-0.0120306237301589
0.55975,-0.0170138712429991
0.559875,-0.0120306237301635
0.56,-4.26788331040985e-15
0.560125,0.012030623730152
0.56025,0.0170138712429991
0.560375,0.012030623730165
0.5605,6.3855563670081e-15
0.560625,-0.012030623730156
0.56075,-0.0170138712429991
0.560875,-0.012030623730161
0.561,-7.66216547529115e-16
0.561125,0.0120306237301545
0.56125,0.0170138712429991
0.561375,0.012030623730168
0.5615,2.88388960412737e-15
0.561625,-0.0120306237301584
0.56175,-0.0170138712429991
0.561875,-0.012030623730164
0.562,2.73545021535162e-15
0.562125,0.0120306237301515
0.56225,0.0170138712429991
0.562375,0.0120306237301655
0.5625,7.11923571732388e-15
0.562625,-0.0120306237301609
0.56275,-0.0170138712429991
0.562875,-0.0120306237301615
0.563,-9.23690877392214e-15
0.563125,0.0120306237301539
0.56325,0.0170138712429991
0.563375,0.0120306237301685
0.5635,3.61756895444315e-15
0.563625,-0.0120306237301579
0.56375,-0.0170138712429991
0.563875,-0.0120306237301645
0.564,-1.34722548871187e-14
0.564125,0.0120306237301564
0.56425,0.0170138712429991
0.564375,0.012030623730166
0.5645,7.85291506763966e-15
0.564625,-0.0120306237301604
0.56475,-0.0170138712429991
0.564875,-0.012030623730162
0.565,-9.97058812423792e-15
0.565125,0.0120306237301534
0.56525,0.0170138712429991
0.565375,0.012030623730169
0.5655,4.35124830475893e-15
0.565625,-0.0120306237301574
0.56575,-0.0170138712429991
0.565875,-0.012030623730165
0.566,-1.42059342374344e-14
0.566125,0.0120306237301559
0.56625,0.0170138712429991
0.566375,0.0120306237301665
0.5665,8.58659441795544e-15
0.566625,-0.0120306237301599
0.56675,-0.0170138712429991
0.566875,-0.0120306237301626
0.567,-1.07042674745537e-14
0.567125,0.0120306237301529
0.56725,0.0170138712429991
0.567375,0.0120306237301641
0.5675,5.08492765507471e-15
0.567625,-0.0120306237301569
0.56775,-0.0170138712429991
0.567875,-0.0120306237301601
0.568,-1.49396135877502e-14
0.568125,0.0120306237301554
0.56825,0.0170138712429991
0.568375,0.0120306237301671
0.5685,9.32027376827122e-15
0.568625,-0.0120306237301593
0.56875,-0.0170138712429991
0.568875,-0.0120306237301631
0.569,-1.14379468248695e-14
0.569125,0.0120306237301524
0.56925,0.0170138712429991
0.569375,0.0120306237301646
0.5695,5.81860700539049e-15
0.569625,-0.0120306237301564
0.56975,-0.0170138712429991
0.569875,-0.0120306237301606
0.57,-7.93628006198874e-15
0.570125,0.0120306237301549
0.57025,0.0170138712429991
0.570375,0.0120306237301676
0.5705,2.31694024250976e-15
0.570625,-0.0120306237301588
0.57075,-0.0170138712429991
0.570875,-0.0120306237301636
0.571,-1.21716261751853e-14
0.571125,0.0120306237301519
0.57125,0.0170138712429991
0.571375,0.0120306237301651
0.5715,6.55228635570627e-15
0.571625,-0.0120306237301613
0.57175,-0.0170138712429991
0.571875,-0.0120306237301611
0.572,-8.66995941230452e-15
0.572125,0.0120306237301543
0.57225,0.0170138712429991
0.572375,0.0120306237301681
0.5725,3.05061959282554e-15
0.572625,-0.0120306237301583
0.57275,-0.0170138712429991
0.572875,-0.0120306237301641
0.573,-1.2905305525501e-14
0.573125,0.0120306237301568
0.57325,0.0170138712429991
0.573375,0.0120306237301656
0.5735,7.28596570602205e-15
0.573625,-0.0120306237301608
0.57375,-0.0170138712429991
0.573875,-0.0120306237301616
0.574,-9.4036387626203e-15
0.574125,0.0120306237301538
0.57425,0.0170138712429991
0.574375,0.0120306237301686
0.5745,3.78429894314131e-15
0.574625,-0.0120306237301578
0.57475,-0.0170138712429991
0.574875,-0.0120306237301646
0.575,-1.36389848758168e-14
0.575125,0.0120306237301563
0.57525,0.0170138712429991
0.575375,0.0120306237301661
0.5755,8.01964505633783e-15
0.575625,-0.0120306237301603
0.57575,-0.0170138712429991
0.575875,-0.0120306237301622
0.576,-1.01373181129361e-14
0.576125,0.0120306237301533
0.57625,0.0170138712429991
0.576375,0.0120306237301637
0.5765,4.51797829345709e-15
0.576625,-0.0120306237301573
0.57675,-0.0170138712429991
0.576875,-0.0120306237301597
0.577,-1.43726642261326e-14
0.577125,0.0120306237301558
0.57725,0.0170138712429991
0.577375,0.0120306237301667
0.5775,8.7533244066536e-15
0.577625,-0.0120306237301597
0.57775,-0.0170138712429991
0.577875,-0.0120306237301627
0.578,-1.08709974632519e-14
0.578125,0.0120306237301528
0.57825,0.0170138712429991
0.578375,0.0120306237301642
0.5785,5.25165764377287e-15
0.578625,-0.0120306237301513
0.57875,-0.0170138712429991
0.578875,-0.0120306237301602
0.579,-7.36933070037113e-15
0.579125,0.0120306237301553
0.57925,0.0170138712429991
0.579375,0.0120306237301672
0.5795,1.74999088089214e-15
0.579625,-0.0120306237301483
0.57975,-0.0170138712429991
0.579875,-0.0120306237301632
0.58,-1.16046768135676e-14
0.580125,0.0120306237301577
0.58025,0.0170138712429991
0.580375,0.0120306237301647
0.5805,5.98533699408865e-15
0.580625,-0.0120306237301508
0.58075,-0.0170138712429991
0.580875,-0.0120306237301607
0.581,-8.10301005068691e-15
0.581125,0.0120306237301547
0.58125,0.0170138712429991
0.581375,0.0120306237301677
0.5815,2.48367023120792e-15
0.581625,-0.0120306237301532
0.58175,-0.0170138712429991
0.581875,-0.0120306237301637
0.582,-1.23383561638834e-14
0.582125,0.0120306237301572
0.58225,0.0170138712429991
0.582375,0.0120306237301652
0.5825,6.71901634440443e-15
0.582625,-0.0120306237301502
0.58275,-0.0170138712429991
0.582875,-0.0120306237301612
0.583,-8.83668940100269e-15
0.583125,0.0120306237301542
0.58325,0.0170138712429991
0.583375,0.0120306237301682
0.5835,3.2173495815237e-15
0.583625,-0.0120306237301527
0.58375,-0.0170138712429991
0.583875,-0.0120306237301642
0.584,-1.30720355141992e-14
0.584125,0.0120306237301567
0.58425,0.0170138712429991
0.584375,0.0120306237301657
0.5845,7.45269569472021e-15
0.584625,-0.0120306237301497
0.58475,-0.0170138712429991
0.584875,-0.0120306237301618
0.585,-9.57036875131847e-15
0.585125,0.0120306237301537
0.58525,0.0170138712429991
0.585375,0.0120306237301633
0.5855,3.95102893183948e-15
0.585625,-0.0120306237301522
0.58575,-0.0170138712429991
0.585875,-0.0120306237301593
0.586,-1.3805714864515e-14
0.586125,0.0120306237301562
0.58625,0.0170138712429991
0.586375,0.0120306237301663
0.5865,4.49362168958746e-16
0.586625,-0.0120306237301492
0.58675,-0.0170138712429991
0.586875,-0.0120306237301623
0.587,-1.03040481016342e-14
0.587125,0.0120306237301532
0.58725,0.0170138712429991
0.587375,0.0120306237301638
0.5875,4.68470828215526e-15
0.587625,-0.0120306237301517
0.58775,-0.0170138712429991
0.587875,-0.0120306237301598
0.588,-6.80238133875351e-15
0.588125,0.0120306237301557
0.58825,0.0170138712429991
0.588375,0.0120306237301668
0.5885,1.18304151927452e-15
0.588625,-0.0120306237301542
0.58875,-0.0170138712429991
0.588875,-0.0120306237301628
0.589,-1.103772745195e-14
0.589125,0.0120306237301581
0.58925,0.0170138712429991
0.589375,0.0120306237301643
0.5895,5.41838763247104e-15
0.589625,-0.0120306237301512
0.58975,-0.0170138712429991
0.589875,-0.0120306237301603
0.59,-7.53606068906929e-15
0.590125,0.0120306237301551
0.59025,0.0170138712429991
0.590375,0.0120306237301673
0.5905,1.9167208695903e-15
0.590625,-0.0120306237301536
0.59075,-0.0170138712429991
0.590875,-0.0120306237301633
0.591,-1.17714068022658e-14
0.591125,0.0120306237301576
0.59125,0.0170138712429991
0.591375,0.0120306237301648
0.5915,6.15206698278682e-15
0.591625,-0.0120306237301506
0.59175,-0.0170138712429991
0.591875,-0.0120306237301608
0.592,-8.26974003938507e-15
0.592125,0.0120306237301546
0.59225,0.0170138712429991
0.592375,0.0120306237301678
0.5925,2.65040021990608e-15
0.592625,-0.0120306237301531
0.59275,-0.0170138712429991
0.592875,-0.0120306237301584
0.593,-1.25050861525816e-14
0.593125,0.0120306237301571
0.59325,0.0170138712429991
0.593375,0.0120306237301653
0.5935,6.88574633310259e-15
0.593625,-0.0120306237301501
0.59375,-0.0170138712429991
0.593875,-0.0120306237301614
0.594,-9.00341938970085e-15
0.594125,0.0120306237301541
0.59425,0.0170138712429991
0.594375,0.0120306237301629
0.5945,3.38407957022186e-15
0.594625,-0.0120306237301526
0.59475,-0.0170138712429991
0.594875,-0.0120306237301589
0.595,-5.50175262682012e-15
0.595125,0.0120306237301566
0.59525,0.0170138712429991
0.595375,0.0120306237301659
0.5955,-1.1758719265887e-16
0.595625,-0.0120306237301496
0.59575,-0.0170138712429991
0.595875,-0.0120306237301619
0.596,-9.73709874001663e-15
0.596125,0.0120306237301536
0.59625,0.0170138712429991
0.596375,0.0120306237301634
0.5965,4.11775892053764e-15
0.596625,-0.0120306237301521
0.59675,-0.0170138712429991
0.596875,-0.0120306237301594
0.597,-6.2354319771359e-15
0.597125,0.0120306237301561
0.59725,0.0170138712429991
0.597375,0.0120306237301664
0.5975,6.1609215765691e-16
0.597625,-0.0120306237301546
0.59775,-0.0170138712429991
0.597875,-0.0120306237301624
0.598,-1.04707780903324e-14
0.598125,0.0120306237301585
0.59825,0.0170138712429991
0.598375,0.0120306237301639
0.5985,4.85143827085342e-15
0.598625,-0.0120306237301516
0.59875,-0.0170138712429991
0.598875,-0.0120306237301599
0.599,-6.96911132745168e-15
0.599125,0.0120306237301555
0.59925,0.0170138712429991
0.599375,0.0120306237301669
0.5995,1.34977150797269e-15
0.599625,-0.012030623730154
0.59975,-0.0170138712429991
0.599875,-0.0120306237301629
0.6,-1.12044574406482e-14
0.600125,0.012030623730158
0.60025,0.0170138712429991
0.600375,0.0120306237301644
0.6005,5.5851176211692e-15
0.600625,-0.012030623730151
0.60075,-0.0170138712429991
0.600875,-0.0120306237301604
0.601,-7.70279067776746e-15
0.601125,0.012030623730155
0.60125,0.0170138712429991
0.601375,0.0120306237301619
0.6015,2.08345085828847e-15
0.601625,-0.0120306237301535
0.60175,-0.0170138712429991
0.601875,-0.012030623730158
0.602,-1.1938136790964e-14
0.602125,0.0120306237301575
0.60225,0.0170138712429991
0.602375,0.0120306237301649
0.6025,6.31879697148498e-15
0.602625,-0.0120306237301505
0.60275,-0.0170138712429991
0.602875,-0.012030623730161
0.603,-8.43647002808324e-15
0.603125,0.0120306237301545
0.60325,0.0170138712429991
0.603375,0.0120306237301625
0.6035,2.81713020860425e-15
0.603625,-0.012030623730153
0.60375,-0.0170138712429991
0.603875,-0.0120306237301585
0.604,-4.9348032652025e-15
0.604125,0.012030623730157
0.60425,0.0170138712429991
0.604375,0.0120306237301655
0.6045,-6.84536554276485e-16
0.604625,-0.01203062373015
0.60475,-0.0170138712429991
0.604875,-0.0120306237301615
0.605,-9.17014937839902e-15
0.605125,0.012030623730154
0.60525,0.0170138712429991
0.605375,0.012030623730163
0.6055,3.55080955892003e-15
0.605625,-0.0120306237301525
0.60575,-0.0170138712429991
0.605875,-0.012030623730159
0.606,-5.66848261551828e-15
0.606125,0.0120306237301565
0.60625,0.0170138712429991
0.606375,0.012030623730166
0.6065,4.91427960392942e-17
0.606625,-0.012030623730155
0.60675,-0.0170138712429991
0.606875,-0.012030623730162
0.607,-9.90382872871479e-15
0.607125,0.0120306237301589
0.60725,0.0170138712429991
0.607375,0.0120306237301635
0.6075,4.28448890923581e-15
0.607625,-0.012030623730152
0.60775,-0.0170138712429991
0.607875,-0.0120306237301595
0.608,-6.40216196583406e-15
0.608125,0.0120306237301559
0.60825,0.0170138712429991
0.608375,0.0120306237301665
0.6085,7.82822146355073e-16
0.608625,-0.0120306237301544
0.60875,-0.0170138712429991
0.608875,-0.0120306237301625
0.609,-1.06375080790306e-14
0.609125,0.0120306237301584
0.60925,0.0170138712429991
0.609375,0.012030623730164
0.6095,5.01816825955159e-15
0.609625,-0.0120306237301515
0.60975,-0.0170138712429991
0.609875,-0.012030623730171
0.61,-7.13584131614984e-15
0.610125,0.0120306237301554
0.61025,0.0170138712429991
0.610375,0.0120306237301615
0.6105,1.51650149667085e-15
0.610625,-0.0120306237301539
0.61075,-0.0170138712429991
0.610875,-0.0120306237301685
0.611,-1.13711874293464e-14
0.611125,0.0120306237301579
0.61125,0.0170138712429991
0.611375,0.0120306237301645
0.6115,5.75184760986737e-15
0.611625,-0.0120306237301509
0.61175,-0.0170138712429991
0.611875,-0.012030623730166
0.612,-7.86952066646562e-15
0.612125,0.0120306237301549
0.61225,0.0170138712429991
0.612375,0.0120306237301621
0.6125,2.25018084698663e-15
0.612625,-0.0120306237301534
0.61275,-0.0170138712429991
0.612875,-0.012030623730169
0.613,-4.36785390358489e-15
0.613125,0.0120306237301574
0.61325,0.0170138712429991
0.613375,0.0120306237301651
0.6135,-1.2514859158941e-15
0.613625,-0.0120306237301504
0.61375,-0.0170138712429991
0.613875,-0.0120306237301666
0.614,-8.6032000167814e-15
0.614125,0.0120306237301599
0.61425,0.0170138712429991
0.614375,0.0120306237301626
0.6145,2.98386019730241e-15
0.614625,-0.0120306237301529
0.61475,-0.0170138712429991
0.614875,-0.0120306237301695
0.615,-5.10153325390067e-15
0.615125,0.0120306237301569
0.61525,0.0170138712429991
0.615375,0.0120306237301656
0.6155,-5.17806565578321e-16
0.615625,-0.0120306237301554
0.61575,-0.0170138712429991
0.615875,-0.0120306237301671
0.616,-9.33687936709718e-15
0.616125,0.0120306237301593
0.61625,0.0170138712429991
0.616375,0.0120306237301631
0.6165,3.71753954761819e-15
0.616625,-0.0120306237301524
0.61675,-0.0170138712429991
0.616875,-0.0120306237301701
0.617,-5.83521260421645e-15
0.617125,0.0120306237301563
0.61725,0.0170138712429991
0.617375,0.0120306237301661
0.6175,2.15872784737458e-16
0.617625,-0.0120306237301548
0.61775,-0.0170138712429991
0.617875,-0.0120306237301676
0.618,-1.0070558717413e-14
0.618125,0.0120306237301588
0.61825,0.0170138712429991
0.618375,0.0120306237301636
0.6185,4.45121889793397e-15
0.618625,-0.0120306237301519
0.61875,-0.0170138712429991
0.618875,-0.0120306237301651
0.619,-6.56889195453223e-15
0.619125,0.0120306237301558
0.61925,0.0170138712429991
0.619375,0.0120306237301611
0.6195,9.49552135053237e-16
0.619625,-0.0120306237301543
0.61975,-0.0170138712429991
0.619875,-0.0120306237301681
0.62,-1.08042380677287e-14
0.620125,0.0120306237301583
0.62025,0.0170138712429991
0.620375,0.0120306237301641
0.6205,-2.5521146278275e-15
0.620625,-0.0120306237301513
0.62075,-0.0170138712429991
0.620875,-0.0120306237301656
0.621,-7.30257130484801e-15
0.621125,0.0120306237301553
0.62125,0.0170138712429991
0.621375,0.0120306237301617
0.6215,1.68323148536902e-15
0.621625,-0.0120306237301538
0.62175,-0.0170138712429991
0.621875,-0.0120306237301686
0.622,-3.80090454196727e-15
0.622125,0.0120306237301578
0.62225,0.0170138712429991
0.622375,0.0120306237301647
0.6225,-1.81843527751172e-15
0.622625,-0.0120306237301508
0.62275,-0.0170138712429991
0.622875,-0.0120306237301662
0.623,-8.03625065516379e-15
0.623125,0.0120306237301603
0.62325,0.0170138712429991
0.623375,0.0120306237301622
0.6235,2.4169108356848e-15
0.623625,-0.0120306237301533
0.62375,-0.0170138712429991
0.623875,-0.0120306237301691
0.624,-4.53458389228305e-15
0.624125,0.0120306237301573
0.62425,0.0170138712429991
0.624375,0.0120306237301652
0.6245,-1.08475592719594e-15
0.624625,-0.0120306237301558
0.62475,-0.0170138712429991
0.624875,-0.0120306237301667
0.625,-8.76993000547956e-15
0.625125,0.0120306237301597
0.62525,0.0170138712429991
0.625375,0.0120306237301627
0.6255,1.08876030620778e-14
0.625625,-0.0120306237301528
0.62575,-0.0170138712429991
0.625875,-0.0120306237301697
0.626,-5.26826324259883e-15
0.626125,0.0120306237301567
0.62625,0.0170138712429991
0.626375,0.0120306237301657
0.6265,1.51229491752743e-14
0.626625,-0.0120306237301552
0.62675,-0.0170138712429991
0.626875,-0.0120306237301672
0.627,-9.50360935579534e-15
0.627125,0.0120306237301592
0.62725,0.0170138712429991
0.627375,0.0120306237301632
0.6275,1.16212824123936e-14
0.627625,-0.0120306237301523
0.62775,-0.0170138712429991
0.627875,-0.0120306237301647
0.628,-6.00194259291461e-15
0.628125,0.0120306237301562
0.62825,0.0170138712429991
0.628375,0.0120306237301607
0.6285,1.58566285255901e-14
0.628625,-0.0120306237301547
0.62875,-0.0170138712429991
0.628875,-0.0120306237301677
0.629,-1.02372887061111e-14
0.629125,0.0120306237301587
0.62925,0.0170138712429991
0.629375,0.0120306237301637
0.6295,1.23549617627094e-14
0.629625,-0.0120306237301517
0.62975,-0.0170138712429991
0.629875,-0.0120306237301652
0.63,-6.73562194323039e-15
0.630125,0.0120306237301557
0.63025,0.0170138712429991
0.630375,0.0120306237301613
0.6305,8.85329499982865e-15
0.630625,-0.0120306237301542
0.63075,-0.0170138712429991
0.630875,-0.0120306237301682
0.631,-3.23395518034966e-15
0.631125,0.0120306237301582
0.63125,0.0170138712429991
0.631375,0.0120306237301643
0.6315,1.30886411130252e-14
0.631625,-0.0120306237301567
0.63175,-0.0170138712429991
0.631875,-0.0120306237301657
0.632,-7.46930129354617e-15
0.632125,0.0120306237301607
0.63225,0.0170138712429991
0.632375,0.0120306237301618
0.6325,9.58697435014443e-15
0.632625,-0.0120306237301537
0.63275,-0.0170138712429991
0.632875,-0.0120306237301687
0.633,-3.96763453066544e-15
0.633125,0.0120306237301577
0.63325,0.0170138712429991
0.633375,0.0120306237301648
0.6335,1.38223204633409e-14
0.633625,-0.0120306237301562
0.63375,-0.0170138712429991
0.633875,-0.0120306237301663
0.634,-8.20298064386195e-15
0.634125,0.0120306237301601
0.63425,0.0170138712429991
0.634375,0.0120306237301623
0.6345,1.03206537004602e-14
0.634625,-0.0120306237301532
0.63475,-0.0170138712429991
0.634875,-0.0120306237301693
0.635,-4.70131388098122e-15
0.635125,0.0120306237301571
0.63525,0.0170138712429991
0.635375,0.0120306237301653
0.6355,1.45559998136567e-14
0.635625,-0.0120306237301556
0.63575,-0.0170138712429991
0.635875,-0.0120306237301668
0.636,-8.93665999417773e-15
0.636125,0.0120306237301596
0.63625,0.0170138712429991
0.636375,0.0120306237301628
0.6365,1.1054333050776e-14
0.636625,-0.0120306237301527
0.63675,-0.0170138712429991
0.636875,-0.0120306237301643
0.637,-5.43499323129699e-15
0.637125,0.0120306237301566
0.63725,0.0170138712429991
0.637375,0.0120306237301603
0.6375,1.52896791639725e-14
0.637625,-0.0120306237301551
0.63775,-0.0170138712429991
0.637875,-0.0120306237301673
0.638,-1.93332646841626e-15
0.638125,0.0120306237301591
0.63825,0.0170138712429991
0.638375,0.0120306237301633
0.6385,1.17880124010918e-14
0.638625,-0.0120306237301521
0.63875,-0.0170138712429991
0.638875,-0.0120306237301648
0.639,-6.16867258161277e-15
0.639125,0.0120306237301561
0.63925,0.0170138712429991
0.639375,0.0120306237301609
0.6395,8.28634563821103e-15
0.639625,-0.0120306237301546
0.63975,-0.0170138712429991
0.639875,-0.0120306237301678
0.64,-2.66700581873204e-15
0.640125,0.0120306237301586
0.64025,0.0170138712429991
0.640375,0.0120306237301639
0.6405,1.25216917514075e-14
0.640625,-0.0120306237301571
0.64075,-0.0170138712429991
0.640875,-0.0120306237301653
0.641,-6.90235193192855e-15
0.641125,0.0120306237301501
0.64125,0.0170138712429991
0.641375,0.0120306237301614
0.6415,9.02002498852681e-15
0.641625,-0.0120306237301541
0.64175,-0.0170138712429991
0.641875,-0.0120306237301683
0.642,-3.40068516904782e-15
0.642125,0.0120306237301526
0.64225,0.0170138712429991
0.642375,0.0120306237301644
0.6425,1.32553711017233e-14
0.642625,-0.0120306237301566
0.64275,-0.0170138712429991
0.642875,-0.0120306237301659
0.643,-7.63603128224433e-15
0.643125,0.0120306237301496
0.64325,0.0170138712429991
0.643375,0.0120306237301619
0.6435,9.75370433884259e-15
0.643625,-0.0120306237301536
0.64375,-0.0170138712429991
0.643875,-0.0120306237301689
0.644,-4.1343645193636e-15
0.644125,0.0120306237301521
0.64425,0.0170138712429991
0.644375,0.0120306237301594
0.6445,1.39890504520391e-14
0.644625,-0.012030623730156
0.64475,-0.0170138712429991
0.644875,-0.0120306237301664
0.645,-8.36971063256011e-15
0.645125,0.0120306237301491
0.64525,0.0170138712429991
0.645375,0.0120306237301624
0.6455,1.04873836891584e-14
0.645625,-0.0120306237301531
0.64575,-0.0170138712429991
0.645875,-0.0120306237301639
0.646,-4.86804386967938e-15
0.646125,0.0120306237301516
0.64625,0.0170138712429991
0.646375,0.0120306237301599
0.6465,1.47227298023549e-14
0.646625,-0.0120306237301555
0.64675,-0.0170138712429991
0.646875,-0.0120306237301669
0.647,-1.36637710679865e-15
0.647125,0.0120306237301486
0.64725,0.0170138712429991
0.647375,0.0120306237301629
0.6475,1.12210630394741e-14
0.647625,-0.0120306237301525
0.64775,-0.0170138712429991
0.647875,-0.0120306237301644
0.648,-5.60172321999516e-15
0.648125,0.012030623730151
0.64825,0.0170138712429991
0.648375,0.0120306237301605
0.6485,7.71939627659342e-15
0.648625,-0.012030623730155
0.64875,-0.0170138712429991
0.648875,-0.0120306237301674
0.649,-2.10005645711443e-15
0.649125,0.0120306237301535
0.64925,0.0170138712429991
0.649375,0.0120306237301635
0.6495,1.19547423897899e-14
0.649625,-0.0120306237301575
0.64975,-0.0170138712429991
0.649875,-0.0120306237301649
0.65,-6.33540257031094e-15
0.650125,0.0120306237301505
0.65025,0.0170138712429991
0.650375,0.012030623730161
0.6505,8.45307562690919e-15
0.650625,-0.0120306237301545
0.65075,-0.0170138712429991
0.650875,-0.0120306237301679
0.651,-2.83373580743021e-15
0.651125,0.012030623730153
0.65125,0.0170138712429991
0.651375,0.012030623730164
0.6515,1.26884217401057e-14
0.651625,-0.012030623730157
0.65175,-0.0170138712429991
0.651875,-0.0120306237301655
0.652,-7.06908192062672e-15
0.652125,0.01203062373015
0.65225,0.0170138712429991
0.652375,0.012030623730167
0.6525,1.69237678533022e-14
0.652625,-0.012030623730154
0.65275,-0.0170138712429991
0.652875,-0.012030623730163
0.653,-1.13044280338232e-14
0.653125,0.012030623730147
0.65325,0.0170138712429991
0.653375,0.012030623730159
0.6535,5.68508821434424e-15
0.653625,-0.012030623730151
0.65375,-0.0170138712429991
0.653875,-0.012030623730166
0.654,-6.57483948652525e-17
0.654125,0.012030623730155
0.65425,0.0170138712429991
0.654375,0.012030623730162
0.6545,9.92043432754075e-15
0.654625,-0.0120306237301589
0.65475,-0.0170138712429991
0.654875,-0.012030623730169
0.655,-4.30109450806176e-15
0.655125,0.012030623730152
0.65525,0.0170138712429991
0.655375,0.012030623730165
0.6555,1.41557804407373e-14
0.655625,-0.0120306237301559
0.65575,-0.0170138712429991
0.655875,-0.012030623730161
0.656,-8.53644062125828e-15
0.656125,0.012030623730149
0.65625,0.0170138712429991
0.656375,0.0120306237301571
0.6565,2.91710080177929e-15
0.656625,-0.0120306237301529
0.65675,-0.0170138712429991
0.656875,-0.012030623730164
0.657,2.7022390176997e-15
0.657125,0.012030623730146
0.65725,0.0170138712429991
0.657375,0.0120306237301601
0.6575,7.1524469149758e-15
0.657625,-0.0120306237301609
0.65775,-0.0170138712429991
0.657875,-0.012030623730167
0.658,-1.53310709549681e-15
0.658125,0.0120306237301539
0.65825,0.0170138712429991
0.658375,0.0120306237301631
0.6585,1.13877930281723e-14
0.658625,-0.0120306237301579
0.65875,-0.0170138712429991
0.658875,-0.01203062373017
0.659,-5.76845320869332e-15
0.659125,0.0120306237301509
0.65925,0.0170138712429991
0.659375,0.012030623730166
0.6595,1.56231391413688e-14
0.659625,-0.0120306237301549
0.65975,-0.0170138712429991
0.659875,-0.0120306237301621
0.66,-1.00037993218898e-14
0.660125,0.0120306237301479
0.66025,0.0170138712429991
0.660375,0.0120306237301581
0.6605,4.38445950241085e-15
0.660625,-0.0120306237301519
0.66075,-0.0170138712429991
0.660875,-0.0120306237301651
0.661,1.23488031706814e-15
0.661125,0.0120306237301559
0.66125,0.0170138712429991
0.661375,0.0120306237301611
0.6615,8.61980561560736e-15
0.661625,-0.0120306237301598
0.66175,-0.0170138712429991
0.661875,-0.0120306237301681
0.662,-3.00046579612837e-15
0.662125,0.0120306237301529
0.66225,0.0170138712429991
0.662375,0.0120306237301641
0.6625,1.28551517288039e-14
0.662625,-0.0120306237301569
0.66275,-0.0170138712429991
0.662875,-0.0120306237301601
0.663,-7.23581190932488e-15
0.663125,0.0120306237301499
0.66325,0.0170138712429991
0.663375,0.0120306237301561
0.6635,1.70904978420004e-14
0.663625,-0.0120306237301539
0.66375,-0.0170138712429991
0.663875,-0.0120306237301631
0.664,4.0028677296331e-15
0.664125,0.0120306237301469
0.66425,0.0170138712429991
0.664375,0.0120306237301591
0.6645,5.8518182030424e-15
0.664625,-0.0120306237301509
0.66475,-0.0170138712429991
0.664875,-0.0120306237301661
0.665,-2.32478383563416e-16
0.665125,0.0120306237301548
0.66525,0.0170138712429991
0.665375,0.0120306237301621
0.6655,1.00871643162389e-14
0.665625,-0.0120306237301588
0.66575,-0.0170138712429991
0.665875,-0.0120306237301691
0.666,-4.46782449675993e-15
0.666125,0.0120306237301518
0.66625,0.0170138712429991
0.666375,0.0120306237301651
0.6665,1.43225104294354e-14
0.666625,-0.0120306237301558
0.66675,-0.0170138712429991
0.666875,-0.0120306237301612
0.667,-8.70317060995644e-15
0.667125,0.0120306237301488
0.66725,0.0170138712429991
0.667375,0.0120306237301572
0.6675,3.08383079047745e-15
0.667625,-0.0120306237301528
0.66775,-0.0170138712429991
0.667875,-0.0120306237301641
0.668,2.53550902900154e-15
0.668125,0.0120306237301568
0.66825,0.0170138712429991
0.668375,0.0120306237301602
0.6685,7.31917690367396e-15
0.668625,-0.0120306237301608
0.66875,-0.0170138712429991
0.668875,-0.0120306237301671
0.669,-1.69983708419497e-15
0.669125,0.0120306237301538
0.66925,0.0170138712429991
0.669375,0.0120306237301632
0.6695,1.15545230168705e-14
0.669625,-0.0120306237301578
0.66975,-0.0170138712429991
0.669875,-0.0120306237301701
0.67,-5.93518319739149e-15
0.670125,0.0120306237301508
0.67025,0.0170138712429991
0.670375,0.0120306237301552
0.6705,1.5789869130067e-14
0.670625,-0.0120306237301548
0.67075,-0.0170138712429991
0.670875,-0.0120306237301622
0.671,-1.0170529310588e-14
0.671125,0.0120306237301478
0.67125,0.0170138712429991
0.671375,0.0120306237301582
0.6715,4.55118949110901e-15
0.671625,-0.0120306237301518
0.67175,-0.0170138712429991
0.671875,-0.0120306237301652
0.672,1.06815032836998e-15
0.672125,0.0120306237301558
0.67225,0.0170138712429991
0.672375,0.0120306237301722
0.6725,8.78653560430552e-15
0.672625,-0.0120306237301597
0.67275,-0.0170138712429991
0.672875,-0.0120306237301682
0.673,-3.16719578482653e-15
0.673125,0.0120306237301528
0.67325,0.0170138712429991
0.673375,0.0120306237301642
0.6735,1.3021881717502e-14
0.673625,-0.0120306237301567
0.67375,-0.0170138712429991
0.673875,-0.0120306237301602
0.674,-7.40254189802305e-15
0.674125,0.0120306237301498
0.67425,0.0170138712429991
0.674375,0.0120306237301672
0.6745,1.78320207854406e-15
0.674625,-0.0120306237301537
0.67475,-0.0170138712429991
0.674875,-0.0120306237301632
0.675,3.83613774093493e-15
0.675125,0.0120306237301577
0.67525,0.0170138712429991
0.675375,0.0120306237301702
0.6755,6.01854819174057e-15
0.675625,-0.0120306237301617
0.67575,-0.0170138712429991
0.675875,-0.0120306237301662
0.676,-3.9920837226158e-16
0.676125,0.0120306237301547
0.67625,0.0170138712429991
0.676375,0.0120306237301732
0.6765,1.02538943049371e-14
0.676625,-0.0120306237301587
0.67675,-0.0170138712429991
0.676875,-0.0120306237301692
0.677,-4.63455448545809e-15
0.677125,0.0120306237301517
0.67725,0.0170138712429991
0.677375,0.0120306237301652
0.6775,1.44892404181336e-14
0.677625,-0.0120306237301557
0.67775,-0.0170138712429991
0.677875,-0.0120306237301613
0.678,-8.8699005986546e-15
0.678125,0.0120306237301487
0.67825,0.0170138712429991
0.678375,0.0120306237301682
0.6785,3.25056077917562e-15
0.678625,-0.0120306237301527
0.67875,-0.0170138712429991
0.678875,-0.0120306237301643
0.679,2.36877904030337e-15
0.679125,0.0120306237301567
0.67925,0.0170138712429991
0.679375,0.0120306237301712
0.6795,7.48590689237213e-15
0.679625,-0.0120306237301606
0.67975,-0.0170138712429991
0.679875,-0.0120306237301673
0.68,-1.86656707289314e-15
0.680125,0.0120306237301537
0.68025,0.0170138712429991
0.680375,0.0120306237301633
0.6805,1.17212530055686e-14
0.680625,-0.0120306237301577
0.68075,-0.0170138712429991
0.680875,-0.0120306237301593
0.681,-6.10191318608965e-15
0.681125,0.0120306237301507
0.68125,0.0170138712429991
0.681375,0.0120306237301663
0.6815,4.82573366610662e-16
0.681625,-0.0120306237301547
0.68175,-0.0170138712429991
0.681875,-0.0120306237301623
0.682,5.13676645286833e-15
0.682125,0.0120306237301477
0.68225,0.0170138712429991
0.682375,0.0120306237301693
0.6825,4.71791947980717e-15
0.682625,-0.0120306237301517
0.68275,-0.0170138712429991
0.682875,-0.0120306237301653
0.683,9.01420339671814e-16
0.683125,0.0120306237301556
0.68325,0.0170138712429991
0.683375,0.0120306237301723
0.6835,8.95326559300369e-15
0.683625,-0.0120306237301596
0.68375,-0.0170138712429991
0.683875,-0.0120306237301683
0.684,-3.3339257735247e-15
0.684125,0.0120306237301526
0.68425,0.0170138712429991
0.684375,0.0120306237301643
0.6845,1.31886117062002e-14
0.684625,-0.0120306237301566
0.68475,-0.0170138712429991
0.684875,-0.0120306237301603
0.685,-7.56927188672121e-15
0.685125,0.0120306237301496
0.68525,0.0170138712429991
0.685375,0.0120306237301673
0.6855,1.94993206724222e-15
0.685625,-0.0120306237301536
0.68575,-0.0170138712429991
0.685875,-0.0120306237301633
0.686,3.66940775223677e-15
0.686125,0.0120306237301576
0.68625,0.0170138712429991
0.686375,0.0120306237301703
0.6865,6.18527818043873e-15
0.686625,-0.0120306237301616
0.68675,-0.0170138712429991
0.686875,-0.0120306237301663
0.687,-5.65938360959744e-16
0.687125,0.0120306237301546
0.68725,0.0170138712429991
0.687375,0.0120306237301733
0.6875,1.04206242936352e-14
0.687625,-0.0120306237301586
0.68775,-0.0170138712429991
0.687875,-0.0120306237301584
0.688,-2.02753102263107e-14
0.688125,0.0120306237301516
0.68825,0.0170138712429991
0.688375,0.0120306237301654
0.6885,1.46559704068318e-14
0.688625,-0.0120306237301556
0.68875,-0.0170138712429991
0.688875,-0.0120306237301614
0.689,-9.03663058735277e-15
0.689125,0.0120306237301486
0.68925,0.0170138712429991
0.689375,0.0120306237301684
0.6895,3.41729076787378e-15
0.689625,-0.0120306237301526
0.68975,-0.0170138712429991
0.689875,-0.0120306237301644
0.69,-1.32719767005493e-14
0.690125,0.0120306237301566
0.69025,0.0170138712429991
0.690375,0.0120306237301713
0.6905,7.65263688107029e-15
0.690625,-0.0120306237301605
0.69075,-0.0170138712429991
0.690875,-0.0120306237301674
0.691,-1.75073228137458e-14
0.691125,0.0120306237301536
0.69125,0.0170138712429991
0.691375,0.0120306237301634
0.6915,1.18879829942668e-14
0.691625,-0.0120306237301575
0.69175,-0.0170138712429991
0.691875,-0.0120306237301594
0.692,-6.26864317478781e-15
0.692125,0.0120306237301506
0.69225,0.0170138712429991
0.692375,0.0120306237301664
0.6925,6.49303355308826e-16
0.692625,-0.0120306237301545
0.69275,-0.0170138712429991
0.692875,-0.0120306237301624
0.693,-1.05039892879843e-14
0.693125,0.0120306237301585
0.69325,0.0170138712429991
0.693375,0.0120306237301694
0.6935,4.88464946850534e-15
0.693625,-0.0120306237301625
0.69375,-0.0170138712429991
0.693875,-0.0120306237301654
0.694,-1.47393354011808e-14
0.694125,0.0120306237301555
0.69425,0.0170138712429991
0.694375,0.0120306237301724
0.6945,9.11999558170185e-15
0.694625,-0.0120306237301595
0.69475,-0.0170138712429991
0.694875,-0.0120306237301684
0.695,-1.89746815143773e-14
0.695125,0.0120306237301525
0.69525,0.0170138712429991
0.695375,0.0120306237301644
0.6955,1.33553416948984e-14
0.695625,-0.0120306237301565
0.69575,-0.0170138712429991
0.695875,-0.0120306237301605
0.696,-7.73600187541937e-15
0.696125,0.0120306237301495
0.69625,0.0170138712429991
0.696375,0.0120306237301674
0.6965,2.11666205594038e-15
0.696625,-0.0120306237301535
0.69675,-0.0170138712429991
0.696875,-0.0120306237301635
0.697,-1.19713479886159e-14
0.697125,0.0120306237301575
0.69725,0.0170138712429991
0.697375,0.0120306237301704
0.6975,6.3520081691369e-15
0.697625,-0.0120306237301614
0.69775,-0.0170138712429991
0.697875,-0.0120306237301665
0.698,-1.62066941018124e-14
0.698125,0.0120306237301545
0.69825,0.0170138712429991
0.698375,0.0120306237301625
0.6985,1.05873542823334e-14
0.698625,-0.0120306237301585
0.69875,-0.0170138712429991
0.698875,-0.0120306237301585
0.699,-4.96801446285442e-15
0.699125,0.0120306237301515
0.69925,0.0170138712429991
0.699375,0.0120306237301655
0.6995,-6.51325356624568e-16
0.699625,-0.0120306237301555
0.69975,-0.0170138712429991
0.699875,-0.0120306237301615
0.7,-9.20336057605093e-15
0.700125,0.0120306237301485
0.70025,0.0170138712429991
0.700375,0.0120306237301685
0.7005,3.58402075657194e-15
0.700625,-0.0120306237301634
0.70075,-0.0170138712429991
0.700875,-0.0120306237301645
0.701,-1.34387066892474e-14
0.701125,0.0120306237301564
0.70125,0.0170138712429991
0.701375,0.0120306237301715
0.7015,7.81936686976846e-15
0.701625,-0.0120306237301604
0.70175,-0.0170138712429991
0.701875,-0.0120306237301675
0.702,-1.7674052802444e-14
0.702125,0.0120306237301534
0.70225,0.0170138712429991
0.702375,0.0120306237301635
0.7025,1.2054712982965e-14
0.702625,-0.0120306237301574
0.70275,-0.0170138712429991
0.702875,-0.0120306237301595
0.703,-6.43537316348598e-15
0.703125,0.0120306237301504
0.70325,0.0170138712429991
0.703375,0.0120306237301665
0.7035,8.1603334400699e-16
0.703625,-0.0120306237301544
0.70375,-0.0170138712429991
0.703875,-0.0120306237301625
0.704,-1.06707192766825e-14
0.704125,0.0120306237301584
0.70425,0.0170138712429991
0.704375,0.0120306237301695
0.7045,5.0513794572035e-15
0.704625,-0.0120306237301514
0.70475,-0.0170138712429991
0.704875,-0.0120306237301655
0.705,-1.4906065389879e-14
0.705125,0.0120306237301554
0.70525,0.0170138712429991
0.705375,0.0120306237301616
0.7055,9.28672557040001e-15
0.705625,-0.0120306237301484
0.70575,-0.0170138712429991
0.705875,-0.0120306237301576
0.706,-1.91414115030755e-14
0.706125,0.0120306237301524
0.70625,0.0170138712429991
0.706375,0.0120306237301646
0.7065,1.35220716835965e-14
0.706625,-0.0120306237301454
0.70675,-0.0170138712429991
0.706875,-0.0120306237301606
0.707,-7.90273186411754e-15
0.707125,0.0120306237301494
0.70725,0.0170138712429991
0.707375,0.0120306237301676
0.7075,2.28339204463855e-15
0.707625,-0.0120306237301534
0.70775,-0.0170138712429991
0.707875,-0.0120306237301636
0.708,-1.2138077977314e-14
0.708125,0.0120306237301574
0.70825,0.0170138712429991
0.708375,0.0120306237301705
0.7085,6.51873815783506e-15
0.708625,-0.0120306237301504
0.70875,-0.0170138712429991
0.708875,-0.0120306237301666
0.709,-1.63734240905106e-14
0.709125,0.0120306237301544
0.70925,0.0170138712429991
0.709375,0.0120306237301626
0.7095,1.07540842710316e-14
0.709625,-0.0120306237301474
0.70975,-0.0170138712429991
0.709875,-0.0120306237301586
0.71,-5.13474445155258e-15
0.710125,0.0120306237301514
0.71025,0.0170138712429991
0.710375,0.0120306237301656
0.7105,-4.84595367926405e-16
0.710625,-0.0120306237301553
0.71075,-0.0170138712429991
0.710875,-0.0120306237301616
0.711,-9.3700905647491e-15
0.711125,0.0120306237301593
0.71125,0.0170138712429991
0.711375,0.0120306237301686
0.7115,3.75075074527011e-15
0.711625,-0.0120306237301523
0.71175,-0.0170138712429991
0.711875,-0.0120306237301646
0.712,-1.36054366779456e-14
0.712125,0.0120306237301563
0.71225,0.0170138712429991
0.712375,0.0120306237301716
0.7125,7.98609685846662e-15
0.712625,-0.0120306237301494
0.71275,-0.0170138712429991
0.712875,-0.0120306237301676
0.713,-1.78407827911421e-14
0.713125,0.0120306237301533
0.71325,0.0170138712429991
0.713375,0.0120306237301636
0.7135,1.22214429716631e-14
0.713625,-0.0120306237301464
0.71375,-0.0170138712429991
0.713875,-0.0120306237301597
0.714,-6.60210315218414e-15
0.714125,0.0120306237301503
0.71425,0.0170138712429991
0.714375,0.0120306237301666
0.7145,9.82763332705154e-16
0.714625,-0.0120306237301543
0.71475,-0.0170138712429991
0.714875,-0.0120306237301627
0.715,-1.08374492653807e-14
0.715125,0.0120306237301583
0.71525,0.0170138712429991
0.715375,0.0120306237301696
0.7155,5.21810944590167e-15
0.715625,-0.0120306237301513
0.71575,-0.0170138712429991
0.715875,-0.0120306237301657
0.716,-1.50727953785772e-14
0.716125,0.0120306237301553
0.71625,0.0170138712429991
0.716375,0.0120306237301617
0.7165,9.45345555909818e-15
0.716625,-0.0120306237301483
0.71675,-0.0170138712429991
0.716875,-0.0120306237301577
0.717,-3.83411573961919e-15
0.717125,0.0120306237301523
0.71725,0.0170138712429991
0.717375,0.0120306237301647
0.7175,-1.7852240798598e-15
0.717625,-0.0120306237301453
0.71775,-0.0170138712429991
0.717875,-0.0120306237301607
0.718,-8.0694618528157e-15
0.718125,0.0120306237301602
0.71825,0.0170138712429991
0.718375,0.0120306237301677
0.7185,2.45012203333671e-15
0.718625,-0.0120306237301533
0.71875,-0.0170138712429991
0.718875,-0.0120306237301637
0.719,-1.23048079660122e-14
0.719125,0.0120306237301572
0.71925,0.0170138712429991
0.719375,0.0120306237301707
0.7195,6.68546814653322e-15
0.719625,-0.0120306237301503
0.71975,-0.0170138712429991
0.719875,-0.0120306237301667
0.72,-1.65401540792087e-14
0.720125,0.0120306237301542
0.72025,0.0170138712429991
0.720375,0.0120306237301627
0.7205,1.09208142597297e-14
0.720625,-0.0120306237301473
0.72075,-0.0170138712429991
0.720875,-0.0120306237301587
0.721,-5.30147444025075e-15
0.721125,0.0120306237301512
0.72125,0.0170138712429991
0.721375,0.0120306237301657
0.7215,-3.17865379228241e-16
0.721625,-0.0120306237301552
0.72175,-0.0170138712429991
0.721875,-0.0120306237301617
0.722,-9.53682055344726e-15
0.722125,0.0120306237301592
0.72225,0.0170138712429991
0.722375,0.0120306237301687
0.7225,3.91748073396827e-15
0.722625,-0.0120306237301522
0.72275,-0.0170138712429991
0.722875,-0.0120306237301647
0.723,-1.37721666666438e-14
0.723125,0.0120306237301562
0.72325,0.0170138712429991
0.723375,0.0120306237301608
0.7235,8.15282684716478e-15
0.723625,-0.0120306237301492
0.72375,-0.0170138712429991
0.723875,-0.0120306237301568
0.724,-1.80075127798403e-14
0.724125,0.0120306237301532
0.72425,0.0170138712429991
0.724375,0.0120306237301638
0.7245,-3.08585279179319e-15
0.724625,-0.0120306237301462
0.72475,-0.0170138712429991
0.724875,-0.0120306237301598
0.725,-6.76883314088231e-15
0.725125,0.0120306237301502
0.72525,0.0170138712429991
0.725375,0.0120306237301668
0.7255,1.14949332140332e-15
0.725625,-0.0120306237301542
0.72575,-0.0170138712429991
0.725875,-0.0120306237301628
0.726,-1.10041792540788e-14
0.726125,0.0120306237301582
0.72625,0.0170138712429991
0.726375,0.0120306237301697
0.7265,5.38483943459983e-15
0.726625,-0.0120306237301512
0.72675,-0.0170138712429991
0.726875,-0.0120306237301658
0.727,-1.52395253672753e-14
0.727125,0.0120306237301552
0.72725,0.0170138712429991
0.727375,0.0120306237301618
0.7275,9.62018554779634e-15
0.727625,-0.0120306237301482
0.72775,-0.0170138712429991
0.727875,-0.0120306237301578
0.728,-4.00084572831735e-15
0.728125,0.0120306237301522
0.72825,0.0170138712429991
0.728375,0.0120306237301648
0.7285,-1.61849409116164e-15
0.728625,-0.0120306237301561
0.72875,-0.0170138712429991
0.728875,-0.0120306237301608
0.729,-8.23619184151386e-15
0.729125,0.0120306237301601
0.72925,0.0170138712429991
0.729375,0.0120306237301678
0.7295,2.61685202203488e-15
0.729625,-0.0120306237301531
0.72975,-0.0170138712429991
0.729875,-0.0120306237301638
0.73,-1.24715379547104e-14
0.730125,0.0120306237301571
0.73025,0.0170138712429991
0.730375,0.0120306237301708
0.7305,6.85219813523139e-15
0.730625,-0.0120306237301502
0.73075,-0.0170138712429991
0.730875,-0.0120306237301559
0.731,-1.67068840679069e-14
0.731125,0.0120306237301541
0.73125,0.0170138712429991
0.731375,0.0120306237301628
0.7315,1.10875442484279e-14
0.731625,-0.0120306237301472
0.73175,-0.0170138712429991
0.731875,-0.0120306237301589
0.732,-5.46820442894891e-15
0.732125,0.0120306237301511
0.73225,0.0170138712429991
0.732375,0.0120306237301658
0.7325,-1.51135390530077e-16
0.732625,-0.0120306237301551
0.73275,-0.0170138712429991
0.732875,-0.0120306237301619
0.733,-9.70355054214542e-15
0.733125,0.0120306237301591
0.73325,0.0170138712429991
0.733375,0.0120306237301688
0.7335,4.08421072266643e-15
0.733625,-0.0120306237301521
0.73375,-0.0170138712429991
0.733875,-0.0120306237301649
0.734,-1.39388966553419e-14
0.734125,0.0120306237301561
0.73425,0.0170138712429991
0.734375,0.0120306237301609
0.7345,8.31955683586295e-15
0.734625,-0.0120306237301491
0.73475,-0.0170138712429991
0.734875,-0.0120306237301678
0.735,-2.70021701638396e-15
0.735125,0.0120306237301531
0.73525,0.0170138712429991
0.735375,0.0120306237301639
0.7355,-2.91912280309503e-15
0.735625,-0.0120306237301571
0.73575,-0.0170138712429991
0.735875,-0.0120306237301708
0.736,-6.93556312958047e-15
0.736125,0.012030623730161
0.73625,0.0170138712429991
0.736375,0.0120306237301669
0.7365,1.31622331010148e-15
0.736625,-0.0120306237301541
0.73675,-0.0170138712429991
0.736875,-0.0120306237301738
0.737,-1.1170909242777e-14
0.737125,0.012030623730158
0.73725,0.0170138712429991
0.737375,0.0120306237301699
0.7375,5.55156942329799e-15
0.737625,-0.0120306237301511
0.73775,-0.0170138712429991
0.737875,-0.0120306237301659
0.738,-1.54062553559735e-14
0.738125,0.012030623730155
0.73825,0.0170138712429991
0.738375,0.0120306237301619
0.7385,9.7869155364945e-15
0.738625,-0.0120306237301481
0.73875,-0.0170138712429991
0.738875,-0.0120306237301689
0.739,-4.16757571701552e-15
0.739125,0.0120306237301521
0.73925,0.0170138712429991
0.739375,0.0120306237301649
0.7395,-1.45176410246347e-15
0.739625,-0.012030623730156
0.73975,-0.0170138712429991
0.739875,-0.0120306237301719
0.74,-8.40292183021203e-15
0.740125,0.01203062373016
0.74025,0.0170138712429991
0.740375,0.0120306237301679
0.7405,2.78358201073304e-15
0.740625,-0.012030623730153
0.74075,-0.0170138712429991
0.740875,-0.0120306237301639
0.741,-1.26382679434085e-14
0.741125,0.012030623730157
0.74125,0.0170138712429991
0.741375,0.01203062373016
0.7415,7.01892812392955e-15
0.741625,-0.01203062373015
0.74175,-0.0170138712429991
0.741875,-0.0120306237301669
0.742,-1.39958830445056e-15
0.742125,0.012030623730154
0.74225,0.0170138712429991
0.742375,0.012030623730163
0.7425,-4.21975151502842e-15
0.742625,-0.012030623730147
0.74275,-0.0170138712429991
0.742875,-0.0120306237301699
0.743,-5.63493441764708e-15
0.743125,0.012030623730151
0.74325,0.0170138712429991
0.743375,0.012030623730166
0.7435,1.55945981680872e-17
0.743625,-0.012030623730155
0.74375,-0.0170138712429991
0.743875,-0.0120306237301729
0.744,-9.87028053084359e-15
0.744125,0.012030623730159
0.74425,0.0170138712429991
0.744375,0.0120306237301689
0.7445,4.2509407113646e-15
0.744625,-0.012030623730152
0.74475,-0.0170138712429991
0.744875,-0.012030623730165
0.745,-1.41056266440401e-14
0.745125,0.012030623730156
0.74525,0.0170138712429991
0.745375,0.012030623730161
0.7455,8.48628682456111e-15
0.745625,-0.012030623730149
0.74575,-0.0170138712429991
0.745875,-0.012030623730168
0.746,-2.86694700508212e-15
0.746125,0.012030623730153
0.74625,0.0170138712429991
0.746375,0.012030623730164
0.7465,-2.75239281439687e-15
0.746625,-0.0120306237301569
0.74675,-0.0170138712429991
0.746875,-0.012030623730171
0.747,-7.10229311827863e-15
0.747125,0.0120306237301609
0.74725,0.0170138712429991
0.747375,0.012030623730167
0.7475,1.48295329879965e-15
0.747625,-0.0120306237301539
0.74775,-0.0170138712429991
0.747875,-0.012030623730174
0.748,-1.13376392314751e-14
0.748125,0.0120306237301579
0.74825,0.0170138712429991
0.748375,0.012030623730159
0.7485,5.71829941199616e-15
0.748625,-0.012030623730151
0.74875,-0.0170138712429991
0.748875,-0.012030623730166
0.749,-1.55729853446717e-14
0.749125,0.0120306237301549
0.74925,0.0170138712429991
0.749375,0.012030623730162
0.7495,9.95364552519267e-15
0.749625,-0.012030623730148
0.74975,-0.0170138712429991
0.749875,-0.012030623730169
0.75,-4.33430570571368e-15
0.750125,0.0120306237301519
0.75025,0.0170138712429991
0.750375,0.012030623730165
0.7505,1.41889916383892e-14
0.750625,-0.0120306237301559
0.75075,-0.0170138712429991
0.750875,-0.012030623730172
0.751,-8.56965181891019e-15
0.751125,0.0120306237301599
0.75125,0.0170138712429991
0.751375,0.012030623730168
0.7515,1.84243377515857e-14
0.751625,-0.0120306237301529
0.75175,-0.0170138712429991
0.751875,-0.0120306237301641
0.752,-1.28049979321067e-14
0.752125,0.0120306237301569
0.75225,0.0170138712429991
0.752375,0.0120306237301601
0.7525,7.18565811262772e-15
0.752625,-0.0120306237301499
0.75275,-0.0170138712429991
0.752875,-0.012030623730167
0.753,-1.56631829314873e-15
0.753125,0.0120306237301539
0.75325,0.0170138712429991
0.753375,0.0120306237301631
0.7535,1.14210042258242e-14
0.753625,-0.0120306237301579
0.75375,-0.0170138712429991
0.753875,-0.01203062373017
0.754,-5.80166440634524e-15
0.754125,0.0120306237301618
0.75425,0.0170138712429991
0.754375,0.0120306237301661
0.7545,1.56563503390207e-14
0.754625,-0.0120306237301549
0.75475,-0.0170138712429991
0.754875,-0.012030623730173
0.755,-1.00370105195418e-14
0.755125,0.0120306237301588
0.75525,0.0170138712429991
0.755375,0.0120306237301691
0.7555,1.98916964522172e-14
0.755625,-0.0120306237301519
0.75575,-0.0170138712429991
0.755875,-0.0120306237301651
0.756,-1.42723566327383e-14
0.756125,0.0120306237301558
0.75625,0.0170138712429991
0.756375,0.0120306237301611
0.7565,8.65301681325927e-15
0.756625,-0.0120306237301489
0.75675,-0.0170138712429991
0.756875,-0.0120306237301681
0.757,-3.03367699378029e-15
0.757125,0.0120306237301529
0.75725,0.0170138712429991
0.757375,0.0120306237301641
0.7575,1.28883629264558e-14
0.757625,-0.0120306237301568
0.75775,-0.0170138712429991
0.757875,-0.0120306237301711
0.758,-7.2690231069768e-15
0.758125,0.0120306237301608
0.75825,0.0170138712429991
0.758375,0.0120306237301671
0.7585,1.71237090396523e-14
0.758625,-0.0120306237301538
0.75875,-0.0170138712429991
0.758875,-0.0120306237301631
0.759,-1.15043692201733e-14
0.759125,0.0120306237301578
0.75925,0.0170138712429991
0.759375,0.0120306237301592
0.7595,5.88502940069432e-15
0.759625,-0.0120306237301508
0.75975,-0.0170138712429991
0.759875,-0.0120306237301661
0.76,-2.65689581215333e-16
0.760125,0.0120306237301548
0.76025,0.0170138712429991
0.760375,0.0120306237301622
0.7605,1.01203755138908e-14
0.760625,-0.0120306237301478
0.76075,-0.0170138712429991
0.760875,-0.0120306237301691
0.761,-4.50103569441184e-15
0.761125,0.0120306237301628
0.76125,0.0170138712429991
0.761375,0.0120306237301651
0.7615,1.43557216270873e-14
0.761625,-0.0120306237301558
0.76175,-0.0170138712429991
0.761875,-0.0120306237301721
0.762,-8.73638180760836e-15
0.762125,0.0120306237301598
0.76225,0.0170138712429991
0.762375,0.0120306237301681
0.7625,1.85910677402839e-14
0.762625,-0.0120306237301528
0.76275,-0.0170138712429991
0.762875,-0.0120306237301642
0.763,-1.29717279208049e-14
0.763125,0.0120306237301568
0.76325,0.0170138712429991
0.763375,0.0120306237301602
0.7635,7.35238810132588e-15
0.763625,-0.0120306237301498
0.76375,-0.0170138712429991
0.763875,-0.0120306237301672
0.764,-1.73304828184689e-15
0.764125,0.0120306237301538
0.76425,0.0170138712429991
0.764375,0.0120306237301632
0.7645,1.15877342145224e-14
0.764625,-0.0120306237301577
0.76475,-0.0170138712429991
0.764875,-0.0120306237301702
0.765,-5.9683943950434e-15
0.765125,0.0120306237301617
0.76525,0.0170138712429991
0.765375,0.0120306237301662
0.7655,1.58230803277189e-14
0.765625,-0.0120306237301547
0.76575,-0.0170138712429991
0.765875,-0.0120306237301622
0.766,-1.02037405082399e-14
0.766125,0.0120306237301478
0.76625,0.0170138712429991
0.766375,0.0120306237301582
0.7665,2.00584264409154e-14
0.766625,-0.0120306237301518
0.76675,-0.0170138712429991
0.766875,-0.0120306237301652
0.767,-1.44390866214364e-14
0.767125,0.0120306237301448
0.76725,0.0170138712429991
0.767375,0.0120306237301612
0.7675,8.81974680195744e-15
0.767625,-0.0120306237301488
0.76775,-0.0170138712429991
0.767875,-0.0120306237301682
0.768,-3.20040698247845e-15
0.768125,0.0120306237301527
0.76825,0.0170138712429991
0.768375,0.0120306237301642
0.7685,1.3055092915154e-14
0.768625,-0.0120306237301567
0.76875,-0.0170138712429991
0.768875,-0.0120306237301712
0.769,-7.43575309567496e-15
0.769125,0.0120306237301497
0.76925,0.0170138712429991
0.769375,0.0120306237301672
0.7695,1.72904390283505e-14
0.769625,-0.0120306237301537
0.76975,-0.0170138712429991
0.769875,-0.0120306237301633
0.77,-1.16710992088715e-14
0.770125,0.0120306237301467
0.77025,0.0170138712429991
0.770375,0.0120306237301593
0.7705,6.05175938939249e-15
0.770625,-0.0120306237301507
0.77075,-0.0170138712429991
0.770875,-0.0120306237301662
0.771,-4.32419569913497e-16
0.771125,0.0120306237301547
0.77125,0.0170138712429991
0.771375,0.0120306237301623
0.7715,1.0287105502589e-14
0.771625,-0.0120306237301587
0.77175,-0.0170138712429991
0.771875,-0.0120306237301692
0.772,-4.66776568311001e-15
0.772125,0.0120306237301517
0.77225,0.0170138712429991
0.772375,0.0120306237301653
0.7725,1.45224516157855e-14
0.772625,-0.0120306237301557
0.77275,-0.0170138712429991
0.772875,-0.0120306237301722
0.773,-8.90311179630652e-15
0.773125,0.0120306237301487
0.77325,0.0170138712429991
0.773375,0.0120306237301683
0.7735,1.8757797728982e-14
0.773625,-0.0120306237301527
0.77375,-0.0170138712429991
0.773875,-0.0120306237301643
0.774,-1.3138457909503e-14
0.774125,0.0120306237301457
0.77425,0.0170138712429991
0.774375,0.0120306237301603
0.7745,7.51911809002404e-15
0.774625,-0.0120306237301497
0.77475,-0.0170138712429991
0.774875,-0.0120306237301673
0.775,-1.89977827054506e-15
0.775125,0.0120306237301537
0.77525,0.0170138712429991
0.775375,0.0120306237301633
0.7755,1.17544642032206e-14
0.775625,-0.0120306237301576
0.77575,-0.0170138712429991
0.775875,-0.0120306237301703
0.776,-6.13512438374157e-15
0.776125,0.0120306237301507
0.77625,0.0170138712429991
0.776375,0.0120306237301663
0.7765,1.59898103164171e-14
0.776625,-0.0120306237301546
0.77675,-0.0170138712429991
0.776875,-0.0120306237301623
0.777,-1.03704704969381e-14
0.777125,0.0120306237301477
0.77725,0.0170138712429991
0.777375,0.0120306237301584
0.7775,4.75113067745909e-15
0.777625,-0.0120306237301516
0.77775,-0.0170138712429991
0.777875,-0.0120306237301653
0.778,8.68209142019898e-16
0.778125,0.0120306237301447
0.77825,0.0170138712429991
0.778375,0.0120306237301614
0.7785,8.9864767906556e-15
0.778625,-0.0120306237301596
0.77875,-0.0170138712429991
0.778875,-0.0120306237301683
0.779,-3.36713697117661e-15
0.779125,0.0120306237301526
0.77925,0.0170138712429991
0.779375,0.0120306237301643
0.7795,1.32218229038521e-14
0.779625,-0.0120306237301566
0.77975,-0.0170138712429991
0.779875,-0.0120306237301713
0.78,-7.60248308437313e-15
0.780125,0.0120306237301496
0.78025,0.0170138712429991
0.780375,0.0120306237301673
0.7805,1.74571690170486e-14
0.780625,-0.0120306237301536
0.78075,-0.0170138712429991
0.780875,-0.0120306237301634
0.781,-1.18378291975696e-14
0.781125,0.0120306237301466
0.78125,0.0170138712429991
0.781375,0.0120306237301594
0.7815,6.21848937809065e-15
0.781625,-0.0120306237301506
0.78175,-0.0170138712429991
0.781875,-0.0120306237301664
0.782,-5.99149558611661e-16
0.782125,0.0120306237301546
0.78225,0.0170138712429991
0.782375,0.0120306237301624
0.7825,1.04538354912872e-14
0.782625,-0.0120306237301585
0.78275,-0.0170138712429991
0.782875,-0.0120306237301694
0.783,-4.83449567180817e-15
0.783125,0.0120306237301516
0.78325,0.0170138712429991
0.783375,0.0120306237301654
0.7835,1.46891816044837e-14
0.783625,-0.0120306237301556
0.78375,-0.0170138712429991
0.783875,-0.0120306237301614
0.784,-9.06984178500468e-15
0.784125,0.0120306237301486
0.78425,0.0170138712429991
0.784375,0.0120306237301574
0.7845,1.89245277176802e-14
0.784625,-0.0120306237301526
0.78475,-0.0170138712429991
0.784875,-0.0120306237301644
0.785,2.16883785395329e-15
0.785125,0.0120306237301456
0.78525,0.0170138712429991
0.785375,0.0120306237301604
0.7855,7.68584807872221e-15
0.785625,-0.0120306237301496
0.78575,-0.0170138712429991
0.785875,-0.0120306237301674
0.786,-2.06650825924322e-15
0.786125,0.0120306237301535
0.78625,0.0170138712429991
0.786375,0.0120306237301634
0.7865,1.19211941919187e-14
0.786625,-0.0120306237301575
0.78675,-0.0170138712429991
0.786875,-0.0120306237301704
0.787,-6.30185437243973e-15
0.787125,0.0120306237301505
0.78725,0.0170138712429991
0.787375,0.0120306237301664
0.7875,1.61565403051152e-14
0.787625,-0.0120306237301545
0.78775,-0.0170138712429991
0.787875,-0.0120306237301624
0.788,-1.05372004856362e-14
0.788125,0.0120306237301475
0.78825,0.0170138712429991
0.788375,0.0120306237301585
0.7885,4.91786066615725e-15
0.788625,-0.0120306237301515
0.78875,-0.0170138712429991
0.788875,-0.0120306237301654
0.789,7.01479153321734e-16
0.789125,0.0120306237301555
0.78925,0.0170138712429991
0.789375,0.0120306237301615
0.7895,9.15320677935377e-15
0.789625,-0.0120306237301595
0.78975,-0.0170138712429991
0.789875,-0.0120306237301684
0.79,-3.53386695987478e-15
0.790125,0.0120306237301525
0.79025,0.0170138712429991
0.790375,0.0120306237301645
0.7905,1.33885528925503e-14
0.790625,-0.0120306237301565
0.79075,-0.0170138712429991
0.790875,-0.0120306237301714
0.791,-7.76921307307129e-15
0.791125,0.0120306237301495
0.79125,0.0170138712429991
0.791375,0.0120306237301565
0.7915,1.76238990057468e-14
0.791625,-0.0120306237301535
0.79175,-0.0170138712429991
0.791875,-0.0120306237301635
0.792,-1.20045591862678e-14
0.792125,0.0120306237301465
0.79225,0.0170138712429991
0.792375,0.0120306237301595
0.7925,6.38521936678881e-15
0.792625,-0.0120306237301505
0.79275,-0.0170138712429991
0.792875,-0.0120306237301665
0.793,-7.65879547309825e-16
0.793125,0.0120306237301545
0.79325,0.0170138712429991
0.793375,0.0120306237301625
0.7935,1.06205654799853e-14
0.793625,-0.0120306237301584
0.79375,-0.0170138712429991
0.793875,-0.0120306237301695
0.794,-5.00122566050634e-15
0.794125,0.0120306237301515
0.79425,0.0170138712429991
0.794375,0.0120306237301655
0.7945,1.48559115931818e-14
0.794625,-0.0120306237301554
0.79475,-0.0170138712429991
0.794875,-0.0120306237301615
0.795,-9.23657177370285e-15
0.795125,0.0120306237301485
0.79525,0.0170138712429991
0.795375,0.0120306237301576
0.7955,3.61723195422386e-15
0.795625,-0.0120306237301524
0.79575,-0.0170138712429991
0.795875,-0.0120306237301645
0.796,2.00210786525513e-15
0.796125,0.0120306237301564
0.79625,0.0170138712429991
0.796375,0.0120306237301606
0.7965,7.85257806742037e-15
0.796625,-0.0120306237301604
0.79675,-0.0170138712429991
0.796875,-0.0120306237301675
0.797,-2.23323824794138e-15
0.797125,0.0120306237301534
0.79725,0.0170138712429991
0.797375,0.0120306237301745
0.7975,1.20879241806169e-14
0.797625,-0.0120306237301574
0.79775,-0.0170138712429991
0.797875,-0.0120306237301705
0.798,-6.46858436113789e-15
0.798125,0.0120306237301504
0.79825,0.0170138712429991
0.798375,0.0120306237301665
0.7985,1.63232702938134e-14
0.798625,-0.0120306237301544
0.79875,-0.0170138712429991
0.798875,-0.0120306237301626
0.799,-1.07039304743344e-14
0.799125,0.0120306237301474
0.79925,0.0170138712429991
0.799375,0.0120306237301695
0.7995,5.08459065485542e-15
0.799625,-0.0120306237301514
0.79975,-0.0170138712429991
0.799875,-0.0120306237301656
0.8,5.3474916462357e-16
0.800125,0.0120306237301554
0.80025,0.0170138712429991
0.800375,0.0120306237301725
0.8005,9.31993676805193e-15
0.800625,-0.0120306237301593
0.80075,-0.0170138712429991
0.800875,-0.0120306237301686
0.801,-3.70059694857294e-15
0.801125,0.0120306237301524
0.80125,0.0170138712429991
0.801375,0.0120306237301646
0.8015,1.35552828812484e-14
0.801625,-0.0120306237301564
0.80175,-0.0170138712429991
0.801875,-0.0120306237301606
0.802,-7.93594306176945e-15
0.802125,0.0120306237301494
0.80225,0.0170138712429991
0.802375,0.0120306237301676
0.8025,2.31660324229047e-15
0.802625,-0.0120306237301534
0.80275,-0.0170138712429991
0.802875,-0.0120306237301636
0.803,3.30273657718852e-15
0.803125,0.0120306237301464
0.80325,0.0170138712429991
0.803375,0.0120306237301706
0.8035,6.55194935548698e-15
0.803625,-0.0120306237301504
0.80375,-0.0170138712429991
0.803875,-0.0120306237301666
0.804,-9.32609536007989e-16
0.804125,0.0120306237301543
0.80425,0.0170138712429991
0.804375,0.0120306237301736
0.8045,1.07872954686835e-14
0.804625,-0.0120306237301583
0.80475,-0.0170138712429991
0.804875,-0.0120306237301696
0.805,-5.1679556492045e-15
0.805125,0.0120306237301513
0.80525,0.0170138712429991
0.805375,0.0120306237301656
0.8055,1.502264158188e-14
0.805625,-0.0120306237301553
0.80575,-0.0170138712429991
0.805875,-0.0120306237301616
0.806,-9.40330176240101e-15
0.806125,0.0120306237301483
0.80625,0.0170138712429991
0.806375,0.0120306237301686
0.8065,3.78396194292202e-15
0.806625,-0.0120306237301523
0.80675,-0.0170138712429991
0.806875,-0.0120306237301646
0.807,1.83537787655696e-15
0.807125,0.0120306237301563
0.80725,0.0170138712429991
0.807375,0.0120306237301716
0.8075,8.01930805611854e-15
0.807625,-0.0120306237301603
0.80775,-0.0170138712429991
0.807875,-0.0120306237301676
0.808,-2.39996823663955e-15
0.808125,0.0120306237301533
0.80825,0.0170138712429991
0.808375,0.0120306237301746
0.8085,1.2254654169315e-14
0.808625,-0.0120306237301573
0.80875,-0.0170138712429991
0.808875,-0.0120306237301597
0.809,-6.63531434983606e-15
0.809125,0.0120306237301503
0.80925,0.0170138712429991
0.809375,0.0120306237301667
0.8095,1.64900002825116e-14
0.809625,-0.0120306237301543
0.80975,-0.0170138712429991
0.809875,-0.0120306237301627
0.81,-1.08706604630326e-14
0.810125,0.0120306237301473
0.81025,0.0170138712429991
0.810375,0.0120306237301697
0.8105,5.25132064355358e-15
0.810625,-0.0120306237301513
0.81075,-0.0170138712429991
0.810875,-0.0120306237301657
0.811,3.68019175925406e-16
0.811125,0.0120306237301553
0.81125,0.0170138712429991
0.811375,0.0120306237301726
0.8115,9.48666675675009e-15
0.811625,-0.0120306237301592
0.81175,-0.0170138712429991
0.811875,-0.0120306237301687
0.812,-3.86732693727111e-15
0.812125,0.0120306237301523
0.81225,0.0170138712429991
0.812375,0.0120306237301647
0.8125,1.37220128699466e-14
0.812625,-0.0120306237301562
0.81275,-0.0170138712429991
0.812875,-0.0120306237301607
0.813,-8.10267305046762e-15
0.813125,0.0120306237301493
0.81325,0.0170138712429991
0.813375,0.0120306237301677
0.8135,2.48333323098863e-15
0.813625,-0.0120306237301532
0.81375,-0.0170138712429991
0.813875,-0.0120306237301637
0.814,-1.23380191636641e-14
0.814125,0.0120306237301572
0.81425,0.0170138712429991
0.814375,0.0120306237301707
0.8145,6.71867934418514e-15
0.814625,-0.0120306237301612
0.81475,-0.0170138712429991
0.814875,-0.0120306237301667
0.815,-1.65733652768606e-14
0.815125,0.0120306237301542
0.81525,0.0170138712429991
0.815375,0.0120306237301737
0.8155,1.09540254573817e-14
0.815625,-0.0120306237301582
0.81575,-0.0170138712429991
0.815875,-0.0120306237301697
0.816,-2.08087113900572e-14
0.816125,0.0120306237301512
0.81625,0.0170138712429991
0.816375,0.0120306237301657
0.8165,1.51893715705782e-14
0.816625,-0.0120306237301552
0.81675,-0.0170138712429991
0.816875,-0.0120306237301618
0.817,-9.57003175109918e-15
0.817125,0.0120306237301482
0.81725,0.0170138712429991
0.817375,0.0120306237301687
0.8175,3.95069193162019e-15
0.817625,-0.0120306237301522
0.81775,-0.0170138712429991
0.817875,-0.0120306237301648
0.818,-1.38053778642957e-14
0.818125,0.0120306237301562
0.81825,0.0170138712429991
0.818375,0.0120306237301717
0.8185,8.1860380448167e-15
0.818625,-0.0120306237301602
0.81875,-0.0170138712429991
0.818875,-0.0120306237301678
0.819,-1.80407239774922e-14
0.819125,0.0120306237301532
0.81925,0.0170138712429991
0.819375,0.0120306237301638
0.8195,1.24213841580132e-14
0.819625,-0.0120306237301572
0.81975,-0.0170138712429991
0.819875,-0.0120306237301598
0.82,-6.80204433853422e-15
0.820125,0.0120306237301502
0.82025,0.0170138712429991
0.820375,0.0120306237301668
0.8205,1.18270451905523e-15
0.820625,-0.0120306237301542
0.82075,-0.0170138712429991
0.820875,-0.0120306237301628
0.821,-1.10373904517307e-14
0.821125,0.0120306237301472
0.82125,0.0170138712429991
0.821375,0.0120306237301698
0.8215,5.41805063225175e-15
0.821625,-0.0120306237301621
0.82175,-0.0170138712429991
0.821875,-0.0120306237301658
0.822,-1.52727365649272e-14
0.822125,0.0120306237301551
0.82225,0.0170138712429991
0.822375,0.0120306237301728
0.8225,9.65339674544826e-15
0.822625,-0.0120306237301591
0.82275,-0.0170138712429991
0.822875,-0.0120306237301688
0.823,-1.95080826781238e-14
0.823125,0.0120306237301521
0.82325,0.0170138712429991
0.823375,0.0120306237301648
0.8235,1.38887428586448e-14
0.823625,-0.0120306237301561
0.82375,-0.0170138712429991
0.823875,-0.0120306237301608
0.824,-8.26940303916578e-15
0.824125,0.0120306237301492
0.82425,0.0170138712429991
0.824375,0.0120306237301678
0.8245,2.65006321968679e-15
0.824625,-0.0120306237301531
0.82475,-0.0170138712429991
0.824875,-0.0120306237301638
0.825,-1.25047491523623e-14
0.825125,0.0120306237301571
0.82525,0.0170138712429991
0.825375,0.0120306237301708
0.8255,6.8854093328833e-15
0.825625,-0.0120306237301611
0.82575,-0.0170138712429991
0.825875,-0.0120306237301668
0.826,-1.67400952655588e-14
0.826125,0.0120306237301541
0.82625,0.0170138712429991
0.826375,0.0120306237301629
0.8265,1.11207554460798e-14
0.826625,-0.0120306237301581
0.82675,-0.0170138712429991
0.826875,-0.0120306237301589
0.827,-2.09754413787553e-14
0.827125,0.0120306237301511
0.82725,0.0170138712429991
0.827375,0.0120306237301659
0.8275,1.53561015592763e-14
0.827625,-0.0120306237301551
0.82775,-0.0170138712429991
0.827875,-0.0120306237301619
0.828,-9.73676173979734e-15
0.828125,0.0120306237301481
0.82825,0.0170138712429991
0.828375,0.0120306237301688
0.8285,4.11742192031835e-15
0.828625,-0.0120306237301521
0.82875,-0.0170138712429991
0.828875,-0.0120306237301649
0.829,-1.39721078529939e-14
0.829125,0.0120306237301561
0.82925,0.0170138712429991
0.829375,0.0120306237301718
0.8295,8.35276803351486e-15
0.829625,-0.0120306237301491
0.82975,-0.0170138712429991
0.829875,-0.0120306237301679
0.83,-1.82074539661904e-14
0.830125,0.0120306237301531
0.83025,0.0170138712429991
0.830375,0.0120306237301639
0.8305,1.25881141467114e-14
0.830625,-0.0120306237301461
0.83075,-0.0170138712429991
0.830875,-0.0120306237301599
0.831,-6.96877432723239e-15
0.831125,0.0120306237301501
0.83125,0.0170138712429991
0.831375,0.0120306237301669
0.8315,1.3494345077534e-15
0.831625,-0.012030623730154
0.83175,-0.0170138712429991
0.831875,-0.0120306237301629
0.832,-1.12041204404289e-14
0.832125,0.012030623730158
0.83225,0.0170138712429991
0.832375,0.0120306237301699
0.8325,5.58478062094991e-15
0.832625,-0.012030623730151
0.83275,-0.0170138712429991
0.832875,-0.0120306237301659
0.833,-1.54394665536254e-14
0.833125,0.012030623730155
0.83325,0.0170138712429991
0.833375,0.0120306237301729
0.8335,9.82012673414642e-15
0.833625,-0.0120306237301481
0.83375,-0.0170138712429991
0.833875,-0.0120306237301689
0.834,-1.96748126668219e-14
0.834125,0.012030623730152
0.83425,0.0170138712429991
0.834375,0.0120306237301649
0.8345,1.40554728473429e-14
0.834625,-0.0120306237301451
0.83475,-0.0170138712429991
0.834875,-0.012030623730161
0.835,-8.43613302786394e-15
0.835125,0.012030623730149
0.83525,0.0170138712429991
0.835375,0.0120306237301679
0.8355,2.81679320838496e-15
0.835625,-0.012030623730153
0.83575,-0.0170138712429991
0.835875,-0.012030623730164
0.836,-1.26714791410605e-14
0.836125,0.012030623730157
0.83625,0.0170138712429991
0.836375,0.0120306237301709
0.8365,7.05213932158147e-15
0.836625,-0.01203062373015
0.83675,-0.0170138712429991
0.836875,-0.012030623730167
0.837,-1.6906825254257e-14
0.837125,0.012030623730154
0.83725,0.0170138712429991
0.837375,0.012030623730163
0.8375,1.1287485434778e-14
0.837625,-0.012030623730147
0.83775,-0.0170138712429991
0.837875,-0.012030623730159
0.838,-5.66814561529899e-15
0.838125,0.012030623730151
0.83825,0.0170138712429991
0.838375,0.012030623730166
0.8385,4.88057958200039e-17
0.838625,-0.012030623730155
0.83875,-0.0170138712429991
0.838875,-0.012030623730162
0.839,-9.9034917284955e-15
0.839125,0.0120306237301589
0.83925,0.0170138712429991
0.839375,0.012030623730169
0.8395,4.28415190901652e-15
0.839625,-0.012030623730152
0.83975,-0.0170138712429991
0.839875,-0.012030623730165
0.84,-1.4138837841692e-14
0.840125,0.0120306237301559
0.84025,0.0170138712429991
0.840375,0.012030623730172
0.8405,8.51949802221303e-15
0.840625,-0.012030623730149
0.84075,-0.0170138712429991
0.840875,-0.012030623730168
0.841,-1.83741839548885e-14
0.841125,0.0120306237301529
0.84125,0.0170138712429991
0.841375,0.012030623730164
0.8415,1.27548441354095e-14
0.841625,-0.012030623730146
0.84175,-0.0170138712429991
0.841875,-0.01203062373016
0.842,-7.13550431593055e-15
0.842125,0.01203062373015
0.84225,0.0170138712429991
0.842375,0.012030623730167
0.8425,1.51616449645156e-15
0.842625,-0.0120306237301539
0.84275,-0.0170138712429991
0.842875,-0.012030623730163
0.843,-1.13708504291271e-14
0.843125,0.0120306237301579
0.84325,0.0170138712429991
0.843375,0.01203062373017
0.8435,5.75151060964807e-15
0.843625,-0.0120306237301509
0.84375,-0.0170138712429991
0.843875,-0.012030623730166
0.844,-1.56061965423236e-14
0.844125,0.0120306237301549
0.84425,0.0170138712429991
0.844375,0.0120306237301621
0.8445,9.98685672284459e-15
0.844625,-0.0120306237301479
0.84475,-0.0170138712429991
0.844875,-0.0120306237301581
0.845,-4.3675169033656e-15
0.845125,0.0120306237301519
0.84525,0.0170138712429991
0.845375,0.0120306237301651
0.8455,-1.25182291611339e-15
0.845625,-0.0120306237301449
0.84575,-0.0170138712429991
0.845875,-0.0120306237301611
0.846,-8.60286301656211e-15
0.846125,0.0120306237301489
0.84625,0.0170138712429991
0.846375,0.012030623730168
0.8465,2.98352319708312e-15
0.846625,-0.0120306237301529
0.84675,-0.0170138712429991
0.846875,-0.0120306237301641
0.847,-1.28382091297586e-14
0.847125,0.0120306237301569
0.84725,0.0170138712429991
0.847375,0.012030623730171
0.8475,7.21886931027963e-15
0.847625,-0.0120306237301499
0.84775,-0.0170138712429991
0.847875,-0.0120306237301671
0.848,-1.70735552429551e-14
0.848125,0.0120306237301539
0.84825,0.0170138712429991
0.848375,0.0120306237301631
0.8485,1.14542154234761e-14
0.848625,-0.0120306237301469
0.84875,-0.0170138712429991
0.848875,-0.0120306237301591
0.849,-5.83487560399716e-15
0.849125,0.0120306237301509
0.84925,0.0170138712429991
0.849375,0.0120306237301661
0.8495,2.15535784518168e-16
0.849625,-0.0120306237301548
0.84975,-0.0170138712429991
0.849875,-0.0120306237301621
0.85,-1.00702217171937e-14
0.850125,0.0120306237301588
0.85025,0.0170138712429991
0.850375,0.0120306237301691
0.8505,4.45088189771468e-15
0.850625,-0.0120306237301519
0.85075,-0.0170138712429991
0.850875,-0.0120306237301651
0.851,-1.43055678303902e-14
0.851125,0.0120306237301558
0.85125,0.0170138712429991
0.851375,0.0120306237301611
0.8515,8.68622801091119e-15
0.851625,-0.0120306237301489
0.85175,-0.0170138712429991
0.851875,-0.0120306237301572
0.852,-1.85409139435867e-14
0.852125,0.0120306237301528
0.85225,0.0170138712429991
0.852375,0.0120306237301641
0.8525,1.29215741241077e-14
0.852625,-0.0120306237301459
0.85275,-0.0170138712429991
0.852875,-0.0120306237301602
0.853,-7.30223430462872e-15
0.853125,0.0120306237301498
0.85325,0.0170138712429991
0.853375,0.0120306237301671
0.8535,1.68289448514973e-15
0.853625,-0.0120306237301538
0.85375,-0.0170138712429991
0.853875,-0.0120306237301632
0.854,-1.15375804178252e-14
0.854125,0.0120306237301578
0.85425,0.0170138712429991
0.854375,0.0120306237301701
0.8545,5.91824059834624e-15
0.854625,-0.0120306237301508
0.85475,-0.0170138712429991
0.854875,-0.0120306237301662
0.855,-1.57729265310217e-14
0.855125,0.0120306237301548
0.85525,0.0170138712429991
0.855375,0.0120306237301622
0.8555,1.01535867115427e-14
0.855625,-0.0120306237301478
0.85575,-0.0170138712429991
0.855875,-0.0120306237301582
0.856,-4.53424689206376e-15
0.856125,0.0120306237301518
0.85625,0.0170138712429991
0.856375,0.0120306237301652
0.8565,-1.08509292741523e-15
0.856625,-0.0120306237301558
0.85675,-0.0170138712429991
0.856875,-0.0120306237301612
0.857,-8.76959300526027e-15
0.857125,0.0120306237301597
0.85725,0.0170138712429991
0.857375,0.0120306237301682
0.8575,3.15025318578129e-15
0.857625,-0.0120306237301528
0.85775,-0.0170138712429991
0.857875,-0.0120306237301642
0.858,-1.30049391184568e-14
0.858125,0.0120306237301567
0.85825,0.0170138712429991
0.858375,0.0120306237301712
0.8585,7.3855992989778e-15
0.858625,-0.0120306237301498
0.85875,-0.0170138712429991
0.858875,-0.0120306237301672
0.859,-1.72402852316533e-14
0.859125,0.0120306237301537
0.85925,0.0170138712429991
0.859375,0.0120306237301632
0.8595,1.16209454121743e-14
0.859625,-0.0120306237301468
0.85975,-0.0170138712429991
0.859875,-0.0120306237301702
0.86,-6.00160559269532e-15
0.860125,0.0120306237301508
0.86025,0.0170138712429991
0.860375,0.0120306237301662
0.8605,3.82265773216332e-16
0.860625,-0.0120306237301547
0.86075,-0.0170138712429991
0.860875,-0.0120306237301732
0.861,-1.02369517058918e-14
0.861125,0.0120306237301587
0.86125,0.0170138712429991
0.861375,0.0120306237301692
0.8615,4.61761188641284e-15
0.861625,-0.0120306237301517
0.86175,-0.0170138712429991
0.861875,-0.0120306237301652
0.862,-1.44722978190883e-14
0.862125,0.0120306237301557
0.86225,0.0170138712429991
0.862375,0.0120306237301613
0.8625,8.85295799960936e-15
0.862625,-0.0120306237301487
0.86275,-0.0170138712429991
0.862875,-0.0120306237301682
0.863,-3.23361818013037e-15
0.863125,0.0120306237301527
0.86325,0.0170138712429991
0.863375,0.0120306237301643
0.8635,-2.38572163934862e-15
0.863625,-0.0120306237301457
0.86375,-0.0170138712429991
0.863875,-0.0120306237301712
0.864,-7.46896429332688e-15
0.864125,0.0120306237301607
0.86425,0.0170138712429991
0.864375,0.0120306237301672
0.8645,1.84962447384789e-15
0.864625,-0.0120306237301537
0.86475,-0.0170138712429991
0.864875,-0.0120306237301742
0.865,-1.17043104065234e-14
0.865125,0.0120306237301577
0.86525,0.0170138712429991
0.865375,0.0120306237301702
0.8655,6.0849705870444e-15
0.865625,-0.0120306237301507
0.86575,-0.0170138712429991
0.865875,-0.0120306237301663
0.866,-1.59396565197199e-14
0.866125,0.0120306237301547
0.86625,0.0170138712429991
0.866375,0.0120306237301623
0.8665,1.03203167002409e-14
0.866625,-0.0120306237301477
0.86675,-0.0170138712429991
0.866875,-0.0120306237301693
0.867,-4.70097688076193e-15
0.867125,0.0120306237301517
0.86725,0.0170138712429991
0.867375,0.0120306237301653
0.8675,-9.18362938717063e-16
0.867625,-0.0120306237301556
0.86775,-0.0170138712429991
0.867875,-0.0120306237301723
0.868,-8.93632299395844e-15
0.868125,0.0120306237301596
0.86825,0.0170138712429991
0.868375,0.0120306237301683
0.8685,3.31698317447945e-15
0.868625,-0.0120306237301527
0.86875,-0.0170138712429991
0.868875,-0.0120306237301643
0.869,-1.31716691071549e-14
0.869125,0.0120306237301566
0.86925,0.0170138712429991
0.869375,0.0120306237301603
0.8695,7.55232928767596e-15
0.869625,-0.0120306237301497
0.86975,-0.0170138712429991
0.869875,-0.0120306237301673
0.87,-1.74070152203515e-14
0.870125,0.0120306237301536
0.87025,0.0170138712429991
0.870375,0.0120306237301633
0.8705,-3.68635035128202e-15
0.870625,-0.0120306237301467
0.87075,-0.0170138712429991
0.870875,-0.0120306237301703
0.871,-6.16833558139348e-15
0.871125,0.0120306237301506
0.87125,0.0170138712429991
0.871375,0.0120306237301663
0.8715,5.48995761914496e-16
0.871625,-0.0120306237301546
0.87175,-0.0170138712429991
0.871875,-0.0120306237301733
0.872,-1.040368169459e-14
0.872125,0.0120306237301586
0.87225,0.0170138712429991
0.872375,0.0120306237301693
0.8725,4.78434187511101e-15
0.872625,-0.0120306237301516
0.87275,-0.0170138712429991
0.872875,-0.0120306237301653
0.873,-1.46390278077865e-14
0.873125,0.0120306237301556
0.87325,0.0170138712429991
0.873375,0.0120306237301614
0.8735,9.01968798830752e-15
0.873625,-0.0120306237301486
0.87375,-0.0170138712429991
0.873875,-0.0120306237301683
0.874,-3.40034816882853e-15
0.874125,0.0120306237301526
0.87425,0.0170138712429991
0.874375,0.0120306237301644
0.8745,-2.21899165065046e-15
0.874625,-0.0120306237301566
0.87475,-0.0170138712429991
0.874875,-0.0120306237301713
0.875,-7.63569428202504e-15
0.875125,0.0120306237301605
0.87525,0.0170138712429991
0.875375,0.0120306237301674
0.8755,1.74903802147005e-14
0.875625,-0.0120306237301536
0.87575,-0.0170138712429991
0.875875,-0.0120306237301743
0.876,-1.18710403952216e-14
0.876125,0.0120306237301575
0.87625,0.0170138712429991
0.876375,0.0120306237301704
0.8765,2.17257263278971e-14
0.876625,-0.0120306237301506
0.87675,-0.0170138712429991
0.876875,-0.0120306237301664
0.877,-1.61063865084181e-14
0.877125,0.0120306237301546
0.87725,0.0170138712429991
0.877375,0.0120306237301624
0.8775,1.04870466889391e-14
0.877625,-0.0120306237301476
0.87775,-0.0170138712429991
0.877875,-0.0120306237301694
0.878,-4.86770686946009e-15
0.878125,0.0120306237301516
0.87825,0.0170138712429991
0.878375,0.0120306237301654
0.8785,1.47223928021356e-14
0.878625,-0.0120306237301555
0.87875,-0.0170138712429991
0.878875,-0.0120306237301724
0.879,-9.1030529826566e-15
0.879125,0.0120306237301595
0.87925,0.0170138712429991
0.879375,0.0120306237301684
0.8795,1.89577389153321e-14
0.879625,-0.0120306237301525
0.87975,-0.0170138712429991
0.879875,-0.0120306237301644
0.88,-1.33383990958531e-14
0.880125,0.0120306237301565
0.88025,0.0170138712429991
0.880375,0.0120306237301605
0.8805,7.71905927637412e-15
0.880625,-0.0120306237301495
0.88075,-0.0170138712429991
0.880875,-0.0120306237301674
0.881,-2.09971945689514e-15
0.881125,0.0120306237301535
0.88125,0.0170138712429991
0.881375,0.0120306237301634
0.8815,1.19544053895706e-14
0.881625,-0.0120306237301575
0.88175,-0.0170138712429991
0.881875,-0.0120306237301704
0.882,-6.33506557009165e-15
0.882125,0.0120306237301615
0.88225,0.0170138712429991
0.882375,0.0120306237301664
0.8825,1.61897515027671e-14
0.882625,-0.0120306237301545
0.88275,-0.0170138712429991
0.882875,-0.0120306237301734
0.883,-1.05704116832882e-14
0.883125,0.0120306237301585
0.88325,0.0170138712429991
0.883375,0.0120306237301694
0.8835,2.04250976159637e-14
0.883625,-0.0120306237301515
0.88375,-0.0170138712429991
0.883875,-0.0120306237301655
0.884,-1.48057577964847e-14
0.884125,0.0120306237301555
0.88425,0.0170138712429991
0.884375,0.0120306237301615
0.8845,9.18641797700568e-15
0.884625,-0.0120306237301485
0.88475,-0.0170138712429991
0.884875,-0.0120306237301685
0.885,-3.56707815752669e-15
0.885125,0.0120306237301525
0.88525,0.0170138712429991
0.885375,0.0120306237301645
0.8855,1.34217640902022e-14
0.885625,-0.0120306237301564
0.88575,-0.0170138712429991
0.885875,-0.0120306237301715
0.886,-7.80242427072321e-15
0.886125,0.0120306237301604
0.88625,0.0170138712429991
0.886375,0.0120306237301675
0.8865,1.76571102033987e-14
0.886625,-0.0120306237301535
0.88675,-0.0170138712429991
0.886875,-0.0120306237301635
0.887,-1.20377703839197e-14
0.887125,0.0120306237301574
0.88725,0.0170138712429991
0.887375,0.0120306237301595
0.8875,2.18924563165952e-14
0.887625,-0.0120306237301505
0.88775,-0.0170138712429991
0.887875,-0.0120306237301665
0.888,-7.99090744961741e-16
0.888125,0.0120306237301544
0.88825,0.0170138712429991
0.888375,0.0120306237301625
0.8885,1.06537766776372e-14
0.888625,-0.0120306237301475
0.88875,-0.0170138712429991
0.888875,-0.0120306237301695
0.889,-5.03443685815825e-15
0.889125,0.0120306237301514
0.88925,0.0170138712429991
0.889375,0.0120306237301655
0.8895,1.48891227908338e-14
0.889625,-0.0120306237301554
0.88975,-0.0170138712429991
0.889875,-0.0120306237301725
0.89,-9.26978297135477e-15
0.890125,0.0120306237301594
0.89025,0.0170138712429991
0.890375,0.0120306237301685
0.8905,1.91244689040303e-14
0.890625,-0.0120306237301524
0.89075,-0.0170138712429991
0.890875,-0.0120306237301645
0.891,-1.35051290845513e-14
0.891125,0.0120306237301454
0.89125,0.0170138712429991
0.891375,0.0120306237301606
0.8915,7.88578926507229e-15
0.891625,-0.0120306237301494
0.89175,-0.0170138712429991
0.891875,-0.0120306237301675
0.892,-2.2664494455933e-15
0.892125,0.0120306237301534
0.89225,0.0170138712429991
0.892375,0.0120306237301636
0.8925,1.21211353782688e-14
0.892625,-0.0120306237301574
0.89275,-0.0170138712429991
0.892875,-0.0120306237301705
0.893,-6.50179555878981e-15
0.893125,0.0120306237301504
0.89325,0.0170138712429991
0.893375,0.0120306237301666
0.8935,1.63564814914653e-14
0.893625,-0.0120306237301544
0.89375,-0.0170138712429991
0.893875,-0.0120306237301735
0.894,-1.07371416719863e-14
0.894125,0.0120306237301474
0.89425,0.0170138712429991
0.894375,0.0120306237301586
0.8945,2.05918276046618e-14
0.894625,-0.0120306237301514
0.89475,-0.0170138712429991
0.894875,-0.0120306237301656
0.895,-1.49724877851828e-14
0.895125,0.0120306237301444
0.89525,0.0170138712429991
0.895375,0.0120306237301616
0.8955,9.35314796570385e-15
0.895625,-0.0120306237301484
0.89575,-0.0170138712429991
0.895875,-0.0120306237301686
0.896,-3.73380814622486e-15
0.896125,0.0120306237301524
0.89625,0.0170138712429991
0.896375,0.0120306237301646
0.8965,1.35884940789004e-14
0.896625,-0.0120306237301563
0.89675,-0.0170138712429991
0.896875,-0.0120306237301716
0.897,-7.96915425942137e-15
0.897125,0.0120306237301494
0.89725,0.0170138712429991
0.897375,0.0120306237301676
0.8975,1.78238401920969e-14
0.897625,-0.0120306237301533
0.89775,-0.0170138712429991
0.897875,-0.0120306237301636
0.898,-1.22045003726179e-14
0.898125,0.0120306237301464
0.89825,0.0170138712429991
0.898375,0.0120306237301597
0.8985,6.58516055313889e-15
0.898625,-0.0120306237301503
0.89875,-0.0170138712429991
0.898875,-0.0120306237301666
0.899,-9.65820733659905e-16
0.899125,0.0120306237301543
0.89925,0.0170138712429991
0.899375,0.0120306237301626
0.8995,1.08205066663354e-14
0.899625,-0.0120306237301583
0.89975,-0.0170138712429991
0.899875,-0.0120306237301696
0.9,-5.20116684685642e-15
0.900125,0.0120306237301513
0.90025,0.0170138712429991
0.900375,0.0120306237301656
0.9005,1.50558527795319e-14
0.900625,-0.0120306237301553
0.90075,-0.0170138712429991
0.900875,-0.0120306237301726
0.901,-9.43651296005293e-15
0.901125,0.0120306237301483
0.90125,0.0170138712429991
0.901375,0.0120306237301686
0.9015,1.92911988927284e-14
0.901625,-0.0120306237301523
0.90175,-0.0170138712429991
0.901875,-0.0120306237301647
0.902,-1.36718590732494e-14
0.902125,0.0120306237301453
0.90225,0.0170138712429991
0.902375,0.0120306237301607
0.9025,8.05251925377045e-15
0.902625,-0.0120306237301493
0.90275,-0.0170138712429991
0.902875,-0.0120306237301677
0.903,-2.43317943429146e-15
0.903125,0.0120306237301533
0.90325,0.0170138712429991
0.903375,0.0120306237301637
0.9035,1.2287865366967e-14
0.903625,-0.0120306237301573
0.90375,-0.0170138712429991
0.903875,-0.0120306237301707
0.904,-6.66852554748798e-15
0.904125,0.0120306237301503
0.90425,0.0170138712429991
0.904375,0.0120306237301667
0.9045,1.65232114801635e-14
0.904625,-0.0120306237301543
0.90475,-0.0170138712429991
0.904875,-0.0120306237301627
0.905,-1.09038716606845e-14
0.905125,0.0120306237301473
0.90525,0.0170138712429991
0.905375,0.0120306237301587
0.9055,5.2845318412055e-15
0.905625,-0.0120306237301513
0.90575,-0.0170138712429991
0.905875,-0.0120306237301657
0.906,3.34807978273489e-16
0.906125,0.0120306237301443
0.90625,0.0170138712429991
0.906375,0.0120306237301617
0.9065,9.51987795440201e-15
0.906625,-0.0120306237301483
0.90675,-0.0170138712429991
0.906875,-0.0120306237301687
0.907,-3.90053813492302e-15
0.907125,0.0120306237301522
0.90725,0.0170138712429991
0.907375,0.0120306237301647
0.9075,1.37552240675985e-14
0.907625,-0.0120306237301562
0.90775,-0.0170138712429991
0.907875,-0.0120306237301717
0.908,-8.13588424811953e-15
0.908125,0.0120306237301492
0.90825,0.0170138712429991
0.908375,0.0120306237301677
0.9085,1.7990570180795e-14
0.908625,-0.0120306237301532
0.90875,-0.0170138712429991
0.908875,-0.0120306237301637
0.909,-1.2371230361316e-14
0.909125,0.0120306237301462
0.90925,0.0170138712429991
0.909375,0.0120306237301598
0.9095,6.75189054183706e-15
0.909625,-0.0120306237301502
0.90975,-0.0170138712429991
0.909875,-0.0120306237301667
0.91,-1.13255072235807e-15
0.910125,0.0120306237301542
0.91025,0.0170138712429991
0.910375,0.0120306237301628
0.9105,1.09872366550336e-14
0.910625,-0.0120306237301582
0.91075,-0.0170138712429991
0.910875,-0.0120306237301697
0.911,-5.36789683555458e-15
0.911125,0.0120306237301512
0.91125,0.0170138712429991
0.911375,0.0120306237301658
0.9115,1.52225827682301e-14
0.911625,-0.0120306237301552
0.91175,-0.0170138712429991
0.911875,-0.0120306237301618
0.912,-9.60324294875109e-15
0.912125,0.0120306237301482
0.91225,0.0170138712429991
0.912375,0.0120306237301578
0.9125,1.94579288814266e-14
0.912625,-0.0120306237301522
0.91275,-0.0170138712429991
0.912875,-0.0120306237301648
0.913,-1.38385890619476e-14
0.913125,0.0120306237301452
0.91325,0.0170138712429991
0.913375,0.0120306237301608
0.9135,8.21924924246862e-15
0.913625,-0.0120306237301492
0.91375,-0.0170138712429991
0.913875,-0.0120306237301678
0.914,-2.59990942298963e-15
0.914125,0.0120306237301532
0.91425,0.0170138712429991
0.914375,0.0120306237301638
0.9145,1.24545953556651e-14
0.914625,-0.0120306237301571
0.91475,-0.0170138712429991
0.914875,-0.0120306237301708
0.915,-6.83525553618614e-15
0.915125,0.0120306237301502
0.91525,0.0170138712429991
0.915375,0.0120306237301668
0.9155,1.66899414688616e-14
0.915625,-0.0120306237301541
0.91575,-0.0170138712429991
0.915875,-0.0120306237301628
0.916,-1.10706016493827e-14
0.916125,0.0120306237301472
0.91625,0.0170138712429991
0.916375,0.0120306237301589
0.9165,5.45126182990366e-15
0.916625,-0.0120306237301511
0.91675,-0.0170138712429991
0.916875,-0.0120306237301658
0.917,1.68077989575325e-16
0.917125,0.0120306237301551
0.91725,0.0170138712429991
0.917375,0.0120306237301618
0.9175,9.68660794310017e-15
0.917625,-0.0120306237301591
0.91775,-0.0170138712429991
0.917875,-0.0120306237301688
0.918,-4.06726812362119e-15
0.918125,0.0120306237301521
0.91825,0.0170138712429991
0.918375,0.0120306237301648
0.9185,1.39219540562967e-14
0.918625,-0.0120306237301561
0.91875,-0.0170138712429991
0.918875,-0.0120306237301718
0.919,-8.3026142368177e-15
0.919125,0.0120306237301491
0.91925,0.0170138712429991
0.919375,0.0120306237301678
0.9195,1.81573001694932e-14
0.919625,-0.0120306237301531
0.91975,-0.0170138712429991
0.919875,-0.0120306237301639
0.92,-1.25379603500142e-14
0.920125,0.0120306237301461
0.92025,0.0170138712429991
0.920375,0.0120306237301599
0.9205,6.91862053053522e-15
0.920625,-0.0120306237301501
0.92075,-0.0170138712429991
0.920875,-0.0120306237301669
0.921,-1.29928071105623e-15
0.921125,0.0120306237301541
0.92125,0.0170138712429991
0.921375,0.0120306237301629
0.9215,1.11539666437317e-14
0.921625,-0.0120306237301581
0.92175,-0.0170138712429991
0.921875,-0.0120306237301699
0.922,-5.53462682425274e-15
0.922125,0.0120306237301511
0.92225,0.0170138712429991
0.922375,0.0120306237301659
0.9225,1.53893127569282e-14
0.922625,-0.0120306237301551
0.92275,-0.0170138712429991
0.922875,-0.0120306237301619
0.923,-9.76997293744926e-15
0.923125,0.0120306237301481
0.92325,0.0170138712429991
0.923375,0.0120306237301689
0.9235,4.15063311797027e-15
0.923625,-0.0120306237301521
0.92375,-0.0170138712429991
0.923875,-0.0120306237301649
0.924,1.46870670150872e-15
0.924125,0.0120306237301451
0.92425,0.0170138712429991
0.924375,0.0120306237301719
0.9245,8.38597923116678e-15
0.924625,-0.01203062373016
0.92475,-0.0170138712429991
0.924875,-0.0120306237301679
0.925,-2.76663941168779e-15
0.925125,0.012030623730153
0.92525,0.0170138712429991
0.925375,0.0120306237301749
0.9255,1.26213253443633e-14
0.925625,-0.012030623730157
0.92575,-0.0170138712429991
0.925875,-0.0120306237301709
0.926,-7.0019855248843e-15
0.926125,0.01203062373015
0.92625,0.0170138712429991
0.926375,0.0120306237301669
0.9265,1.68566714575598e-14
0.926625,-0.012030623730154
0.92675,-0.0170138712429991
0.926875,-0.0120306237301629
0.927,-1.12373316380808e-14
0.927125,0.0120306237301471
0.92725,0.0170138712429991
0.927375,0.0120306237301699
0.9275,5.61799181860183e-15
0.927625,-0.012030623730151
0.92775,-0.0170138712429991
0.927875,-0.0120306237301659
0.928,1.34800087716147e-18
0.928125,0.012030623730155
0.92825,0.0170138712429991
0.928375,0.0120306237301729
0.9285,9.85333793179834e-15
0.928625,-0.012030623730159
0.92875,-0.0170138712429991
0.928875,-0.0120306237301689
0.929,-4.23399811231935e-15
0.929125,0.012030623730152
0.92925,0.0170138712429991
0.929375,0.012030623730165
0.9295,1.40886840449948e-14
0.929625,-0.012030623730156
0.92975,-0.0170138712429991
0.929875,-0.012030623730161
0.93,-8.46934422551586e-15
0.930125,0.012030623730149
0.93025,0.0170138712429991
0.930375,0.012030623730168
0.9305,1.83240301581914e-14
0.930625,-0.012030623730153
0.93075,-0.0170138712429991
0.930875,-0.012030623730164
0.931,2.76933541344211e-15
0.931125,0.012030623730146
0.93125,0.0170138712429991
0.931375,0.0120306237301709
0.9315,7.08535051923339e-15
0.931625,-0.01203062373015
0.93175,-0.0170138712429991
0.931875,-0.012030623730167
0.932,-1.4660106997544e-15
0.932125,0.012030623730154
0.93225,0.0170138712429991
0.932375,0.0120306237301739
0.9325,1.13206966324299e-14
0.932625,-0.0120306237301579
0.93275,-0.0170138712429991
0.932875,-0.01203062373017
0.933,-5.70135681295091e-15
0.933125,0.012030623730151
0.93325,0.0170138712429991
0.933375,0.012030623730166
0.9335,1.55560427456264e-14
0.933625,-0.0120306237301549
0.93375,-0.0170138712429991
0.933875,-0.012030623730162
0.934,-9.93670292614742e-15
0.934125,0.012030623730148
0.93425,0.0170138712429991
0.934375,0.012030623730169
0.9345,4.31736310666843e-15
0.934625,-0.0120306237301519
0.93475,-0.0170138712429991
0.934875,-0.012030623730165
0.935,1.30197671281056e-15
0.935125,0.0120306237301559
0.93525,0.0170138712429991
0.935375,0.012030623730172
0.9355,8.55270921986494e-15
0.935625,-0.0120306237301599
0.93575,-0.0170138712429991
0.935875,-0.012030623730168
0.936,-2.93336940038596e-15
0.936125,0.0120306237301529
0.93625,0.0170138712429991
0.936375,0.012030623730175
0.9365,1.27880553330615e-14
0.936625,-0.0120306237301569
0.93675,-0.0170138712429991
0.936875,-0.012030623730171
0.937,-7.16871551358247e-15
0.937125,0.0120306237301499
0.93725,0.0170138712429991
0.937375,0.012030623730167
0.9375,1.7023401446258e-14
0.937625,-0.0120306237301539
0.93775,-0.0170138712429991
0.937875,-0.0120306237301631
0.938,-1.1404061626779e-14
0.938125,0.0120306237301469
0.93825,0.0170138712429991
0.938375,0.01203062373017
0.9385,5.78472180729999e-15
0.938625,-0.0120306237301509
0.93875,-0.0170138712429991
0.938875,-0.0120306237301661
0.939,-1.56394077399755e-14
0.939125,0.0120306237301549
0.93925,0.0170138712429991
0.939375,0.012030623730173
0.9395,1.00200679204965e-14
0.939625,-0.0120306237301589
0.93975,-0.0170138712429991
0.939875,-0.0120306237301691
0.94,-1.9874753853172e-14
0.940125,0.0120306237301519
0.94025,0.0170138712429991
0.940375,0.0120306237301651
0.9405,1.4255414033693e-14
0.940625,-0.0120306237301559
0.94075,-0.0170138712429991
0.940875,-0.0120306237301611
0.941,-8.63607421421403e-15
0.941125,0.0120306237301489
0.94125,0.0170138712429991
0.941375,0.0120306237301681
0.9415,3.01673439473504e-15
0.941625,-0.0120306237301529
0.94175,-0.0170138712429991
0.941875,-0.0120306237301641
0.942,-1.28714203274105e-14
0.942125,0.0120306237301568
0.94225,0.0170138712429991
0.942375,0.0120306237301711
0.9425,7.25208050793155e-15
0.942625,-0.0120306237301608
0.94275,-0.0170138712429991
0.942875,-0.0120306237301671
0.943,-1.71067664406071e-14
0.943125,0.0120306237301538
0.94325,0.0170138712429991
0.943375,0.0120306237301741
0.9435,1.14874266211281e-14
0.943625,-0.0120306237301578
0.94375,-0.0170138712429991
0.943875,-0.0120306237301701
0.944,-2.13421125538036e-14
0.944125,0.0120306237301508
0.94425,0.0170138712429991
0.944375,0.0120306237301661
0.9445,1.57227727343246e-14
0.944625,-0.0120306237301548
0.94475,-0.0170138712429991
0.944875,-0.0120306237301621
0.945,-1.01034329148456e-14
0.945125,0.0120306237301479
0.94525,0.0170138712429991
0.945375,0.0120306237301691
0.9455,4.4840930953666e-15
0.945625,-0.0120306237301518
0.94575,-0.0170138712429991
0.945875,-0.0120306237301651
0.946,-1.43387790280421e-14
0.946125,0.0120306237301558
0.94625,0.0170138712429991
0.946375,0.0120306237301721
0.9465,8.71943920856311e-15
0.946625,-0.0120306237301598
0.94675,-0.0170138712429991
0.946875,-0.0120306237301681
0.947,-1.85741251412386e-14
0.947125,0.0120306237301528
0.94725,0.0170138712429991
0.947375,0.0120306237301642
0.9475,1.29547853217596e-14
0.947625,-0.0120306237301568
0.94775,-0.0170138712429991
0.947875,-0.0120306237301602
0.948,-2.28094712544351e-14
0.948125,0.0120306237301498
0.94825,0.0170138712429991
0.948375,0.0120306237301672
0.9485,1.71610568280164e-15
0.948625,-0.0120306237301538
0.94875,-0.0170138712429991
0.948875,-0.0120306237301632
0.949,-1.15707916154771e-14
0.949125,0.0120306237301468
0.94925,0.0170138712429991
0.949375,0.0120306237301701
0.9495,5.95145179599815e-15
0.949625,-0.0120306237301508
0.94975,-0.0170138712429991
0.949875,-0.0120306237301662
0.95,-1.58061377286737e-14
0.950125,0.0120306237301548
0.95025,0.0170138712429991
0.950375,0.0120306237301731
0.9505,1.01867979091947e-14
0.950625,-0.0120306237301587
0.95075,-0.0170138712429991
0.950875,-0.0120306237301692
0.951,-2.00414838418702e-14
0.951125,0.0120306237301518
0.95125,0.0170138712429991
0.951375,0.0120306237301652
0.9515,1.44221440223912e-14
0.951625,-0.0120306237301557
0.95175,-0.0170138712429991
0.951875,-0.0120306237301612
0.952,-8.80280420291219e-15
0.952125,0.0120306237301488
0.95225,0.0170138712429991
0.952375,0.0120306237301682
0.9525,3.1834643834332e-15
0.952625,-0.0120306237301527
0.95275,-0.0170138712429991
0.952875,-0.0120306237301642
0.953,-1.30381503161087e-14
0.953125,0.0120306237301567
0.95325,0.0170138712429991
0.953375,0.0120306237301712
0.9535,7.41881049662971e-15
0.953625,-0.0120306237301498
0.95375,-0.0170138712429991
0.953875,-0.0120306237301672
0.954,-1.72734964293052e-14
0.954125,0.0120306237301537
0.95425,0.0170138712429991
0.954375,0.0120306237301742
0.9545,1.16541566098262e-14
0.954625,-0.0120306237301468
0.95475,-0.0170138712429991
0.954875,-0.0120306237301593
0.955,-2.15088425425017e-14
0.955125,0.0120306237301507
0.95525,0.0170138712429991
0.955375,0.0120306237301662
0.9555,1.58895027230227e-14
0.955625,-0.0120306237301438
0.95575,-0.0170138712429991
0.955875,-0.0120306237301623
0.956,-1.02701629035437e-14
0.956125,0.0120306237301477
0.95625,0.0170138712429991
0.956375,0.0120306237301692
0.9565,4.65082308406476e-15
0.956625,-0.0120306237301517
0.95675,-0.0170138712429991
0.956875,-0.0120306237301653
0.957,-1.45055090167403e-14
0.957125,0.0120306237301557
0.95725,0.0170138712429991
0.957375,0.0120306237301722
0.9575,8.88616919726127e-15
0.957625,-0.0120306237301487
0.95775,-0.0170138712429991
0.957875,-0.0120306237301682
0.958,-1.87408551299368e-14
0.958125,0.0120306237301527
0.95825,0.0170138712429991
0.958375,0.0120306237301643
0.9585,1.31215153104578e-14
0.958625,-0.0120306237301457
0.95875,-0.0170138712429991
0.958875,-0.0120306237301603
0.959,-7.50217549097879e-15
0.959125,0.0120306237301497
0.95925,0.0170138712429991
0.959375,0.0120306237301673
0.9595,1.88283567149981e-15
0.959625,-0.0120306237301537
0.95975,-0.0170138712429991
0.959875,-0.0120306237301633
0.96,-1.17375216041753e-14
0.960125,0.0120306237301576
0.96025,0.0170138712429991
0.960375,0.0120306237301703
0.9605,6.11818178469632e-15
0.960625,-0.0120306237301507
0.96075,-0.0170138712429991
0.960875,-0.0120306237301663
0.961,-1.59728677173718e-14
0.961125,0.0120306237301546
0.96125,0.0170138712429991
0.961375,0.0120306237301733
0.9615,1.03535278978928e-14
0.961625,-0.0120306237301477
0.96175,-0.0170138712429991
0.961875,-0.0120306237301693
0.962,-2.02082138305683e-14
0.962125,0.0120306237301516
0.96225,0.0170138712429991
0.962375,0.0120306237301653
0.9625,1.45888740110893e-14
0.962625,-0.0120306237301447
0.96275,-0.0170138712429991
0.962875,-0.0120306237301613
0.963,-8.96953419161035e-15
0.963125,0.0120306237301487
0.96325,0.0170138712429991
0.963375,0.0120306237301683
0.9635,3.35019437213137e-15
0.963625,-0.0120306237301526
0.96375,-0.0170138712429991
0.963875,-0.0120306237301643
0.964,-1.32048803048069e-14
0.964125,0.0120306237301566
0.96425,0.0170138712429991
0.964375,0.0120306237301713
0.9645,7.58554048532788e-15
0.964625,-0.0120306237301496
0.96475,-0.0170138712429991
0.964875,-0.0120306237301673
0.965,-1.74402264180034e-14
0.965125,0.0120306237301536
0.96525,0.0170138712429991
0.965375,0.0120306237301634
0.9655,1.18208865985244e-14
0.965625,-0.0120306237301466
0.96575,-0.0170138712429991
0.965875,-0.0120306237301594
0.966,-6.2015467790454e-15
0.966125,0.0120306237301506
0.96625,0.0170138712429991
0.966375,0.0120306237301664
0.9665,5.82206959566412e-16
0.966625,-0.0120306237301436
0.96675,-0.0170138712429991
0.966875,-0.0120306237301624
0.967,-1.04368928922419e-14
0.967125,0.0120306237301476
0.96725,0.0170138712429991
0.967375,0.0120306237301693
0.9675,4.81755307276292e-15
0.967625,-0.0120306237301516
0.96775,-0.0170138712429991
0.967875,-0.0120306237301654
0.968,-1.46722390054384e-14
0.968125,0.0120306237301556
0.96825,0.0170138712429991
0.968375,0.0120306237301723
0.9685,9.05289918595944e-15
0.968625,-0.0120306237301486
0.96875,-0.0170138712429991
0.968875,-0.0120306237301684
0.969,-1.89075851186349e-14
0.969125,0.0120306237301526
0.96925,0.0170138712429991
0.969375,0.0120306237301644
0.9695,1.32882452991559e-14
0.969625,-0.0120306237301456
0.96975,-0.0170138712429991
0.969875,-0.0120306237301604
0.97,-7.66890547967696e-15
0.970125,0.0120306237301496
0.97025,0.0170138712429991
0.970375,0.0120306237301674
0.9705,2.04956566019797e-15
0.970625,-0.0120306237301535
0.97075,-0.0170138712429991
0.970875,-0.0120306237301634
0.971,-1.19042515928735e-14
0.971125,0.0120306237301575
0.97125,0.0170138712429991
0.971375,0.0120306237301704
0.9715,6.28491177339448e-15
0.971625,-0.0120306237301506
0.97175,-0.0170138712429991
0.971875,-0.0120306237301664
0.972,-1.613959770607e-14
0.972125,0.0120306237301545
0.97225,0.0170138712429991
0.972375,0.0120306237301624
0.9725,1.0520257886591e-14
0.972625,-0.0120306237301476
0.97275,-0.0170138712429991
0.972875,-0.0120306237301585
0.973,-2.03749438192665e-14
0.973125,0.0120306237301515
0.97325,0.0170138712429991
0.973375,0.0120306237301654
0.9735,1.47556039997875e-14
0.973625,-0.0120306237301446
0.97375,-0.0170138712429991
0.973875,-0.0120306237301615
0.974,-9.13626418030852e-15
0.974125,0.0120306237301485
0.97425,0.0170138712429991
0.974375,0.0120306237301684
0.9745,3.51692436082953e-15
0.974625,-0.0120306237301525
0.97475,-0.0170138712429991
0.974875,-0.0120306237301645
0.975,-1.3371610293505e-14
0.975125,0.0120306237301565
0.97525,0.0170138712429991
0.975375,0.0120306237301714
0.9755,7.75227047402604e-15
0.975625,-0.0120306237301495
0.97575,-0.0170138712429991
0.975875,-0.0120306237301674
0.976,-1.76069564067015e-14
0.976125,0.0120306237301535
0.97625,0.0170138712429991
0.976375,0.0120306237301635
0.9765,1.19876165872226e-14
0.976625,-0.0120306237301465
0.97675,-0.0170138712429991
0.976875,-0.0120306237301595
0.977,-6.36827676774357e-15
0.977125,0.0120306237301505
0.97725,0.0170138712429991
0.977375,0.0120306237301665
0.9775,7.48936948264576e-16
0.977625,-0.0120306237301545
0.97775,-0.0170138712429991
0.977875,-0.0120306237301625
0.978,-1.06036228809401e-14
0.978125,0.0120306237301584
0.97825,0.0170138712429991
0.978375,0.0120306237301695
0.9785,4.98428306146109e-15
0.978625,-0.0120306237301515
0.97875,-0.0170138712429991
0.978875,-0.0120306237301655
0.979,-1.48389689941366e-14
0.979125,0.0120306237301554
0.97925,0.0170138712429991
0.979375,0.0120306237301725
0.9795,9.2196291746576e-15
0.979625,-0.0120306237301485
0.97975,-0.0170138712429991
0.979875,-0.0120306237301685
0.98,-1.90743151073331e-14
0.980125,0.0120306237301525
0.98025,0.0170138712429991
0.980375,0.0120306237301645
0.9805,1.34549752878541e-14
0.980625,-0.0120306237301455
0.98075,-0.0170138712429991
0.980875,-0.0120306237301605
0.981,-7.83563546837512e-15
0.981125,0.0120306237301495
0.98125,0.0170138712429991
0.981375,0.0120306237301675
0.9815,2.21629564889613e-15
0.981625,-0.0120306237301534
0.98175,-0.0170138712429991
0.981875,-0.0120306237301635
0.982,-1.20709815815716e-14
0.982125,0.0120306237301574
0.98225,0.0170138712429991
0.982375,0.0120306237301705
0.9825,6.45164176209265e-15
0.982625,-0.0120306237301504
0.98275,-0.0170138712429991
0.982875,-0.0120306237301665
0.983,-1.63063276947681e-14
0.983125,0.0120306237301544
0.98325,0.0170138712429991
0.983375,0.0120306237301626
0.9835,1.06869878752892e-14
0.983625,-0.0120306237301474
0.98375,-0.0170138712429991
0.983875,-0.0120306237301586
0.984,-5.06764805581017e-15
0.984125,0.0120306237301514
0.98425,0.0170138712429991
0.984375,0.0120306237301655
0.9845,-5.51691763668818e-16
0.984625,-0.0120306237301444
0.98475,-0.0170138712429991
0.984875,-0.0120306237301725
0.985,-9.30299416900668e-15
0.985125,0.0120306237301594
0.98525,0.0170138712429991
0.985375,0.0120306237301685
0.9855,3.68365434952769e-15
0.985625,-0.0120306237301524
0.98575,-0.0170138712429991
0.985875,-0.0120306237301755
0.986,-1.35383402822032e-14
0.986125,0.0120306237301564
0.98625,0.0170138712429991
0.986375,0.0120306237301715
0.9865,7.9190004627242e-15
0.986625,-0.0120306237301494
0.98675,-0.0170138712429991
0.986875,-0.0120306237301676
0.987,-1.77736863953997e-14
0.987125,0.0120306237301534
0.98725,0.0170138712429991
0.987375,0.0120306237301636
0.9875,1.21543465759207e-14
0.987625,-0.0120306237301464
0.98775,-0.0170138712429991
0.987875,-0.0120306237301706
0.988,-6.53500675644173e-15
0.988125,0.0120306237301504
0.98825,0.0170138712429991
0.988375,0.0120306237301666
0.9885,9.1566693696274e-16
0.988625,-0.0120306237301543
0.98875,-0.0170138712429991
0.988875,-0.0120306237301736
0.989,-1.07703528696382e-14
0.989125,0.0120306237301583
0.98925,0.0170138712429991
0.989375,0.0120306237301696
0.9895,5.15101305015925e-15
0.989625,-0.0120306237301514
0.98975,-0.0170138712429991
0.989875,-0.0120306237301656
0.99,-1.50056989828348e-14
0.990125,0.0120306237301553
0.99025,0.0170138712429991
0.990375,0.0120306237301616
0.9905,9.38635916335576e-15
0.990625,-0.0120306237301484
0.99075,-0.0170138712429991
0.990875,-0.0120306237301686
0.991,-1.92410450960313e-14
0.991125,0.0120306237301523
0.99125,0.0170138712429991
0.991375,0.0120306237301646
0.9915,-1.85232047560221e-15
0.991625,-0.0120306237301454
0.99175,-0.0170138712429991
0.991875,-0.0120306237301716
0.992,-8.00236545707329e-15
0.992125,0.0120306237301493
0.99225,0.0170138712429991
0.992375,0.0120306237301676
0.9925,2.3830256375943e-15
0.992625,-0.0120306237301533
0.99275,-0.0170138712429991
0.992875,-0.0120306237301746
0.993,-1.22377115702698e-14
0.993125,0.0120306237301573
0.99325,0.0170138712429991
0.993375,0.0120306237301706
0.9935,6.61837175079081e-15
0.993625,-0.0120306237301503
0.99375,-0.0170138712429991
0.993875,-0.0120306237301666
0.994,-1.64730576834663e-14
0.994125,0.0120306237301543
0.99425,0.0170138712429991
0.994375,0.0120306237301627
0.9945,1.08537178639873e-14
0.994625,-0.0120306237301473
0.99475,-0.0170138712429991
0.994875,-0.0120306237301696
0.995,-5.23437804450833e-15
0.995125,0.0120306237301513
0.99525,0.0170138712429991
0.995375,0.0120306237301657
0.9955,-3.84961774970655e-16
0.995625,-0.0120306237301553
0.99575,-0.0170138712429991
0.995875,-0.0120306237301726
0.996,-9.46972415770484e-15
0.996125,0.0120306237301592
0.99625,0.0170138712429991
0.996375,0.0120306237301687
0.9965,3.85038433822586e-15
0.996625,-0.0120306237301523
0.99675,-0.0170138712429991
0.996875,-0.0120306237301756
0.997,-1.37050702709014e-14
0.997125,0.0120306237301562
0.99725,0.0170138712429991
0.997375,0.0120306237301717
0.9975,8.08573045142237e-15
0.997625,-0.0120306237301493
0.99775,-0.0170138712429991
0.997875,-0.0120306237301677
0.998,-1.79404163840979e-14
0.998125,0.0120306237301533
0.99825,0.0170138712429991
0.998375,0.0120306237301637
0.9985,1.23210765646189e-14
0.998625,-0.0120306237301463
0.99875,-0.0170138712429991
0.998875,-0.0120306237301707
0.999,-6.70173674513989e-15
0.999125,0.0120306237301503
0.99925,0.0170138712429991
0.999375,0.0120306237301667
0.9995,1.0823969256609e-15
0.999625,-0.0120306237301542
0.99975,-0.0170138712429991
0.999875,-0.0120306237301737
1,-1.09370828583364e-14
1.000125,0.0120306237301473
1.00025,0.0170138712429991
1.000375,0.0120306237301697
1.0005,2.07917687910119e-14
1.000625,-0.0120306237301622
1.00075,-0.0170138712429991
1.000875,-0.0120306237301657
1.001,-1.51724289715329e-14
1.001125,0.0120306237301552
1.00125,0.0170138712429991
1.001375,0.0120306237301727
1.0015,9.55308915205393e-15
1.001625,-0.0120306237301482
1.00175,-0.0170138712429991
1.001875,-0.0120306237301578
1.002,-3.93374933257494e-15
1.002125,0.0120306237301413
1.00225,0.0170138712429991
1.002375,0.0120306237301647
1.0025,1.37884352652504e-14
1.002625,-0.0120306237301562
1.00275,-0.0170138712429991
1.002875,-0.0120306237301717
1.003,-2.36431211979259e-14
1.003125,0.0120306237301602
1.00325,0.0170138712429991
1.003375,0.0120306237301787
1.0035,2.54975562629246e-15
1.003625,-0.0120306237301532
1.00375,-0.0170138712429991
1.003875,-0.0120306237301638
1.004,-1.2404441558968e-14
1.004125,0.0120306237301462
1.00425,0.0170138712429991
1.004375,0.0120306237301707
1.0045,2.22591274916435e-14
1.004625,-0.0120306237301611
1.00475,-0.0170138712429991
1.004875,-0.0120306237301668
1.005,-1.66397876721645e-14
1.005125,0.0120306237301542
1.00525,0.0170138712429991
1.005375,0.0120306237301737
1.0055,1.10204478526855e-14
1.005625,-0.0120306237301472
1.00575,-0.0170138712429991
1.005875,-0.0120306237301588
1.006,-5.4011080332065e-15
1.006125,0.0120306237301512
1.00625,0.0170138712429991
1.006375,0.0120306237301658
1.0065,1.5255793965882e-14
1.006625,-0.0120306237301552
1.00675,-0.0170138712429991
1.006875,-0.0120306237301728
1.007,-2.51104798985575e-14
1.007125,0.0120306237301591
1.00725,0.0170138712429991
1.007375,0.0120306237301688
1.0075,4.01711432692402e-15
1.007625,-0.0120306237301522
1.00775,-0.0170138712429991
1.007875,-0.0120306237301648
1.008,-1.38718002595995e-14
1.008125,0.0120306237301452
1.00825,0.0170138712429991
1.008375,0.0120306237301608
1.0085,2.3726486192275e-14
1.008625,-0.0120306237301601
1.00875,-0.0170138712429991
1.008875,-0.0120306237301678
1.009,-1.8107146372796e-14
1.009125,0.0120306237301531
1.00925,0.0170138712429991
1.009375,0.0120306237301748
1.0095,-2.98621919883744e-15
1.009625,-0.0120306237301462
1.00975,-0.0170138712429991
1.009875,-0.0120306237301599
1.01,-6.86846673383806e-15
1.010125,0.0120306237301501
1.01025,0.0170138712429991
1.010375,0.0120306237301668
1.0105,1.67231526665136e-14
1.010625,-0.0120306237301651
1.01075,-0.0170138712429991
1.010875,-0.0120306237301738
1.011,-2.65778385991891e-14
1.011125,0.0120306237301581
1.01125,0.0170138712429991
1.011375,0.0120306237301698
1.0115,5.48447302755558e-15
1.011625,-0.0120306237301511
1.01175,-0.0170138712429991
1.011875,-0.0120306237301658
1.012,-1.53391589602311e-14
1.012125,0.0120306237301442
1.01225,0.0170138712429991
1.012375,0.0120306237301619
1.0125,9.71981914075209e-15
1.012625,-0.0120306237301591
1.01275,-0.0170138712429991
1.012875,-0.0120306237301688
1.013,-1.95745050734276e-14
1.013125,0.0120306237301521
1.01325,0.0170138712429991
1.013375,0.0120306237301758
1.0135,-1.51886049820589e-15
1.013625,-0.0120306237301561
1.01375,-0.0170138712429991
1.013875,-0.0120306237301609
1.014,-8.33582543446961e-15
1.014125,0.0120306237301491
1.01425,0.0170138712429991
1.014375,0.0120306237301679
1.0145,1.81905113671451e-14
1.014625,-0.012030623730164
1.01475,-0.0170138712429991
1.014875,-0.0120306237301748
1.015,-2.80451972998206e-14
1.015125,0.0120306237301571
1.01525,0.0170138712429991
1.015375,0.0120306237301709
1.0155,6.95183172818714e-15
1.015625,-0.0120306237301501
1.01575,-0.0170138712429991
1.015875,-0.0120306237301559
1.016,-1.68065176608626e-14
1.016125,0.0120306237301431
1.01625,0.0170138712429991
1.016375,0.0120306237301629
1.0165,1.11871778413837e-14
1.016625,-0.0120306237301471
1.01675,-0.0170138712429991
1.016875,-0.0120306237301699
1.017,-2.10418637740591e-14
1.017125,0.0120306237301511
1.01725,0.0170138712429991
1.017375,0.0120306237301768
1.0175,-5.15017975743268e-17
1.017625,-0.012030623730155
1.01775,-0.0170138712429991
1.017875,-0.0120306237301619
1.018,-9.80318413510117e-15
1.018125,0.0120306237301481
1.01825,0.0170138712429991
1.018375,0.0120306237301689
1.0185,1.96578700677767e-14
1.018625,-0.0120306237301411
1.01875,-0.0170138712429991
1.018875,-0.0120306237301649
1.019,-1.40385302482977e-14
1.019125,0.012030623730156
1.01925,0.0170138712429991
1.019375,0.0120306237301719
1.0195,8.4191904288187e-15
1.019625,-0.012030623730149
1.01975,-0.0170138712429991
1.019875,-0.012030623730157
1.02,-2.79985060933971e-15
1.020125,0.012030623730153
1.02025,0.0170138712429991
1.020375,0.0120306237301639
1.0205,1.26545365420152e-14
1.020625,-0.0120306237301461
1.02075,-0.0170138712429991
1.020875,-0.0120306237301709
1.021,-2.25092224746907e-14
1.021125,0.012030623730161
1.02125,0.0170138712429991
1.021375,0.0120306237301779
1.0215,1.41585690305723e-15
1.021625,-0.012030623730154
1.02175,-0.0170138712429991
1.021875,-0.012030623730163
1.022,-1.12705428357327e-14
1.022125,0.012030623730147
1.02225,0.0170138712429991
1.022375,0.0120306237301699
1.0225,2.11252287684082e-14
1.022625,-0.0120306237301401
1.02275,-0.0170138712429991
1.022875,-0.012030623730166
1.023,-1.55058889489292e-14
1.023125,0.012030623730155
1.02325,0.0170138712429991
1.023375,0.0120306237301729
1.0235,9.88654912945026e-15
1.023625,-0.012030623730148
1.02375,-0.0170138712429991
1.023875,-0.012030623730158
1.024,-4.26720930997127e-15
1.024125,0.012030623730152
1.02425,0.0170138712429991
1.024375,0.012030623730165
1.0245,1.41218952426468e-14
1.024625,-0.012030623730145
1.02475,-0.0170138712429991
1.024875,-0.012030623730172
1.025,-2.39765811753223e-14
1.025125,0.0120306237301599
1.02525,0.0170138712429991
1.025375,0.012030623730168
1.0255,2.88321560368879e-15
1.025625,-0.012030623730153
1.02575,-0.0170138712429991
1.025875,-0.012030623730164
1.026,-1.27379015363643e-14
1.026125,0.012030623730146
1.02625,0.0170138712429991
1.026375,0.01203062373016
1.0265,7.1185617168853e-15
1.026625,-0.012030623730139
1.02675,-0.0170138712429991
1.026875,-0.012030623730167
1.027,-1.69732476495608e-14
1.027125,0.0120306237301539
1.02725,0.0170138712429991
1.027375,0.012030623730174
1.0275,-4.12011792207268e-15
1.027625,-0.012030623730147
1.02775,-0.0170138712429991
1.027875,-0.0120306237301591
1.028,-5.73456801060283e-15
1.028125,0.0120306237301509
1.02825,0.0170138712429991
1.028375,0.012030623730166
1.0285,1.55892539432783e-14
1.028625,-0.012030623730144
1.02875,-0.0170138712429991
1.028875,-0.012030623730173
1.029,-2.54439398759538e-14
1.029125,0.0120306237301589
1.02925,0.0170138712429991
1.029375,0.012030623730169
1.0295,4.35057430432035e-15
1.029625,-0.0120306237301519
1.02975,-0.0170138712429991
1.029875,-0.012030623730165
1.03,-1.42052602369958e-14
1.030125,0.012030623730145
1.03025,0.0170138712429991
1.030375,0.0120306237301611
1.0305,8.58592041751686e-15
1.030625,-0.0120306237301489
1.03075,-0.0170138712429991
1.030875,-0.012030623730168
1.031,-1.84406063501924e-14
1.031125,0.0120306237301529
1.03125,0.0170138712429991
1.031375,0.012030623730175
1.0315,-2.65275922144112e-15
1.031625,-0.0120306237301569
1.03175,-0.0170138712429991
1.031875,-0.0120306237301601
1.032,-7.20192671123438e-15
1.032125,0.0120306237301499
1.03225,0.0170138712429991
1.032375,0.0120306237301671
1.0325,1.70566126439099e-14
1.032625,-0.0120306237301429
1.03275,-0.0170138712429991
1.032875,-0.0120306237301631
1.033,-2.69112985765854e-14
1.033125,0.0120306237301579
1.03325,0.0170138712429991
1.033375,0.0120306237301701
1.0335,5.81793300495191e-15
1.033625,-0.0120306237301509
1.03375,-0.0170138712429991
1.033875,-0.0120306237301551
1.034,-1.56726189376274e-14
1.034125,0.0120306237301439
1.03425,0.0170138712429991
1.034375,0.0120306237301621
1.0345,1.00532791181484e-14
1.034625,-0.0120306237301479
1.03475,-0.0170138712429991
1.034875,-0.0120306237301691
1.035,-1.99079650508239e-14
1.035125,0.0120306237301519
1.03525,0.0170138712429991
1.035375,0.012030623730176
1.0355,-1.18540052080956e-15
1.035625,-0.0120306237301558
1.03575,-0.0170138712429991
1.035875,-0.0120306237301611
1.036,-8.66928541186594e-15
1.036125,0.0120306237301489
1.03625,0.0170138712429991
1.036375,0.0120306237301681
1.0365,1.85239713445414e-14
1.036625,-0.0120306237301419
1.03675,-0.0170138712429991
1.036875,-0.0120306237301641
1.037,-1.29046315250625e-14
1.037125,0.0120306237301568
1.03725,0.0170138712429991
1.037375,0.0120306237301711
1.0375,7.28529170558347e-15
1.037625,-0.0120306237301498
1.03775,-0.0170138712429991
1.037875,-0.0120306237301562
1.038,-1.66595188610448e-15
1.038125,0.0120306237301538
1.03825,0.0170138712429991
1.038375,0.0120306237301631
1.0385,1.152063781878e-14
1.038625,-0.0120306237301469
1.03875,-0.0170138712429991
1.038875,-0.0120306237301701
1.039,-2.13753237514555e-14
1.039125,0.0120306237301618
1.03925,0.0170138712429991
1.039375,0.0120306237301771
1.0395,2.81958179822001e-16
1.039625,-0.0120306237301548
1.03975,-0.0170138712429991
1.039875,-0.0120306237301622
1.04,-1.01366441124975e-14
1.040125,0.0120306237301478
1.04025,0.0170138712429991
1.040375,0.0120306237301691
1.0405,1.9991330045173e-14
1.040625,-0.0120306237301409
1.04075,-0.0170138712429991
1.040875,-0.0120306237301652
1.041,-1.4371990225694e-14
1.041125,0.0120306237301558
1.04125,0.0170138712429991
1.041375,0.0120306237301721
1.0415,8.75265040621502e-15
1.041625,-0.0120306237301488
1.04175,-0.0170138712429991
1.041875,-0.0120306237301572
1.042,-3.13331058673604e-15
1.042125,0.0120306237301528
1.04225,0.0170138712429991
1.042375,0.0120306237301642
1.0425,1.29879965194115e-14
1.042625,-0.0120306237301458
1.04275,-0.0170138712429991
1.042875,-0.0120306237301711
1.043,-2.2842682452087e-14
1.043125,0.0120306237301607
1.04325,0.0170138712429991
1.043375,0.0120306237301672
1.0435,1.74931688045356e-15
1.043625,-0.0120306237301538
1.04375,-0.0170138712429991
1.043875,-0.0120306237301632
1.044,-1.16040028131291e-14
1.044125,0.0120306237301468
1.04425,0.0170138712429991
1.044375,0.0120306237301592
1.0445,5.98466299365007e-15
1.044625,-0.0120306237301398
1.04475,-0.0170138712429991
1.044875,-0.0120306237301662
1.045,-1.58393489263256e-14
1.045125,0.0120306237301547
1.04525,0.0170138712429991
1.045375,0.0120306237301732
1.0455,-5.2540166453079e-15
1.045625,-0.0120306237301587
1.04575,-0.0170138712429991
1.045875,-0.0120306237301583
1.046,-4.60066928736759e-15
1.046125,0.0120306237301517
1.04625,0.0170138712429991
1.046375,0.0120306237301652
1.0465,1.44553552200431e-14
1.046625,-0.0120306237301448
1.04675,-0.0170138712429991
1.046875,-0.0120306237301722
1.047,-2.43100411527186e-14
1.047125,0.0120306237301597
1.04725,0.0170138712429991
1.047375,0.0120306237301682
1.0475,3.21667558108512e-15
1.047625,-0.0120306237301527
1.04775,-0.0170138712429991
1.047875,-0.0120306237301752
1.048,-1.30713615137606e-14
1.048125,0.0120306237301458
1.04825,0.0170138712429991
1.048375,0.0120306237301603
1.0485,7.45202169428163e-15
1.048625,-0.0120306237301497
1.04875,-0.0170138712429991
1.048875,-0.0120306237301672
1.049,-1.73067076269571e-14
1.049125,0.0120306237301537
1.04925,0.0170138712429991
1.049375,0.0120306237301742
1.0495,-3.78665794467635e-15
1.049625,-0.0120306237301577
1.04975,-0.0170138712429991
1.049875,-0.0120306237301812
1.05,-6.06802798799915e-15
1.050125,0.0120306237301507
1.05025,0.0170138712429991
1.050375,0.0120306237301663
1.0505,1.59227139206747e-14
1.050625,-0.0120306237301437
1.05075,-0.0170138712429991
1.050875,-0.0120306237301623
1.051,-2.57773998533502e-14
1.051125,0.0120306237301587
1.05125,0.0170138712429991
1.051375,0.0120306237301693
1.0515,4.68403428171668e-15
1.051625,-0.0120306237301517
1.05175,-0.0170138712429991
1.051875,-0.0120306237301762
1.052,9.35305537762312e-16
1.052125,0.0120306237301447
1.05225,0.0170138712429991
1.052375,0.0120306237301613
1.0525,8.91938039491319e-15
1.052625,-0.0120306237301487
1.05275,-0.0170138712429991
1.052875,-0.0120306237301683
1.053,-1.87740663275887e-14
1.053125,0.0120306237301527
1.05325,0.0170138712429991
1.053375,0.0120306237301752
1.0535,-2.31929924404479e-15
1.053625,-0.0120306237301566
1.05375,-0.0170138712429991
1.053875,-0.0120306237301713
1.054,-7.53538668863071e-15
1.054125,0.0120306237301497
1.05425,0.0170138712429991
1.054375,0.0120306237301673
1.0545,1.73900726213062e-14
1.054625,-0.0120306237301427
1.05475,-0.0170138712429991
1.054875,-0.0120306237301633
1.055,-1.17707328018272e-14
1.055125,0.0120306237301576
1.05525,0.0170138712429991
1.055375,0.0120306237301703
1.0555,6.15139298234824e-15
1.055625,-0.0120306237301506
1.05575,-0.0170138712429991
1.055875,-0.0120306237301773
1.056,-5.32053162869247e-16
1.056125,0.0120306237301546
1.05625,0.0170138712429991
1.056375,0.0120306237301623
1.0565,1.03867390955447e-14
1.056625,-0.0120306237301477
1.05675,-0.0170138712429991
1.056875,-0.0120306237301693
1.057,-2.02414250282202e-14
1.057125,0.0120306237301626
1.05725,0.0170138712429991
1.057375,0.0120306237301763
1.0575,-8.5194054341323e-16
1.057625,-0.0120306237301556
1.05775,-0.0170138712429991
1.057875,-0.0120306237301723
1.058,-9.00274538926227e-15
1.058125,0.0120306237301486
1.05825,0.0170138712429991
1.058375,0.0120306237301574
1.0585,1.88574313219378e-14
1.058625,-0.0120306237301417
1.05875,-0.0170138712429991
1.058875,-0.0120306237301644
1.059,-1.32380915024588e-14
1.059125,0.0120306237301566
1.05925,0.0170138712429991
1.059375,0.0120306237301713
1.0595,7.61875168297979e-15
1.059625,-0.0120306237301496
1.05975,-0.0170138712429991
1.059875,-0.0120306237301783
1.06,-1.99941186350081e-15
1.060125,0.0120306237301536
1.06025,0.0170138712429991
1.060375,0.0120306237301634
1.0605,1.18540977961763e-14
1.060625,-0.0120306237301466
1.06075,-0.0170138712429991
1.060875,-0.0120306237301703
1.061,-2.17087837288518e-14
1.061125,0.0120306237301615
1.06125,0.0170138712429991
1.061375,0.0120306237301664
1.0615,6.15418157218329e-16
1.061625,-0.0120306237301546
1.06175,-0.0170138712429991
1.061875,-0.0120306237301733
1.062,-1.04701040898938e-14
1.062125,0.0120306237301476
1.06225,0.0170138712429991
1.062375,0.0120306237301584
1.0625,4.85076427041484e-15
1.062625,-0.0120306237301406
1.06275,-0.0170138712429991
1.062875,-0.0120306237301654
1.063,-1.47054502030903e-14
1.063125,0.0120306237301555
1.06325,0.0170138712429991
1.063375,0.0120306237301724
1.0635,2.45601361357658e-14
1.063625,-0.0120306237301595
1.06375,-0.0170138712429991
1.063875,-0.0120306237301793
1.064,-3.46677056413236e-15
1.064125,0.0120306237301525
1.06425,0.0170138712429991
1.064375,0.0120306237301644
1.0645,1.33214564968079e-14
1.064625,-0.0120306237301456
1.06475,-0.0170138712429991
1.064875,-0.0120306237301714
1.065,-2.31761424294834e-14
1.065125,0.0120306237301605
1.06525,0.0170138712429991
1.065375,0.0120306237301674
1.0655,1.75568026100044e-14
1.065625,-0.0120306237301535
1.06575,-0.0170138712429991
1.065875,-0.0120306237301744
1.066,-1.19374627905254e-14
1.066125,0.0120306237301466
1.06625,0.0170138712429991
1.066375,0.0120306237301595
1.0665,6.3181229710464e-15
1.066625,-0.0120306237301505
1.06675,-0.0170138712429991
1.066875,-0.0120306237301664
1.067,-1.61728089037219e-14
1.067125,0.0120306237301545
1.06725,0.0170138712429991
1.067375,0.0120306237301734
1.0675,2.60274948363974e-14
1.067625,-0.0120306237301585
1.06775,-0.0170138712429991
1.067875,-0.0120306237301694
1.068,-4.93412926476392e-15
1.068125,0.0120306237301515
1.06825,0.0170138712429991
1.068375,0.0120306237301655
1.0685,1.47888151974394e-14
1.068625,-0.0120306237301445
1.06875,-0.0170138712429991
1.068875,-0.0120306237301615
1.069,-2.46435011301149e-14
1.069125,0.0120306237301595
1.06925,0.0170138712429991
1.069375,0.0120306237301685
1.0695,1.90241613106359e-14
1.069625,-0.0120306237301525
1.06975,-0.0170138712429991
1.069875,-0.0120306237301754
1.07,2.06920426099754e-15
1.070125,0.0120306237301455
1.07025,0.0170138712429991
1.070375,0.0120306237301605
1.0705,7.78548167167796e-15
1.070625,-0.0120306237301495
1.07075,-0.0170138712429991
1.070875,-0.0120306237301675
1.071,-1.76401676043535e-14
1.071125,0.0120306237301644
1.07125,0.0170138712429991
1.071375,0.0120306237301744
1.0715,2.7494853537029e-14
1.071625,-0.0120306237301574
1.07175,-0.0170138712429991
1.071875,-0.0120306237301705
1.072,-6.40148796539548e-15
1.072125,0.0120306237301505
1.07225,0.0170138712429991
1.072375,0.0120306237301665
1.0725,1.6256173898071e-14
1.072625,-0.0120306237301435
1.07275,-0.0170138712429991
1.072875,-0.0120306237301625
1.073,-1.0636834078592e-14
1.073125,0.0120306237301584
1.07325,0.0170138712429991
1.073375,0.0120306237301695
1.0735,2.04915200112675e-14
1.073625,-0.0120306237301515
1.07375,-0.0170138712429991
1.073875,-0.0120306237301765
1.074,6.01845560365984e-16
1.074125,0.0120306237301554
1.07425,0.0170138712429991
1.074375,0.0120306237301615
1.0745,9.25284037230951e-15
1.074625,-0.0120306237301485
1.07475,-0.0170138712429991
1.074875,-0.0120306237301685
1.075,-1.9107526304985e-14
1.075125,0.0120306237301634
1.07525,0.0170138712429991
1.075375,0.0120306237301755
1.0755,2.89622122376605e-14
1.075625,-0.0120306237301564
1.07575,-0.0170138712429991
1.075875,-0.0120306237301715
1.076,-7.86884666602704e-15
1.076125,0.0120306237301494
1.07625,0.0170138712429991
1.076375,0.0120306237301566
1.0765,1.77235325987025e-14
1.076625,-0.0120306237301425
1.07675,-0.0170138712429991
1.076875,-0.0120306237301636
1.077,-1.21041927792236e-14
1.077125,0.0120306237301574
1.07725,0.0170138712429991
1.077375,0.0120306237301705
1.0775,2.19588787118991e-14
1.077625,-0.0120306237301504
1.07775,-0.0170138712429991
1.077875,-0.0120306237301775
1.078,-8.65513140265575e-16
1.078125,0.0120306237301544
1.07825,0.0170138712429991
1.078375,0.0120306237301626
1.0785,1.07201990729411e-14
1.078625,-0.0120306237301474
1.07875,-0.0170138712429991
1.078875,-0.0120306237301695
1.079,-2.05748850056166e-14
1.079125,0.0120306237301404
1.07925,0.0170138712429991
1.079375,0.0120306237301656
1.0795,1.49555451861376e-14
1.079625,-0.0120306237301554
1.07975,-0.0170138712429991
1.079875,-0.0120306237301725
1.08,-9.3362053666586e-15
1.080125,0.0120306237301484
1.08025,0.0170138712429991
1.080375,0.0120306237301576
1.0805,3.71686554717961e-15
1.080625,-0.0120306237301524
1.08075,-0.0170138712429991
1.080875,-0.0120306237301646
1.081,-1.35715514798551e-14
1.081125,0.0120306237301454
1.08125,0.0170138712429991
1.081375,0.0120306237301716
1.0815,2.34262374125306e-14
1.081625,-0.0120306237301603
1.08175,-0.0170138712429991
1.081875,-0.0120306237301785
1.082,-2.33287184089713e-15
1.082125,0.0120306237301533
1.08225,0.0170138712429991
1.082375,0.0120306237301636
1.0825,1.21875577735726e-14
1.082625,-0.0120306237301464
1.08275,-0.0170138712429991
1.082875,-0.0120306237301706
1.083,-2.20422437062481e-14
1.083125,0.0120306237301394
1.08325,0.0170138712429991
1.083375,0.0120306237301666
1.0835,1.64229038867691e-14
1.083625,-0.0120306237301543
1.08375,-0.0170138712429991
1.083875,-0.0120306237301736
1.084,-1.08035640672902e-14
1.084125,0.0120306237301474
1.08425,0.0170138712429991
1.084375,0.0120306237301587
1.0845,5.18422424781117e-15
1.084625,-0.0120306237301513
1.08475,-0.0170138712429991
1.084875,-0.0120306237301656
1.085,-1.50389101804867e-14
1.085125,0.0120306237301444
1.08525,0.0170138712429991
1.085375,0.0120306237301726
1.0855,2.48935961131622e-14
1.085625,-0.0120306237301593
1.08575,-0.0170138712429991
1.085875,-0.0120306237301686
1.086,-3.80023054152869e-15
1.086125,0.0120306237301523
1.08625,0.0170138712429991
1.086375,0.0120306237301647
1.0865,1.36549164742042e-14
1.086625,-0.0120306237301453
1.08675,-0.0170138712429991
1.086875,-0.0120306237301607
1.087,-8.0355766547252e-15
1.087125,0.0120306237301384
1.08725,0.0170138712429991
1.087375,0.0120306237301676
1.0875,1.78902625874007e-14
1.087625,-0.0120306237301533
1.08775,-0.0170138712429991
1.087875,-0.0120306237301746
1.088,3.20310298423277e-15
1.088125,0.0120306237301463
1.08825,0.0170138712429991
1.088375,0.0120306237301597
1.0885,6.65158294844273e-15
1.088625,-0.0120306237301503
1.08875,-0.0170138712429991
1.088875,-0.0120306237301667
1.089,-1.65062688811182e-14
1.089125,0.0120306237301433
1.08925,0.0170138712429991
1.089375,0.0120306237301736
1.0895,2.63609548137937e-14
1.089625,-0.0120306237301582
1.08975,-0.0170138712429991
1.089875,-0.0120306237301697
1.09,-5.26758924216025e-15
1.090125,0.0120306237301513
1.09025,0.0170138712429991
1.090375,0.0120306237301657
1.0905,1.51222751748358e-14
1.090625,-0.0120306237301443
1.09075,-0.0170138712429991
1.090875,-0.0120306237301617
1.091,-9.50293535535676e-15
1.091125,0.0120306237301483
1.09125,0.0170138712429991
1.091375,0.0120306237301687
1.0915,1.93576212880323e-14
1.091625,-0.0120306237301523
1.09175,-0.0170138712429991
1.091875,-0.0120306237301757
1.092,1.73574428360121e-15
1.092125,0.0120306237301562
1.09225,0.0170138712429991
1.092375,0.0120306237301607
1.0925,8.11894164907428e-15
1.092625,-0.0120306237301493
1.09275,-0.0170138712429991
1.092875,-0.0120306237301677
1.093,-1.79736275817498e-14
1.093125,0.0120306237301423
1.09325,0.0170138712429991
1.093375,0.0120306237301637
1.0935,2.78283135144253e-14
1.093625,-0.0120306237301572
1.09375,-0.0170138712429991
1.093875,-0.0120306237301707
1.094,-6.73494794279181e-15
1.094125,0.0120306237301502
1.09425,0.0170138712429991
1.094375,0.0120306237301558
1.0945,1.65896338754673e-14
1.094625,-0.0120306237301433
1.09475,-0.0170138712429991
1.094875,-0.0120306237301628
1.095,-1.09702940559883e-14
1.095125,0.0120306237301472
1.09525,0.0170138712429991
1.095375,0.0120306237301697
1.0955,2.08249799886638e-14
1.095625,-0.0120306237301512
1.09575,-0.0170138712429991
1.095875,-0.0120306237301767
1.096,2.68385582969656e-16
1.096125,0.0120306237301552
1.09625,0.0170138712429991
1.096375,0.0120306237301618
1.0965,9.58630034970584e-15
1.096625,-0.0120306237301482
1.09675,-0.0170138712429991
1.096875,-0.0120306237301687
1.097,-1.94409862823813e-14
1.097125,0.0120306237301413
1.09725,0.0170138712429991
1.097375,0.0120306237301648
1.0975,1.38216464629024e-14
1.097625,-0.0120306237301562
1.09775,-0.0170138712429991
1.097875,-0.0120306237301717
1.098,-8.20230664342337e-15
1.098125,0.0120306237301492
1.09825,0.0170138712429991
1.098375,0.0120306237301568
1.0985,2.58296682394438e-15
1.098625,-0.0120306237301532
1.09875,-0.0170138712429991
1.098875,-0.0120306237301638
1.099,-1.24376527566199e-14
1.099125,0.0120306237301462
1.09925,0.0170138712429991
1.099375,0.0120306237301708
1.0995,2.22923386892954e-14
1.099625,-0.0120306237301611
1.09975,-0.0170138712429991
1.099875,-0.0120306237301777
1.1,-1.1989731176619e-15
1.100125,0.0120306237301541
1.10025,0.0170138712429991
1.100375,0.0120306237301628
1.1005,1.10536590503374e-14
1.100625,-0.0120306237301472
1.10075,-0.0170138712429991
1.100875,-0.0120306237301698
1.101,-2.09083449830129e-14
1.101125,0.0120306237301402
1.10125,0.0170138712429991
1.101375,0.0120306237301658
1.1015,1.52890051635339e-14
1.101625,-0.0120306237301551
1.10175,-0.0170138712429991
1.101875,-0.0120306237301728
1.102,-9.66966534405493e-15
1.102125,0.0120306237301482
1.10225,0.0170138712429991
1.102375,0.0120306237301579
1.1025,4.05032552457594e-15
1.102625,-0.0120306237301521
1.10275,-0.0170138712429991
1.102875,-0.0120306237301648
1.103,-1.39050114572514e-14
1.103125,0.0120306237301452
1.10325,0.0170138712429991
1.103375,0.0120306237301718
1.1035,2.37596973899269e-14
1.103625,-0.0120306237301601
1.10375,-0.0170138712429991
1.103875,-0.0120306237301678
1.104,-2.66633181829346e-15
1.104125,0.0120306237301531
1.10425,0.0170138712429991
1.104375,0.0120306237301639
1.1045,1.2521017750969e-14
1.104625,-0.0120306237301461
1.10475,-0.0170138712429991
1.104875,-0.0120306237301599
1.105,-6.90167793148997e-15
1.105125,0.0120306237301392
1.10525,0.0170138712429991
1.105375,0.0120306237301668
1.1055,1.67563638641655e-14
1.105625,-0.0120306237301541
1.10575,-0.0170138712429991
1.105875,-0.0120306237301738
1.106,4.337001707468e-15
1.106125,0.0120306237301581
1.10625,0.0170138712429991
1.106375,0.0120306237301589
1.1065,5.5176842252075e-15
1.106625,-0.0120306237301511
1.10675,-0.0170138712429991
1.106875,-0.0120306237301659
1.107,-1.5372370157883e-14
1.107125,0.0120306237301441
1.10725,0.0170138712429991
1.107375,0.0120306237301728
1.1075,2.52270560905585e-14
1.107625,-0.012030623730159
1.10775,-0.0170138712429991
1.107875,-0.0120306237301689
1.108,-4.13369051892502e-15
1.108125,0.0120306237301521
1.10825,0.0170138712429991
1.108375,0.0120306237301649
1.1085,1.39883764516005e-14
1.108625,-0.0120306237301451
1.10875,-0.0170138712429991
1.108875,-0.0120306237301609
1.109,-8.36903663212153e-15
1.109125,0.0120306237301491
1.10925,0.0170138712429991
1.109375,0.0120306237301679
1.1095,1.8223722564797e-14
1.109625,-0.0120306237301531
1.10975,-0.0170138712429991
1.109875,-0.0120306237301749
1.11,2.86964300683645e-15
1.110125,0.012030623730157
1.11025,0.0170138712429991
1.110375,0.0120306237301818
1.1105,6.98504292583905e-15
1.110625,-0.0120306237301501
1.11075,-0.0170138712429991
1.110875,-0.0120306237301669
1.111,-1.68397288585146e-14
1.111125,0.0120306237301431
1.11125,0.0170138712429991
1.111375,0.0120306237301629
1.1115,2.66944147911901e-14
1.111625,-0.012030623730158
1.11175,-0.0170138712429991
1.111875,-0.0120306237301699
1.112,-5.60104921955658e-15
1.112125,0.012030623730151
1.11225,0.0170138712429991
1.112375,0.0120306237301769
1.1125,-1.82905999224102e-17
1.112625,-0.0120306237301441
1.11275,-0.0170138712429991
1.112875,-0.012030623730162
1.113,-9.83639533275309e-15
1.113125,0.012030623730148
1.11325,0.0170138712429991
1.113375,0.0120306237301689
1.1135,1.96910812654286e-14
1.113625,-0.012030623730152
1.11375,-0.0170138712429991
1.113875,-0.0120306237301759
1.114,1.40228430620489e-15
1.114125,0.012030623730156
1.11425,0.0170138712429991
1.114375,0.0120306237301719
1.1145,8.45240162647061e-15
1.114625,-0.012030623730149
1.11475,-0.0170138712429991
1.114875,-0.0120306237301679
1.115,-1.83070875591461e-14
1.115125,0.0120306237301421
1.11525,0.0170138712429991
1.115375,0.012030623730164
1.1155,1.26877477396671e-14
1.115625,-0.012030623730157
1.11575,-0.0170138712429991
1.115875,-0.0120306237301709
1.116,-7.06840792018814e-15
1.116125,0.01203062373015
1.11625,0.0170138712429991
1.116375,0.0120306237301779
1.1165,1.44906810070915e-15
1.116625,-0.012030623730154
1.11675,-0.0170138712429991
1.116875,-0.012030623730163
1.117,-1.13037540333846e-14
1.117125,0.012030623730147
1.11725,0.0170138712429991
1.117375,0.01203062373017
1.1175,2.11584399660602e-14
1.117625,-0.0120306237301619
1.11775,-0.0170138712429991
1.117875,-0.0120306237301769
1.118,-6.50743944266718e-17
1.118125,0.012030623730155
1.11825,0.0170138712429991
1.118375,0.012030623730173
1.1185,9.91976032710217e-15
1.118625,-0.012030623730148
1.11875,-0.0170138712429991
1.118875,-0.012030623730158
1.119,-1.97744462597777e-14
1.119125,0.012030623730141
1.11925,0.0170138712429991
1.119375,0.012030623730165
1.1195,1.41551064402987e-14
1.119625,-0.0120306237301559
1.11975,-0.0170138712429991
1.119875,-0.012030623730172
1.12,-8.5357666208197e-15
1.120125,0.012030623730149
1.12025,0.0170138712429991
1.120375,0.0120306237301789
1.1205,2.91642680134071e-15
1.120625,-0.0120306237301529
1.12075,-0.0170138712429991
1.120875,-0.012030623730164
1.121,-1.27711127340162e-14
1.121125,0.012030623730146
1.12125,0.0170138712429991
1.121375,0.012030623730171
1.1215,2.26257986666917e-14
1.121625,-0.0120306237301609
1.12175,-0.0170138712429991
1.121875,-0.012030623730167
1.122,-1.53243309505823e-15
1.122125,0.0120306237301539
1.12225,0.0170138712429991
1.122375,0.012030623730174
1.1225,1.13871190277337e-14
1.122625,-0.0120306237301469
1.12275,-0.0170138712429991
1.122875,-0.0120306237301591
1.123,-5.76777920825474e-15
1.123125,0.01203062373014
1.12325,0.0170138712429991
1.123375,0.012030623730166
1.1235,1.56224651409302e-14
1.123625,-0.0120306237301549
1.12375,-0.0170138712429991
1.123875,-0.012030623730173
1.124,5.47090043070323e-15
1.124125,0.0120306237301589
1.12425,0.0170138712429991
1.124375,0.01203062373018
1.1245,4.38378550197227e-15
1.124625,-0.0120306237301519
1.12475,-0.0170138712429991
1.124875,-0.0120306237301651
1.125,-1.42384714346478e-14
1.125125,0.0120306237301449
1.12525,0.0170138712429991
1.125375,0.012030623730172
1.1255,2.40931573673233e-14
1.125625,-0.0120306237301598
1.12575,-0.0170138712429991
1.125875,-0.0120306237301681
1.126,-1.84738175478443e-14
1.126125,0.0120306237301529
1.12625,0.0170138712429991
1.126375,0.012030623730175
1.1265,1.28544777283653e-14
1.126625,-0.0120306237301459
1.12675,-0.0170138712429991
1.126875,-0.0120306237301601
1.127,-7.2351379088863e-15
1.127125,0.0120306237301499
1.12725,0.0170138712429991
1.127375,0.0120306237301671
1.1275,1.70898238415618e-14
1.127625,-0.0120306237301539
1.12775,-0.0170138712429991
1.127875,-0.0120306237301741
1.128,-2.69445097742373e-14
1.128125,0.0120306237301578
1.12825,0.0170138712429991
1.128375,0.0120306237301701
1.1285,5.85114420260382e-15
1.128625,-0.0120306237301509
1.12875,-0.0170138712429991
1.128875,-0.0120306237301661
1.129,-1.57058301352793e-14
1.129125,0.0120306237301439
1.12925,0.0170138712429991
1.129375,0.0120306237301621
1.1295,2.55605160679548e-14
1.129625,-0.0120306237301588
1.12975,-0.0170138712429991
1.129875,-0.0120306237301691
1.13,-1.99411762484758e-14
1.130125,0.0120306237301518
1.13025,0.0170138712429991
1.130375,0.0120306237301761
1.1305,-1.15218932315764e-15
1.130625,-0.0120306237301449
1.13075,-0.0170138712429991
1.130875,-0.0120306237301612
1.131,-8.70249660951786e-15
1.131125,0.0120306237301488
1.13125,0.0170138712429991
1.131375,0.0120306237301681
1.1315,1.85571825421934e-14
1.131625,-0.0120306237301638
1.13175,-0.0170138712429991
1.131875,-0.0120306237301751
1.132,-2.84118684748689e-14
1.132125,0.0120306237301568
1.13225,0.0170138712429991
1.132375,0.0120306237301711
1.1325,7.31850290323538e-15
1.132625,-0.0120306237301498
1.13275,-0.0170138712429991
1.132875,-0.0120306237301671
1.133,-1.71731888359109e-14
1.133125,0.0120306237301429
1.13325,0.0170138712429991
1.133375,0.0120306237301632
1.1335,1.15538490164319e-14
1.133625,-0.0120306237301578
1.13375,-0.0170138712429991
1.133875,-0.0120306237301701
1.134,-2.14085349491074e-14
1.134125,0.0120306237301508
1.13425,0.0170138712429991
1.134375,0.0120306237301771
1.1345,3.15169377473918e-16
1.134625,-0.0120306237301548
1.13475,-0.0170138712429991
1.134875,-0.0120306237301622
1.135,-1.01698553101494e-14
1.135125,0.0120306237301478
1.13525,0.0170138712429991
1.135375,0.0120306237301692
1.1355,2.00245412428249e-14
1.135625,-0.0120306237301627
1.13575,-0.0170138712429991
1.135875,-0.0120306237301761
1.136,-2.98792271755004e-14
1.136125,0.0120306237301558
1.13625,0.0170138712429991
1.136375,0.0120306237301722
1.1365,8.78586160386694e-15
1.136625,-0.0120306237301488
1.13675,-0.0170138712429991
1.136875,-0.0120306237301572
1.137,-1.86405475365424e-14
1.137125,0.0120306237301418
1.13725,0.0170138712429991
1.137375,0.0120306237301642
1.1375,1.30212077170635e-14
1.137625,-0.0120306237301567
1.13775,-0.0170138712429991
1.137875,-0.0120306237301712
1.138,-2.2875893649739e-14
1.138125,0.0120306237301498
1.13825,0.0170138712429991
1.138375,0.0120306237301781
1.1385,1.78252807810548e-15
1.138625,-0.0120306237301537
1.13875,-0.0170138712429991
1.138875,-0.0120306237301632
1.139,-1.1637214010781e-14
1.139125,0.0120306237301468
1.13925,0.0170138712429991
1.139375,0.0120306237301702
1.1395,2.14918999434565e-14
1.139625,-0.0120306237301617
1.13975,-0.0170138712429991
1.139875,-0.0120306237301662
1.14,-1.58725601239775e-14
1.140125,0.0120306237301547
1.14025,0.0170138712429991
1.140375,0.0120306237301732
1.1405,1.02532203044985e-14
1.140625,-0.0120306237301477
1.14075,-0.0170138712429991
1.140875,-0.0120306237301583
1.141,-4.63388048501951e-15
1.141125,0.0120306237301517
1.14125,0.0170138712429991
1.141375,0.0120306237301652
1.1415,1.4488566417695e-14
1.141625,-0.0120306237301448
1.14175,-0.0170138712429991
1.141875,-0.0120306237301722
1.142,-2.43432523503705e-14
1.142125,0.0120306237301597
1.14225,0.0170138712429991
1.142375,0.0120306237301792
1.1425,3.24988677873703e-15
1.142625,-0.0120306237301527
1.14275,-0.0170138712429991
1.142875,-0.0120306237301643
1.143,-1.31045727114125e-14
1.143125,0.0120306237301457
1.14325,0.0170138712429991
1.143375,0.0120306237301712
1.1435,2.2959258644088e-14
1.143625,-0.0120306237301388
1.14375,-0.0170138712429991
1.143875,-0.0120306237301673
1.144,-1.7339918824609e-14
1.144125,0.0120306237301537
1.14425,0.0170138712429991
1.144375,0.0120306237301742
1.1445,1.17205790051301e-14
1.144625,-0.0120306237301467
1.14475,-0.0170138712429991
1.144875,-0.0120306237301593
1.145,-6.10123918565107e-15
1.145125,0.0120306237301507
1.14525,0.0170138712429991
1.145375,0.0120306237301663
1.1455,1.59559251183266e-14
1.145625,-0.0120306237301437
1.14575,-0.0170138712429991
1.145875,-0.0120306237301732
1.146,-2.58106110510021e-14
1.146125,0.0120306237301586
1.14625,0.0170138712429991
1.146375,0.0120306237301693
1.1465,4.71724547936859e-15
1.146625,-0.0120306237301517
1.14675,-0.0170138712429991
1.146875,-0.0120306237301653
1.147,-1.45719314120441e-14
1.147125,0.0120306237301447
1.14725,0.0170138712429991
1.147375,0.0120306237301613
1.1475,8.95259159256511e-15
1.147625,-0.0120306237301377
1.14775,-0.0170138712429991
1.147875,-0.0120306237301683
1.148,-1.88072775252406e-14
1.148125,0.0120306237301526
1.14825,0.0170138712429991
1.148375,0.0120306237301753
1.1485,-2.28608804639287e-15
1.148625,-0.0120306237301457
1.14875,-0.0170138712429991
1.148875,-0.0120306237301603
1.149,-7.56859788628263e-15
1.149125,0.0120306237301496
1.14925,0.0170138712429991
1.149375,0.0120306237301673
1.1495,1.74232838189581e-14
1.149625,-0.0120306237301427
1.14975,-0.0170138712429991
1.149875,-0.0120306237301743
1.15,-2.72779697516336e-14
1.150125,0.0120306237301576
1.15025,0.0170138712429991
1.150375,0.0120306237301703
1.1505,6.18460418000015e-15
1.150625,-0.0120306237301506
1.15075,-0.0170138712429991
1.150875,-0.0120306237301663
1.151,-1.60392901126757e-14
1.151125,0.0120306237301437
1.15125,0.0170138712429991
1.151375,0.0120306237301624
1.1515,1.04199502931967e-14
1.151625,-0.0120306237301476
1.15175,-0.0170138712429991
1.151875,-0.0120306237301693
1.152,-2.02746362258722e-14
1.152125,0.0120306237301516
1.15225,0.0170138712429991
1.152375,0.0120306237301763
1.1525,-8.18729345761313e-16
1.152625,-0.0120306237301556
1.15275,-0.0170138712429991
1.152875,-0.0120306237301614
1.153,-9.03595658691419e-15
1.153125,0.0120306237301486
1.15325,0.0170138712429991
1.153375,0.0120306237301684
1.1535,1.88906425195897e-14
1.153625,-0.0120306237301416
1.15375,-0.0170138712429991
1.153875,-0.0120306237301644
1.154,-2.87453284522652e-14
1.154125,0.0120306237301566
1.15425,0.0170138712429991
1.154375,0.0120306237301713
1.1545,7.65196288063171e-15
1.154625,-0.0120306237301496
1.15475,-0.0170138712429991
1.154875,-0.0120306237301564
1.155,-1.75066488133072e-14
1.155125,0.0120306237301426
1.15525,0.0170138712429991
1.155375,0.0120306237301634
1.1555,1.18873089938282e-14
1.155625,-0.0120306237301466
1.15575,-0.0170138712429991
1.155875,-0.0120306237301704
1.156,-2.17419949265037e-14
1.156125,0.0120306237301506
1.15625,0.0170138712429991
1.156375,0.0120306237301773
1.1565,6.48629354870245e-16
1.156625,-0.0120306237301545
1.15675,-0.0170138712429991
1.156875,-0.0120306237301624
1.157,-1.05033152875457e-14
1.157125,0.0120306237301476
1.15725,0.0170138712429991
1.157375,0.0120306237301694
1.1575,2.03580012202212e-14
1.157625,-0.0120306237301406
1.15775,-0.0170138712429991
1.157875,-0.0120306237301654
1.158,-1.47386614007423e-14
1.158125,0.0120306237301555
1.15825,0.0170138712429991
1.158375,0.0120306237301724
1.1585,9.11932158126327e-15
1.158625,-0.0120306237301485
1.15875,-0.0170138712429991
1.158875,-0.0120306237301575
1.159,-3.49998176178428e-15
1.159125,0.0120306237301525
1.15925,0.0170138712429991
1.159375,0.0120306237301644
1.1595,1.33546676944598e-14
1.159625,-0.0120306237301456
1.15975,-0.0170138712429991
1.159875,-0.0120306237301714
1.16,-2.32093536271353e-14
1.160125,0.0120306237301605
1.16025,0.0170138712429991
1.160375,0.0120306237301784
1.1605,2.1159880555018e-15
1.160625,-0.0120306237301535
1.16075,-0.0170138712429991
1.160875,-0.0120306237301635
1.161,-1.19706739881773e-14
1.161125,0.0120306237301465
1.16125,0.0170138712429991
1.161375,0.0120306237301704
1.1615,2.18253599208528e-14
1.161625,-0.0120306237301396
1.16175,-0.0170138712429991
1.161875,-0.0120306237301665
1.162,-1.62060201013738e-14
1.162125,0.0120306237301545
1.16225,0.0170138712429991
1.162375,0.0120306237301734
1.1625,1.05866802818948e-14
1.162625,-0.0120306237301475
1.16275,-0.0170138712429991
1.162875,-0.0120306237301585
1.163,-4.96734046241584e-15
1.163125,0.0120306237301515
1.16325,0.0170138712429991
1.163375,0.0120306237301655
1.1635,1.48220263950913e-14
1.163625,-0.0120306237301445
1.16375,-0.0170138712429991
1.163875,-0.0120306237301724
1.164,-2.46767123277668e-14
1.164125,0.0120306237301594
1.16425,0.0170138712429991
1.164375,0.0120306237301685
1.1645,3.58334675613336e-15
1.164625,-0.0120306237301525
1.16475,-0.0170138712429991
1.164875,-0.0120306237301645
1.165,-1.34380326888089e-14
1.165125,0.0120306237301455
1.16525,0.0170138712429991
1.165375,0.0120306237301605
1.1655,7.81869286932987e-15
1.165625,-0.0120306237301385
1.16575,-0.0170138712429991
1.165875,-0.0120306237301675
1.166,-1.76733788020054e-14
1.166125,0.0120306237301534
1.16625,0.0170138712429991
1.166375,0.0120306237301745
1.1665,-3.4199867696281e-15
1.166625,-0.0120306237301574
1.16675,-0.0170138712429991
1.166875,-0.0120306237301595
1.167,-6.4346991630474e-15
1.167125,0.0120306237301504
1.16725,0.0170138712429991
1.167375,0.0120306237301665
1.1675,1.62893850957229e-14
1.167625,-0.0120306237301435
1.16775,-0.0170138712429991
1.167875,-0.0120306237301735
1.168,-2.61440710283984e-14
1.168125,0.0120306237301584
1.16825,0.0170138712429991
1.168375,0.0120306237301695
1.1685,5.05070545676492e-15
1.168625,-0.0120306237301514
1.16875,-0.0170138712429991
1.168875,-0.0120306237301655
1.169,-1.49053913894404e-14
1.169125,0.0120306237301445
1.16925,0.0170138712429991
1.169375,0.0120306237301616
1.1695,9.28605156996143e-15
1.169625,-0.0120306237301484
1.16975,-0.0170138712429991
1.169875,-0.0120306237301685
1.17,-1.91407375026369e-14
1.170125,0.0120306237301524
1.17025,0.0170138712429991
1.170375,0.0120306237301755
1.1705,-1.95262806899654e-15
1.170625,-0.0120306237301564
1.17075,-0.0170138712429991
1.170875,-0.0120306237301606
1.171,-7.90205786367896e-15
1.171125,0.0120306237301494
1.17125,0.0170138712429991
1.171375,0.0120306237301676
1.1715,1.77567437963545e-14
1.171625,-0.0120306237301424
1.17175,-0.0170138712429991
1.171875,-0.0120306237301636
1.172,-2.761142972903e-14
1.172125,0.0120306237301574
1.17225,0.0170138712429991
1.172375,0.0120306237301705
1.1725,6.51806415739648e-15
1.172625,-0.0120306237301504
1.17275,-0.0170138712429991
1.172875,-0.0120306237301775
1.173,-8.98724337917491e-16
1.173125,0.0120306237301434
1.17325,0.0170138712429991
1.173375,0.0120306237301626
1.1735,1.0753410270593e-14
1.173625,-0.0120306237301474
1.17375,-0.0170138712429991
1.173875,-0.0120306237301696
1.174,-2.06080962032685e-14
1.174125,0.0120306237301623
1.17425,0.0170138712429991
1.174375,0.0120306237301765
1.1745,-4.85269368364985e-16
1.174625,-0.0120306237301553
1.17475,-0.0170138712429991
1.174875,-0.0120306237301726
1.175,-9.36941656431051e-15
1.175125,0.0120306237301484
1.17525,0.0170138712429991
1.175375,0.0120306237301686
1.1755,1.9224102496986e-14
1.175625,-0.0120306237301414
1.17575,-0.0170138712429991
1.175875,-0.0120306237301646
1.176,-1.3604762677507e-14
1.176125,0.0120306237301563
1.17625,0.0170138712429991
1.176375,0.0120306237301716
1.1765,7.98542285802804e-15
1.176625,-0.0120306237301494
1.17675,-0.0170138712429991
1.176875,-0.0120306237301786
1.177,-2.36608303854905e-15
1.177125,0.0120306237301533
1.17725,0.0170138712429991
1.177375,0.0120306237301636
1.1775,1.22207689712245e-14
1.177625,-0.0120306237301464
1.17775,-0.0170138712429991
1.177875,-0.0120306237301706
1.178,-2.20754549039e-14
1.178125,0.0120306237301613
1.17825,0.0170138712429991
1.178375,0.0120306237301776
1.1785,9.82089332266573e-16
1.178625,-0.0120306237301543
1.17875,-0.0170138712429991
1.178875,-0.0120306237301736
1.179,-1.08367752649421e-14
1.179125,0.0120306237301473
1.17925,0.0170138712429991
1.179375,0.0120306237301587
1.1795,2.06914611976176e-14
1.179625,-0.0120306237301404
1.17975,-0.0170138712429991
1.179875,-0.0120306237301657
1.18,-1.50721213781386e-14
1.180125,0.0120306237301553
1.18025,0.0170138712429991
1.180375,0.0120306237301726
1.1805,-6.02124419349489e-15
1.180625,-0.0120306237301483
1.18075,-0.0170138712429991
1.180875,-0.0120306237301796
1.181,-3.83344173918061e-15
1.181125,0.0120306237301523
1.18125,0.0170138712429991
1.181375,0.0120306237301647
1.1815,1.36881276718561e-14
1.181625,-0.0120306237301453
1.18175,-0.0170138712429991
1.181875,-0.0120306237301716
1.182,-2.35428136045316e-14
1.182125,0.0120306237301602
1.18225,0.0170138712429991
1.182375,0.0120306237301677
1.1825,2.44944803289813e-15
1.182625,-0.0120306237301533
1.18275,-0.0170138712429991
1.182875,-0.0120306237301746
1.183,-1.23041339655736e-14
1.183125,0.0120306237301463
1.18325,0.0170138712429991
1.183375,0.0120306237301597
1.1835,6.68479414609464e-15
1.183625,-0.0120306237301503
1.18375,-0.0170138712429991
1.183875,-0.0120306237301667
1.184,-1.65394800787701e-14
1.184125,0.0120306237301542
1.18425,0.0170138712429991
1.184375,0.0120306237301737
1.1845,-4.55388549286333e-15
1.184625,-0.0120306237301582
1.18475,-0.0170138712429991
1.184875,-0.0120306237301806
1.185,-5.30080043981217e-15
1.185125,0.0120306237301512
1.18525,0.0170138712429991
1.185375,0.0120306237301657
1.1855,1.51554863724877e-14
1.185625,-0.0120306237301443
1.18575,-0.0170138712429991
1.185875,-0.0120306237301727
1.186,-2.50101723051632e-14
1.186125,0.0120306237301592
1.18625,0.0170138712429991
1.186375,0.0120306237301687
1.1865,3.91680673352969e-15
1.186625,-0.0120306237301522
1.18675,-0.0170138712429991
1.186875,-0.0120306237301757
1.187,-1.37714926662052e-14
1.187125,0.0120306237301453
1.18725,0.0170138712429991
1.187375,0.0120306237301608
1.1875,8.1521528467262e-15
1.187625,-0.0120306237301492
1.18775,-0.0170138712429991
1.187875,-0.0120306237301677
1.188,-1.80068387794017e-14
1.188125,0.0120306237301532
1.18825,0.0170138712429991
1.188375,0.0120306237301747
1.1885,2.78615247120772e-14
1.188625,-0.0120306237301572
1.18875,-0.0170138712429991
1.188875,-0.0120306237301707
1.189,-6.76815914044373e-15
1.189125,0.0120306237301502
1.18925,0.0170138712429991
1.189375,0.0120306237301668
1.1895,1.66228450731192e-14
1.189625,-0.0120306237301432
1.18975,-0.0170138712429991
1.189875,-0.0120306237301628
1.19,-1.10035052536402e-14
1.190125,0.0120306237301582
1.19025,0.0170138712429991
1.190375,0.0120306237301697
1.1905,2.08581911863157e-14
1.190625,-0.0120306237301512
1.19075,-0.0170138712429991
1.190875,-0.0120306237301767
1.191,2.35174385317739e-16
1.191125,0.0120306237301442
1.19125,0.0170138712429991
1.191375,0.0120306237301618
1.1915,9.61951154735776e-15
1.191625,-0.0120306237301482
1.19175,-0.0170138712429991
1.191875,-0.0120306237301688
1.192,-1.94741974800333e-14
1.192125,0.0120306237301631
1.19225,0.0170138712429991
1.192375,0.0120306237301757
1.1925,2.93288834127088e-14
1.192625,-0.0120306237301561
1.19275,-0.0170138712429991
1.192875,-0.0120306237301718
1.193,-8.23551784107528e-15
1.193125,0.0120306237301492
1.19325,0.0170138712429991
1.193375,0.0120306237301678
1.1935,1.80902037737508e-14
1.193625,-0.0120306237301422
1.19375,-0.0170138712429991
1.193875,-0.0120306237301638
1.194,-1.24708639542718e-14
1.194125,0.0120306237301571
1.19425,0.0170138712429991
1.194375,0.0120306237301708
1.1945,2.23255498869473e-14
1.194625,-0.0120306237301502
1.19475,-0.0170138712429991
1.194875,-0.0120306237301778
1.195,-1.23218431531382e-15
1.195125,0.0120306237301541
1.19525,0.0170138712429991
1.195375,0.0120306237301628
1.1955,1.10868702479893e-14
1.195625,-0.0120306237301472
1.19575,-0.0170138712429991
1.195875,-0.0120306237301698
1.196,-2.09415561806648e-14
1.196125,0.0120306237301621
1.19625,0.0170138712429991
1.196375,0.0120306237301658
1.1965,3.07962421133403e-14
1.196625,-0.0120306237301551
1.19675,-0.0170138712429991
1.196875,-0.0120306237301728
1.197,-9.70287654170684e-15
1.197125,0.0120306237301481
1.19725,0.0170138712429991
1.197375,0.0120306237301579
1.1975,1.95575624743823e-14
1.197625,-0.0120306237301412
1.19775,-0.0170138712429991
1.197875,-0.0120306237301649
1.198,-1.39382226549034e-14
1.198125,0.0120306237301561
1.19825,0.0170138712429991
1.198375,0.0120306237301718
1.1985,2.37929085875789e-14
1.198625,-0.0120306237301491
1.19875,-0.0170138712429991
1.198875,-0.0120306237301788
1.199,-2.69954301594538e-15
1.199125,0.0120306237301531
1.19925,0.0170138712429991
1.199375,0.0120306237301639
1.1995,1.25542289486209e-14
1.199625,-0.0120306237301461
1.19975,-0.0170138712429991
1.199875,-0.0120306237301708
1.2,-2.24089148812964e-14
1.200125,0.012030623730161
1.20025,0.0170138712429991
1.200375,0.0120306237301669
1.2005,1.67895750618174e-14
1.200625,-0.0120306237301541
1.20075,-0.0170138712429991
1.200875,-0.0120306237301738
1.201,-1.11702352423384e-14
1.201125,0.0120306237301471
1.20125,0.0170138712429991
1.201375,0.0120306237301589
1.2015,5.55089542285941e-15
1.201625,-0.0120306237301511
1.20175,-0.0170138712429991
1.201875,-0.0120306237301659
1.202,-1.54055813555349e-14
1.202125,0.012030623730155
1.20225,0.0170138712429991
1.202375,0.0120306237301729
1.2025,2.52602672882104e-14
1.202625,-0.012030623730159
1.20275,-0.0170138712429991
1.202875,-0.0120306237301798
1.203,-4.16690171657694e-15
1.203125,0.0120306237301521
1.20325,0.0170138712429991
1.203375,0.0120306237301649
1.2035,1.40215876492524e-14
1.203625,-0.0120306237301451
1.20375,-0.0170138712429991
1.203875,-0.0120306237301719
1.204,-2.38762735819279e-14
1.204125,0.0120306237301381
1.20425,0.0170138712429991
1.204375,0.0120306237301679
1.2045,1.82569337624489e-14
1.204625,-0.012030623730153
1.20475,-0.0170138712429991
1.204875,-0.0120306237301749
1.205,-1.263759394297e-14
1.205125,0.0120306237301461
1.20525,0.0170138712429991
1.205375,0.01203062373016
1.2055,7.01825412349097e-15
1.205625,-0.01203062373015
1.20575,-0.0170138712429991
1.205875,-0.0120306237301669
1.206,-1.68729400561665e-14
1.206125,0.0120306237301431
1.20625,0.0170138712429991
1.206375,0.0120306237301739
1.2065,2.6727625988842e-14
1.206625,-0.012030623730158
1.20675,-0.0170138712429991
1.206875,-0.0120306237301699
1.207,-5.63426041720849e-15
1.207125,0.012030623730151
1.20725,0.0170138712429991
1.207375,0.0120306237301659
1.2075,1.5488946349884e-14
1.207625,-0.012030623730144
1.20775,-0.0170138712429991
1.207875,-0.012030623730162
1.208,-9.86960653040501e-15
1.208125,0.0120306237301371
1.20825,0.0170138712429991
1.208375,0.0120306237301689
1.2085,1.97242924630805e-14
1.208625,-0.012030623730152
1.20875,-0.0170138712429991
1.208875,-0.0120306237301759
1.209,1.36907310855297e-15
1.209125,0.012030623730156
1.20925,0.0170138712429991
1.209375,0.012030623730161
1.2095,8.48561282412253e-15
1.209625,-0.012030623730149
1.20975,-0.0170138712429991
1.209875,-0.012030623730168
1.21,-1.8340298756798e-14
1.210125,0.012030623730142
1.21025,0.0170138712429991
1.210375,0.0120306237301749
1.2105,2.81949846894735e-14
1.210625,-0.0120306237301569
1.21075,-0.0170138712429991
1.210875,-0.012030623730171
1.211,-7.10161911784005e-15
1.211125,0.01203062373015
1.21125,0.0170138712429991
1.211375,0.012030623730167
1.2115,1.69563050505156e-14
1.211625,-0.012030623730143
1.21175,-0.0170138712429991
1.211875,-0.012030623730163
1.212,-1.13369652310366e-14
1.212125,0.012030623730147
1.21225,0.0170138712429991
1.212375,0.01203062373017
1.2125,2.11916511637121e-14
1.212625,-0.012030623730151
1.21275,-0.0170138712429991
1.212875,-0.012030623730177
1.213,-9.82855920785884e-17
1.213125,0.0120306237301549
1.21325,0.0170138712429991
1.213375,0.012030623730162
1.2135,9.95297152475409e-15
1.213625,-0.012030623730148
1.21375,-0.0170138712429991
1.213875,-0.012030623730169
1.214,-1.98076574574296e-14
1.214125,0.012030623730141
1.21425,0.0170138712429991
1.214375,0.012030623730165
1.2145,2.96623433901051e-14
1.214625,-0.0120306237301559
1.21475,-0.0170138712429991
1.214875,-0.012030623730172
1.215,-8.56897781847161e-15
1.215125,0.0120306237301489
1.21525,0.0170138712429991
1.215375,0.0120306237301571
1.2155,2.94963799899262e-15
1.215625,-0.012030623730142
1.21575,-0.0170138712429991
1.215875,-0.0120306237301641
1.216,-1.28043239316681e-14
1.216125,0.0120306237301459
1.21625,0.0170138712429991
1.216375,0.012030623730171
1.2165,2.26590098643436e-14
1.216625,-0.0120306237301499
1.21675,-0.0170138712429991
1.216875,-0.012030623730178
1.217,-1.56564429271015e-15
1.217125,0.0120306237301539
1.21725,0.0170138712429991
1.217375,0.0120306237301631
1.2175,1.14203302253856e-14
1.217625,-0.0120306237301469
1.21775,-0.0170138712429991
1.217875,-0.01203062373017
1.218,-2.12750161580611e-14
1.218125,0.01203062373014
1.21825,0.0170138712429991
1.218375,0.0120306237301661
1.2185,1.56556763385822e-14
1.218625,-0.0120306237301549
1.21875,-0.0170138712429991
1.218875,-0.012030623730173
1.219,-1.00363365191032e-14
1.219125,0.0120306237301479
1.21925,0.0170138712429991
1.219375,0.0120306237301581
1.2195,4.41699669962418e-15
1.219625,-0.0120306237301519
1.21975,-0.0170138712429991
1.219875,-0.0120306237301651
1.22,-1.42716826322997e-14
1.220125,0.0120306237301449
1.22025,0.0170138712429991
1.220375,0.0120306237301721
1.2205,2.41263685649752e-14
1.220625,-0.0120306237301598
1.22075,-0.0170138712429991
1.220875,-0.012030623730179
1.221,-3.03300299334171e-15
1.221125,0.0120306237301529
1.22125,0.0170138712429991
1.221375,0.0120306237301641
1.2215,1.28876889260172e-14
1.221625,-0.0120306237301459
1.22175,-0.0170138712429991
1.221875,-0.0120306237301601
1.222,-2.27423748586927e-14
1.222125,0.0120306237301389
1.22225,0.0170138712429991
1.222375,0.0120306237301671
1.2225,1.71230350392137e-14
1.222625,-0.0120306237301538
1.22275,-0.0170138712429991
1.222875,-0.0120306237301741
1.223,-1.15036952197347e-14
1.223125,0.0120306237301469
1.22325,0.0170138712429991
1.223375,0.0120306237301592
1.2235,5.88435540025574e-15
1.223625,-0.0120306237301508
1.22375,-0.0170138712429991
1.223875,-0.0120306237301661
1.224,-1.57390413329312e-14
1.224125,0.0120306237301439
1.22425,0.0170138712429991
1.224375,0.0120306237301731
1.2245,2.55937272656067e-14
1.224625,-0.0120306237301588
1.22475,-0.0170138712429991
1.224875,-0.0120306237301691
1.225,-4.50036169397326e-15
1.225125,0.0120306237301518
1.22525,0.0170138712429991
1.225375,0.0120306237301651
1.2255,1.43550476266488e-14
1.225625,-0.0120306237301448
1.22575,-0.0170138712429991
1.225875,-0.0120306237301612
1.226,-8.73570780716978e-15
1.226125,0.0120306237301379
1.22625,0.0170138712429991
1.226375,0.0120306237301681
1.2265,1.85903937398453e-14
1.226625,-0.0120306237301528
1.22675,-0.0170138712429991
1.226875,-0.0120306237301751
1.227,2.5029718317882e-15
1.227125,0.0120306237301568
1.22725,0.0170138712429991
1.227375,0.0120306237301602
1.2275,7.3517141008873e-15
1.227625,-0.0120306237301498
1.22775,-0.0170138712429991
1.227875,-0.0120306237301672
1.228,-1.72064000335628e-14
1.228125,0.0120306237301428
1.22825,0.0170138712429991
1.228375,0.0120306237301741
1.2285,2.70610859662383e-14
1.228625,-0.0120306237301577
1.22875,-0.0170138712429991
1.228875,-0.0120306237301702
1.229,-5.96772039460482e-15
1.229125,0.0120306237301508
1.22925,0.0170138712429991
1.229375,0.0120306237301662
1.2295,1.58224063272803e-14
1.229625,-0.0120306237301438
1.22975,-0.0170138712429991
1.229875,-0.0120306237301622
1.23,-1.02030665078013e-14
1.230125,0.0120306237301478
1.23025,0.0170138712429991
1.230375,0.0120306237301692
1.2305,2.00577524404768e-14
1.230625,-0.0120306237301518
1.23075,-0.0170138712429991
1.230875,-0.0120306237301761
1.231,1.03561313115664e-15
1.231125,0.0120306237301557
1.23125,0.0170138712429991
1.231375,0.0120306237301612
1.2315,8.81907280151886e-15
1.231625,-0.0120306237301488
1.23175,-0.0170138712429991
1.231875,-0.0120306237301682
1.232,-1.86737587341944e-14
1.232125,0.0120306237301418
1.23225,0.0170138712429991
1.232375,0.0120306237301642
1.2325,2.85284446668699e-14
1.232625,-0.0120306237301567
1.23275,-0.0170138712429991
1.232875,-0.0120306237301712
1.233,-7.43507909523638e-15
1.233125,0.0120306237301497
1.23325,0.0170138712429991
1.233375,0.0120306237301563
1.2335,1.81573927575739e-15
1.233625,-0.0120306237301428
1.23375,-0.0170138712429991
1.233875,-0.0120306237301633
1.234,-1.16704252084329e-14
1.234125,0.0120306237301467
1.23425,0.0170138712429991
1.234375,0.0120306237301702
1.2345,2.15251111411084e-14
1.234625,-0.0120306237301617
1.23475,-0.0170138712429991
1.234875,-0.0120306237301772
1.235,-4.31745569474916e-16
1.235125,0.0120306237301547
1.23525,0.0170138712429991
1.235375,0.0120306237301732
1.2355,1.02864315021504e-14
1.235625,-0.0120306237301477
1.23575,-0.0170138712429991
1.235875,-0.0120306237301692
1.236,-2.01411174348259e-14
1.236125,0.0120306237301408
1.23625,0.0170138712429991
1.236375,0.0120306237301653
1.2365,1.45217776153469e-14
1.236625,-0.0120306237301557
1.23675,-0.0170138712429991
1.236875,-0.0120306237301722
1.237,-8.90243779586794e-15
1.237125,0.0120306237301487
1.23725,0.0170138712429991
1.237375,0.0120306237301792
1.2375,3.28309797638895e-15
1.237625,-0.0120306237301527
1.23775,-0.0170138712429991
1.237875,-0.0120306237301643
1.238,-1.31377839090645e-14
1.238125,0.0120306237301457
1.23825,0.0170138712429991
1.238375,0.0120306237301713
1.2385,2.299246984174e-14
1.238625,-0.0120306237301606
1.23875,-0.0170138712429991
1.238875,-0.0120306237301782
1.239,-1.89910427010647e-15
1.239125,0.0120306237301537
1.23925,0.0170138712429991
1.239375,0.0120306237301743
1.2395,1.1753790202782e-14
1.239625,-0.0120306237301467
1.23975,-0.0170138712429991
1.239875,-0.0120306237301593
1.24,-2.16084761354575e-14
1.240125,0.0120306237301397
1.24025,0.0170138712429991
1.240375,0.0120306237301663
1.2405,1.59891363159785e-14
1.240625,-0.0120306237301546
1.24075,-0.0170138712429991
1.240875,-0.0120306237301733
1.241,5.10422925565499e-15
1.241125,0.0120306237301477
1.24125,0.0170138712429991
1.241375,0.0120306237301802
1.2415,4.75045667702051e-15
1.241625,-0.0120306237301516
1.24175,-0.0170138712429991
1.241875,-0.0120306237301653
1.242,-1.4605142609696e-14
1.242125,0.0120306237301447
1.24225,0.0170138712429991
1.242375,0.0120306237301723
1.2425,2.44598285423715e-14
1.242625,-0.0120306237301596
1.24275,-0.0170138712429991
1.242875,-0.0120306237301683
1.243,-3.36646297073803e-15
1.243125,0.0120306237301526
1.24325,0.0170138712429991
1.243375,0.0120306237301753
1.2435,1.32211489034135e-14
1.243625,-0.0120306237301456
1.24375,-0.0170138712429991
1.243875,-0.0120306237301604
1.244,-7.60180908393454e-15
1.244125,0.0120306237301496
1.24425,0.0170138712429991
1.244375,0.0120306237301673
1.2445,1.745649501661e-14
1.244625,-0.0120306237301536
1.24475,-0.0170138712429991
1.244875,-0.0120306237301743
1.245,3.63687055502343e-15
1.245125,0.0120306237301576
1.24525,0.0170138712429991
1.245375,0.0120306237301813
1.2455,6.21781537765207e-15
1.245625,-0.0120306237301506
1.24575,-0.0170138712429991
1.245875,-0.0120306237301664
1.246,-1.60725013103276e-14
1.246125,0.0120306237301436
1.24625,0.0170138712429991
1.246375,0.0120306237301733
1.2465,2.59271872430031e-14
1.246625,-0.0120306237301585
1.24675,-0.0170138712429991
1.246875,-0.0120306237301694
1.247,-4.83382167136959e-15
1.247125,0.0120306237301516
1.24725,0.0170138712429991
1.247375,0.0120306237301763
1.2475,1.46885076040451e-14
1.247625,-0.0120306237301446
1.24775,-0.0170138712429991
1.247875,-0.0120306237301614
1.248,-9.0691677845661e-15
1.248125,0.0120306237301486
1.24825,0.0170138712429991
1.248375,0.0120306237301684
1.2485,1.89238537172416e-14
1.248625,-0.0120306237301526
1.24875,-0.0170138712429991
1.248875,-0.0120306237301753
1.249,2.16951185439187e-15
1.249125,0.0120306237301565
1.24925,0.0170138712429991
1.249375,0.0120306237301714
1.2495,7.68517407828363e-15
1.249625,-0.0120306237301496
1.24975,-0.0170138712429991
1.249875,-0.0120306237301674
1.25,-1.75398600109591e-14
1.250125,0.0120306237301426
1.25025,0.0170138712429991
1.250375,0.0120306237301634
1.2505,1.19205201914801e-14
1.250625,-0.0120306237301575
1.25075,-0.0170138712429991
1.250875,-0.0120306237301704
1.251,-2.17752061241556e-14
1.251125,0.0120306237301505
1.25125,0.0170138712429991
1.251375,0.0120306237301774
1.2515,6.81840552522162e-16
1.251625,-0.0120306237301436
1.25175,-0.0170138712429991
1.251875,-0.0120306237301624
1.252,-1.05365264851977e-14
1.252125,0.0120306237301475
1.25225,0.0170138712429991
1.252375,0.0120306237301694
1.2525,2.03912124178732e-14
1.252625,-0.0120306237301625
1.25275,-0.0170138712429991
1.252875,-0.0120306237301764
1.253,-3.02458983505487e-14
1.253125,0.0120306237301555
1.25325,0.0170138712429991
1.253375,0.0120306237301724
1.2535,9.15253277891518e-15
1.253625,-0.0120306237301485
1.25375,-0.0170138712429991
1.253875,-0.0120306237301684
1.254,-1.90072187115907e-14
1.254125,0.0120306237301416
1.25425,0.0170138712429991
1.254375,0.0120306237301645
1.2545,1.33878788921117e-14
1.254625,-0.0120306237301565
1.25475,-0.0170138712429991
1.254875,-0.0120306237301714
1.255,-2.32425648247872e-14
1.255125,0.0120306237301495
1.25525,0.0170138712429991
1.255375,0.0120306237301784
1.2555,2.14919925315372e-15
1.255625,-0.0120306237301535
1.25575,-0.0170138712429991
1.255875,-0.0120306237301635
1.256,-1.20038851858292e-14
1.256125,0.0120306237301465
1.25625,0.0170138712429991
1.256375,0.0120306237301705
1.2565,2.18585711185047e-14
1.256625,-0.0120306237301614
1.25675,-0.0170138712429991
1.256875,-0.0120306237301665
1.257,-3.17132570511802e-14
1.257125,0.0120306237301545
1.25725,0.0170138712429991
1.257375,0.0120306237301734
1.2575,1.06198914795467e-14
1.257625,-0.0120306237301475
1.25775,-0.0170138712429991
1.257875,-0.0120306237301585
1.258,-2.04745774122222e-14
1.258125,0.0120306237301405
1.25825,0.0170138712429991
1.258375,0.0120306237301655
1.2585,1.48552375927433e-14
1.258625,-0.0120306237301554
1.25875,-0.0170138712429991
1.258875,-0.0120306237301725
1.259,-2.47099235254188e-14
1.259125,0.0120306237301485
1.25925,0.0170138712429991
1.259375,0.0120306237301794
1.2595,3.61655795378528e-15
1.259625,-0.0120306237301524
1.25975,-0.0170138712429991
1.259875,-0.0120306237301645
1.26,-1.34712438864608e-14
1.260125,0.0120306237301455
1.26025,0.0170138712429991
1.260375,0.0120306237301715
1.2605,2.33259298191363e-14
1.260625,-0.0120306237301604
1.26075,-0.0170138712429991
1.260875,-0.0120306237301675
1.261,-1.77065899996573e-14
1.261125,0.0120306237301534
1.26125,0.0170138712429991
1.261375,0.0120306237301745
1.2615,1.20872501801783e-14
1.261625,-0.0120306237301465
1.26175,-0.0170138712429991
1.261875,-0.0120306237301596
1.262,-6.46791036069931e-15
1.262125,0.0120306237301504
1.26225,0.0170138712429991
1.262375,0.0120306237301665
1.2625,1.63225962933748e-14
1.262625,-0.0120306237301544
1.26275,-0.0170138712429991
1.262875,-0.0120306237301735
1.263,-2.61772822260503e-14
1.263125,0.0120306237301584
1.26325,0.0170138712429991
1.263375,0.0120306237301805
1.2635,5.08391665441684e-15
1.263625,-0.0120306237301514
1.26375,-0.0170138712429991
1.263875,-0.0120306237301656
1.264,-1.49386025870923e-14
1.264125,0.0120306237301444
1.26425,0.0170138712429991
1.264375,0.0120306237301725
1.2645,2.47932885197678e-14
1.264625,-0.0120306237301593
1.26475,-0.0170138712429991
1.264875,-0.0120306237301686
1.265,-1.91739487002889e-14
1.265125,0.0120306237301524
1.26525,0.0170138712429991
1.265375,0.0120306237301755
1.2655,1.35546088808099e-14
1.265625,-0.0120306237301454
1.26575,-0.0170138712429991
1.265875,-0.0120306237301606
1.266,-7.93526906133087e-15
1.266125,0.0120306237301494
1.26625,0.0170138712429991
1.266375,0.0120306237301676
1.2665,1.77899549940064e-14
1.266625,-0.0120306237301424
1.26675,-0.0170138712429991
1.266875,-0.0120306237301745
1.267,-2.76446409266819e-14
1.267125,0.0120306237301573
1.26725,0.0170138712429991
1.267375,0.0120306237301706
1.2675,6.5512753550484e-15
1.267625,-0.0120306237301504
1.26775,-0.0170138712429991
1.267875,-0.0120306237301666
1.268,-1.64059612877239e-14
1.268125,0.0120306237301434
1.26825,0.0170138712429991
1.268375,0.0120306237301626
1.2685,1.07866214682449e-14
1.268625,-0.0120306237301364
1.26875,-0.0170138712429991
1.268875,-0.0120306237301696
1.269,-2.06413074009204e-14
1.269125,0.0120306237301513
1.26925,0.0170138712429991
1.269375,0.0120306237301766
1.2695,-4.52058170713069e-16
1.269625,-0.0120306237301553
1.26975,-0.0170138712429991
1.269875,-0.0120306237301616
1.27,-9.40262776196243e-15
1.270125,0.0120306237301483
1.27025,0.0170138712429991
1.270375,0.0120306237301686
1.2705,1.92573136946379e-14
1.270625,-0.0120306237301414
1.27075,-0.0170138712429991
1.270875,-0.0120306237301756
1.271,-2.91119996273134e-14
1.271125,0.0120306237301563
1.27125,0.0170138712429991
1.271375,0.0120306237301716
1.2715,8.01863405567996e-15
1.271625,-0.0120306237301493
1.27175,-0.0170138712429991
1.271875,-0.0120306237301676
1.272,-1.78733199883555e-14
1.272125,0.0120306237301424
1.27225,0.0170138712429991
1.272375,0.0120306237301637
1.2725,1.22539801688765e-14
1.272625,-0.0120306237301463
1.27275,-0.0170138712429991
1.272875,-0.0120306237301706
1.273,-2.2108666101552e-14
1.273125,0.0120306237301503
1.27325,0.0170138712429991
1.273375,0.0120306237301776
1.2735,1.01530052991849e-15
1.273625,-0.0120306237301543
1.27375,-0.0170138712429991
1.273875,-0.0120306237301627
1.274,-1.0869986462594e-14
1.274125,0.0120306237301473
1.27425,0.0170138712429991
1.274375,0.0120306237301697
1.2745,2.07246723952695e-14
1.274625,-0.0120306237301403
1.27475,-0.0170138712429991
1.274875,-0.0120306237301657
1.275,-3.0579358327945e-14
1.275125,0.0120306237301553
1.27525,0.0170138712429991
1.275375,0.0120306237301726
1.2755,9.48599275631151e-15
1.275625,-0.0120306237301483
1.27575,-0.0170138712429991
1.275875,-0.0120306237301577
1.276,-3.86665293683252e-15
1.276125,0.0120306237301413
1.27625,0.0170138712429991
1.276375,0.0120306237301647
1.2765,1.3721338869508e-14
1.276625,-0.0120306237301453
1.27675,-0.0170138712429991
1.276875,-0.0120306237301717
1.277,-2.35760248021835e-14
1.277125,0.0120306237301493
1.27725,0.0170138712429991
1.277375,0.0120306237301786
1.2775,2.48265923055005e-15
1.277625,-0.0120306237301532
1.27775,-0.0170138712429991
1.277875,-0.0120306237301637
1.278,-1.23373451632255e-14
1.278125,0.0120306237301463
1.27825,0.0170138712429991
1.278375,0.0120306237301707
1.2785,2.2192031095901e-14
1.278625,-0.0120306237301393
1.27875,-0.0170138712429991
1.278875,-0.0120306237301667
1.279,-1.65726912764221e-14
1.279125,0.0120306237301542
1.27925,0.0170138712429991
1.279375,0.0120306237301737
1.2795,1.09533514569431e-14
1.279625,-0.0120306237301473
1.27975,-0.0170138712429991
1.279875,-0.0120306237301588
1.28,-5.33401163746408e-15
1.280125,0.0120306237301512
1.28025,0.0170138712429991
1.280375,0.0120306237301657
1.2805,1.51886975701396e-14
1.280625,-0.0120306237301443
1.28075,-0.0170138712429991
1.280875,-0.0120306237301727
1.281,-2.50433835028151e-14
1.281125,0.0120306237301592
1.28125,0.0170138712429991
1.281375,0.0120306237301797
1.2815,3.95001793118161e-15
1.281625,-0.0120306237301522
1.28175,-0.0170138712429991
1.281875,-0.0120306237301648
1.282,-1.38047038638571e-14
1.282125,0.0120306237301452
1.28225,0.0170138712429991
1.282375,0.0120306237301608
1.2825,2.36593897965326e-14
1.282625,-0.0120306237301383
1.28275,-0.0170138712429991
1.282875,-0.0120306237301678
1.283,-1.80400499770536e-14
1.283125,0.0120306237301532
1.28325,0.0170138712429991
1.283375,0.0120306237301747
1.2835,1.24207101575746e-14
1.283625,-0.0120306237301462
1.28375,-0.0170138712429991
1.283875,-0.0120306237301598
1.284,-6.80137033809564e-15
1.284125,0.0120306237301502
1.28425,0.0170138712429991
1.284375,0.0120306237301668
1.2845,1.66560562707711e-14
1.284625,-0.0120306237301432
1.28475,-0.0170138712429991
1.284875,-0.0120306237301737
1.285,-2.65107422034466e-14
1.285125,0.0120306237301581
1.28525,0.0170138712429991
1.285375,0.0120306237301698
1.2855,5.41737663181317e-15
1.285625,-0.0120306237301512
1.28575,-0.0170138712429991
1.285875,-0.0120306237301658
1.286,-1.52720625644887e-14
1.286125,0.0120306237301442
1.28625,0.0170138712429991
1.286375,0.0120306237301618
1.2865,9.65272274500968e-15
1.286625,-0.0120306237301372
1.28675,-0.0170138712429991
1.286875,-0.0120306237301688
1.287,-1.95074086776852e-14
1.287125,0.0120306237301521
1.28725,0.0170138712429991
1.287375,0.0120306237301758
1.2875,-1.5859568939483e-15
1.287625,-0.0120306237301561
1.28775,-0.0170138712429991
1.287875,-0.0120306237301608
1.288,-8.2687290387272e-15
1.288125,0.0120306237301492
1.28825,0.0170138712429991
1.288375,0.0120306237301678
1.2885,1.81234149714027e-14
1.288625,-0.0120306237301422
1.28875,-0.0170138712429991
1.288875,-0.0120306237301748
1.289,-2.79781009040782e-14
1.289125,0.0120306237301571
1.28925,0.0170138712429991
1.289375,0.0120306237301708
1.2895,6.88473533244472e-15
1.289625,-0.0120306237301501
1.28975,-0.0170138712429991
1.289875,-0.0120306237301668
1.29,-1.67394212651202e-14
1.290125,0.0120306237301432
1.29025,0.0170138712429991
1.290375,0.0120306237301629
1.2905,1.11200814456412e-14
1.290625,-0.0120306237301471
1.29075,-0.0170138712429991
1.290875,-0.0120306237301698
1.291,-2.09747673783167e-14
1.291125,0.0120306237301511
1.29125,0.0170138712429991
1.291375,0.0120306237301768
1.2915,-1.18598193316741e-16
1.291625,-0.0120306237301551
1.29175,-0.0170138712429991
1.291875,-0.0120306237301619
1.292,-9.73608773935876e-15
1.292125,0.0120306237301481
1.29225,0.0170138712429991
1.292375,0.0120306237301688
1.2925,1.95907736720343e-14
1.292625,-0.0120306237301411
1.29275,-0.0170138712429991
1.292875,-0.0120306237301649
1.293,-2.94454596047098e-14
1.293125,0.0120306237301561
1.29325,0.0170138712429991
1.293375,0.0120306237301718
1.2935,8.35209403307628e-15
1.293625,-0.0120306237301491
1.29375,-0.0170138712429991
1.293875,-0.0120306237301569
1.294,-2.73275421359729e-15
1.294125,0.0120306237301421
1.29425,0.0170138712429991
1.294375,0.0120306237301639
1.2945,1.25874401462728e-14
1.294625,-0.0120306237301461
1.29475,-0.0170138712429991
1.294875,-0.0120306237301709
1.295,-2.24421260789483e-14
1.295125,0.012030623730161
1.29525,0.0170138712429991
1.295375,0.0120306237301778
1.2955,1.34876050731482e-15
1.295625,-0.012030623730154
1.29575,-0.0170138712429991
1.295875,-0.0120306237301629
1.296,-1.12034464399903e-14
1.296125,0.0120306237301471
1.29625,0.0170138712429991
1.296375,0.0120306237301699
1.2965,2.10581323726658e-14
1.296625,-0.0120306237301401
1.29675,-0.0170138712429991
1.296875,-0.0120306237301659
1.297,-1.54387925531868e-14
1.297125,0.012030623730155
1.29725,0.0170138712429991
1.297375,0.0120306237301729
1.2975,9.81945273370784e-15
1.297625,-0.0120306237301481
1.29775,-0.0170138712429991
1.297875,-0.0120306237301799
1.298,-4.20011291422885e-15
1.298125,0.012030623730152
1.29825,0.0170138712429991
1.298375,0.0120306237301649
1.2985,1.40547988469044e-14
1.298625,-0.0120306237301451
1.29875,-0.0170138712429991
1.298875,-0.0120306237301719
1.299,-2.39094847795798e-14
1.299125,0.01203062373016
1.29925,0.0170138712429991
1.299375,0.0120306237301789
1.2995,2.81611920794638e-15
1.299625,-0.012030623730153
1.29975,-0.0170138712429991
1.299875,-0.0120306237301749
1.3,-1.26708051406219e-14
1.300125,0.012030623730146
1.30025,0.0170138712429991
1.300375,0.01203062373016
1.3005,2.25254910732974e-14
1.300625,-0.0120306237301391
1.30075,-0.0170138712429991
1.300875,-0.012030623730167
1.301,-1.69061512538184e-14
1.301125,0.012030623730154
1.30125,0.0170138712429991
1.301375,0.0120306237301739
1.3015,-4.18721431781509e-15
1.301625,-0.012030623730147
1.30175,-0.0170138712429991
1.301875,-0.0120306237301809
1.302,-5.66747161486041e-15
1.302125,0.012030623730151
1.30225,0.0170138712429991
1.302375,0.012030623730166
1.3025,1.55221575475359e-14
1.302625,-0.012030623730144
1.30275,-0.0170138712429991
1.302875,-0.0120306237301729
1.303,-2.53768434802114e-14
1.303125,0.0120306237301589
1.30325,0.0170138712429991
1.303375,0.012030623730169
1.3035,4.28347790857793e-15
1.303625,-0.012030623730152
1.30375,-0.0170138712429991
1.303875,-0.0120306237301759
1.304,-1.41381638412534e-14
1.304125,0.0120306237301559
1.30425,0.0170138712429991
1.304375,0.012030623730172
1.3045,8.51882402177445e-15
1.304625,-0.012030623730138
1.30475,-0.0170138712429991
1.304875,-0.012030623730168
1.305,-3.38475357066044e-14
1.305125,0.0120306237301639
1.30525,0.0170138712429991
1.305375,0.012030623730164
1.3055,-2.71985561718353e-15
1.305625,-0.012030623730146
1.30575,-0.0170138712429991
1.305875,-0.0120306237301819
1.306,-2.26088560676465e-14
1.306125,0.01203062373015
1.30625,0.0170138712429991
1.306375,0.0120306237301561
1.3065,1.69895162481675e-14
1.306625,-0.0120306237301539
1.30675,-0.0170138712429991
1.306875,-0.012030623730174
1.307,-1.13701764286885e-14
1.307125,0.0120306237301579
1.30725,0.0170138712429991
1.307375,0.01203062373017
1.3075,5.75083660920949e-15
1.307625,-0.0120306237301619
1.30775,-0.0170138712429991
1.307875,-0.0120306237301879
1.308,-1.31496789730505e-16
1.308125,0.012030623730144
1.30825,0.0170138712429991
1.308375,0.0120306237301621
1.3085,2.54602084745605e-14
1.308625,-0.0120306237301479
1.30875,-0.0170138712429991
1.308875,-0.0120306237301581
1.309,-1.98408686550815e-14
1.309125,0.0120306237301519
1.30925,0.0170138712429991
1.309375,0.012030623730176
1.3095,1.42215288356025e-14
1.309625,-0.0120306237301559
1.30975,-0.0170138712429991
1.309875,-0.012030623730172
1.31,-8.60218901612353e-15
1.310125,0.012030623730138
1.31025,0.0170138712429991
1.310375,0.012030623730168
1.3105,2.98284919664454e-15
1.310625,-0.0120306237301419
1.31075,-0.0170138712429991
1.310875,-0.0120306237301641
1.311,-2.83115608814745e-14
1.311125,0.0120306237301459
1.31125,0.0170138712429991
1.311375,0.012030623730182
1.3115,-8.25583044231344e-15
1.311625,-0.0120306237301499
1.31175,-0.0170138712429991
1.311875,-0.012030623730178
1.312,-1.70728812425166e-14
1.312125,0.0120306237301539
1.31225,0.0170138712429991
1.312375,0.012030623730174
1.3125,1.14535414230376e-14
1.312625,-0.012030623730136
1.31275,-0.0170138712429991
1.312875,-0.0120306237301701
1.313,-5.83420160355858e-15
1.313125,0.0120306237301618
1.31325,0.0170138712429991
1.313375,0.0120306237301661
1.3135,3.11629132883886e-14
1.313625,-0.0120306237301439
1.31375,-0.0170138712429991
1.313875,-0.012030623730184
1.314,5.4044780353994e-15
1.314125,0.0120306237301479
1.31425,0.0170138712429991
1.314375,0.0120306237301581
1.3145,1.99242336494306e-14
1.314625,-0.0120306237301519
1.31475,-0.0170138712429991
1.314875,-0.0120306237301761
1.315,-1.43048938299516e-14
1.315125,0.0120306237301558
1.31525,0.0170138712429991
1.315375,0.0120306237301721
1.3155,3.96336055147816e-14
1.315625,-0.0120306237301598
1.31575,-0.0170138712429991
1.315875,-0.0120306237301681
1.316,-3.06621419099362e-15
1.316125,0.0120306237301419
1.31625,0.0170138712429991
1.316375,0.0120306237301641
1.3165,2.83949258758236e-14
1.316625,-0.0120306237301459
1.31675,-0.0170138712429991
1.316875,-0.0120306237301602
1.317,-2.27755860563446e-14
1.317125,0.0120306237301498
1.31725,0.0170138712429991
1.317375,0.0120306237301781
1.3175,1.71562462368656e-14
1.317625,-0.0120306237301538
1.31775,-0.0170138712429991
1.317875,-0.0120306237301741
1.318,-1.15369064173866e-14
1.318125,0.0120306237301578
1.31825,0.0170138712429991
1.318375,0.0120306237301701
1.3185,5.91756659790766e-15
1.318625,-0.0120306237301399
1.31875,-0.0170138712429991
1.318875,-0.0120306237301661
1.319,-3.12462782827376e-14
1.319125,0.0120306237301657
1.31925,0.0170138712429991
1.319375,0.0120306237301622
1.3195,2.56269384632587e-14
1.319625,-0.0120306237301478
1.31975,-0.0170138712429991
1.319875,-0.0120306237301801
1.32,-2.00075986437797e-14
1.320125,0.0120306237301518
1.32025,0.0170138712429991
1.320375,0.0120306237301542
1.3205,1.43882588243007e-14
1.320625,-0.0120306237301339
1.32075,-0.0170138712429991
1.320875,-0.0120306237301721
1.321,-8.76891900482169e-15
1.321125,0.0120306237301597
1.32125,0.0170138712429991
1.321375,0.0120306237301682
1.3215,3.40976306896517e-14
1.321625,-0.0120306237301637
1.32175,-0.0170138712429991
1.321875,-0.0120306237301861
1.322,2.46976063413628e-15
1.322125,0.0120306237301458
1.32225,0.0170138712429991
1.322375,0.0120306237301602
1.3225,2.28589510506937e-14
1.322625,-0.0120306237301498
1.32275,-0.0170138712429991
1.322875,-0.0120306237301781
1.323,-1.72396112312147e-14
1.323125,0.0120306237301537
1.32325,0.0170138712429991
1.323375,0.0120306237301742
1.3235,1.16202714117357e-14
1.323625,-0.0120306237301577
1.32375,-0.0170138712429991
1.323875,-0.0120306237301702
1.324,-6.00093159225674e-15
1.324125,0.0120306237301398
1.32425,0.0170138712429991
1.324375,0.0120306237301662
1.3245,3.81591772777751e-16
1.324625,-0.0120306237301438
1.32475,-0.0170138712429991
1.324875,-0.0120306237301622
1.325,-2.57103034576077e-14
1.325125,0.0120306237301478
1.32525,0.0170138712429991
1.325375,0.0120306237301801
1.3255,2.00909636381288e-14
1.325625,-0.0120306237301517
1.32575,-0.0170138712429991
1.325875,-0.0120306237301762
1.326,-1.44716238186498e-14
1.326125,0.0120306237301557
1.32625,0.0170138712429991
1.326375,0.0120306237301722
1.3265,8.85228399917077e-15
1.326625,-0.0120306237301378
1.32675,-0.0170138712429991
1.326875,-0.0120306237301682
1.327,-3.41809956840008e-14
1.327125,0.0120306237301637
1.32725,0.0170138712429991
1.327375,0.0120306237301643
1.3275,2.85616558645218e-14
1.327625,-0.0120306237301457
1.32775,-0.0170138712429991
1.327875,-0.0120306237301822
1.328,8.00573545926619e-15
1.328125,0.0120306237301497
1.32825,0.0170138712429991
1.328375,0.0120306237301563
1.3285,1.73229762255638e-14
1.328625,-0.0120306237301537
1.32875,-0.0170138712429991
1.328875,-0.0120306237301742
1.329,-1.17036364060848e-14
1.329125,0.0120306237301358
1.32925,0.0170138712429991
1.329375,0.0120306237301702
1.3295,3.70323480909148e-14
1.329625,-0.0120306237301616
1.32975,-0.0170138712429991
1.329875,-0.0120306237301663
1.33,-4.64956767126833e-16
1.330125,0.0120306237301437
1.33025,0.0170138712429991
1.330375,0.0120306237301623
1.3305,2.57936684519568e-14
1.330625,-0.0120306237301477
1.33075,-0.0170138712429991
1.330875,-0.0120306237301583
1.331,-2.01743286324778e-14
1.331125,0.0120306237301517
1.33125,0.0170138712429991
1.331375,0.0120306237301762
1.3315,1.45549888129988e-14
1.331625,-0.0120306237301556
1.33175,-0.0170138712429991
1.331875,-0.0120306237301723
1.332,-8.93564899351985e-15
1.332125,0.0120306237301596
1.33225,0.0170138712429991
1.332375,0.0120306237301683
1.3325,3.31630917404087e-15
1.332625,-0.0120306237301417
1.33275,-0.0170138712429991
1.332875,-0.0120306237301643
1.333,-2.86450208588709e-14
1.333125,0.0120306237301457
1.33325,0.0170138712429991
1.333375,0.0120306237301822
1.3335,2.30256810393919e-14
1.333625,-0.0120306237301497
1.33375,-0.0170138712429991
1.333875,-0.0120306237301782
1.334,-1.74063412199129e-14
1.334125,0.0120306237301536
1.33425,0.0170138712429991
1.334375,0.0120306237301524
1.3345,1.17870014004339e-14
1.334625,-0.0120306237301357
1.33475,-0.0170138712429991
1.334875,-0.0120306237301703
1.335,-6.1676615809549e-15
1.335125,0.0120306237301397
1.33525,0.0170138712429991
1.335375,0.0120306237301663
1.3355,3.14963732657849e-14
1.335625,-0.0120306237301437
1.33575,-0.0170138712429991
1.335875,-0.0120306237301842
1.336,5.07101805800307e-15
1.336125,0.0120306237301476
1.33625,0.0170138712429991
1.336375,0.0120306237301584
1.3365,2.02576936268269e-14
1.336625,-0.0120306237301516
1.33675,-0.0170138712429991
1.336875,-0.0120306237301763
1.337,-1.46383538073479e-14
1.337125,0.0120306237301337
1.33725,0.0170138712429991
1.337375,0.0120306237301723
1.3375,9.01901398786894e-15
1.337625,-0.0120306237301596
1.33775,-0.0170138712429991
1.337875,-0.0120306237301683
1.338,-3.39967416838995e-15
1.338125,0.0120306237301417
1.33825,0.0170138712429991
1.338375,0.0120306237301644
1.3385,-2.21966565108904e-15
1.338625,-0.0120306237301456
1.33875,-0.0170138712429991
1.338875,-0.0120306237301604
1.339,-2.31090460337409e-14
1.339125,0.0120306237301496
1.33925,0.0170138712429991
1.339375,0.0120306237301783
1.3395,1.7489706214262e-14
1.339625,-0.0120306237301536
1.33975,-0.0170138712429991
1.339875,-0.0120306237301743
1.34,-1.1870366394783e-14
1.340125,0.0120306237301575
1.34025,0.0170138712429991
1.340375,0.0120306237301704
1.3405,6.25102657530399e-15
1.340625,-0.0120306237301396
1.34075,-0.0170138712429991
1.340875,-0.0120306237301664
1.341,-3.1579738260134e-14
1.341125,0.0120306237301436
1.34125,0.0170138712429991
1.341375,0.0120306237301624
1.3415,2.5960398440655e-14
1.341625,-0.0120306237301476
1.34175,-0.0170138712429991
1.341875,-0.0120306237301803
1.342,-2.0341058621176e-14
1.342125,0.0120306237301516
1.34225,0.0170138712429991
1.342375,0.0120306237301545
1.3425,1.4721718801697e-14
1.342625,-0.0120306237301555
1.34275,-0.0170138712429991
1.342875,-0.0120306237301724
1.343,-9.10237898221802e-15
1.343125,0.0120306237301376
1.34325,0.0170138712429991
1.343375,0.0120306237301684
1.3435,3.4431090667048e-14
1.343625,-0.0120306237301635
1.34375,-0.0170138712429991
1.343875,-0.0120306237301644
1.344,2.13630065673996e-15
1.344125,0.0120306237301456
1.34425,0.0170138712429991
1.344375,0.0120306237301605
1.3445,2.319241102809e-14
1.344625,-0.0120306237301495
1.34475,-0.0170138712429991
1.344875,-0.0120306237301565
1.345,-1.7573071208611e-14
1.345125,0.0120306237301316
1.34525,0.0170138712429991
1.345375,0.0120306237301744
1.3455,1.19537313891321e-14
1.345625,-0.0120306237301575
1.34575,-0.0170138712429991
1.345875,-0.0120306237301704
1.346,-6.33439156965307e-15
1.346125,0.0120306237301396
1.34625,0.0170138712429991
1.346375,0.0120306237301664
1.3465,7.15051750174079e-16
1.346625,-0.0120306237301436
1.34675,-0.0170138712429991
1.346875,-0.0120306237301625
1.347,-2.60437634350041e-14
1.347125,0.0120306237301475
1.34725,0.0170138712429991
1.347375,0.0120306237301804
1.3475,2.04244236155251e-14
1.347625,-0.0120306237301515
1.34775,-0.0170138712429991
1.347875,-0.0120306237301764
1.348,-1.48050837960461e-14
1.348125,0.0120306237301555
1.34825,0.0170138712429991
1.348375,0.0120306237301724
1.3485,9.1857439765671e-15
1.348625,-0.0120306237301376
1.34875,-0.0170138712429991
1.348875,-0.0120306237301685
1.349,-3.56640415708811e-15
1.349125,0.0120306237301415
1.34925,0.0170138712429991
1.349375,0.0120306237301645
1.3495,2.88951158419181e-14
1.349625,-0.0120306237301455
1.34975,-0.0170138712429991
1.349875,-0.0120306237301824
1.35,7.67227548186986e-15
1.350125,0.0120306237301495
1.35025,0.0170138712429991
1.350375,0.0120306237301565
1.3505,1.76564362029601e-14
1.350625,-0.0120306237301535
1.35075,-0.0170138712429991
1.350875,-0.0120306237301745
1.351,-1.20370963834811e-14
1.351125,0.0120306237301355
1.35125,0.0170138712429991
1.351375,0.0120306237301705
1.3515,3.73658080683111e-14
1.351625,-0.0120306237301614
1.35175,-0.0170138712429991
1.351875,-0.0120306237301665
1.352,-7.98416744523161e-16
1.352125,0.0120306237301435
1.35225,0.0170138712429991
1.352375,0.0120306237301625
1.3525,2.61271284293531e-14
1.352625,-0.0120306237301475
1.35275,-0.0170138712429991
1.352875,-0.0120306237301586
1.353,-2.05077886098742e-14
1.353125,0.0120306237301514
1.35325,0.0170138712429991
1.353375,0.0120306237301765
1.3535,1.48884487903952e-14
1.353625,-0.0120306237301554
1.35375,-0.0170138712429991
1.353875,-0.0120306237301725
1.354,-9.26910897091619e-15
1.354125,0.0120306237301594
1.35425,0.0170138712429991
1.354375,0.0120306237301685
1.3545,3.6497691514372e-15
1.354625,-0.0120306237301415
1.35475,-0.0170138712429991
1.354875,-0.0120306237301645
1.355,-2.89784808362672e-14
1.355125,0.0120306237301454
1.35525,0.0170138712429991
1.355375,0.0120306237301606
1.3555,2.33591410167882e-14
1.355625,-0.0120306237301494
1.35575,-0.0170138712429991
1.355875,-0.0120306237301785
1.356,-1.77398011973092e-14
1.356125,0.0120306237301534
1.35625,0.0170138712429991
1.356375,0.0120306237301526
1.3565,1.21204613778302e-14
1.356625,-0.0120306237301574
1.35675,-0.0170138712429991
1.356875,-0.0120306237301705
1.357,-6.50112155835123e-15
1.357125,0.0120306237301395
1.35725,0.0170138712429991
1.357375,0.0120306237301666
1.3575,3.18298332431812e-14
1.357625,-0.0120306237301653
1.35775,-0.0170138712429991
1.357875,-0.0120306237301845
1.358,4.73755808060675e-15
1.358125,0.0120306237301474
1.35825,0.0170138712429991
1.358375,0.0120306237301586
1.3585,2.05911536042232e-14
1.358625,-0.0120306237301514
1.35875,-0.0170138712429991
1.358875,-0.0120306237301765
1.359,-1.49718137847443e-14
1.359125,0.0120306237301335
1.35925,0.0170138712429991
1.359375,0.0120306237301726
1.3595,9.35247396526527e-15
1.359625,-0.0120306237301593
1.35975,-0.0170138712429991
1.359875,-0.0120306237301686
1.36,-3.73313414578628e-15
1.360125,0.0120306237301414
1.36025,0.0170138712429991
1.360375,0.0120306237301865
1.3605,-1.88620567369271e-15
1.360625,-0.0120306237301454
1.36075,-0.0170138712429991
1.360875,-0.0120306237301606
1.361,-2.34425060111373e-14
1.361125,0.0120306237301494
1.36125,0.0170138712429991
1.361375,0.0120306237301785
1.3615,1.78231661916583e-14
1.361625,-0.0120306237301533
1.36175,-0.0170138712429991
1.361875,-0.0120306237301746
1.362,-1.22038263721793e-14
1.362125,0.0120306237301573
1.36225,0.0170138712429991
1.362375,0.0120306237301706
1.3625,6.58448655270031e-15
1.362625,-0.0120306237301394
1.36275,-0.0170138712429991
1.362875,-0.0120306237301666
1.363,-9.65146733221325e-16
1.363125,0.0120306237301434
1.36325,0.0170138712429991
1.363375,0.0120306237301626
1.3635,2.62938584180513e-14
1.363625,-0.0120306237301473
1.36375,-0.0170138712429991
1.363875,-0.0120306237301806
1.364,1.02735329057367e-14
1.364125,0.0120306237301513
1.36425,0.0170138712429991
1.364375,0.0120306237301766
1.3645,1.50551787790933e-14
1.364625,-0.0120306237301553
1.36475,-0.0170138712429991
1.364875,-0.0120306237301726
1.365,-9.43583895961435e-15
1.365125,0.0120306237301374
1.36525,0.0170138712429991
1.365375,0.0120306237301686
1.3655,3.47645506444443e-14
1.365625,-0.0120306237301632
1.36575,-0.0170138712429991
1.365875,-0.0120306237301647
1.366,1.80284067934363e-15
1.366125,0.0120306237301453
1.36625,0.0170138712429991
1.366375,0.0120306237301826
1.3665,2.35258710054864e-14
1.366625,-0.0120306237301493
1.36675,-0.0170138712429991
1.366875,-0.0120306237301567
1.367,-1.79065311860074e-14
1.367125,0.0120306237301533
1.36725,0.0170138712429991
1.367375,0.0120306237301746
1.3675,1.22871913665284e-14
1.367625,-0.0120306237301573
1.36775,-0.0170138712429991
1.367875,-0.0120306237301707
1.368,-6.66785154704939e-15
1.368125,0.0120306237301612
1.36825,0.0170138712429991
1.368375,0.0120306237301886
1.3685,1.04851172757041e-15
1.368625,-0.0120306237301433
1.36875,-0.0170138712429991
1.368875,-0.0120306237301627
1.369,-2.63772234124004e-14
1.369125,0.0120306237301473
1.36925,0.0170138712429991
1.369375,0.0120306237301587
1.3695,2.07578835929214e-14
1.369625,-0.0120306237301513
1.36975,-0.0170138712429991
1.369875,-0.0120306237301766
1.37,-1.51385437734424e-14
1.370125,0.0120306237301552
1.37025,0.0170138712429991
1.370375,0.0120306237301727
1.3705,9.51920395396343e-15
1.370625,-0.0120306237301373
1.37075,-0.0170138712429991
1.370875,-0.0120306237301687
1.371,-3.89986413448444e-15
1.371125,0.0120306237301413
1.37125,0.0170138712429991
1.371375,0.0120306237301647
1.3715,2.92285758193144e-14
1.371625,-0.0120306237301453
1.37175,-0.0170138712429991
1.371875,-0.0120306237301826
1.372,7.33881550447353e-15
1.372125,0.0120306237301492
1.37225,0.0170138712429991
1.372375,0.0120306237301787
1.3725,1.79898961803565e-14
1.372625,-0.0120306237301532
1.37275,-0.0170138712429991
1.372875,-0.0120306237301747
1.373,-1.23705563608775e-14
1.373125,0.0120306237301353
1.37325,0.0170138712429991
1.373375,0.0120306237301707
1.3735,6.75121654139848e-15
1.373625,-0.0120306237301612
1.37375,-0.0170138712429991
1.373875,-0.0120306237301667
1.374,-1.13187672191949e-15
1.374125,0.0120306237301433
1.37425,0.0170138712429991
1.374375,0.0120306237301846
1.3745,-4.4874630975595e-15
1.374625,-0.0120306237301472
1.37475,-0.0170138712429991
1.374875,-0.0120306237301588
1.375,-2.08412485872705e-14
1.375125,0.0120306237301512
1.37525,0.0170138712429991
1.375375,0.0120306237301767
1.3755,1.52219087677915e-14
1.375625,-0.0120306237301552
1.37575,-0.0170138712429991
1.375875,-0.0120306237301727
1.376,-4.05506204526215e-14
1.376125,0.0120306237301591
1.37625,0.0170138712429991
1.376375,0.0120306237301688
1.3765,3.98322912883352e-15
1.376625,-0.0120306237301412
1.37675,-0.0170138712429991
1.376875,-0.0120306237301648
1.377,-2.93119408136635e-14
1.377125,0.0120306237301452
1.37725,0.0170138712429991
1.377375,0.0120306237301608
1.3775,2.36926009941845e-14
1.377625,-0.0120306237301492
1.37775,-0.0170138712429991
1.377875,-0.0120306237301787
1.378,-1.80732611747055e-14
1.378125,0.0120306237301532
1.37825,0.0170138712429991
1.378375,0.0120306237301747
1.3785,1.24539213552265e-14
1.378625,-0.0120306237301571
1.37875,-0.0170138712429991
1.378875,-0.0120306237301708
1.379,-6.83458153574756e-15
1.379125,0.0120306237301392
1.37925,0.0170138712429991
1.379375,0.0120306237301668
1.3795,3.21632932205775e-14
1.379625,-0.0120306237301651
1.37975,-0.0170138712429991
1.379875,-0.0120306237301628
1.38,-2.65439534010986e-14
1.380125,0.0120306237301472
1.38025,0.0170138712429991
1.380375,0.0120306237301807
1.3805,2.09246135816196e-14
1.380625,-0.0120306237301511
1.38075,-0.0170138712429991
1.380875,-0.0120306237301549
1.381,-1.53052737621406e-14
1.381125,0.0120306237301332
1.38125,0.0170138712429991
1.381375,0.0120306237301728
1.3815,9.68593394266159e-15
1.381625,-0.0120306237301591
1.38175,-0.0170138712429991
1.381875,-0.0120306237301688
1.382,-3.50146456274916e-14
1.382125,0.0120306237301631
1.38225,0.0170138712429991
1.382375,0.0120306237301867
1.3825,-1.55274569629638e-15
1.382625,-0.0120306237301452
1.38275,-0.0170138712429991
1.382875,-0.0120306237301609
1.383,-2.37759659885336e-14
1.383125,0.0120306237301491
1.38325,0.0170138712429991
1.383375,0.0120306237301788
1.3835,1.81566261690546e-14
1.383625,-0.0120306237301531
1.38375,-0.0170138712429991
1.383875,-0.0120306237301748
1.384,-1.25372863495756e-14
1.384125,0.0120306237301571
1.38425,0.0170138712429991
1.384375,0.0120306237301708
1.3845,6.91794653009664e-15
1.384625,-0.0120306237301392
1.38475,-0.0170138712429991
1.384875,-0.0120306237301669
1.385,-1.29860671061765e-15
1.385125,0.0120306237301431
1.38525,0.0170138712429991
1.385375,0.0120306237301629
1.3855,2.66273183954476e-14
1.385625,-0.0120306237301471
1.38575,-0.0170138712429991
1.385875,-0.0120306237301808
1.386,-2.10079785759687e-14
1.386125,0.0120306237301511
1.38625,0.0170138712429991
1.386375,0.0120306237301768
1.3865,1.53886387564897e-14
1.386625,-0.0120306237301551
1.38675,-0.0170138712429991
1.386875,-0.0120306237301728
1.387,-9.76929893701068e-15
1.387125,0.0120306237301371
1.38725,0.0170138712429991
1.387375,0.0120306237301689
1.3875,3.50980106218407e-14
1.387625,-0.012030623730163
1.38775,-0.0170138712429991
1.387875,-0.0120306237301649
1.388,-2.94786708023617e-14
1.388125,0.0120306237301451
1.38825,0.0170138712429991
1.388375,0.0120306237301828
1.3885,-7.08872052142629e-15
1.388625,-0.0120306237301491
1.38875,-0.0170138712429991
1.388875,-0.012030623730157
1.389,-1.82399911634037e-14
1.389125,0.012030623730153
1.38925,0.0170138712429991
1.389375,0.0120306237301749
1.3895,1.26206513439247e-14
1.389625,-0.012030623730157
1.38975,-0.0170138712429991
1.389875,-0.0120306237301709
1.39,-3.79493630287547e-14
1.390125,0.012030623730161
1.39025,0.0170138712429991
1.390375,0.0120306237301669
1.3905,1.38197170496673e-15
1.390625,-0.0120306237301431
1.39075,-0.0170138712429991
1.390875,-0.0120306237301629
1.391,-2.67106833897967e-14
1.391125,0.0120306237301471
1.39125,0.0170138712429991
1.391375,0.012030623730159
1.3915,2.10913435703177e-14
1.391625,-0.012030623730151
1.39175,-0.0170138712429991
1.391875,-0.0120306237301769
1.392,-1.54720037508387e-14
1.392125,0.012030623730155
1.39225,0.0170138712429991
1.392375,0.0120306237301729
1.3925,9.85266393135976e-15
1.392625,-0.012030623730159
1.39275,-0.0170138712429991
1.392875,-0.0120306237301689
1.393,-4.23332411188077e-15
1.393125,0.0120306237301411
1.39325,0.0170138712429991
1.393375,0.012030623730165
1.3935,2.95620357967108e-14
1.393625,-0.012030623730145
1.39375,-0.0170138712429991
1.393875,-0.0120306237301829
1.394,-2.39426959772318e-14
1.394125,0.012030623730149
1.39425,0.0170138712429991
1.394375,0.0120306237301789
1.3945,1.83233561577528e-14
1.394625,-0.012030623730153
1.39475,-0.0170138712429991
1.394875,-0.012030623730153
1.395,-1.27040163382738e-14
1.395125,0.0120306237301351
1.39525,0.0170138712429991
1.395375,0.0120306237301709
1.3955,7.0846765187948e-15
1.395625,-0.012030623730139
1.39575,-0.0170138712429991
1.395875,-0.012030623730167
1.396,-3.24133882036248e-14
1.396125,0.012030623730143
1.39625,0.0170138712429991
1.396375,0.0120306237301849
1.3965,-4.15400312016317e-15
1.396625,-0.012030623730147
1.39675,-0.0170138712429991
1.396875,-0.012030623730159
1.397,-2.11747085646668e-14
1.397125,0.012030623730151
1.39725,0.0170138712429991
1.397375,0.0120306237301769
1.3975,1.55553687451878e-14
1.397625,-0.0120306237301331
1.39775,-0.0170138712429991
1.397875,-0.012030623730173
1.398,-9.93602892570884e-15
1.398125,0.0120306237301589
1.39825,0.0170138712429991
1.398375,0.012030623730169
1.3985,4.31668910622985e-15
1.398625,-0.012030623730141
1.39875,-0.0170138712429991
1.398875,-0.012030623730165
1.399,1.30265071324914e-15
1.399125,0.012030623730145
1.39925,0.0170138712429991
1.399375,0.012030623730161
1.3995,2.40260609715808e-14
1.399625,-0.012030623730149
1.39975,-0.0170138712429991
1.399875,-0.012030623730179
1.4,-1.84067211521019e-14
1.400125,0.0120306237301529
1.40025,0.0170138712429991
1.400375,0.012030623730175
1.4005,1.27873813326229e-14
1.400625,-0.0120306237301569
1.40075,-0.0170138712429991
1.400875,-0.012030623730171
1.401,-7.16804151314389e-15
1.401125,0.012030623730139
1.40125,0.0170138712429991
1.401375,0.012030623730167
1.4015,3.24967531979739e-14
1.401625,-0.012030623730143
1.40175,-0.0170138712429991
1.401875,-0.0120306237301631
1.402,-2.68774133784949e-14
1.402125,0.0120306237301469
1.40225,0.0170138712429991
1.402375,0.012030623730181
1.4025,2.12580735590159e-14
1.402625,-0.0120306237301509
1.40275,-0.0170138712429991
1.402875,-0.0120306237301551
1.403,-1.56387337395369e-14
1.403125,0.0120306237301549
1.40325,0.0170138712429991
1.403375,0.012030623730173
1.4035,1.00193939200579e-14
1.403625,-0.012030623730137
1.40375,-0.0170138712429991
1.403875,-0.0120306237301691
1.404,-3.53481056048879e-14
1.404125,0.0120306237301628
1.40425,0.0170138712429991
1.404375,0.0120306237301651
1.4045,-1.21928571890005e-15
1.404625,-0.0120306237301449
1.40475,-0.0170138712429991
1.404875,-0.0120306237301611
1.405,-2.41094259659299e-14
1.405125,0.0120306237301489
1.40525,0.0170138712429991
1.405375,0.0120306237301571
1.4055,1.84900861464509e-14
1.405625,-0.012030623730131
1.40575,-0.0170138712429991
1.405875,-0.012030623730175
1.406,-1.2870746326972e-14
1.406125,0.0120306237301568
1.40625,0.0170138712429991
1.406375,0.0120306237301711
1.4065,7.25140650749297e-15
1.406625,-0.0120306237301389
1.40675,-0.0170138712429991
1.406875,-0.0120306237301671
1.407,-1.63206668801398e-15
1.407125,0.0120306237301429
1.40725,0.0170138712429991
1.407375,0.0120306237301631
1.4075,2.6960778372844e-14
1.407625,-0.0120306237301469
1.40775,-0.0170138712429991
1.407875,-0.012030623730181
1.408,-2.1341438553365e-14
1.408125,0.0120306237301508
1.40825,0.0170138712429991
1.408375,0.0120306237301771
1.4085,1.5722098733886e-14
1.408625,-0.0120306237301548
1.40875,-0.0170138712429991
1.408875,-0.0120306237301731
1.409,-1.0102758914407e-14
1.409125,0.0120306237301369
1.40925,0.0170138712429991
1.409375,0.0120306237301691
1.4095,4.48341909492802e-15
1.409625,-0.0120306237301409
1.40975,-0.0170138712429991
1.409875,-0.0120306237301651
1.41,-2.9812130779758e-14
1.410125,0.0120306237301449
1.41025,0.0170138712429991
1.410375,0.012030623730183
1.4105,-6.75526054402996e-15
1.410625,-0.0120306237301488
1.41075,-0.0170138712429991
1.410875,-0.0120306237301572
1.411,-1.85734511408e-14
1.411125,0.0120306237301528
1.41125,0.0170138712429991
1.411375,0.0120306237301751
1.4115,1.2954111321321e-14
1.411625,-0.0120306237301349
1.41175,-0.0170138712429991
1.411875,-0.0120306237301711
1.412,-3.8282823006151e-14
1.412125,0.0120306237301608
1.41225,0.0170138712429991
1.412375,0.0120306237301672
1.4125,1.71543168236306e-15
1.412625,-0.0120306237301428
1.41275,-0.0170138712429991
1.412875,-0.0120306237301632
1.413,-2.70441433671931e-14
1.413125,0.0120306237301468
1.41325,0.0170138712429991
1.413375,0.0120306237301592
1.4135,2.14248035477141e-14
1.413625,-0.0120306237301508
1.41375,-0.0170138712429991
1.413875,-0.0120306237301771
1.414,-1.58054637282351e-14
1.414125,0.0120306237301548
1.41425,0.0170138712429991
1.414375,0.0120306237301731
1.4145,1.01861239087561e-14
1.414625,-0.0120306237301587
1.41475,-0.0170138712429991
1.414875,-0.0120306237301692
1.415,-4.5667840892771e-15
1.415125,0.0120306237301408
1.41525,0.0170138712429991
1.415375,0.0120306237301652
1.4155,2.98954957741071e-14
1.415625,-0.0120306237301448
1.41575,-0.0170138712429991
1.415875,-0.0120306237301612
1.416,-2.42761559546281e-14
1.416125,0.0120306237301488
1.41625,0.0170138712429991
1.416375,0.0120306237301791
1.4165,1.86568161351491e-14
1.416625,-0.0120306237301527
1.41675,-0.0170138712429991
1.416875,-0.0120306237301533
1.417,-1.30374763156701e-14
1.417125,0.0120306237301567
1.41725,0.0170138712429991
1.417375,0.0120306237301712
1.4175,7.41813649619113e-15
1.417625,-0.0120306237301388
1.41775,-0.0170138712429991
1.417875,-0.0120306237301672
1.418,-3.27468481810211e-14
1.418125,0.0120306237301647
1.41825,0.0170138712429991
1.418375,0.0120306237301851
1.4185,-3.82054314276684e-15
1.418625,-0.0120306237301468
1.41875,-0.0170138712429991
1.418875,-0.0120306237301593
1.419,-2.15081685420631e-14
1.419125,0.0120306237301507
1.41925,0.0170138712429991
1.419375,0.0120306237301772
1.4195,1.58888287225842e-14
1.419625,-0.0120306237301328
1.41975,-0.0170138712429991
1.419875,-0.0120306237301732
1.42,-1.02694889031052e-14
1.420125,0.0120306237301587
1.42025,0.0170138712429991
1.420375,0.0120306237301692
1.4205,4.65014908362618e-15
1.420625,-0.0120306237301408
1.42075,-0.0170138712429991
1.420875,-0.0120306237301653
1.421,9.69190735852809e-16
1.421125,0.0120306237301447
1.42125,0.0170138712429991
1.421375,0.0120306237301613
1.4215,2.43595209489772e-14
1.421625,-0.0120306237301487
1.42175,-0.0170138712429991
1.421875,-0.0120306237301792
1.422,-1.87401811294982e-14
1.422125,0.0120306237301527
1.42225,0.0170138712429991
1.422375,0.0120306237301752
1.4225,1.31208413100192e-14
1.422625,-0.0120306237301567
1.42275,-0.0170138712429991
1.422875,-0.0120306237301712
1.423,-7.50150149054021e-15
1.423125,0.0120306237301388
1.42325,0.0170138712429991
1.423375,0.0120306237301673
1.4235,1.88216167106123e-15
1.423625,-0.0120306237301427
1.42375,-0.0170138712429991
1.423875,-0.0120306237301633
1.424,-2.72108733558912e-14
1.424125,0.0120306237301467
1.42425,0.0170138712429991
1.424375,0.0120306237301812
1.4245,-9.35651796789675e-15
1.424625,-0.0120306237301507
1.42475,-0.0170138712429991
1.424875,-0.0120306237301772
1.425,-1.59721937169332e-14
1.425125,0.0120306237301546
1.42525,0.0170138712429991
1.425375,0.0120306237301733
1.4255,1.03528538974542e-14
1.425625,-0.0120306237301367
1.42575,-0.0170138712429991
1.425875,-0.0120306237301693
1.426,-3.56815655822842e-14
1.426125,0.0120306237301626
1.42625,0.0170138712429991
1.426375,0.0120306237301653
1.4265,-8.85825741503727e-16
1.426625,-0.0120306237301447
1.42675,-0.0170138712429991
1.426875,-0.0120306237301832
1.427,-2.44428859433263e-14
1.427125,0.0120306237301487
1.42725,0.0170138712429991
1.427375,0.0120306237301574
1.4275,1.88235461238473e-14
1.427625,-0.0120306237301526
1.42775,-0.0170138712429991
1.427875,-0.0120306237301753
1.428,-1.32042063043683e-14
1.428125,0.0120306237301566
1.42825,0.0170138712429991
1.428375,0.0120306237301713
1.4285,7.5848664848893e-15
1.428625,-0.0120306237301606
1.42875,-0.0170138712429991
1.428875,-0.0120306237301892
1.429,-1.96552666541031e-15
1.429125,0.0120306237301427
1.42925,0.0170138712429991
1.429375,0.0120306237301634
1.4295,2.72942383502403e-14
1.429625,-0.0120306237301466
1.42975,-0.0170138712429991
1.429875,-0.0120306237301594
1.43,-2.16748985307613e-14
1.430125,0.0120306237301506
1.43025,0.0170138712429991
1.430375,0.0120306237301773
1.4305,1.60555587112823e-14
1.430625,-0.0120306237301546
1.43075,-0.0170138712429991
1.430875,-0.0120306237301733
1.431,-1.04362188918033e-14
1.431125,0.0120306237301367
1.43125,0.0170138712429991
1.431375,0.0120306237301693
1.4315,4.81687907232434e-15
1.431625,-0.0120306237301406
1.43175,-0.0170138712429991
1.431875,-0.0120306237301654
1.432,-3.01455907571543e-14
1.432125,0.0120306237301446
1.43225,0.0170138712429991
1.432375,0.0120306237301833
1.4325,-6.42180056663363e-15
1.432625,-0.0120306237301486
1.43275,-0.0170138712429991
1.432875,-0.0120306237301793
1.433,-1.89069111181964e-14
1.433125,0.0120306237301526
1.43325,0.0170138712429991
1.433375,0.0120306237301753
1.4335,1.32875712987174e-14
1.433625,-0.0120306237301347
1.43375,-0.0170138712429991
1.433875,-0.0120306237301714
1.434,-7.66823147923838e-15
1.434125,0.0120306237301605
1.43425,0.0170138712429991
1.434375,0.0120306237301674
1.4345,2.04889165975939e-15
1.434625,-0.0120306237301426
1.43475,-0.0170138712429991
1.434875,-0.0120306237301853
1.435,3.5704481597196e-15
1.435125,0.0120306237301466
1.43525,0.0170138712429991
1.435375,0.0120306237301594
1.4355,2.17582635251104e-14
1.435625,-0.0120306237301506
1.43575,-0.0170138712429991
1.435875,-0.0120306237301773
1.436,-1.61389237056314e-14
1.436125,0.0120306237301545
1.43625,0.0170138712429991
1.436375,0.0120306237301734
1.4365,1.05195838861524e-14
1.436625,-0.0120306237301585
1.43675,-0.0170138712429991
1.436875,-0.0120306237301694
1.437,-4.90024406667343e-15
1.437125,0.0120306237301406
1.43725,0.0170138712429991
1.437375,0.0120306237301654
1.4375,3.02289557515034e-14
1.437625,-0.0120306237301446
1.43775,-0.0170138712429991
1.437875,-0.0120306237301615
1.438,-2.46096159320244e-14
1.438125,0.0120306237301485
1.43825,0.0170138712429991
1.438375,0.0120306237301794
1.4385,1.89902761125454e-14
1.438625,-0.0120306237301525
1.43875,-0.0170138712429991
1.438875,-0.0120306237301754
1.439,-1.33709362930664e-14
1.439125,0.0120306237301565
1.43925,0.0170138712429991
1.439375,0.0120306237301714
1.4395,7.75159647358746e-15
1.439625,-0.0120306237301386
1.43975,-0.0170138712429991
1.439875,-0.0120306237301674
1.44,-3.30803081584174e-14
1.440125,0.0120306237301644
1.44025,0.0170138712429991
1.440375,0.0120306237301635
1.4405,2.74609683389385e-14
1.440625,-0.0120306237301465
1.44075,-0.0170138712429991
1.440875,-0.0120306237301814
1.441,-2.18416285194595e-14
1.441125,0.0120306237301505
1.44125,0.0170138712429991
1.441375,0.0120306237301555
1.4415,1.62222886999805e-14
1.441625,-0.0120306237301326
1.44175,-0.0170138712429991
1.441875,-0.0120306237301734
1.442,-1.06029488805015e-14
1.442125,0.0120306237301584
1.44225,0.0170138712429991
1.442375,0.0120306237301695
1.4425,3.59316605653315e-14
1.442625,-0.0120306237301624
1.44275,-0.0170138712429991
1.442875,-0.0120306237301874
1.443,6.35730758456481e-16
1.443125,0.0120306237301445
1.44325,0.0170138712429991
1.443375,0.0120306237301615
1.4435,2.46929809263735e-14
1.443625,-0.0120306237301485
1.44375,-0.0170138712429991
1.443875,-0.0120306237301794
1.444,-1.90736411068945e-14
1.444125,0.0120306237301525
1.44425,0.0170138712429991
1.444375,0.0120306237301755
1.4445,1.34543012874155e-14
1.444625,-0.0120306237301564
1.44475,-0.0170138712429991
1.444875,-0.0120306237301715
1.445,-7.83496146793654e-15
1.445125,0.0120306237301385
1.44525,0.0170138712429991
1.445375,0.0120306237301675
1.4455,2.21562164845755e-15
1.445625,-0.0120306237301425
1.44575,-0.0170138712429991
1.445875,-0.0120306237301635
1.446,-2.75443333332875e-14
1.446125,0.0120306237301465
1.44625,0.0170138712429991
1.446375,0.0120306237301814
1.4465,2.19249935138086e-14
1.446625,-0.0120306237301504
1.44675,-0.0170138712429991
1.446875,-0.0120306237301775
1.447,-1.63056536943296e-14
1.447125,0.0120306237301544
1.44725,0.0170138712429991
1.447375,0.0120306237301735
1.4475,1.06863138748506e-14
1.447625,-0.0120306237301365
1.44775,-0.0170138712429991
1.447875,-0.0120306237301695
1.448,-3.60150255596806e-14
1.448125,0.0120306237301624
1.44825,0.0170138712429991
1.448375,0.0120306237301655
1.4485,3.03956857402016e-14
1.448625,-0.0120306237301444
1.44875,-0.0170138712429991
1.448875,-0.0120306237301835
1.449,6.17170558358639e-15
1.449125,0.0120306237301484
1.44925,0.0170138712429991
1.449375,0.0120306237301576
1.4495,1.91570061012436e-14
1.449625,-0.0120306237301524
1.44975,-0.0170138712429991
1.449875,-0.0120306237301755
1.45,-1.35376662817646e-14
1.450125,0.0120306237301564
1.45025,0.0170138712429991
1.450375,0.0120306237301715
1.4505,3.88663779665946e-14
1.450625,-0.0120306237301603
1.45075,-0.0170138712429991
1.450875,-0.0120306237301676
1.451,-2.29898664280664e-15
1.451125,0.0120306237301424
1.45125,0.0170138712429991
1.451375,0.0120306237301636
1.4515,2.76276983276366e-14
1.451625,-0.0120306237301464
1.45175,-0.0170138712429991
1.451875,-0.0120306237301596
1.452,-2.20083585081576e-14
1.452125,0.0120306237301504
1.45225,0.0170138712429991
1.452375,0.0120306237301775
1.4525,1.63890186886786e-14
1.452625,-0.0120306237301544
1.45275,-0.0170138712429991
1.452875,-0.0120306237301736
1.453,-1.07696788691997e-14
1.453125,0.0120306237301583
1.45325,0.0170138712429991
1.453375,0.0120306237301696
1.4535,5.15033904972067e-15
1.453625,-0.0120306237301404
1.45375,-0.0170138712429991
1.453875,-0.0120306237301656
1.454,-3.04790507345507e-14
1.454125,0.0120306237301444
1.45425,0.0170138712429991
1.454375,0.0120306237301835
1.4545,2.48597109150717e-14
1.454625,-0.0120306237301484
1.45475,-0.0170138712429991
1.454875,-0.0120306237301795
1.455,-1.92403710955927e-14
1.455125,0.0120306237301523
1.45525,0.0170138712429991
1.455375,0.0120306237301537
1.4555,1.36210312761137e-14
1.455625,-0.0120306237301344
1.45575,-0.0170138712429991
1.455875,-0.0120306237301716
1.456,-8.00169145663471e-15
1.456125,0.0120306237301384
1.45625,0.0170138712429991
1.456375,0.0120306237301676
1.4565,3.33304031414647e-14
1.456625,-0.0120306237301424
1.45675,-0.0170138712429991
1.456875,-0.0120306237301855
1.457,3.23698818232327e-15
1.457125,0.0120306237301463
1.45725,0.0170138712429991
1.457375,0.0120306237301597
1.4575,2.20917235025067e-14
1.457625,-0.0120306237301503
1.45775,-0.0170138712429991
1.457875,-0.0120306237301776
1.458,-1.64723836830277e-14
1.458125,0.0120306237301324
1.45825,0.0170138712429991
1.458375,0.0120306237301736
1.4585,1.08530438635487e-14
1.458625,-0.0120306237301583
1.45875,-0.0170138712429991
1.458875,-0.0120306237301696
1.459,-5.23370404406975e-15
1.459125,0.0120306237301404
1.45925,0.0170138712429991
1.459375,0.0120306237301657
1.4595,-3.85635775409235e-16
1.459625,-0.0120306237301443
1.45975,-0.0170138712429991
1.459875,-0.0120306237301617
1.46,-2.49430759094208e-14
1.460125,0.0120306237301483
1.46025,0.0170138712429991
1.460375,0.0120306237301796
1.4605,1.93237360899418e-14
1.460625,-0.0120306237301523
1.46075,-0.0170138712429991
1.460875,-0.0120306237301756
1.461,-1.37043962704628e-14
1.461125,0.0120306237301563
1.46125,0.0170138712429991
1.461375,0.0120306237301717
1.4615,8.08505645098379e-15
1.461625,-0.0120306237301383
1.46175,-0.0170138712429991
1.461875,-0.0120306237301677
1.462,-3.34137681358138e-14
1.462125,0.0120306237301423
1.46225,0.0170138712429991
1.462375,0.0120306237301637
1.4625,2.77944283163348e-14
1.462625,-0.0120306237301463
1.46275,-0.0170138712429991
1.462875,-0.0120306237301816
1.463,-2.21750884968558e-14
1.463125,0.0120306237301503
1.46325,0.0170138712429991
1.463375,0.0120306237301558
1.4635,1.65557486773768e-14
1.463625,-0.0120306237301542
1.46375,-0.0170138712429991
1.463875,-0.0120306237301737
1.464,-1.09364088578978e-14
1.464125,0.0120306237301363
1.46425,0.0170138712429991
1.464375,0.0120306237301697
1.4645,3.62651205427278e-14
1.464625,-0.0120306237301622
1.46475,-0.0170138712429991
1.464875,-0.0120306237301657
1.465,3.02270781060153e-16
1.465125,0.0120306237301443
1.46525,0.0170138712429991
1.465375,0.0120306237301618
1.4655,2.50264409037698e-14
1.465625,-0.0120306237301482
1.46575,-0.0170138712429991
1.465875,-0.0120306237301578
1.466,-1.94071010842908e-14
1.466125,0.0120306237301303
1.46625,0.0170138712429991
1.466375,0.0120306237301757
1.4665,1.37877612648119e-14
1.466625,-0.0120306237301562
1.46675,-0.0170138712429991
1.466875,-0.0120306237301717
1.467,-8.16842144533287e-15
1.467125,0.0120306237301383
1.46725,0.0170138712429991
1.467375,0.0120306237301677
1.4675,2.54908162585388e-15
1.467625,-0.0120306237301423
1.46775,-0.0170138712429991
1.467875,-0.0120306237301638
1.468,-2.78777933106839e-14
1.468125,0.0120306237301462
1.46825,0.0170138712429991
1.468375,0.0120306237301817
1.4685,2.22584534912049e-14
1.468625,-0.0120306237301502
1.46875,-0.0170138712429991
1.468875,-0.0120306237301777
1.469,-1.66391136717259e-14
1.469125,0.0120306237301542
1.46925,0.0170138712429991
1.469375,0.0120306237301737
1.4695,1.10197738522469e-14
1.469625,-0.0120306237301363
1.46975,-0.0170138712429991
1.469875,-0.0120306237301698
1.47,-5.40043403276792e-15
1.470125,0.0120306237301402
1.47025,0.0170138712429991
1.470375,0.0120306237301658
1.4705,3.07291457175979e-14
1.470625,-0.0120306237301442
1.47075,-0.0170138712429991
1.470875,-0.0120306237301837
1.471,5.83824560619006e-15
1.471125,0.0120306237301482
1.47125,0.0170138712429991
1.471375,0.0120306237301578
1.4715,1.94904660786399e-14
1.471625,-0.0120306237301522
1.47175,-0.0170138712429991
1.471875,-0.0120306237301757
1.472,-1.38711262591609e-14
1.472125,0.0120306237301342
1.47225,0.0170138712429991
1.472375,0.0120306237301718
1.4725,3.91998379439909e-14
1.472625,-0.0120306237301601
1.47275,-0.0170138712429991
1.472875,-0.0120306237301678
1.473,-2.63244662020296e-15
1.473125,0.0120306237301422
1.47325,0.0170138712429991
1.473375,0.0120306237301638
1.4735,2.7961158305033e-14
1.473625,-0.0120306237301462
1.47375,-0.0170138712429991
1.473875,-0.0120306237301599
1.474,-2.2341818485554e-14
1.474125,0.0120306237301501
1.47425,0.0170138712429991
1.474375,0.0120306237301778
1.4745,1.6722478666075e-14
1.474625,-0.0120306237301541
1.47475,-0.0170138712429991
1.474875,-0.0120306237301738
1.475,-1.1103138846596e-14
1.475125,0.0120306237301581
1.47525,0.0170138712429991
1.475375,0.0120306237301698
1.4755,5.483799027117e-15
1.475625,-0.0120306237301402
1.47575,-0.0170138712429991
1.475875,-0.0120306237301658
1.476,-3.0812510711947e-14
1.476125,0.0120306237301442
1.47625,0.0170138712429991
1.476375,0.0120306237301619
1.4765,2.5193170892468e-14
1.476625,-0.0120306237301481
1.47675,-0.0170138712429991
1.476875,-0.0120306237301798
1.477,-1.9573831072989e-14
1.477125,0.0120306237301521
1.47725,0.0170138712429991
1.477375,0.0120306237301539
1.4775,1.395449125351e-14
1.477625,-0.0120306237301561
1.47775,-0.0170138712429991
1.477875,-0.0120306237301718
1.478,-8.33515143403103e-15
1.478125,0.0120306237301382
1.47825,0.0170138712429991
1.478375,0.0120306237301679
1.4785,3.3663863118861e-14
1.478625,-0.012030623730164
1.47875,-0.0170138712429991
1.478875,-0.0120306237301858
1.479,2.90352820492694e-15
1.479125,0.0120306237301461
1.47925,0.0170138712429991
1.479375,0.0120306237301599
1.4795,2.2425183479903e-14
1.479625,-0.0120306237301501
1.47975,-0.0170138712429991
1.479875,-0.0120306237301778
1.48,-1.68058436604241e-14
1.480125,0.0120306237301322
1.48025,0.0170138712429991
1.480375,0.0120306237301738
1.4805,1.11865038409451e-14
1.480625,-0.012030623730158
1.48075,-0.0170138712429991
1.480875,-0.0120306237301699
1.481,-5.56716402146608e-15
1.481125,0.0120306237301401
1.48125,0.0170138712429991
1.481375,0.0120306237301659
1.4815,-5.21757980129075e-17
1.481625,-0.0120306237301441
1.48175,-0.0170138712429991
1.481875,-0.0120306237301619
1.482,-2.52765358868171e-14
1.482125,0.0120306237301481
1.48225,0.0170138712429991
1.482375,0.0120306237301798
1.4825,1.96571960673381e-14
1.482625,-0.012030623730152
1.48275,-0.0170138712429991
1.482875,-0.0120306237301759
1.483,-1.40378562478591e-14
1.483125,0.012030623730156
1.48325,0.0170138712429991
1.483375,0.0120306237301719
1.4835,8.41851642838012e-15
1.483625,-0.0120306237301381
1.48375,-0.0170138712429991
1.483875,-0.0120306237301679
1.484,-2.79917660890113e-15
1.484125,0.0120306237301421
1.48425,0.0170138712429991
1.484375,0.0120306237301639
1.4845,2.81278882937311e-14
1.484625,-0.0120306237301461
1.48475,-0.0170138712429991
1.484875,-0.0120306237301819
1.485,8.43950303005685e-15
1.485125,0.01203062373015
1.48525,0.0170138712429991
1.485375,0.0120306237301779
1.4855,1.68892086547731e-14
1.485625,-0.012030623730154
1.48575,-0.0170138712429991
1.485875,-0.0120306237301739
1.486,-1.12698688352942e-14
1.486125,0.0120306237301361
1.48625,0.0170138712429991
1.486375,0.0120306237301699
1.4865,3.65985805201241e-14
1.486625,-0.0120306237301619
1.48675,-0.0170138712429991
1.486875,-0.012030623730166
1.487,-3.11891963361744e-17
1.487125,0.012030623730144
1.48725,0.0170138712429991
1.487375,0.0120306237301839
1.4875,2.53599008811662e-14
1.487625,-0.012030623730148
1.48775,-0.0170138712429991
1.487875,-0.012030623730158
1.488,-1.97405610616872e-14
1.488125,0.012030623730152
1.48825,0.0170138712429991
1.488375,0.0120306237301759
1.4885,1.41212212422082e-14
1.488625,-0.012030623730156
1.48875,-0.0170138712429991
1.488875,-0.0120306237301719
1.489,-8.5018814227292e-15
1.489125,0.0120306237301599
1.48925,0.0170138712429991
1.489375,0.0120306237301899
1.4895,2.88254160325021e-15
1.489625,-0.012030623730142
1.48975,-0.0170138712429991
1.489875,-0.012030623730164
1.49,-2.82112532880802e-14
1.490125,0.012030623730146
1.49025,0.0170138712429991
1.490375,0.01203062373016
1.4905,2.25919134686012e-14
1.490625,-0.01203062373015
1.49075,-0.0170138712429991
1.490875,-0.0120306237301779
1.491,-1.69725736491222e-14
1.491125,0.0120306237301539
1.49125,0.0170138712429991
1.491375,0.012030623730174
1.4915,1.13532338296432e-14
1.491625,-0.012030623730136
1.49175,-0.0170138712429991
1.491875,-0.01203062373017
1.492,-5.73389401016424e-15
1.492125,0.01203062373014
1.49225,0.0170138712429991
1.492375,0.012030623730166
1.4925,3.10626056949942e-14
1.492625,-0.012030623730144
1.49275,-0.0170138712429991
1.492875,-0.0120306237301839
1.493,5.50478562879373e-15
1.493125,0.0120306237301479
1.49325,0.0170138712429991
1.493375,0.01203062373018
1.4935,1.98239260560363e-14
1.493625,-0.0120306237301519
1.49375,-0.0170138712429991
1.493875,-0.012030623730176
1.494,-1.42045862365573e-14
1.494125,0.012030623730134
1.49425,0.0170138712429991
1.494375,0.012030623730172
1.4945,8.58524641707828e-15
1.494625,-0.0120306237301599
1.49475,-0.0170138712429991
1.494875,-0.012030623730168
1.495,-2.96590659759929e-15
1.495125,0.012030623730142
1.49525,0.0170138712429991
1.495375,0.0120306237301859
1.4955,-2.6534332218797e-15
1.495625,-0.0120306237301459
1.49575,-0.0170138712429991
1.495875,-0.0120306237301601
1.496,-2.26752784629503e-14
1.496125,0.0120306237301499
1.49625,0.0170138712429991
1.496375,0.012030623730178
1.4965,1.70559386434713e-14
1.496625,-0.0120306237301539
1.49675,-0.0170138712429991
1.496875,-0.012030623730174
1.497,-1.14365988239923e-14
1.497125,0.0120306237301579
1.49725,0.0170138712429991
1.497375,0.0120306237301701
1.4975,5.81725900451333e-15
1.497625,-0.0120306237301399
1.49775,-0.0170138712429991
1.497875,-0.0120306237301661
1.498,-3.11459706893433e-14
1.498125,0.0120306237301439
1.49825,0.0170138712429991
1.498375,0.0120306237301621
1.4985,2.55266308698643e-14
1.498625,-0.0120306237301479
1.49875,-0.0170138712429991
1.498875,-0.01203062373018
1.499,-1.99072910503853e-14
1.499125,0.0120306237301519
1.49925,0.0170138712429991
1.499375,0.012030623730176
1.4995,1.42879512309064e-14
1.499625,-0.0120306237301558
1.49975,-0.0170138712429991
1.499875,-0.0120306237301721
1.5,-8.66861141142736e-15
1.500125,0.0120306237301379
1.50025,0.0170138712429991
1.500375,0.0120306237301681
1.5005,3.39973230962573e-14
1.500625,-0.0120306237301638
1.50075,-0.0170138712429991
1.500875,-0.0120306237301641
1.501,-2.83779832767784e-14
1.501125,0.0120306237301459
1.50125,0.0170138712429991
1.501375,0.012030623730182
1.5015,2.27586434572994e-14
1.501625,-0.0120306237301498
1.50175,-0.0170138712429991
1.501875,-0.0120306237301562
1.502,-1.71393036378204e-14
1.502125,0.0120306237301319
1.50225,0.0170138712429991
1.502375,0.0120306237301741
1.5025,1.15199638183414e-14
1.502625,-0.0120306237301578
1.50275,-0.0170138712429991
1.502875,-0.0120306237301701
1.503,-3.68486755031714e-14
1.503125,0.0120306237301618
1.50325,0.0170138712429991
1.503375,0.012030623730188
1.5035,2.8128417938342e-16
1.503625,-0.0120306237301439
1.50375,-0.0170138712429991
1.503875,-0.0120306237301622
1.504,-2.56099958642134e-14
1.504125,0.0120306237301478
1.50425,0.0170138712429991
1.504375,0.0120306237301801
1.5045,1.99906560447344e-14
1.504625,-0.0120306237301518
1.50475,-0.0170138712429991
1.504875,-0.0120306237301761
1.505,-1.43713162252554e-14
1.505125,0.0120306237301558
1.50525,0.0170138712429991
1.505375,0.0120306237301721
1.5055,8.75197640577644e-15
1.505625,-0.0120306237301379
1.50575,-0.0170138712429991
1.505875,-0.0120306237301682
1.506,-3.13263658629746e-15
1.506125,0.0120306237301418
1.50625,0.0170138712429991
1.506375,0.0120306237301642
1.5065,2.84613482711274e-14
1.506625,-0.0120306237301458
1.50675,-0.0170138712429991
1.506875,-0.0120306237301821
1.507,-2.28420084516485e-14
1.507125,0.0120306237301498
1.50725,0.0170138712429991
1.507375,0.0120306237301781
1.5075,1.72226686321695e-14
1.507625,-0.0120306237301538
1.50775,-0.0170138712429991
1.507875,-0.0120306237301741
1.508,-1.16033288126905e-14
1.508125,0.0120306237301359
1.50825,0.0170138712429991
1.508375,0.0120306237301702
1.5085,3.69320404975205e-14
1.508625,-0.0120306237301617
1.50875,-0.0170138712429991
1.508875,-0.0120306237301662
1.509,-3.13127006780415e-14
1.509125,0.0120306237301438
1.50925,0.0170138712429991
1.509375,0.0120306237301841
1.5095,-5.25469064574649e-15
1.509625,-0.0120306237301478
1.50975,-0.0170138712429991
1.509875,-0.0120306237301583
1.51,-2.00740210390835e-14
1.510125,0.0120306237301517
1.51025,0.0170138712429991
1.510375,0.0120306237301762
1.5105,1.44546812196045e-14
1.510625,-0.0120306237301557
1.51075,-0.0170138712429991
1.510875,-0.0120306237301722
1.511,-3.97833929044345e-14
1.511125,0.0120306237301597
1.51125,0.0170138712429991
1.511375,0.0120306237301682
1.5115,3.21600158064654e-15
1.511625,-0.0120306237301418
1.51175,-0.0170138712429991
1.511875,-0.0120306237301642
1.512,-2.85447132654765e-14
1.512125,0.0120306237301458
1.51225,0.0170138712429991
1.512375,0.0120306237301603
1.5125,2.29253734459975e-14
1.512625,-0.0120306237301497
1.51275,-0.0170138712429991
1.512875,-0.0120306237301782
1.513,-1.73060336265185e-14
1.513125,0.0120306237301537
1.51325,0.0170138712429991
1.513375,0.0120306237301742
1.5135,1.16866938070396e-14
1.513625,-0.0120306237301577
1.51375,-0.0170138712429991
1.513875,-0.0120306237301702
1.514,-6.06735398756057e-15
1.514125,0.0120306237301398
1.51425,0.0170138712429991
1.514375,0.0120306237301663
1.5145,3.13960656723906e-14
1.514625,-0.0120306237301656
1.51475,-0.0170138712429991
1.514875,-0.0120306237301842
1.515,-2.57767258529116e-14
1.515125,0.0120306237301477
1.51525,0.0170138712429991
1.515375,0.0120306237301802
1.5155,2.01573860334326e-14
1.515625,-0.0120306237301517
1.51575,-0.0170138712429991
1.515875,-0.0120306237301543
1.516,-1.45380462139536e-14
1.516125,0.0120306237301338
1.51625,0.0170138712429991
1.516375,0.0120306237301722
1.5165,8.91870639447461e-15
1.516625,-0.0120306237301377
1.51675,-0.0170138712429991
1.516875,-0.0120306237301683
1.517,-3.42474180793046e-14
1.517125,0.0120306237301417
1.51725,0.0170138712429991
1.517375,0.0120306237301862
1.5175,-2.31997324448337e-15
1.517625,-0.0120306237301457
1.51775,-0.0170138712429991
1.517875,-0.0120306237301603
1.518,-2.30087384403466e-14
1.518125,0.0120306237301497
1.51825,0.0170138712429991
1.518375,0.0120306237301782
1.5185,1.73893986208676e-14
1.518625,-0.0120306237301318
1.51875,-0.0170138712429991
1.518875,-0.0120306237301743
1.519,-1.17700588013886e-14
1.519125,0.0120306237301576
1.51925,0.0170138712429991
1.519375,0.0120306237301703
1.5195,6.15071898190965e-15
1.519625,-0.0120306237301397
1.51975,-0.0170138712429991
1.519875,-0.0120306237301663
1.52,-5.31379162430666e-16
1.520125,0.0120306237301437
1.52025,0.0170138712429991
1.520375,0.0120306237301623
1.5205,2.58600908472607e-14
1.520625,-0.0120306237301477
1.52075,-0.0170138712429991
1.520875,-0.0120306237301803
1.521,-2.02407510277817e-14
1.521125,0.0120306237301516
1.52125,0.0170138712429991
1.521375,0.0120306237301763
1.5215,1.46214112083027e-14
1.521625,-0.0120306237301556
1.52175,-0.0170138712429991
1.521875,-0.0120306237301723
1.522,-9.00207138882369e-15
1.522125,0.0120306237301377
1.52225,0.0170138712429991
1.522375,0.0120306237301683
1.5225,3.43307830736537e-14
1.522625,-0.0120306237301417
1.52275,-0.0170138712429991
1.522875,-0.0120306237301644
1.523,-2.87114432541747e-14
1.523125,0.0120306237301456
1.52325,0.0170138712429991
1.523375,0.0120306237301823
1.5235,2.30921034346957e-14
1.523625,-0.0120306237301496
1.52375,-0.0170138712429991
1.523875,-0.0120306237301564
1.524,-1.74727636152167e-14
1.524125,0.0120306237301536
1.52425,0.0170138712429991
1.524375,0.0120306237301743
1.5245,1.18534237957377e-14
1.524625,-0.0120306237301357
1.52475,-0.0170138712429991
1.524875,-0.0120306237301703
1.525,-3.71821354805677e-14
1.525125,0.0120306237301615
1.52525,0.0170138712429991
1.525375,0.0120306237301664
1.5255,6.14744156779748e-16
1.525625,-0.0120306237301436
1.52575,-0.0170138712429991
1.525875,-0.0120306237301624
1.526,-2.59434558416097e-14
1.526125,0.0120306237301476
1.52625,0.0170138712429991
1.526375,0.0120306237301584
1.5265,2.03241160221307e-14
1.526625,-0.0120306237301297
1.52675,-0.0170138712429991
1.526875,-0.0120306237301763
1.527,-1.47047762026518e-14
1.527125,0.0120306237301555
1.52725,0.0170138712429991
1.527375,0.0120306237301724
1.5275,9.08543638317277e-15
1.527625,-0.0120306237301376
1.52775,-0.0170138712429991
1.527875,-0.0120306237301684
1.528,-3.46609656369378e-15
1.528125,0.0120306237301416
1.52825,0.0170138712429991
1.528375,0.0120306237301644
1.5285,2.87948082485238e-14
1.528625,-0.0120306237301456
1.52875,-0.0170138712429991
1.528875,-0.0120306237301823
1.529,-2.31754684290448e-14
1.529125,0.0120306237301496
1.52925,0.0170138712429991
1.529375,0.0120306237301784
1.5295,1.75561286095658e-14
1.529625,-0.0120306237301535
1.52975,-0.0170138712429991
1.529875,-0.0120306237301744
1.53,-1.19367887900868e-14
1.530125,0.0120306237301356
1.53025,0.0170138712429991
1.530375,0.0120306237301704
1.5305,6.31744897060782e-15
1.530625,-0.0120306237301396
1.53075,-0.0170138712429991
1.530875,-0.0120306237301664
1.531,-3.16461606554378e-14
1.531125,0.0120306237301436
1.53125,0.0170138712429991
1.531375,0.0120306237301843
1.5315,-4.92123066835016e-15
1.531625,-0.0120306237301475
1.53175,-0.0170138712429991
1.531875,-0.0120306237301585
1.532,-2.04074810164798e-14
1.532125,0.0120306237301515
1.53225,0.0170138712429991
1.532375,0.0120306237301764
1.5325,1.47881411970008e-14
1.532625,-0.0120306237301336
1.53275,-0.0170138712429991
1.532875,-0.0120306237301724
1.533,-4.01168528818308e-14
1.533125,0.0120306237301595
1.53325,0.0170138712429991
1.533375,0.0120306237301685
1.5335,3.54946155804287e-15
1.533625,-0.0120306237301415
1.53375,-0.0170138712429991
1.533875,-0.0120306237301645
1.534,-2.88781732428729e-14
1.534125,0.0120306237301455
1.53425,0.0170138712429991
1.534375,0.0120306237301605
1.5345,2.32588334233939e-14
1.534625,-0.0120306237301495
1.53475,-0.0170138712429991
1.534875,-0.0120306237301784
1.535,-1.76394936039149e-14
1.535125,0.0120306237301535
1.53525,0.0170138712429991
1.535375,0.0120306237301744
1.5355,1.20201537844359e-14
1.535625,-0.0120306237301574
1.53575,-0.0170138712429991
1.535875,-0.0120306237301705
1.536,-6.4008139649569e-15
1.536125,0.0120306237301395
1.53625,0.0170138712429991
1.536375,0.0120306237301665
1.5365,3.17295256497869e-14
1.536625,-0.0120306237301435
1.53675,-0.0170138712429991
1.536875,-0.0120306237301625
1.537,-2.61101858303079e-14
1.537125,0.0120306237301475
1.53725,0.0170138712429991
1.537375,0.0120306237301804
1.5375,2.04908460108289e-14
1.537625,-0.0120306237301515
1.53775,-0.0170138712429991
1.537875,-0.0120306237301546
1.538,-1.48715061913499e-14
1.538125,0.0120306237301554
1.53825,0.0170138712429991
1.538375,0.0120306237301725
1.5385,9.25216637187093e-15
1.538625,-0.0120306237301375
1.53875,-0.0170138712429991
1.538875,-0.0120306237301685
1.539,-3.45808780567009e-14
1.539125,0.0120306237301634
1.53925,0.0170138712429991
1.539375,0.0120306237301864
1.5395,-1.98651326708704e-15
1.539625,-0.0120306237301455
1.53975,-0.0170138712429991
1.539875,-0.0120306237301606
1.54,-2.33421984177429e-14
1.540125,0.0120306237301494
1.54025,0.0170138712429991
1.540375,0.0120306237301785
1.5405,1.7722858598264e-14
1.540625,-0.0120306237301315
1.54075,-0.0170138712429991
1.540875,-0.0120306237301745
1.541,-1.2103518778785e-14
1.541125,0.0120306237301574
1.54125,0.0170138712429991
1.541375,0.0120306237301705
1.5415,6.48417895930598e-15
1.541625,-0.0120306237301395
1.54175,-0.0170138712429991
1.541875,-0.0120306237301665
1.542,-8.64839139826994e-16
1.542125,0.0120306237301434
1.54225,0.0170138712429991
1.542375,0.0120306237301626
1.5425,2.6193550824657e-14
1.542625,-0.0120306237301474
1.54275,-0.0170138712429991
1.542875,-0.0120306237301805
1.543,-2.0574211005178e-14
1.543125,0.0120306237301514
1.54325,0.0170138712429991
1.543375,0.0120306237301765
1.5435,1.4954871185699e-14
1.543625,-0.0120306237301554
1.54375,-0.0170138712429991
1.543875,-0.0120306237301725
1.544,-9.33553136622002e-15
1.544125,0.0120306237301375
1.54425,0.0170138712429991
1.544375,0.0120306237301686
1.5445,3.71619154674103e-15
1.544625,-0.0120306237301414
1.54475,-0.0170138712429991
1.544875,-0.0120306237301646
1.545,-2.9044903231571e-14
1.545125,0.0120306237301454
1.54525,0.0170138712429991
1.545375,0.0120306237301825
1.5455,-7.52248809221695e-15
1.545625,-0.0120306237301494
1.54575,-0.0170138712429991
1.545875,-0.0120306237301566
1.546,-1.7806223592613e-14
1.546125,0.0120306237301533
1.54625,0.0170138712429991
1.546375,0.0120306237301746
1.5465,1.21868837731341e-14
1.546625,-0.0120306237301354
1.54675,-0.0170138712429991
1.546875,-0.0120306237301706
1.547,-3.7515595457964e-14
1.547125,0.0120306237301613
1.54725,0.0170138712429991
1.547375,0.0120306237301666
1.5475,9.48204134176076e-16
1.547625,-0.0120306237301434
1.54775,-0.0170138712429991
1.547875,-0.0120306237301845
1.548,-2.62769158190061e-14
1.548125,0.0120306237301474
1.54825,0.0170138712429991
1.548375,0.0120306237301587
1.5485,2.06575759995271e-14
1.548625,-0.0120306237301513
1.54875,-0.0170138712429991
1.548875,-0.0120306237301766
1.549,-1.50382361800481e-14
1.549125,0.0120306237301553
1.54925,0.0170138712429991
1.549375,0.0120306237301726
1.5495,9.4188963605691e-15
1.549625,-0.0120306237301593
1.54975,-0.0170138712429991
1.549875,-0.0120306237301905
1.55,-3.79955654109011e-15
1.550125,0.0120306237301414
1.55025,0.0170138712429991
1.550375,0.0120306237301647
1.5505,2.91282682259201e-14
1.550625,-0.0120306237301453
1.55075,-0.0170138712429991
1.550875,-0.0120306237301607
1.551,-2.35089284064411e-14
1.551125,0.0120306237301493
1.55125,0.0170138712429991
1.551375,0.0120306237301786
1.5515,1.78895885869621e-14
1.551625,-0.0120306237301533
1.55175,-0.0170138712429991
1.551875,-0.0120306237301746
1.552,-1.22702487674831e-14
1.552125,0.0120306237301354
1.55225,0.0170138712429991
1.552375,0.0120306237301706
1.5525,6.65090894800415e-15
1.552625,-0.0120306237301394
1.55275,-0.0170138712429991
1.552875,-0.0120306237301667
1.553,-3.19796206328341e-14
1.553125,0.0120306237301433
1.55325,0.0170138712429991
1.553375,0.0120306237301846
1.5535,-4.58777069095383e-15
1.553625,-0.0120306237301473
1.55375,-0.0170138712429991
1.553875,-0.0120306237301806
1.554,-2.07409409938762e-14
1.554125,0.0120306237301513
1.55425,0.0170138712429991
1.554375,0.0120306237301766
1.5545,1.51216011743972e-14
1.554625,-0.0120306237301334
1.55475,-0.0170138712429991
1.554875,-0.0120306237301727
1.555,-9.50226135491818e-15
1.555125,0.0120306237301592
1.55525,0.0170138712429991
1.555375,0.0120306237301687
1.5555,3.88292153543919e-15
1.555625,-0.0120306237301413
1.55575,-0.0170138712429991
1.555875,-0.0120306237301866
1.556,1.7364182840398e-15
1.556125,0.0120306237301453
1.55625,0.0170138712429991
1.556375,0.0120306237301607
1.5565,2.35922934007902e-14
1.556625,-0.0120306237301493
1.55675,-0.0170138712429991
1.556875,-0.0120306237301786
1.557,-1.79729535813112e-14
1.557125,0.0120306237301532
1.55725,0.0170138712429991
1.557375,0.0120306237301747
1.5575,1.23536137618322e-14
1.557625,-0.0120306237301572
1.55775,-0.0170138712429991
1.557875,-0.0120306237301707
1.558,-6.73427394235323e-15
1.558125,0.0120306237301393
1.55825,0.0170138712429991
1.558375,0.0120306237301667
1.5585,3.20629856271832e-14
1.558625,-0.0120306237301433
1.55875,-0.0170138712429991
1.558875,-0.0120306237301628
1.559,-2.64436458077042e-14
1.559125,0.0120306237301472
1.55925,0.0170138712429991
1.559375,0.0120306237301807
1.5595,2.08243059882252e-14
1.559625,-0.0120306237301512
1.55975,-0.0170138712429991
1.559875,-0.0120306237301767
1.56,-1.52049661687463e-14
1.560125,0.0120306237301552
1.56025,0.0170138712429991
1.560375,0.0120306237301727
1.5605,9.58562634926726e-15
1.560625,-0.0120306237301373
1.56075,-0.0170138712429991
1.560875,-0.0120306237301687
1.561,-3.49143380340973e-14
1.561125,0.0120306237301631
1.56125,0.0170138712429991
1.561375,0.0120306237301648
1.5615,-1.65305328969071e-15
1.561625,-0.0120306237301452
1.56175,-0.0170138712429991
1.561875,-0.0120306237301827
1.562,-2.36756583951393e-14
1.562125,0.0120306237301492
1.56225,0.0170138712429991
1.562375,0.0120306237301568
1.5625,1.80563185756603e-14
1.562625,-0.0120306237301313
1.56275,-0.0170138712429991
1.562875,-0.0120306237301747
1.563,-1.24369787561813e-14
1.563125,0.0120306237301571
1.56325,0.0170138712429991
1.563375,0.0120306237301708
1.5635,3.77656904410113e-14
1.563625,-0.0120306237301611
1.56375,-0.0170138712429991
1.563875,-0.0120306237301887
1.564,-1.19829911722332e-15
1.564125,0.0120306237301432
1.56425,0.0170138712429991
1.564375,0.0120306237301628
1.5645,2.65270108020533e-14
1.564625,-0.0120306237301472
1.56475,-0.0170138712429991
1.564875,-0.0120306237301807
1.565,-2.09076709825743e-14
1.565125,0.0120306237301512
1.56525,0.0170138712429991
1.565375,0.0120306237301767
1.5655,1.52883311630953e-14
1.565625,-0.0120306237301551
1.56575,-0.0170138712429991
1.565875,-0.0120306237301728
1.566,-9.66899134361634e-15
1.566125,0.0120306237301372
1.56625,0.0170138712429991
1.566375,0.0120306237301688
1.5665,4.04965152413736e-15
1.566625,-0.0120306237301412
1.56675,-0.0170138712429991
1.566875,-0.0120306237301648
1.567,-2.93783632089673e-14
1.567125,0.0120306237301452
1.56725,0.0170138712429991
1.567375,0.0120306237301827
1.5675,2.37590233894884e-14
1.567625,-0.0120306237301491
1.56775,-0.0170138712429991
1.567875,-0.0120306237301788
1.568,-1.81396835700094e-14
1.568125,0.0120306237301531
1.56825,0.0170138712429991
1.568375,0.0120306237301748
1.5685,1.25203437505304e-14
1.568625,-0.0120306237301352
1.56875,-0.0170138712429991
1.568875,-0.0120306237301708
1.569,-3.78490554353604e-14
1.569125,0.0120306237301611
1.56925,0.0170138712429991
1.569375,0.0120306237301668
1.5695,3.22297156158814e-14
1.569625,-0.0120306237301431
1.56975,-0.0170138712429991
1.569875,-0.0120306237301848
1.57,4.33767570790658e-15
1.570125,0.0120306237301471
1.57025,0.0170138712429991
1.570375,0.0120306237301589
1.5705,2.09910359769234e-14
1.570625,-0.0120306237301511
1.57075,-0.0170138712429991
1.570875,-0.0120306237301768
1.571,-1.53716961574444e-14
1.571125,0.0120306237301551
1.57125,0.0170138712429991
1.571375,0.0120306237301728
1.5715,4.07004078422744e-14
1.571625,-0.012030623730159
1.57175,-0.0170138712429991
1.571875,-0.0120306237301689
1.572,-4.13301651848644e-15
1.572125,0.0120306237301411
1.57225,0.0170138712429991
1.572375,0.0120306237301649
1.5725,2.94617282033164e-14
1.572625,-0.0120306237301451
1.57275,-0.0170138712429991
1.572875,-0.0120306237301609
1.573,-2.38423883838374e-14
1.573125,0.0120306237301491
1.57325,0.0170138712429991
1.573375,0.0120306237301788
1.5735,1.82230485643585e-14
1.573625,-0.0120306237301531
1.57375,-0.0170138712429991
1.573875,-0.0120306237301749
1.574,-1.26037087448795e-14
1.574125,0.012030623730157
1.57425,0.0170138712429991
1.574375,0.0120306237301709
1.5745,6.98436892540047e-15
1.574625,-0.0120306237301391
1.57475,-0.0170138712429991
1.574875,-0.0120306237301669
1.575,-3.23130806102305e-14
1.575125,0.012030623730165
1.57525,0.0170138712429991
1.575375,0.0120306237301848
1.5755,2.66937407907515e-14
1.575625,-0.0120306237301471
1.57575,-0.0170138712429991
1.575875,-0.0120306237301808
1.576,-2.10744009712725e-14
1.576125,0.012030623730151
1.57625,0.0170138712429991
1.576375,0.012030623730155
1.5765,1.54550611517935e-14
1.576625,-0.0120306237301331
1.57675,-0.0170138712429991
1.576875,-0.0120306237301729
1.577,-9.83572133231451e-15
1.577125,0.012030623730159
1.57725,0.0170138712429991
1.577375,0.0120306237301689
1.5775,3.51644330171445e-14
1.577625,-0.0120306237301411
1.57775,-0.0170138712429991
1.577875,-0.0120306237301868
1.578,1.40295830664347e-15
1.578125,0.012030623730145
1.57825,0.0170138712429991
1.578375,0.012030623730161
1.5785,2.39257533781865e-14
1.578625,-0.012030623730149
1.57875,-0.0170138712429991
1.578875,-0.0120306237301789
1.579,-1.83064135587075e-14
1.579125,0.0120306237301311
1.57925,0.0170138712429991
1.579375,0.0120306237301749
1.5795,1.26870737392285e-14
1.579625,-0.012030623730157
1.57975,-0.0170138712429991
1.579875,-0.0120306237301709
1.58,-7.06773391974956e-15
1.580125,0.0120306237301391
1.58025,0.0170138712429991
1.580375,0.012030623730167
1.5805,1.44839410027057e-15
1.580625,-0.012030623730143
1.58075,-0.0170138712429991
1.580875,-0.012030623730163
1.581,-2.67771057851006e-14
1.581125,0.012030623730147
1.58125,0.0170138712429991
1.581375,0.0120306237301809
1.5815,2.11577659656216e-14
1.581625,-0.012030623730151
1.58175,-0.0170138712429991
1.581875,-0.0120306237301769
1.582,-1.55384261461426e-14
1.582125,0.012030623730155
1.58225,0.0170138712429991
1.582375,0.012030623730173
1.5825,9.91908632666359e-15
1.582625,-0.012030623730137
1.58275,-0.0170138712429991
1.582875,-0.012030623730169
1.583,-3.52477980114936e-14
1.583125,0.012030623730141
1.58325,0.0170138712429991
1.583375,0.012030623730165
1.5835,2.96284581920146e-14
1.583625,-0.012030623730145
1.58375,-0.0170138712429991
1.583875,-0.0120306237301829
1.584,-2.40091183725356e-14
1.584125,0.012030623730149
1.58425,0.0170138712429991
1.584375,0.0120306237301571
1.5845,1.83897785530566e-14
1.584625,-0.0120306237301529
1.58475,-0.0170138712429991
1.584875,-0.012030623730175
1.585,-1.27704387335776e-14
1.585125,0.012030623730135
1.58525,0.0170138712429991
1.585375,0.012030623730171
1.5855,3.80991504184076e-14
1.585625,-0.0120306237301609
1.58575,-0.0170138712429991
1.585875,-0.012030623730167
1.586,-1.53175909461965e-15
1.586125,0.012030623730143
1.58625,0.0170138712429991
1.586375,0.0120306237301631
1.5865,2.68604707794496e-14
1.586625,-0.0120306237301469
1.58675,-0.0170138712429991
1.586875,-0.0120306237301591
1.587,-2.12411309599706e-14
1.587125,0.012030623730129
1.58725,0.0170138712429991
1.587375,0.012030623730177
1.5875,1.56217911404917e-14
1.587625,-0.0120306237301549
1.58775,-0.0170138712429991
1.587875,-0.012030623730173
1.588,-1.00024513210127e-14
1.588125,0.012030623730137
1.58825,0.0170138712429991
1.588375,0.012030623730169
1.5885,4.38311150153368e-15
1.588625,-0.012030623730141
1.58875,-0.0170138712429991
1.588875,-0.0120306237301651
1.589,-2.97118231863637e-14
1.589125,0.0120306237301449
1.58925,0.0170138712429991
1.589375,0.012030623730183
1.5895,2.40924833668847e-14
1.589625,-0.0120306237301489
1.58975,-0.0170138712429991
1.589875,-0.012030623730179
1.59,-1.84731435474057e-14
1.590125,0.0120306237301529
1.59025,0.0170138712429991
1.590375,0.012030623730175
1.5905,1.28538037279267e-14
1.590625,-0.012030623730135
1.59075,-0.0170138712429991
1.590875,-0.0120306237301711
1.591,-7.23446390844772e-15
1.591125,0.0120306237301389
1.59125,0.0170138712429991
1.591375,0.0120306237301671
1.5915,3.25631755932777e-14
1.591625,-0.0120306237301429
1.59175,-0.0170138712429991
1.591875,-0.012030623730185
1.592,4.00421573051026e-15
1.592125,0.0120306237301469
1.59225,0.0170138712429991
1.592375,0.0120306237301591
1.5925,2.13244959543197e-14
1.592625,-0.0120306237301509
1.59275,-0.0170138712429991
1.592875,-0.012030623730177
1.593,-1.57051561348407e-14
1.593125,0.0120306237301329
1.59325,0.0170138712429991
1.593375,0.0120306237301731
1.5935,4.10338678196707e-14
1.593625,-0.0120306237301588
1.59375,-0.0170138712429991
1.593875,-0.0120306237301691
1.594,-4.46647649588277e-15
1.594125,0.0120306237301409
1.59425,0.0170138712429991
1.594375,0.0120306237301651
1.5945,2.97951881807128e-14
1.594625,-0.0120306237301449
1.59475,-0.0170138712429991
1.594875,-0.0120306237301612
1.595,-2.41758483612338e-14
1.595125,0.0120306237301488
1.59525,0.0170138712429991
1.595375,0.0120306237301791
1.5955,1.85565085417548e-14
1.595625,-0.0120306237301528
1.59575,-0.0170138712429991
1.595875,-0.0120306237301751
1.596,-1.29371687222758e-14
1.596125,0.0120306237301568
1.59625,0.0170138712429991
1.596375,0.0120306237301711
1.5965,7.3178289027968e-15
1.596625,-0.0120306237301389
1.59675,-0.0170138712429991
1.596875,-0.0120306237301671
1.597,-3.26465405876268e-14
1.597125,0.0120306237301429
1.59725,0.0170138712429991
1.597375,0.0120306237301632
1.5975,2.70272007681478e-14
1.597625,-0.0120306237301468
1.59775,-0.0170138712429991
1.597875,-0.0120306237301811
1.598,-2.14078609486688e-14
1.598125,0.0120306237301508
1.59825,0.0170138712429991
1.598375,0.0120306237301552
1.5985,1.57885211291898e-14
1.598625,-0.0120306237301548
1.59875,-0.0170138712429991
1.598875,-0.0120306237301731
1.599,-1.01691813097108e-14
1.599125,0.0120306237301369
1.59925,0.0170138712429991
1.599375,0.0120306237301692
1.5995,3.54978929945408e-14
1.599625,-0.0120306237301627
1.59975,-0.0170138712429991
1.599875,-0.0120306237301871
1.6,1.06949832924714e-15
1.600125,0.0120306237301448
1.60025,0.0170138712429991
1.600375,0.0120306237301612
1.6005,2.42592133555829e-14
1.600625,-0.0120306237301488
1.60075,-0.0170138712429991
1.600875,-0.0120306237301791
1.601,-1.86398735361039e-14
1.601125,0.0120306237301309
1.60125,0.0170138712429991
1.601375,0.0120306237301751
1.6015,1.30205337166249e-14
1.601625,-0.0120306237301567
1.60175,-0.0170138712429991
1.601875,-0.0120306237301712
1.602,-7.40119389714588e-15
1.602125,0.0120306237301388
1.60225,0.0170138712429991
1.602375,0.0120306237301672
1.6025,1.7818540776669e-15
1.602625,-0.0120306237301428
1.60275,-0.0170138712429991
1.602875,-0.0120306237301632
1.603,-2.71105657624969e-14
1.603125,0.0120306237301468
1.60325,0.0170138712429991
1.603375,0.0120306237301811
1.6035,2.14912259430179e-14
1.603625,-0.0120306237301507
1.60375,-0.0170138712429991
1.603875,-0.0120306237301772
1.604,-1.58718861235389e-14
1.604125,0.0120306237301547
1.60425,0.0170138712429991
1.604375,0.0120306237301732
1.6045,1.02525463040599e-14
1.604625,-0.0120306237301368
1.60475,-0.0170138712429991
1.604875,-0.0120306237301692
1.605,-4.63320648458093e-15
1.605125,0.0120306237301408
1.60525,0.0170138712429991
1.605375,0.0120306237301652
1.6055,2.99619181694109e-14
1.605625,-0.0120306237301448
1.60575,-0.0170138712429991
1.605875,-0.0120306237301832
1.606,6.60547315437705e-15
1.606125,0.0120306237301487
1.60625,0.0170138712429991
1.606375,0.0120306237301573
1.6065,1.87232385304529e-14
1.606625,-0.0120306237301527
1.60675,-0.0170138712429991
1.606875,-0.0120306237301752
1.607,-1.3103898710974e-14
1.607125,0.0120306237301348
1.60725,0.0170138712429991
1.607375,0.0120306237301712
1.6075,3.84326103958039e-14
1.607625,-0.0120306237301606
1.60775,-0.0170138712429991
1.607875,-0.0120306237301673
1.608,-1.86521907201598e-15
1.608125,0.0120306237301427
1.60825,0.0170138712429991
1.608375,0.0120306237301633
1.6085,2.7193930756846e-14
1.608625,-0.0120306237301467
1.60875,-0.0170138712429991
1.608875,-0.0120306237301593
1.609,-2.1574590937367e-14
1.609125,0.0120306237301507
1.60925,0.0170138712429991
1.609375,0.0120306237301772
1.6095,1.5955251117888e-14
1.609625,-0.0120306237301547
1.60975,-0.0170138712429991
1.609875,-0.0120306237301732
1.61,-1.0335911298409e-14
1.610125,0.0120306237301586
1.61025,0.0170138712429991
1.610375,0.0120306237301912
1.6105,4.71657147893001e-15
1.610625,-0.0120306237301407
1.61075,-0.0170138712429991
1.610875,-0.0120306237301653
1.611,-3.004528316376e-14
1.611125,0.0120306237301447
1.61125,0.0170138712429991
1.611375,0.0120306237301613
1.6115,2.4425943344281e-14
1.611625,-0.0120306237301487
1.61175,-0.0170138712429991
1.611875,-0.0120306237301792
1.612,-1.8806603524802e-14
1.612125,0.0120306237301526
1.61225,0.0170138712429991
1.612375,0.0120306237301753
1.6125,1.3187263705323e-14
1.612625,-0.0120306237301347
1.61275,-0.0170138712429991
1.612875,-0.0120306237301713
1.613,-7.56792388584405e-15
1.613125,0.0120306237301387
1.61325,0.0170138712429991
1.613375,0.0120306237301673
1.6135,3.2896635570674e-14
1.613625,-0.0120306237301427
1.61375,-0.0170138712429991
1.613875,-0.0120306237301852
1.614,3.67075575311393e-15
1.614125,0.0120306237301467
1.61425,0.0170138712429991
1.614375,0.0120306237301813
1.6145,2.16579559317161e-14
1.614625,-0.0120306237301506
1.61475,-0.0170138712429991
1.614875,-0.0120306237301773
1.615,-1.60386161122371e-14
1.615125,0.0120306237301327
1.61525,0.0170138712429991
1.615375,0.0120306237301733
1.6155,1.04192762927581e-14
1.615625,-0.0120306237301586
1.61575,-0.0170138712429991
1.615875,-0.0120306237301693
1.616,-4.79993647327909e-15
1.616125,0.0120306237301407
1.61625,0.0170138712429991
1.616375,0.0120306237301872
1.6165,-8.19403346199894e-16
1.616625,-0.0120306237301446
1.61675,-0.0170138712429991
1.616875,-0.0120306237301614
1.617,-2.45093083386301e-14
1.617125,0.0120306237301486
1.61725,0.0170138712429991
1.617375,0.0120306237301793
1.6175,1.88899685191511e-14
1.617625,-0.0120306237301526
1.61775,-0.0170138712429991
1.617875,-0.0120306237301753
1.618,-1.32706286996721e-14
1.618125,0.0120306237301566
1.61825,0.0170138712429991
1.618375,0.0120306237301713
1.6185,7.65128888019313e-15
1.618625,-0.0120306237301386
1.61875,-0.0170138712429991
1.618875,-0.0120306237301674
1.619,-3.29800005650231e-14
1.619125,0.0120306237301426
1.61925,0.0170138712429991
1.619375,0.0120306237301634
1.6195,2.73606607455441e-14
1.619625,-0.0120306237301466
1.61975,-0.0170138712429991
1.619875,-0.0120306237301813
1.62,-2.17413209260651e-14
1.620125,0.0120306237301506
1.62025,0.0170138712429991
1.620375,0.0120306237301773
1.6205,1.61219811065862e-14
1.620625,-0.0120306237301545
1.62075,-0.0170138712429991
1.620875,-0.0120306237301734
1.621,-1.05026412871072e-14
1.621125,0.0120306237301366
1.62125,0.0170138712429991
1.621375,0.0120306237301694
1.6215,3.58313529719372e-14
1.621625,-0.0120306237301625
1.62175,-0.0170138712429991
1.621875,-0.0120306237301654
1.622,7.36038351850812e-16
1.622125,0.0120306237301446
1.62225,0.0170138712429991
1.622375,0.0120306237301833
1.6225,2.45926733329792e-14
1.622625,-0.0120306237301485
1.62275,-0.0170138712429991
1.622875,-0.0120306237301575
1.623,-1.89733335135002e-14
1.623125,0.0120306237301306
1.62325,0.0170138712429991
1.623375,0.0120306237301754
1.6235,1.33539936940212e-14
1.623625,-0.0120306237301565
1.62375,-0.0170138712429991
1.623875,-0.0120306237301714
1.624,-7.73465387454221e-15
1.624125,0.0120306237301605
1.62425,0.0170138712429991
1.624375,0.0120306237301893
1.6245,2.11531405506322e-15
1.624625,-0.0120306237301426
1.62475,-0.0170138712429991
1.624875,-0.0120306237301635
1.625,-2.74440257398932e-14
1.625125,0.0120306237301465
1.62525,0.0170138712429991
1.625375,0.0120306237301814
1.6255,2.18246859204142e-14
1.625625,-0.0120306237301505
1.62575,-0.0170138712429991
1.625875,-0.0120306237301774
1.626,-1.62053461009352e-14
1.626125,0.0120306237301545
1.62625,0.0170138712429991
1.626375,0.0120306237301734
1.6265,1.05860062814562e-14
1.626625,-0.0120306237301366
1.62675,-0.0170138712429991
1.626875,-0.0120306237301695
1.627,-4.96666646197726e-15
1.627125,0.0120306237301405
1.62725,0.0170138712429991
1.627375,0.0120306237301655
1.6275,3.02953781468072e-14
1.627625,-0.0120306237301445
1.62775,-0.0170138712429991
1.627875,-0.0120306237301834
1.628,-2.46760383273283e-14
1.628125,0.0120306237301485
1.62825,0.0170138712429991
1.628375,0.0120306237301794
1.6285,1.90566985078493e-14
1.628625,-0.0120306237301525
1.62875,-0.0170138712429991
1.628875,-0.0120306237301754
1.629,-1.34373586883703e-14
1.629125,0.0120306237301346
1.62925,0.0170138712429991
1.629375,0.0120306237301715
1.6295,3.87660703732003e-14
1.629625,-0.0120306237301604
1.62975,-0.0170138712429991
1.629875,-0.0120306237301675
1.63,-3.31467305537213e-14
1.630125,0.0120306237301425
1.63025,0.0170138712429991
1.630375,0.0120306237301854
1.6305,-3.42066077006668e-15
1.630625,-0.0120306237301465
1.63075,-0.0170138712429991
1.630875,-0.0120306237301595
1.631,-2.19080509147633e-14
1.631125,0.0120306237301504
1.63125,0.0170138712429991
1.631375,0.0120306237301775
1.6315,1.62887110952843e-14
1.631625,-0.0120306237301544
1.63175,-0.0170138712429991
1.631875,-0.0120306237301735
1.632,-4.16174227801143e-14
1.632125,0.0120306237301584
1.63225,0.0170138712429991
1.632375,0.0120306237301695
1.6325,5.05003145632634e-15
1.632625,-0.0120306237301405
1.63275,-0.0170138712429991
1.632875,-0.0120306237301655
1.633,-3.03787431411563e-14
1.633125,0.0120306237301445
1.63325,0.0170138712429991
1.633375,0.0120306237301616
1.6335,2.47594033216773e-14
1.633625,-0.0120306237301484
1.63375,-0.0170138712429991
1.633875,-0.0120306237301795
1.634,-1.91400635021984e-14
1.634125,0.0120306237301524
1.63425,0.0170138712429991
1.634375,0.0120306237301755
1.6345,1.35207236827194e-14
1.634625,-0.0120306237301564
1.63475,-0.0170138712429991
1.634875,-0.0120306237301715
1.635,-7.90138386324038e-15
1.635125,0.0120306237301385
1.63525,0.0170138712429991
1.635375,0.0120306237301676
1.6355,3.32300955480704e-14
1.635625,-0.0120306237301643
1.63575,-0.0170138712429991
1.635875,-0.0120306237301855
1.636,-2.76107557285914e-14
1.636125,0.0120306237301464
1.63625,0.0170138712429991
1.636375,0.0120306237301815
1.6365,2.19914159091124e-14
1.636625,-0.0120306237301504
1.63675,-0.0170138712429991
1.636875,-0.0120306237301556
1.637,-1.63720760896334e-14
1.637125,0.0120306237301325
1.63725,0.0170138712429991
1.637375,0.0120306237301735
1.6375,1.07527362701544e-14
1.637625,-0.0120306237301583
1.63775,-0.0170138712429991
1.637875,-0.0120306237301696
1.638,-3.60814479549844e-14
1.638125,0.0120306237301404
1.63825,0.0170138712429991
1.638375,0.0120306237301875
1.6385,-4.85943368803566e-16
1.638625,-0.0120306237301444
1.63875,-0.0170138712429991
1.638875,-0.0120306237301616
1.639,-2.48427683160264e-14
1.639125,0.0120306237301484
1.63925,0.0170138712429991
1.639375,0.0120306237301795
1.6395,1.92234284965474e-14
1.639625,-0.0120306237301523
1.63975,-0.0170138712429991
1.639875,-0.0120306237301756
1.64,-1.36040886770684e-14
1.640125,0.0120306237301563
1.64025,0.0170138712429991
1.640375,0.0120306237301716
1.6405,7.98474885758946e-15
1.640625,-0.0120306237301384
1.64075,-0.0170138712429991
1.640875,-0.0120306237301676
1.641,-2.36540903811047e-15
1.641125,0.0120306237301424
1.64125,0.0170138712429991
1.641375,0.0120306237301636
1.6415,2.76941207229405e-14
1.641625,-0.0120306237301464
1.64175,-0.0170138712429991
1.641875,-0.0120306237301815
1.642,-2.20747809034615e-14
1.642125,0.0120306237301503
1.64225,0.0170138712429991
1.642375,0.0120306237301776
1.6425,1.64554410839825e-14
1.642625,-0.0120306237301543
1.64275,-0.0170138712429991
1.642875,-0.0120306237301736
1.643,-1.08361012645035e-14
1.643125,0.0120306237301364
1.64325,0.0170138712429991
1.643375,0.0120306237301696
1.6435,3.61648129493335e-14
1.643625,-0.0120306237301404
1.64375,-0.0170138712429991
1.643875,-0.0120306237301657
1.644,-3.05454731298545e-14
1.644125,0.0120306237301443
1.64425,0.0170138712429991
1.644375,0.0120306237301836
1.6445,2.49261333103755e-14
1.644625,-0.0120306237301483
1.64475,-0.0170138712429991
1.644875,-0.0120306237301577
1.645,-1.93067934908965e-14
1.645125,0.0120306237301523
1.64525,0.0170138712429991
1.645375,0.0120306237301756
1.6455,1.36874536714175e-14
1.645625,-0.0120306237301344
1.64575,-0.0170138712429991
1.645875,-0.0120306237301716
1.646,-3.90161653562475e-14
1.646125,0.0120306237301602
1.64625,0.0170138712429991
1.646375,0.0120306237301677
1.6465,2.44877403245955e-15
1.646625,-0.0120306237301423
1.64675,-0.0170138712429991
1.646875,-0.0120306237301637
1.647,-2.77774857172895e-14
1.647125,0.0120306237301463
1.64725,0.0170138712429991
1.647375,0.0120306237301597
1.6475,2.21581458978106e-14
1.647625,-0.0120306237301284
1.64775,-0.0170138712429991
1.647875,-0.0120306237301776
1.648,-1.65388060783316e-14
1.648125,0.0120306237301542
1.64825,0.0170138712429991
1.648375,0.0120306237301737
1.6485,1.09194662588526e-14
1.648625,-0.0120306237301363
1.64875,-0.0170138712429991
1.648875,-0.0120306237301697
1.649,-5.30012643937359e-15
1.649125,0.0120306237301403
1.64925,0.0170138712429991
1.649375,0.0120306237301657
1.6495,3.06288381242036e-14
1.649625,-0.0120306237301443
1.64975,-0.0170138712429991
1.649875,-0.0120306237301836
1.65,-2.50094983047246e-14
1.650125,0.0120306237301483
1.65025,0.0170138712429991
1.650375,0.0120306237301797
1.6505,1.93901584852456e-14
1.650625,-0.0120306237301522
1.65075,-0.0170138712429991
1.650875,-0.0120306237301757
1.651,-1.37708186657666e-14
1.651125,0.0120306237301343
1.65125,0.0170138712429991
1.651375,0.0120306237301717
1.6515,8.15147884628762e-15
1.651625,-0.0120306237301383
1.65175,-0.0170138712429991
1.651875,-0.0120306237301677
1.652,-3.34801905311176e-14
1.652125,0.0120306237301423
1.65225,0.0170138712429991
1.652375,0.0120306237301856
1.6525,-3.08720079267036e-15
1.652625,-0.0120306237301462
1.65275,-0.0170138712429991
1.652875,-0.0120306237301598
1.653,-2.22415108921596e-14
1.653125,0.0120306237301502
1.65325,0.0170138712429991
1.653375,0.0120306237301777
1.6535,1.66221710726806e-14
1.653625,-0.0120306237301323
1.65375,-0.0170138712429991
1.653875,-0.0120306237301737
1.654,-4.19508827575106e-14
1.654125,0.0120306237301582
1.65425,0.0170138712429991
1.654375,0.0120306237301697
1.6545,5.38349143372267e-15
1.654625,-0.0120306237301402
1.65475,-0.0170138712429991
1.654875,-0.0120306237301658
1.655,-3.07122031185527e-14
1.655125,0.0120306237301442
1.65525,0.0170138712429991
1.655375,0.0120306237301618
1.6555,2.50928632990737e-14
1.655625,-0.0120306237301482
1.65575,-0.0170138712429991
1.655875,-0.0120306237301797
1.656,-1.94735234795947e-14
1.656125,0.0120306237301522
1.65625,0.0170138712429991
1.656375,0.0120306237301757
1.6565,1.38541836601157e-14
1.656625,-0.0120306237301561
1.65675,-0.0170138712429991
1.656875,-0.0120306237301718
1.657,-8.2348438406367e-15
1.657125,0.0120306237301382
1.65725,0.0170138712429991
1.657375,0.0120306237301678
1.6575,3.35635555254667e-14
1.657625,-0.0120306237301422
1.65775,-0.0170138712429991
1.657875,-0.0120306237301638
1.658,-2.79442157059877e-14
1.658125,0.0120306237301462
1.65825,0.0170138712429991
1.658375,0.0120306237301817
1.6585,2.23248758865087e-14
1.658625,-0.0120306237301502
1.65875,-0.0170138712429991
1.658875,-0.0120306237301559
1.659,-1.67055360670297e-14
1.659125,0.0120306237301541
1.65925,0.0170138712429991
1.659375,0.0120306237301738
1.6595,1.10861962475507e-14
1.659625,-0.0120306237301362
1.65975,-0.0170138712429991
1.659875,-0.0120306237301698
1.66,-3.64149079323807e-14
1.660125,0.0120306237301621
1.66025,0.0170138712429991
1.660375,0.0120306237301877
1.6605,-1.52483391407238e-16
1.660625,-0.0120306237301442
1.66075,-0.0170138712429991
1.660875,-0.0120306237301619
1.661,-2.51762282934228e-14
1.661125,0.0120306237301481
1.66125,0.0170138712429991
1.661375,0.0120306237301798
1.6615,1.95568884739438e-14
1.661625,-0.0120306237301302
1.66175,-0.0170138712429991
1.661875,-0.0120306237301758
1.662,-1.39375486544648e-14
1.662125,0.0120306237301561
1.66225,0.0170138712429991
1.662375,0.0120306237301718
1.6625,8.31820883498578e-15
1.662625,-0.0120306237301382
1.66275,-0.0170138712429991
1.662875,-0.0120306237301678
1.663,-2.6988690155068e-15
1.663125,0.0120306237301421
1.66325,0.0170138712429991
1.663375,0.0120306237301639
1.6635,2.80275807003368e-14
1.663625,-0.0120306237301461
1.66375,-0.0170138712429991
1.663875,-0.0120306237301818
1.664,-2.24082408808578e-14
1.664125,0.0120306237301501
1.66425,0.0170138712429991
1.664375,0.0120306237301778
1.6645,1.67889010613788e-14
1.664625,-0.0120306237301541
1.66475,-0.0170138712429991
1.664875,-0.0120306237301738
1.665,-1.11695612418998e-14
1.665125,0.0120306237301362
1.66525,0.0170138712429991
1.665375,0.0120306237301699
1.6655,5.55022142242083e-15
1.665625,-0.0120306237301401
1.66575,-0.0170138712429991
1.665875,-0.0120306237301659
1.666,-3.08789331072508e-14
1.666125,0.0120306237301441
1.66625,0.0170138712429991
1.666375,0.0120306237301838
1.6665,-5.68845821653714e-15
1.666625,-0.0120306237301481
1.66675,-0.0170138712429991
1.666875,-0.0120306237301579
1.667,-1.96402534682928e-14
1.667125,0.0120306237301521
1.66725,0.0170138712429991
1.667375,0.0120306237301759
1.6675,1.40209136488139e-14
1.667625,-0.0120306237301341
1.66775,-0.0170138712429991
1.667875,-0.0120306237301719
1.668,-3.93496253336438e-14
1.668125,0.01203062373016
1.66825,0.0170138712429991
1.668375,0.0120306237301679
1.6685,2.78223400985588e-15
1.668625,-0.0120306237301421
1.66875,-0.0170138712429991
1.668875,-0.0120306237301639
1.669,-2.81109456946859e-14
1.669125,0.0120306237301461
1.66925,0.0170138712429991
1.669375,0.01203062373016
1.6695,2.24916058752069e-14
1.669625,-0.01203062373015
1.66975,-0.0170138712429991
1.669875,-0.0120306237301779
1.67,-1.68722660557279e-14
1.670125,0.012030623730154
1.67025,0.0170138712429991
1.670375,0.0120306237301739
1.6705,1.12529262362489e-14
1.670625,-0.012030623730158
1.67075,-0.0170138712429991
1.670875,-0.0120306237301699
1.671,-5.63358641676991e-15
1.671125,0.0120306237301401
1.67125,0.0170138712429991
1.671375,0.0120306237301659
1.6715,3.09622981015999e-14
1.671625,-0.012030623730144
1.67175,-0.0170138712429991
1.671875,-0.012030623730162
1.672,-2.53429582821209e-14
1.672125,0.012030623730148
1.67225,0.0170138712429991
1.672375,0.0120306237301799
1.6725,1.97236184626419e-14
1.672625,-0.012030623730152
1.67275,-0.0170138712429991
1.672875,-0.0120306237301759
1.673,-1.41042786431629e-14
1.673125,0.0120306237301341
1.67325,0.0170138712429991
1.673375,0.0120306237301719
1.6735,8.48493882368395e-15
1.673625,-0.0120306237301381
1.67375,-0.0170138712429991
1.673875,-0.012030623730168
1.674,-3.38136505085139e-14
1.674125,0.0120306237301639
1.67425,0.0170138712429991
1.674375,0.0120306237301859
1.6745,-2.75374081527403e-15
1.674625,-0.012030623730146
1.67475,-0.0170138712429991
1.674875,-0.0120306237301819
1.675,-2.2574970869556e-14
1.675125,0.01203062373015
1.67525,0.0170138712429991
1.675375,0.0120306237301779
1.6755,1.6955631050077e-14
1.675625,-0.0120306237301321
1.67575,-0.0170138712429991
1.675875,-0.012030623730174
1.676,-1.1336291230598e-14
1.676125,0.0120306237301579
1.67625,0.0170138712429991
1.676375,0.01203062373017
1.6765,5.716951411119e-15
1.676625,-0.01203062373014
1.67675,-0.0170138712429991
1.676875,-0.0120306237301879
1.677,-9.76115916400077e-17
1.677125,0.012030623730144
1.67725,0.0170138712429991
1.677375,0.012030623730162
1.6775,2.542632327647e-14
1.677625,-0.012030623730148
1.67775,-0.0170138712429991
1.677875,-0.0120306237301799
1.678,-1.9806983456991e-14
1.678125,0.0120306237301519
1.67825,0.0170138712429991
1.678375,0.012030623730176
1.6785,1.4187643637512e-14
1.678625,-0.0120306237301559
1.67875,-0.0170138712429991
1.678875,-0.012030623730172
1.679,-8.56830381803303e-15
1.679125,0.012030623730138
1.67925,0.0170138712429991
1.679375,0.012030623730168
1.6795,3.3897015502863e-14
1.679625,-0.012030623730142
1.67975,-0.0170138712429991
1.679875,-0.0120306237301641
1.68,-2.8277675683384e-14
1.680125,0.0120306237301459
1.68025,0.0170138712429991
1.680375,0.012030623730182
1.6805,-8.28971564040393e-15
1.680625,-0.0120306237301499
1.68075,-0.0170138712429991
1.680875,-0.012030623730178
1.681,-1.70389960444261e-14
1.681125,0.0120306237301539
1.68125,0.0170138712429991
1.681375,0.012030623730174
1.6815,1.14196562249471e-14
1.681625,-0.012030623730136
1.68175,-0.0170138712429991
1.681875,-0.01203062373017
1.682,-3.67483679097771e-14
1.682125,0.0120306237301618
1.68225,0.0170138712429991
1.682375,0.0120306237301661
1.6825,1.8097658598909e-16
1.682625,-0.0120306237301439
1.68275,-0.0170138712429991
1.682875,-0.012030623730184
1.683,-2.55096882708191e-14
1.683125,0.0120306237301479
1.68325,0.0170138712429991
1.683375,0.0120306237301581
1.6835,1.98903484513401e-14
1.683625,-0.0120306237301519
1.68375,-0.0170138712429991
1.683875,-0.012030623730176
1.684,-1.42710086318611e-14
1.684125,0.0120306237301558
1.68425,0.0170138712429991
1.684375,0.0120306237301721
1.6845,8.65166881238211e-15
1.684625,-0.0120306237301598
1.68475,-0.0170138712429991
1.684875,-0.01203062373019
1.685,-3.03232899290312e-15
1.685125,0.0120306237301419
1.68525,0.0170138712429991
1.685375,0.0120306237301641
1.6855,2.83610406777331e-14
1.685625,-0.0120306237301459
1.68575,-0.0170138712429991
1.685875,-0.012030623730182
1.686,-2.27417008582541e-14
1.686125,0.0120306237301499
1.68625,0.0170138712429991
1.686375,0.012030623730178
1.6865,1.71223610387751e-14
1.686625,-0.0120306237301538
1.68675,-0.0170138712429991
1.686875,-0.0120306237301741
1.687,-1.15030212192961e-14
1.687125,0.0120306237301359
1.68725,0.0170138712429991
1.687375,0.0120306237301701
1.6875,5.88368139981716e-15
1.687625,-0.0120306237301399
1.68775,-0.0170138712429991
1.687875,-0.0120306237301661
1.688,-3.12123930846471e-14
1.688125,0.0120306237301439
1.68825,0.0170138712429991
1.688375,0.012030623730184
1.6885,2.55930532651682e-14
1.688625,-0.0120306237301478
1.68875,-0.0170138712429991
1.688875,-0.0120306237301801
1.689,-1.99737134456892e-14
1.689125,0.0120306237301518
1.68925,0.0170138712429991
1.689375,0.0120306237301761
1.6895,1.43543736262102e-14
1.689625,-0.0120306237301339
1.68975,-0.0170138712429991
1.689875,-0.0120306237301721
1.69,-8.7350338067312e-15
1.690125,0.0120306237301598
1.69025,0.0170138712429991
1.690375,0.0120306237301681
1.6905,3.40637454915612e-14
1.690625,-0.0120306237301419
1.69075,-0.0170138712429991
1.690875,-0.0120306237301861
1.691,2.50364583222678e-15
1.691125,0.0120306237301458
1.69125,0.0170138712429991
1.691375,0.0120306237301602
1.6915,2.28250658526032e-14
1.691625,-0.0120306237301498
1.69175,-0.0170138712429991
1.691875,-0.0120306237301781
1.692,-1.72057260331242e-14
1.692125,0.0120306237301538
1.69225,0.0170138712429991
1.692375,0.0120306237301741
1.6925,4.25344377179542e-14
1.692625,-0.0120306237301577
1.69275,-0.0170138712429991
1.692875,-0.0120306237301702
1.693,-5.96704639416624e-15
1.693125,0.0120306237301398
1.69325,0.0170138712429991
1.693375,0.0120306237301662
1.6935,3.12957580789962e-14
1.693625,-0.0120306237301438
1.69375,-0.0170138712429991
1.693875,-0.0120306237301622
1.694,-2.56764182595172e-14
1.694125,0.0120306237301478
1.69425,0.0170138712429991
1.694375,0.0120306237301801
1.6945,2.00570784400383e-14
1.694625,-0.0120306237301518
1.69475,-0.0170138712429991
1.694875,-0.0120306237301761
1.695,-1.44377386205593e-14
1.695125,0.0120306237301557
1.69525,0.0170138712429991
1.695375,0.0120306237301722
1.6955,8.81839880108028e-15
1.695625,-0.0120306237301378
1.69575,-0.0170138712429991
1.695875,-0.0120306237301682
1.696,-3.41471104859103e-14
1.696125,0.0120306237301637
1.69625,0.0170138712429991
1.696375,0.0120306237301642
1.6965,2.85277706664313e-14
1.696625,-0.0120306237301458
1.69675,-0.0170138712429991
1.696875,-0.0120306237301821
1.697,-2.29084308469523e-14
1.697125,0.0120306237301497
1.69725,0.0170138712429991
1.697375,0.0120306237301563
1.6975,1.72890910274733e-14
1.697625,-0.0120306237301318
1.69775,-0.0170138712429991
1.697875,-0.0120306237301742
1.698,-1.16697512079943e-14
1.698125,0.0120306237301577
1.69825,0.0170138712429991
1.698375,0.0120306237301702
1.6985,3.69984628928243e-14
1.698625,-0.0120306237301398
1.69875,-0.0170138712429991
1.698875,-0.0120306237301881
1.699,-4.31071569036336e-16
1.699125,0.0120306237301437
1.69925,0.0170138712429991
1.699375,0.0120306237301623
1.6995,2.57597832538663e-14
1.699625,-0.0120306237301477
1.69975,-0.0170138712429991
1.699875,-0.0120306237301802
1.7,-2.01404434343873e-14
1.700125,0.0120306237301517
1.70025,0.0170138712429991
1.700375,0.0120306237301762
1.7005,1.45211036149083e-14
1.700625,-0.0120306237301557
1.70075,-0.0170138712429991
1.700875,-0.0120306237301722
1.701,-8.90176379542936e-15
1.701125,0.0120306237301378
1.70125,0.0170138712429991
1.701375,0.0120306237301683
1.7015,3.28242397595037e-15
1.701625,-0.0120306237301417
1.70175,-0.0170138712429991
1.701875,-0.0120306237301643
1.702,-2.86111356607804e-14
1.702125,0.0120306237301457
1.70225,0.0170138712429991
1.702375,0.0120306237301822
1.7025,2.29917958413014e-14
1.702625,-0.0120306237301497
1.70275,-0.0170138712429991
1.702875,-0.0120306237301782
1.703,-1.73724560218224e-14
1.703125,0.0120306237301537
1.70325,0.0170138712429991
1.703375,0.0120306237301742
1.7035,1.17531162023434e-14
1.703625,-0.0120306237301357
1.70375,-0.0170138712429991
1.703875,-0.0120306237301703
1.704,-3.70818278871734e-14
1.704125,0.0120306237301397
1.70425,0.0170138712429991
1.704375,0.0120306237301663
1.7045,3.14624880676944e-14
1.704625,-0.0120306237301437
1.70475,-0.0170138712429991
1.704875,-0.0120306237301842
1.705,-2.58431482482154e-14
1.705125,0.0120306237301477
1.70525,0.0170138712429991
1.705375,0.0120306237301584
1.7055,2.02238084287364e-14
1.705625,-0.0120306237301516
1.70575,-0.0170138712429991
1.705875,-0.0120306237301763
1.706,-1.46044686092574e-14
1.706125,0.0120306237301337
1.70625,0.0170138712429991
1.706375,0.0120306237301723
1.7065,3.99331802940874e-14
1.706625,-0.0120306237301596
1.70675,-0.0170138712429991
1.706875,-0.0120306237301683
1.707,-3.36578897029945e-15
1.707125,0.0120306237301417
1.70725,0.0170138712429991
1.707375,0.0120306237301643
1.7075,2.86945006551294e-14
1.707625,-0.0120306237301456
1.70775,-0.0170138712429991
1.707875,-0.0120306237301604
1.708,-2.30751608356505e-14
1.708125,0.0120306237301277
1.70825,0.0170138712429991
1.708375,0.0120306237301783
1.7085,1.74558210161715e-14
1.708625,-0.0120306237301536
1.70875,-0.0170138712429991
1.708875,-0.0120306237301743
1.709,-1.18364811966925e-14
1.709125,0.0120306237301576
1.70925,0.0170138712429991
1.709375,0.0120306237301703
1.7095,6.21714137721349e-15
1.709625,-0.0120306237301397
1.70975,-0.0170138712429991
1.709875,-0.0120306237301664
1.71,-3.15458530620435e-14
1.710125,0.0120306237301436
1.71025,0.0170138712429991
1.710375,0.0120306237301843
1.7105,2.59265132425645e-14
1.710625,-0.0120306237301476
1.71075,-0.0170138712429991
1.710875,-0.0120306237301803
1.711,-2.03071734230855e-14
1.711125,0.0120306237301516
1.71125,0.0170138712429991
1.711375,0.0120306237301763
1.7115,1.46878336036065e-14
1.711625,-0.0120306237301337
1.71175,-0.0170138712429991
1.711875,-0.0120306237301724
1.712,-9.06849378412752e-15
1.712125,0.0120306237301376
1.71225,0.0170138712429991
1.712375,0.0120306237301684
1.7125,3.43972054689575e-14
1.712625,-0.0120306237301416
1.71275,-0.0170138712429991
1.712875,-0.0120306237301863
1.713,2.17018585483045e-15
1.713125,0.0120306237301456
1.71325,0.0170138712429991
1.713375,0.0120306237301604
1.7135,2.31585258299995e-14
1.713625,-0.0120306237301496
1.71375,-0.0170138712429991
1.713875,-0.0120306237301783
1.714,-1.75391860105205e-14
1.714125,0.0120306237301317
1.71425,0.0170138712429991
1.714375,0.0120306237301744
1.7145,4.28678976953505e-14
1.714625,-0.0120306237301575
1.71475,-0.0170138712429991
1.714875,-0.0120306237301704
1.715,-6.30050637156257e-15
1.715125,0.0120306237301396
1.71525,0.0170138712429991
1.715375,0.0120306237301664
1.7155,6.81166552083581e-16
1.715625,-0.0120306237301436
1.71575,-0.0170138712429991
1.715875,-0.0120306237301624
1.716,-2.60098782369136e-14
1.716125,0.0120306237301475
1.71625,0.0170138712429991
1.716375,0.0120306237301804
1.7165,2.03905384174346e-14
1.716625,-0.0120306237301515
1.71675,-0.0170138712429991
1.716875,-0.0120306237301764
1.717,-1.47711985979556e-14
1.717125,0.0120306237301555
1.71725,0.0170138712429991
1.717375,0.0120306237301724
1.7175,9.1518587784766e-15
1.717625,-0.0120306237301376
1.71775,-0.0170138712429991
1.717875,-0.0120306237301684
1.718,-3.44805704633066e-14
1.718125,0.0120306237301416
1.71825,0.0170138712429991
1.718375,0.0120306237301645
1.7185,2.88612306438276e-14
1.718625,-0.0120306237301455
1.71875,-0.0170138712429991
1.718875,-0.0120306237301824
1.719,-2.32418908243486e-14
1.719125,0.0120306237301495
1.71925,0.0170138712429991
1.719375,0.0120306237301565
1.7195,1.76225510048696e-14
1.719625,-0.0120306237301535
1.71975,-0.0170138712429991
1.719875,-0.0120306237301744
1.72,-1.20032111853906e-14
1.720125,0.0120306237301356
1.72025,0.0170138712429991
1.720375,0.0120306237301705
1.7205,3.73319228702206e-14
1.720625,-0.0120306237301614
1.72075,-0.0170138712429991
1.720875,-0.0120306237301884
1.721,-7.64531546432663e-16
1.721125,0.0120306237301435
1.72125,0.0170138712429991
1.721375,0.0120306237301625
1.7215,2.60932432312627e-14
1.721625,-0.0120306237301475
1.72175,-0.0170138712429991
1.721875,-0.0120306237301585
1.722,-2.04739034117837e-14
1.722125,0.0120306237301296
1.72225,0.0170138712429991
1.722375,0.0120306237301764
1.7225,1.48545635923047e-14
1.722625,-0.0120306237301554
1.72275,-0.0170138712429991
1.722875,-0.0120306237301725
1.723,-9.23522377282569e-15
1.723125,0.0120306237301375
1.72325,0.0170138712429991
1.723375,0.0120306237301685
1.7235,3.6158839533467e-15
1.723625,-0.0120306237301415
1.72375,-0.0170138712429991
1.723875,-0.0120306237301645
1.724,-2.89445956381767e-14
1.724125,0.0120306237301455
1.72425,0.0170138712429991
1.724375,0.0120306237301824
1.7245,2.33252558186977e-14
1.724625,-0.0120306237301494
1.72475,-0.0170138712429991
1.724875,-0.0120306237301785
1.725,-1.77059159992187e-14
1.725125,0.0120306237301534
1.72525,0.0170138712429991
1.725375,0.0120306237301745
1.7255,1.20865761797397e-14
1.725625,-0.0120306237301355
1.72575,-0.0170138712429991
1.725875,-0.0120306237301705
1.726,-6.46723636026073e-15
1.726125,0.0120306237301395
1.72625,0.0170138712429991
1.726375,0.0120306237301665
1.7265,3.17959480450907e-14
1.726625,-0.0120306237301435
1.72675,-0.0170138712429991
1.726875,-0.0120306237301845
1.727,4.77144327869724e-15
1.727125,0.0120306237301474
1.72725,0.0170138712429991
1.727375,0.0120306237301586
1.7275,2.05572684061327e-14
1.727625,-0.0120306237301514
1.72775,-0.0170138712429991
1.727875,-0.0120306237301765
1.728,-1.49379285866538e-14
1.728125,0.0120306237301335
1.72825,0.0170138712429991
1.728375,0.0120306237301725
1.7285,4.02666402714837e-14
1.728625,-0.0120306237301593
1.72875,-0.0170138712429991
1.728875,-0.0120306237301686
1.729,-3.69924894769578e-15
1.729125,0.0120306237301414
1.72925,0.0170138712429991
1.729375,0.0120306237301646
1.7295,2.90279606325258e-14
1.729625,-0.0120306237301454
1.72975,-0.0170138712429991
1.729875,-0.0120306237301606
1.73,-2.34086208130468e-14
1.730125,0.0120306237301494
1.73025,0.0170138712429991
1.730375,0.0120306237301785
1.7305,1.77892809935678e-14
1.730625,-0.0120306237301534
1.73075,-0.0170138712429991
1.730875,-0.0120306237301745
1.731,-1.21699411740888e-14
1.731125,0.0120306237301573
1.73125,0.0170138712429991
1.731375,0.0120306237301706
1.7315,6.55060135460982e-15
1.731625,-0.0120306237301394
1.73175,-0.0170138712429991
1.731875,-0.0120306237301666
1.732,-3.18793130394398e-14
1.732125,0.0120306237301434
1.73225,0.0170138712429991
1.732375,0.0120306237301626
1.7325,2.62599732199608e-14
1.732625,-0.0120306237301474
1.73275,-0.0170138712429991
1.732875,-0.0120306237301805
1.733,-2.06406334004818e-14
1.733125,0.0120306237301513
1.73325,0.0170138712429991
1.733375,0.0120306237301547
1.7335,1.50212935810028e-14
1.733625,-0.0120306237301334
1.73375,-0.0170138712429991
1.733875,-0.0120306237301726
1.734,-9.40195376152385e-15
1.734125,0.0120306237301374
1.73425,0.0170138712429991
1.734375,0.0120306237301686
1.7345,3.47306654463538e-14
1.734625,-0.0120306237301633
1.73475,-0.0170138712429991
1.734875,-0.0120306237301865
1.735,1.83672587743413e-15
1.735125,0.0120306237301454
1.73525,0.0170138712429991
1.735375,0.0120306237301826
1.7355,2.34919858073959e-14
1.735625,-0.0120306237301493
1.73575,-0.0170138712429991
1.735875,-0.0120306237301786
1.736,-1.78726459879169e-14
1.736125,0.0120306237301314
1.73625,0.0170138712429991
1.736375,0.0120306237301746
1.7365,1.22533061684379e-14
1.736625,-0.0120306237301573
1.73675,-0.0170138712429991
1.736875,-0.0120306237301706
1.737,-6.6339663489589e-15
1.737125,0.0120306237301394
1.73725,0.0170138712429991
1.737375,0.0120306237301885
1.7375,1.01462652947991e-15
1.737625,-0.0120306237301433
1.73775,-0.0170138712429991
1.737875,-0.0120306237301627
1.738,-2.63433382143099e-14
1.738125,0.0120306237301473
1.73825,0.0170138712429991
1.738375,0.0120306237301806
1.7385,2.07239983948309e-14
1.738625,-0.0120306237301513
1.73875,-0.0170138712429991
1.738875,-0.0120306237301766
1.739,-1.51046585753519e-14
1.739125,0.0120306237301553
1.73925,0.0170138712429991
1.739375,0.0120306237301726
1.7395,9.48531875587293e-15
1.739625,-0.0120306237301373
1.73975,-0.0170138712429991
1.739875,-0.0120306237301687
1.74,-3.48140304407029e-14
1.740125,0.0120306237301413
1.74025,0.0170138712429991
1.740375,0.0120306237301647
1.7405,2.91946906212239e-14
1.740625,-0.0120306237301453
1.74075,-0.0170138712429991
1.740875,-0.0120306237301826
1.741,7.37270070256403e-15
1.741125,0.0120306237301493
1.74125,0.0170138712429991
1.741375,0.0120306237301786
1.7415,1.7956010982266e-14
1.741625,-0.0120306237301532
1.74175,-0.0170138712429991
1.741875,-0.0120306237301747
1.742,-1.2336671162787e-14
1.742125,0.0120306237301353
1.74225,0.0170138712429991
1.742375,0.0120306237301707
1.7425,3.7665382847617e-14
1.742625,-0.0120306237301612
1.74275,-0.0170138712429991
1.742875,-0.0120306237301667
1.743,-1.09799152382899e-15
1.743125,0.0120306237301433
1.74325,0.0170138712429991
1.743375,0.0120306237301846
1.7435,2.6426703208659e-14
1.743625,-0.0120306237301473
1.74375,-0.0170138712429991
1.743875,-0.0120306237301588
1.744,-2.080736338918e-14
1.744125,0.0120306237301512
1.74425,0.0170138712429991
1.744375,0.0120306237301767
1.7445,1.5188023569701e-14
1.744625,-0.0120306237301552
1.74475,-0.0170138712429991
1.744875,-0.0120306237301727
1.745,-9.56868375022201e-15
1.745125,0.0120306237301592
1.74525,0.0170138712429991
1.745375,0.0120306237301906
1.7455,3.94934393074303e-15
1.745625,-0.0120306237301413
1.74575,-0.0170138712429991
1.745875,-0.0120306237301648
1.746,-2.9278055615573e-14
1.746125,0.0120306237301452
1.74625,0.0170138712429991
1.746375,0.0120306237301827
1.7465,2.3658715796094e-14
1.746625,-0.0120306237301492
1.74675,-0.0170138712429991
1.746875,-0.0120306237301787
1.747,-1.8039375976615e-14
1.747125,0.0120306237301532
1.74725,0.0170138712429991
1.747375,0.0120306237301747
1.7475,1.2420036157136e-14
1.747625,-0.0120306237301353
1.74775,-0.0170138712429991
1.747875,-0.0120306237301707
1.748,-6.80069633765706e-15
1.748125,0.0120306237301392
1.74825,0.0170138712429991
1.748375,0.0120306237301668
1.7485,3.2129408022487e-14
1.748625,-0.0120306237301432
1.74875,-0.0170138712429991
1.748875,-0.0120306237301847
1.749,4.43798330130092e-15
1.749125,0.0120306237301472
1.74925,0.0170138712429991
1.749375,0.0120306237301807
1.7495,2.08907283835291e-14
1.749625,-0.0120306237301512
1.74975,-0.0170138712429991
1.749875,-0.0120306237301767
1.75,-1.52713885640501e-14
1.750125,0.0120306237301333
1.75025,0.0170138712429991
1.750375,0.0120306237301728
1.7505,9.6520487445711e-15
1.750625,-0.0120306237301591
1.75075,-0.0170138712429991
1.750875,-0.0120306237301688
1.751,-3.49807604294011e-14
1.751125,0.0120306237301412
1.75125,0.0170138712429991
1.751375,0.0120306237301867
1.7515,-1.58663089438688e-15
1.751625,-0.0120306237301452
1.75175,-0.0170138712429991
1.751875,-0.0120306237301608
1.752,-2.37420807904431e-14
1.752125,0.0120306237301492
1.75225,0.0170138712429991
1.752375,0.0120306237301788
1.7525,1.81227409709641e-14
1.752625,-0.0120306237301531
1.75275,-0.0170138712429991
1.752875,-0.0120306237301748
1.753,-4.34514526557941e-14
1.753125,0.0120306237301571
1.75325,0.0170138712429991
1.753375,0.0120306237301708
1.7535,6.88406133200614e-15
1.753625,-0.0120306237301392
1.75375,-0.0170138712429991
1.753875,-0.0120306237301668
1.754,-3.22127730168361e-14
1.754125,0.0120306237301432
1.75425,0.0170138712429991
1.754375,0.0120306237301629
1.7545,2.65934331973571e-14
1.754625,-0.0120306237301471
1.75475,-0.0170138712429991
1.754875,-0.0120306237301808
1.755,-2.09740933778782e-14
1.755125,0.0120306237301511
1.75525,0.0170138712429991
1.755375,0.0120306237301768
1.7555,1.53547535583992e-14
1.755625,-0.0120306237301551
1.75575,-0.0170138712429991
1.755875,-0.0120306237301728
1.756,-9.73541373892018e-15
1.756125,0.0120306237301372
1.75625,0.0170138712429991
1.756375,0.0120306237301688
1.7565,3.50641254237502e-14
1.756625,-0.012030623730163
1.75675,-0.0170138712429991
1.756875,-0.0120306237301649
1.757,-2.94447856042712e-14
1.757125,0.0120306237301451
1.75725,0.0170138712429991
1.757375,0.0120306237301828
1.7575,2.38254457847922e-14
1.757625,-0.0120306237301491
1.75775,-0.0170138712429991
1.757875,-0.0120306237301569
1.758,-1.82061059653132e-14
1.758125,0.0120306237301312
1.75825,0.0170138712429991
1.758375,0.0120306237301748
1.7585,1.25867661458342e-14
1.758625,-0.012030623730157
1.75875,-0.0170138712429991
1.758875,-0.0120306237301709
1.759,-3.79154778306642e-14
1.759125,0.0120306237301391
1.75925,0.0170138712429991
1.759375,0.0120306237301888
1.7595,1.34808650687624e-15
1.759625,-0.0120306237301431
1.75975,-0.0170138712429991
1.759875,-0.0120306237301629
1.76,-2.66767981917062e-14
1.760125,0.0120306237301471
1.76025,0.0170138712429991
1.760375,0.0120306237301808
1.7605,2.10574583722272e-14
1.760625,-0.012030623730151
1.76075,-0.0170138712429991
1.760875,-0.0120306237301769
1.761,-1.54381185527482e-14
1.761125,0.012030623730155
1.76125,0.0170138712429991
1.761375,0.0120306237301729
1.7615,9.81877873326926e-15
1.761625,-0.0120306237301371
1.76175,-0.0170138712429991
1.761875,-0.0120306237301689
1.762,-4.19943891379027e-15
1.762125,0.0120306237301411
1.76225,0.0170138712429991
1.762375,0.0120306237301649
1.7625,2.95281505986203e-14
1.762625,-0.0120306237301451
1.76275,-0.0170138712429991
1.762875,-0.0120306237301828
1.763,-2.39088107791413e-14
1.763125,0.012030623730149
1.76325,0.0170138712429991
1.763375,0.0120306237301789
1.7635,1.82894709596623e-14
1.763625,-0.012030623730153
1.76375,-0.0170138712429991
1.763875,-0.0120306237301749
1.764,-1.26701311401833e-14
1.764125,0.0120306237301351
1.76425,0.0170138712429991
1.764375,0.0120306237301709
1.7645,3.79988428250133e-14
1.764625,-0.012030623730161
1.76475,-0.0170138712429991
1.764875,-0.012030623730167
1.765,-3.23795030055343e-14
1.765125,0.012030623730143
1.76525,0.0170138712429991
1.765375,0.0120306237301849
1.7655,2.67601631860553e-14
1.765625,-0.012030623730147
1.76575,-0.0170138712429991
1.765875,-0.012030623730159
1.766,-2.11408233665763e-14
1.766125,0.012030623730151
1.76625,0.0170138712429991
1.766375,0.0120306237301769
1.7665,1.55214835470973e-14
1.766625,-0.0120306237301331
1.76675,-0.0170138712429991
1.766875,-0.0120306237301729
1.767,-4.08501952319273e-14
1.767125,0.0120306237301589
1.76725,0.0170138712429991
1.767375,0.012030623730169
1.7675,4.28280390813935e-15
1.767625,-0.012030623730141
1.76775,-0.0170138712429991
1.767875,-0.012030623730165
1.768,-2.96115155929693e-14
1.768125,0.012030623730145
1.76825,0.0170138712429991
1.768375,0.012030623730161
1.7685,2.39921757734904e-14
1.768625,-0.0120306237301271
1.76875,-0.0170138712429991
1.768875,-0.0120306237301789
1.769,-1.83728359540114e-14
1.769125,0.0120306237301529
1.76925,0.0170138712429991
1.769375,0.012030623730175
1.7695,1.27534961345324e-14
1.769625,-0.0120306237301569
1.76975,-0.0170138712429991
1.769875,-0.012030623730171
1.77,-7.13415631505339e-15
1.770125,0.012030623730139
1.77025,0.0170138712429991
1.770375,0.012030623730167
1.7705,3.24628679998834e-14
1.770625,-0.012030623730143
1.77075,-0.0170138712429991
1.770875,-0.0120306237301849
1.771,-2.68435281804044e-14
1.771125,0.012030623730147
1.77125,0.0170138712429991
1.771375,0.0120306237301809
1.7715,2.12241883609254e-14
1.771625,-0.0120306237301509
1.77175,-0.0170138712429991
1.771875,-0.012030623730177
1.772,-1.56048485414464e-14
1.772125,0.012030623730133
1.77225,0.0170138712429991
1.772375,0.012030623730173
1.7725,9.98550872196742e-15
1.772625,-0.012030623730137
1.77275,-0.0170138712429991
1.772875,-0.012030623730169
1.773,-3.53142204067974e-14
1.773125,0.012030623730141
1.77325,0.0170138712429991
1.773375,0.0120306237301869
1.7735,-1.25317091699055e-15
1.773625,-0.0120306237301449
1.77375,-0.0170138712429991
1.773875,-0.0120306237301611
1.774,-2.40755407678394e-14
1.774125,0.0120306237301489
1.77425,0.0170138712429991
1.774375,0.012030623730179
1.7745,1.84562009483604e-14
1.774625,-0.012030623730131
1.77475,-0.0170138712429991
1.774875,-0.012030623730175
1.775,-4.37849126331904e-14
1.775125,0.0120306237301569
1.77525,0.0170138712429991
1.775375,0.012030623730171
1.7755,7.21752130940247e-15
1.775625,-0.012030623730139
1.77575,-0.0170138712429991
1.775875,-0.0120306237301671
1.776,-1.59818148992348e-15
1.776125,0.0120306237301429
1.77625,0.0170138712429991
1.776375,0.0120306237301631
1.7765,2.69268931747535e-14
1.776625,-0.0120306237301469
1.77675,-0.0170138712429991
1.776875,-0.012030623730181
1.777,-2.13075533552745e-14
1.777125,0.0120306237301509
1.77725,0.0170138712429991
1.777375,0.012030623730177
1.7775,1.56882135357955e-14
1.777625,-0.0120306237301548
1.77775,-0.0170138712429991
1.777875,-0.0120306237301731
1.778,-1.00688737163165e-14
1.778125,0.0120306237301369
1.77825,0.0170138712429991
1.778375,0.0120306237301691
1.7785,3.53975854011465e-14
1.778625,-0.0120306237301409
1.77875,-0.0170138712429991
1.778875,-0.0120306237301651
1.779,-2.97782455816675e-14
1.779125,0.0120306237301449
1.77925,0.0170138712429991
1.779375,0.012030623730183
1.7795,2.41589057621885e-14
1.779625,-0.0120306237301489
1.77975,-0.0170138712429991
1.779875,-0.0120306237301572
1.78,-1.85395659427095e-14
1.780125,0.0120306237301528
1.78025,0.0170138712429991
1.780375,0.0120306237301751
1.7805,1.29202261232305e-14
1.780625,-0.0120306237301349
1.78075,-0.0170138712429991
1.780875,-0.0120306237301711
1.781,-3.82489378080605e-14
1.781125,0.0120306237301608
1.78125,0.0170138712429991
1.781375,0.012030623730189
1.7815,1.68154648427256e-15
1.781625,-0.0120306237301429
1.78175,-0.0170138712429991
1.781875,-0.0120306237301632
1.782,-2.70102581691025e-14
1.782125,0.0120306237301468
1.78225,0.0170138712429991
1.782375,0.0120306237301592
1.7825,2.13909183496236e-14
1.782625,-0.0120306237301289
1.78275,-0.0170138712429991
1.782875,-0.0120306237301771
1.783,-1.57715785301446e-14
1.783125,0.0120306237301548
1.78325,0.0170138712429991
1.783375,0.0120306237301731
1.7835,1.01522387106656e-14
1.783625,-0.0120306237301369
1.78375,-0.0170138712429991
1.783875,-0.0120306237301691
1.784,-4.5328988911866e-15
1.784125,0.0120306237301409
1.78425,0.0170138712429991
1.784375,0.0120306237301652
1.7845,2.98616105760166e-14
1.784625,-0.0120306237301448
1.78475,-0.0170138712429991
1.784875,-0.0120306237301831
1.785,-2.42422707565376e-14
1.785125,0.0120306237301488
1.78525,0.0170138712429991
1.785375,0.0120306237301791
1.7855,1.86229309370586e-14
1.785625,-0.0120306237301528
1.78575,-0.0170138712429991
1.785875,-0.0120306237301751
1.786,-1.30035911175796e-14
1.786125,0.0120306237301349
1.78625,0.0170138712429991
1.786375,0.0120306237301712
1.7865,7.38425129810063e-15
1.786625,-0.0120306237301388
1.78675,-0.0170138712429991
1.786875,-0.0120306237301672
1.787,-3.27129629829306e-14
1.787125,0.0120306237301428
1.78725,0.0170138712429991
1.787375,0.0120306237301851
1.7875,-3.85442834085734e-15
1.787625,-0.0120306237301468
1.78775,-0.0170138712429991
1.787875,-0.0120306237301592
1.788,-2.14742833439726e-14
1.788125,0.0120306237301508
1.78825,0.0170138712429991
1.788375,0.0120306237301772
1.7885,1.58549435244937e-14
1.788625,-0.0120306237301328
1.78875,-0.0170138712429991
1.788875,-0.0120306237301732
1.789,-4.11836552093236e-14
1.789125,0.0120306237301587
1.78925,0.0170138712429991
1.789375,0.0120306237301692
1.7895,4.61626388553568e-15
1.789625,-0.0120306237301408
1.78975,-0.0170138712429991
1.789875,-0.0120306237301652
1.79,-2.99449755703657e-14
1.790125,0.0120306237301448
1.79025,0.0170138712429991
1.790375,0.0120306237301613
1.7905,2.43256357508867e-14
1.790625,-0.0120306237301487
1.79075,-0.0170138712429991
1.790875,-0.0120306237301792
1.791,-1.87062959314077e-14
1.791125,0.0120306237301527
1.79125,0.0170138712429991
1.791375,0.0120306237301752
1.7915,1.30869561119287e-14
1.791625,-0.0120306237301567
1.79175,-0.0170138712429991
1.791875,-0.0120306237301712
1.792,-7.46761629244972e-15
1.792125,0.0120306237301388
1.79225,0.0170138712429991
1.792375,0.0120306237301672
1.7925,3.27963279772797e-14
1.792625,-0.0120306237301427
1.79275,-0.0170138712429991
1.792875,-0.0120306237301633
1.793,-2.71769881578007e-14
1.793125,0.0120306237301467
1.79325,0.0170138712429991
1.793375,0.0120306237301812
1.7935,2.15576483383217e-14
1.793625,-0.0120306237301507
1.79375,-0.0170138712429991
1.793875,-0.0120306237301553
1.794,-1.59383085188427e-14
1.794125,0.0120306237301328
1.79425,0.0170138712429991
1.794375,0.0120306237301732
1.7945,1.03189686993638e-14
1.794625,-0.0120306237301368
1.79475,-0.0170138712429991
1.794875,-0.0120306237301693
1.795,-3.56476803841937e-14
1.795125,0.0120306237301626
1.79525,0.0170138712429991
1.795375,0.0120306237301872
1.7955,-9.19710939594224e-16
1.795625,-0.0120306237301447
1.79575,-0.0170138712429991
1.795875,-0.0120306237301613
1.796,-2.44090007452358e-14
1.796125,0.0120306237301487
1.79625,0.0170138712429991
1.796375,0.0120306237301792
1.7965,1.87896609257568e-14
1.796625,-0.0120306237301308
1.79675,-0.0170138712429991
1.796875,-0.0120306237301753
1.797,-1.31703211062778e-14
1.797125,0.0120306237301566
1.79725,0.0170138712429991
1.797375,0.0120306237301713
1.7975,7.5509812867988e-15
1.797625,-0.0120306237301387
1.79775,-0.0170138712429991
1.797875,-0.0120306237301892
1.798,-1.93164146731981e-15
1.798125,0.0120306237301427
1.79825,0.0170138712429991
1.798375,0.0120306237301633
1.7985,2.72603531521498e-14
1.798625,-0.0120306237301467
1.79875,-0.0170138712429991
1.798875,-0.0120306237301812
1.799,-2.16410133326708e-14
1.799125,0.0120306237301506
1.79925,0.0170138712429991
1.799375,0.0120306237301773
1.7995,1.60216735131918e-14
1.799625,-0.0120306237301546
1.79975,-0.0170138712429991
1.799875,-0.0120306237301733
1.8,-1.04023336937128e-14
1.800125,0.0120306237301367
1.80025,0.0170138712429991
1.800375,0.0120306237301693
1.8005,3.57310453785428e-14
1.800625,-0.0120306237301407
1.80075,-0.0170138712429991
1.800875,-0.0120306237301653
1.801,-3.01117055590638e-14
1.801125,0.0120306237301446
1.80125,0.0170138712429991
1.801375,0.0120306237301833
1.8015,-6.45568576472413e-15
1.801625,-0.0120306237301486
1.80175,-0.0170138712429991
1.801875,-0.0120306237301793
1.802,-1.88730259201059e-14
1.802125,0.0120306237301526
1.80225,0.0170138712429991
1.802375,0.0120306237301753
1.8025,1.32536861006269e-14
1.802625,-0.0120306237301347
1.80275,-0.0170138712429991
1.802875,-0.0120306237301713
1.803,-3.85823977854569e-14
1.803125,0.0120306237301605
1.80325,0.0170138712429991
1.803375,0.0120306237301674
1.8035,2.01500646166889e-15
1.803625,-0.0120306237301426
1.80375,-0.0170138712429991
1.803875,-0.0120306237301853
1.804,-2.73437181464989e-14
1.804125,0.0120306237301466
1.80425,0.0170138712429991
1.804375,0.0120306237301594
1.8045,2.17243783270199e-14
1.804625,-0.0120306237301506
1.80475,-0.0170138712429991
1.804875,-0.0120306237301773
1.805,-1.61050385075409e-14
1.805125,0.0120306237301546
1.80525,0.0170138712429991
1.805375,0.0120306237301734
1.8055,1.04856986880619e-14
1.805625,-0.0120306237301585
1.80575,-0.0170138712429991
1.805875,-0.0120306237301913
1.806,-4.86635886858293e-15
1.806125,0.0120306237301406
1.80625,0.0170138712429991
1.806375,0.0120306237301654
1.8065,3.01950705534129e-14
1.806625,-0.0120306237301446
1.80675,-0.0170138712429991
1.806875,-0.0120306237301833
1.807,-2.45757307339339e-14
1.807125,0.0120306237301486
1.80725,0.0170138712429991
1.807375,0.0120306237301793
1.8075,1.89563909144549e-14
1.807625,-0.0120306237301525
1.80775,-0.0170138712429991
1.807875,-0.0120306237301754
1.808,-1.3337051094976e-14
1.808125,0.0120306237301346
1.80825,0.0170138712429991
1.808375,0.0120306237301714
1.8085,7.71771127549696e-15
1.808625,-0.0120306237301386
1.80875,-0.0170138712429991
1.808875,-0.0120306237301674
1.809,-3.3046422960327e-14
1.809125,0.0120306237301426
1.80925,0.0170138712429991
1.809375,0.0120306237301853
1.8095,-3.52096836346101e-15
1.809625,-0.0120306237301465
1.80975,-0.0170138712429991
1.809875,-0.0120306237301814
1.81,-2.1807743321369e-14
1.810125,0.0120306237301505
1.81025,0.0170138712429991
1.810375,0.0120306237301774
1.8105,1.618840350189e-14
1.810625,-0.0120306237301326
1.81075,-0.0170138712429991
1.810875,-0.0120306237301734
1.811,-1.0569063682411e-14
1.811125,0.0120306237301585
1.81125,0.0170138712429991
1.811375,0.0120306237301694
1.8115,4.94972386293201e-15
1.811625,-0.0120306237301406
1.81175,-0.0170138712429991
1.811875,-0.0120306237301873
1.812,6.69615956546979e-16
1.812125,0.0120306237301445
1.81225,0.0170138712429991
1.812375,0.0120306237301615
1.8125,2.4659095728283e-14
1.812625,-0.0120306237301485
1.81275,-0.0170138712429991
1.812875,-0.0120306237301794
1.813,-1.9039755908804e-14
1.813125,0.0120306237301525
1.81325,0.0170138712429991
1.813375,0.0120306237301754
1.8135,4.4368467593634e-14
1.813625,-0.0120306237301564
1.81375,-0.0170138712429991
1.813875,-0.0120306237301715
1.814,-7.80107626984605e-15
1.814125,0.0120306237301385
1.81425,0.0170138712429991
1.814375,0.0120306237301675
1.8145,3.3129787954676e-14
1.814625,-0.0120306237301425
1.81475,-0.0170138712429991
1.814875,-0.0120306237301635
1.815,-2.7510448135197e-14
1.815125,0.0120306237301465
1.81525,0.0170138712429991
1.815375,0.0120306237301814
1.8155,2.18911083157181e-14
1.815625,-0.0120306237301505
1.81575,-0.0170138712429991
1.815875,-0.0120306237301774
1.816,-1.62717684962391e-14
1.816125,0.0120306237301544
1.81625,0.0170138712429991
1.816375,0.0120306237301735
1.8165,1.06524286767601e-14
1.816625,-0.0120306237301365
1.81675,-0.0170138712429991
1.816875,-0.0120306237301695
1.817,-3.59811403615901e-14
1.817125,0.0120306237301624
1.81725,0.0170138712429991
1.817375,0.0120306237301655
1.8175,3.03618005421111e-14
1.817625,-0.0120306237301445
1.81775,-0.0170138712429991
1.817875,-0.0120306237301834
1.818,-2.47424607226321e-14
1.818125,0.0120306237301484
1.81825,0.0170138712429991
1.818375,0.0120306237301576
1.8185,1.91231209031531e-14
1.818625,-0.0120306237301305
1.81875,-0.0170138712429991
1.818875,-0.0120306237301755
1.819,-1.35037810836741e-14
1.819125,0.0120306237301564
1.81925,0.0170138712429991
1.819375,0.0120306237301715
1.8195,3.88324927685041e-14
1.819625,-0.0120306237301385
1.81975,-0.0170138712429991
1.819875,-0.0120306237301894
1.82,-2.26510144471614e-15
1.820125,0.0120306237301425
1.82025,0.0170138712429991
1.820375,0.0120306237301636
1.8205,2.75938131295461e-14
1.820625,-0.0120306237301464
1.82075,-0.0170138712429991
1.820875,-0.0120306237301815
1.821,-2.19744733100671e-14
1.821125,0.0120306237301504
1.82125,0.0170138712429991
1.821375,0.0120306237301775
1.8215,1.63551334905882e-14
1.821625,-0.0120306237301544
1.82175,-0.0170138712429991
1.821875,-0.0120306237301735
1.822,-1.07357936711092e-14
1.822125,0.0120306237301365
1.82225,0.0170138712429991
1.822375,0.0120306237301696
1.8225,5.11645385163017e-15
1.822625,-0.0120306237301404
1.82275,-0.0170138712429991
1.822875,-0.0120306237301656
1.823,-3.04451655364602e-14
1.823125,0.0120306237301444
1.82325,0.0170138712429991
1.823375,0.0120306237301835
1.8235,2.48258257169812e-14
1.823625,-0.0120306237301484
1.82375,-0.0170138712429991
1.823875,-0.0120306237301795
1.824,-1.92064858975022e-14
1.824125,0.0120306237301524
1.82425,0.0170138712429991
1.824375,0.0120306237301755
1.8245,1.35871460780232e-14
1.824625,-0.0120306237301344
1.82475,-0.0170138712429991
1.824875,-0.0120306237301716
1.825,-3.89158577628532e-14
1.825125,0.0120306237301603
1.82525,0.0170138712429991
1.825375,0.0120306237301676
1.8255,3.32965179433742e-14
1.825625,-0.0120306237301424
1.82575,-0.0170138712429991
1.825875,-0.0120306237301855
1.826,-2.76771781238952e-14
1.826125,0.0120306237301464
1.82625,0.0170138712429991
1.826375,0.0120306237301597
1.8265,2.20578383044162e-14
1.826625,-0.0120306237301503
1.82675,-0.0170138712429991
1.826875,-0.0120306237301776
1.827,-1.64384984849372e-14
1.827125,0.0120306237301543
1.82725,0.0170138712429991
1.827375,0.0120306237301736
1.8275,4.17672101697672e-14
1.827625,-0.0120306237301583
1.82775,-0.0170138712429991
1.827875,-0.0120306237301696
1.828,-5.19981884597926e-15
1.828125,0.0120306237301404
1.82825,0.0170138712429991
1.828375,0.0120306237301656
1.8285,3.05285305308092e-14
1.828625,-0.0120306237301444
1.82875,-0.0170138712429991
1.828875,-0.0120306237301617
1.829,-2.49091907113303e-14
1.829125,0.0120306237301264
1.82925,0.0170138712429991
1.829375,0.0120306237301796
1.8295,1.92898508918513e-14
1.829625,-0.0120306237301523
1.82975,-0.0170138712429991
1.829875,-0.0120306237301756
1.83,-1.36705110723723e-14
1.830125,0.0120306237301563
1.83025,0.0170138712429991
1.830375,0.0120306237301716
1.8305,8.05117125289329e-15
1.830625,-0.0120306237301384
1.83075,-0.0170138712429991
1.830875,-0.0120306237301677
1.831,-3.33798829377233e-14
1.831125,0.0120306237301423
1.83125,0.0170138712429991
1.831375,0.0120306237301856
1.8315,2.77605431182443e-14
1.831625,-0.0120306237301463
1.83175,-0.0170138712429991
1.831875,-0.0120306237301816
1.832,-2.21412032987653e-14
1.832125,0.0120306237301503
1.83225,0.0170138712429991
1.832375,0.0120306237301776
1.8325,1.65218634792863e-14
1.832625,-0.0120306237301324
1.83275,-0.0170138712429991
1.832875,-0.0120306237301736
1.833,-1.09025236598073e-14
1.833125,0.0120306237301363
1.83325,0.0170138712429991
1.833375,0.0120306237301697
1.8335,3.62312353446373e-14
1.833625,-0.0120306237301403
1.83375,-0.0170138712429991
1.833875,-0.0120306237301876
1.834,3.36155979150651e-16
1.834125,0.0120306237301443
1.83425,0.0170138712429991
1.834375,0.0120306237301617
1.8345,2.49925557056793e-14
1.834625,-0.0120306237301483
1.83475,-0.0170138712429991
1.834875,-0.0120306237301796
1.835,-1.93732158862003e-14
1.835125,0.0120306237301304
1.83525,0.0170138712429991
1.835375,0.0120306237301757
1.8355,4.47019275710303e-14
1.835625,-0.0120306237301562
1.83575,-0.0170138712429991
1.835875,-0.0120306237301717
1.836,-8.13453624724237e-15
1.836125,0.0120306237301383
1.83625,0.0170138712429991
1.836375,0.0120306237301677
1.8365,2.51519642776338e-15
1.836625,-0.0120306237301423
1.83675,-0.0170138712429991
1.836875,-0.0120306237301637
1.837,-2.78439081125934e-14
1.837125,0.0120306237301463
1.83725,0.0170138712429991
1.837375,0.0120306237301817
1.8375,2.22245682931144e-14
1.837625,-0.0120306237301502
1.83775,-0.0170138712429991
1.837875,-0.0120306237301777
1.838,-1.66052284736354e-14
1.838125,0.0120306237301542
1.83825,0.0170138712429991
1.838375,0.0120306237301737
1.8385,1.09858886541564e-14
1.838625,-0.0120306237301363
1.83875,-0.0170138712429991
1.838875,-0.0120306237301697
1.839,-3.63146003389864e-14
1.839125,0.0120306237301403
1.83925,0.0170138712429991
1.839375,0.0120306237301658
1.8395,3.06952605195074e-14
1.839625,-0.0120306237301442
1.83975,-0.0170138712429991
1.839875,-0.0120306237301837
1.84,-2.50759207000284e-14
1.840125,0.0120306237301482
1.84025,0.0170138712429991
1.840375,0.0120306237301578
1.8405,1.94565808805494e-14
1.840625,-0.0120306237301522
1.84075,-0.0170138712429991
1.840875,-0.0120306237301757
1.841,-1.38372410610704e-14
1.841125,0.0120306237301343
1.84125,0.0170138712429991
1.841375,0.0120306237301718
1.8415,3.91659527459004e-14
1.841625,-0.0120306237301601
1.84175,-0.0170138712429991
1.841875,-0.0120306237301897
1.842,-2.59856142211247e-15
1.842125,0.0120306237301422
1.84225,0.0170138712429991
1.842375,0.0120306237301638
1.8425,2.79272731069425e-14
1.842625,-0.0120306237301462
1.84275,-0.0170138712429991
1.842875,-0.0120306237301598
1.843,-2.23079332874635e-14
1.843125,0.0120306237301283
1.84325,0.0170138712429991
1.843375,0.0120306237301777
1.8435,1.66885934679845e-14
1.843625,-0.0120306237301541
1.84375,-0.0170138712429991
1.843875,-0.0120306237301738
1.844,-1.10692536485055e-14
1.844125,0.0120306237301362
1.84425,0.0170138712429991
1.844375,0.0120306237301698
1.8445,5.4499138290265e-15
1.844625,-0.0120306237301402
1.84475,-0.0170138712429991
1.844875,-0.0120306237301658
1.845,-3.07786255138565e-14
1.845125,0.0120306237301442
1.84525,0.0170138712429991
1.845375,0.0120306237301837
1.8455,2.51592856943775e-14
1.845625,-0.0120306237301481
1.84575,-0.0170138712429991
1.845875,-0.0120306237301798
1.846,-1.95399458748985e-14
1.846125,0.0120306237301521
1.84625,0.0170138712429991
1.846375,0.0120306237301758
1.8465,1.39206060554195e-14
1.846625,-0.0120306237301342
1.84675,-0.0170138712429991
1.846875,-0.0120306237301718
1.847,-8.30126623594054e-15
1.847125,0.0120306237301382
1.84725,0.0170138712429991
1.847375,0.0120306237301678
1.8475,3.36299779207705e-14
1.847625,-0.0120306237301422
1.84775,-0.0170138712429991
1.847875,-0.0120306237301857
1.848,2.93741340301744e-15
1.848125,0.0120306237301461
1.84825,0.0170138712429991
1.848375,0.0120306237301599
1.8485,2.23912982818125e-14
1.848625,-0.0120306237301501
1.84875,-0.0170138712429991
1.848875,-0.0120306237301778
1.849,-1.67719584623336e-14
1.849125,0.0120306237301322
1.84925,0.0170138712429991
1.849375,0.0120306237301738
1.8495,4.21006701471636e-14
1.849625,-0.0120306237301581
1.84975,-0.0170138712429991
1.849875,-0.0120306237301699
1.85,-5.53327882337558e-15
1.850125,0.0120306237301401
1.85025,0.0170138712429991
1.850375,0.0120306237301659
1.8505,3.08619905082056e-14
1.850625,-0.0120306237301441
1.85075,-0.0170138712429991
1.850875,-0.0120306237301619
1.851,-2.52426506887266e-14
1.851125,0.0120306237301481
1.85125,0.0170138712429991
1.851375,0.0120306237301798
1.8515,1.96233108692476e-14
1.851625,-0.0120306237301521
1.85175,-0.0170138712429991
1.851875,-0.0120306237301758
1.852,-1.40039710497686e-14
1.852125,0.012030623730156
1.85225,0.0170138712429991
1.852375,0.0120306237301719
1.8525,8.38463123028962e-15
1.852625,-0.0120306237301381
1.85275,-0.0170138712429991
1.852875,-0.0120306237301679
1.853,-3.37133429151196e-14
1.853125,0.0120306237301421
1.85325,0.0170138712429991
1.853375,0.0120306237301639
1.8535,2.80940030956406e-14
1.853625,-0.0120306237301461
1.85375,-0.0170138712429991
1.853875,-0.0120306237301818
1.854,-2.24746632761616e-14
1.854125,0.01203062373015
1.85425,0.0170138712429991
1.854375,0.012030623730156
1.8545,1.68553234566826e-14
1.854625,-0.0120306237301321
1.85475,-0.0170138712429991
1.854875,-0.0120306237301739
1.855,-1.12359836372037e-14
1.855125,0.0120306237301361
1.85525,0.0170138712429991
1.855375,0.0120306237301699
1.8555,3.65646953220336e-14
1.855625,-0.012030623730162
1.85575,-0.0170138712429991
1.855875,-0.0120306237301878
1.856,2.69600175432293e-18
1.856125,0.0120306237301441
1.85625,0.0170138712429991
1.856375,0.012030623730162
1.8565,2.53260156830757e-14
1.856625,-0.012030623730148
1.85675,-0.0170138712429991
1.856875,-0.0120306237301799
1.857,-1.97066758635967e-14
1.857125,0.0120306237301301
1.85725,0.0170138712429991
1.857375,0.0120306237301759
1.8575,1.40873360441177e-14
1.857625,-0.012030623730156
1.85775,-0.0170138712429991
1.857875,-0.0120306237301719
1.858,-8.4679962246387e-15
1.858125,0.0120306237301381
1.85825,0.0170138712429991
1.858375,0.012030623730168
1.8585,2.84865640515971e-15
1.858625,-0.012030623730142
1.85875,-0.0170138712429991
1.858875,-0.012030623730164
1.859,-2.81773680899897e-14
1.859125,0.012030623730146
1.85925,0.0170138712429991
1.859375,0.0120306237301819
1.8595,2.25580282705107e-14
1.859625,-0.01203062373015
1.85975,-0.0170138712429991
1.859875,-0.0120306237301779
1.86,-1.69386884510317e-14
1.860125,0.012030623730154
1.86025,0.0170138712429991
1.860375,0.0120306237301739
1.8605,1.13193486315527e-14
1.860625,-0.0120306237301361
1.86075,-0.0170138712429991
1.860875,-0.01203062373017
1.861,-3.66480603163827e-14
1.861125,0.01203062373014
1.86125,0.0170138712429991
1.861375,0.012030623730166
1.8615,3.10287204969037e-14
1.861625,-0.012030623730144
1.86175,-0.0170138712429991
1.861875,-0.0120306237301839
1.862,5.53867082688423e-15
1.862125,0.012030623730148
1.86225,0.0170138712429991
1.862375,0.0120306237301799
1.8625,1.97900408579458e-14
1.862625,-0.0120306237301519
1.86275,-0.0170138712429991
1.862875,-0.012030623730176
1.863,-1.41707010384668e-14
1.863125,0.012030623730134
1.86325,0.0170138712429991
1.863375,0.012030623730172
1.8635,3.94994127232968e-14
1.863625,-0.0120306237301599
1.86375,-0.0170138712429991
1.863875,-0.012030623730168
1.864,-2.93202139950879e-15
1.864125,0.012030623730142
1.86425,0.0170138712429991
1.864375,0.0120306237301859
1.8645,2.82607330843388e-14
1.864625,-0.012030623730146
1.86475,-0.0170138712429991
1.864875,-0.0120306237301601
1.865,-2.26413932648598e-14
1.865125,0.0120306237301499
1.86525,0.0170138712429991
1.865375,0.012030623730178
1.8655,1.70220534453808e-14
1.865625,-0.0120306237301539
1.86575,-0.0170138712429991
1.865875,-0.012030623730174
1.866,-1.14027136259018e-14
1.866125,0.0120306237301579
1.86625,0.0170138712429991
1.866375,0.0120306237301919
1.8665,5.78337380642283e-15
1.866625,-0.01203062373014
1.86675,-0.0170138712429991
1.866875,-0.0120306237301661
1.867,-3.11120854912528e-14
1.867125,0.0120306237301439
1.86725,0.0170138712429991
1.867375,0.012030623730184
1.8675,2.54927456717738e-14
1.867625,-0.0120306237301479
1.86775,-0.0170138712429991
1.867875,-0.01203062373018
1.868,-1.98734058522948e-14
1.868125,0.0120306237301519
1.86825,0.0170138712429991
1.868375,0.012030623730176
1.8685,1.42540660328159e-14
1.868625,-0.012030623730134
1.86875,-0.0170138712429991
1.868875,-0.012030623730172
1.869,-8.63472621333687e-15
1.869125,0.0120306237301379
1.86925,0.0170138712429991
1.869375,0.0120306237301681
1.8695,3.39634378981668e-14
1.869625,-0.0120306237301419
1.86975,-0.0170138712429991
1.869875,-0.012030623730186
1.87,2.60395342562111e-15
1.870125,0.0120306237301459
1.87025,0.0170138712429991
1.870375,0.012030623730182
1.8705,2.27247582592089e-14
1.870625,-0.0120306237301499
1.87075,-0.0170138712429991
1.870875,-0.012030623730178
1.871,-1.71054184397299e-14
1.871125,0.012030623730132
1.87125,0.0170138712429991
1.871375,0.0120306237301741
1.8715,1.14860786202509e-14
1.871625,-0.0120306237301578
1.87175,-0.0170138712429991
1.871875,-0.0120306237301701
1.872,-5.86673880077191e-15
1.872125,0.0120306237301399
1.87225,0.0170138712429991
1.872375,0.012030623730188
1.8725,2.47398981292923e-16
1.872625,-0.0120306237301439
1.87275,-0.0170138712429991
1.872875,-0.0120306237301621
1.873,-2.55761106661229e-14
1.873125,0.0120306237301479
1.87325,0.0170138712429991
1.873375,0.0120306237301801
1.8735,1.99567708466439e-14
1.873625,-0.0120306237301518
1.87375,-0.0170138712429991
1.873875,-0.0120306237301761
1.874,-1.43374310271649e-14
1.874125,0.0120306237301558
1.87425,0.0170138712429991
1.874375,0.0120306237301721
1.8745,8.71809120768595e-15
1.874625,-0.0120306237301379
1.87475,-0.0170138712429991
1.874875,-0.0120306237301681
1.875,-3.40468028925159e-14
1.875125,0.0120306237301419
1.87525,0.0170138712429991
1.875375,0.0120306237301642
1.8755,2.84274630730369e-14
1.875625,-0.0120306237301458
1.87575,-0.0170138712429991
1.875875,-0.0120306237301821
1.876,-2.2808123253558e-14
1.876125,0.0120306237301498
1.87625,0.0170138712429991
1.876375,0.0120306237301781
1.8765,1.7188783434079e-14
1.876625,-0.0120306237301538
1.87675,-0.0170138712429991
1.876875,-0.0120306237301741
1.877,-1.15694436146e-14
1.877125,0.0120306237301359
1.87725,0.0170138712429991
1.877375,0.0120306237301701
1.8775,3.689815529943e-14
1.877625,-0.0120306237301617
1.87775,-0.0170138712429991
1.877875,-0.0120306237301662
1.878,-3.1278815479951e-14
1.878125,0.0120306237301438
1.87825,0.0170138712429991
1.878375,0.0120306237301841
1.8785,2.5659475660472e-14
1.878625,-0.0120306237301478
1.87875,-0.0170138712429991
1.878875,-0.0120306237301582
1.879,-2.0040135840993e-14
1.879125,0.0120306237301299
1.87925,0.0170138712429991
1.879375,0.0120306237301761
1.8795,1.4420796021514e-14
1.879625,-0.0120306237301557
1.87975,-0.0170138712429991
1.879875,-0.0120306237301722
1.88,-3.9749507706344e-14
1.880125,0.0120306237301378
1.88025,0.0170138712429991
1.880375,0.0120306237301901
1.8805,3.18211638255604e-15
1.880625,-0.0120306237301418
1.88075,-0.0170138712429991
1.880875,-0.0120306237301642
1.881,-2.8510828067386e-14
1.881125,0.0120306237301458
1.88125,0.0170138712429991
1.881375,0.0120306237301821
1.8815,2.2891488247907e-14
1.881625,-0.0120306237301498
1.88175,-0.0170138712429991
1.881875,-0.0120306237301782
1.882,-1.72721484284281e-14
1.882125,0.0120306237301537
1.88225,0.0170138712429991
1.882375,0.0120306237301742
1.8825,1.16528086089491e-14
1.882625,-0.0120306237301358
1.88275,-0.0170138712429991
1.882875,-0.0120306237301702
1.883,-6.03346878947008e-15
1.883125,0.0120306237301398
1.88325,0.0170138712429991
1.883375,0.0120306237301662
1.8835,3.13621804743001e-14
1.883625,-0.0120306237301438
1.88375,-0.0170138712429991
1.883875,-0.0120306237301841
1.884,-2.57428406548211e-14
1.884125,0.0120306237301477
1.88425,0.0170138712429991
1.884375,0.0120306237301802
1.8845,2.01235008353421e-14
1.884625,-0.0120306237301517
1.88475,-0.0170138712429991
1.884875,-0.0120306237301762
1.885,-1.45041610158631e-14
1.885125,0.0120306237301338
1.88525,0.0170138712429991
1.885375,0.0120306237301722
1.8855,3.98328727006931e-14
1.885625,-0.0120306237301597
1.88575,-0.0170138712429991
1.885875,-0.0120306237301682
1.886,-3.42135328812141e-14
1.886125,0.0120306237301417
1.88625,0.0170138712429991
1.886375,0.0120306237301862
1.8865,2.85941930617351e-14
1.886625,-0.0120306237301457
1.88675,-0.0170138712429991
1.886875,-0.0120306237301603
1.887,-2.29748532422561e-14
1.887125,0.0120306237301497
1.88725,0.0170138712429991
1.887375,0.0120306237301782
1.8875,1.73555134227771e-14
1.887625,-0.0120306237301537
1.88775,-0.0170138712429991
1.887875,-0.0120306237301742
1.888,-4.26842251076071e-14
1.888125,0.0120306237301576
1.88825,0.0170138712429991
1.888375,0.0120306237301703
1.8885,6.11683378381916e-15
1.888625,-0.0120306237301397
1.88875,-0.0170138712429991
1.888875,-0.0120306237301663
1.889,-3.14455454686491e-14
1.889125,0.0120306237301437
1.88925,0.0170138712429991
1.889375,0.0120306237301623
1.8895,2.58262056491702e-14
1.889625,-0.0120306237301477
1.88975,-0.0170138712429991
1.889875,-0.0120306237301802
1.89,-2.02068658296912e-14
1.890125,0.0120306237301516
1.89025,0.0170138712429991
1.890375,0.0120306237301763
1.8905,1.45875260102122e-14
1.890625,-0.0120306237301556
1.89075,-0.0170138712429991
1.890875,-0.0120306237301723
1.891,-8.96818619073319e-15
1.891125,0.0120306237301377
1.89125,0.0170138712429991
1.891375,0.0120306237301683
1.8915,3.42968978755632e-14
1.891625,-0.0120306237301417
1.89175,-0.0170138712429991
1.891875,-0.0120306237301862
1.892,-2.86775580560842e-14
1.892125,0.0120306237301457
1.89225,0.0170138712429991
1.892375,0.0120306237301822
1.8925,2.30582182366052e-14
1.892625,-0.0120306237301496
1.89275,-0.0170138712429991
1.892875,-0.0120306237301783
1.893,-1.74388784171262e-14
1.893125,0.0120306237301317
1.89325,0.0170138712429991
1.893375,0.0120306237301743
1.8935,1.18195385976472e-14
1.893625,-0.0120306237301357
1.89375,-0.0170138712429991
1.893875,-0.0120306237301703
1.894,-3.71482502824772e-14
1.894125,0.0120306237301397
1.89425,0.0170138712429991
1.894375,0.0120306237301882
1.8945,5.80858958689251e-16
1.894625,-0.0120306237301436
1.89475,-0.0170138712429991
1.894875,-0.0120306237301624
1.895,-2.59095706435192e-14
1.895125,0.0120306237301476
1.89525,0.0170138712429991
1.895375,0.0120306237301803
1.8955,2.02902308240402e-14
1.895625,-0.0120306237301297
1.89575,-0.0170138712429991
1.895875,-0.0120306237301763
1.896,-4.56189425088702e-14
1.896125,0.0120306237301556
1.89625,0.0170138712429991
1.896375,0.0120306237301723
1.8965,9.05155118508227e-15
1.896625,-0.0120306237301377
1.89675,-0.0170138712429991
1.896875,-0.0120306237301684
1.897,-3.43221136560329e-15
1.897125,0.0120306237301416
1.89725,0.0170138712429991
1.897375,0.0120306237301644
1.8975,2.87609230504333e-14
1.897625,-0.0120306237301456
1.89775,-0.0170138712429991
1.897875,-0.0120306237301823
1.898,-2.31415832309543e-14
1.898125,0.0120306237301496
1.89825,0.0170138712429991
1.898375,0.0120306237301783
1.8985,1.75222434114753e-14
1.898625,-0.0120306237301535
1.89875,-0.0170138712429991
1.898875,-0.0120306237301744
1.899,-1.19029035919963e-14
1.899125,0.0120306237301356
1.89925,0.0170138712429991
1.899375,0.0120306237301704
1.8995,3.72316152768263e-14
1.899625,-0.0120306237301396
1.89975,-0.0170138712429991
1.899875,-0.0120306237301664
1.9,-3.16122754573473e-14
1.900125,0.0120306237301436
1.90025,0.0170138712429991
1.900375,0.0120306237301843
1.9005,2.59929356378683e-14
1.900625,-0.0120306237301476
1.90075,-0.0170138712429991
1.900875,-0.0120306237301585
1.901,-2.03735958183893e-14
1.901125,0.0120306237301515
1.90125,0.0170138712429991
1.901375,0.0120306237301764
1.9015,1.47542559989103e-14
1.901625,-0.0120306237301336
1.90175,-0.0170138712429991
1.901875,-0.0120306237301724
1.902,-4.00829676837403e-14
1.902125,0.0120306237301595
1.90225,0.0170138712429991
1.902375,0.0120306237301903
1.9025,3.51557635995237e-15
1.902625,-0.0120306237301416
1.90275,-0.0170138712429991
1.902875,-0.0120306237301645
1.903,-2.88442880447824e-14
1.903125,0.0120306237301455
1.90325,0.0170138712429991
1.903375,0.0120306237301605
1.9035,2.32249482253034e-14
1.903625,-0.0120306237301276
1.90375,-0.0170138712429991
1.903875,-0.0120306237301784
1.904,-1.76056084058244e-14
1.904125,0.0120306237301535
1.90425,0.0170138712429991
1.904375,0.0120306237301744
1.9045,1.19862685863454e-14
1.904625,-0.0120306237301356
1.90475,-0.0170138712429991
1.904875,-0.0120306237301704
1.905,-6.3669287668664e-15
1.905125,0.0120306237301396
1.90525,0.0170138712429991
1.905375,0.0120306237301665
1.9055,3.16956404516964e-14
1.905625,-0.0120306237301435
1.90575,-0.0170138712429991
1.905875,-0.0120306237301844
1.906,-2.60763006322174e-14
1.906125,0.0120306237301475
1.90625,0.0170138712429991
1.906375,0.0120306237301804
1.9065,2.04569608127384e-14
1.906625,-0.0120306237301515
1.90675,-0.0170138712429991
1.906875,-0.0120306237301764
1.907,-1.48376209932594e-14
1.907125,0.0120306237301336
1.90725,0.0170138712429991
1.907375,0.0120306237301725
1.9075,9.21828117378044e-15
1.907625,-0.0120306237301375
1.90775,-0.0170138712429991
1.907875,-0.0120306237301685
1.908,-3.45469928586104e-14
1.908125,0.0120306237301415
1.90825,0.0170138712429991
1.908375,0.0120306237301864
1.9085,-2.02039846517754e-15
1.908625,-0.0120306237301455
1.90875,-0.0170138712429991
1.908875,-0.0120306237301605
1.909,-2.33083132196525e-14
1.909125,0.0120306237301495
1.90925,0.0170138712429991
1.909375,0.0120306237301784
1.9095,1.76889734001735e-14
1.909625,-0.0120306237301315
1.90975,-0.0170138712429991
1.909875,-0.0120306237301745
1.91,-4.30176850850035e-14
1.910125,0.0120306237301574
1.91025,0.0170138712429991
1.910375,0.0120306237301705
1.9105,6.45029376121548e-15
1.910625,-0.0120306237301395
1.91075,-0.0170138712429991
1.910875,-0.0120306237301665
1.911,-3.17790054460455e-14
1.911125,0.0120306237301435
1.91125,0.0170138712429991
1.911375,0.0120306237301626
1.9115,2.61596656265665e-14
1.911625,-0.0120306237301474
1.91175,-0.0170138712429991
1.911875,-0.0120306237301805
1.912,-2.05403258070875e-14
1.912125,0.0120306237301514
1.91225,0.0170138712429991
1.912375,0.0120306237301765
1.9125,1.49209859876085e-14
1.912625,-0.0120306237301554
1.91275,-0.0170138712429991
1.912875,-0.0120306237301725
1.913,-9.30164616812952e-15
1.913125,0.0120306237301375
1.91325,0.0170138712429991
1.913375,0.0120306237301685
1.9135,3.46303578529595e-14
1.913625,-0.0120306237301415
1.91375,-0.0170138712429991
1.913875,-0.0120306237301646
1.914,-2.90110180334805e-14
1.914125,0.0120306237301454
1.91425,0.0170138712429991
1.914375,0.0120306237301825
1.9145,2.33916782140015e-14
1.914625,-0.0120306237301494
1.91475,-0.0170138712429991
1.914875,-0.0120306237301566
1.915,-1.77723383945225e-14
1.915125,0.0120306237301315
1.91525,0.0170138712429991
1.915375,0.0120306237301745
1.9155,1.21529985750436e-14
1.915625,-0.0120306237301355
1.91575,-0.0170138712429991
1.915875,-0.0120306237301706
1.916,-3.74817102598735e-14
1.916125,0.0120306237301613
1.91625,0.0170138712429991
1.916375,0.0120306237301885
1.9165,9.14318936085579e-16
1.916625,-0.0120306237301434
1.91675,-0.0170138712429991
1.916875,-0.0120306237301626
1.917,-2.62430306209156e-14
1.917125,0.0120306237301474
1.91725,0.0170138712429991
1.917375,0.0120306237301805
1.9175,2.06236908014366e-14
1.917625,-0.0120306237301295
1.91775,-0.0170138712429991
1.917875,-0.0120306237301766
1.918,-1.50043509819576e-14
1.918125,0.0120306237301553
1.91825,0.0170138712429991
1.918375,0.0120306237301726
1.9185,9.3850111624786e-15
1.918625,-0.0120306237301374
1.91875,-0.0170138712429991
1.918875,-0.0120306237301686
1.919,-3.76567134299961e-15
1.919125,0.0120306237301414
1.91925,0.0170138712429991
1.919375,0.0120306237301646
1.9195,2.90943830278296e-14
1.919625,-0.0120306237301454
1.91975,-0.0170138712429991
1.919875,-0.0120306237301825
1.92,-2.34750432083506e-14
1.920125,0.0120306237301493
1.92025,0.0170138712429991
1.920375,0.0120306237301786
1.9205,1.78557033888716e-14
1.920625,-0.0120306237301533
1.92075,-0.0170138712429991
1.920875,-0.0120306237301746
1.921,-1.22363635693926e-14
1.921125,0.0120306237301354
1.92125,0.0170138712429991
1.921375,0.0120306237301706
1.9215,3.75650752542226e-14
1.921625,-0.0120306237301394
1.92175,-0.0170138712429991
1.921875,-0.0120306237301666
1.922,-3.19457354347436e-14
1.922125,0.0120306237301434
1.92225,0.0170138712429991
1.922375,0.0120306237301846
1.9225,-4.62165588904433e-15
1.922625,-0.0120306237301473
1.92275,-0.0170138712429991
1.922875,-0.0120306237301806
1.923,-2.07070557957857e-14
1.923125,0.0120306237301513
1.92325,0.0170138712429991
1.923375,0.0120306237301766
1.9235,1.50877159763067e-14
1.923625,-0.0120306237301334
1.92375,-0.0170138712429991
1.923875,-0.0120306237301726
1.924,-4.04164276611367e-14
1.924125,0.0120306237301592
1.92425,0.0170138712429991
1.924375,0.0120306237301687
1.9245,3.8490363373487e-15
1.924625,-0.0120306237301413
1.92475,-0.0170138712429991
1.924875,-0.0120306237301866
1.925,-2.91777480221787e-14
1.925125,0.0120306237301453
1.92525,0.0170138712429991
1.925375,0.0120306237301607
1.9255,2.35584082026997e-14
1.925625,-0.0120306237301493
1.92575,-0.0170138712429991
1.925875,-0.0120306237301786
1.926,-1.79390683832207e-14
1.926125,0.0120306237301533
1.92625,0.0170138712429991
1.926375,0.0120306237301747
1.9265,1.23197285637417e-14
1.926625,-0.0120306237301572
1.92675,-0.0170138712429991
1.926875,-0.0120306237301926
1.927,-6.70038874426273e-15
1.927125,0.0120306237301393
1.92725,0.0170138712429991
1.927375,0.0120306237301667
1.9275,3.20291004290927e-14
1.927625,-0.0120306237301433
1.92775,-0.0170138712429991
1.927875,-0.0120306237301846
1.928,-2.64097606096137e-14
1.928125,0.0120306237301473
1.92825,0.0170138712429991
1.928375,0.0120306237301806
1.9285,2.07904207901347e-14
1.928625,-0.0120306237301512
1.92875,-0.0170138712429991
1.928875,-0.0120306237301767
1.929,-1.51710809706558e-14
1.929125,0.0120306237301333
1.92925,0.0170138712429991
1.929375,0.0120306237301727
1.9295,9.55174115117677e-15
1.929625,-0.0120306237301373
1.92975,-0.0170138712429991
1.929875,-0.0120306237301687
1.93,-3.48804528360068e-14
1.930125,0.0120306237301413
1.93025,0.0170138712429991
1.930375,0.0120306237301866
1.9305,-1.68693848778121e-15
1.930625,-0.0120306237301452
1.93075,-0.0170138712429991
1.930875,-0.0120306237301827
1.931,-2.36417731970488e-14
1.931125,0.0120306237301492
1.93125,0.0170138712429991
1.931375,0.0120306237301787
1.9315,1.80224333775698e-14
1.931625,-0.0120306237301313
1.93175,-0.0170138712429991
1.931875,-0.0120306237301747
1.932,-1.24030935580908e-14
1.932125,0.0120306237301572
1.93225,0.0170138712429991
1.932375,0.0120306237301707
1.9325,6.78375373861181e-15
1.932625,-0.0120306237301393
1.93275,-0.0170138712429991
1.932875,-0.0120306237301886
1.933,-1.16441391913282e-15
1.933125,0.0120306237301432
1.93325,0.0170138712429991
1.933375,0.0120306237301628
1.9335,2.64931256039628e-14
1.933625,-0.0120306237301472
1.93375,-0.0170138712429991
1.933875,-0.0120306237301807
1.934,-2.08737857844838e-14
1.934125,0.0120306237301512
1.93425,0.0170138712429991
1.934375,0.0120306237301767
1.9345,1.52544459650048e-14
1.934625,-0.0120306237301552
1.93475,-0.0170138712429991
1.934875,-0.0120306237301728
1.935,-9.63510614552585e-15
1.935125,0.0120306237301372
1.93525,0.0170138712429991
1.935375,0.0120306237301688
1.9355,3.49638178303558e-14
1.935625,-0.0120306237301412
1.93575,-0.0170138712429991
1.935875,-0.0120306237301648
1.936,-2.93444780108768e-14
1.936125,0.0120306237301452
1.93625,0.0170138712429991
1.936375,0.0120306237301827
1.9365,2.37251381913979e-14
1.936625,-0.0120306237301492
1.93675,-0.0170138712429991
1.936875,-0.0120306237301787
1.937,-1.81057983719189e-14
1.937125,0.0120306237301531
1.93725,0.0170138712429991
1.937375,0.0120306237301748
1.9375,1.24864585524399e-14
1.937625,-0.0120306237301352
1.93775,-0.0170138712429991
1.937875,-0.0120306237301708
1.938,-3.78151702372699e-14
1.938125,0.0120306237301611
1.93825,0.0170138712429991
1.938375,0.0120306237301668
1.9385,3.21958304177909e-14
1.938625,-0.0120306237301432
1.93875,-0.0170138712429991
1.938875,-0.0120306237301847
1.939,-2.65764905983119e-14
1.939125,0.0120306237301471
1.93925,0.0170138712429991
1.939375,0.0120306237301589
1.9395,2.09571507788329e-14
1.939625,-0.0120306237301292
1.93975,-0.0170138712429991
1.939875,-0.0120306237301768
1.94,-1.53378109593539e-14
1.940125,0.0120306237301551
1.94025,0.0170138712429991
1.940375,0.0120306237301728
1.9405,4.06665226441839e-14
1.940625,-0.0120306237301372
1.94075,-0.0170138712429991
1.940875,-0.0120306237301907
1.941,-4.09913132039594e-15
1.941125,0.0120306237301412
1.94125,0.0170138712429991
1.941375,0.0120306237301649
1.9415,2.94278430052259e-14
1.941625,-0.0120306237301451
1.94175,-0.0170138712429991
1.941875,-0.0120306237301828
1.942,-2.38085031857469e-14
1.942125,0.0120306237301491
1.94225,0.0170138712429991
1.942375,0.0120306237301788
1.9425,1.8189163366268e-14
1.942625,-0.0120306237301531
1.94275,-0.0170138712429991
1.942875,-0.0120306237301748
1.943,-1.2569823546789e-14
1.943125,0.0120306237301352
1.94325,0.0170138712429991
1.943375,0.0120306237301709
1.9435,6.95048372730998e-15
1.943625,-0.0120306237301391
1.94375,-0.0170138712429991
1.943875,-0.0120306237301669
1.944,-3.227919541214e-14
1.944125,0.0120306237301431
1.94425,0.0170138712429991
1.944375,0.0120306237301848
1.9445,2.6659855592661e-14
1.944625,-0.0120306237301471
1.94475,-0.0170138712429991
1.944875,-0.0120306237301808
1.945,-2.1040515773182e-14
1.945125,0.0120306237301511
1.94525,0.0170138712429991
1.945375,0.0120306237301768
1.9455,1.5421175953703e-14
1.945625,-0.0120306237301332
1.94575,-0.0170138712429991
1.945875,-0.0120306237301729
1.946,-4.0749887638533e-14
1.946125,0.012030623730159
1.94625,0.0170138712429991
1.946375,0.0120306237301689
1.9465,3.5130547819054e-14
1.946625,-0.0120306237301411
1.94675,-0.0170138712429991
1.946875,-0.0120306237301868
1.947,-2.9511207999575e-14
1.947125,0.0120306237301451
1.94725,0.0170138712429991
1.947375,0.0120306237301609
1.9475,2.3891868180096e-14
1.947625,-0.012030623730149
1.94775,-0.0170138712429991
1.947875,-0.0120306237301789
1.948,-1.8272528360617e-14
1.948125,0.012030623730153
1.94825,0.0170138712429991
1.948375,0.0120306237301749
1.9485,4.3601240045447e-14
1.948625,-0.012030623730157
1.94875,-0.0170138712429991
1.948875,-0.0120306237301709
1.949,-7.03384872165906e-15
1.949125,0.0120306237301391
1.94925,0.0170138712429991
1.949375,0.0120306237301669
1.9495,3.2362560406489e-14
1.949625,-0.0120306237301431
1.94975,-0.0170138712429991
1.949875,-0.012030623730163
1.95,-2.67432205870101e-14
1.950125,0.012030623730147
1.95025,0.0170138712429991
1.950375,0.0120306237301809
1.9505,2.11238807675311e-14
1.950625,-0.012030623730151
1.95075,-0.0170138712429991
1.950875,-0.0120306237301769
1.951,-1.55045409480521e-14
1.951125,0.012030623730155
1.95125,0.0170138712429991
1.951375,0.0120306237301729
1.9515,9.88520112857309e-15
1.951625,-0.0120306237301371
1.95175,-0.0170138712429991
1.951875,-0.012030623730169
1.952,-3.52139128134031e-14
1.952125,0.0120306237301629
1.95225,0.0170138712429991
1.952375,0.0120306237301869
1.9525,2.95945729939241e-14
1.952625,-0.012030623730145
1.95275,-0.0170138712429991
1.952875,-0.0120306237301829
1.953,-2.39752331744451e-14
1.953125,0.012030623730149
1.95325,0.0170138712429991
1.953375,0.0120306237301789
1.9535,1.83558933549661e-14
1.953625,-0.0120306237301311
1.95375,-0.0170138712429991
1.953875,-0.0120306237301749
1.954,-1.27365535354871e-14
1.954125,0.0120306237301351
1.95425,0.0170138712429991
1.954375,0.012030623730171
1.9545,3.80652652203171e-14
1.954625,-0.012030623730139
1.95475,-0.0170138712429991
1.954875,-0.0120306237301889
1.955,-1.49787389652915e-15
1.955125,0.012030623730143
1.95525,0.0170138712429991
1.955375,0.012030623730163
1.9555,2.68265855813591e-14
1.955625,-0.012030623730147
1.95575,-0.0170138712429991
1.955875,-0.0120306237301809
1.956,-2.12072457618802e-14
1.956125,0.0120306237301291
1.95625,0.0170138712429991
1.956375,0.012030623730177
1.9565,4.65359574467101e-14
1.956625,-0.0120306237301549
1.95675,-0.0170138712429991
1.956875,-0.012030623730173
1.957,-9.96856612292218e-15
1.957125,0.012030623730137
1.95725,0.0170138712429991
1.957375,0.012030623730169
1.9575,4.34922630344319e-15
1.957625,-0.012030623730141
1.95775,-0.0170138712429991
1.957875,-0.012030623730165
1.958,-2.96779379882732e-14
1.958125,0.012030623730145
1.95825,0.0170138712429991
1.958375,0.012030623730183
1.9585,2.40585981687942e-14
1.958625,-0.0120306237301489
1.95875,-0.0170138712429991
1.958875,-0.012030623730179
1.959,-1.84392583493152e-14
1.959125,0.0120306237301529
1.95925,0.0170138712429991
1.959375,0.012030623730175
1.9595,1.28199185298362e-14
1.959625,-0.012030623730135
1.95975,-0.0170138712429991
1.959875,-0.012030623730171
1.96,-3.81486302146662e-14
1.960125,0.012030623730139
1.96025,0.0170138712429991
1.960375,0.0120306237301671
1.9605,3.25292903951872e-14
1.960625,-0.0120306237301429
1.96075,-0.0170138712429991
1.960875,-0.012030623730185
1.961,-2.69099505757082e-14
1.961125,0.0120306237301469
1.96125,0.0170138712429991
1.961375,0.0120306237301591
1.9615,2.12906107562292e-14
1.961625,-0.0120306237301509
1.96175,-0.0170138712429991
1.961875,-0.012030623730177
1.962,-1.56712709367502e-14
1.962125,0.012030623730133
1.96225,0.0170138712429991
1.962375,0.012030623730173
1.9625,4.09999826215802e-14
1.962625,-0.0120306237301588
1.96275,-0.0170138712429991
1.962875,-0.012030623730191
1.963,-4.43259129779227e-15
1.963125,0.0120306237301409
1.96325,0.0170138712429991
1.963375,0.0120306237301651
1.9635,2.97613029826223e-14
1.963625,-0.0120306237301449
1.96375,-0.0170138712429991
1.963875,-0.0120306237301611
1.964,-2.41419631631433e-14
1.964125,0.012030623730127
1.96425,0.0170138712429991
1.964375,0.012030623730179
1.9645,1.85226233436643e-14
1.964625,-0.0120306237301528
1.96475,-0.0170138712429991
1.964875,-0.0120306237301751
1.965,-1.29032835241853e-14
1.965125,0.0120306237301349
1.96525,0.0170138712429991
1.965375,0.0120306237301711
1.9655,7.2839437047063e-15
1.965625,-0.0120306237301389
1.96575,-0.0170138712429991
1.965875,-0.0120306237301671
1.966,-3.26126553895363e-14
1.966125,0.0120306237301429
1.96625,0.0170138712429991
1.966375,0.012030623730185
1.9665,2.69933155700573e-14
1.966625,-0.0120306237301469
1.96675,-0.0170138712429991
1.966875,-0.0120306237301811
1.967,-2.13739757505783e-14
1.967125,0.0120306237301508
1.96725,0.0170138712429991
1.967375,0.0120306237301771
1.9675,1.57546359310993e-14
1.967625,-0.0120306237301329
1.96775,-0.0170138712429991
1.967875,-0.0120306237301731
1.968,-1.01352961116203e-14
1.968125,0.0120306237301369
1.96825,0.0170138712429991
1.968375,0.0120306237301691
1.9685,3.54640077964503e-14
1.968625,-0.0120306237301409
1.96875,-0.0170138712429991
1.968875,-0.012030623730187
1.969,1.10338352733764e-15
1.969125,0.0120306237301448
1.96925,0.0170138712429991
1.969375,0.0120306237301612
1.9695,2.42253281574924e-14
1.969625,-0.0120306237301488
1.96975,-0.0170138712429991
1.969875,-0.0120306237301791
1.97,-1.86059883380134e-14
1.970125,0.0120306237301309
1.97025,0.0170138712429991
1.970375,0.0120306237301751
1.9705,4.39347000228433e-14
1.970625,-0.0120306237301568
1.97075,-0.0170138712429991
1.970875,-0.0120306237301711
1.971,-7.36730869905539e-15
1.971125,0.0120306237301388
1.97125,0.0170138712429991
1.971375,0.0120306237301672
1.9715,3.26960203838854e-14
1.971625,-0.0120306237301428
1.97175,-0.0170138712429991
1.971875,-0.0120306237301632
1.972,-2.70766805644064e-14
1.972125,0.0120306237301468
1.97225,0.0170138712429991
1.972375,0.0120306237301811
1.9725,2.14573407449274e-14
1.972625,-0.0120306237301508
1.97275,-0.0170138712429991
1.972875,-0.0120306237301771
1.973,-1.58380009254484e-14
1.973125,0.0120306237301547
1.97325,0.0170138712429991
1.973375,0.0120306237301732
1.9735,1.02186611059694e-14
1.973625,-0.0120306237301368
1.97375,-0.0170138712429991
1.973875,-0.0120306237301692
1.974,-3.55473727907994e-14
1.974125,0.0120306237301408
1.97425,0.0170138712429991
1.974375,0.0120306237301652
1.9745,2.99280329713204e-14
1.974625,-0.0120306237301448
1.97475,-0.0170138712429991
1.974875,-0.0120306237301831
1.975,-2.43086931518414e-14
1.975125,0.0120306237301488
1.97525,0.0170138712429991
1.975375,0.0120306237301573
1.9755,1.86893533323624e-14
1.975625,-0.0120306237301308
1.97575,-0.0170138712429991
1.975875,-0.0120306237301752
1.976,-1.30700135128835e-14
1.976125,0.0120306237301348
1.97625,0.0170138712429991
1.976375,0.0120306237301712
1.9765,3.83987251977134e-14
1.976625,-0.0120306237301607
1.97675,-0.0170138712429991
1.976875,-0.0120306237301891
1.977,-1.83133387392548e-15
1.977125,0.0120306237301428
1.97725,0.0170138712429991
1.977375,0.0120306237301633
1.9775,2.71600455587555e-14
1.977625,-0.0120306237301467
1.97775,-0.0170138712429991
1.977875,-0.0120306237301812
1.978,-2.15407057392765e-14
1.978125,0.0120306237301288
1.97825,0.0170138712429991
1.978375,0.0120306237301772
1.9785,1.59213659197975e-14
1.978625,-0.0120306237301547
1.97875,-0.0170138712429991
1.978875,-0.0120306237301732
1.979,-1.03020261003185e-14
1.979125,0.0120306237301368
1.97925,0.0170138712429991
1.979375,0.0120306237301693
1.9795,4.68268628083952e-15
1.979625,-0.0120306237301407
1.97975,-0.0170138712429991
1.979875,-0.0120306237301653
1.98,-3.00113979656695e-14
1.980125,0.0120306237301447
1.98025,0.0170138712429991
1.980375,0.0120306237301832
1.9805,2.43920581461905e-14
1.980625,-0.0120306237301487
1.98075,-0.0170138712429991
1.980875,-0.0120306237301792
1.981,-1.87727183267115e-14
1.981125,0.0120306237301527
1.98125,0.0170138712429991
1.981375,0.0120306237301752
1.9815,1.31533785072325e-14
1.981625,-0.0120306237301348
1.98175,-0.0170138712429991
1.981875,-0.0120306237301713
1.982,-3.84820901920625e-14
1.982125,0.0120306237301387
1.98225,0.0170138712429991
1.982375,0.0120306237301673
1.9825,3.28627503725835e-14
1.982625,-0.0120306237301427
1.98275,-0.0170138712429991
1.982875,-0.0120306237301852
1.983,3.70464095120443e-15
1.983125,0.0120306237301467
1.98325,0.0170138712429991
1.983375,0.0120306237301593
1.9835,2.16240707336256e-14
1.983625,-0.0120306237301506
1.98375,-0.0170138712429991
1.983875,-0.0120306237301773
1.984,-1.60047309141466e-14
1.984125,0.0120306237301327
1.98425,0.0170138712429991
1.984375,0.0120306237301733
1.9845,4.13334425989766e-14
1.984625,-0.0120306237301586
1.98475,-0.0170138712429991
1.984875,-0.0120306237301693
1.985,-4.7660512751886e-15
1.985125,0.0120306237301407
1.98525,0.0170138712429991
1.985375,0.0120306237301872
1.9855,3.00947629600186e-14
1.985625,-0.0120306237301447
1.98575,-0.0170138712429991
1.985875,-0.0120306237301614
1.986,-2.44754231405396e-14
1.986125,0.0120306237301486
1.98625,0.0170138712429991
1.986375,0.0120306237301793
1.9865,1.88560833210606e-14
1.986625,-0.0120306237301526
1.98675,-0.0170138712429991
1.986875,-0.0120306237301753
1.987,-1.32367435015816e-14
1.987125,0.0120306237301566
1.98725,0.0170138712429991
1.987375,0.0120306237301932
1.9875,7.61740368210263e-15
1.987625,-0.0120306237301387
1.98775,-0.0170138712429991
1.987875,-0.0120306237301674
1.988,-3.29461153669326e-14
1.988125,0.0120306237301426
1.98825,0.0170138712429991
1.988375,0.0120306237301853
1.9885,2.73267755474536e-14
1.988625,-0.0120306237301466
1.98875,-0.0170138712429991
1.988875,-0.0120306237301813
1.989,-2.17074357279746e-14
1.989125,0.0120306237301506
1.98925,0.0170138712429991
1.989375,0.0120306237301773
1.9895,1.60880959084957e-14
1.989625,-0.0120306237301327
1.98975,-0.0170138712429991
1.989875,-0.0120306237301733
1.99,-1.04687560890167e-14
1.990125,0.0120306237301367
1.99025,0.0170138712429991
1.990375,0.0120306237301694
1.9905,3.57974677738467e-14
1.990625,-0.0120306237301406
1.99075,-0.0170138712429991
1.990875,-0.0120306237301873
1.991,7.69923549941309e-16
1.991125,0.0120306237301446
1.99125,0.0170138712429991
1.991375,0.0120306237301833
1.9915,2.45587881348887e-14
1.991625,-0.0120306237301486
1.99175,-0.0170138712429991
1.991875,-0.0120306237301793
1.992,-1.89394483154097e-14
1.992125,0.0120306237301307
1.99225,0.0170138712429991
1.992375,0.0120306237301754
1.9925,1.33201084959307e-14
1.992625,-0.0120306237301565
1.99275,-0.0170138712429991
1.992875,-0.0120306237301714
1.993,-7.70076867645171e-15
1.993125,0.0120306237301386
1.99325,0.0170138712429991
1.993375,0.0120306237301893
1.9935,2.08142885697273e-15
1.993625,-0.0120306237301426
1.99375,-0.0170138712429991
1.993875,-0.0120306237301634
1.994,-2.74101405418027e-14
1.994125,0.0120306237301466
1.99425,0.0170138712429991
1.994375,0.0120306237301813
1.9945,2.17908007223237e-14
1.994625,-0.0120306237301505
1.99475,-0.0170138712429991
1.994875,-0.0120306237301774
1.995,-1.61714609028447e-14
1.995125,0.0120306237301545
1.99525,0.0170138712429991
1.995375,0.0120306237301734
1.9955,1.05521210833657e-14
1.995625,-0.0120306237301366
1.99575,-0.0170138712429991
1.995875,-0.0120306237301694
1.996,-3.58808327681957e-14
1.996125,0.0120306237301406
1.99625,0.0170138712429991
1.996375,0.0120306237301655
1.9965,3.02614929487168e-14
1.996625,-0.0120306237301445
1.99675,-0.0170138712429991
1.996875,-0.0120306237301834
1.997,-2.46421531292378e-14
1.997125,0.0120306237301485
1.99725,0.0170138712429991
1.997375,0.0120306237301794
1.9975,1.90228133097588e-14
1.997625,-0.0120306237301525
1.99775,-0.0170138712429991
1.997875,-0.0120306237301754
1.998,-1.34034734902798e-14
1.998125,0.0120306237301346
1.99825,0.0170138712429991
1.998375,0.0120306237301714
1.9985,3.87321851751098e-14
1.998625,-0.0120306237301604
1.99875,-0.0170138712429991
1.998875,-0.0120306237301675
1.999,-2.16479385132181e-15
1.999125,0.0120306237301425
1.99925,0.0170138712429991
1.999375,0.0120306237301854
1.9995,2.74935055361518e-14
1.999625,-0.0120306237301465
1.99975,-0.0170138712429991
1.999875,-0.0120306237301595
2,-2.18741657166728e-14
2.000125,0.0120306237301505
2.00025,0.0170138712429991
2.000375,0.0120306237301774
2.0005,1.62548258971938e-14
2.000625,-0.0120306237301326
2.00075,-0.0170138712429991
2.000875,-0.0120306237301516
2.001,-4.15835375820238e-14
2.001125,0.0120306237301365
2.00125,0.0170138712429991
2.001375,0.0120306237301914
2.0015,5.01614625823584e-15
2.001625,-0.0120306237301624
2.00175,-0.0170138712429991
2.001875,-0.0120306237301655
2.002,-3.03448579430658e-14
2.002125,0.0120306237301445
2.00225,0.0170138712429991
2.002375,0.0120306237301834
2.0025,2.47255181235868e-14
2.002625,-0.0120306237301485
2.00275,-0.0170138712429991
2.002875,-0.0120306237301794
2.003,-1.91061783041079e-14
2.003125,0.0120306237301305
2.00325,0.0170138712429991
2.003375,0.0120306237301755
2.0035,4.44348899889378e-14
2.003625,-0.0120306237301345
2.00375,-0.0170138712429991
2.003875,-0.0120306237301934
2.004,-7.86749866514988e-15
2.004125,0.0120306237301604
2.00425,0.0170138712429991
2.004375,0.0120306237301675
2.0045,2.24815884567089e-15
2.004625,-0.0120306237301425
2.00475,-0.0170138712429991
2.004875,-0.0120306237301636
2.005,-2.75768705305009e-14
2.005125,0.0120306237301464
2.00525,0.0170138712429991
2.005375,0.0120306237301815
2.0055,2.19575307110219e-14
2.005625,-0.0120306237301504
2.00575,-0.0170138712429991
2.005875,-0.0120306237301775
2.006,-4.72862423958519e-14
2.006125,0.0120306237301325
2.00625,0.0170138712429991
2.006375,0.0120306237301954
2.0065,4.16669025763729e-14
2.006625,-0.0120306237301584
2.00675,-0.0170138712429991
2.006875,-0.0120306237301695
2.007,-5.09951125258492e-15
2.007125,0.0120306237301405
2.00725,0.0170138712429991
2.007375,0.0120306237301656
2.0075,3.04282229374149e-14
2.007625,-0.0120306237301444
2.00775,-0.0170138712429991
2.007875,-0.0120306237301835
2.008,-2.48088831179359e-14
2.008125,0.0120306237301484
2.00825,0.0170138712429991
2.008375,0.0120306237301795
2.0085,-1.1758508205852e-14
2.008625,-0.0120306237301305
2.00875,-0.0170138712429991
2.008875,-0.0120306237301537
2.009,-4.45182549832869e-14
2.009125,0.0120306237301563
2.00925,0.0170138712429991
2.009375,0.0120306237301716
2.0095,7.95086365949896e-15
2.009625,-0.0120306237301603
2.00975,-0.0170138712429991
2.009875,-0.0120306237301676
2.01,-3.32795753443289e-14
2.010125,0.0120306237301424
2.01025,0.0170138712429991
2.010375,0.0120306237301855
2.0105,2.766023552485e-14
2.010625,-0.0120306237301464
2.01075,-0.0170138712429991
2.010875,-0.0120306237301815
2.011,-2.2040895705371e-14
2.011125,0.0120306237301285
2.01125,0.0170138712429991
2.011375,0.0120306237301557
2.0115,4.7369607390201e-14
2.011625,-0.0120306237301543
2.01175,-0.0170138712429991
2.011875,-0.0120306237301955
2.012,-1.0802216066413e-14
2.012125,0.0120306237301583
2.01225,0.0170138712429991
2.012375,0.0120306237301696
2.0125,5.18287624693401e-15
2.012625,-0.0120306237301404
2.01275,-0.0170138712429991
2.012875,-0.0120306237301656
2.013,-3.0511587931764e-14
2.013125,0.0120306237301444
2.01325,0.0170138712429991
2.013375,0.0120306237301835
2.0135,2.4892248112285e-14
2.013625,-0.0120306237301702
2.01375,-0.0170138712429991
2.013875,-0.0120306237301796
2.014,-5.0220959797115e-14
2.014125,0.0120306237301304
2.01425,0.0170138712429991
2.014375,0.0120306237301975
2.0145,1.3653568473327e-14
2.014625,-0.0120306237301563
2.01475,-0.0170138712429991
2.014875,-0.0120306237301716
2.015,-8.03422865384804e-15
2.015125,0.0120306237301384
2.01525,0.0170138712429991
2.015375,0.0120306237301676
2.0155,3.3362940338678e-14
2.015625,-0.0120306237301423
2.01575,-0.0170138712429991
2.015875,-0.0120306237301856
2.016,-2.7743600519199e-14
2.016125,0.0120306237301463
2.01625,0.0170138712429991
2.016375,0.0120306237301816
2.0165,-8.82379080458892e-15
2.016625,-0.0120306237301284
2.01675,-0.0170138712429991
2.016875,-0.0120306237301557
2.017,-4.745297238455e-14
2.017125,0.0120306237301543
2.01725,0.0170138712429991
2.017375,0.0120306237301736
2.0175,1.08855810607621e-14
2.017625,-0.0120306237301364
2.01775,-0.0170138712429991
2.017875,-0.0120306237301697
2.018,-3.62142927455921e-14
2.018125,0.0120306237301403
2.01825,0.0170138712429991
2.018375,0.0120306237301876
2.0185,3.05949529261131e-14
2.018625,-0.0120306237301443
2.01875,-0.0170138712429991
2.018875,-0.0120306237301836
2.019,5.97243839767489e-15
2.019125,0.0120306237301264
2.01925,0.0170138712429991
2.019375,0.0120306237301577
2.0195,5.03043247914641e-14
2.019625,-0.0120306237301523
2.01975,-0.0170138712429991
2.019875,-0.0120306237301757
2.02,-1.37369334676761e-14
2.020125,0.0120306237301562
2.02025,0.0170138712429991
2.020375,0.0120306237301717
2.0205,8.11759364819713e-15
2.020625,-0.0120306237301383
2.02075,-0.0170138712429991
2.020875,-0.0120306237301677
2.021,-3.34463053330271e-14
2.021125,0.0120306237301423
2.02125,0.0170138712429991
2.021375,0.0120306237301856
2.0215,2.78269655135481e-14
2.021625,-0.0120306237301244
2.02175,-0.0170138712429991
2.021875,-0.0120306237301598
2.022,-5.31556771983781e-14
2.022125,0.0120306237301502
2.02225,0.0170138712429991
2.022375,0.0120306237301996
2.0225,1.65882858745901e-14
2.022625,-0.0120306237301542
2.02275,-0.0170138712429991
2.022875,-0.0120306237301737
2.023,-1.09689460551112e-14
2.023125,0.0120306237301363
2.02325,0.0170138712429991
2.023375,0.0120306237301697
2.0235,3.62976577399411e-14
2.023625,-0.0120306237301403
2.02375,-0.0170138712429991
2.023875,-0.0120306237301876
2.024,-3.06783179204622e-14
2.024125,0.0120306237301661
2.02425,0.0170138712429991
2.024375,0.0120306237301618
2.0245,-5.88907340332581e-15
2.024625,-0.0120306237301263
2.02475,-0.0170138712429991
2.024875,-0.0120306237301578
2.025,-1.94396382815042e-14
2.025125,0.0120306237301522
2.02525,0.0170138712429991
2.025375,0.0120306237301757
2.0255,1.38202984620252e-14
2.025625,-0.0120306237301343
2.02575,-0.0170138712429991
2.025875,-0.0120306237301717
2.026,-3.91490101468552e-14
2.026125,0.0120306237301383
2.02625,0.0170138712429991
2.026375,0.0120306237301896
2.0265,3.35296703273762e-14
2.026625,-0.0120306237301422
2.02675,-0.0170138712429991
2.026875,-0.0120306237301857
2.027,3.03772099641177e-15
2.027125,0.0120306237301243
2.02725,0.0170138712429991
2.027375,0.0120306237301598
2.0275,2.22909906884182e-14
2.027625,-0.0120306237301502
2.02775,-0.0170138712429991
2.027875,-0.0120306237301777
2.028,-1.66716508689392e-14
2.028125,0.0120306237301542
2.02825,0.0170138712429991
2.028375,0.0120306237301738
2.0285,1.10523110494602e-14
2.028625,-0.0120306237301362
2.02875,-0.0170138712429991
2.028875,-0.0120306237301698
2.029,-3.63810227342902e-14
2.029125,0.0120306237301402
2.02925,0.0170138712429991
2.029375,0.0120306237301877
2.0295,-1.86368589497736e-16
2.029625,-0.0120306237301223
2.02975,-0.0170138712429991
2.029875,-0.0120306237301618
2.03,-5.60903945996412e-14
2.030125,0.0120306237301482
2.03025,0.0170138712429991
2.030375,0.0120306237301797
2.0305,1.95230032758533e-14
2.030625,-0.0120306237301521
2.03075,-0.0170138712429991
2.030875,-0.0120306237301758
2.031,-1.39036634563743e-14
2.031125,0.0120306237301342
2.03125,0.0170138712429991
2.031375,0.0120306237301718
2.0315,3.92323751412043e-14
2.031625,-0.0120306237301382
2.03175,-0.0170138712429991
2.031875,-0.0120306237301897
2.032,-3.36130353217253e-14
2.032125,0.0120306237301641
2.03225,0.0170138712429991
2.032375,0.0120306237301639
2.0325,-2.95435600206269e-15
2.032625,-0.0120306237301461
2.03275,-0.0170138712429991
2.032875,-0.0120306237301599
2.033,-2.23743556827673e-14
2.033125,0.0120306237301501
2.03325,0.0170138712429991
2.033375,0.0120306237301778
2.0335,1.67550158632883e-14
2.033625,-0.0120306237301322
2.03375,-0.0170138712429991
2.033875,-0.0120306237301738
2.034,-4.20837275481183e-14
2.034125,0.0120306237301362
2.03425,0.0170138712429991
2.034375,0.0120306237301917
2.0345,3.64643877286393e-14
2.034625,-0.012030623730162
2.03475,-0.0170138712429991
2.034875,-0.0120306237301659
2.035,1.03003595148654e-16
2.035125,0.0120306237301222
2.03525,0.0170138712429991
2.035375,0.0120306237301619
2.0355,2.52257080896813e-14
2.035625,-0.0120306237301481
2.03575,-0.0170138712429991
2.035875,-0.0120306237301798
2.036,-1.96063682702023e-14
2.036125,0.0120306237301521
2.03625,0.0170138712429991
2.036375,0.0120306237301758
2.0365,1.39870284507234e-14
2.036625,-0.0120306237301342
2.03675,-0.0170138712429991
2.036875,-0.01203062373015
2.037,-3.93157401355533e-14
2.037125,0.01203062373016
2.03725,0.0170138712429991
2.037375,0.0120306237301898
2.0375,2.74834881176538e-15
2.037625,-0.0120306237301202
2.03775,-0.0170138712429991
2.037875,-0.0120306237301639
2.038,-2.80770604965954e-14
2.038125,0.0120306237301461
2.03825,0.0170138712429991
2.038375,0.0120306237301818
2.0385,2.24577206771164e-14
2.038625,-0.0120306237301501
2.03875,-0.0170138712429991
2.038875,-0.0120306237301778
2.039,-1.68383808576374e-14
2.039125,0.0120306237301321
2.03925,0.0170138712429991
2.039375,0.0120306237301739
2.0395,4.21670925424674e-14
2.039625,-0.0120306237301361
2.03975,-0.0170138712429991
2.039875,-0.0120306237301918
2.04,-5.59970121867942e-15
2.040125,0.012030623730162
2.04025,0.0170138712429991
2.040375,0.0120306237301659
2.0405,-1.96386007995716e-17
2.040625,-0.0120306237301441
2.04075,-0.0170138712429991
2.040875,-0.012030623730162
2.041,-2.53090730840304e-14
2.041125,0.012030623730148
2.04125,0.0170138712429991
2.041375,0.0120306237301799
2.0415,1.96897332645514e-14
2.041625,-0.0120306237301301
2.04175,-0.0170138712429991
2.041875,-0.0120306237301759
2.042,-4.50184449493814e-14
2.042125,0.0120306237301341
2.04225,0.0170138712429991
2.042375,0.0120306237301938
2.0425,3.93991051299024e-14
2.042625,-0.01203062373016
2.04275,-0.0170138712429991
2.042875,-0.0120306237301679
2.043,-2.83171380611446e-15
2.043125,0.0120306237301421
2.04325,0.0170138712429991
2.043375,0.012030623730164
2.0435,2.81604254909445e-14
2.043625,-0.012030623730146
2.04375,-0.0170138712429991
2.043875,-0.0120306237301819
2.044,-2.25410856714655e-14
2.044125,0.01203062373015
2.04425,0.0170138712429991
2.044375,0.0120306237301779
2.0445,-1.40263056523225e-14
2.044625,-0.0120306237301321
2.04475,-0.0170138712429991
2.044875,-0.012030623730152
2.045,-4.22504575368165e-14
2.045125,0.0120306237301579
2.04525,0.0170138712429991
2.045375,0.01203062373017
2.0455,5.6830662130285e-15
2.045625,-0.0120306237301182
2.04575,-0.0170138712429991
2.045875,-0.012030623730166
2.046,-3.10117778978585e-14
2.046125,0.012030623730144
2.04625,0.0170138712429991
2.046375,0.0120306237301839
2.0465,2.53924380783795e-14
2.046625,-0.012030623730148
2.04675,-0.0170138712429991
2.046875,-0.0120306237301799
2.047,-1.97730982589005e-14
2.047125,0.0120306237301301
2.04725,0.0170138712429991
2.047375,0.0120306237301541
2.0475,4.51018099437305e-14
2.047625,-0.0120306237301559
2.04775,-0.0170138712429991
2.047875,-0.0120306237301939
2.048,-8.53441861994253e-15
2.048125,0.0120306237301599
2.04825,0.0170138712429991
2.048375,0.012030623730168
2.0485,2.91507880046355e-15
2.048625,-0.012030623730142
2.04875,-0.0170138712429991
2.048875,-0.0120306237301859
2.049,-2.82437904852935e-14
2.049125,0.012030623730146
2.04925,0.0170138712429991
2.049375,0.0120306237301819
2.0495,2.26244506658145e-14
2.049625,-0.0120306237301281
2.04975,-0.0170138712429991
2.049875,-0.0120306237301561
2.05,-4.79531623506445e-14
2.050125,0.012030623730132
2.05025,0.0170138712429991
2.050375,0.0120306237301959
2.0505,1.13857710268566e-14
2.050625,-0.0120306237301579
2.05075,-0.0170138712429991
2.050875,-0.01203062373017
2.051,-5.76643120737758e-15
2.051125,0.01203062373014
2.05125,0.0170138712429991
2.051375,0.012030623730166
2.0515,3.10951428922076e-14
2.051625,-0.012030623730144
2.05175,-0.0170138712429991
2.051875,-0.012030623730184
2.052,-2.54758030727286e-14
2.052125,0.0120306237301479
2.05225,0.0170138712429991
2.052375,0.01203062373018
2.0525,-1.10915882510594e-14
2.052625,-0.01203062373013
2.05275,-0.0170138712429991
2.052875,-0.0120306237301979
2.053,-1.42371234337706e-14
2.053125,0.0120306237301559
2.05325,0.0170138712429991
2.053375,0.012030623730172
2.0535,8.61778361429162e-15
2.053625,-0.012030623730138
2.05375,-0.0170138712429991
2.053875,-0.0120306237301681
2.054,-3.39464952991216e-14
2.054125,0.0120306237301419
2.05425,0.0170138712429991
2.054375,0.012030623730186
2.0545,2.83271554796426e-14
2.054625,-0.0120306237301459
2.05475,-0.0170138712429991
2.054875,-0.012030623730182
2.055,8.24023584414535e-15
2.055125,0.012030623730128
2.05525,0.0170138712429991
2.055375,0.0120306237301561
2.0555,4.80365273449936e-14
2.055625,-0.0120306237301539
2.05575,-0.0170138712429991
2.055875,-0.012030623730174
2.056,-1.14691360212057e-14
2.056125,0.0120306237301578
2.05625,0.0170138712429991
2.056375,0.0120306237301701
2.0565,5.84979620172666e-15
2.056625,-0.0120306237301399
2.05675,-0.0170138712429991
2.056875,-0.012030623730188
2.057,-3.11785078865567e-14
2.057125,0.0120306237301439
2.05725,0.0170138712429991
2.057375,0.012030623730184
2.0575,2.55591680670777e-14
2.057625,-0.012030623730126
2.05775,-0.0170138712429991
2.057875,-0.0120306237301582
2.058,-5.08878797519076e-14
2.058125,0.0120306237301518
2.05825,0.0170138712429991
2.058375,0.0120306237301979
2.0585,1.43204884281197e-14
2.058625,-0.0120306237301558
2.05875,-0.0170138712429991
2.058875,-0.0120306237301721
2.059,-8.7011486086407e-15
2.059125,0.0120306237301379
2.05925,0.0170138712429991
2.059375,0.0120306237301681
2.0595,3.40298602934707e-14
2.059625,-0.0120306237301419
2.05975,-0.0170138712429991
2.059875,-0.012030623730186
2.06,-2.84105204739917e-14
2.060125,0.0120306237301677
2.06025,0.0170138712429991
2.060375,0.0120306237301602
2.0605,-8.15687084979627e-15
2.060625,-0.0120306237301279
2.06075,-0.0170138712429991
2.060875,-0.0120306237302
2.061,-1.71718408350337e-14
2.061125,0.0120306237301538
2.06125,0.0170138712429991
2.061375,0.0120306237301741
2.0615,1.15525010155547e-14
2.061625,-0.0120306237301359
2.06175,-0.0170138712429991
2.061875,-0.0120306237301701
2.062,-3.68812127003847e-14
2.062125,0.0120306237301399
2.06225,0.0170138712429991
2.062375,0.012030623730188
2.0625,3.12618728809057e-14
2.062625,-0.0120306237301657
2.06275,-0.0170138712429991
2.062875,-0.0120306237301841
2.063,5.30551844288223e-15
2.063125,0.0120306237301259
2.06325,0.0170138712429991
2.063375,0.0120306237301582
2.0635,2.00231932419478e-14
2.063625,-0.0120306237301518
2.06375,-0.0170138712429991
2.063875,-0.0120306237301761
2.064,-1.44038534224688e-14
2.064125,0.0120306237301558
2.06425,0.0170138712429991
2.064375,0.0120306237301722
2.0645,3.97325651072988e-14
2.064625,-0.0120306237301378
2.06475,-0.0170138712429991
2.064875,-0.0120306237301901
2.065,-3.41132252878198e-14
2.065125,0.0120306237301418
2.06525,0.0170138712429991
2.065375,0.0120306237301861
2.0655,-2.4541660359682e-15
2.065625,-0.0120306237301239
2.06575,-0.0170138712429991
2.065875,-0.0120306237301602
2.066,-5.38225971531708e-14
2.066125,0.0120306237301498
2.06625,0.0170138712429991
2.066375,0.0120306237301781
2.0665,1.72552058293828e-14
2.066625,-0.0120306237301537
2.06675,-0.0170138712429991
2.066875,-0.0120306237301742
2.067,-1.16358660099038e-14
2.067125,0.0120306237301358
2.06725,0.0170138712429991
2.067375,0.0120306237301702
2.0675,3.69645776947338e-14
2.067625,-0.0120306237301398
2.06775,-0.0170138712429991
2.067875,-0.0120306237301881
2.068,-3.13452378752548e-14
2.068125,0.0120306237301657
2.06825,0.0170138712429991
2.068375,0.0120306237301622
2.0685,5.66739495600848e-14
2.068625,-0.0120306237301477
2.06875,-0.0170138712429991
2.068875,-0.0120306237301802
2.069,-2.01065582362968e-14
2.069125,0.0120306237301517
2.06925,0.0170138712429991
2.069375,0.0120306237301762
2.0695,1.44872184168179e-14
2.069625,-0.0120306237301338
2.06975,-0.0170138712429991
2.069875,-0.0120306237301722
2.07,-3.98159301016478e-14
2.070125,0.0120306237301378
2.07025,0.0170138712429991
2.070375,0.0120306237301901
2.0705,3.41965902821688e-14
2.070625,-0.0120306237301636
2.07075,-0.0170138712429991
2.070875,-0.0120306237301643
2.071,2.37080104161911e-15
2.071125,0.0120306237301238
2.07125,0.0170138712429991
2.071375,0.0120306237301603
2.0715,2.29579106432109e-14
2.071625,-0.0120306237301497
2.07175,-0.0170138712429991
2.071875,-0.0120306237301782
2.072,-1.73385708237319e-14
2.072125,0.0120306237301537
2.07225,0.0170138712429991
2.072375,0.0120306237301742
2.0725,4.26672825085619e-14
2.072625,-0.0120306237301358
2.07275,-0.0170138712429991
2.072875,-0.0120306237301921
2.073,-3.70479426890829e-14
2.073125,0.0120306237301616
2.07325,0.0170138712429991
2.073375,0.0120306237301882
2.0735,4.8055136529492e-16
2.073625,-0.0120306237301218
2.07375,-0.0170138712429991
2.073875,-0.0120306237301623
2.074,-2.58092630501249e-14
2.074125,0.0120306237301477
2.07425,0.0170138712429991
2.074375,0.0120306237301802
2.0745,2.01899232306459e-14
2.074625,-0.0120306237301517
2.07475,-0.0170138712429991
2.074875,-0.0120306237301762
2.075,-1.45705834111669e-14
2.075125,0.0120306237301338
2.07525,0.0170138712429991
2.075375,0.0120306237301504
2.0755,3.98992950959969e-14
2.075625,-0.0120306237301377
2.07575,-0.0170138712429991
2.075875,-0.0120306237301902
2.076,-3.33190377220896e-15
2.076125,0.0120306237301636
2.07625,0.0170138712429991
2.076375,0.0120306237301643
2.0765,5.96086669613479e-14
2.076625,-0.0120306237301457
2.07675,-0.0170138712429991
2.076875,-0.0120306237301822
2.077,-2.304127563756e-14
2.077125,0.0120306237301496
2.07725,0.0170138712429991
2.077375,0.0120306237301783
2.0775,1.7421935818081e-14
2.077625,-0.0120306237301317
2.07775,-0.0170138712429991
2.077875,-0.0120306237301743
2.078,-4.2750647502911e-14
2.078125,0.0120306237301357
2.07825,0.0170138712429991
2.078375,0.0120306237301922
2.0785,6.18325617912299e-15
2.078625,-0.0120306237301616
2.07875,-0.0170138712429991
2.078875,-0.0120306237301663
2.079,-5.63916359644002e-16
2.079125,0.0120306237301437
2.07925,0.0170138712429991
2.079375,0.0120306237301624
2.0795,2.5892628044474e-14
2.079625,-0.0120306237301476
2.07975,-0.0170138712429991
2.079875,-0.0120306237301803
2.08,-2.0273288224995e-14
2.080125,0.0120306237301297
2.08025,0.0170138712429991
2.080375,0.0120306237301763
2.0805,4.5601999909825e-14
2.080625,-0.0120306237301337
2.08075,-0.0170138712429991
2.080875,-0.0120306237301942
2.081,-3.9982660090346e-14
2.081125,0.0120306237301596
2.08125,0.0170138712429991
2.081375,0.0120306237301684
2.0815,3.41526876655804e-15
2.081625,-0.0120306237301416
2.08175,-0.0170138712429991
2.081875,-0.0120306237301644
2.082,-2.8743980451388e-14
2.082125,0.0120306237301456
2.08225,0.0170138712429991
2.082375,0.0120306237301823
2.0825,2.3124640631909e-14
2.082625,-0.0120306237301496
2.08275,-0.0170138712429991
2.082875,-0.0120306237301783
2.083,-1.750530081243e-14
2.083125,0.0120306237301317
2.08325,0.0170138712429991
2.083375,0.0120306237301525
2.0835,4.283401249726e-14
2.083625,-0.0120306237301575
2.08375,-0.0170138712429991
2.083875,-0.0120306237301923
2.084,-6.26662117347207e-15
2.084125,0.0120306237301177
2.08425,0.0170138712429991
2.084375,0.0120306237301664
2.0845,3.15953328583021e-14
2.084625,-0.0120306237301436
2.08475,-0.0170138712429991
2.084875,-0.0120306237301843
2.085,-2.59759930388231e-14
2.085125,0.0120306237301476
2.08525,0.0170138712429991
2.085375,0.0120306237301803
2.0855,2.03566532193441e-14
2.085625,-0.0120306237301297
2.08575,-0.0170138712429991
2.085875,-0.0120306237301545
2.086,-4.56853649041741e-14
2.086125,0.0120306237301336
2.08625,0.0170138712429991
2.086375,0.0120306237301943
2.0865,9.11797358038611e-15
2.086625,-0.0120306237301595
2.08675,-0.0170138712429991
2.086875,-0.0120306237301684
2.087,-3.49863376090712e-15
2.087125,0.0120306237301416
2.08725,0.0170138712429991
2.087375,0.0120306237301644
2.0875,2.88273454457371e-14
2.087625,-0.0120306237301456
2.08775,-0.0170138712429991
2.087875,-0.0120306237301823
2.088,-2.32080056262581e-14
2.088125,0.0120306237301276
2.08825,0.0170138712429991
2.088375,0.0120306237301784
2.0885,4.85367173110881e-14
2.088625,-0.0120306237301316
2.08875,-0.0170138712429991
2.088875,-0.0120306237301963
2.089,-1.19693259873001e-14
2.089125,0.0120306237301575
2.08925,0.0170138712429991
2.089375,0.0120306237301704
2.0895,6.34998616782115e-15
2.089625,-0.0120306237301396
2.08975,-0.0170138712429991
2.089875,-0.0120306237301665
2.09,-3.16786978526511e-14
2.090125,0.0120306237301435
2.09025,0.0170138712429991
2.090375,0.0120306237301844
2.0905,2.60593580331722e-14
2.090625,-0.0120306237301475
2.09075,-0.0170138712429991
2.090875,-0.0120306237301804
2.091,1.05080332906158e-14
2.091125,0.0120306237301296
2.09125,0.0170138712429991
2.091375,0.0120306237301545
2.0915,4.57687298985232e-14
2.091625,-0.0120306237301555
2.09175,-0.0170138712429991
2.091875,-0.0120306237301724
2.092,-9.20133857473519e-15
2.092125,0.0120306237301376
2.09225,0.0170138712429991
2.092375,0.0120306237301685
2.0925,3.45300502595652e-14
2.092625,-0.0120306237301415
2.09275,-0.0170138712429991
2.092875,-0.0120306237301864
2.093,-2.89107104400862e-14
2.093125,0.0120306237301455
2.09325,0.0170138712429991
2.093375,0.0120306237301824
2.0935,2.32913706206072e-14
2.093625,-0.0120306237301276
2.09375,-0.0170138712429991
2.093875,-0.0120306237301566
2.094,-4.86200823054372e-14
2.094125,0.0120306237301534
2.09425,0.0170138712429991
2.094375,0.0120306237301745
2.0945,1.20526909816492e-14
2.094625,-0.0120306237301574
2.09475,-0.0170138712429991
2.094875,-0.0120306237301705
2.095,-6.43335116217024e-15
2.095125,0.0120306237301395
2.09525,0.0170138712429991
2.095375,0.0120306237301665
2.0955,3.17620628470002e-14
2.095625,-0.0120306237301435
2.09575,-0.0170138712429991
2.095875,-0.0120306237301844
2.096,-2.61427230275212e-14
2.096125,0.0120306237301256
2.09625,0.0170138712429991
2.096375,0.0120306237301586
2.0965,5.14714347123512e-14
2.096625,-0.0120306237301295
2.09675,-0.0170138712429991
2.096875,-0.0120306237301984
2.097,-1.49040433885633e-14
2.097125,0.0120306237301554
2.09725,0.0170138712429991
2.097375,0.0120306237301725
2.0975,9.28470356908427e-15
2.097625,-0.0120306237301375
2.09775,-0.0170138712429991
2.097875,-0.0120306237301685
2.098,-3.46134152539143e-14
2.098125,0.0120306237301415
2.09825,0.0170138712429991
2.098375,0.0120306237301864
2.0985,2.89940754344353e-14
2.098625,-0.0120306237301673
2.09875,-0.0170138712429991
2.098875,-0.0120306237301825
2.099,7.57331588935269e-15
2.099125,0.0120306237301275
2.09925,0.0170138712429991
2.099375,0.0120306237301566
2.0995,1.77553957954773e-14
2.099625,-0.0120306237301534
2.09975,-0.0170138712429991
2.099875,-0.0120306237301745
2.1,-1.21360559759983e-14
2.100125,0.0120306237301355
2.10025,0.0170138712429991
2.100375,0.0120306237301705
2.1005,3.74647676608283e-14
2.100625,-0.0120306237301394
2.10075,-0.0170138712429991
2.100875,-0.0120306237301885
2.101,-3.18454278413493e-14
2.101125,0.0120306237301434
2.10125,0.0170138712429991
2.101375,0.0120306237301845
2.1015,-4.72196348243866e-15
2.101625,-0.0120306237301255
2.10175,-0.0170138712429991
2.101875,-0.0120306237301586
2.102,-5.15547997067003e-14
2.102125,0.0120306237301514
2.10225,0.0170138712429991
2.102375,0.0120306237301765
2.1025,1.49874083829123e-14
2.102625,-0.0120306237301553
2.10275,-0.0170138712429991
2.102875,-0.0120306237301726
2.103,-9.36806856343335e-15
2.103125,0.0120306237301374
2.10325,0.0170138712429991
2.103375,0.0120306237301686
2.1035,3.46967802482633e-14
2.103625,-0.0120306237301414
2.10375,-0.0170138712429991
2.103875,-0.0120306237301865
2.104,1.87061107552462e-15
2.104125,0.0120306237301235
2.10425,0.0170138712429991
2.104375,0.0120306237301606
2.1045,5.44061521136143e-14
2.104625,-0.0120306237301494
2.10475,-0.0170138712429991
2.104875,-0.0120306237301786
2.105,-1.78387607898264e-14
2.105125,0.0120306237301533
2.10525,0.0170138712429991
2.105375,0.0120306237301746
2.1055,1.22194209703474e-14
2.105625,-0.0120306237301354
2.10575,-0.0170138712429991
2.105875,-0.0120306237301706
2.106,-3.75481326551774e-14
2.106125,0.0120306237301394
2.10625,0.0170138712429991
2.106375,0.0120306237301885
2.1065,3.19287928356984e-14
2.106625,-0.0120306237301652
2.10675,-0.0170138712429991
2.106875,-0.0120306237301627
2.107,4.63859848808958e-15
2.107125,0.0120306237301473
2.10725,0.0170138712429991
2.107375,0.0120306237301587
2.1075,2.06901131967404e-14
2.107625,-0.0120306237301513
2.10775,-0.0170138712429991
2.107875,-0.0120306237301766
2.108,-1.50707733772614e-14
2.108125,0.0120306237301334
2.10825,0.0170138712429991
2.108375,0.0120306237301726
2.1085,4.03994850620914e-14
2.108625,-0.0120306237301374
2.10875,-0.0170138712429991
2.108875,-0.0120306237301905
2.109,-3.47801452426124e-14
2.109125,0.0120306237301632
2.10925,0.0170138712429991
2.109375,0.0120306237301866
2.1095,-1.78724608117554e-15
2.109625,-0.0120306237301234
2.10975,-0.0170138712429991
2.109875,-0.0120306237301607
2.11,-2.35414656036544e-14
2.110125,0.0120306237301493
2.11025,0.0170138712429991
2.110375,0.0120306237301786
2.1105,1.79221257841755e-14
2.110625,-0.0120306237301533
2.11075,-0.0170138712429991
2.110875,-0.0120306237301746
2.111,-1.23027859646965e-14
2.111125,0.0120306237301354
2.11125,0.0170138712429991
2.111375,0.0120306237301925
2.1115,3.76314976495265e-14
2.111625,-0.0120306237301393
2.11175,-0.0170138712429991
2.111875,-0.0120306237301886
2.112,-1.06410632573849e-15
2.112125,0.0120306237301214
2.11225,0.0170138712429991
2.112375,0.0120306237301627
2.1125,5.73408695148775e-14
2.112625,-0.0120306237301473
2.11275,-0.0170138712429991
2.112875,-0.0120306237301806
2.113,-2.07734781910895e-14
2.113125,0.0120306237301512
2.11325,0.0170138712429991
2.113375,0.0120306237301767
2.1135,1.51541383716105e-14
2.113625,-0.0120306237301333
2.11375,-0.0170138712429991
2.113875,-0.0120306237301727
2.114,-4.04828500564405e-14
2.114125,0.0120306237301373
2.11425,0.0170138712429991
2.114375,0.0120306237301906
2.1145,3.91545873265253e-15
2.114625,-0.0120306237301632
2.11475,-0.0170138712429991
2.114875,-0.0120306237301647
2.115,1.70388108682646e-15
2.115125,0.0120306237301453
2.11525,0.0170138712429991
2.115375,0.0120306237301826
2.1155,2.36248305980035e-14
2.115625,-0.0120306237301492
2.11575,-0.0170138712429991
2.115875,-0.0120306237301787
2.116,-1.80054907785245e-14
2.116125,0.0120306237301313
2.11625,0.0170138712429991
2.116375,0.0120306237301747
2.1165,4.33342024633545e-14
2.116625,-0.0120306237301353
2.11675,-0.0170138712429991
2.116875,-0.0120306237301926
2.117,-3.77148626438755e-14
2.117125,0.0120306237301612
2.11725,0.0170138712429991
2.117375,0.0120306237301668
2.1175,1.14747132008758e-15
2.117625,-0.0120306237301432
2.11775,-0.0170138712429991
2.117875,-0.0120306237301628
2.118,-2.64761830049176e-14
2.118125,0.0120306237301472
2.11825,0.0170138712429991
2.118375,0.0120306237301807
2.1185,2.08568431854386e-14
2.118625,-0.0120306237301512
2.11875,-0.0170138712429991
2.118875,-0.0120306237301767
2.119,-1.52375033659596e-14
2.119125,0.0120306237301333
2.11925,0.0170138712429991
2.119375,0.0120306237301946
2.1195,4.05662150507896e-14
2.119625,-0.0120306237301591
2.11975,-0.0170138712429991
2.119875,-0.0120306237301688
2.12,-3.99882372700161e-15
2.120125,0.0120306237301193
2.12025,0.0170138712429991
2.120375,0.0120306237301648
2.1205,2.93275354118316e-14
2.120625,-0.0120306237301452
2.12075,-0.0170138712429991
2.120875,-0.0120306237301827
2.121,-2.37081955923526e-14
2.121125,0.0120306237301492
2.12125,0.0170138712429991
2.121375,0.0120306237301787
2.1215,1.80888557728736e-14
2.121625,-0.0120306237301313
2.12175,-0.0170138712429991
2.121875,-0.0120306237301529
2.122,-4.34175674577036e-14
2.122125,0.0120306237301352
2.12225,0.0170138712429991
2.122375,0.0120306237301927
2.1225,6.85017613391565e-15
2.122625,-0.0120306237301611
2.12275,-0.0170138712429991
2.122875,-0.0120306237301668
2.123,-1.23083631443666e-15
2.123125,0.0120306237301432
2.12325,0.0170138712429991
2.123375,0.0120306237301847
2.1235,2.65595479992666e-14
2.123625,-0.0120306237301472
2.12375,-0.0170138712429991
2.123875,-0.0120306237301807
2.124,-2.09402081797877e-14
2.124125,0.0120306237301292
2.12425,0.0170138712429991
2.124375,0.0120306237301768
2.1245,4.62689198646176e-14
2.124625,-0.0120306237301332
2.12475,-0.0170138712429991
2.124875,-0.0120306237301947
2.125,-9.70152854082968e-15
2.125125,0.0120306237301591
2.12525,0.0170138712429991
2.125375,0.0120306237301688
2.1255,4.08218872135069e-15
2.125625,-0.0120306237301412
2.12575,-0.0170138712429991
2.125875,-0.0120306237301649
2.126,-2.94109004061807e-14
2.126125,0.0120306237301451
2.12625,0.0170138712429991
2.126375,0.0120306237301828
2.1265,2.37915605867017e-14
2.126625,-0.0120306237301491
2.12675,-0.0170138712429991
2.126875,-0.0120306237301788
2.127,-4.91202722715317e-14
2.127125,0.0120306237301312
2.12725,0.0170138712429991
2.127375,0.0120306237301967
2.1275,4.35009324520527e-14
2.127625,-0.0120306237301571
2.12775,-0.0170138712429991
2.127875,-0.0120306237301708
2.128,-6.93354112826473e-15
2.128125,0.0120306237301392
2.12825,0.0170138712429991
2.128375,0.0120306237301669
2.1285,3.22622528130947e-14
2.128625,-0.0120306237301431
2.12875,-0.0170138712429991
2.128875,-0.0120306237301848
2.129,-2.66429129936157e-14
2.129125,0.0120306237301471
2.12925,0.0170138712429991
2.129375,0.0120306237301808
2.1295,-9.92447833017224e-15
2.129625,-0.0120306237301292
2.12975,-0.0170138712429991
2.129875,-0.0120306237301549
2.13,-4.63522848589667e-14
2.130125,0.012030623730155
2.13025,0.0170138712429991
2.130375,0.0120306237301729
2.1305,9.78489353517876e-15
2.130625,-0.012030623730159
2.13075,-0.0170138712429991
2.130875,-0.0120306237301689
2.131,-3.51136052200087e-14
2.131125,0.0120306237301411
2.13125,0.0170138712429991
2.131375,0.0120306237301868
2.1315,2.94942654005298e-14
2.131625,-0.0120306237301451
2.13175,-0.0170138712429991
2.131875,-0.0120306237301828
2.132,-2.38749255810508e-14
2.132125,0.0120306237301272
2.13225,0.0170138712429991
2.132375,0.012030623730157
2.1325,4.92036372658808e-14
2.132625,-0.012030623730153
2.13275,-0.0170138712429991
2.132875,-0.0120306237301968
2.133,-1.26362459420928e-14
2.133125,0.012030623730157
2.13325,0.0170138712429991
2.133375,0.0120306237301709
2.1335,7.01690612261381e-15
2.133625,-0.0120306237301391
2.13375,-0.0170138712429991
2.133875,-0.0120306237301669
2.134,-3.23456178074438e-14
2.134125,0.0120306237301431
2.13425,0.0170138712429991
2.134375,0.0120306237301848
2.1345,2.67262779879648e-14
2.134625,-0.0120306237301689
2.13475,-0.0170138712429991
2.134875,-0.0120306237301809
2.135,-5.20549896727948e-14
2.135125,0.0120306237301291
2.13525,0.0170138712429991
2.135375,0.0120306237301988
2.1355,1.54875983490068e-14
2.135625,-0.012030623730155
2.13575,-0.0170138712429991
2.135875,-0.0120306237301729
2.136,-9.86825852952784e-15
2.136125,0.0120306237301371
2.13625,0.0170138712429991
2.136375,0.0120306237301689
2.1365,3.51969702143578e-14
2.136625,-0.0120306237301411
2.13675,-0.0170138712429991
2.136875,-0.0120306237301869
2.137,-2.95776303948788e-14
2.137125,0.012030623730145
2.13725,0.0170138712429991
2.137375,0.0120306237301829
2.1375,-6.98976092890912e-15
2.137625,-0.0120306237301271
2.13775,-0.0170138712429991
2.137875,-0.012030623730157
2.138,-4.92870022602298e-14
2.138125,0.012030623730153
2.13825,0.0170138712429991
2.138375,0.0120306237301749
2.1385,1.27196109364419e-14
2.138625,-0.0120306237301569
2.13875,-0.0170138712429991
2.138875,-0.012030623730171
2.139,-3.80483226212719e-14
2.139125,0.012030623730139
2.13925,0.0170138712429991
2.139375,0.0120306237301889
2.1395,3.24289828017929e-14
2.139625,-0.012030623730143
2.13975,-0.0170138712429991
2.139875,-0.0120306237301849
2.14,4.13840852199508e-15
2.140125,0.0120306237301251
2.14025,0.0170138712429991
2.140375,0.012030623730159
2.1405,5.21383546671439e-14
2.140625,-0.012030623730151
2.14075,-0.0170138712429991
2.140875,-0.012030623730177
2.141,-1.55709633433559e-14
2.141125,0.0120306237301549
2.14125,0.0170138712429991
2.141375,0.012030623730173
2.1415,9.95162352387693e-15
2.141625,-0.012030623730137
2.14175,-0.0170138712429991
2.141875,-0.012030623730169
2.142,-3.52803352087069e-14
2.142125,0.012030623730141
2.14225,0.0170138712429991
2.142375,0.0120306237301869
2.1425,2.96609953892279e-14
2.142625,-0.0120306237301231
2.14275,-0.0170138712429991
2.142875,-0.0120306237301611
2.143,-5.49897070740579e-14
2.143125,0.0120306237301489
2.14325,0.0170138712429991
2.143375,0.0120306237302008
2.1435,1.842231575027e-14
2.143625,-0.0120306237301529
2.14375,-0.0170138712429991
2.143875,-0.012030623730175
2.144,-1.2802975930791e-14
2.144125,0.012030623730135
2.14425,0.0170138712429991
2.144375,0.012030623730171
2.1445,3.8131687615621e-14
2.144625,-0.012030623730139
2.14475,-0.0170138712429991
2.144875,-0.0120306237301889
2.145,-3.2512347796142e-14
2.145125,0.0120306237301648
2.14525,0.0170138712429991
2.145375,0.0120306237301631
2.1455,-4.055043527646e-15
2.145625,-0.012030623730125
2.14575,-0.0170138712429991
2.145875,-0.0120306237301591
2.146,-2.1273668157184e-14
2.146125,0.0120306237301509
2.14625,0.0170138712429991
2.146375,0.012030623730177
2.1465,1.5654328337705e-14
2.146625,-0.012030623730133
2.14675,-0.0170138712429991
2.146875,-0.012030623730173
2.147,-4.0983040022535e-14
2.147125,0.012030623730137
2.14725,0.0170138712429991
2.147375,0.0120306237301909
2.1475,3.5363700203056e-14
2.147625,-0.0120306237301409
2.14775,-0.0170138712429991
2.147875,-0.012030623730187
2.148,1.20369112073197e-15
2.148125,0.012030623730123
2.14825,0.0170138712429991
2.148375,0.0120306237301611
2.1485,2.4125020564098e-14
2.148625,-0.0120306237301489
2.14875,-0.0170138712429991
2.148875,-0.012030623730179
2.149,-1.8505680744619e-14
2.149125,0.0120306237301529
2.14925,0.0170138712429991
2.149375,0.0120306237301751
2.1495,1.288634092514e-14
2.149625,-0.0120306237301349
2.14975,-0.0170138712429991
2.149875,-0.0120306237301711
2.15,-3.821505260997e-14
2.150125,0.0120306237301389
2.15025,0.0170138712429991
2.150375,0.012030623730189
2.1505,1.64766128618207e-15
2.150625,-0.012030623730121
2.15075,-0.0170138712429991
2.150875,-0.0120306237301631
2.151,-5.7924424475321e-14
2.151125,0.0120306237301469
2.15125,0.0170138712429991
2.151375,0.012030623730181
2.1515,2.13570331515331e-14
2.151625,-0.0120306237301508
2.15175,-0.0170138712429991
2.151875,-0.0120306237301771
2.152,-1.57376933320541e-14
2.152125,0.0120306237301329
2.15225,0.0170138712429991
2.152375,0.0120306237301731
2.1525,4.10664050168841e-14
2.152625,-0.0120306237301369
2.15275,-0.0170138712429991
2.152875,-0.012030623730191
2.153,-3.54470651974051e-14
2.153125,0.0120306237301628
2.15325,0.0170138712429991
2.153375,0.0120306237301651
2.1535,-1.12032612638289e-15
2.153625,-0.0120306237301448
2.15375,-0.0170138712429991
2.153875,-0.0120306237301612
2.154,-2.42083855584471e-14
2.154125,0.0120306237301488
2.15425,0.0170138712429991
2.154375,0.0120306237301791
2.1545,1.85890457389681e-14
2.154625,-0.0120306237301309
2.15475,-0.0170138712429991
2.154875,-0.0120306237301751
2.155,-4.39177574237981e-14
2.155125,0.0120306237301349
2.15525,0.0170138712429991
2.155375,0.012030623730193
2.1555,3.82984176043191e-14
2.155625,-0.0120306237301607
2.15575,-0.0170138712429991
2.155875,-0.0120306237301672
2.156,-1.73102628053115e-15
2.156125,0.0120306237301209
2.15625,0.0170138712429991
2.156375,0.0120306237301632
2.1565,2.70597379653611e-14
2.156625,-0.0120306237301468
2.15675,-0.0170138712429991
2.156875,-0.0120306237301811
2.157,-2.14403981458821e-14
2.157125,0.0120306237301508
2.15725,0.0170138712429991
2.157375,0.0120306237301771
2.1575,1.58210583264032e-14
2.157625,-0.0120306237301329
2.15775,-0.0170138712429991
2.157875,-0.0120306237301513
2.158,-4.11497700112331e-14
2.158125,0.0120306237301587
2.15825,0.0170138712429991
2.158375,0.0120306237301911
2.1585,4.58237868744518e-15
2.158625,-0.0120306237301189
2.15875,-0.0170138712429991
2.158875,-0.0120306237301652
2.159,-2.99110903722752e-14
2.159125,0.0120306237301448
2.15925,0.0170138712429991
2.159375,0.0120306237301831
2.1595,2.42917505527962e-14
2.159625,-0.0120306237301488
2.15975,-0.0170138712429991
2.159875,-0.0120306237301791
2.16,-1.86724107333172e-14
2.160125,0.0120306237301309
2.16025,0.0170138712429991
2.160375,0.0120306237301752
2.1605,4.40011224181472e-14
2.160625,-0.0120306237301348
2.16075,-0.0170138712429991
2.160875,-0.0120306237301931
2.161,-7.43373109435922e-15
2.161125,0.0120306237301607
2.16125,0.0170138712429991
2.161375,0.0120306237301672
2.1615,1.81439127488023e-15
2.161625,-0.0120306237301428
2.16175,-0.0170138712429991
2.161875,-0.0120306237301632
2.162,-2.71431029597102e-14
2.162125,0.0120306237301467
2.16225,0.0170138712429991
2.162375,0.0120306237301812
2.1625,2.15237631402312e-14
2.162625,-0.0120306237301288
2.16275,-0.0170138712429991
2.162875,-0.0120306237301772
2.163,-4.68524748250612e-14
2.163125,0.0120306237301328
2.16325,0.0170138712429991
2.163375,0.0120306237301951
2.1635,4.12331350055822e-14
2.163625,-0.0120306237301587
2.16375,-0.0170138712429991
2.163875,-0.0120306237301692
2.164,-4.66574368179427e-15
2.164125,0.0120306237301408
2.16425,0.0170138712429991
2.164375,0.0120306237301653
2.1645,2.99944553666243e-14
2.164625,-0.0120306237301447
2.16475,-0.0170138712429991
2.164875,-0.0120306237301832
2.165,-2.43751155471453e-14
2.165125,0.0120306237301487
2.16525,0.0170138712429991
2.165375,0.0120306237301792
2.1655,-1.21922757766427e-14
2.165625,-0.0120306237301308
2.16575,-0.0170138712429991
2.165875,-0.0120306237301533
2.166,-4.40844874124963e-14
2.166125,0.0120306237301566
2.16625,0.0170138712429991
2.166375,0.0120306237301713
2.1665,7.5170960887083e-15
2.166625,-0.0120306237301169
2.16675,-0.0170138712429991
2.166875,-0.0120306237301673
2.167,-3.28458077735383e-14
2.167125,0.0120306237301427
2.16725,0.0170138712429991
2.167375,0.0120306237301852
2.1675,2.72264679540593e-14
2.167625,-0.0120306237301467
2.16775,-0.0170138712429991
2.167875,-0.0120306237301812
2.168,-2.16071281345803e-14
2.168125,0.0120306237301288
2.16825,0.0170138712429991
2.168375,0.0120306237301554
2.1685,4.69358398194103e-14
2.168625,-0.0120306237301546
2.16875,-0.0170138712429991
2.168875,-0.0120306237301952
2.169,-1.03684484956223e-14
2.169125,0.0120306237301586
2.16925,0.0170138712429991
2.169375,0.0120306237301693
2.1695,4.74910867614335e-15
2.169625,-0.0120306237301407
2.16975,-0.0170138712429991
2.169875,-0.0120306237301653
2.17,-3.00778203609733e-14
2.170125,0.0120306237301447
2.17025,0.0170138712429991
2.170375,0.0120306237301832
2.1705,2.44584805414943e-14
2.170625,-0.0120306237301268
2.17075,-0.0170138712429991
2.170875,-0.0120306237301574
2.171,-4.97871922263243e-14
2.171125,0.0120306237301307
2.17125,0.0170138712429991
2.171375,0.0120306237301972
2.1715,1.32198009025364e-14
2.171625,-0.0120306237301566
2.17175,-0.0170138712429991
2.171875,-0.0120306237301713
2.172,-7.60046108305738e-15
2.172125,0.0120306237301387
2.17225,0.0170138712429991
2.172375,0.0120306237301673
2.1725,3.29291727678874e-14
2.172625,-0.0120306237301427
2.17275,-0.0170138712429991
2.172875,-0.0120306237301852
2.173,-2.73098329484084e-14
2.173125,0.0120306237301466
2.17325,0.0170138712429991
2.173375,0.0120306237301813
2.1735,-9.25755837537958e-15
2.173625,-0.0120306237301287
2.17375,-0.0170138712429991
2.173875,-0.0120306237301992
2.174,-1.60711533094504e-14
2.174125,0.0120306237301546
2.17425,0.0170138712429991
2.174375,0.0120306237301733
2.1745,1.04518134899714e-14
2.174625,-0.0120306237301367
2.17475,-0.0170138712429991
2.174875,-0.0120306237301694
2.175,-3.57805251748014e-14
2.175125,0.0120306237301406
2.17525,0.0170138712429991
2.175375,0.0120306237301873
2.1755,3.01611853553224e-14
2.175625,-0.0120306237301446
2.17575,-0.0170138712429991
2.175875,-0.0120306237301833
2.176,6.40620596846555e-15
2.176125,0.0120306237301267
2.17625,0.0170138712429991
2.176375,0.0120306237301574
2.1765,4.98705572206734e-14
2.176625,-0.0120306237301526
2.17675,-0.0170138712429991
2.176875,-0.0120306237301753
2.177,-1.33031658968855e-14
2.177125,0.0120306237301565
2.17725,0.0170138712429991
2.177375,0.0120306237301714
2.1775,7.68382607740647e-15
2.177625,-0.0120306237301386
2.17775,-0.0170138712429991
2.177875,-0.0120306237301893
2.178,-3.30125377622365e-14
2.178125,0.0120306237301426
2.17825,0.0170138712429991
2.178375,0.0120306237301853
2.1785,2.73931979427575e-14
2.178625,-0.0120306237301247
2.17875,-0.0170138712429991
2.178875,-0.0120306237301595
2.179,-5.27219096275874e-14
2.179125,0.0120306237301505
2.17925,0.0170138712429991
2.179375,0.0120306237301992
2.1795,1.61545183037995e-14
2.179625,-0.0120306237301545
2.17975,-0.0170138712429991
2.179875,-0.0120306237301734
2.18,-1.05351784843205e-14
2.180125,0.0120306237301366
2.18025,0.0170138712429991
2.180375,0.0120306237301694
2.1805,3.58638901691505e-14
2.180625,-0.0120306237301406
2.18075,-0.0170138712429991
2.180875,-0.0120306237301873
2.181,-3.02445503496715e-14
2.181125,0.0120306237301664
2.18125,0.0170138712429991
2.181375,0.0120306237301615
2.1815,-6.32284097411646e-15
2.181625,-0.0120306237301266
2.18175,-0.0170138712429991
2.181875,-0.0120306237302013
2.182,-1.90058707107135e-14
2.182125,0.0120306237301525
2.18225,0.0170138712429991
2.182375,0.0120306237301754
2.1825,1.33865308912345e-14
2.182625,-0.0120306237301346
2.18275,-0.0170138712429991
2.182875,-0.0120306237301714
2.183,-3.87152425760645e-14
2.183125,0.0120306237301386
2.18325,0.0170138712429991
2.183375,0.0120306237301893
2.1835,3.30959027565855e-14
2.183625,-0.0120306237301644
2.18375,-0.0170138712429991
2.183875,-0.0120306237301854
2.184,3.47148856720243e-15
2.184125,0.0120306237301246
2.18425,0.0170138712429991
2.184375,0.0120306237301595
2.1845,2.18572231176276e-14
2.184625,-0.0120306237301505
2.18475,-0.0170138712429991
2.184875,-0.0120306237301774
2.185,-1.62378832981486e-14
2.185125,0.0120306237301545
2.18525,0.0170138712429991
2.185375,0.0120306237301734
2.1855,1.06185434786696e-14
2.185625,-0.0120306237301365
2.18575,-0.0170138712429991
2.185875,-0.0120306237301914
2.186,-3.59472551634996e-14
2.186125,0.0120306237301405
2.18625,0.0170138712429991
2.186375,0.0120306237301874
2.1865,-6.20136160288394e-16
2.186625,-0.0120306237301226
2.18675,-0.0170138712429991
2.186875,-0.0120306237301615
2.187,-5.56566270288506e-14
2.187125,0.0120306237301485
2.18725,0.0170138712429991
2.187375,0.0120306237301794
2.1875,1.90892357050626e-14
2.187625,-0.0120306237301524
2.18775,-0.0170138712429991
2.187875,-0.0120306237301755
2.188,-1.34698958855836e-14
2.188125,0.0120306237301345
2.18825,0.0170138712429991
2.188375,0.0120306237301715
2.1885,3.87986075704136e-14
2.188625,-0.0120306237301385
2.18875,-0.0170138712429991
2.188875,-0.0120306237301894
2.189,-3.31792677509346e-14
2.189125,0.0120306237301644
2.18925,0.0170138712429991
2.189375,0.0120306237301635
2.1895,5.85079794357646e-14
2.189625,-0.0120306237301465
2.18975,-0.0170138712429991
2.189875,-0.0120306237301815
2.19,-2.19405881119766e-14
2.190125,0.0120306237301504
2.19025,0.0170138712429991
2.190375,0.0120306237301775
2.1905,1.63212482924977e-14
2.190625,-0.0120306237301325
2.19075,-0.0170138712429991
2.190875,-0.0120306237301735
2.191,-4.16499599773276e-14
2.191125,0.0120306237301365
2.19125,0.0170138712429991
2.191375,0.0120306237301914
2.1915,3.60306201578487e-14
2.191625,-0.0120306237301623
2.19175,-0.0170138712429991
2.191875,-0.0120306237301656
2.192,5.36771165939312e-16
2.192125,0.0120306237301226
2.19225,0.0170138712429991
2.192375,0.0120306237301616
2.1925,2.47919405188907e-14
2.192625,-0.0120306237301484
2.19275,-0.0170138712429991
2.192875,-0.0120306237301795
2.193,-1.91726006994117e-14
2.193125,0.0120306237301524
2.19325,0.0170138712429991
2.193375,0.0120306237301755
2.1935,4.45013123842417e-14
2.193625,-0.0120306237301345
2.19375,-0.0170138712429991
2.193875,-0.0120306237301934
2.194,-3.88819725647627e-14
2.194125,0.0120306237301603
2.19425,0.0170138712429991
2.194375,0.0120306237301895
2.1945,2.31458124097472e-15
2.194625,-0.0120306237301205
2.19475,-0.0170138712429991
2.194875,-0.0120306237301636
2.195,-2.76432929258047e-14
2.195125,0.0120306237301464
2.19525,0.0170138712429991
2.195375,0.0120306237301815
2.1955,2.20239531063257e-14
2.195625,-0.0120306237301504
2.19575,-0.0170138712429991
2.195875,-0.0120306237301775
2.196,-1.64046132868467e-14
2.196125,0.0120306237301325
2.19625,0.0170138712429991
2.196375,0.0120306237301517
2.1965,4.17333249716767e-14
2.196625,-0.0120306237301364
2.19675,-0.0170138712429991
2.196875,-0.0120306237301915
2.197,-5.16593364788876e-15
2.197125,0.0120306237301623
2.19725,0.0170138712429991
2.197375,0.0120306237301656
2.1975,6.14426968370277e-14
2.197625,-0.0120306237301444
2.19775,-0.0170138712429991
2.197875,-0.0120306237301835
2.198,-2.48753055132398e-14
2.198125,0.0120306237301484
2.19825,0.0170138712429991
2.198375,0.0120306237301796
2.1985,1.92559656937608e-14
2.198625,-0.0120306237301304
2.19875,-0.0170138712429991
2.198875,-0.0120306237301756
2.199,-4.45846773785908e-14
2.199125,0.0120306237301344
2.19925,0.0170138712429991
2.199375,0.0120306237301935
2.1995,8.01728605480279e-15
2.199625,-0.0120306237301603
2.19975,-0.0170138712429991
2.199875,-0.0120306237301676
2.2,-2.39794623532381e-15
2.200125,0.0120306237301424
2.20025,0.0170138712429991
2.200375,0.0120306237301637
2.2005,2.77266579201538e-14
2.200625,-0.0120306237301463
2.20075,-0.0170138712429991
2.200875,-0.0120306237301816
2.201,-2.21073181006748e-14
2.201125,0.0120306237301503
2.20125,0.0170138712429991
2.201375,0.0120306237301776
2.2015,4.74360297855048e-14
2.201625,-0.0120306237301324
2.20175,-0.0170138712429991
2.201875,-0.0120306237301955
2.202,-4.18166899660258e-14
2.202125,0.0120306237301583
2.20225,0.0170138712429991
2.202375,0.0120306237301697
2.2025,5.24929864223784e-15
2.202625,-0.0120306237301403
2.20275,-0.0170138712429991
2.202875,-0.0120306237301657
2.203,-3.05780103270678e-14
2.203125,0.0120306237301443
2.20325,0.0170138712429991
2.203375,0.0120306237301836
2.2035,2.49586705075888e-14
2.203625,-0.0120306237301483
2.20375,-0.0170138712429991
2.203875,-0.0120306237301796
2.204,-1.93393306881099e-14
2.204125,0.0120306237301304
2.20425,0.0170138712429991
2.204375,0.0120306237301538
2.2045,4.46680423729398e-14
2.204625,-0.0120306237301562
2.20475,-0.0170138712429991
2.204875,-0.0120306237301936
2.205,-8.10065104915188e-15
2.205125,0.0120306237301164
2.20525,0.0170138712429991
2.205375,0.0120306237301677
2.2055,3.34293627339819e-14
2.205625,-0.0120306237301423
2.20575,-0.0170138712429991
2.205875,-0.0120306237301856
2.206,-2.78100229145029e-14
2.206125,0.0120306237301463
2.20625,0.0170138712429991
2.206375,0.0120306237301816
2.2065,2.21906830950239e-14
2.206625,-0.0120306237301284
2.20675,-0.0170138712429991
2.206875,-0.0120306237301558
2.207,-4.75193947798539e-14
2.207125,0.0120306237301323
2.20725,0.0170138712429991
2.207375,0.0120306237301956
2.2075,1.09520034560659e-14
2.207625,-0.0120306237301582
2.20775,-0.0170138712429991
2.207875,-0.0120306237301697
2.208,-5.33266363658692e-15
2.208125,0.0120306237301403
2.20825,0.0170138712429991
2.208375,0.0120306237301657
2.2085,3.06613753214169e-14
2.208625,-0.0120306237301443
2.20875,-0.0170138712429991
2.208875,-0.0120306237301836
2.209,-2.50420355019379e-14
2.209125,0.0120306237301263
2.20925,0.0170138712429991
2.209375,0.0120306237301797
2.2095,5.03707471867679e-14
2.209625,-0.0120306237301303
2.20975,-0.0170138712429991
2.209875,-0.0120306237301976
2.21,-1.38033558629799e-14
2.210125,0.0120306237301562
2.21025,0.0170138712429991
2.210375,0.0120306237301717
2.2105,8.18401604350096e-15
2.210625,-0.0120306237301383
2.21075,-0.0170138712429991
2.210875,-0.0120306237301678
2.211,-3.35127277283309e-14
2.211125,0.0120306237301422
2.21125,0.0170138712429991
2.211375,0.0120306237301857
2.2115,2.7893387908852e-14
2.211625,-0.0120306237301462
2.21175,-0.0170138712429991
2.211875,-0.0120306237301817
2.212,8.67400341493601e-15
2.212125,0.0120306237301283
2.21225,0.0170138712429991
2.212375,0.0120306237301558
2.2125,4.7602759774203e-14
2.212625,-0.0120306237301542
2.21275,-0.0170138712429991
2.212875,-0.0120306237301737
2.213,-1.1035368450415e-14
2.213125,0.0120306237301363
2.21325,0.0170138712429991
2.213375,0.0120306237301698
2.2135,3.6364080135245e-14
2.213625,-0.0120306237301402
2.21375,-0.0170138712429991
2.213875,-0.0120306237301877
2.214,-3.0744740315766e-14
2.214125,0.0120306237301442
2.21425,0.0170138712429991
2.214375,0.0120306237301837
2.2145,2.5125400496287e-14
2.214625,-0.0120306237301263
2.21475,-0.0170138712429991
2.214875,-0.0120306237301578
2.215,-5.0454112181117e-14
2.215125,0.0120306237301521
2.21525,0.0170138712429991
2.215375,0.0120306237301758
2.2155,1.3886720857329e-14
2.215625,-0.0120306237301561
2.21575,-0.0170138712429991
2.215875,-0.0120306237301718
2.216,-8.26738103785004e-15
2.216125,0.0120306237301382
2.21625,0.0170138712429991
2.216375,0.0120306237301678
2.2165,3.359609272268e-14
2.216625,-0.0120306237301422
2.21675,-0.0170138712429991
2.216875,-0.0120306237301857
2.217,-2.7976752903201e-14
2.217125,0.0120306237301243
2.21725,0.0170138712429991
2.217375,0.0120306237301599
2.2175,5.3305464588031e-14
2.217625,-0.0120306237301282
2.21775,-0.0170138712429991
2.217875,-0.0120306237301997
2.218,-1.67380732642431e-14
2.218125,0.0120306237301541
2.21825,0.0170138712429991
2.218375,0.0120306237301738
2.2185,1.11187334447641e-14
2.218625,-0.0120306237301362
2.21875,-0.0170138712429991
2.218875,-0.0120306237301698
2.219,-3.64474451295941e-14
2.219125,0.0120306237301402
2.21925,0.0170138712429991
2.219375,0.0120306237301877
2.2195,3.08281053101151e-14
2.219625,-0.012030623730166
2.21975,-0.0170138712429991
2.219875,-0.0120306237301838
2.22,5.73928601367289e-15
2.220125,0.0120306237301262
2.22025,0.0170138712429991
2.220375,0.0120306237301579
2.2205,1.95894256711571e-14
2.220625,-0.0120306237301521
2.22075,-0.0170138712429991
2.220875,-0.0120306237301758
2.221,-1.39700858516781e-14
2.221125,0.0120306237301342
2.22125,0.0170138712429991
2.221375,0.0120306237301718
2.2215,3.92987975365081e-14
2.221625,-0.0120306237301382
2.22175,-0.0170138712429991
2.221875,-0.0120306237301898
2.222,-3.36794577170291e-14
2.222125,0.0120306237301421
2.22225,0.0170138712429991
2.222375,0.0120306237301858
2.2225,-2.88793360675886e-15
2.222625,-0.0120306237301242
2.22275,-0.0170138712429991
2.222875,-0.0120306237301599
2.223,-5.33888295823801e-14
2.223125,0.0120306237301501
2.22325,0.0170138712429991
2.223375,0.0120306237301778
2.2235,1.68214382585921e-14
2.223625,-0.012030623730154
2.22375,-0.0170138712429991
2.223875,-0.0120306237301739
2.224,-1.12020984391132e-14
2.224125,0.0120306237301361
2.22425,0.0170138712429991
2.224375,0.0120306237301699
2.2245,3.65308101239431e-14
2.224625,-0.0120306237301401
2.22475,-0.0170138712429991
2.224875,-0.0120306237301878
2.225,3.65811998448203e-17
2.225125,0.0120306237301222
2.22525,0.0170138712429991
2.225375,0.0120306237301619
2.2255,5.62401819892941e-14
2.225625,-0.0120306237301481
2.22575,-0.0170138712429991
2.225875,-0.0120306237301798
2.226,-1.96727906655062e-14
2.226125,0.012030623730152
2.22625,0.0170138712429991
2.226375,0.0120306237301759
2.2265,1.40534508460272e-14
2.226625,-0.0120306237301341
2.22675,-0.0170138712429991
2.226875,-0.0120306237301719
2.227,-3.93821625308572e-14
2.227125,0.0120306237301381
2.22725,0.0170138712429991
2.227375,0.0120306237301898
2.2275,3.37628227113782e-14
2.227625,-0.0120306237301639
2.22775,-0.0170138712429991
2.227875,-0.012030623730164
2.228,2.80456861240977e-15
2.228125,0.012030623730146
2.22825,0.0170138712429991
2.228375,0.01203062373016
2.2285,2.25241430724202e-14
2.228625,-0.01203062373015
2.22875,-0.0170138712429991
2.228875,-0.0120306237301779
2.229,-1.69048032529412e-14
2.229125,0.0120306237301321
2.22925,0.0170138712429991
2.229375,0.0120306237301739
2.2295,4.22335149377712e-14
2.229625,-0.0120306237301361
2.22975,-0.0170138712429991
2.229875,-0.0120306237301918
2.23,-3.66141751182922e-14
2.230125,0.0120306237301619
2.23025,0.0170138712429991
2.230375,0.0120306237301879
2.2305,4.67837945042617e-17
2.230625,-0.0120306237301221
2.23075,-0.0170138712429991
2.230875,-0.012030623730162
2.231,-2.53754954793343e-14
2.231125,0.012030623730148
2.23125,0.0170138712429991
2.231375,0.0120306237301799
2.2315,1.97561556598553e-14
2.231625,-0.012030623730152
2.23175,-0.0170138712429991
2.231875,-0.0120306237301759
2.232,-1.41368158403763e-14
2.232125,0.0120306237301341
2.23225,0.0170138712429991
2.232375,0.0120306237301501
2.2325,3.94655275252063e-14
2.232625,-0.012030623730138
2.23275,-0.0170138712429991
2.232875,-0.0120306237301899
2.233,-2.8981362014183e-15
2.233125,0.0120306237301201
2.23325,0.0170138712429991
2.233375,0.012030623730164
2.2335,5.91748993905573e-14
2.233625,-0.012030623730146
2.23375,-0.0170138712429991
2.233875,-0.0120306237301819
2.234,-2.26075080667693e-14
2.234125,0.01203062373015
2.23425,0.0170138712429991
2.234375,0.012030623730178
2.2345,1.69881682472903e-14
2.234625,-0.012030623730132
2.23475,-0.0170138712429991
2.234875,-0.012030623730174
2.235,-4.23168799321203e-14
2.235125,0.012030623730136
2.23525,0.0170138712429991
2.235375,0.0120306237301919
2.2355,5.74948860833233e-15
2.235625,-0.0120306237301619
2.23575,-0.0170138712429991
2.235875,-0.012030623730166
2.236,-1.30148788853344e-16
2.236125,0.012030623730144
2.23625,0.0170138712429991
2.236375,0.0120306237301839
2.2365,2.54588604736833e-14
2.236625,-0.0120306237301479
2.23675,-0.0170138712429991
2.236875,-0.01203062373018
2.237,-1.98395206542043e-14
2.237125,0.01203062373013
2.23725,0.0170138712429991
2.237375,0.012030623730176
2.2375,4.51682323390343e-14
2.237625,-0.012030623730134
2.23775,-0.0170138712429991
2.237875,-0.0120306237301939
2.238,-3.95488925195553e-14
2.238125,0.0120306237301599
2.23825,0.0170138712429991
2.238375,0.012030623730168
2.2385,2.98150119576738e-15
2.238625,-0.0120306237301419
2.23875,-0.0170138712429991
2.238875,-0.0120306237301641
2.239,-2.83102128805974e-14
2.239125,0.0120306237301459
2.23925,0.0170138712429991
2.239375,0.012030623730182
2.2395,2.26908730611184e-14
2.239625,-0.0120306237301499
2.23975,-0.0170138712429991
2.239875,-0.012030623730178
2.24,-1.70715332416394e-14
2.240125,0.012030623730132
2.24025,0.0170138712429991
2.240375,0.0120306237301959
2.2405,4.24002449264694e-14
2.240625,-0.0120306237301578
2.24075,-0.0170138712429991
2.240875,-0.0120306237301701
2.241,-5.83285360268141e-15
2.241125,0.012030623730118
2.24125,0.0170138712429991
2.241375,0.0120306237301661
2.2415,3.11615652875114e-14
2.241625,-0.0120306237301439
2.24175,-0.0170138712429991
2.241875,-0.012030623730184
2.242,-2.55422254680324e-14
2.242125,0.0120306237301479
2.24225,0.0170138712429991
2.242375,0.01203062373018
2.2425,1.99228856485534e-14
2.242625,-0.01203062373013
2.24275,-0.0170138712429991
2.242875,-0.0120306237301542
2.243,-4.52515973333834e-14
2.243125,0.0120306237301339
2.24325,0.0170138712429991
2.243375,0.012030623730194
2.2435,8.68420600959545e-15
2.243625,-0.0120306237301598
2.24375,-0.0170138712429991
2.243875,-0.0120306237301681
2.244,-3.06486619011646e-15
2.244125,0.0120306237301419
2.24425,0.0170138712429991
2.244375,0.012030623730186
2.2445,2.83935778749464e-14
2.244625,-0.0120306237301459
2.24475,-0.0170138712429991
2.244875,-0.012030623730182
2.245,-2.27742380554675e-14
2.245125,0.012030623730128
2.24525,0.0170138712429991
2.245375,0.0120306237301781
2.2455,4.81029497402975e-14
2.245625,-0.0120306237301319
2.24575,-0.0170138712429991
2.245875,-0.012030623730196
2.246,-1.15355584165095e-14
2.246125,0.0120306237301578
2.24625,0.0170138712429991
2.246375,0.0120306237301701
2.2465,5.9162185970305e-15
2.246625,-0.0120306237301399
2.24675,-0.0170138712429991
2.246875,-0.0120306237301661
2.247,-3.12449302818605e-14
2.247125,0.0120306237301438
2.24725,0.0170138712429991
2.247375,0.0120306237301841
2.2475,2.56255904623815e-14
2.247625,-0.0120306237301478
2.24775,-0.0170138712429991
2.247875,-0.0120306237301801
2.248,1.09418008614065e-14
2.248125,0.0120306237301299
2.24825,0.0170138712429991
2.248375,0.012030623730198
2.2485,4.53349623277325e-14
2.248625,-0.0120306237301558
2.24875,-0.0170138712429991
2.248875,-0.0120306237301721
2.249,-8.76757100394453e-15
2.249125,0.0120306237301379
2.24925,0.0170138712429991
2.249375,0.0120306237301682
2.2495,3.40962826887745e-14
2.249625,-0.0120306237301418
2.24975,-0.0170138712429991
2.249875,-0.0120306237301861
2.25,-2.84769428692955e-14
2.250125,0.0120306237301458
2.25025,0.0170138712429991
2.250375,0.0120306237301821
2.2505,-8.09044845449243e-15
2.250625,-0.0120306237301279
2.25075,-0.0170138712429991
2.250875,-0.0120306237301562
2.251,-4.81863147346465e-14
2.251125,0.0120306237301538
2.25125,0.0170138712429991
2.251375,0.0120306237301742
2.2515,1.16189234108586e-14
2.251625,-0.0120306237301577
2.25175,-0.0170138712429991
2.251875,-0.0120306237301702
2.252,-3.69476350956885e-14
2.252125,0.0120306237301398
2.25225,0.0170138712429991
2.252375,0.0120306237301881
2.2525,3.13282952762096e-14
2.252625,-0.0120306237301438
2.25275,-0.0170138712429991
2.252875,-0.0120306237301841
2.253,-2.57089554567306e-14
2.253125,0.0120306237301259
2.25325,0.0170138712429991
2.253375,0.0120306237301583
2.2535,5.10376671415606e-14
2.253625,-0.0120306237301517
2.25375,-0.0170138712429991
2.253875,-0.0120306237301981
2.254,-1.44702758177726e-14
2.254125,0.0120306237301557
2.25425,0.0170138712429991
2.254375,0.0120306237301722
2.2545,8.85093599829361e-15
2.254625,-0.0120306237301378
2.25475,-0.0170138712429991
2.254875,-0.0120306237301682
2.255,-3.41796476831236e-14
2.255125,0.0120306237301418
2.25525,0.0170138712429991
2.255375,0.0120306237301861
2.2555,2.85603078636446e-14
2.255625,-0.0120306237301676
2.25575,-0.0170138712429991
2.255875,-0.0120306237301822
2.256,-5.38890195484746e-14
2.256125,0.0120306237301278
2.25625,0.0170138712429991
2.256375,0.0120306237302001
2.2565,1.73216282246866e-14
2.256625,-0.0120306237301537
2.25675,-0.0170138712429991
2.256875,-0.0120306237301742
2.257,-1.17022884052076e-14
2.257125,0.0120306237301358
2.25725,0.0170138712429991
2.257375,0.0120306237301702
2.2575,3.70310000900376e-14
2.257625,-0.0120306237301398
2.25775,-0.0170138712429991
2.257875,-0.0120306237301882
2.258,-3.14116602705586e-14
2.258125,0.0120306237301437
2.25825,0.0170138712429991
2.258375,0.0120306237301842
2.2585,-5.15573105322932e-15
2.258625,-0.0120306237301258
2.25875,-0.0170138712429991
2.258875,-0.0120306237301583
2.259,-5.11210321359097e-14
2.259125,0.0120306237301517
2.25925,0.0170138712429991
2.259375,0.0120306237301762
2.2595,1.45536408121217e-14
2.259625,-0.0120306237301556
2.25975,-0.0170138712429991
2.259875,-0.0120306237301723
2.26,-3.98823524969517e-14
2.260125,0.0120306237301377
2.26025,0.0170138712429991
2.260375,0.0120306237301902
2.2605,3.42630126774727e-14
2.260625,-0.0120306237301417
2.26075,-0.0170138712429991
2.260875,-0.0120306237301862
2.261,2.30437864631528e-15
2.261125,0.0120306237301238
2.26125,0.0170138712429991
2.261375,0.0120306237301603
2.2615,5.39723845428237e-14
2.261625,-0.0120306237301497
2.26175,-0.0170138712429991
2.261875,-0.0120306237301782
2.262,-1.74049932190357e-14
2.262125,0.0120306237301536
2.26225,0.0170138712429991
2.262375,0.0120306237301743
2.2625,1.17856533995567e-14
2.262625,-0.0120306237301357
2.26275,-0.0170138712429991
2.262875,-0.0120306237301703
2.263,-3.71143650843867e-14
2.263125,0.0120306237301397
2.26325,0.0170138712429991
2.263375,0.0120306237301882
2.2635,3.14950252649077e-14
2.263625,-0.0120306237301656
2.26375,-0.0170138712429991
2.263875,-0.0120306237301624
2.264,-5.68237369497377e-14
2.264125,0.0120306237301476
2.26425,0.0170138712429991
2.264375,0.0120306237302021
2.2645,2.02563456259498e-14
2.264625,-0.0120306237301516
2.26475,-0.0170138712429991
2.264875,-0.0120306237301763
2.265,-1.46370058064708e-14
2.265125,0.0120306237301337
2.26525,0.0170138712429991
2.265375,0.0120306237301723
2.2655,3.99657174913008e-14
2.265625,-0.0120306237301377
2.26575,-0.0170138712429991
2.265875,-0.0120306237301902
2.266,-3.43463776718218e-14
2.266125,0.0120306237301635
2.26625,0.0170138712429991
2.266375,0.0120306237301644
2.2665,-2.2210136519662e-15
2.266625,-0.0120306237301237
2.26675,-0.0170138712429991
2.266875,-0.0120306237301604
2.267,-2.31076980328638e-14
2.267125,0.0120306237301496
2.26725,0.0170138712429991
2.267375,0.0120306237301783
2.2675,1.74883582133848e-14
2.267625,-0.0120306237301317
2.26775,-0.0170138712429991
2.267875,-0.0120306237301743
2.268,-4.28170698982148e-14
2.268125,0.0120306237301357
2.26825,0.0170138712429991
2.268375,0.0120306237301922
2.2685,3.71977300787358e-14
2.268625,-0.0120306237301396
2.26875,-0.0170138712429991
2.268875,-0.0120306237301883
2.269,-6.30338754947835e-16
2.269125,0.0120306237301217
2.26925,0.0170138712429991
2.269375,0.0120306237301624
2.2695,2.59590504397778e-14
2.269625,-0.0120306237301476
2.26975,-0.0170138712429991
2.269875,-0.0120306237301803
2.27,-2.03397106202988e-14
2.270125,0.0120306237301516
2.27025,0.0170138712429991
2.270375,0.0120306237301763
2.2705,1.47203708008198e-14
2.270625,-0.0120306237301336
2.27075,-0.0170138712429991
2.270875,-0.0120306237301724
2.271,-4.00490824856498e-14
2.271125,0.0120306237301376
2.27125,0.0170138712429991
2.271375,0.0120306237301903
2.2715,3.48169116186187e-15
2.271625,-0.0120306237301197
2.27175,-0.0170138712429991
2.271875,-0.0120306237301644
2.272,-5.97584543510008e-14
2.272125,0.0120306237301456
2.27225,0.0170138712429991
2.272375,0.0120306237301823
2.2725,2.31910630272129e-14
2.272625,-0.0120306237301495
2.27275,-0.0170138712429991
2.272875,-0.0120306237301784
2.273,-1.75717232077339e-14
2.273125,0.0120306237301316
2.27325,0.0170138712429991
2.273375,0.0120306237301744
2.2735,4.29004348925639e-14
2.273625,-0.0120306237301356
2.27375,-0.0170138712429991
2.273875,-0.0120306237301923
2.274,-3.72810950730849e-14
2.274125,0.0120306237301615
2.27425,0.0170138712429991
2.274375,0.0120306237301664
2.2745,7.13703749296917e-16
2.274625,-0.0120306237301436
2.27475,-0.0170138712429991
2.274875,-0.0120306237301625
2.275,-2.60424154341269e-14
2.275125,0.0120306237301475
2.27525,0.0170138712429991
2.275375,0.0120306237301804
2.2755,2.04230756146479e-14
2.275625,-0.0120306237301296
2.27575,-0.0170138712429991
2.275875,-0.0120306237301764
2.276,-4.57517872994779e-14
2.276125,0.0120306237301336
2.27625,0.0170138712429991
2.276375,0.0120306237301943
2.2765,4.01324474799989e-14
2.276625,-0.0120306237301594
2.27675,-0.0170138712429991
2.276875,-0.0120306237301685
2.277,-3.56505615621095e-15
2.277125,0.0120306237301197
2.27725,0.0170138712429991
2.277375,0.0120306237301645
2.2775,2.88937678410409e-14
2.277625,-0.0120306237301455
2.27775,-0.0170138712429991
2.277875,-0.0120306237301824
2.278,-2.3274428021562e-14
2.278125,0.0120306237301495
2.27825,0.0170138712429991
2.278375,0.0120306237301784
2.2785,1.7655088202083e-14
2.278625,-0.0120306237301316
2.27875,-0.0170138712429991
2.278875,-0.0120306237301526
2.279,-4.2983799886913e-14
2.279125,0.0120306237301574
2.27925,0.0170138712429991
2.279375,0.0120306237301924
2.2795,6.41640856312499e-15
2.279625,-0.0120306237301176
2.27975,-0.0170138712429991
2.279875,-0.0120306237301665
2.28,-3.1745120247955e-14
2.280125,0.0120306237301435
2.28025,0.0170138712429991
2.280375,0.0120306237301844
2.2805,2.6125780428476e-14
2.280625,-0.0120306237301475
2.28075,-0.0170138712429991
2.280875,-0.0120306237301804
2.281,-2.0506440608997e-14
2.281125,0.0120306237301296
2.28125,0.0170138712429991
2.281375,0.0120306237301765
2.2815,4.5835152293827e-14
2.281625,-0.0120306237301335
2.28175,-0.0170138712429991
2.281875,-0.0120306237301944
2.282,-9.26776097003902e-15
2.282125,0.0120306237301594
2.28225,0.0170138712429991
2.282375,0.0120306237301685
2.2825,3.64842115056003e-15
2.282625,-0.0120306237301415
2.28275,-0.0170138712429991
2.282875,-0.0120306237301645
2.283,-2.897713283539e-14
2.283125,0.0120306237301454
2.28325,0.0170138712429991
2.283375,0.0120306237301825
2.2835,2.3357793015911e-14
2.283625,-0.0120306237301275
2.28375,-0.0170138712429991
2.283875,-0.0120306237301785
2.284,-4.8686504700741e-14
2.284125,0.0120306237301315
2.28425,0.0170138712429991
2.284375,0.0120306237301964
2.2845,4.3067164881262e-14
2.284625,-0.0120306237301574
2.28475,-0.0170138712429991
2.284875,-0.0120306237301705
2.285,-6.49977355747407e-15
2.285125,0.0120306237301395
2.28525,0.0170138712429991
2.285375,0.0120306237301666
2.2855,3.18284852423041e-14
2.285625,-0.0120306237301434
2.28575,-0.0170138712429991
2.285875,-0.0120306237301845
2.286,-2.62091454228251e-14
2.286125,0.0120306237301474
2.28625,0.0170138712429991
2.286375,0.0120306237301805
2.2865,-1.03582459009629e-14
2.286625,-0.0120306237301295
2.28675,-0.0170138712429991
2.286875,-0.0120306237301546
2.287,-4.59185172881761e-14
2.287125,0.0120306237301554
2.28725,0.0170138712429991
2.287375,0.0120306237301726
2.2875,9.35112596438811e-15
2.287625,-0.0120306237301156
2.28775,-0.0170138712429991
2.287875,-0.0120306237301686
2.288,-3.46798376492181e-14
2.288125,0.0120306237301414
2.28825,0.0170138712429991
2.288375,0.0120306237301865
2.2885,2.90604978297391e-14
2.288625,-0.0120306237301454
2.28875,-0.0170138712429991
2.288875,-0.0120306237301825
2.289,-2.34411580102601e-14
2.289125,0.0120306237301275
2.28925,0.0170138712429991
2.289375,0.0120306237301567
2.2895,4.87698696950901e-14
2.289625,-0.0120306237301533
2.28975,-0.0170138712429991
2.289875,-0.0120306237301965
2.29,-1.22024783713021e-14
2.290125,0.0120306237301573
2.29025,0.0170138712429991
2.290375,0.0120306237301706
2.2905,6.58313855182315e-15
2.290625,-0.0120306237301394
2.29075,-0.0170138712429991
2.290875,-0.0120306237301666
2.291,-3.19118502366531e-14
2.291125,0.0120306237301434
2.29125,0.0170138712429991
2.291375,0.0120306237301845
2.2915,2.62925104171742e-14
2.291625,-0.0120306237301255
2.29175,-0.0170138712429991
2.291875,-0.0120306237301587
2.292,-5.16212221020041e-14
2.292125,0.0120306237301294
2.29225,0.0170138712429991
2.292375,0.0120306237301985
2.2925,1.50538307782162e-14
2.292625,-0.0120306237301553
2.29275,-0.0170138712429991
2.292875,-0.0120306237301726
2.293,-9.43449095873719e-15
2.293125,0.0120306237301374
2.29325,0.0170138712429991
2.293375,0.0120306237301686
2.2935,3.47632026435672e-14
2.293625,-0.0120306237301414
2.29375,-0.0170138712429991
2.293875,-0.0120306237301865
2.294,-2.91438628240882e-14
2.294125,0.0120306237301453
2.29425,0.0170138712429991
2.294375,0.0120306237301826
2.2945,-7.42352849969978e-15
2.294625,-0.0120306237301274
2.29475,-0.0170138712429991
2.294875,-0.0120306237301567
2.295,-1.79051831851302e-14
2.295125,0.0120306237301533
2.29525,0.0170138712429991
2.295375,0.0120306237301746
2.2955,1.22858433656512e-14
2.295625,-0.0120306237301354
2.29575,-0.0170138712429991
2.295875,-0.0120306237301707
2.296,-3.76145550504812e-14
2.296125,0.0120306237301393
2.29625,0.0170138712429991
2.296375,0.0120306237301886
2.2965,3.19952152310022e-14
2.296625,-0.0120306237301433
2.29675,-0.0170138712429991
2.296875,-0.0120306237301846
2.297,4.57217609278574e-15
2.297125,0.0120306237301254
2.29725,0.0170138712429991
2.297375,0.0120306237301587
2.2975,5.17045870963532e-14
2.297625,-0.0120306237301513
2.29775,-0.0170138712429991
2.297875,-0.0120306237301766
2.298,-1.51371957725653e-14
2.298125,0.0120306237301552
2.29825,0.0170138712429991
2.298375,0.0120306237301727
2.2985,9.51785595308627e-15
2.298625,-0.0120306237301373
2.29875,-0.0170138712429991
2.298875,-0.0120306237301906
2.299,-3.48465676379163e-14
2.299125,0.0120306237301413
2.29925,0.0170138712429991
2.299375,0.0120306237301866
2.2995,2.92272278184373e-14
2.299625,-0.0120306237301234
2.29975,-0.0170138712429991
2.299875,-0.0120306237301607
2.3,-5.45559395032673e-14
2.300125,0.0120306237301492
2.30025,0.0170138712429991
2.300375,0.0120306237302005
2.3005,1.79885481794793e-14
2.300625,-0.0120306237301532
2.30075,-0.0170138712429991
2.300875,-0.0120306237301747
2.301,-1.23692083600003e-14
2.301125,0.0120306237301353
2.30125,0.0170138712429991
2.301375,0.0120306237301707
2.3015,3.76979200448303e-14
2.301625,-0.0120306237301393
2.30175,-0.0170138712429991
2.301875,-0.0120306237301886
2.302,-3.20785802253513e-14
2.302125,0.0120306237301651
2.30225,0.0170138712429991
2.302375,0.0120306237301628
2.3025,-4.48881109843666e-15
2.302625,-0.0120306237301253
2.30275,-0.0170138712429991
2.302875,-0.0120306237302026
2.303,-2.08399005863933e-14
2.303125,0.0120306237301512
2.30325,0.0170138712429991
2.303375,0.0120306237301767
2.3035,1.52205607669143e-14
2.303625,-0.0120306237301333
2.30375,-0.0170138712429991
2.303875,-0.0120306237301727
2.304,-4.05492724517443e-14
2.304125,0.0120306237301373
2.30425,0.0170138712429991
2.304375,0.0120306237301906
2.3045,3.49299326322653e-14
2.304625,-0.0120306237301631
2.30475,-0.0170138712429991
2.304875,-0.0120306237301867
2.305,1.63745869152263e-15
2.305125,0.0120306237301233
2.30525,0.0170138712429991
2.305375,0.0120306237301608
2.3055,2.36912529933074e-14
2.305625,-0.0120306237301492
2.30575,-0.0170138712429991
2.305875,-0.0120306237301787
2.306,-1.80719131738284e-14
2.306125,0.0120306237301532
2.30625,0.0170138712429991
2.306375,0.0120306237301747
2.3065,1.24525733543494e-14
2.306625,-0.0120306237301352
2.30675,-0.0170138712429991
2.306875,-0.0120306237301927
2.307,-3.77812850391794e-14
2.307125,0.0120306237301392
2.30725,0.0170138712429991
2.307375,0.0120306237301887
2.3075,1.21389371539141e-15
2.307625,-0.0120306237301213
2.30775,-0.0170138712429991
2.307875,-0.0120306237301628
2.308,-5.74906569045304e-14
2.308125,0.0120306237301472
2.30825,0.0170138712429991
2.308375,0.0120306237301807
2.3085,2.09232655807424e-14
2.308625,-0.0120306237301511
2.30875,-0.0170138712429991
2.308875,-0.0120306237301768
2.309,-1.53039257612634e-14
2.309125,0.0120306237301332
2.30925,0.0170138712429991
2.309375,0.0120306237301728
2.3095,4.06326374460934e-14
2.309625,-0.0120306237301372
2.30975,-0.0170138712429991
2.309875,-0.0120306237301907
2.31,-3.50132976266144e-14
2.310125,0.0120306237301631
2.31025,0.0170138712429991
2.310375,0.0120306237301648
2.3105,-1.55409369717354e-15
2.310625,-0.0120306237301452
2.31075,-0.0170138712429991
2.310875,-0.0120306237301828
2.311,-2.37746179876564e-14
2.311125,0.0120306237301491
2.31125,0.0170138712429991
2.311375,0.0120306237301788
2.3115,1.81552781681775e-14
2.311625,-0.0120306237301312
2.31175,-0.0170138712429991
2.311875,-0.0120306237301748
2.312,-4.34839898530074e-14
2.312125,0.0120306237301352
2.31225,0.0170138712429991
2.312375,0.0120306237301927
2.3125,3.78646500335285e-14
2.312625,-0.012030623730161
2.31275,-0.0170138712429991
2.312875,-0.0120306237301669
2.313,-1.29725870974049e-15
2.313125,0.0120306237301213
2.31325,0.0170138712429991
2.313375,0.0120306237301629
2.3135,2.66259703945705e-14
2.313625,-0.0120306237301471
2.31375,-0.0170138712429991
2.313875,-0.0120306237301808
2.314,-2.10066305750915e-14
2.314125,0.0120306237301511
2.31425,0.0170138712429991
2.314375,0.0120306237301768
2.3145,4.63353422599215e-14
2.314625,-0.0120306237301332
2.31475,-0.0170138712429991
2.314875,-0.0120306237301947
2.315,-4.07160024404425e-14
2.315125,0.012030623730159
2.31525,0.0170138712429991
2.315375,0.0120306237301908
2.3155,4.14861111665453e-15
2.315625,-0.0120306237301192
2.31575,-0.0170138712429991
2.315875,-0.0120306237301649
2.316,-2.94773228014845e-14
2.316125,0.0120306237301451
2.31625,0.0170138712429991
2.316375,0.0120306237301828
2.3165,2.38579829820055e-14
2.316625,-0.0120306237301491
2.31675,-0.0170138712429991
2.316875,-0.0120306237301788
2.317,-1.82386431625265e-14
2.317125,0.0120306237301312
2.31725,0.0170138712429991
2.317375,0.012030623730153
2.3175,4.35673548473565e-14
2.317625,-0.0120306237301351
2.31775,-0.0170138712429991
2.317875,-0.0120306237301928
2.318,-6.99996352356856e-15
2.318125,0.012030623730161
2.31825,0.0170138712429991
2.318375,0.0120306237301669
2.3185,6.32767267127075e-14
2.318625,-0.0120306237301431
2.31875,-0.0170138712429991
2.318875,-0.0120306237301848
2.319,-2.67093353889196e-14
2.319125,0.0120306237301471
2.31925,0.0170138712429991
2.319375,0.0120306237301809
2.3195,2.10899955694406e-14
2.319625,-0.0120306237301291
2.31975,-0.0170138712429991
2.319875,-0.0120306237301769
2.32,-4.64187072542706e-14
2.320125,0.0120306237301331
2.32025,0.0170138712429991
2.320375,0.0120306237301948
2.3205,9.8513159304826e-15
2.320625,-0.012030623730159
2.32075,-0.0170138712429991
2.320875,-0.0120306237301689
2.321,-4.23197611100361e-15
2.321125,0.0120306237301411
2.32125,0.0170138712429991
2.321375,0.012030623730165
2.3215,2.95606877958336e-14
2.321625,-0.012030623730145
2.32175,-0.0170138712429991
2.321875,-0.0120306237301829
2.322,-2.39413479763546e-14
2.322125,0.012030623730149
2.32225,0.0170138712429991
2.322375,0.0120306237301789
2.3225,4.92700596611846e-14
2.322625,-0.0120306237301311
2.32275,-0.0170138712429991
2.322875,-0.0120306237301968
2.323,-4.36507198417056e-14
2.323125,0.012030623730157
2.32325,0.0170138712429991
2.323375,0.0120306237301709
2.3235,7.08332851791764e-15
2.323625,-0.012030623730139
2.32375,-0.0170138712429991
2.323875,-0.012030623730167
2.324,-3.24120402027476e-14
2.324125,0.012030623730143
2.32425,0.0170138712429991
2.324375,0.0120306237301849
2.3245,2.67927003832686e-14
2.324625,-0.012030623730147
2.32475,-0.0170138712429991
2.324875,-0.0120306237301809
2.325,-2.11733605637897e-14
2.325125,0.0120306237301291
2.32525,0.0170138712429991
2.325375,0.0120306237301551
2.3255,4.65020722486196e-14
2.325625,-0.0120306237301549
2.32575,-0.0170138712429991
2.325875,-0.0120306237301948
2.326,-9.93468092483168e-15
2.326125,0.0120306237301589
2.32625,0.0170138712429991
2.326375,0.012030623730169
2.3265,3.52633926096617e-14
2.326625,-0.012030623730141
2.32675,-0.0170138712429991
2.326875,-0.0120306237301869
2.327,-2.96440527901827e-14
2.327125,0.012030623730145
2.32725,0.0170138712429991
2.327375,0.0120306237301829
2.3275,2.40247129707037e-14
2.327625,-0.0120306237301271
2.32775,-0.0170138712429991
2.327875,-0.0120306237301571
2.328,-4.93534246555337e-14
2.328125,0.012030623730131
2.32825,0.0170138712429991
2.328375,0.0120306237301969
2.3285,1.27860333317457e-14
2.328625,-0.0120306237301569
2.32875,-0.0170138712429991
2.328875,-0.012030623730171
2.329,-7.16669351226673e-15
2.329125,0.012030623730139
2.32925,0.0170138712429991
2.329375,0.012030623730167
2.3295,3.24954051970967e-14
2.329625,-0.012030623730143
2.32975,-0.0170138712429991
2.329875,-0.0120306237301849
2.33,-2.68760653776177e-14
2.330125,0.0120306237301251
2.33025,0.0170138712429991
2.330375,0.012030623730181
2.3305,5.22047770624477e-14
2.330625,-0.012030623730129
2.33075,-0.0170138712429991
2.330875,-0.0120306237301989
2.331,-1.56373857386597e-14
2.331125,0.0120306237301549
2.33125,0.0170138712429991
2.331375,0.012030623730173
2.3315,1.00180459191808e-14
2.331625,-0.012030623730137
2.33175,-0.0170138712429991
2.331875,-0.012030623730169
2.332,-3.53467576040107e-14
2.332125,0.0120306237301409
2.33225,0.0170138712429991
2.332375,0.012030623730187
2.3325,2.97274177845318e-14
2.332625,-0.0120306237301449
2.33275,-0.0170138712429991
2.332875,-0.012030623730183
2.333,6.8399735392562e-15
2.333125,0.012030623730127
2.33325,0.0170138712429991
2.333375,0.0120306237301571
2.3335,4.94367896498828e-14
2.333625,-0.0120306237301529
2.33375,-0.0170138712429991
2.333875,-0.012030623730175
2.334,-1.28693983260948e-14
2.334125,0.012030623730135
2.33425,0.0170138712429991
2.334375,0.0120306237301711
2.3345,3.81981100109248e-14
2.334625,-0.0120306237301389
2.33475,-0.0170138712429991
2.334875,-0.012030623730189
2.335,-3.25787701914458e-14
2.335125,0.0120306237301429
2.33525,0.0170138712429991
2.335375,0.012030623730185
2.3355,2.69594303719668e-14
2.335625,-0.012030623730125
2.33575,-0.0170138712429991
2.335875,-0.0120306237301591
2.336,-5.22881420567968e-14
2.336125,0.0120306237301508
2.33625,0.0170138712429991
2.336375,0.0120306237301771
2.3365,1.57207507330088e-14
2.336625,-0.0120306237301548
2.33675,-0.0170138712429991
2.336875,-0.0120306237301731
2.337,-1.01014109135298e-14
2.337125,0.0120306237301369
2.33725,0.0170138712429991
2.337375,0.0120306237301691
2.3375,3.54301225983598e-14
2.337625,-0.0120306237301409
2.33775,-0.0170138712429991
2.337875,-0.012030623730187
2.338,-2.98107827788808e-14
2.338125,0.012030623730123
2.33825,0.0170138712429991
2.338375,0.0120306237301612
2.3385,5.51394944637108e-14
2.338625,-0.0120306237301488
2.33875,-0.0170138712429991
2.338875,-0.012030623730201
2.339,-1.85721031399229e-14
2.339125,0.0120306237301528
2.33925,0.0170138712429991
2.339375,0.0120306237301751
2.3395,1.29527633204439e-14
2.339625,-0.0120306237301349
2.33975,-0.0170138712429991
2.339875,-0.0120306237301711
2.34,-3.82814750052739e-14
2.340125,0.0120306237301389
2.34025,0.0170138712429991
2.340375,0.012030623730189
2.3405,3.26621351857949e-14
2.340625,-0.0120306237301647
2.34075,-0.0170138712429991
2.340875,-0.0120306237301851
2.341,3.90525613799309e-15
2.341125,0.0120306237301249
2.34125,0.0170138712429991
2.341375,0.0120306237301592
2.3415,2.14234555468369e-14
2.341625,-0.0120306237301508
2.34175,-0.0170138712429991
2.341875,-0.0120306237301771
2.342,-1.58041157273579e-14
2.342125,0.0120306237301329
2.34225,0.0170138712429991
2.342375,0.0120306237301731
2.3425,4.11328274121879e-14
2.342625,-0.0120306237301369
2.34275,-0.0170138712429991
2.342875,-0.0120306237301911
2.343,-3.55134875927089e-14
2.343125,0.0120306237301408
2.34325,0.0170138712429991
2.343375,0.0120306237301871
2.3435,-1.05390373107905e-15
2.343625,-0.0120306237301229
2.34375,-0.0170138712429991
2.343875,-0.0120306237301612
2.344,-5.52228594580599e-14
2.344125,0.0120306237301488
2.34425,0.0170138712429991
2.344375,0.0120306237301791
2.3445,1.86554681342719e-14
2.344625,-0.0120306237301527
2.34475,-0.0170138712429991
2.344875,-0.0120306237301752
2.345,-1.3036128314793e-14
2.345125,0.0120306237301348
2.34525,0.0170138712429991
2.345375,0.0120306237301712
2.3455,3.83648399996229e-14
2.345625,-0.0120306237301388
2.34575,-0.0170138712429991
2.345875,-0.0120306237301891
2.346,-1.79744867583498e-15
2.346125,0.0120306237301209
2.34625,0.0170138712429991
2.346375,0.0120306237301632
2.3465,5.80742118649739e-14
2.346625,-0.0120306237301468
2.34675,-0.0170138712429991
2.346875,-0.0120306237301811
2.347,-2.1506820541186e-14
2.347125,0.0120306237301507
2.34725,0.0170138712429991
2.347375,0.0120306237301772
2.3475,1.5887480721707e-14
2.347625,-0.0120306237301328
2.34775,-0.0170138712429991
2.347875,-0.0120306237301732
2.348,-4.1216192406537e-14
2.348125,0.0120306237301368
2.34825,0.0170138712429991
2.348375,0.0120306237301911
2.3485,3.5596852587058e-14
2.348625,-0.0120306237301627
2.34875,-0.0170138712429991
2.348875,-0.0120306237301653
2.349,9.7053873672997e-16
2.349125,0.0120306237301447
2.34925,0.0170138712429991
2.349375,0.0120306237301613
2.3495,2.43581729481e-14
2.349625,-0.0120306237301487
2.34975,-0.0170138712429991
2.349875,-0.0120306237301792
2.35,-1.8738833128621e-14
2.350125,0.0120306237301308
2.35025,0.0170138712429991
2.350375,0.0120306237301752
2.3505,4.4067544813451e-14
2.350625,-0.0120306237301348
2.35075,-0.0170138712429991
2.350875,-0.0120306237301931
2.351,-3.8448204993972e-14
2.351125,0.0120306237301606
2.35125,0.0170138712429991
2.351375,0.0120306237301673
2.3515,1.88081367018406e-15
2.351625,-0.0120306237301208
2.35175,-0.0170138712429991
2.351875,-0.0120306237301633
2.352,-2.72095253550141e-14
2.352125,0.0120306237301467
2.35225,0.0170138712429991
2.352375,0.0120306237301812
2.3525,2.15901855355351e-14
2.352625,-0.0120306237301507
2.35275,-0.0170138712429991
2.352875,-0.0120306237301772
2.353,-1.59708457160561e-14
2.353125,0.0120306237301328
2.35325,0.0170138712429991
2.353375,0.0120306237301514
2.3535,4.12995574008861e-14
2.353625,-0.0120306237301367
2.35375,-0.0170138712429991
2.353875,-0.0120306237301912
2.354,-4.7321660770981e-15
2.354125,0.0120306237301188
2.35425,0.0170138712429991
2.354375,0.0120306237301653
2.3545,3.00608777619281e-14
2.354625,-0.0120306237301447
2.35475,-0.0170138712429991
2.354875,-0.0120306237301832
2.355,-2.44415379424491e-14
2.355125,0.0120306237301487
2.35525,0.0170138712429991
2.355375,0.0120306237301792
2.3555,1.88221981229701e-14
2.355625,-0.0120306237301307
2.35575,-0.0170138712429991
2.355875,-0.0120306237301753
2.356,-4.41509098078001e-14
2.356125,0.0120306237301347
2.35625,0.0170138712429991
2.356375,0.0120306237301932
2.3565,7.58351848401213e-15
2.356625,-0.0120306237301606
2.35675,-0.0170138712429991
2.356875,-0.0120306237301673
2.357,-1.96417866453315e-15
2.357125,0.0120306237301427
2.35725,0.0170138712429991
2.357375,0.0120306237301634
2.3575,2.72928903493631e-14
2.357625,-0.0120306237301466
2.35775,-0.0170138712429991
2.357875,-0.0120306237301813
2.358,-2.16735505298841e-14
2.358125,0.0120306237301287
2.35825,0.0170138712429991
2.358375,0.0120306237301773
2.3585,4.70022622147141e-14
2.358625,-0.0120306237301327
2.35875,-0.0170138712429991
2.358875,-0.0120306237301952
2.359,-4.13829223952351e-14
2.359125,0.0120306237301586
2.35925,0.0170138712429991
2.359375,0.0120306237301693
2.3595,4.81553107144718e-15
2.359625,-0.0120306237301407
2.35975,-0.0170138712429991
2.359875,-0.0120306237301654
2.36,-3.01442427562772e-14
2.360125,0.0120306237301446
2.36025,0.0170138712429991
2.360375,0.0120306237301833
2.3605,2.45249029367982e-14
2.360625,-0.0120306237301486
2.36075,-0.0170138712429991
2.360875,-0.0120306237301793
2.361,1.20424883869898e-14
2.361125,0.0120306237301307
2.36125,0.0170138712429991
2.361375,0.0120306237301972
2.3615,4.42342748021492e-14
2.361625,-0.0120306237301565
2.36175,-0.0170138712429991
2.361875,-0.0120306237301714
2.362,-7.66688347836122e-15
2.362125,0.0120306237301168
2.36225,0.0170138712429991
2.362375,0.0120306237301674
2.3625,3.29955951631912e-14
2.362625,-0.0120306237301426
2.36275,-0.0170138712429991
2.362875,-0.0120306237301853
2.363,-2.73762553437122e-14
2.363125,0.0120306237301466
2.36325,0.0170138712429991
2.363375,0.0120306237301813
2.3635,2.17569155242332e-14
2.363625,-0.0120306237301287
2.36375,-0.0170138712429991
2.363875,-0.0120306237301555
2.364,-4.70856272090632e-14
2.364125,0.0120306237301545
2.36425,0.0170138712429991
2.364375,0.0120306237301953
2.3645,1.05182358852753e-14
2.364625,-0.0120306237301585
2.36475,-0.0170138712429991
2.364875,-0.0120306237301694
2.365,-4.89889606579626e-15
2.365125,0.0120306237301406
2.36525,0.0170138712429991
2.365375,0.0120306237301873
2.3655,3.02276077506263e-14
2.365625,-0.0120306237301446
2.36575,-0.0170138712429991
2.365875,-0.0120306237301833
2.366,-2.46082679311473e-14
2.366125,0.0120306237301267
2.36625,0.0170138712429991
2.366375,0.0120306237301794
2.3665,4.99369796159773e-14
2.366625,-0.0120306237301306
2.36675,-0.0170138712429991
2.366875,-0.0120306237301973
2.367,-1.33695882921893e-14
2.367125,0.0120306237301565
2.36725,0.0170138712429991
2.367375,0.0120306237301714
2.3675,7.7502484727103e-15
2.367625,-0.0120306237301386
2.36775,-0.0170138712429991
2.367875,-0.0120306237301674
2.368,-3.30789601575403e-14
2.368125,0.0120306237301425
2.36825,0.0170138712429991
2.368375,0.0120306237301854
2.3685,2.74596203380613e-14
2.368625,-0.0120306237301465
2.36875,-0.0170138712429991
2.368875,-0.0120306237301814
2.369,9.10777098572667e-15
2.369125,0.0120306237301286
2.36925,0.0170138712429991
2.369375,0.0120306237301993
2.3695,4.71689922034123e-14
2.369625,-0.0120306237301545
2.36975,-0.0170138712429991
2.369875,-0.0120306237301734
2.37,-1.06016008796243e-14
2.370125,0.0120306237301366
2.37025,0.0170138712429991
2.370375,0.0120306237301695
2.3705,3.59303125644543e-14
2.370625,-0.0120306237301405
2.37075,-0.0170138712429991
2.370875,-0.0120306237301874
2.371,-3.03109727449753e-14
2.371125,0.0120306237301445
2.37125,0.0170138712429991
2.371375,0.0120306237301834
2.3715,-6.25641857881263e-15
2.371625,-0.0120306237301266
2.37175,-0.0170138712429991
2.371875,-0.0120306237301575
2.372,-5.00203446103263e-14
2.372125,0.0120306237301525
2.37225,0.0170138712429991
2.372375,0.0120306237301755
2.3725,1.34529532865384e-14
2.372625,-0.0120306237301564
2.37275,-0.0170138712429991
2.372875,-0.0120306237301715
2.373,-7.83361346705938e-15
2.373125,0.0120306237301385
2.37325,0.0170138712429991
2.373375,0.0120306237301894
2.3735,3.31623251518894e-14
2.373625,-0.0120306237301425
2.37375,-0.0170138712429991
2.373875,-0.0120306237301854
2.374,-2.75429853324104e-14
2.374125,0.0120306237301246
2.37425,0.0170138712429991
2.374375,0.0120306237301596
2.3745,5.28716970172404e-14
2.374625,-0.0120306237301504
2.37475,-0.0170138712429991
2.374875,-0.0120306237301994
2.375,-1.63043056934524e-14
2.375125,0.0120306237301544
2.37525,0.0170138712429991
2.375375,0.0120306237301735
2.3755,1.06849658739734e-14
2.375625,-0.0120306237301365
2.37575,-0.0170138712429991
2.375875,-0.0120306237301695
2.376,-3.60136775588034e-14
2.376125,0.0120306237301405
2.37625,0.0170138712429991
2.376375,0.0120306237301874
2.3765,3.03943377393244e-14
2.376625,-0.0120306237301663
2.37675,-0.0170138712429991
2.376875,-0.0120306237301616
2.377,-5.57230494241544e-14
2.377125,0.0120306237301265
2.37725,0.0170138712429991
2.377375,0.0120306237302014
2.3775,1.91556581003664e-14
2.377625,-0.0120306237301524
2.37775,-0.0170138712429991
2.377875,-0.0120306237301755
2.378,-1.35363182808875e-14
2.378125,0.0120306237301345
2.37825,0.0170138712429991
2.378375,0.0120306237301715
2.3785,3.88650299657174e-14
2.378625,-0.0120306237301385
2.37875,-0.0170138712429991
2.378875,-0.0120306237301894
2.379,-3.32456901462385e-14
2.379125,0.0120306237301424
2.37925,0.0170138712429991
2.379375,0.0120306237301855
2.3795,-3.32170117754951e-15
2.379625,-0.0120306237301245
2.37975,-0.0170138712429991
2.379875,-0.0120306237301596
2.38,-2.20070105072805e-14
2.380125,0.0120306237301504
2.38025,0.0170138712429991
2.380375,0.0120306237301775
2.3805,1.63876706878015e-14
2.380625,-0.0120306237301544
2.38075,-0.0170138712429991
2.380875,-0.0120306237301736
2.381,-4.17163823726315e-14
2.381125,0.0120306237301364
2.38125,0.0170138712429991
2.381375,0.0120306237301915
2.3815,3.60970425531525e-14
2.381625,-0.0120306237301404
2.38175,-0.0170138712429991
2.381875,-0.0120306237301875
2.382,4.70348770635479e-16
2.382125,0.0120306237301225
2.38225,0.0170138712429991
2.382375,0.0120306237301616
2.3825,5.58064144185035e-14
2.382625,-0.0120306237301484
2.38275,-0.0170138712429991
2.382875,-0.0120306237301795
2.383,-1.92390230947155e-14
2.383125,0.0120306237301523
2.38325,0.0170138712429991
2.383375,0.0120306237301756
2.3835,1.36196832752365e-14
2.383625,-0.0120306237301344
2.38375,-0.0170138712429991
2.383875,-0.0120306237301716
2.384,-3.89483949600665e-14
2.384125,0.0120306237301384
2.38425,0.0170138712429991
2.384375,0.0120306237301895
2.3845,3.33290551405875e-14
2.384625,-0.0120306237301643
2.38475,-0.0170138712429991
2.384875,-0.0120306237301637
2.385,-5.86577668254175e-14
2.385125,0.0120306237301463
2.38525,0.0170138712429991
2.385375,0.0120306237302034
2.3855,2.20903755016296e-14
2.385625,-0.0120306237301503
2.38575,-0.0170138712429991
2.385875,-0.0120306237301776
2.386,-1.64710356821506e-14
2.386125,0.0120306237301324
2.38625,0.0170138712429991
2.386375,0.0120306237301736
2.3865,4.17997473669806e-14
2.386625,-0.0120306237301364
2.38675,-0.0170138712429991
2.386875,-0.0120306237301915
2.387,-3.61804075475016e-14
2.387125,0.0120306237301622
2.38725,0.0170138712429991
2.387375,0.0120306237301657
2.3875,-3.86983776286397e-16
2.387625,-0.0120306237301224
2.38775,-0.0170138712429991
2.387875,-0.0120306237301617
2.388,-2.49417279085436e-14
2.388125,0.0120306237301483
2.38825,0.0170138712429991
2.388375,0.0120306237301796
2.3885,1.93223880890646e-14
2.388625,-0.0120306237301523
2.38875,-0.0170138712429991
2.388875,-0.0120306237301756
2.389,-4.46510997738946e-14
2.389125,0.0120306237301344
2.38925,0.0170138712429991
2.389375,0.0120306237301935
2.3895,3.90317599544156e-14
2.389625,-0.0120306237301602
2.38975,-0.0170138712429991
2.389875,-0.0120306237301896
2.39,-2.46436863062764e-15
2.390125,0.0120306237301204
2.39025,0.0170138712429991
2.390375,0.0120306237301637
2.3905,2.77930803154576e-14
2.390625,-0.0120306237301463
2.39075,-0.0170138712429991
2.390875,-0.0120306237301816
2.391,-2.21737404959786e-14
2.391125,0.0120306237301503
2.39125,0.0170138712429991
2.391375,0.0120306237301776
2.3915,1.65544006764996e-14
2.391625,-0.0120306237301324
2.39175,-0.0170138712429991
2.391875,-0.0120306237301737
2.392,-4.18831123613296e-14
2.392125,0.0120306237301363
2.39225,0.0170138712429991
2.392375,0.0120306237301916
2.3925,5.31572103754167e-15
2.392625,-0.0120306237301184
2.39275,-0.0170138712429991
2.392875,-0.0120306237301657
2.393,-6.15924842266806e-14
2.393125,0.0120306237301443
2.39325,0.0170138712429991
2.393375,0.0120306237301836
2.3935,2.50250929028927e-14
2.393625,-0.0120306237301482
2.39375,-0.0170138712429991
2.393875,-0.0120306237301797
2.394,-1.94057530834137e-14
2.394125,0.0120306237301303
2.39425,0.0170138712429991
2.394375,0.0120306237301757
2.3945,4.47344647682437e-14
2.394625,-0.0120306237301343
2.39475,-0.0170138712429991
2.394875,-0.0120306237301936
2.395,-3.91151249487647e-14
2.395125,0.0120306237301602
2.39525,0.0170138712429991
2.395375,0.0120306237301677
2.3955,2.54773362497672e-15
2.395625,-0.0120306237301423
2.39575,-0.0170138712429991
2.395875,-0.0120306237301638
2.396,-2.78764453098067e-14
2.396125,0.0120306237301462
2.39625,0.0170138712429991
2.396375,0.0120306237301817
2.3965,2.22571054903277e-14
2.396625,-0.0120306237301283
2.39675,-0.0170138712429991
2.396875,-0.0120306237301777
2.397,-4.75858171751577e-14
2.397125,0.0120306237301323
2.39725,0.0170138712429991
2.397375,0.0120306237301956
2.3975,4.19664773556787e-14
2.397625,-0.0120306237301581
2.39775,-0.0170138712429991
2.397875,-0.0120306237301698
2.398,-5.39908603189076e-15
2.398125,0.0120306237301184
2.39825,0.0170138712429991
2.398375,0.0120306237301658
2.3985,3.07277977167207e-14
2.398625,-0.0120306237301442
2.39875,-0.0170138712429991
2.398875,-0.0120306237301837
2.399,-2.51084578972418e-14
2.399125,0.0120306237301482
2.39925,0.0170138712429991
2.399375,0.0120306237301797
2.3995,1.94891180777628e-14
2.399625,-0.0120306237301303
2.39975,-0.0170138712429991
2.399875,-0.0120306237301539
2.4,-4.48178297625928e-14
2.400125,0.0120306237301561
2.40025,0.0170138712429991
2.400375,0.0120306237301937
2.4005,8.25043843880479e-15
2.400625,-0.0120306237301163
2.40075,-0.0170138712429991
2.400875,-0.0120306237301678
2.401,-3.35791501236348e-14
2.401125,0.0120306237301422
2.40125,0.0170138712429991
2.401375,0.0120306237301857
2.4015,2.79598103041558e-14
2.401625,-0.0120306237301462
2.40175,-0.0170138712429991
2.401875,-0.0120306237301817
2.402,-2.23404704846768e-14
2.402125,0.0120306237301283
2.40225,0.0170138712429991
2.402375,0.0120306237301559
2.4025,4.76691821695068e-14
2.402625,-0.0120306237301322
2.40275,-0.0170138712429991
2.402875,-0.0120306237301957
2.403,-1.11017908457188e-14
2.403125,0.0120306237301581
2.40325,0.0170138712429991
2.403375,0.0120306237301698
2.4035,5.48245102623984e-15
2.403625,-0.0120306237301402
2.40375,-0.0170138712429991
2.403875,-0.0120306237301658
2.404,-3.08111627110698e-14
2.404125,0.0120306237301442
2.40425,0.0170138712429991
2.404375,0.0120306237301838
2.4045,2.51918228915908e-14
2.404625,-0.0120306237301262
2.40475,-0.0170138712429991
2.404875,-0.0120306237301798
2.405,-5.05205345764208e-14
2.405125,0.0120306237301302
2.40525,0.0170138712429991
2.405375,0.0120306237301977
2.4055,1.39531432526329e-14
2.405625,-0.0120306237301561
2.40575,-0.0170138712429991
2.405875,-0.0120306237301718
2.406,-8.33380343315387e-15
2.406125,0.0120306237301382
2.40625,0.0170138712429991
2.406375,0.0120306237301679
2.4065,3.36625151179839e-14
2.406625,-0.0120306237301421
2.40675,-0.0170138712429991
2.406875,-0.0120306237301858
2.407,-2.80431752985049e-14
2.407125,0.0120306237301461
2.40725,0.0170138712429991
2.407375,0.0120306237301818
2.4075,-8.52421602528309e-15
2.407625,-0.0120306237301282
2.40775,-0.0170138712429991
2.407875,-0.0120306237301559
2.408,-4.77525471638559e-14
2.408125,0.0120306237301541
2.40825,0.0170138712429991
2.408375,0.0120306237301738
2.4085,1.11851558400679e-14
2.408625,-0.0120306237301361
2.40875,-0.0170138712429991
2.408875,-0.0120306237301699
2.409,-3.65138675248979e-14
2.409125,0.0120306237301401
2.40925,0.0170138712429991
2.409375,0.0120306237301878
2.4095,3.08945277054189e-14
2.409625,-0.0120306237301441
2.40975,-0.0170138712429991
2.409875,-0.0120306237301838
2.41,-2.52751878859399e-14
2.410125,0.0120306237301262
2.41025,0.0170138712429991
2.410375,0.012030623730158
2.4105,5.06038995707699e-14
2.410625,-0.012030623730152
2.41075,-0.0170138712429991
2.410875,-0.0120306237301977
2.411,-1.40365082469819e-14
2.411125,0.012030623730156
2.41125,0.0170138712429991
2.411375,0.0120306237301719
2.4115,8.41716842750295e-15
2.411625,-0.0120306237301381
2.41175,-0.0170138712429991
2.411875,-0.0120306237301679
2.412,-3.37458801123329e-14
2.412125,0.0120306237301421
2.41225,0.0170138712429991
2.412375,0.0120306237301858
2.4125,2.8126540292854e-14
2.412625,-0.0120306237301242
2.41275,-0.0170138712429991
2.412875,-0.01203062373016
2.413,-5.34552519776839e-14
2.413125,0.0120306237301281
2.41325,0.0170138712429991
2.413375,0.0120306237301998
2.4135,1.6887860653896e-14
2.413625,-0.012030623730154
2.41375,-0.0170138712429991
2.413875,-0.0120306237301739
2.414,-1.1268520834417e-14
2.414125,0.0120306237301361
2.41425,0.0170138712429991
2.414375,0.0120306237301699
2.4145,3.6597232519247e-14
2.414625,-0.0120306237301401
2.41475,-0.0170138712429991
2.414875,-0.0120306237301878
2.415,-3.0977892699768e-14
2.415125,0.0120306237301659
2.41525,0.0170138712429991
2.415375,0.0120306237301839
2.4155,-5.58949862401998e-15
2.415625,-0.0120306237301261
2.41575,-0.0170138712429991
2.415875,-0.012030623730158
2.416,-1.973921306081e-14
2.416125,0.012030623730152
2.41625,0.0170138712429991
2.416375,0.0120306237301759
2.4165,1.4119873241331e-14
2.416625,-0.0120306237301341
2.41675,-0.0170138712429991
2.416875,-0.0120306237301719
2.417,-3.9448584926161e-14
2.417125,0.012030623730138
2.41725,0.0170138712429991
2.417375,0.0120306237301899
2.4175,3.3829245106682e-14
2.417625,-0.012030623730142
2.41775,-0.0170138712429991
2.417875,-0.0120306237301859
2.418,2.73814621710594e-15
2.418125,0.0120306237301241
2.41825,0.0170138712429991
2.418375,0.01203062373016
2.4185,5.3538616972033e-14
2.418625,-0.01203062373015
2.41875,-0.0170138712429991
2.418875,-0.0120306237301779
2.419,-1.69712256482451e-14
2.419125,0.0120306237301539
2.41925,0.0170138712429991
2.419375,0.012030623730174
2.4195,1.13518858287661e-14
2.419625,-0.012030623730136
2.41975,-0.0170138712429991
2.419875,-0.01203062373017
2.42,-3.66805975135961e-14
2.420125,0.01203062373014
2.42025,0.0170138712429991
2.420375,0.0120306237301879
2.4205,3.10612576941171e-14
2.420625,-0.0120306237301221
2.42075,-0.0170138712429991
2.420875,-0.012030623730162
2.421,-5.63899693789471e-14
2.421125,0.0120306237301479
2.42125,0.0170138712429991
2.421375,0.01203062373018
2.4215,1.98225780551591e-14
2.421625,-0.0120306237301519
2.42175,-0.0170138712429991
2.421875,-0.012030623730176
2.422,-1.42032382356801e-14
2.422125,0.012030623730134
2.42225,0.0170138712429991
2.422375,0.012030623730172
2.4225,3.95319499205101e-14
2.422625,-0.012030623730138
2.42275,-0.0170138712429991
2.422875,-0.0120306237301899
2.423,-3.39126101010311e-14
2.423125,0.0120306237301638
2.42325,0.0170138712429991
2.423375,0.0120306237301641
2.4235,-2.65478122275686e-15
2.423625,-0.012030623730124
2.42375,-0.0170138712429991
2.423875,-0.0120306237302039
2.424,-2.26739304620731e-14
2.424125,0.0120306237301499
2.42425,0.0170138712429991
2.424375,0.012030623730178
2.4245,1.70545906425941e-14
2.424625,-0.012030623730132
2.42475,-0.0170138712429991
2.424875,-0.012030623730174
2.425,-4.23833023274241e-14
2.425125,0.012030623730136
2.42525,0.0170138712429991
2.425375,0.0120306237301919
2.4255,3.67639625079451e-14
2.425625,-0.0120306237301618
2.42575,-0.0170138712429991
2.425875,-0.012030623730188
2.426,-1.96571184157177e-16
2.426125,0.012030623730122
2.42625,0.0170138712429991
2.426375,0.0120306237301621
2.4265,2.55252828689872e-14
2.426625,-0.0120306237301479
2.42675,-0.0170138712429991
2.426875,-0.01203062373018
2.427,-1.99059430495082e-14
2.427125,0.0120306237301519
2.42725,0.0170138712429991
2.427375,0.012030623730176
2.4275,1.42866032300292e-14
2.427625,-0.012030623730134
2.42775,-0.0170138712429991
2.427875,-0.012030623730194
2.428,-3.96153149148592e-14
2.428125,0.0120306237301379
2.42825,0.0170138712429991
2.428375,0.01203062373019
2.4285,3.04792359107121e-15
2.428625,-0.01203062373012
2.42875,-0.0170138712429991
2.428875,-0.0120306237301641
2.429,-5.93246867802102e-14
2.429125,0.0120306237301459
2.42925,0.0170138712429991
2.429375,0.012030623730182
2.4295,2.27572954564222e-14
2.429625,-0.0120306237301498
2.42975,-0.0170138712429991
2.429875,-0.0120306237301781
2.43,-1.71379556369432e-14
2.430125,0.0120306237301319
2.43025,0.0170138712429991
2.430375,0.0120306237301741
2.4305,4.24666673217732e-14
2.430625,-0.0120306237301359
2.43075,-0.0170138712429991
2.430875,-0.012030623730192
2.431,-5.89927599798525e-15
2.431125,0.0120306237301618
2.43125,0.0170138712429991
2.431375,0.0120306237301661
2.4315,2.79936178506259e-16
2.431625,-0.0120306237301439
2.43175,-0.0170138712429991
2.431875,-0.012030623730184
2.432,-2.56086478633362e-14
2.432125,0.0120306237301478
2.43225,0.0170138712429991
2.432375,0.0120306237301801
2.4325,1.99893080438573e-14
2.432625,-0.0120306237301299
2.43275,-0.0170138712429991
2.432875,-0.0120306237301761
2.433,-4.53180197286872e-14
2.433125,0.0120306237301339
2.43325,0.0170138712429991
2.433375,0.012030623730194
2.4335,3.96986799092083e-14
2.433625,-0.0120306237301598
2.43375,-0.0170138712429991
2.433875,-0.0120306237301682
2.434,-3.13128858542029e-15
2.434125,0.0120306237301418
2.43425,0.0170138712429991
2.434375,0.0120306237301642
2.4345,2.84600002702503e-14
2.434625,-0.0120306237301458
2.43475,-0.0170138712429991
2.434875,-0.0120306237301821
2.435,-2.28406604507713e-14
2.435125,0.0120306237301498
2.43525,0.0170138712429991
2.435375,0.0120306237301781
2.4355,1.72213206312923e-14
2.435625,-0.0120306237301319
2.43575,-0.0170138712429991
2.435875,-0.012030623730196
2.436,-4.25500323161223e-14
2.436125,0.0120306237301577
2.43625,0.0170138712429991
2.436375,0.0120306237301921
2.4365,5.98264099233433e-15
2.436625,-0.0120306237301179
2.43675,-0.0170138712429991
2.436875,-0.0120306237301662
2.437,-3.13113526771643e-14
2.437125,0.0120306237301438
2.43725,0.0170138712429991
2.437375,0.0120306237301841
2.4375,2.56920128576853e-14
2.437625,-0.0120306237301478
2.43775,-0.0170138712429991
2.437875,-0.0120306237301801
2.438,-2.00726730382063e-14
2.438125,0.0120306237301299
2.43825,0.0170138712429991
2.438375,0.0120306237301543
2.4385,4.54013847230363e-14
2.438625,-0.0120306237301338
2.43875,-0.0170138712429991
2.438875,-0.0120306237301941
2.439,-8.83399339924836e-15
2.439125,0.0120306237301597
2.43925,0.0170138712429991
2.439375,0.0120306237301682
2.4395,6.51107565883873e-14
2.439625,-0.0120306237301418
2.43975,-0.0170138712429991
2.439875,-0.0120306237301861
2.44,-2.85433652645994e-14
2.440125,0.0120306237301458
2.44025,0.0170138712429991
2.440375,0.0120306237301821
2.4405,2.29240254451204e-14
2.440625,-0.0120306237301278
2.44075,-0.0170138712429991
2.440875,-0.0120306237301782
2.441,-4.82527371299504e-14
2.441125,0.0120306237301318
2.44125,0.0170138712429991
2.441375,0.0120306237301961
2.4415,1.16853458061624e-14
2.441625,-0.0120306237301577
2.44175,-0.0170138712429991
2.441875,-0.0120306237301702
2.442,-6.06600598668341e-15
2.442125,0.0120306237301398
2.44225,0.0170138712429991
2.442375,0.0120306237301663
2.4425,3.13947176715134e-14
2.442625,-0.0120306237301437
2.44275,-0.0170138712429991
2.442875,-0.0120306237301842
2.443,-2.57753778520344e-14
2.443125,0.0120306237301477
2.44325,0.0170138712429991
2.443375,0.0120306237301802
2.4435,5.11040895368644e-14
2.443625,-0.0120306237301298
2.44375,-0.0170138712429991
2.443875,-0.0120306237301981
2.444,-4.54847497173854e-14
2.444125,0.0120306237301557
2.44425,0.0170138712429991
2.444375,0.0120306237301722
2.4445,8.91735839359745e-15
2.444625,-0.0120306237301377
2.44475,-0.0170138712429991
2.444875,-0.0120306237301683
2.445,-3.42460700784274e-14
2.445125,0.0120306237301417
2.44525,0.0170138712429991
2.445375,0.0120306237301862
2.4455,2.86267302589484e-14
2.445625,-0.0120306237301457
2.44575,-0.0170138712429991
2.445875,-0.0120306237301822
2.446,-2.30073904394695e-14
2.446125,0.0120306237301278
2.44625,0.0170138712429991
2.446375,0.0120306237301564
2.4465,4.83361021242994e-14
2.446625,-0.0120306237301536
2.44675,-0.0170138712429991
2.446875,-0.0120306237301743
2.447,-1.17687108005115e-14
2.447125,0.0120306237301576
2.44725,0.0170138712429991
2.447375,0.0120306237301703
2.4475,3.70974224853415e-14
2.447625,-0.0120306237301397
2.44775,-0.0170138712429991
2.447875,-0.0120306237301882
2.448,-3.14780826658625e-14
2.448125,0.0120306237301437
2.44825,0.0170138712429991
2.448375,0.0120306237301842
2.4485,2.58587428463835e-14
2.448625,-0.0120306237301258
2.44875,-0.0170138712429991
2.448875,-0.0120306237301584
2.449,-5.11874545312135e-14
2.449125,0.0120306237301297
2.44925,0.0170138712429991
2.449375,0.0120306237301982
2.4495,1.46200632074255e-14
2.449625,-0.0120306237301556
2.44975,-0.0170138712429991
2.449875,-0.0120306237301723
2.45,-9.00072338794653e-15
2.450125,0.0120306237301377
2.45025,0.0170138712429991
2.450375,0.0120306237301683
2.4505,3.43294350727765e-14
2.450625,-0.0120306237301417
2.45075,-0.0170138712429991
2.450875,-0.0120306237301862
2.451,-2.87100952532975e-14
2.451125,0.0120306237301675
2.45125,0.0170138712429991
2.451375,0.0120306237301823
2.4515,5.40388069381275e-14
2.451625,-0.0120306237301277
2.45175,-0.0170138712429991
2.451875,-0.0120306237302002
2.452,-1.74714156143396e-14
2.452125,0.0120306237301536
2.45225,0.0170138712429991
2.452375,0.0120306237301743
2.4525,1.18520757948606e-14
2.452625,-0.0120306237301357
2.45275,-0.0170138712429991
2.452875,-0.0120306237301703
2.453,-3.71807874796905e-14
2.453125,0.0120306237301396
2.45325,0.0170138712429991
2.453375,0.0120306237301883
2.4535,3.15614476602116e-14
2.453625,-0.0120306237301436
2.45375,-0.0170138712429991
2.453875,-0.0120306237301843
2.454,5.0059436635764e-15
2.454125,0.0120306237301257
2.45425,0.0170138712429991
2.454375,0.0120306237301584
2.4545,5.12708195255626e-14
2.454625,-0.0120306237301516
2.45475,-0.0170138712429991
2.454875,-0.0120306237301763
2.455,-1.47034282017746e-14
2.455125,0.0120306237301337
2.45525,0.0170138712429991
2.455375,0.0120306237301724
2.4555,4.00321398866046e-14
2.455625,-0.0120306237301376
2.45575,-0.0170138712429991
2.455875,-0.0120306237301903
2.456,-3.44128000671256e-14
2.456125,0.0120306237301416
2.45625,0.0170138712429991
2.456375,0.0120306237301863
2.4565,-2.15459125666237e-15
2.456625,-0.0120306237301237
2.45675,-0.0170138712429991
2.456875,-0.0120306237301604
2.457,-5.41221719324766e-14
2.457125,0.0120306237301496
2.45725,0.0170138712429991
2.457375,0.0120306237301784
2.4575,1.75547806086886e-14
2.457625,-0.0120306237301535
2.45775,-0.0170138712429991
2.457875,-0.0120306237301744
2.458,-1.19354407892096e-14
2.458125,0.0120306237301356
2.45825,0.0170138712429991
2.458375,0.0120306237301704
2.4585,3.72641524740396e-14
2.458625,-0.0120306237301396
2.45875,-0.0170138712429991
2.458875,-0.0120306237301883
2.459,-3.16448126545606e-14
2.459125,0.0120306237301217
2.45925,0.0170138712429991
2.459375,0.0120306237301625
2.4595,5.69735243393906e-14
2.459625,-0.0120306237301475
2.45975,-0.0170138712429991
2.459875,-0.0120306237302023
2.46,-2.04061330156027e-14
2.460125,0.0120306237301515
2.46025,0.0170138712429991
2.460375,0.0120306237301764
2.4605,1.47867931961237e-14
2.460625,-0.0120306237301336
2.46075,-0.0170138712429991
2.460875,-0.0120306237301724
2.461,-4.01155048809537e-14
2.461125,0.0120306237301376
2.46125,0.0170138712429991
2.461375,0.0120306237301903
2.4615,3.44961650614747e-14
2.461625,-0.0120306237301634
2.46175,-0.0170138712429991
2.461875,-0.0120306237301864
2.462,2.07122626231328e-15
2.462125,0.0120306237301236
2.46225,0.0170138712429991
2.462375,0.0120306237301605
2.4625,2.32574854225167e-14
2.462625,-0.0120306237301495
2.46275,-0.0170138712429991
2.462875,-0.0120306237301784
2.463,-1.76381456030377e-14
2.463125,0.0120306237301316
2.46325,0.0170138712429991
2.463375,0.0120306237301744
2.4635,4.29668572878677e-14
2.463625,-0.0120306237301356
2.46375,-0.0170138712429991
2.463875,-0.0120306237301923
2.464,-3.73475174683887e-14
2.464125,0.0120306237301395
2.46425,0.0170138712429991
2.464375,0.0120306237301884
2.4645,7.80126144600751e-16
2.464625,-0.0120306237301216
2.46475,-0.0170138712429991
2.464875,-0.0120306237301625
2.465,-5.70568893337397e-14
2.465125,0.0120306237301475
2.46525,0.0170138712429991
2.465375,0.0120306237301804
2.4655,2.04894980099518e-14
2.465625,-0.0120306237301515
2.46575,-0.0170138712429991
2.465875,-0.0120306237301765
2.466,-1.48701581904728e-14
2.466125,0.0120306237301335
2.46625,0.0170138712429991
2.466375,0.0120306237301725
2.4665,4.01988698753027e-14
2.466625,-0.0120306237301375
2.46675,-0.0170138712429991
2.466875,-0.0120306237301904
2.467,-3.63147855151479e-15
2.467125,0.0120306237301196
2.46725,0.0170138712429991
2.467375,0.0120306237301645
2.4675,5.99082417406538e-14
2.467625,-0.0120306237301455
2.46775,-0.0170138712429991
2.467875,-0.0120306237301824
2.468,-2.33408504168658e-14
2.468125,0.0120306237301494
2.46825,0.0170138712429991
2.468375,0.0120306237301785
2.4685,1.77215105973868e-14
2.468625,-0.0120306237301315
2.46875,-0.0170138712429991
2.468875,-0.0120306237301745
2.469,-4.30502222822168e-14
2.469125,0.0120306237301355
2.46925,0.0170138712429991
2.469375,0.0120306237301924
2.4695,3.74308824627378e-14
2.469625,-0.0120306237301614
2.46975,-0.0170138712429991
2.469875,-0.0120306237301665
2.47,-8.63491138949833e-16
2.470125,0.0120306237301434
2.47025,0.0170138712429991
2.470375,0.0120306237301626
2.4705,2.61922028237798e-14
2.470625,-0.0120306237301474
2.47075,-0.0170138712429991
2.470875,-0.0120306237301805
2.471,-2.05728630043008e-14
2.471125,0.0120306237301295
2.47125,0.0170138712429991
2.471375,0.0120306237301765
2.4715,4.59015746891308e-14
2.471625,-0.0120306237301335
2.47175,-0.0170138712429991
2.471875,-0.0120306237301944
2.472,-4.02822348696518e-14
2.472125,0.0120306237301593
2.47225,0.0170138712429991
2.472375,0.0120306237301686
2.4725,3.71484354586387e-15
2.472625,-0.0120306237301195
2.47275,-0.0170138712429991
2.472875,-0.0120306237301646
2.473,-2.90435552306939e-14
2.473125,0.0120306237301454
2.47325,0.0170138712429991
2.473375,0.0120306237301825
2.4735,2.34242154112149e-14
2.473625,-0.0120306237301494
2.47375,-0.0170138712429991
2.473875,-0.0120306237301785
2.474,-1.78048755917359e-14
2.474125,0.0120306237301315
2.47425,0.0170138712429991
2.474375,0.0120306237301527
2.4745,4.31335872765659e-14
2.474625,-0.0120306237301354
2.47475,-0.0170138712429991
2.474875,-0.0120306237301925
2.475,-6.5661959527779e-15
2.475125,0.0120306237301175
2.47525,0.0170138712429991
2.475375,0.0120306237301666
2.4755,3.18949076376079e-14
2.475625,-0.0120306237301434
2.47575,-0.0170138712429991
2.475875,-0.0120306237301845
2.476,-2.62755678181289e-14
2.476125,0.0120306237301474
2.47625,0.0170138712429991
2.476375,0.0120306237301805
2.4765,2.06562279986499e-14
2.476625,-0.0120306237301294
2.47675,-0.0170138712429991
2.476875,-0.0120306237301766
2.477,-4.59849396834799e-14
2.477125,0.0120306237301334
2.47725,0.0170138712429991
2.477375,0.0120306237301945
2.4775,9.41754835969194e-15
2.477625,-0.0120306237301593
2.47775,-0.0170138712429991
2.477875,-0.0120306237301686
2.478,-3.79820854021295e-15
2.478125,0.0120306237301414
2.47825,0.0170138712429991
2.478375,0.0120306237301647
2.4785,2.91269202250429e-14
2.478625,-0.0120306237301453
2.47875,-0.0170138712429991
2.478875,-0.0120306237301826
2.479,-2.35075804055639e-14
2.479125,0.0120306237301274
2.47925,0.0170138712429991
2.479375,0.0120306237301786
2.4795,4.88362920903939e-14
2.479625,-0.0120306237301314
2.47975,-0.0170138712429991
2.479875,-0.0120306237301965
2.48,-4.3216952270915e-14
2.480125,0.0120306237301573
2.48025,0.0170138712429991
2.480375,0.0120306237301706
2.4805,6.64956094712698e-15
2.480625,-0.0120306237301394
2.48075,-0.0170138712429991
2.480875,-0.0120306237301667
2.481,-3.1978272631957e-14
2.481125,0.0120306237301433
2.48125,0.0170138712429991
2.481375,0.0120306237301846
2.4815,2.6358932812478e-14
2.481625,-0.0120306237301473
2.48175,-0.0170138712429991
2.481875,-0.0120306237301806
2.482,1.020845851131e-14
2.482125,0.0120306237301294
2.48225,0.0170138712429991
2.482375,0.0120306237301547
2.4825,4.6068304677829e-14
2.482625,-0.0120306237301552
2.48275,-0.0170138712429991
2.482875,-0.0120306237301727
2.483,-9.50091335404102e-15
2.483125,0.0120306237301155
2.48325,0.0170138712429991
2.483375,0.0120306237301687
2.4835,3.4829625038871e-14
2.483625,-0.0120306237301413
2.48375,-0.0170138712429991
2.483875,-0.0120306237301866
2.484,-2.9210285219392e-14
2.484125,0.0120306237301453
2.48425,0.0170138712429991
2.484375,0.0120306237301826
2.4845,2.3590945399913e-14
2.484625,-0.0120306237301274
2.48475,-0.0170138712429991
2.484875,-0.0120306237301568
2.485,-4.8919657084743e-14
2.485125,0.0120306237301532
2.48525,0.0170138712429991
2.485375,0.0120306237301966
2.4855,1.23522657609551e-14
2.485625,-0.0120306237301572
2.48575,-0.0170138712429991
2.485875,-0.0120306237301707
2.486,-6.73292594147607e-15
2.486125,0.0120306237301393
2.48625,0.0170138712429991
2.486375,0.0120306237301886
2.4865,3.20616376263061e-14
2.486625,-0.0120306237301433
2.48675,-0.0170138712429991
2.486875,-0.0120306237301846
2.487,-2.64422978068271e-14
2.487125,0.0120306237301254
2.48725,0.0170138712429991
2.487375,0.0120306237301807
2.4875,5.17710094916571e-14
2.487625,-0.0120306237301293
2.48775,-0.0170138712429991
2.487875,-0.0120306237301986
2.488,-1.52036181678691e-14
2.488125,0.0120306237301552
2.48825,0.0170138712429991
2.488375,0.0120306237301727
2.4885,9.5842783483901e-15
2.488625,-0.0120306237301373
2.48875,-0.0170138712429991
2.488875,-0.0120306237301687
2.489,-3.49129900332201e-14
2.489125,0.0120306237301413
2.48925,0.0170138712429991
2.489375,0.0120306237301867
2.4895,2.92936502137411e-14
2.489625,-0.0120306237301452
2.48975,-0.0170138712429991
2.489875,-0.0120306237301827
2.49,7.27374111004686e-15
2.490125,0.0120306237301273
2.49025,0.0170138712429991
2.490375,0.0120306237302006
2.4905,4.90030220790921e-14
2.490625,-0.0120306237301532
2.49075,-0.0170138712429991
2.490875,-0.0120306237301747
2.491,-1.24356307553041e-14
2.491125,0.0120306237301353
2.49125,0.0170138712429991
2.491375,0.0120306237301708
2.4915,3.77643424401341e-14
2.491625,-0.0120306237301392
2.49175,-0.0170138712429991
2.491875,-0.0120306237301887
2.492,-3.21450026206551e-14
2.492125,0.0120306237301432
2.49225,0.0170138712429991
2.492375,0.0120306237301847
2.4925,-4.42238870313283e-15
2.492625,-0.0120306237301253
2.49275,-0.0170138712429991
2.492875,-0.0120306237301588
2.493,-5.18543744860061e-14
2.493125,0.0120306237301512
2.49325,0.0170138712429991
2.493375,0.0120306237301767
2.4935,1.52869831622182e-14
2.493625,-0.0120306237301551
2.49375,-0.0170138712429991
2.493875,-0.0120306237301728
2.494,-9.66764334273918e-15
2.494125,0.0120306237301372
2.49425,0.0170138712429991
2.494375,0.0120306237301907
2.4945,3.49963550275692e-14
2.494625,-0.0120306237301412
2.49475,-0.0170138712429991
2.494875,-0.0120306237301867
2.495,-2.93770152080902e-14
2.495125,0.0120306237301233
2.49525,0.0170138712429991
2.495375,0.0120306237301609
2.4955,5.47057268929202e-14
2.495625,-0.0120306237301491
2.49575,-0.0170138712429991
2.495875,-0.0120306237302006
2.496,-1.81383355691322e-14
2.496125,0.0120306237301531
2.49625,0.0170138712429991
2.496375,0.0120306237301748
2.4965,1.25189957496532e-14
2.496625,-0.0120306237301352
2.49675,-0.0170138712429991
2.496875,-0.0120306237301708
2.497,-3.78477074344832e-14
2.497125,0.0120306237301392
2.49725,0.0170138712429991
2.497375,0.0120306237301887
2.4975,3.22283676150042e-14
2.497625,-0.012030623730165
2.49775,-0.0170138712429991
2.497875,-0.0120306237301629
2.498,4.33902370878375e-15
2.498125,0.0120306237301252
2.49825,0.0170138712429991
2.498375,0.0120306237302027
2.4985,2.09896879760462e-14
2.498625,-0.0120306237301511
2.49875,-0.0170138712429991
2.498875,-0.0120306237301768
2.499,-1.53703481565673e-14
2.499125,0.0120306237301332
2.49925,0.0170138712429991
2.499375,0.0120306237301728
2.4995,4.06990598413972e-14
2.499625,-0.0120306237301372
2.49975,-0.0170138712429991
2.499875,-0.0120306237301907
2.5,-3.50797200219183e-14
2.500125,0.0120306237301411
2.50025,0.0170138712429991
2.500375,0.0120306237301868
2.5005,-1.48767130186971e-15
2.500625,-0.0120306237301232
2.50075,-0.0170138712429991
2.500875,-0.0120306237301609
2.501,-2.38410403829603e-14
2.501125,0.0120306237301491
2.50125,0.0170138712429991
2.501375,0.0120306237301788
2.5015,1.82217005634813e-14
2.501625,-0.0120306237301531
2.50175,-0.0170138712429991
2.501875,-0.0120306237301749
2.502,-4.35504122483113e-14
2.502125,0.0120306237301351
2.50225,0.0170138712429991
2.502375,0.0120306237301928
2.5025,3.79310724288323e-14
2.502625,-0.0120306237301391
2.50275,-0.0170138712429991
2.502875,-0.0120306237301888
2.503,-1.36368110504432e-15
2.503125,0.0120306237301212
2.50325,0.0170138712429991
2.503375,0.0120306237301629
2.5035,5.76404442941833e-14
2.503625,-0.0120306237301471
2.50375,-0.0170138712429991
2.503875,-0.0120306237301808
2.504,-2.10730529703953e-14
2.504125,0.012030623730151
2.50425,0.0170138712429991
2.504375,0.0120306237301769
2.5045,1.54537131509163e-14
2.504625,-0.0120306237301331
2.50475,-0.0170138712429991
2.504875,-0.0120306237301729
2.505,-4.07824248357463e-14
2.505125,0.0120306237301371
2.50525,0.0170138712429991
2.505375,0.0120306237301908
2.5055,3.51630850162673e-14
2.505625,-0.012030623730163
2.50575,-0.0170138712429991
2.505875,-0.0120306237301649
2.506,-6.04917967010973e-14
2.506125,0.012030623730145
2.50625,0.0170138712429991
2.506375,0.0120306237302047
2.5065,2.39244053773094e-14
2.506625,-0.012030623730149
2.50675,-0.0170138712429991
2.506875,-0.0120306237301789
2.507,-1.83050655578304e-14
2.507125,0.0120306237301311
2.50725,0.0170138712429991
2.507375,0.0120306237301749
2.5075,4.36337772426604e-14
2.507625,-0.0120306237301351
2.50775,-0.0170138712429991
2.507875,-0.0120306237301928
2.508,-3.80144374231814e-14
2.508125,0.0120306237301609
2.50825,0.0170138712429991
2.508375,0.012030623730167
2.5085,1.44704609939341e-15
2.508625,-0.0120306237301212
2.50875,-0.0170138712429991
2.508875,-0.012030623730163
2.509,-2.67757577842234e-14
2.509125,0.012030623730147
2.50925,0.0170138712429991
2.509375,0.0120306237301809
2.5095,2.11564179647444e-14
2.509625,-0.012030623730151
2.50975,-0.0170138712429991
2.509875,-0.0120306237301769
2.51,-4.64851296495744e-14
2.510125,0.0120306237301331
2.51025,0.0170138712429991
2.510375,0.0120306237301948
2.5105,4.08657898300954e-14
2.510625,-0.0120306237301589
2.51075,-0.0170138712429991
2.510875,-0.0120306237301909
2.511,-4.29839850630744e-15
2.511125,0.0120306237301191
2.51125,0.0170138712429991
2.511375,0.012030623730165
2.5115,2.96271101911374e-14
2.511625,-0.012030623730145
2.51175,-0.0170138712429991
2.511875,-0.0120306237301829
2.512,-2.40077703716584e-14
2.512125,0.012030623730149
2.51225,0.0170138712429991
2.512375,0.0120306237301789
2.5125,1.83884305521795e-14
2.512625,-0.0120306237301311
2.51275,-0.0170138712429991
2.512875,-0.012030623730175
2.513,-4.37171422370094e-14
2.513125,0.012030623730135
2.51325,0.0170138712429991
2.513375,0.0120306237301929
2.5135,7.14975091322148e-15
2.513625,-0.0120306237301609
2.51375,-0.0170138712429991
2.513875,-0.012030623730167
2.514,-6.34265141023604e-14
2.514125,0.012030623730143
2.51425,0.0170138712429991
2.514375,0.0120306237301849
2.5145,2.68591227785725e-14
2.514625,-0.0120306237301469
2.51475,-0.0170138712429991
2.514875,-0.012030623730181
2.515,-2.12397829590935e-14
2.515125,0.012030623730129
2.51525,0.0170138712429991
2.515375,0.012030623730177
2.5155,4.65684946439235e-14
2.515625,-0.012030623730133
2.51575,-0.0170138712429991
2.515875,-0.0120306237301949
2.516,-4.09491548244445e-14
2.516125,0.0120306237301589
2.51625,0.0170138712429991
2.516375,0.012030623730169
2.5165,4.38176350065652e-15
2.516625,-0.012030623730141
2.51675,-0.0170138712429991
2.516875,-0.0120306237301651
2.517,-2.97104751854865e-14
2.517125,0.0120306237301449
2.51725,0.0170138712429991
2.517375,0.012030623730183
2.5175,2.40911353660075e-14
2.517625,-0.012030623730127
2.51775,-0.0170138712429991
2.517875,-0.012030623730179
2.518,-4.94198470508375e-14
2.518125,0.012030623730131
2.51825,0.0170138712429991
2.518375,0.0120306237301969
2.5185,4.38005072313585e-14
2.518625,-0.0120306237301569
2.51875,-0.0170138712429991
2.518875,-0.0120306237301711
2.519,-7.23311590757056e-15
2.519125,0.0120306237301171
2.51925,0.0170138712429991
2.519375,0.0120306237301671
2.5195,3.25618275924006e-14
2.519625,-0.0120306237301429
2.51975,-0.0170138712429991
2.519875,-0.012030623730185
2.52,-2.69424877729216e-14
2.520125,0.0120306237301469
2.52025,0.0170138712429991
2.520375,0.012030623730181
2.5205,2.13231479534426e-14
2.520625,-0.012030623730129
2.52075,-0.0170138712429991
2.520875,-0.0120306237301552
2.521,-4.66518596382726e-14
2.521125,0.0120306237301548
2.52125,0.0170138712429991
2.521375,0.012030623730195
2.5215,1.00844683144846e-14
2.521625,-0.012030623730115
2.52175,-0.0170138712429991
2.521875,-0.0120306237301691
2.522,-3.54131799993146e-14
2.522125,0.0120306237301409
2.52225,0.0170138712429991
2.522375,0.012030623730187
2.5225,2.97938401798356e-14
2.522625,-0.0120306237301449
2.52275,-0.0170138712429991
2.522875,-0.012030623730183
2.523,-2.41745003603566e-14
2.523125,0.012030623730127
2.52325,0.0170138712429991
2.523375,0.0120306237301572
2.5235,4.95032120451866e-14
2.523625,-0.0120306237301309
2.52375,-0.0170138712429991
2.523875,-0.012030623730197
2.524,-1.29358207213986e-14
2.524125,0.0120306237301568
2.52425,0.0170138712429991
2.524375,0.0120306237301711
2.5245,7.31648090191964e-15
2.524625,-0.0120306237301389
2.52475,-0.0170138712429991
2.524875,-0.0120306237301671
2.525,-3.26451925867496e-14
2.525125,0.0120306237301429
2.52525,0.0170138712429991
2.525375,0.0120306237301851
2.5255,2.70258527672706e-14
2.525625,-0.0120306237301249
2.52575,-0.0170138712429991
2.525875,-0.0120306237301811
2.526,-5.23545644521006e-14
2.526125,0.0120306237301289
2.52625,0.0170138712429991
2.526375,0.012030623730199
2.5265,1.57871731283127e-14
2.526625,-0.0120306237301548
2.52675,-0.0170138712429991
2.526875,-0.0120306237301731
2.527,-1.01678333088337e-14
2.527125,0.0120306237301369
2.52725,0.0170138712429991
2.527375,0.0120306237301692
2.5275,3.54965449936637e-14
2.527625,-0.0120306237301408
2.52775,-0.0170138712429991
2.527875,-0.0120306237301871
2.528,-2.98772051741847e-14
2.528125,0.0120306237301448
2.52825,0.0170138712429991
2.528375,0.0120306237301831
2.5285,-6.69018614960329e-15
2.528625,-0.0120306237301269
2.52875,-0.0170138712429991
2.528875,-0.0120306237301572
2.529,-4.95865770395357e-14
2.529125,0.0120306237301528
2.52925,0.0170138712429991
2.529375,0.0120306237301751
2.5295,1.30191857157477e-14
2.529625,-0.0120306237301349
2.52975,-0.0170138712429991
2.529875,-0.0120306237301712
2.53,-3.83478974005777e-14
2.530125,0.0120306237301388
2.53025,0.0170138712429991
2.530375,0.0120306237301891
2.5305,3.27285575810987e-14
2.530625,-0.0120306237301428
2.53075,-0.0170138712429991
2.530875,-0.0120306237301851
2.531,-2.71092177616197e-14
2.531125,0.0120306237301249
2.53125,0.0170138712429991
2.531375,0.0120306237301593
2.5315,5.24379294464497e-14
2.531625,-0.0120306237301507
2.53175,-0.0170138712429991
2.531875,-0.012030623730199
2.532,-1.58705381226617e-14
2.532125,0.0120306237301547
2.53225,0.0170138712429991
2.532375,0.0120306237301732
2.5325,1.02511983031828e-14
2.532625,-0.0120306237301368
2.53275,-0.0170138712429991
2.532875,-0.0120306237301692
2.533,-3.55799099880127e-14
2.533125,0.0120306237301408
2.53325,0.0170138712429991
2.533375,0.0120306237301871
2.5335,2.99605701685338e-14
2.533625,-0.0120306237301229
2.53375,-0.0170138712429991
2.533875,-0.0120306237301613
2.534,-5.52892818533637e-14
2.534125,0.0120306237301268
2.53425,0.0170138712429991
2.534375,0.0120306237302011
2.5345,1.87218905295758e-14
2.534625,-0.0120306237301527
2.53475,-0.0170138712429991
2.534875,-0.0120306237301752
2.535,-1.31025507100968e-14
2.535125,0.0120306237301348
2.53525,0.0170138712429991
2.535375,0.0120306237301712
2.5355,3.84312623949268e-14
2.535625,-0.0120306237301388
2.53575,-0.0170138712429991
2.535875,-0.0120306237301891
2.536,-3.28119225754478e-14
2.536125,0.0120306237301646
2.53625,0.0170138712429991
2.536375,0.0120306237301852
2.5365,-3.75546874834017e-15
2.536625,-0.0120306237301248
2.53675,-0.0170138712429991
2.536875,-0.0120306237301593
2.537,-2.15732429364898e-14
2.537125,0.0120306237301507
2.53725,0.0170138712429991
2.537375,0.0120306237301772
2.5375,1.59539031170108e-14
2.537625,-0.0120306237301328
2.53775,-0.0170138712429991
2.537875,-0.0120306237301732
2.538,-4.12826148018408e-14
2.538125,0.0120306237301367
2.53825,0.0170138712429991
2.538375,0.0120306237301912
2.5385,3.56632749823618e-14
2.538625,-0.0120306237301407
2.53875,-0.0170138712429991
2.538875,-0.0120306237301872
2.539,9.04116341426137e-16
2.539125,0.0120306237301228
2.53925,0.0170138712429991
2.539375,0.0120306237301613
2.5395,5.53726468477128e-14
2.539625,-0.0120306237301487
2.53975,-0.0170138712429991
2.539875,-0.0120306237301792
2.54,-1.88052555239249e-14
2.540125,0.0120306237301526
2.54025,0.0170138712429991
2.540375,0.0120306237301753
2.5405,1.31859157044459e-14
2.540625,-0.0120306237301347
2.54075,-0.0170138712429991
2.540875,-0.0120306237301713
2.541,-3.85146273892759e-14
2.541125,0.0120306237301387
2.54125,0.0170138712429991
2.541375,0.0120306237301892
2.5415,3.28952875697969e-14
2.541625,-0.0120306237301208
2.54175,-0.0170138712429991
2.541875,-0.0120306237301633
2.542,-5.82239992546269e-14
2.542125,0.0120306237301467
2.54225,0.0170138712429991
2.542375,0.0120306237301813
2.5425,2.16566079308389e-14
2.542625,-0.0120306237301506
2.54275,-0.0170138712429991
2.542875,-0.0120306237301773
2.543,-1.60372681113599e-14
2.543125,0.0120306237301327
2.54325,0.0170138712429991
2.543375,0.0120306237301733
2.5435,4.13659797961899e-14
2.543625,-0.0120306237301367
2.54375,-0.0170138712429991
2.543875,-0.0120306237301912
2.544,-3.57466399767109e-14
2.544125,0.0120306237301625
2.54425,0.0170138712429991
2.544375,0.0120306237301654
2.5445,-8.20751347077055e-16
2.544625,-0.0120306237301228
2.54475,-0.0170138712429991
2.544875,-0.0120306237301614
2.545,-2.45079603377529e-14
2.545125,0.0120306237301486
2.54525,0.0170138712429991
2.545375,0.0120306237301793
2.5455,1.88886205182739e-14
2.545625,-0.0120306237301307
2.54575,-0.0170138712429991
2.545875,-0.0120306237301753
2.546,-4.42173322031039e-14
2.546125,0.0120306237301347
2.54625,0.0170138712429991
2.546375,0.0120306237301932
2.5465,3.85979923836249e-14
2.546625,-0.0120306237301605
2.54675,-0.0170138712429991
2.546875,-0.0120306237301893
2.547,-2.03060105983698e-15
2.547125,0.0120306237301207
2.54725,0.0170138712429991
2.547375,0.0120306237301634
2.5475,2.7359312744667e-14
2.547625,-0.0120306237301466
2.54775,-0.0170138712429991
2.547875,-0.0120306237301813
2.548,-2.1739972925188e-14
2.548125,0.0120306237301506
2.54825,0.0170138712429991
2.548375,0.0120306237301773
2.5485,1.6120633105709e-14
2.548625,-0.0120306237301327
2.54875,-0.0170138712429991
2.548875,-0.0120306237301952
2.549,-4.1449344790539e-14
2.549125,0.0120306237301366
2.54925,0.0170138712429991
2.549375,0.0120306237301913
2.5495,4.88195346675102e-15
2.549625,-0.0120306237301187
2.54975,-0.0170138712429991
2.549875,-0.0120306237301654
2.55,-6.115871665589e-14
2.550125,0.0120306237301446
2.55025,0.0170138712429991
2.550375,0.0120306237301833
2.5505,2.4591325332102e-14
2.550625,-0.0120306237301485
2.55075,-0.0170138712429991
2.550875,-0.0120306237301794
2.551,-1.8971985512623e-14
2.551125,0.0120306237301306
2.55125,0.0170138712429991
2.551375,0.0120306237301754
2.5515,4.4300697197453e-14
2.551625,-0.0120306237301346
2.55175,-0.0170138712429991
2.551875,-0.0120306237301933
2.552,-7.73330587366505e-15
2.552125,0.0120306237301605
2.55225,0.0170138712429991
2.552375,0.0120306237301674
2.5525,2.11396605418606e-15
2.552625,-0.0120306237301426
2.55275,-0.0170138712429991
2.552875,-0.0120306237301853
2.553,-2.7442677739016e-14
2.553125,0.0120306237301465
2.55325,0.0170138712429991
2.553375,0.0120306237301814
2.5535,2.18233379195371e-14
2.553625,-0.0120306237301286
2.55375,-0.0170138712429991
2.553875,-0.0120306237301774
2.554,-4.7152049604367e-14
2.554125,0.0120306237301326
2.55425,0.0170138712429991
2.554375,0.0120306237301953
2.5545,4.15327097848881e-14
2.554625,-0.0120306237301585
2.55475,-0.0170138712429991
2.554875,-0.0120306237301695
2.555,-4.9653184611001e-15
2.555125,0.0120306237301405
2.55525,0.0170138712429991
2.555375,0.0120306237301655
2.5555,3.02940301459301e-14
2.555625,-0.0120306237301445
2.55575,-0.0170138712429991
2.555875,-0.0120306237301834
2.556,-2.46746903264511e-14
2.556125,0.0120306237301485
2.55625,0.0170138712429991
2.556375,0.0120306237301794
2.5565,1.90553505069721e-14
2.556625,-0.0120306237301306
2.55675,-0.0170138712429991
2.556875,-0.0120306237301973
2.557,-4.43840621918021e-14
2.557125,0.0120306237301564
2.55725,0.0170138712429991
2.557375,0.0120306237301933
2.5575,7.81667086801413e-15
2.557625,-0.0120306237301166
2.55775,-0.0170138712429991
2.557875,-0.0120306237301675
2.558,-3.31453825528441e-14
2.558125,0.0120306237301425
2.55825,0.0170138712429991
2.558375,0.0120306237301854
2.5585,2.75260427333651e-14
2.558625,-0.0120306237301465
2.55875,-0.0170138712429991
2.558875,-0.0120306237301814
2.559,-2.19067029138861e-14
2.559125,0.0120306237301286
2.55925,0.0170138712429991
2.559375,0.0120306237301556
2.5595,4.72354145987161e-14
2.559625,-0.0120306237301325
2.55975,-0.0170138712429991
2.559875,-0.0120306237301954
2.56,-1.06680232749282e-14
2.560125,0.0120306237301584
2.56025,0.0170138712429991
2.560375,0.0120306237301695
2.5605,5.04868345544918e-15
2.560625,-0.0120306237301405
2.56075,-0.0170138712429991
2.560875,-0.0120306237301874
2.561,-3.03773951402792e-14
2.561125,0.0120306237301445
2.56125,0.0170138712429991
2.561375,0.0120306237301834
2.5615,2.47580553208002e-14
2.561625,-0.0120306237301266
2.56175,-0.0170138712429991
2.561875,-0.0120306237301795
2.562,-5.00867670056302e-14
2.562125,0.0120306237301305
2.56225,0.0170138712429991
2.562375,0.0120306237301974
2.5625,1.35193756818422e-14
2.562625,-0.0120306237301564
2.56275,-0.0170138712429991
2.562875,-0.0120306237301715
2.563,-7.90003586236321e-15
2.563125,0.0120306237301385
2.56325,0.0170138712429991
2.563375,0.0120306237301676
2.5635,3.32287475471932e-14
2.563625,-0.0120306237301424
2.56375,-0.0170138712429991
2.563875,-0.0120306237301855
2.564,-2.76094077277142e-14
2.564125,0.0120306237301464
2.56425,0.0170138712429991
2.564375,0.0120306237301815
2.5645,5.29381194125442e-14
2.564625,-0.0120306237301285
2.56475,-0.0170138712429991
2.564875,-0.0120306237301994
2.565,-4.73187795930652e-14
2.565125,0.0120306237301544
2.56525,0.0170138712429991
2.565375,0.0120306237301735
2.5655,1.07513882692772e-14
2.565625,-0.0120306237301365
2.56575,-0.0170138712429991
2.565875,-0.0120306237301696
2.566,-3.60800999541072e-14
2.566125,0.0120306237301404
2.56625,0.0170138712429991
2.566375,0.0120306237301875
2.5665,3.04607601346283e-14
2.566625,-0.0120306237301444
2.56675,-0.0170138712429991
2.566875,-0.0120306237301835
2.567,-2.48414203151493e-14
2.567125,0.0120306237301265
2.56725,0.0170138712429991
2.567375,0.0120306237301576
2.5675,5.01701319999793e-14
2.567625,-0.0120306237301523
2.56775,-0.0170138712429991
2.567875,-0.0120306237301756
2.568,-1.36027406761913e-14
2.568125,0.0120306237301563
2.56825,0.0170138712429991
2.568375,0.0120306237301716
2.5685,3.89314523610213e-14
2.568625,-0.0120306237301384
2.56875,-0.0170138712429991
2.568875,-0.0120306237301895
2.569,-3.33121125415423e-14
2.569125,0.0120306237301424
2.56925,0.0170138712429991
2.569375,0.0120306237301855
2.5695,2.76927727220633e-14
2.569625,-0.0120306237301245
2.56975,-0.0170138712429991
2.569875,-0.0120306237301597
2.57,-5.30214844068933e-14
2.570125,0.0120306237301284
2.57025,0.0170138712429991
2.570375,0.0120306237301995
2.5705,1.64540930831053e-14
2.570625,-0.0120306237301543
2.57075,-0.0170138712429991
2.570875,-0.0120306237301736
2.571,-1.08347532636263e-14
2.571125,0.0120306237301364
2.57125,0.0170138712429991
2.571375,0.0120306237301696
2.5715,3.61634649484563e-14
2.571625,-0.0120306237301404
2.57175,-0.0170138712429991
2.571875,-0.0120306237301875
2.572,-3.05441251289773e-14
2.572125,0.0120306237301662
2.57225,0.0170138712429991
2.572375,0.0120306237301836
2.5725,5.58728368138073e-14
2.572625,-0.0120306237301264
2.57275,-0.0170138712429991
2.572875,-0.0120306237302015
2.573,-1.93054454900194e-14
2.573125,0.0120306237301523
2.57325,0.0170138712429991
2.573375,0.0120306237301756
2.5735,1.36861056705404e-14
2.573625,-0.0120306237301344
2.57375,-0.0170138712429991
2.573875,-0.0120306237301716
2.574,-3.90148173553704e-14
2.574125,0.0120306237301384
2.57425,0.0170138712429991
2.574375,0.0120306237301896
2.5745,3.33954775358914e-14
2.574625,-0.0120306237301423
2.57475,-0.0170138712429991
2.574875,-0.0120306237301856
2.575,3.1719137878966e-15
2.575125,0.0120306237301244
2.57525,0.0170138712429991
2.575375,0.0120306237301597
2.5755,5.31048494012424e-14
2.575625,-0.0120306237301503
2.57575,-0.0170138712429991
2.575875,-0.0120306237301776
2.576,-1.65374580774544e-14
2.576125,0.0120306237301542
2.57625,0.0170138712429991
2.576375,0.0120306237301737
2.5765,4.18661697622844e-14
2.576625,-0.0120306237301363
2.57675,-0.0170138712429991
2.576875,-0.0120306237301916
2.577,-3.62468299428054e-14
2.577125,0.0120306237301403
2.57725,0.0170138712429991
2.577375,0.0120306237301876
2.5775,-3.20561380982564e-16
2.577625,-0.0120306237301224
2.57775,-0.0170138712429991
2.577875,-0.0120306237301617
2.578,-5.59562018081564e-14
2.578125,0.0120306237301483
2.57825,0.0170138712429991
2.578375,0.0120306237301797
2.5785,1.93888104843684e-14
2.578625,-0.0120306237301522
2.57875,-0.0170138712429991
2.578875,-0.0120306237301757
2.579,-1.37694706648894e-14
2.579125,0.0120306237301343
2.57925,0.0170138712429991
2.579375,0.0120306237301717
2.5795,3.90981823497194e-14
2.579625,-0.0120306237301383
2.57975,-0.0170138712429991
2.579875,-0.0120306237301896
2.58,-3.34788425302404e-14
2.580125,0.0120306237301204
2.58025,0.0170138712429991
2.580375,0.0120306237301638
2.5805,5.88075542150704e-14
2.580625,-0.0120306237301462
2.58075,-0.0170138712429991
2.580875,-0.0120306237302035
2.581,-2.22401628912825e-14
2.581125,0.0120306237301502
2.58125,0.0170138712429991
2.581375,0.0120306237301777
2.5815,1.66208230718035e-14
2.581625,-0.0120306237301323
2.58175,-0.0170138712429991
2.581875,-0.0120306237301737
2.582,-4.19495347566335e-14
2.582125,0.0120306237301363
2.58225,0.0170138712429991
2.582375,0.0120306237301916
2.5825,3.63301949371545e-14
2.582625,-0.0120306237301621
2.58275,-0.0170138712429991
2.582875,-0.0120306237301877
2.583,2.37196386633482e-16
2.583125,0.0120306237301223
2.58325,0.0170138712429991
2.583375,0.0120306237301618
2.5835,2.50915152981965e-14
2.583625,-0.0120306237301482
2.58375,-0.0170138712429991
2.583875,-0.0120306237301797
2.584,-1.94721754787175e-14
2.584125,0.0120306237301303
2.58425,0.0170138712429991
2.584375,0.0120306237301757
2.5845,4.48008871635475e-14
2.584625,-0.0120306237301343
2.58475,-0.0170138712429991
2.584875,-0.0120306237301936
2.585,-3.91815473440685e-14
2.585125,0.0120306237301382
2.58525,0.0170138712429991
2.585375,0.0120306237301897
2.5855,2.61415602028055e-15
2.585625,-0.0120306237301203
2.58575,-0.0170138712429991
2.585875,-0.0120306237301638
2.586,-5.88909192094195e-14
2.586125,0.0120306237301462
2.58625,0.0170138712429991
2.586375,0.0120306237301817
2.5865,2.23235278856316e-14
2.586625,-0.0120306237301502
2.58675,-0.0170138712429991
2.586875,-0.0120306237301778
2.587,-1.67041880661526e-14
2.587125,0.0120306237301322
2.58725,0.0170138712429991
2.587375,0.0120306237301738
2.5875,4.20328997509826e-14
2.587625,-0.0120306237301362
2.58775,-0.0170138712429991
2.587875,-0.0120306237301917
2.588,-5.46550842719459e-15
2.588125,0.0120306237301183
2.58825,0.0170138712429991
2.588375,0.0120306237301658
2.5885,6.17422716163336e-14
2.588625,-0.0120306237301442
2.58875,-0.0170138712429991
2.588875,-0.0120306237301837
2.589,-2.51748802925456e-14
2.589125,0.0120306237301481
2.58925,0.0170138712429991
2.589375,0.0120306237301798
2.5895,1.95555404730666e-14
2.589625,-0.0120306237301302
2.58975,-0.0170138712429991
2.589875,-0.0120306237301758
2.59,-4.48842521578966e-14
2.590125,0.0120306237301342
2.59025,0.0170138712429991
2.590375,0.0120306237301937
2.5905,3.92649123384176e-14
2.590625,-0.0120306237301601
2.59075,-0.0170138712429991
2.590875,-0.0120306237301678
2.591,-2.69752101462964e-15
2.591125,0.0120306237301421
2.59125,0.0170138712429991
2.591375,0.0120306237301639
2.5915,2.80262326994596e-14
2.591625,-0.0120306237301461
2.59175,-0.0170138712429991
2.591875,-0.0120306237301818
2.592,-2.24068928799806e-14
2.592125,0.0120306237301282
2.59225,0.0170138712429991
2.592375,0.0120306237301778
2.5925,4.77356045648106e-14
2.592625,-0.0120306237301322
2.59275,-0.0170138712429991
2.592875,-0.0120306237301957
2.593,-4.21162647453316e-14
2.593125,0.012030623730158
2.59325,0.0170138712429991
2.593375,0.0120306237301699
2.5935,5.54887342154367e-15
2.593625,-0.0120306237301182
2.59375,-0.0170138712429991
2.593875,-0.0120306237301659
2.594,-3.08775851063737e-14
2.594125,0.0120306237301441
2.59425,0.0170138712429991
2.594375,0.0120306237301838
2.5945,2.52582452868947e-14
2.594625,-0.0120306237301481
2.59475,-0.0170138712429991
2.594875,-0.0120306237301798
2.595,-1.96389054674157e-14
2.595125,0.0120306237301302
2.59525,0.0170138712429991
2.595375,0.012030623730154
2.5955,4.49676171522457e-14
2.595625,-0.0120306237301341
2.59575,-0.0170138712429991
2.595875,-0.0120306237301938
2.596,-8.40022582845771e-15
2.596125,0.0120306237301162
2.59625,0.0170138712429991
2.596375,0.0120306237301679
2.5965,3.37289375132877e-14
2.596625,-0.0120306237301421
2.59675,-0.0170138712429991
2.596875,-0.0120306237301858
2.597,-2.81095976938087e-14
2.597125,0.0120306237301461
2.59725,0.0170138712429991
2.597375,0.0120306237301818
2.5975,2.24902578743297e-14
2.597625,-0.0120306237301282
2.59775,-0.0170138712429991
2.597875,-0.0120306237301779
2.598,-4.78189695591597e-14
2.598125,0.0120306237301321
2.59825,0.0170138712429991
2.598375,0.0120306237301958
2.5985,1.12515782353717e-14
2.598625,-0.012030623730158
2.59875,-0.0170138712429991
2.598875,-0.0120306237301699
2.599,-5.63223841589275e-15
2.599125,0.0120306237301401
2.59925,0.0170138712429991
2.599375,0.0120306237301659
2.5995,3.09609501007227e-14
2.599625,-0.012030623730144
2.59975,-0.0170138712429991
2.599875,-0.0120306237301839
2.6,-2.53416102812438e-14
2.600125,0.0120306237301261
2.60025,0.0170138712429991
2.600375,0.0120306237301799
2.6005,5.06703219660737e-14
2.600625,-0.0120306237301301
2.60075,-0.0170138712429991
2.600875,-0.0120306237301978
2.601,-4.50509821465948e-14
2.601125,0.012030623730156
2.60125,0.0170138712429991
2.601375,0.0120306237301719
2.6015,8.48359082280679e-15
2.601625,-0.0120306237301381
2.60175,-0.0170138712429991
2.601875,-0.012030623730168
2.602,-3.38123025076368e-14
2.602125,0.012030623730142
2.60225,0.0170138712429991
2.602375,0.0120306237301859
2.6025,2.81929626881578e-14
2.602625,-0.012030623730146
2.60275,-0.0170138712429991
2.602875,-0.0120306237301819
2.603,8.37442863563018e-15
2.603125,0.0120306237301281
2.60325,0.0170138712429991
2.603375,0.012030623730156
2.6035,4.79023345535088e-14
2.603625,-0.012030623730154
2.60375,-0.0170138712429991
2.603875,-0.012030623730174
2.604,-1.13349432297208e-14
2.604125,0.0120306237301142
2.60425,0.0170138712429991
2.604375,0.01203062373017
2.6045,3.66636549145508e-14
2.604625,-0.01203062373014
2.60475,-0.0170138712429991
2.604875,-0.0120306237301879
2.605,-3.10443150950718e-14
2.605125,0.012030623730144
2.60525,0.0170138712429991
2.605375,0.0120306237301839
2.6055,2.54249752755928e-14
2.605625,-0.0120306237301261
2.60575,-0.0170138712429991
2.605875,-0.0120306237301581
2.606,-5.07536869604228e-14
2.606125,0.0120306237301519
2.60625,0.0170138712429991
2.606375,0.0120306237301979
2.6065,1.41862956366349e-14
2.606625,-0.0120306237301559
2.60675,-0.0170138712429991
2.606875,-0.012030623730172
2.607,-8.56695581715587e-15
2.607125,0.012030623730138
2.60725,0.0170138712429991
2.607375,0.012030623730168
2.6075,3.38956675019859e-14
2.607625,-0.012030623730142
2.60775,-0.0170138712429991
2.607875,-0.0120306237301641
2.608,-2.82763276825069e-14
2.608125,0.0120306237301241
2.60825,0.0170138712429991
2.608375,0.012030623730182
2.6085,5.36050393673369e-14
2.608625,-0.0120306237301499
2.60875,-0.0170138712429991
2.608875,-0.0120306237301999
2.609,-1.70376480435489e-14
2.609125,0.012030623730132
2.60925,0.0170138712429991
2.609375,0.012030623730174
2.6095,4.23663597283789e-14
2.609625,-0.0120306237301141
2.60975,-0.0170138712429991
2.609875,-0.0120306237301482
2.61,-6.76950714132089e-14
2.610125,0.01203062373014
2.61025,0.0170138712429991
2.610375,0.0120306237302098
2.6105,3.11276800894209e-14
2.610625,-0.0120306237301658
2.61075,-0.0170138712429991
2.610875,-0.012030623730184
2.611,5.43971123436706e-15
2.611125,0.0120306237301479
2.61125,0.0170138712429991
2.611375,0.0120306237302019
2.6115,1.98890004504629e-14
2.611625,-0.01203062373013
2.61175,-0.0170138712429991
2.611875,-0.012030623730176
2.612,-4.52177121352929e-14
2.612125,0.0120306237301121
2.61225,0.0170138712429991
2.612375,0.0120306237301502
2.6125,7.05464238201229e-14
2.612625,-0.0120306237301379
2.61275,-0.0170138712429991
2.612875,-0.0120306237302119
2.613,-3.39790324963349e-14
2.613125,0.0120306237301638
2.61325,0.0170138712429991
2.613375,0.012030623730186
2.6135,-2.58835882745302e-15
2.613625,-0.0120306237301459
2.61375,-0.0170138712429991
2.613875,-0.0120306237301601
2.614,-2.2740352857377e-14
2.614125,0.012030623730128
2.61425,0.0170138712429991
2.614375,0.012030623730178
2.6145,4.8069064542207e-14
2.614625,-0.0120306237301538
2.61475,-0.0170138712429991
2.614875,-0.012030623730196
2.615,-1.1501673218419e-14
2.615125,0.0120306237301359
2.61525,0.0170138712429991
2.615375,0.0120306237302139
2.6155,3.6830384903249e-14
2.615625,-0.0120306237301618
2.61575,-0.0170138712429991
2.615875,-0.012030623730188
2.616,-2.6299357946101e-16
2.616125,0.0120306237301439
2.61625,0.0170138712429991
2.616375,0.0120306237301622
2.6165,2.5591705264291e-14
2.616625,-0.012030623730126
2.61675,-0.0170138712429991
2.616875,-0.0120306237301801
2.617,-5.0920416949121e-14
2.617125,0.0120306237301518
2.61725,0.0170138712429991
2.617375,0.012030623730198
2.6175,1.4353025625333e-14
2.617625,-0.0120306237301339
2.61775,-0.0170138712429991
2.617875,-0.0120306237301721
2.618,-3.9681737310163e-14
2.618125,0.0120306237301598
2.61825,0.0170138712429991
2.618375,0.01203062373019
2.6185,3.11434598637505e-15
2.618625,-0.0120306237301419
2.61875,-0.0170138712429991
2.618875,-0.0120306237301642
2.619,-2.8443057671205e-14
2.619125,0.0120306237301239
2.61925,0.0170138712429991
2.619375,0.0120306237301821
2.6195,5.3771769356035e-14
2.619625,-0.0120306237301498
2.61975,-0.0170138712429991
2.619875,-0.0120306237302
2.62,-1.72043780322471e-14
2.620125,0.0120306237301319
2.62025,0.0170138712429991
2.620375,0.0120306237301741
2.6205,4.2533089717077e-14
2.620625,-0.0120306237301577
2.62075,-0.0170138712429991
2.620875,-0.012030623730192
2.621,-5.96569839328908e-15
2.621125,0.0120306237301398
2.62125,0.0170138712429991
2.621375,0.0120306237301662
2.6215,3.12944100781191e-14
2.621625,-0.0120306237301219
2.62175,-0.0170138712429991
2.621875,-0.0120306237301841
2.622,-5.66231217629491e-14
2.622125,0.0120306237301478
2.62225,0.0170138712429991
2.622375,0.012030623730202
2.6225,2.00557304391611e-14
2.622625,-0.0120306237301736
2.62275,-0.0170138712429991
2.622875,-0.0120306237301761
2.623,1.65116608846269e-14
2.623125,0.012030623730112
2.62325,0.0170138712429991
2.623375,0.0120306237301941
2.6235,8.81705080020312e-15
2.623625,-0.0120306237301378
2.62375,-0.0170138712429991
2.623875,-0.0120306237301682
2.624,-3.41457624850331e-14
2.624125,0.0120306237301199
2.62425,0.0170138712429991
2.624375,0.0120306237301861
2.6245,5.94744741698631e-14
2.624625,-0.0120306237301458
2.62475,-0.0170138712429991
2.624875,-0.012030623730204
2.625,-2.29070828460751e-14
2.625125,0.0120306237301716
2.62525,0.0170138712429991
2.625375,0.0120306237301782
2.6255,-1.36603084777128e-14
2.625625,-0.0120306237301099
2.62575,-0.0170138712429991
2.625875,-0.0120306237301523
2.626,-1.16684032071172e-14
2.626125,0.0120306237301358
2.62625,0.0170138712429991
2.626375,0.0120306237301702
2.6265,3.69971148919471e-14
2.626625,-0.0120306237301617
2.62675,-0.0170138712429991
2.626875,-0.0120306237301881
2.627,-6.23258265767771e-14
2.627125,0.0120306237301438
2.62725,0.0170138712429991
2.627375,0.012030623730206
2.6275,2.57584352529892e-14
2.627625,-0.0120306237301258
2.62775,-0.0170138712429991
2.627875,-0.0120306237301802
2.628,1.08089560707988e-14
2.628125,0.0120306237301079
2.62825,0.0170138712429991
2.628375,0.0120306237301543
2.6285,7.64158586226491e-14
2.628625,-0.0120306237301338
2.62875,-0.0170138712429991
2.628875,-0.0120306237301722
2.629,-3.98484672988612e-14
2.629125,0.0120306237301596
2.62925,0.0170138712429991
2.629375,0.0120306237301901
2.6295,3.28107597507321e-15
2.629625,-0.0120306237301417
2.62975,-0.0170138712429991
2.629875,-0.0120306237301643
2.63,-2.86097876599032e-14
2.630125,0.0120306237301238
2.63025,0.0170138712429991
2.630375,0.0120306237301822
2.6305,-7.95760366388477e-15
2.630625,-0.0120306237301497
2.63075,-0.0170138712429991
2.630875,-0.0120306237301563
2.631,-7.92672110295632e-14
2.631125,0.0120306237301318
2.63125,0.0170138712429991
2.631375,0.0120306237301742
2.6315,4.26998197057752e-14
2.631625,-0.0120306237301576
2.63175,-0.0170138712429991
2.631875,-0.0120306237301922
2.632,-6.13242838198724e-15
2.632125,0.0120306237301397
2.63225,0.0170138712429991
2.632375,0.0120306237301663
2.6325,3.14611400668172e-14
2.632625,-0.0120306237301218
2.63275,-0.0170138712429991
2.632875,-0.0120306237301842
2.633,-5.67898517516472e-14
2.633125,0.0120306237301477
2.63325,0.0170138712429991
2.633375,0.0120306237301584
2.6335,2.02224604278593e-14
2.633625,-0.0120306237301298
2.63375,-0.0170138712429991
2.633875,-0.0120306237301763
2.634,-4.55511721126892e-14
2.634125,0.0120306237301556
2.63425,0.0170138712429991
2.634375,0.0120306237301942
2.6345,8.98378078890128e-15
2.634625,-0.0120306237301377
2.63475,-0.0170138712429991
2.634875,-0.0120306237301683
2.635,-3.43124924737313e-14
2.635125,0.0120306237301198
2.63525,0.0170138712429991
2.635375,0.0120306237301862
2.6355,5.96412041585613e-14
2.635625,-0.0120306237301457
2.63575,-0.0170138712429991
2.635875,-0.0120306237302041
2.636,-2.30738128347733e-14
2.636125,0.0120306237301277
2.63625,0.0170138712429991
2.636375,0.0120306237301783
2.6365,4.84025245196033e-14
2.636625,-0.0120306237301536
2.63675,-0.0170138712429991
2.636875,-0.0120306237301962
2.637,-1.18351331958153e-14
2.637125,0.0120306237301357
2.63725,0.0170138712429991
2.637375,0.0120306237301703
2.6375,3.71638448806453e-14
2.637625,-0.0120306237301178
2.63775,-0.0170138712429991
2.637875,-0.0120306237301445
2.638,-6.24925565654753e-14
2.638125,0.0120306237301436
2.63825,0.0170138712429991
2.638375,0.0120306237302062
2.6385,2.59251652416873e-14
2.638625,-0.0120306237301695
2.63875,-0.0170138712429991
2.638875,-0.0120306237301803
2.639,-5.12538769265173e-14
2.639125,0.0120306237301516
2.63925,0.0170138712429991
2.639375,0.0120306237301982
2.6395,1.46864856027293e-14
2.639625,-0.0120306237301337
2.63975,-0.0170138712429991
2.639875,-0.0120306237301724
2.64,-4.00151972875593e-14
2.640125,0.0120306237301158
2.64025,0.0170138712429991
2.640375,0.0120306237301903
2.6405,6.53439089723893e-14
2.640625,-0.0120306237301416
2.64075,-0.0170138712429991
2.640875,-0.0120306237302082
2.641,-2.87765176486014e-14
2.641125,0.0120306237301675
2.64125,0.0170138712429991
2.641375,0.0120306237301823
2.6415,-7.7908736751866e-15
2.641625,-0.0120306237301496
2.64175,-0.0170138712429991
2.641875,-0.0120306237301565
2.642,-1.75378380096434e-14
2.642125,0.0120306237301317
2.64225,0.0170138712429991
2.642375,0.0120306237301744
2.6425,4.28665496944734e-14
2.642625,-0.0120306237301137
2.64275,-0.0170138712429991
2.642875,-0.0120306237301923
2.643,-6.81952613793034e-14
2.643125,0.0120306237301396
2.64325,0.0170138712429991
2.643375,0.0120306237302102
2.6435,3.16278700555154e-14
2.643625,-0.0120306237301655
2.64375,-0.0170138712429991
2.643875,-0.0120306237301843
2.644,4.93952126827257e-15
2.644125,0.0120306237301475
2.64425,0.0170138712429991
2.644375,0.0120306237301585
2.6445,2.03891904165574e-14
2.644625,-0.0120306237301296
2.64475,-0.0170138712429991
2.644875,-0.0120306237301764
2.645,-4.57179021013874e-14
2.645125,0.0120306237301555
2.64525,0.0170138712429991
2.645375,0.0120306237301943
2.6455,9.15051077759944e-15
2.645625,-0.0120306237301376
2.64575,-0.0170138712429991
2.645875,-0.0120306237301684
2.646,-3.44792224624294e-14
2.646125,0.0120306237301634
2.64625,0.0170138712429991
2.646375,0.0120306237301863
2.6465,-2.08816886135853e-15
2.646625,-0.0120306237301018
2.64675,-0.0170138712429991
2.646875,-0.0120306237301605
2.647,-2.32405428234715e-14
2.647125,0.0120306237301276
2.64725,0.0170138712429991
2.647375,0.0120306237301784
2.6475,4.85692545083014e-14
2.647625,-0.0120306237301535
2.64775,-0.0170138712429991
2.647875,-0.0120306237301963
2.648,-1.20018631845135e-14
2.648125,0.0120306237301356
2.64825,0.0170138712429991
2.648375,0.0120306237301705
2.6485,3.73305748693435e-14
2.648625,-0.0120306237301177
2.64875,-0.0170138712429991
2.648875,-0.0120306237301884
2.649,-7.63183545555502e-16
2.649125,0.0120306237301435
2.64925,0.0170138712429991
2.649375,0.0120306237301625
2.6495,2.60918952303855e-14
2.649625,-0.0120306237301256
2.64975,-0.0170138712429991
2.649875,-0.0120306237301804
2.65,-5.14206069152155e-14
2.650125,0.0120306237301515
2.65025,0.0170138712429991
2.650375,0.0120306237301983
2.6505,1.48532155914275e-14
2.650625,-0.0120306237301336
2.65075,-0.0170138712429991
2.650875,-0.0120306237301725
2.651,-4.01819272762575e-14
2.651125,0.0120306237301156
2.65125,0.0170138712429991
2.651375,0.0120306237301904
2.6515,3.61453595246954e-15
2.651625,-0.0120306237301415
2.65175,-0.0170138712429991
2.651875,-0.0120306237301645
2.652,-2.89432476372995e-14
2.652125,0.0120306237301236
2.65225,0.0170138712429991
2.652375,0.0120306237301824
2.6525,5.42719593221295e-14
2.652625,-0.0120306237301494
2.65275,-0.0170138712429991
2.652875,-0.0120306237302003
2.653,-1.77045679983415e-14
2.653125,0.0120306237301315
2.65325,0.0170138712429991
2.653375,0.0120306237301745
2.6535,-1.88628233254464e-14
2.653625,-0.0120306237301136
2.65375,-0.0170138712429991
2.653875,-0.0120306237301486
2.654,-6.83619913680015e-14
2.654125,0.0120306237301395
2.65425,0.0170138712429991
2.654375,0.0120306237301665
2.6545,3.17946000442136e-14
2.654625,-0.0120306237301216
2.65475,-0.0170138712429991
2.654875,-0.0120306237301844
2.655,-5.71233117290435e-14
2.655125,0.0120306237301474
2.65525,0.0170138712429991
2.655375,0.0120306237302024
2.6555,2.05559204052556e-14
2.655625,-0.0120306237301295
2.65575,-0.0170138712429991
2.655875,-0.0120306237301765
2.656,1.60114709185324e-14
2.656125,0.0120306237301116
2.65625,0.0170138712429991
2.656375,0.0120306237301506
2.6565,7.12133437749156e-14
2.656625,-0.0120306237301375
2.65675,-0.0170138712429991
2.656875,-0.0120306237301686
2.657,-3.46459524511276e-14
2.657125,0.0120306237301633
2.65725,0.0170138712429991
2.657375,0.0120306237301865
2.6575,-1.92143887266037e-15
2.657625,-0.0120306237301454
2.65775,-0.0170138712429991
2.657875,-0.0120306237301606
2.658,-2.34072728121696e-14
2.658125,0.0120306237301275
2.65825,0.0170138712429991
2.658375,0.0120306237301785
2.6585,4.87359844969996e-14
2.658625,-0.0120306237301096
2.65875,-0.0170138712429991
2.658875,-0.0120306237301527
2.659,-7.40646961818296e-14
2.659125,0.0120306237301355
2.65925,0.0170138712429991
2.659375,0.0120306237302143
2.6595,3.74973048580416e-14
2.659625,-0.0120306237301613
2.65975,-0.0170138712429991
2.659875,-0.0120306237301885
2.66,-9.29913534253666e-16
2.660125,0.0120306237301434
2.66025,0.0170138712429991
2.660375,0.0120306237301626
2.6605,2.62586252190837e-14
2.660625,-0.0120306237301255
2.66075,-0.0170138712429991
2.660875,-0.0120306237301805
2.661,-5.15873369039136e-14
2.661125,0.0120306237301513
2.66125,0.0170138712429991
2.661375,0.0120306237301984
2.6615,1.50199455801257e-14
2.661625,-0.0120306237301334
2.66175,-0.0170138712429991
2.661875,-0.0120306237301726
2.662,-4.03486572649557e-14
2.662125,0.0120306237301593
2.66225,0.0170138712429991
2.662375,0.0120306237301905
2.6625,3.7812659411677e-15
2.662625,-0.0120306237301414
2.66275,-0.0170138712429991
2.662875,-0.0120306237301646
2.663,-2.91099776259977e-14
2.663125,0.0120306237301235
2.66325,0.0170138712429991
2.663375,0.0120306237301825
2.6635,5.44386893108277e-14
2.663625,-0.0120306237301493
2.66375,-0.0170138712429991
2.663875,-0.0120306237302005
2.664,-1.78712979870397e-14
2.664125,0.0120306237301314
2.66425,0.0170138712429991
2.664375,0.0120306237301746
2.6645,4.32000096718697e-14
2.664625,-0.0120306237301573
2.66475,-0.0170138712429991
2.664875,-0.0120306237301925
2.665,-6.63261834808174e-15
2.665125,0.0120306237301394
2.66525,0.0170138712429991
2.665375,0.0120306237301667
2.6655,3.19613300329117e-14
2.665625,-0.0120306237301215
2.66575,-0.0170138712429991
2.665875,-0.0120306237301846
2.666,-5.72900417177417e-14
2.666125,0.0120306237301473
2.66625,0.0170138712429991
2.666375,0.0120306237302025
2.6665,2.07226503939537e-14
2.666625,-0.0120306237301294
2.66675,-0.0170138712429991
2.666875,-0.0120306237301766
2.667,-4.60513620787837e-14
2.667125,0.0120306237301553
2.66725,0.0170138712429991
2.667375,0.0120306237301945
2.6675,9.48397075499577e-15
2.667625,-0.0120306237301373
2.66775,-0.0170138712429991
2.667875,-0.0120306237301687
2.668,-3.48126824398258e-14
2.668125,0.0120306237301194
2.66825,0.0170138712429991
2.668375,0.0120306237301866
2.6685,6.01413941246557e-14
2.668625,-0.0120306237301453
2.66875,-0.0170138712429991
2.668875,-0.0120306237302045
2.669,-2.35740028008678e-14
2.669125,0.0120306237301712
2.66925,0.0170138712429991
2.669375,0.0120306237301786
2.6695,-1.29933885229202e-14
2.669625,-0.0120306237301532
2.66975,-0.0170138712429991
2.669875,-0.0120306237301528
2.67,-1.23353231619098e-14
2.670125,0.0120306237301353
2.67025,0.0170138712429991
2.670375,0.0120306237301707
2.6705,3.76640348467398e-14
2.670625,-0.0120306237301174
2.67075,-0.0170138712429991
2.670875,-0.0120306237301886
2.671,-6.29927465315698e-14
2.671125,0.0120306237301433
2.67125,0.0170138712429991
2.671375,0.0120306237302065
2.6715,2.64253552077818e-14
2.671625,-0.0120306237301691
2.67175,-0.0170138712429991
2.671875,-0.0120306237301807
2.672,1.01420361160061e-14
2.672125,0.0120306237301075
2.67225,0.0170138712429991
2.672375,0.0120306237301548
2.6725,1.51866755688238e-14
2.672625,-0.0120306237301333
2.67275,-0.0170138712429991
2.672875,-0.0120306237301727
2.673,-4.05153872536538e-14
2.673125,0.0120306237301592
2.67325,0.0170138712429991
2.673375,0.0120306237301906
2.6735,3.94799592986586e-15
2.673625,-0.0120306237301413
2.67375,-0.0170138712429991
2.673875,-0.0120306237302085
2.674,-2.92767076146959e-14
2.674125,0.0120306237301671
2.67425,0.0170138712429991
2.674375,0.0120306237301827
2.6745,-7.29068370909211e-15
2.674625,-0.0120306237301054
2.67475,-0.0170138712429991
2.674875,-0.0120306237301568
2.675,-1.80380279757379e-14
2.675125,0.0120306237301313
2.67525,0.0170138712429991
2.675375,0.0120306237301747
2.6755,4.33667396605679e-14
2.675625,-0.0120306237301572
2.67575,-0.0170138712429991
2.675875,-0.0120306237301926
2.676,-6.7993483367799e-15
2.676125,0.0120306237301392
2.67625,0.0170138712429991
2.676375,0.0120306237301668
2.6765,3.21280600216099e-14
2.676625,-0.0120306237301213
2.67675,-0.0170138712429991
2.676875,-0.0120306237301847
2.677,4.43933130217808e-15
2.677125,0.0120306237301472
2.67725,0.0170138712429991
2.677375,0.0120306237301588
2.6775,2.08893803826519e-14
2.677625,-0.0120306237301293
2.67775,-0.0170138712429991
2.677875,-0.0120306237301767
2.678,-4.62180920674819e-14
2.678125,0.0120306237301551
2.67825,0.0170138712429991
2.678375,0.0120306237301946
2.6785,9.65070074369394e-15
2.678625,-0.0120306237301372
2.67875,-0.0170138712429991
2.678875,-0.0120306237301688
2.679,-3.49794124285239e-14
2.679125,0.0120306237301193
2.67925,0.0170138712429991
2.679375,0.0120306237301867
2.6795,6.03081241133539e-14
2.679625,-0.0120306237301452
2.67975,-0.0170138712429991
2.679875,-0.0120306237301608
2.68,-2.37407327895659e-14
2.680125,0.0120306237301273
2.68025,0.0170138712429991
2.680375,0.0120306237301788
2.6805,4.90694444743959e-14
2.680625,-0.0120306237301531
2.68075,-0.0170138712429991
2.680875,-0.0120306237301967
2.681,-1.2502053150608e-14
2.681125,0.0120306237301352
2.68125,0.0170138712429991
2.681375,0.0120306237301708
2.6815,-2.406533817318e-14
2.681625,-0.0120306237301173
2.68175,-0.0170138712429991
2.681875,-0.0120306237301887
2.682,-6.3159476520268e-14
2.682125,0.0120306237301432
2.68225,0.0170138712429991
2.682375,0.0120306237301629
2.6825,2.659208519648e-14
2.682625,-0.0120306237301253
2.68275,-0.0170138712429991
2.682875,-0.0120306237301808
2.683,-5.192079688131e-14
2.683125,0.0120306237301511
2.68325,0.0170138712429991
2.683375,0.0120306237301987
2.6835,1.5353405557522e-14
2.683625,-0.0120306237301332
2.68375,-0.0170138712429991
2.683875,-0.0120306237301728
2.684,-4.0682117242352e-14
2.684125,0.0120306237301153
2.68425,0.0170138712429991
2.684375,0.012030623730147
2.6845,6.6010828927182e-14
2.684625,-0.0120306237301411
2.68475,-0.0170138712429991
2.684875,-0.0120306237302086
2.685,-2.9443437603394e-14
2.685125,0.012030623730167
2.68525,0.0170138712429991
2.685375,0.0120306237301828
2.6855,-7.12395372039395e-15
2.685625,-0.0120306237301491
2.68575,-0.0170138712429991
2.685875,-0.0120306237302007
2.686,-1.8204757964436e-14
2.686125,0.0120306237301312
2.68625,0.0170138712429991
2.686375,0.0120306237301748
2.6865,4.3533469649266e-14
2.686625,-0.0120306237301133
2.68675,-0.0170138712429991
2.686875,-0.012030623730149
2.687,-6.8862181334096e-14
2.687125,0.0120306237301391
2.68725,0.0170138712429991
2.687375,0.0120306237302107
2.6875,3.22947900103081e-14
2.687625,-0.012030623730165
2.68775,-0.0170138712429991
2.687875,-0.0120306237301848
2.688,4.27260131347991e-15
2.688125,0.0120306237301471
2.68825,0.0170138712429991
2.688375,0.0120306237301589
2.6885,2.10561103713501e-14
2.688625,-0.0120306237301292
2.68875,-0.0170138712429991
2.688875,-0.0120306237301769
2.689,-4.63848220561801e-14
2.689125,0.012030623730155
2.68925,0.0170138712429991
2.689375,0.0120306237301948
2.6895,7.171353374101e-14
2.689625,-0.0120306237301371
2.68975,-0.0170138712429991
2.689875,-0.0120306237302127
2.69,-3.51461424172221e-14
2.690125,0.012030623730163
2.69025,0.0170138712429991
2.690375,0.0120306237301868
2.6905,-1.42124890656588e-15
2.690625,-0.0120306237301451
2.69075,-0.0170138712429991
2.690875,-0.012030623730161
2.691,-2.39074627782641e-14
2.691125,0.0120306237301272
2.69125,0.0170138712429991
2.691375,0.0120306237301789
2.6915,4.92361744630941e-14
2.691625,-0.012030623730153
2.69175,-0.0170138712429991
2.691875,-0.0120306237301968
2.692,-1.26687831393061e-14
2.692125,0.0120306237301351
2.69225,0.0170138712429991
2.692375,0.0120306237301709
2.6925,3.79974948241361e-14
2.692625,-0.012030623730161
2.69275,-0.0170138712429991
2.692875,-0.0120306237301888
2.693,-1.43010350034816e-15
2.693125,0.012030623730143
2.69325,0.0170138712429991
2.693375,0.012030623730163
2.6935,2.67588151851781e-14
2.693625,-0.0120306237301251
2.69375,-0.0170138712429991
2.693875,-0.0120306237301809
2.694,-5.20875268700081e-14
2.694125,0.012030623730151
2.69425,0.0170138712429991
2.694375,0.0120306237301988
2.6945,1.55201355462202e-14
2.694625,-0.0120306237301331
2.69475,-0.0170138712429991
2.694875,-0.0120306237301729
2.695,-4.08488472310502e-14
2.695125,0.0120306237301589
2.69525,0.0170138712429991
2.695375,0.0120306237301909
2.6955,4.28145590726219e-15
2.695625,-0.012030623730141
2.69575,-0.0170138712429991
2.695875,-0.012030623730165
2.696,-2.96101675920922e-14
2.696125,0.0120306237301231
2.69625,0.0170138712429991
2.696375,0.0120306237301829
2.6965,5.49388792769222e-14
2.696625,-0.012030623730149
2.69675,-0.0170138712429991
2.696875,-0.0120306237302008
2.697,-1.83714879531342e-14
2.697125,0.0120306237301748
2.69725,0.0170138712429991
2.697375,0.012030623730175
2.6975,4.37001996379642e-14
2.697625,-0.0120306237301132
2.69775,-0.0170138712429991
2.697875,-0.0120306237301929
2.698,-7.13280831417623e-15
2.698125,0.012030623730139
2.69825,0.0170138712429991
2.698375,0.012030623730167
2.6985,3.24615199990062e-14
2.698625,-0.0120306237301211
2.69875,-0.0170138712429991
2.698875,-0.0120306237301849
2.699,-5.77902316838362e-14
2.699125,0.012030623730147
2.69925,0.0170138712429991
2.699375,0.0120306237302028
2.6995,2.12228403600482e-14
2.699625,-0.0120306237301728
2.69975,-0.0170138712429991
2.699875,-0.012030623730177
2.7,1.53445509637397e-14
2.700125,0.0120306237301111
2.70025,0.0170138712429991
2.700375,0.0120306237301511
2.7005,9.98416072109026e-15
2.700625,-0.012030623730137
2.70075,-0.0170138712429991
2.700875,-0.012030623730169
2.701,-3.53128724059203e-14
2.701125,0.0120306237301629
2.70125,0.0170138712429991
2.701375,0.0120306237301869
2.7015,6.06415840907502e-14
2.701625,-0.0120306237301449
2.70175,-0.0170138712429991
2.701875,-0.0120306237302048
2.702,-2.40741927669623e-14
2.702125,0.012030623730127
2.70225,0.0170138712429991
2.702375,0.012030623730179
2.7025,-1.24931985568257e-14
2.702625,-0.0120306237301091
2.70275,-0.0170138712429991
2.702875,-0.0120306237301531
2.703,-7.47316161366223e-14
2.703125,0.012030623730135
2.70325,0.0170138712429991
2.703375,0.012030623730171
2.7035,3.81642248128343e-14
2.703625,-0.0120306237301608
2.70375,-0.0170138712429991
2.703875,-0.012030623730189
2.704,-1.59683348904632e-15
2.704125,0.0120306237301429
2.70425,0.0170138712429991
2.704375,0.0120306237301631
2.7045,2.69255451738763e-14
2.704625,-0.012030623730125
2.70475,-0.0170138712429991
2.704875,-0.012030623730181
2.705,-5.22542568587063e-14
2.705125,0.0120306237301071
2.70525,0.0170138712429991
2.705375,0.0120306237301551
2.7055,7.75829685435363e-14
2.705625,-0.012030623730133
2.70575,-0.0170138712429991
2.705875,-0.0120306237301731
2.706,-4.10155772197483e-14
2.706125,0.0120306237301588
2.70625,0.0170138712429991
2.706375,0.012030623730191
2.7065,4.44818589596036e-15
2.706625,-0.0120306237301409
2.70675,-0.0170138712429991
2.706875,-0.0120306237301651
2.707,-2.97768975807903e-14
2.707125,0.012030623730123
2.70725,0.0170138712429991
2.707375,0.012030623730183
2.7075,5.51056092656203e-14
2.707625,-0.0120306237301489
2.70775,-0.0170138712429991
2.707875,-0.0120306237301572
2.708,-1.85382179418324e-14
2.708125,0.0120306237301309
2.70825,0.0170138712429991
2.708375,0.0120306237301751
2.7085,4.38669296266624e-14
2.708625,-0.0120306237301568
2.70875,-0.0170138712429991
2.708875,-0.012030623730193
2.709,-7.29953830287439e-15
2.709125,0.0120306237301389
2.70925,0.0170138712429991
2.709375,0.0120306237301671
2.7095,3.26282499877044e-14
2.709625,-0.012030623730121
2.70975,-0.0170138712429991
2.709875,-0.012030623730185
2.71,-5.79569616725344e-14
2.710125,0.0120306237301468
2.71025,0.0170138712429991
2.710375,0.0120306237302029
2.7105,2.13895703487464e-14
2.710625,-0.0120306237301289
2.71075,-0.0170138712429991
2.710875,-0.0120306237301771
2.711,-4.67182820335764e-14
2.711125,0.0120306237301548
2.71125,0.0170138712429991
2.711375,0.012030623730195
2.7115,1.01508907097884e-14
2.711625,-0.0120306237301369
2.71175,-0.0170138712429991
2.711875,-0.0120306237301691
2.712,-3.54796023946184e-14
2.712125,0.012030623730119
2.71225,0.0170138712429991
2.712375,0.0120306237301433
2.7125,6.08083140794484e-14
2.712625,-0.0120306237301448
2.71275,-0.0170138712429991
2.712875,-0.012030623730205
2.713,-2.42409227556604e-14
2.713125,0.0120306237301269
2.71325,0.0170138712429991
2.713375,0.0120306237301791
2.7135,4.95696344404904e-14
2.713625,-0.0120306237301528
2.71375,-0.0170138712429991
2.713875,-0.012030623730197
2.714,-1.30022431167025e-14
2.714125,0.0120306237301349
2.71425,0.0170138712429991
2.714375,0.0120306237301712
2.7145,3.83309548015324e-14
2.714625,-0.012030623730117
2.71475,-0.0170138712429991
2.714875,-0.0120306237301891
2.715,-6.36596664863624e-14
2.715125,0.0120306237301428
2.71525,0.0170138712429991
2.715375,0.012030623730207
2.7155,2.70922751625745e-14
2.715625,-0.0120306237301687
2.71575,-0.0170138712429991
2.715875,-0.0120306237301811
2.716,9.47511616121349e-15
2.716125,0.0120306237301508
2.71625,0.0170138712429991
2.716375,0.0120306237301553
2.7165,1.58535955236165e-14
2.716625,-0.0120306237301328
2.71675,-0.0170138712429991
2.716875,-0.0120306237301732
2.717,-4.11823072084465e-14
2.717125,0.0120306237301149
2.71725,0.0170138712429991
2.717375,0.0120306237301911
2.7175,6.65110188932765e-14
2.717625,-0.0120306237301408
2.71775,-0.0170138712429991
2.717875,-0.012030623730209
2.718,-2.99436275694885e-14
2.718125,0.0120306237301667
2.71825,0.0170138712429991
2.718375,0.0120306237301831
2.7185,-6.62376375429946e-15
2.718625,-0.0120306237301487
2.71875,-0.0170138712429991
2.718875,-0.0120306237301573
2.719,-1.87049479305305e-14
2.719125,0.0120306237301308
2.71925,0.0170138712429991
2.719375,0.0120306237301752
2.7195,4.40336596153605e-14
2.719625,-0.0120306237301567
2.71975,-0.0170138712429991
2.719875,-0.0120306237301931
2.72,-7.46626829157255e-15
2.720125,0.0120306237301388
2.72025,0.0170138712429991
2.720375,0.0120306237301672
2.7205,3.27949799764025e-14
2.720625,-0.0120306237301646
2.72075,-0.0170138712429991
2.720875,-0.0120306237301852
2.721,3.77241134738542e-15
2.721125,0.012030623730103
2.72125,0.0170138712429991
2.721375,0.0120306237301593
2.7215,2.15563003374446e-14
2.721625,-0.0120306237301288
2.72175,-0.0170138712429991
2.721875,-0.0120306237301772
2.722,-4.68850120222746e-14
2.722125,0.0120306237301547
2.72225,0.0170138712429991
2.722375,0.0120306237301951
2.7225,1.03176206984866e-14
2.722625,-0.0120306237301368
2.72275,-0.0170138712429991
2.722875,-0.0120306237301693
2.723,-3.56463323833166e-14
2.723125,0.0120306237301189
2.72325,0.0170138712429991
2.723375,0.0120306237301872
2.7235,-9.21058940471386e-16
2.723625,-0.0120306237301447
2.72375,-0.0170138712429991
2.723875,-0.0120306237301613
2.724,-2.44076527443586e-14
2.724125,0.0120306237301268
2.72425,0.0170138712429991
2.724375,0.0120306237301792
2.7245,4.97363644291886e-14
2.724625,-0.0120306237301527
2.72475,-0.0170138712429991
2.724875,-0.0120306237301971
2.725,-1.31689731054006e-14
2.725125,0.0120306237301347
2.72525,0.0170138712429991
2.725375,0.0120306237301713
2.7255,3.84976847902306e-14
2.725625,-0.0120306237301168
2.72575,-0.0170138712429991
2.725875,-0.0120306237301892
2.726,-1.93029346644265e-15
2.726125,0.0120306237301427
2.72625,0.0170138712429991
2.726375,0.0120306237301633
2.7265,2.72590051512726e-14
2.726625,-0.0120306237301248
2.72675,-0.0170138712429991
2.726875,-0.0120306237301812
2.727,-5.25877168361026e-14
2.727125,0.0120306237301506
2.72725,0.0170138712429991
2.727375,0.0120306237301992
2.7275,1.60203255123147e-14
2.727625,-0.0120306237301327
2.72775,-0.0170138712429991
2.727875,-0.0120306237301733
2.728,2.05470658114733e-14
2.728125,0.0120306237301148
2.72825,0.0170138712429991
2.728375,0.0120306237301474
2.7285,6.66777488819746e-14
2.728625,-0.0120306237301407
2.72875,-0.0170138712429991
2.728875,-0.0120306237301653
2.729,-3.01103575581867e-14
2.729125,0.0120306237301228
2.72925,0.0170138712429991
2.729375,0.0120306237301833
2.7295,5.54390692430167e-14
2.729625,-0.0120306237301486
2.72975,-0.0170138712429991
2.729875,-0.0120306237302012
2.73,-1.88716779192287e-14
2.730125,0.0120306237301307
2.73025,0.0170138712429991
2.730375,0.0120306237301753
2.7305,4.42003896040587e-14
2.730625,-0.0120306237301128
2.73075,-0.0170138712429991
2.730875,-0.0120306237301495
2.731,-6.95291012888887e-14
2.731125,0.0120306237301387
2.73125,0.0170138712429991
2.731375,0.0120306237301674
2.7315,3.29617099651007e-14
2.731625,-0.0120306237301645
2.73175,-0.0170138712429991
2.731875,-0.0120306237301853
2.732,3.60568135868726e-15
2.732125,0.0120306237301466
2.73225,0.0170138712429991
2.732375,0.0120306237301594
2.7325,2.17230303261427e-14
2.732625,-0.0120306237301287
2.73275,-0.0170138712429991
2.732875,-0.0120306237301773
2.733,-4.70517420109727e-14
2.733125,0.0120306237301108
2.73325,0.0170138712429991
2.733375,0.0120306237301515
2.7335,7.23804536958027e-14
2.733625,-0.0120306237301366
2.73375,-0.0170138712429991
2.733875,-0.0120306237302131
2.734,-3.58130623720147e-14
2.734125,0.0120306237301625
2.73425,0.0170138712429991
2.734375,0.0120306237301873
2.7345,-7.54328951773222e-16
2.734625,-0.0120306237301446
2.73475,-0.0170138712429991
2.734875,-0.0120306237301614
2.735,-2.45743827330568e-14
2.735125,0.0120306237301267
2.73525,0.0170138712429991
2.735375,0.0120306237301793
2.7355,4.99030944178868e-14
2.735625,-0.0120306237301525
2.73575,-0.0170138712429991
2.735875,-0.0120306237301973
2.736,-1.33357030940988e-14
2.736125,0.0120306237301346
2.73625,0.0170138712429991
2.736375,0.0120306237302152
2.7365,3.86644147789288e-14
2.736625,-0.0120306237301605
2.73675,-0.0170138712429991
2.736875,-0.0120306237301893
2.737,-2.09702345514081e-15
2.737125,0.0120306237301426
2.73725,0.0170138712429991
2.737375,0.0120306237301634
2.7375,2.74257351399708e-14
2.737625,-0.0120306237301247
2.73775,-0.0170138712429991
2.737875,-0.0120306237301814
2.738,-5.27544468248008e-14
2.738125,0.0120306237301505
2.73825,0.0170138712429991
2.738375,0.0120306237301993
2.7385,1.61870555010128e-14
2.738625,-0.0120306237301326
2.73875,-0.0170138712429991
2.738875,-0.0120306237301734
2.739,-4.15157671858428e-14
2.739125,0.0120306237301585
2.73925,0.0170138712429991
2.739375,0.0120306237301913
2.7395,4.94837586205485e-15
2.739625,-0.0120306237301406
2.73975,-0.0170138712429991
2.739875,-0.0120306237301655
2.74,-3.02770875468848e-14
2.740125,0.0120306237301226
2.74025,0.0170138712429991
2.740375,0.0120306237301834
2.7405,5.56057992317148e-14
2.740625,-0.0120306237301485
2.74075,-0.0170138712429991
2.740875,-0.0120306237302013
2.741,-1.90384079079269e-14
2.741125,0.0120306237301306
2.74125,0.0170138712429991
2.741375,0.0120306237301754
2.7415,4.43671195927568e-14
2.741625,-0.0120306237301564
2.74175,-0.0170138712429991
2.741875,-0.0120306237301933
2.742,-7.79972826896888e-15
2.742125,0.0120306237301385
2.74225,0.0170138712429991
2.742375,0.0120306237301675
2.7425,3.31284399537989e-14
2.742625,-0.0120306237301206
2.74275,-0.0170138712429991
2.742875,-0.0120306237301854
2.743,-5.84571516386289e-14
2.743125,0.0120306237301465
2.74325,0.0170138712429991
2.743375,0.0120306237302033
2.7435,2.18897603148409e-14
2.743625,-0.0120306237301723
2.74375,-0.0170138712429991
2.743875,-0.0120306237301774
2.744,1.46776310089471e-14
2.744125,0.0120306237301544
2.74425,0.0170138712429991
2.744375,0.0120306237301954
2.7445,1.06510806758829e-14
2.744625,-0.0120306237301365
2.74475,-0.0170138712429991
2.744875,-0.0120306237301695
2.745,-3.59797923607129e-14
2.745125,0.0120306237301186
2.74525,0.0170138712429991
2.745375,0.0120306237301874
2.7455,6.13085040455429e-14
2.745625,-0.0120306237301445
2.74575,-0.0170138712429991
2.745875,-0.0120306237302053
2.746,-2.47411127217549e-14
2.746125,0.0120306237301703
2.74625,0.0170138712429991
2.746375,0.0120306237301795
2.7465,-1.1826278602033e-14
2.746625,-0.0120306237301087
2.74675,-0.0170138712429991
2.746875,-0.0120306237301536
2.747,-1.3502433082797e-14
2.747125,0.0120306237301345
2.74725,0.0170138712429991
2.747375,0.0120306237301715
2.7475,3.88311447676269e-14
2.747625,-0.0120306237301604
2.74775,-0.0170138712429991
2.747875,-0.0120306237301894
2.748,-2.26375344383898e-15
2.748125,0.0120306237301425
2.74825,0.0170138712429991
2.748375,0.0120306237302073
2.7485,2.7592465128669e-14
2.748625,-0.0120306237301245
2.74875,-0.0170138712429991
2.748875,-0.0120306237301815
2.749,8.974926195119e-15
2.749125,0.0120306237301066
2.74925,0.0170138712429991
2.749375,0.0120306237301556
2.7495,7.8249888498329e-14
2.749625,-0.0120306237301325
2.74975,-0.0170138712429991
2.749875,-0.0120306237301735
2.75,-4.1682497174541e-14
2.750125,0.0120306237301583
2.75025,0.0170138712429991
2.750375,0.0120306237301914
2.7505,5.11510585075301e-15
2.750625,-0.0120306237301404
2.75075,-0.0170138712429991
2.750875,-0.0120306237301656
2.751,-3.0443817535583e-14
2.751125,0.0120306237301225
2.75125,0.0170138712429991
2.751375,0.0120306237301835
2.7515,-6.12357378820496e-15
2.751625,-0.0120306237301484
2.75175,-0.0170138712429991
2.751875,-0.0120306237301576
2.752,-8.1101240905243e-14
2.752125,0.0120306237301305
2.75225,0.0170138712429991
2.752375,0.0120306237301755
2.7525,4.4533849581455e-14
2.752625,-0.0120306237301563
2.75275,-0.0170138712429991
2.752875,-0.0120306237301935
2.753,-7.96645825766705e-15
2.753125,0.0120306237301384
2.75325,0.0170138712429991
2.753375,0.0120306237301676
2.7535,3.3295169942497e-14
2.753625,-0.0120306237301205
2.75375,-0.0170138712429991
2.753875,-0.0120306237301855
2.754,-5.8623881627327e-14
2.754125,0.0120306237301464
2.75425,0.0170138712429991
2.754375,0.0120306237301597
2.7545,2.20564903035391e-14
2.754625,-0.0120306237301285
2.75475,-0.0170138712429991
2.754875,-0.0120306237301776
2.755,-4.7385201988369e-14
2.755125,0.0120306237301543
2.75525,0.0170138712429991
2.755375,0.0120306237301955
2.7555,1.08178106645811e-14
2.755625,-0.0120306237301364
2.75575,-0.0170138712429991
2.755875,-0.0120306237301696
2.756,-3.61465223494111e-14
2.756125,0.0120306237301185
2.75625,0.0170138712429991
2.756375,0.0120306237301875
2.7565,6.14752340342411e-14
2.756625,-0.0120306237301444
2.75675,-0.0170138712429991
2.756875,-0.0120306237301617
2.757,-2.49078427104531e-14
2.757125,0.0120306237301264
2.75725,0.0170138712429991
2.757375,0.0120306237301796
2.7575,5.02365543952831e-14
2.757625,-0.0120306237301523
2.75775,-0.0170138712429991
2.757875,-0.0120306237301975
2.758,-1.36691630714951e-14
2.758125,0.0120306237301344
2.75825,0.0170138712429991
2.758375,0.0120306237301716
2.7585,3.89978747563251e-14
2.758625,-0.0120306237301165
2.75875,-0.0170138712429991
2.758875,-0.0120306237301458
2.759,-6.43265864411551e-14
2.759125,0.0120306237301423
2.75925,0.0170138712429991
2.759375,0.0120306237302075
2.7595,2.77591951173671e-14
2.759625,-0.0120306237301682
2.75975,-0.0170138712429991
2.759875,-0.0120306237301816
2.76,-5.30879068021971e-14
2.760125,0.0120306237301503
2.76025,0.0170138712429991
2.760375,0.0120306237301995
2.7605,1.65205154784092e-14
2.760625,-0.0120306237301324
2.76075,-0.0170138712429991
2.760875,-0.0120306237301736
2.761,-4.18492271632391e-14
2.761125,0.0120306237301145
2.76125,0.0170138712429991
2.761375,0.0120306237301916
2.7615,6.71779388480691e-14
2.761625,-0.0120306237301403
2.76175,-0.0170138712429991
2.761875,-0.0120306237302095
2.762,-3.06105475242812e-14
2.762125,0.0120306237301662
2.76225,0.0170138712429991
2.762375,0.0120306237301836
2.7625,-5.9568437995068e-15
2.762625,-0.0120306237301483
2.76275,-0.0170138712429991
2.762875,-0.0120306237301578
2.763,-1.93718678853232e-14
2.763125,0.0120306237301304
2.76325,0.0170138712429991
2.763375,0.0120306237301757
2.7635,4.47005795701532e-14
2.763625,-0.0120306237301562
2.76375,-0.0170138712429991
2.763875,-0.0120306237301936
2.764,-7.00292912549832e-14
2.764125,0.0120306237301383
2.76425,0.0170138712429991
2.764375,0.0120306237302115
2.7645,3.34618999311952e-14
2.764625,-0.0120306237301642
2.76475,-0.0170138712429991
2.764875,-0.0120306237301856
2.765,3.10549139259277e-15
2.765125,0.0120306237301463
2.76525,0.0170138712429991
2.765375,0.0120306237301598
2.7655,2.22232202922372e-14
2.765625,-0.0120306237301283
2.76575,-0.0170138712429991
2.765875,-0.0120306237301777
2.766,-4.75519319770672e-14
2.766125,0.0120306237301542
2.76625,0.0170138712429991
2.766375,0.0120306237301956
2.7665,1.09845406532792e-14
2.766625,-0.0120306237301363
2.76675,-0.0170138712429991
2.766875,-0.0120306237301697
2.767,-3.63132523381092e-14
2.767125,0.0120306237301621
2.76725,0.0170138712429991
2.767375,0.0120306237301876
2.7675,-2.5413898567873e-16
2.767625,-0.0120306237301005
2.76775,-0.0170138712429991
2.767875,-0.0120306237301618
2.768,-2.50745726991513e-14
2.768125,0.0120306237301263
2.76825,0.0170138712429991
2.768375,0.0120306237301797
2.7685,5.04032843839812e-14
2.768625,-0.0120306237301522
2.76875,-0.0170138712429991
2.768875,-0.0120306237301976
2.769,-1.38358930601933e-14
2.769125,0.0120306237301343
2.76925,0.0170138712429991
2.769375,0.0120306237301717
2.7695,3.91646047450233e-14
2.769625,-0.0120306237301601
2.76975,-0.0170138712429991
2.769875,-0.0120306237301897
2.77,-2.5972134212353e-15
2.770125,0.0120306237301422
2.77025,0.0170138712429991
2.770375,0.0120306237301638
2.7705,2.79259251060653e-14
2.770625,-0.0120306237301243
2.77075,-0.0170138712429991
2.770875,-0.0120306237301817
2.771,-5.32546367908953e-14
2.771125,0.0120306237301502
2.77125,0.0170138712429991
2.771375,0.0120306237301996
2.7715,1.66872454671073e-14
2.771625,-0.0120306237301323
2.77175,-0.0170138712429991
2.771875,-0.0120306237301738
2.772,-4.20159571519373e-14
2.772125,0.0120306237301143
2.77225,0.0170138712429991
2.772375,0.0120306237301917
2.7725,5.44856582814934e-15
2.772625,-0.0120306237301402
2.77275,-0.0170138712429991
2.772875,-0.0120306237301658
2.773,-3.07772775129793e-14
2.773125,0.0120306237301223
2.77325,0.0170138712429991
2.773375,0.0120306237301837
2.7735,5.61059891978093e-14
2.773625,-0.0120306237301481
2.77375,-0.0170138712429991
2.773875,-0.0120306237302016
2.774,-1.95385978740214e-14
2.774125,0.0120306237301302
2.77425,0.0170138712429991
2.774375,0.0120306237301758
2.7745,-1.70287934497666e-14
2.774625,-0.0120306237301123
2.77475,-0.0170138712429991
2.774875,-0.0120306237301499
2.775,-7.01960212436813e-14
2.775125,0.0120306237301382
2.77525,0.0170138712429991
2.775375,0.0120306237301678
2.7755,3.36286299198934e-14
2.775625,-0.0120306237301203
2.77575,-0.0170138712429991
2.775875,-0.0120306237301857
2.776,-5.89573416047234e-14
2.776125,0.0120306237301461
2.77625,0.0170138712429991
2.776375,0.0120306237302037
2.7765,2.23899502809354e-14
2.776625,-0.0120306237301282
2.77675,-0.0170138712429991
2.776875,-0.0120306237301778
2.777,1.41774410428526e-14
2.777125,0.0120306237301103
2.77725,0.0170138712429991
2.777375,0.0120306237301519
2.7775,7.30473736505954e-14
2.777625,-0.0120306237301362
2.77775,-0.0170138712429991
2.777875,-0.0120306237301699
2.778,-3.64799823268074e-14
2.778125,0.012030623730162
2.77825,0.0170138712429991
2.778375,0.0120306237301878
2.7785,-8.74089969805664e-17
2.778625,-0.0120306237301441
2.77875,-0.0170138712429991
2.778875,-0.0120306237301619
2.779,-2.52413026878494e-14
2.779125,0.0120306237301262
2.77925,0.0170138712429991
2.779375,0.0120306237301798
2.7795,5.05700143726794e-14
2.779625,-0.0120306237301083
2.77975,-0.0170138712429991
2.779875,-0.012030623730154
2.78,-7.58987260575094e-14
2.780125,0.0120306237301342
2.78025,0.0170138712429991
2.780375,0.0120306237302156
2.7805,3.93313347337214e-14
2.780625,-0.01203062373016
2.78075,-0.0170138712429991
2.780875,-0.0120306237301898
2.781,-2.76394340993347e-15
2.781125,0.0120306237301421
2.78125,0.0170138712429991
2.781375,0.0120306237301639
2.7815,2.80926550947635e-14
2.781625,-0.0120306237301242
2.78175,-0.0170138712429991
2.781875,-0.0120306237301818
2.782,-5.34213667795935e-14
2.782125,0.01203062373015
2.78225,0.0170138712429991
2.782375,0.012030623730156
2.7825,1.68539754558055e-14
2.782625,-0.0120306237301321
2.78275,-0.0170138712429991
2.782875,-0.0120306237301739
2.783,-4.21826871406355e-14
2.783125,0.012030623730158
2.78325,0.0170138712429991
2.783375,0.0120306237301918
2.7835,5.6152958168475e-15
2.783625,-0.0120306237301401
2.78375,-0.0170138712429991
2.783875,-0.0120306237301659
2.784,-3.09440075016775e-14
2.784125,0.0120306237301222
2.78425,0.0170138712429991
2.784375,0.0120306237301838
2.7845,5.62727191865075e-14
2.784625,-0.012030623730148
2.78475,-0.0170138712429991
2.784875,-0.0120306237302018
2.785,-1.97053278627195e-14
2.785125,0.0120306237301301
2.78525,0.0170138712429991
2.785375,0.0120306237301759
2.7855,4.50340395475495e-14
2.785625,-0.012030623730156
2.78575,-0.0170138712429991
2.785875,-0.0120306237301938
2.786,-8.46664822376154e-15
2.786125,0.0120306237301381
2.78625,0.0170138712429991
2.786375,0.012030623730168
2.7865,3.37953599085915e-14
2.786625,-0.0120306237301202
2.78675,-0.0170138712429991
2.786875,-0.0120306237301859
2.787,-5.91240715934215e-14
2.787125,0.012030623730146
2.78725,0.0170138712429991
2.787375,0.0120306237302038
2.7875,2.25566802696336e-14
2.787625,-0.0120306237301281
2.78775,-0.0170138712429991
2.787875,-0.0120306237301779
2.788,-4.78853919544635e-14
2.788125,0.012030623730154
2.78825,0.0170138712429991
2.788375,0.0120306237301958
2.7885,1.13180006306756e-14
2.788625,-0.0120306237301361
2.78875,-0.0170138712429991
2.788875,-0.01203062373017
2.789,-3.66467123155056e-14
2.789125,0.0120306237301181
2.78925,0.0170138712429991
2.789375,0.0120306237301879
2.7895,6.19754240003355e-14
2.789625,-0.012030623730144
2.78975,-0.0170138712429991
2.789875,-0.0120306237302058
2.79,-2.54080326765476e-14
2.790125,0.0120306237301699
2.79025,0.0170138712429991
2.790375,0.0120306237301799
2.7905,-1.11593586472404e-14
2.790625,-0.0120306237301519
2.79075,-0.0170138712429991
2.790875,-0.0120306237301541
2.791,-1.41693530375896e-14
2.791125,0.012030623730134
2.79125,0.0170138712429991
2.791375,0.012030623730172
2.7915,3.94980647224196e-14
2.791625,-0.0120306237301161
2.79175,-0.0170138712429991
2.791875,-0.0120306237301899
2.792,-6.48267764072496e-14
2.792125,0.012030623730142
2.79225,0.0170138712429991
2.792375,0.0120306237302078
2.7925,2.82593850834616e-14
2.792625,-0.0120306237301678
2.79275,-0.0170138712429991
2.792875,-0.0120306237301819
2.793,8.30800624032634e-15
2.793125,0.0120306237301062
2.79325,0.0170138712429991
2.793375,0.0120306237301561
2.7935,1.70207054445036e-14
2.793625,-0.012030623730132
2.79375,-0.0170138712429991
2.793875,-0.012030623730174
2.794,-4.23494171293336e-14
2.794125,0.0120306237301579
2.79425,0.0170138712429991
2.794375,0.0120306237301919
2.7945,5.78202580554567e-15
2.794625,-0.01203062373014
2.79475,-0.0170138712429991
2.794875,-0.0120306237301661
2.795,-3.11107374903757e-14
2.795125,0.0120306237301658
2.79525,0.0170138712429991
2.795375,0.012030623730184
2.7955,-5.45665383341231e-15
2.795625,-0.0120306237301041
2.79575,-0.0170138712429991
2.795875,-0.0120306237301581
2.796,-1.98720578514177e-14
2.796125,0.01203062373013
2.79625,0.0170138712429991
2.796375,0.012030623730176
2.7965,4.52007695362477e-14
2.796625,-0.0120306237301559
2.79675,-0.0170138712429991
2.796875,-0.0120306237301939
2.797,-8.6333782124597e-15
2.797125,0.012030623730138
2.79725,0.0170138712429991
2.797375,0.0120306237301681
2.7975,3.39620898972897e-14
2.797625,-0.01203062373012
2.79775,-0.0170138712429991
2.797875,-0.012030623730186
2.798,2.60530142649827e-15
2.798125,0.0120306237301459
2.79825,0.0170138712429991
2.798375,0.0120306237301601
2.7985,2.27234102583317e-14
2.798625,-0.012030623730128
2.79875,-0.0170138712429991
2.798875,-0.012030623730178
2.799,-4.80521219431617e-14
2.799125,0.0120306237301538
2.79925,0.0170138712429991
2.799375,0.0120306237301959
2.7995,1.14847306193737e-14
2.799625,-0.0120306237301359
2.79975,-0.0170138712429991
2.799875,-0.0120306237301701
2.8,-3.68134423042037e-14
2.800125,0.012030623730118
2.80025,0.0170138712429991
2.800375,0.012030623730188
2.8005,6.21421539890337e-14
2.800625,-0.0120306237301439
2.80075,-0.0170138712429991
2.800875,-0.0120306237301621
2.801,-2.55747626652457e-14
2.801125,0.012030623730126
2.80125,0.0170138712429991
2.801375,0.0120306237301801
2.8015,5.09034743500757e-14
2.801625,-0.0120306237301518
2.80175,-0.0170138712429991
2.801875,-0.012030623730198
2.802,-1.43360830262878e-14
2.802125,0.0120306237301339
2.80225,0.0170138712429991
2.802375,0.0120306237301721
2.8025,-2.22313082975002e-14
2.802625,-0.012030623730116
2.80275,-0.0170138712429991
2.802875,-0.01203062373019
2.803,-6.49935063959477e-14
2.803125,0.0120306237301419
2.80325,0.0170138712429991
2.803375,0.0120306237301642
2.8035,2.84261150721598e-14
2.803625,-0.012030623730124
2.80375,-0.0170138712429991
2.803875,-0.0120306237301821
2.804,-5.37548267569898e-14
2.804125,0.0120306237301498
2.80425,0.0170138712429991
2.804375,0.0120306237302
2.8045,1.71874354332018e-14
2.804625,-0.0120306237301319
2.80475,-0.0170138712429991
2.804875,-0.0120306237301741
2.805,-4.25161471180318e-14
2.805125,0.012030623730114
2.80525,0.0170138712429991
2.805375,0.0120306237301483
2.8055,6.78448588028618e-14
2.805625,-0.0120306237301399
2.80575,-0.0170138712429991
2.805875,-0.0120306237302099
2.806,-3.12774674790738e-14
2.806125,0.0120306237301657
2.80625,0.0170138712429991
2.806375,0.0120306237301841
2.8065,-5.28992384471415e-15
2.806625,-0.0120306237301478
2.80675,-0.0170138712429991
2.806875,-0.012030623730202
2.807,-2.00387878401158e-14
2.807125,0.0120306237301299
2.80725,0.0170138712429991
2.807375,0.0120306237301761
2.8075,4.53674995249458e-14
2.807625,-0.012030623730112
2.80775,-0.0170138712429991
2.807875,-0.0120306237301503
2.808,-7.06962112097758e-14
2.808125,0.0120306237301378
2.80825,0.0170138712429991
2.808375,0.012030623730212
2.8085,3.41288198859879e-14
2.808625,-0.0120306237301637
2.80875,-0.0170138712429991
2.808875,-0.0120306237301861
2.809,2.43857143780011e-15
2.809125,0.0120306237301458
2.80925,0.0170138712429991
2.809375,0.0120306237301602
2.8095,2.28901402470299e-14
2.809625,-0.0120306237301279
2.80975,-0.0170138712429991
2.809875,-0.0120306237301782
2.81,-4.82188519318599e-14
2.810125,0.0120306237301537
2.81025,0.0170138712429991
2.810375,0.0120306237301961
2.8105,1.16514606080719e-14
2.810625,-0.0120306237301358
2.81075,-0.0170138712429991
2.810875,-0.012030623730214
2.811,-3.69801722929019e-14
2.811125,0.0120306237301617
2.81125,0.0170138712429991
2.811375,0.0120306237301881
2.8115,4.12780969113925e-16
2.811625,-0.0120306237301438
2.81175,-0.0170138712429991
2.811875,-0.0120306237301623
2.812,-2.57414926539439e-14
2.812125,0.0120306237301259
2.81225,0.0170138712429991
2.812375,0.0120306237301802
2.8125,5.10702043387739e-14
2.812625,-0.0120306237301517
2.81275,-0.0170138712429991
2.812875,-0.0120306237301981
2.813,-1.45028130149859e-14
2.813125,0.0120306237301338
2.81325,0.0170138712429991
2.813375,0.0120306237301722
2.8135,3.98315246998159e-14
2.813625,-0.0120306237301597
2.81375,-0.0170138712429991
2.813875,-0.0120306237301901
2.814,-3.26413337602796e-15
2.814125,0.0120306237301417
2.81425,0.0170138712429991
2.814375,0.0120306237301643
2.8145,2.85928450608579e-14
2.814625,-0.0120306237301238
2.81475,-0.0170138712429991
2.814875,-0.0120306237301822
2.815,-5.39215567456879e-14
2.815125,0.0120306237301497
2.81525,0.0170138712429991
2.815375,0.0120306237302001
2.8155,1.73541654219e-14
2.815625,-0.0120306237301318
2.81575,-0.0170138712429991
2.815875,-0.0120306237301742
2.816,-4.268287710673e-14
2.816125,0.0120306237301576
2.81625,0.0170138712429991
2.816375,0.0120306237301921
2.8165,6.115485782942e-15
2.816625,-0.0120306237301397
2.81675,-0.0170138712429991
2.816875,-0.0120306237301663
2.817,-3.1444197467772e-14
2.817125,0.0120306237301218
2.81725,0.0170138712429991
2.817375,0.0120306237301842
2.8175,5.6772909152602e-14
2.817625,-0.0120306237301477
2.81775,-0.0170138712429991
2.817875,-0.0120306237302021
2.818,-2.0205517828814e-14
2.818125,0.0120306237301735
2.81825,0.0170138712429991
2.818375,0.0120306237301763
2.8185,4.5534229513644e-14
2.818625,-0.0120306237301119
2.81875,-0.0170138712429991
2.818875,-0.0120306237301942
2.819,-8.96683818985603e-15
2.819125,0.0120306237301377
2.81925,0.0170138712429991
2.819375,0.0120306237301683
2.8195,3.4295549874686e-14
2.819625,-0.0120306237301198
2.81975,-0.0170138712429991
2.819875,-0.0120306237301862
2.82,-5.9624261559516e-14
2.820125,0.0120306237301457
2.82025,0.0170138712429991
2.820375,0.0120306237302041
2.8205,2.3056870235728e-14
2.820625,-0.0120306237301715
2.82075,-0.0170138712429991
2.820875,-0.0120306237301783
2.821,1.35105210880599e-14
2.821125,0.0120306237301098
2.82125,0.0170138712429991
2.821375,0.0120306237301524
2.8215,1.18181905967701e-14
2.821625,-0.0120306237301357
2.82175,-0.0170138712429991
2.821875,-0.0120306237301703
2.822,-3.71469022816001e-14
2.822125,0.0120306237301616
2.82225,0.0170138712429991
2.822375,0.0120306237301882
2.8225,6.24756139664301e-14
2.822625,-0.0120306237301436
2.82275,-0.0170138712429991
2.822875,-0.0120306237302061
2.823,-2.59082226426421e-14
2.823125,0.0120306237301257
2.82325,0.0170138712429991
2.823375,0.0120306237301803
2.8235,-1.06591686811459e-14
2.823625,-0.0120306237301078
2.82375,-0.0170138712429991
2.823875,-0.0120306237301544
2.824,-7.65656460123021e-14
2.824125,0.0120306237301337
2.82425,0.0170138712429991
2.824375,0.0120306237301723
2.8245,3.99982546885141e-14
2.824625,-0.0120306237301595
2.82475,-0.0170138712429991
2.824875,-0.0120306237301902
2.825,-3.43086336472612e-15
2.825125,0.0120306237301416
2.82525,0.0170138712429991
2.825375,0.0120306237301644
2.8255,2.87595750495561e-14
2.825625,-0.0120306237301237
2.82575,-0.0170138712429991
2.825875,-0.0120306237301823
2.826,-5.40882867343861e-14
2.826125,0.0120306237301496
2.82625,0.0170138712429991
2.826375,0.0120306237301564
2.8265,7.94169984192161e-14
2.826625,-0.0120306237301317
2.82675,-0.0170138712429991
2.826875,-0.0120306237301744
2.827,-4.28496070954281e-14
2.827125,0.0120306237301575
2.82725,0.0170138712429991
2.827375,0.0120306237301923
2.8275,6.28221577164016e-15
2.827625,-0.0120306237301396
2.82775,-0.0170138712429991
2.827875,-0.0120306237301664
2.828,-3.16109274564701e-14
2.828125,0.0120306237301217
2.82825,0.0170138712429991
2.828375,0.0120306237301843
2.8285,5.69396391413001e-14
2.828625,-0.0120306237301476
2.82875,-0.0170138712429991
2.828875,-0.0120306237301585
2.829,-2.03722478175122e-14
2.829125,0.0120306237301297
2.82925,0.0170138712429991
2.829375,0.0120306237301764
2.8295,4.57009595023422e-14
2.829625,-0.0120306237301555
2.82975,-0.0170138712429991
2.829875,-0.0120306237301943
2.83,-9.1335681785542e-15
2.830125,0.0120306237301376
2.83025,0.0170138712429991
2.830375,0.0120306237301684
2.8305,3.44622798633842e-14
2.830625,-0.0120306237301197
2.83075,-0.0170138712429991
2.830875,-0.0120306237301863
2.831,-5.97909915482142e-14
2.831125,0.0120306237301455
2.83125,0.0170138712429991
2.831375,0.0120306237302042
2.8315,2.32236002244262e-14
2.831625,-0.0120306237301276
2.83175,-0.0170138712429991
2.831875,-0.0120306237301784
2.832,-4.85523119092562e-14
2.832125,0.0120306237301535
2.83225,0.0170138712429991
2.832375,0.0120306237301963
2.8325,1.19849205854682e-14
2.832625,-0.0120306237301356
2.83275,-0.0170138712429991
2.832875,-0.0120306237301704
2.833,-3.73136322702982e-14
2.833125,0.0120306237301177
2.83325,0.0170138712429991
2.833375,0.0120306237301446
2.8335,6.26423439551282e-14
2.833625,-0.0120306237301435
2.83375,-0.0170138712429991
2.833875,-0.0120306237302063
2.834,-2.60749526313402e-14
2.834125,0.0120306237301256
2.83425,0.0170138712429991
2.834375,0.0120306237301804
2.8345,5.14036643161702e-14
2.834625,-0.0120306237301515
2.83475,-0.0170138712429991
2.834875,-0.0120306237301983
2.835,-1.48362729923823e-14
2.835125,0.0120306237301336
2.83525,0.0170138712429991
2.835375,0.0120306237301725
2.8355,4.01649846772122e-14
2.835625,-0.0120306237301157
2.83575,-0.0170138712429991
2.835875,-0.0120306237301904
2.836,-6.54936963620422e-14
2.836125,0.0120306237301415
2.83625,0.0170138712429991
2.836375,0.0120306237302083
2.8365,2.89263050382543e-14
2.836625,-0.0120306237301674
2.83675,-0.0170138712429991
2.836875,-0.0120306237301824
2.837,7.64108628553369e-15
2.837125,0.0120306237301495
2.83725,0.0170138712429991
2.837375,0.0120306237301566
2.8375,1.76876253992963e-14
2.837625,-0.0120306237301315
2.83775,-0.0170138712429991
2.837875,-0.0120306237301745
2.838,-4.30163370841263e-14
2.838125,0.0120306237301136
2.83825,0.0170138712429991
2.838375,0.0120306237301924
2.8385,6.83450487689563e-14
2.838625,-0.0120306237301395
2.83875,-0.0170138712429991
2.838875,-0.0120306237302103
2.839,-3.17776574451683e-14
2.839125,0.0120306237301654
2.83925,0.0170138712429991
2.839375,0.0120306237301844
2.8395,-4.78973387861965e-15
2.839625,-0.0120306237301474
2.83975,-0.0170138712429991
2.839875,-0.0120306237301586
2.84,-2.05389778062103e-14
2.840125,0.0120306237301295
2.84025,0.0170138712429991
2.840375,0.0120306237301765
2.8405,4.58676894910403e-14
2.840625,-0.0120306237301554
2.84075,-0.0170138712429991
2.840875,-0.0120306237301944
2.841,-9.30029816725236e-15
2.841125,0.0120306237301375
2.84125,0.0170138712429991
2.841375,0.0120306237301685
2.8415,3.46290098520823e-14
2.841625,-0.0120306237301633
2.84175,-0.0170138712429991
2.841875,-0.0120306237301865
2.842,1.93838147170562e-15
2.842125,0.0120306237301017
2.84225,0.0170138712429991
2.842375,0.0120306237301606
2.8425,2.33903302131244e-14
2.842625,-0.0120306237301275
2.84275,-0.0170138712429991
2.842875,-0.0120306237301785
2.843,-4.87190418979544e-14
2.843125,0.0120306237301534
2.84325,0.0170138712429991
2.843375,0.0120306237301964
2.8435,1.21516505741664e-14
2.843625,-0.0120306237301355
2.84375,-0.0170138712429991
2.843875,-0.0120306237301706
2.844,-3.74803622589964e-14
2.844125,0.0120306237301176
2.84425,0.0170138712429991
2.844375,0.0120306237301885
2.8445,9.12970935208417e-16
2.844625,-0.0120306237301434
2.84475,-0.0170138712429991
2.844875,-0.0120306237301626
2.845,-2.62416826200384e-14
2.845125,0.0120306237301255
2.84525,0.0170138712429991
2.845375,0.0120306237301805
2.8455,5.15703943048684e-14
2.845625,-0.0120306237301514
2.84575,-0.0170138712429991
2.845875,-0.0120306237301984
2.846,-1.50030029810804e-14
2.846125,0.0120306237301334
2.84625,0.0170138712429991
2.846375,0.0120306237301726
2.8465,4.03317146659104e-14
2.846625,-0.0120306237301155
2.84675,-0.0170138712429991
2.846875,-0.0120306237301905
2.847,-3.76432334212245e-15
2.847125,0.0120306237301414
2.84725,0.0170138712429991
2.847375,0.0120306237301646
2.8475,2.90930350269524e-14
2.847625,-0.0120306237301235
2.84775,-0.0170138712429991
2.847875,-0.0120306237301825
2.848,-5.44217467117824e-14
2.848125,0.0120306237301493
2.84825,0.0170138712429991
2.848375,0.0120306237302004
2.8485,1.78543553879945e-14
2.848625,-0.0120306237301314
2.84875,-0.0170138712429991
2.848875,-0.0120306237301746
2.849,1.87130359357935e-14
2.849125,0.0120306237301135
2.84925,0.0170138712429991
2.849375,0.0120306237301487
2.8495,6.85117787576544e-14
2.849625,-0.0120306237301394
2.84975,-0.0170138712429991
2.849875,-0.0120306237301666
2.85,-3.19443874338665e-14
2.850125,0.0120306237301215
2.85025,0.0170138712429991
2.850375,0.0120306237301846
2.8505,5.72730991186965e-14
2.850625,-0.0120306237301473
2.85075,-0.0170138712429991
2.850875,-0.0120306237302025
2.851,-2.07057077949085e-14
2.851125,0.0120306237301294
2.85125,0.0170138712429991
2.851375,0.0120306237301766
2.8515,4.60344194797385e-14
2.851625,-0.0120306237301115
2.85175,-0.0170138712429991
2.851875,-0.0120306237301508
2.852,-7.13631311645685e-14
2.852125,0.0120306237301374
2.85225,0.0170138712429991
2.852375,0.0120306237301687
2.8525,3.47957398407805e-14
2.852625,-0.0120306237301632
2.85275,-0.0170138712429991
2.852875,-0.0120306237301866
2.853,1.77165148300745e-15
2.853125,0.0120306237301453
2.85325,0.0170138712429991
2.853375,0.0120306237301607
2.8535,2.35570602018225e-14
2.853625,-0.0120306237301274
2.85375,-0.0170138712429991
2.853875,-0.0120306237301786
2.854,-4.88857718866525e-14
2.854125,0.0120306237301095
2.85425,0.0170138712429991
2.854375,0.0120306237301528
2.8545,7.42144835714825e-14
2.854625,-0.0120306237301353
2.85475,-0.0170138712429991
2.854875,-0.0120306237302144
2.855,-3.76470922476946e-14
2.855125,0.0120306237301612
2.85525,0.0170138712429991
2.855375,0.0120306237301886
2.8555,1.07970092390658e-15
2.855625,-0.0120306237301433
2.85575,-0.0170138712429991
2.855875,-0.0120306237301627
2.856,-2.64084126087366e-14
2.856125,0.0120306237301254
2.85625,0.0170138712429991
2.856375,0.0120306237301806
2.8565,5.17371242935666e-14
2.856625,-0.0120306237301512
2.85675,-0.0170138712429991
2.856875,-0.0120306237301985
2.857,-1.51697329697786e-14
2.857125,0.0120306237301333
2.85725,0.0170138712429991
2.857375,0.0120306237301727
2.8575,4.04984446546086e-14
2.857625,-0.0120306237301592
2.85775,-0.0170138712429991
2.857875,-0.0120306237301906
2.858,-3.93105333082062e-15
2.858125,0.0120306237301413
2.85825,0.0170138712429991
2.858375,0.0120306237301647
2.8585,2.92597650156506e-14
2.858625,-0.0120306237301234
2.85875,-0.0170138712429991
2.858875,-0.0120306237301827
2.859,-5.45884767004806e-14
2.859125,0.0120306237301492
2.85925,0.0170138712429991
2.859375,0.0120306237302006
2.8595,1.80210853766926e-14
2.859625,-0.0120306237301313
2.85975,-0.0170138712429991
2.859875,-0.0120306237301747
2.86,-4.33497970615226e-14
2.860125,0.0120306237301572
2.86025,0.0170138712429991
2.860375,0.0120306237301926
2.8605,6.78240573773465e-15
2.860625,-0.0120306237301393
2.86075,-0.0170138712429991
2.860875,-0.0120306237301668
2.861,-3.21111174225646e-14
2.861125,0.0120306237301213
2.86125,0.0170138712429991
2.861375,0.0120306237301847
2.8615,5.74398291073946e-14
2.861625,-0.0120306237301472
2.86175,-0.0170138712429991
2.861875,-0.0120306237302026
2.862,-2.08724377836067e-14
2.862125,0.0120306237301293
2.86225,0.0170138712429991
2.862375,0.0120306237301767
2.8625,4.62011494684367e-14
2.862625,-0.0120306237301552
2.86275,-0.0170138712429991
2.862875,-0.0120306237301946
2.863,-9.63375814464869e-15
2.863125,0.0120306237301372
2.86325,0.0170138712429991
2.863375,0.0120306237301688
2.8635,3.49624698294787e-14
2.863625,-0.0120306237301193
2.86375,-0.0170138712429991
2.863875,-0.0120306237301867
2.864,-6.02911815143087e-14
2.864125,0.0120306237301452
2.86425,0.0170138712429991
2.864375,0.0120306237302046
2.8645,2.37237901905207e-14
2.864625,-0.012030623730171
2.86475,-0.0170138712429991
2.864875,-0.0120306237301787
2.865,1.28436011332673e-14
2.865125,0.0120306237301531
2.86525,0.0170138712429991
2.865375,0.0120306237301967
2.8655,1.24851105515627e-14
2.865625,-0.0120306237301352
2.86575,-0.0170138712429991
2.865875,-0.0120306237301708
2.866,-3.78138222363927e-14
2.866125,0.0120306237301173
2.86625,0.0170138712429991
2.866375,0.0120306237301887
2.8665,6.31425339212227e-14
2.866625,-0.0120306237301432
2.86675,-0.0170138712429991
2.866875,-0.0120306237302066
2.867,-2.65751425974347e-14
2.867125,0.012030623730169
2.86725,0.0170138712429991
2.867375,0.0120306237301808
2.8675,-9.99224872635323e-15
2.867625,-0.0120306237301074
2.86775,-0.0170138712429991
2.867875,-0.0120306237301549
2.868,-1.53364629584768e-14
2.868125,0.0120306237301332
2.86825,0.0170138712429991
2.868375,0.0120306237301728
2.8685,4.06651746433067e-14
2.868625,-0.0120306237301591
2.86875,-0.0170138712429991
2.868875,-0.0120306237301907
2.869,-4.09778331951878e-15
2.869125,0.0120306237301412
2.86925,0.0170138712429991
2.869375,0.0120306237302086
2.8695,2.94264950043488e-14
2.869625,-0.0120306237301232
2.86975,-0.0170138712429991
2.869875,-0.0120306237301828
2.87,7.1408963194392e-15
2.870125,0.0120306237301053
2.87025,0.0170138712429991
2.870375,0.0120306237301569
2.8705,8.00839183740087e-14
2.870625,-0.0120306237301312
2.87075,-0.0170138712429991
2.870875,-0.0120306237301748
2.871,-4.35165270502208e-14
2.871125,0.0120306237301571
2.87125,0.0170138712429991
2.871375,0.0120306237301927
2.8715,6.94913572643282e-15
2.871625,-0.0120306237301391
2.87175,-0.0170138712429991
2.871875,-0.0120306237301669
2.872,-3.22778474112628e-14
2.872125,0.0120306237301212
2.87225,0.0170138712429991
2.872375,0.0120306237301848
2.8725,-4.28954391252516e-15
2.872625,-0.0120306237301471
2.87275,-0.0170138712429991
2.872875,-0.0120306237301589
2.873,-2.10391677723048e-14
2.873125,0.0120306237301292
2.87325,0.0170138712429991
2.873375,0.0120306237301768
2.8735,4.63678794571348e-14
2.873625,-0.012030623730155
2.87375,-0.0170138712429991
2.873875,-0.0120306237301948
2.874,-9.80048813334685e-15
2.874125,0.0120306237301371
2.87425,0.0170138712429991
2.874375,0.0120306237301689
2.8745,3.51291998181768e-14
2.874625,-0.0120306237301192
2.87475,-0.0170138712429991
2.874875,-0.0120306237301868
2.875,-6.04579115030068e-14
2.875125,0.0120306237301451
2.87525,0.0170138712429991
2.875375,0.0120306237301609
2.8755,2.38905201792189e-14
2.875625,-0.0120306237301272
2.87575,-0.0170138712429991
2.875875,-0.0120306237301789
2.876,-4.92192318640489e-14
2.876125,0.012030623730153
2.87625,0.0170138712429991
2.876375,0.0120306237301968
2.8765,1.26518405402609e-14
2.876625,-0.0120306237301351
2.87675,-0.0170138712429991
2.876875,-0.0120306237301709
2.877,-3.79805522250909e-14
2.877125,0.0120306237301172
2.87725,0.0170138712429991
2.877375,0.0120306237301888
2.8775,6.33092639099209e-14
2.877625,-0.0120306237301431
2.87775,-0.0170138712429991
2.877875,-0.012030623730163
2.878,-2.67418725861329e-14
2.878125,0.0120306237301251
2.87825,0.0170138712429991
2.878375,0.0120306237301809
2.8785,5.20705842709629e-14
2.878625,-0.012030623730151
2.87875,-0.0170138712429991
2.878875,-0.0120306237301988
2.879,-1.55031929471749e-14
2.879125,0.0120306237301331
2.87925,0.0170138712429991
2.879375,0.0120306237301729
2.8795,4.08319046320049e-14
2.879625,-0.0120306237301152
2.87975,-0.0170138712429991
2.879875,-0.0120306237301471
2.88,-6.61606163168349e-14
2.880125,0.012030623730141
2.88025,0.0170138712429991
2.880375,0.0120306237302087
2.8805,2.95932249930469e-14
2.880625,-0.0120306237301669
2.88075,-0.0170138712429991
2.880875,-0.0120306237301829
2.881,-5.49219366778769e-14
2.881125,0.012030623730149
2.88125,0.0170138712429991
2.881375,0.0120306237302008
2.8815,1.8354545354089e-14
2.881625,-0.0120306237301311
2.88175,-0.0170138712429991
2.881875,-0.0120306237301749
2.882,-4.36832570389189e-14
2.882125,0.0120306237301132
2.88225,0.0170138712429991
2.882375,0.0120306237301929
2.8825,6.90119687237489e-14
2.882625,-0.012030623730139
2.88275,-0.0170138712429991
2.882875,-0.0120306237302108
2.883,-3.2444577399961e-14
2.883125,0.0120306237301649
2.88325,0.0170138712429991
2.883375,0.0120306237301849
2.8835,-4.122813923827e-15
2.883625,-0.012030623730147
2.88375,-0.0170138712429991
2.883875,-0.0120306237301591
2.884,-2.1205897761003e-14
2.884125,0.0120306237301291
2.88425,0.0170138712429991
2.884375,0.012030623730177
2.8845,4.6534609445833e-14
2.884625,-0.0120306237301549
2.88475,-0.0170138712429991
2.884875,-0.0120306237301949
2.885,-7.1863321130663e-14
2.885125,0.012030623730137
2.88525,0.0170138712429991
2.885375,0.0120306237302128
2.8855,3.5295929806875e-14
2.885625,-0.0120306237301629
2.88575,-0.0170138712429991
2.885875,-0.0120306237301869
2.886,1.27146151691296e-15
2.886125,0.012030623730145
2.88625,0.0170138712429991
2.886375,0.0120306237301611
2.8865,2.4057250167917e-14
2.886625,-0.012030623730127
2.88675,-0.0170138712429991
2.886875,-0.012030623730179
2.887,-4.9385961852747e-14
2.887125,0.0120306237301529
2.88725,0.0170138712429991
2.887375,0.0120306237301969
2.8875,1.28185705289591e-14
2.887625,-0.012030623730135
2.88775,-0.0170138712429991
2.887875,-0.012030623730171
2.888,-3.8147282213789e-14
2.888125,0.0120306237301608
2.88825,0.0170138712429991
2.888375,0.0120306237301889
2.8885,1.57989089000107e-15
2.888625,-0.0120306237301429
2.88875,-0.0170138712429991
2.888875,-0.0120306237301631
2.889,-2.69086025748311e-14
2.889125,0.012030623730125
2.88925,0.0170138712429991
2.889375,0.012030623730181
2.8895,5.2237314259661e-14
2.889625,-0.0120306237301509
2.88975,-0.0170138712429991
2.889875,-0.0120306237301989
2.89,-1.56699229358731e-14
2.890125,0.012030623730133
2.89025,0.0170138712429991
2.890375,0.012030623730173
2.8905,4.09986346207031e-14
2.890625,-0.0120306237301588
2.89075,-0.0170138712429991
2.890875,-0.012030623730191
2.891,-4.43124329691511e-15
2.891125,0.0120306237301409
2.89125,0.0170138712429991
2.891375,0.0120306237301651
2.8915,2.97599549817451e-14
2.891625,-0.012030623730123
2.89175,-0.0170138712429991
2.891875,-0.012030623730183
2.892,-5.50886666665751e-14
2.892125,0.0120306237301489
2.89225,0.0170138712429991
2.892375,0.0120306237302009
2.8925,1.85212753427871e-14
2.892625,-0.012030623730131
2.89275,-0.0170138712429991
2.892875,-0.0120306237301751
2.893,-4.38499870276171e-14
2.893125,0.0120306237301131
2.89325,0.0170138712429991
2.893375,0.012030623730193
2.8935,7.28259570382914e-15
2.893625,-0.0120306237301389
2.89375,-0.0170138712429991
2.893875,-0.0120306237301671
2.894,-3.26113073886591e-14
2.894125,0.012030623730121
2.89425,0.0170138712429991
2.894375,0.012030623730185
2.8945,5.79400190734891e-14
2.894625,-0.0120306237301469
2.89475,-0.0170138712429991
2.894875,-0.0120306237302029
2.895,-2.13726277497012e-14
2.895125,0.0120306237301289
2.89525,0.0170138712429991
2.895375,0.0120306237301771
2.8955,-1.51947635740868e-14
2.895625,-0.012030623730111
2.89575,-0.0170138712429991
2.895875,-0.0120306237301512
2.896,-7.20300511193611e-14
2.896125,0.0120306237301369
2.89625,0.0170138712429991
2.896375,0.0120306237301691
2.8965,3.54626597955732e-14
2.896625,-0.012030623730119
2.89675,-0.0170138712429991
2.896875,-0.012030623730187
2.897,-6.07913714804032e-14
2.897125,0.0120306237301448
2.89725,0.0170138712429991
2.897375,0.012030623730205
2.8975,2.42239801566152e-14
2.897625,-0.0120306237301269
2.89775,-0.0170138712429991
2.897875,-0.0120306237301791
2.898,1.23434111671728e-14
2.898125,0.012030623730109
2.89825,0.0170138712429991
2.898375,0.0120306237301532
2.8985,7.48814035262752e-14
2.898625,-0.0120306237301349
2.89875,-0.0170138712429991
2.898875,-0.0120306237301711
2.899,-3.83140122024872e-14
2.899125,0.0120306237301607
2.89925,0.0170138712429991
2.899375,0.0120306237301891
2.8995,1.74662087869924e-15
2.899625,-0.0120306237301428
2.89975,-0.0170138712429991
2.899875,-0.0120306237301632
2.9,-2.70753325635292e-14
2.900125,0.0120306237301249
2.90025,0.0170138712429991
2.900375,0.0120306237301811
2.9005,5.24040442483592e-14
2.900625,-0.012030623730107
2.90075,-0.0170138712429991
2.900875,-0.0120306237301553
2.901,-7.77327559331892e-14
2.901125,0.0120306237301329
2.90125,0.0170138712429991
2.901375,0.0120306237302169
2.9015,4.11653646094012e-14
2.901625,-0.0120306237301587
2.90175,-0.0170138712429991
2.901875,-0.0120306237301911
2.902,-4.59797328561327e-15
2.902125,0.0120306237301408
2.90225,0.0170138712429991
2.902375,0.0120306237301652
2.9025,2.99266849704433e-14
2.902625,-0.0120306237301229
2.90275,-0.0170138712429991
2.902875,-0.0120306237301831
2.903,-5.52553966552733e-14
2.903125,0.0120306237301488
2.90325,0.0170138712429991
2.903375,0.0120306237301573
2.9035,1.86880053314853e-14
2.903625,-0.0120306237301308
2.90375,-0.0170138712429991
2.903875,-0.0120306237301752
2.904,-4.40167170163153e-14
2.904125,0.0120306237301567
2.90425,0.0170138712429991
2.904375,0.0120306237301931
2.9045,7.44932569252731e-15
2.904625,-0.0120306237301388
2.90475,-0.0170138712429991
2.904875,-0.0120306237301672
2.905,-3.27780373773573e-14
2.905125,0.0120306237301209
2.90525,0.0170138712429991
2.905375,0.0120306237301851
2.9055,5.81067490621873e-14
2.905625,-0.0120306237301467
2.90575,-0.0170138712429991
2.905875,-0.0120306237302031
2.906,-2.15393577383993e-14
2.906125,0.0120306237301288
2.90625,0.0170138712429991
2.906375,0.0120306237301772
2.9065,4.68680694232293e-14
2.906625,-0.0120306237301547
2.90675,-0.0170138712429991
2.906875,-0.0120306237301951
2.907,-1.03006780994413e-14
2.907125,0.0120306237301368
2.90725,0.0170138712429991
2.907375,0.0120306237301692
2.9075,3.56293897842713e-14
2.907625,-0.0120306237301189
2.90775,-0.0170138712429991
2.907875,-0.0120306237301872
2.908,-6.09581014691013e-14
2.908125,0.0120306237301447
2.90825,0.0170138712429991
2.908375,0.0120306237302051
2.9085,2.43907101453134e-14
2.908625,-0.0120306237301268
2.90875,-0.0170138712429991
2.908875,-0.0120306237301792
2.909,-4.97194218301433e-14
2.909125,0.0120306237301527
2.90925,0.0170138712429991
2.909375,0.0120306237301971
2.9095,1.31520305063554e-14
2.909625,-0.0120306237301348
2.90975,-0.0170138712429991
2.909875,-0.0120306237301713
2.91,-3.84807421911854e-14
2.910125,0.0120306237301168
2.91025,0.0170138712429991
2.910375,0.0120306237301892
2.9105,6.38094538760154e-14
2.910625,-0.0120306237301427
2.91075,-0.0170138712429991
2.910875,-0.0120306237302071
2.911,-2.72420625522274e-14
2.911125,0.0120306237301686
2.91125,0.0170138712429991
2.911375,0.0120306237301812
2.9115,-9.32532877156058e-15
2.911625,-0.0120306237301506
2.91175,-0.0170138712429991
2.911875,-0.0120306237301554
2.912,-1.60033829132694e-14
2.912125,0.0120306237301327
2.91225,0.0170138712429991
2.912375,0.0120306237301733
2.9125,4.13320945980994e-14
2.912625,-0.0120306237301148
2.91275,-0.0170138712429991
2.912875,-0.0120306237301912
2.913,-6.66608062829294e-14
2.913125,0.0120306237301407
2.91325,0.0170138712429991
2.913375,0.0120306237302091
2.9135,3.00934149591414e-14
2.913625,-0.0120306237301665
2.91375,-0.0170138712429991
2.913875,-0.0120306237301832
2.914,6.47397636464654e-15
2.914125,0.0120306237301049
2.91425,0.0170138712429991
2.914375,0.0120306237301574
2.9145,1.88547353201834e-14
2.914625,-0.0120306237301307
2.91475,-0.0170138712429991
2.914875,-0.0120306237301753
2.915,-4.41834470050134e-14
2.915125,0.0120306237301566
2.91525,0.0170138712429991
2.915375,0.0120306237301932
2.9155,7.61605568122547e-15
2.915625,-0.0120306237301387
2.91575,-0.0170138712429991
2.915875,-0.0120306237301674
2.916,-3.29447673660555e-14
2.916125,0.0120306237301645
2.91625,0.0170138712429991
2.916375,0.0120306237301853
2.9165,-3.62262395773251e-15
2.916625,-0.0120306237301029
2.91675,-0.0170138712429991
2.916875,-0.0120306237301594
2.917,-2.17060877270975e-14
2.917125,0.0120306237301287
2.91725,0.0170138712429991
2.917375,0.0120306237301773
2.9175,4.70347994119275e-14
2.917625,-0.0120306237301546
2.91775,-0.0170138712429991
2.917875,-0.0120306237301952
2.918,-1.04674080881395e-14
2.918125,0.0120306237301367
2.91825,0.0170138712429991
2.918375,0.0120306237301694
2.9185,3.57961197729695e-14
2.918625,-0.0120306237301187
2.91875,-0.0170138712429991
2.918875,-0.0120306237301873
2.919,7.71271550818471e-16
2.919125,0.0120306237301446
2.91925,0.0170138712429991
2.919375,0.0120306237301614
2.9195,2.45574401340115e-14
2.919625,-0.0120306237301267
2.91975,-0.0170138712429991
2.919875,-0.0120306237301793
2.92,-4.98861518188415e-14
2.920125,0.0120306237301525
2.92025,0.0170138712429991
2.920375,0.0120306237301972
2.9205,1.33187604950535e-14
2.920625,-0.0120306237301346
2.92075,-0.0170138712429991
2.920875,-0.0120306237301714
2.921,-3.86474721798835e-14
2.921125,0.0120306237301167
2.92125,0.0170138712429991
2.921375,0.0120306237301893
2.9215,6.39761838647135e-14
2.921625,-0.0120306237301426
2.92175,-0.0170138712429991
2.921875,-0.0120306237301634
2.922,-2.74087925409256e-14
2.922125,0.0120306237301247
2.92225,0.0170138712429991
2.922375,0.0120306237301813
2.9225,5.27375042257555e-14
2.922625,-0.0120306237301505
2.92275,-0.0170138712429991
2.922875,-0.0120306237301993
2.923,-1.61701129019676e-14
2.923125,0.0120306237301326
2.92325,0.0170138712429991
2.923375,0.0120306237301734
2.9235,-2.03972784218204e-14
2.923625,-0.0120306237301147
2.92375,-0.0170138712429991
2.923875,-0.0120306237301913
2.924,-6.68275362716275e-14
2.924125,0.0120306237301406
2.92425,0.0170138712429991
2.924375,0.0120306237301655
2.9245,3.02601449478396e-14
2.924625,-0.0120306237301227
2.92475,-0.0170138712429991
2.924875,-0.0120306237301834
2.925,-5.55888566326696e-14
2.925125,0.0120306237301485
2.92525,0.0170138712429991
2.925375,0.0120306237302013
2.9255,1.90214653088816e-14
2.925625,-0.0120306237301306
2.92575,-0.0170138712429991
2.925875,-0.0120306237301754
2.926,-4.43501769937116e-14
2.926125,0.0120306237301127
2.92625,0.0170138712429991
2.926375,0.0120306237301496
2.9265,6.96788886785416e-14
2.926625,-0.0120306237301386
2.92675,-0.0170138712429991
2.926875,-0.0120306237302112
2.927,-3.31114973547536e-14
2.927125,0.0120306237301644
2.92725,0.0170138712429991
2.927375,0.0120306237301854
2.9275,-3.45589396903434e-15
2.927625,-0.0120306237301465
2.92775,-0.0170138712429991
2.927875,-0.0120306237302033
2.928,-2.18728177157956e-14
2.928125,0.0120306237301286
2.92825,0.0170138712429991
2.928375,0.0120306237301774
2.9285,4.72015294006256e-14
2.928625,-0.0120306237301107
2.92875,-0.0170138712429991
2.928875,-0.0120306237301516
2.929,-7.25302410854556e-14
2.929125,0.0120306237301365
2.92925,0.0170138712429991
2.929375,0.0120306237302133
2.9295,3.59628497616677e-14
2.929625,-0.0120306237301624
2.92975,-0.0170138712429991
2.929875,-0.0120306237301874
2.93,6.04541562120307e-16
2.930125,0.0120306237301445
2.93025,0.0170138712429991
2.930375,0.0120306237301615
2.9305,2.47241701227097e-14
2.930625,-0.0120306237301266
2.93075,-0.0170138712429991
2.930875,-0.0120306237301794
2.931,-5.00528818075397e-14
2.931125,0.0120306237301524
2.93125,0.0170138712429991
2.931375,0.0120306237301974
2.9315,1.34854904837517e-14
2.931625,-0.0120306237301345
2.93175,-0.0170138712429991
2.931875,-0.0120306237302153
2.932,-3.88142021685817e-14
2.932125,0.0120306237301604
2.93225,0.0170138712429991
2.932375,0.0120306237301894
2.9325,2.24681084479373e-15
2.932625,-0.0120306237301425
2.93275,-0.0170138712429991
2.932875,-0.0120306237301636
2.933,-2.75755225296237e-14
2.933125,0.0120306237301246
2.93325,0.0170138712429991
2.933375,0.0120306237301815
2.9335,5.29042342144537e-14
2.933625,-0.0120306237301504
2.93375,-0.0170138712429991
2.933875,-0.0120306237301994
2.934,-1.63368428906657e-14
2.934125,0.0120306237301325
2.93425,0.0170138712429991
2.934375,0.0120306237301735
2.9345,4.16655545754957e-14
2.934625,-0.0120306237301584
2.93475,-0.0170138712429991
2.934875,-0.0120306237301914
2.935,-5.09816325170776e-15
2.935125,0.0120306237301405
2.93525,0.0170138712429991
2.935375,0.0120306237301656
2.9355,3.04268749365378e-14
2.935625,-0.0120306237301225
2.93575,-0.0170138712429991
2.935875,-0.0120306237301835
2.936,-5.57555866213677e-14
2.936125,0.0120306237301484
2.93625,0.0170138712429991
2.936375,0.0120306237302014
2.9365,1.91881952975798e-14
2.936625,-0.0120306237301305
2.93675,-0.0170138712429991
2.936875,-0.0120306237301755
2.937,-4.45169069824098e-14
2.937125,0.0120306237301563
2.93725,0.0170138712429991
2.937375,0.0120306237301934
2.9375,7.9495156586218e-15
2.937625,-0.0120306237301384
2.93775,-0.0170138712429991
2.937875,-0.0120306237301676
2.938,-3.32782273434518e-14
2.938125,0.0120306237301205
2.93825,0.0170138712429991
2.938375,0.0120306237301855
2.9385,5.86069390282818e-14
2.938625,-0.0120306237301464
2.93875,-0.0170138712429991
2.938875,-0.0120306237302034
2.939,-2.20395477044938e-14
2.939125,0.0120306237301722
2.93925,0.0170138712429991
2.939375,0.0120306237301776
2.9395,4.73682593893238e-14
2.939625,-0.0120306237301106
2.93975,-0.0170138712429991
2.939875,-0.0120306237301955
2.94,-1.08008680655358e-14
2.940125,0.0120306237301364
2.94025,0.0170138712429991
2.940375,0.0120306237301696
2.9405,3.61295797503658e-14
2.940625,-0.0120306237301185
2.94075,-0.0170138712429991
2.940875,-0.0120306237301875
2.941,-6.14582914351958e-14
2.941125,0.0120306237301444
2.94125,0.0170138712429991
2.941375,0.0120306237302054
2.9415,2.48909001114078e-14
2.941625,-0.0120306237301702
2.94175,-0.0170138712429991
2.941875,-0.0120306237301796
2.942,1.16764912123801e-14
2.942125,0.0120306237301085
2.94225,0.0170138712429991
2.942375,0.0120306237301537
2.9425,1.36522204724499e-14
2.942625,-0.0120306237301344
2.94275,-0.0170138712429991
2.942875,-0.0120306237301716
2.943,-3.89809321572799e-14
2.943125,0.0120306237301603
2.94325,0.0170138712429991
2.943375,0.0120306237301895
2.9435,6.43096438421098e-14
2.943625,-0.0120306237301423
2.94375,-0.0170138712429991
2.943875,-0.0120306237302074
2.944,-2.77422525183219e-14
2.944125,0.0120306237301244
2.94425,0.0170138712429991
2.944375,0.0120306237301816
2.9445,-8.82513880546608e-15
2.944625,-0.0120306237301065
2.94475,-0.0170138712429991
2.944875,-0.0120306237301557
2.945,-7.83996758879819e-14
2.945125,0.0120306237301324
2.94525,0.0170138712429991
2.945375,0.0120306237301736
2.9455,4.18322845641939e-14
2.945625,-0.0120306237301582
2.94575,-0.0170138712429991
2.945875,-0.0120306237301915
2.946,-5.26489324040593e-15
2.946125,0.0120306237301403
2.94625,0.0170138712429991
2.946375,0.0120306237301657
2.9465,3.05936049252359e-14
2.946625,-0.0120306237301224
2.94675,-0.0170138712429991
2.946875,-0.0120306237301836
2.947,-5.59223166100659e-14
2.947125,0.0120306237301483
2.94725,0.0170138712429991
2.947375,0.0120306237301577
2.9475,8.12510282948959e-14
2.947625,-0.0120306237301304
2.94775,-0.0170138712429991
2.947875,-0.0120306237301757
2.948,-4.46836369711079e-14
2.948125,0.0120306237301562
2.94825,0.0170138712429991
2.948375,0.0120306237301936
2.9485,8.11624564731996e-15
2.948625,-0.0120306237301383
2.94875,-0.0170138712429991
2.948875,-0.0120306237301677
2.949,-3.344495733215e-14
2.949125,0.0120306237301204
2.94925,0.0170138712429991
2.949375,0.0120306237301856
2.9495,5.87736690169799e-14
2.949625,-0.0120306237301463
2.94975,-0.0170138712429991
2.949875,-0.0120306237301598
2.95,-2.2206277693192e-14
2.950125,0.0120306237301284
2.95025,0.0170138712429991
2.950375,0.0120306237301777
2.9505,4.7534989378022e-14
2.950625,-0.0120306237301542
2.95075,-0.0170138712429991
2.950875,-0.0120306237301956
2.951,-1.0967598054234e-14
2.951125,0.0120306237301363
2.95125,0.0170138712429991
2.951375,0.0120306237301697
2.9515,3.6296309739064e-14
2.951625,-0.0120306237301184
2.95175,-0.0170138712429991
2.951875,-0.0120306237301876
2.952,-6.1625021423894e-14
2.952125,0.0120306237301442
2.95225,0.0170138712429991
2.952375,0.0120306237302055
2.9525,2.5057630100106e-14
2.952625,-0.0120306237301263
2.95275,-0.0170138712429991
2.952875,-0.0120306237301797
2.953,-5.0386341784936e-14
2.953125,0.0120306237301522
2.95325,0.0170138712429991
2.953375,0.0120306237301976
2.9535,1.3818950461148e-14
2.953625,-0.0120306237301343
2.95375,-0.0170138712429991
2.953875,-0.0120306237301717
2.954,-3.9147662145978e-14
2.954125,0.0120306237301164
2.95425,0.0170138712429991
2.954375,0.0120306237301459
2.9545,6.4476373830808e-14
2.954625,-0.0120306237301422
2.95475,-0.0170138712429991
2.954875,-0.0120306237302076
2.955,-2.790898250702e-14
2.955125,0.0120306237301243
2.95525,0.0170138712429991
2.955375,0.0120306237301817
2.9555,5.323769419185e-14
2.955625,-0.0120306237301502
2.95575,-0.0170138712429991
2.955875,-0.0120306237301996
2.956,-1.66703028680621e-14
2.956125,0.0120306237301323
2.95625,0.0170138712429991
2.956375,0.0120306237301738
2.9565,4.19990145528921e-14
2.956625,-0.0120306237301144
2.95675,-0.0170138712429991
2.956875,-0.0120306237301917
2.957,-6.7327726237722e-14
2.957125,0.0120306237301402
2.95725,0.0170138712429991
2.957375,0.0120306237302096
2.9575,3.07603349139341e-14
2.957625,-0.0120306237301661
2.95775,-0.0170138712429991
2.957875,-0.0120306237301837
2.958,5.80705640985388e-15
2.958125,0.0120306237301482
2.95825,0.0170138712429991
2.958375,0.0120306237301579
2.9585,1.95216552749761e-14
2.958625,-0.0120306237301303
2.95875,-0.0170138712429991
2.958875,-0.0120306237301758
2.959,-4.48503669598061e-14
2.959125,0.0120306237301123
2.95925,0.0170138712429991
2.959375,0.0120306237301937
2.9595,7.01790786446361e-14
2.959625,-0.0120306237301382
2.95975,-0.0170138712429991
2.959875,-0.0120306237302116
2.96,-3.36116873208481e-14
2.960125,0.0120306237301641
2.96025,0.0170138712429991
2.960375,0.0120306237301857
2.9605,-2.95570400293985e-15
2.960625,-0.0120306237301461
2.96075,-0.0170138712429991
2.960875,-0.0120306237301599
2.961,-2.23730076818901e-14
2.961125,0.0120306237301282
2.96125,0.0170138712429991
2.961375,0.0120306237301778
2.9615,4.77017193667201e-14
2.961625,-0.0120306237301541
2.96175,-0.0170138712429991
2.961875,-0.0120306237301957
2.962,-1.11343280429322e-14
2.962125,0.0120306237301362
2.96225,0.0170138712429991
2.962375,0.0120306237301698
2.9625,3.64630397277622e-14
2.962625,-0.012030623730162
2.96275,-0.0170138712429991
2.962875,-0.0120306237301877
2.963,1.04351596025815e-16
2.963125,0.0120306237301004
2.96325,0.0170138712429991
2.963375,0.0120306237301619
2.9635,2.52243600888042e-14
2.963625,-0.0120306237301262
2.96375,-0.0170138712429991
2.963875,-0.0120306237301798
2.964,-5.05530717736342e-14
2.964125,0.0120306237301521
2.96425,0.0170138712429991
2.964375,0.0120306237301977
2.9645,1.39856804498462e-14
2.964625,-0.0120306237301342
2.96475,-0.0170138712429991
2.964875,-0.0120306237301719
2.965,-3.93143921346762e-14
2.965125,0.0120306237301163
2.96525,0.0170138712429991
2.965375,0.0120306237301898
2.9655,2.74700081088822e-15
2.965625,-0.0120306237301421
2.96575,-0.0170138712429991
2.965875,-0.0120306237301639
2.966,-2.80757124957182e-14
2.966125,0.0120306237301242
2.96625,0.0170138712429991
2.966375,0.0120306237301818
2.9665,5.34044241805482e-14
2.966625,-0.0120306237301501
2.96675,-0.0170138712429991
2.966875,-0.0120306237301997
2.967,-1.68370328567602e-14
2.967125,0.0120306237301321
2.96725,0.0170138712429991
2.967375,0.0120306237301739
2.9675,4.21657445415902e-14
2.967625,-0.0120306237301142
2.96775,-0.0170138712429991
2.967875,-0.0120306237301918
2.968,-5.59835321780225e-15
2.968125,0.0120306237301401
2.96825,0.0170138712429991
2.968375,0.0120306237301659
2.9685,3.09270649026322e-14
2.968625,-0.0120306237301222
2.96875,-0.0170138712429991
2.968875,-0.0120306237301838
2.969,-5.62557765874622e-14
2.969125,0.012030623730148
2.96925,0.0170138712429991
2.969375,0.0120306237302017
2.9695,1.96883852636743e-14
2.969625,-0.0120306237301301
2.96975,-0.0170138712429991
2.969875,-0.0120306237301759
2.97,1.68790060601137e-14
2.970125,0.0120306237301122
2.97025,0.0170138712429991
2.970375,0.01203062373015
2.9705,7.03458086333342e-14
2.970625,-0.0120306237301381
2.97075,-0.0170138712429991
2.970875,-0.0120306237301679
2.971,-3.37784173095463e-14
2.971125,0.0120306237301202
2.97125,0.0170138712429991
2.971375,0.0120306237301858
2.9715,5.91071289943763e-14
2.971625,-0.012030623730146
2.97175,-0.0170138712429991
2.971875,-0.0120306237302038
2.972,-2.25397376705883e-14
2.972125,0.0120306237301281
2.97225,0.0170138712429991
2.972375,0.0120306237301779
2.9725,4.78684493554183e-14
2.972625,-0.0120306237301102
2.97275,-0.0170138712429991
2.972875,-0.012030623730152
2.973,-7.31971610402483e-14
2.973125,0.0120306237301361
2.97325,0.0170138712429991
2.973375,0.01203062373017
2.9735,3.66297697164603e-14
2.973625,-0.0120306237301619
2.97375,-0.0170138712429991
2.973875,-0.0120306237301879
2.974,-6.23783926723489e-17
2.974125,0.012030623730144
2.97425,0.0170138712429991
2.974375,0.012030623730162
2.9745,2.53910900775023e-14
2.974625,-0.0120306237301261
2.97475,-0.0170138712429991
2.974875,-0.0120306237301799
2.975,-5.07198017623323e-14
2.975125,0.0120306237301082
2.97525,0.0170138712429991
2.975375,0.0120306237301541
2.9755,7.60485134471623e-14
2.975625,-0.012030623730134
2.97575,-0.0170138712429991
2.975875,-0.0120306237302157
2.976,-3.94811221233743e-14
2.976125,0.0120306237301599
2.97625,0.0170138712429991
2.976375,0.0120306237301899
2.9765,2.91373079958638e-15
2.976625,-0.012030623730142
2.97675,-0.0170138712429991
2.976875,-0.012030623730164
2.977,-2.82424424844164e-14
2.977125,0.0120306237301241
2.97725,0.0170138712429991
2.977375,0.0120306237301819
2.9775,5.35711541692464e-14
2.977625,-0.0120306237301499
2.97775,-0.0170138712429991
2.977875,-0.0120306237301998
2.978,-1.70037628454584e-14
2.978125,0.012030623730132
2.97825,0.0170138712429991
2.978375,0.012030623730174
2.9785,4.23324745302884e-14
2.978625,-0.0120306237301579
2.97875,-0.0170138712429991
2.978875,-0.0120306237301919
2.979,-5.76508320650042e-15
2.979125,0.01203062373014
2.97925,0.0170138712429991
2.979375,0.012030623730166
2.9795,3.10937948913304e-14
2.979625,-0.0120306237301221
2.97975,-0.0170138712429991
2.979875,-0.012030623730184
2.98,-5.64225065761604e-14
2.980125,0.0120306237301479
2.98025,0.0170138712429991
2.980375,0.0120306237302019
2.9805,1.98551152523724e-14
2.980625,-0.01203062373013
2.98075,-0.0170138712429991
2.980875,-0.012030623730176
2.981,-4.51838269372024e-14
2.981125,0.0120306237301559
2.98125,0.0170138712429991
2.981375,0.0120306237301939
2.9815,8.61643561341445e-15
2.981625,-0.012030623730138
2.98175,-0.0170138712429991
2.981875,-0.0120306237301681
2.982,-3.39451472982444e-14
2.982125,0.0120306237301201
2.98225,0.0170138712429991
2.982375,0.012030623730186
2.9825,5.92738589830744e-14
2.982625,-0.0120306237301459
2.98275,-0.0170138712429991
2.982875,-0.0120306237302039
2.983,-2.27064676592865e-14
2.983125,0.012030623730128
2.98325,0.0170138712429991
2.983375,0.012030623730178
2.9835,4.80351793441165e-14
2.983625,-0.0120306237301539
2.98375,-0.0170138712429991
2.983875,-0.0120306237301959
2.984,-1.14677880203285e-14
2.984125,0.0120306237301359
2.98425,0.0170138712429991
2.984375,0.0120306237301701
2.9845,3.67964997051585e-14
2.984625,-0.012030623730118
2.98475,-0.0170138712429991
2.984875,-0.012030623730188
2.985,-6.21252113899885e-14
2.985125,0.0120306237301439
2.98525,0.0170138712429991
2.985375,0.0120306237302059
2.9855,2.55578200662005e-14
2.985625,-0.0120306237301698
2.98575,-0.0170138712429991
2.985875,-0.01203062373018
2.986,1.10095712575875e-14
2.986125,0.0120306237301518
2.98625,0.0170138712429991
2.986375,0.0120306237301979
2.9865,1.43191404272425e-14
2.986625,-0.0120306237301339
2.98675,-0.0170138712429991
2.986875,-0.0120306237301721
2.987,-3.96478521120725e-14
2.987125,0.012030623730116
2.98725,0.0170138712429991
2.987375,0.01203062373019
2.9875,6.49765637969025e-14
2.987625,-0.0120306237301419
2.98775,-0.0170138712429991
2.987875,-0.0120306237302079
2.988,-2.84091724731145e-14
2.988125,0.0120306237301677
2.98825,0.0170138712429991
2.988375,0.0120306237301821
2.9885,-8.15821885067343e-15
2.988625,-0.0120306237301061
2.98875,-0.0170138712429991
2.988875,-0.0120306237301562
2.989,-1.71704928341566e-14
2.989125,0.0120306237301319
2.98925,0.0170138712429991
2.989375,0.0120306237301741
2.9895,4.24992045189865e-14
2.989625,-0.0120306237301578
2.98975,-0.0170138712429991
2.989875,-0.012030623730192
2.99,-5.93181319519858e-15
2.990125,0.0120306237301399
2.99025,0.0170138712429991
2.990375,0.0120306237302099
2.9905,3.12605248800286e-14
2.990625,-0.0120306237301219
2.99075,-0.0170138712429991
2.990875,-0.0120306237301841
2.991,5.30686644375939e-15
2.991125,0.012030623730104
2.99125,0.0170138712429991
2.991375,0.0120306237301582
2.9915,8.19179482496886e-14
2.991625,-0.0120306237301299
2.99175,-0.0170138712429991
2.991875,-0.0120306237301761
2.992,-4.53505569259006e-14
2.992125,0.0120306237301558
2.99225,0.0170138712429991
2.992375,0.012030623730194
2.9925,8.78316560211262e-15
2.992625,-0.0120306237301378
2.99275,-0.0170138712429991
2.992875,-0.0120306237301682
2.993,-3.41118772869426e-14
2.993125,0.0120306237301199
2.99325,0.0170138712429991
2.993375,0.0120306237301861
2.9935,-2.45551403684536e-15
2.993625,-0.0120306237301458
2.99375,-0.0170138712429991
2.993875,-0.0120306237301602
2.994,-2.28731976479846e-14
2.994125,0.0120306237301279
2.99425,0.0170138712429991
2.994375,0.0120306237301781
2.9945,4.82019093328146e-14
2.994625,-0.0120306237301537
2.99475,-0.0170138712429991
2.994875,-0.012030623730196
2.995,-1.16345180090267e-14
2.995125,0.0120306237301358
2.99525,0.0170138712429991
2.995375,0.0120306237301702
2.9955,3.69632296938566e-14
2.995625,-0.0120306237301179
2.99575,-0.0170138712429991
2.995875,-0.0120306237301881
2.996,-6.22919413786866e-14
2.996125,0.0120306237301438
2.99625,0.0170138712429991
2.996375,0.0120306237301622
2.9965,2.57245500548987e-14
2.996625,-0.0120306237301259
2.99675,-0.0170138712429991
2.996875,-0.0120306237301802
2.997,-5.10532617397287e-14
2.997125,0.0120306237301517
2.99725,0.0170138712429991
2.997375,0.0120306237301981
2.9975,1.44858704159407e-14
2.997625,-0.0120306237301338
2.99775,-0.0170138712429991
2.997875,-0.0120306237301722
2.998,-3.98145821007707e-14
2.998125,0.0120306237301159
2.99825,0.0170138712429991
2.998375,0.0120306237301901
2.9985,6.51432937856007e-14
2.998625,-0.0120306237301418
2.99875,-0.0170138712429991
2.998875,-0.0120306237301643
2.999,-2.85759024618127e-14
2.999125,0.0120306237301238
2.99925,0.0170138712429991
2.999375,0.0120306237301822
2.9995,5.39046141466427e-14
2.999625,-0.0120306237301497
2.99975,-0.0170138712429991
2.999875,-0.0120306237302001
3,-1.73372228228547e-14
3.000125,0.0120306237301318
3.00025,0.0170138712429991
3.000375,0.0120306237301742
3.0005,4.26659345076847e-14
3.000625,-0.0120306237301139
3.00075,-0.0170138712429991
3.000875,-0.0120306237301484
3.001,-6.79946461925147e-14
3.001125,0.0120306237301397
3.00125,0.0170138712429991
3.001375,0.01203062373021
3.0015,3.14272548687267e-14
3.001625,-0.0120306237301656
3.00175,-0.0170138712429991
3.001875,-0.0120306237301842
3.002,-5.67559665535567e-14
3.002125,0.0120306237301477
3.00225,0.0170138712429991
3.002375,0.0120306237302021
3.0025,2.01885752297688e-14
3.002625,-0.0120306237301298
3.00275,-0.0170138712429991
3.002875,-0.0120306237301762
3.003,-4.55172869145987e-14
3.003125,0.0120306237301119
3.00325,0.0170138712429991
3.003375,0.0120306237301942
3.0035,7.08459985994287e-14
3.003625,-0.0120306237301377
3.00375,-0.0170138712429991
3.003875,-0.0120306237302121
3.004,-3.42786072756408e-14
3.004125,0.0120306237301636
3.00425,0.0170138712429991
3.004375,0.0120306237301862
3.0045,-2.28878404814719e-15
3.004625,-0.0120306237301457
3.00475,-0.0170138712429991
3.004875,-0.0120306237301603
3.005,-2.30399276366828e-14
3.005125,0.0120306237301278
3.00525,0.0170138712429991
3.005375,0.0120306237301783
3.0055,4.83686393215128e-14
3.005625,-0.0120306237301536
3.00575,-0.0170138712429991
3.005875,-0.0120306237301962
3.006,-7.36973510063428e-14
3.006125,0.0120306237301357
3.00625,0.0170138712429991
3.006375,0.0120306237302141
3.0065,3.71299596825548e-14
3.006625,-0.0120306237301616
3.00675,-0.0170138712429991
3.006875,-0.0120306237301882
3.007,-5.62568358766841e-16
3.007125,0.0120306237301437
3.00725,0.0170138712429991
3.007375,0.0120306237301624
3.0075,2.58912800435968e-14
3.007625,-0.0120306237301257
3.00775,-0.0170138712429991
3.007875,-0.0120306237301803
3.008,-5.12199917284268e-14
3.008125,0.0120306237301516
3.00825,0.0170138712429991
3.008375,0.0120306237301982
3.0085,1.46526004046389e-14
3.008625,-0.0120306237301337
3.00875,-0.0170138712429991
3.008875,-0.0120306237301723
3.009,-3.99813120894688e-14
3.009125,0.0120306237301596
3.00925,0.0170138712429991
3.009375,0.0120306237301902
3.0095,3.41392076568088e-15
3.009625,-0.0120306237301416
3.00975,-0.0170138712429991
3.009875,-0.0120306237301644
3.01,-2.87426324505109e-14
3.010125,0.0120306237301237
3.01025,0.0170138712429991
3.010375,0.0120306237301823
3.0105,5.40713441353409e-14
3.010625,-0.0120306237301496
3.01075,-0.0170138712429991
3.010875,-0.0120306237302002
3.011,-1.75039528115529e-14
3.011125,0.0120306237301317
3.01125,0.0170138712429991
3.011375,0.0120306237301743
3.0115,4.28326644963829e-14
3.011625,-0.0120306237301575
3.01175,-0.0170138712429991
3.011875,-0.0120306237301923
3.012,-6.26527317259491e-15
3.012125,0.0120306237301396
3.01225,0.0170138712429991
3.012375,0.0120306237301664
3.0125,3.15939848574249e-14
3.012625,-0.0120306237301217
3.01275,-0.0170138712429991
3.012875,-0.0120306237301843
3.013,-5.69226965422549e-14
3.013125,0.0120306237301476
3.01325,0.0170138712429991
3.013375,0.0120306237302022
3.0135,2.03553052184669e-14
3.013625,-0.0120306237301734
3.01375,-0.0170138712429991
3.013875,-0.0120306237301764
3.014,-4.56840169032969e-14
3.014125,0.0120306237301118
3.01425,0.0170138712429991
3.014375,0.0120306237301943
3.0145,9.11662557950895e-15
3.014625,-0.0120306237301376
3.01475,-0.0170138712429991
3.014875,-0.0120306237301684
3.015,-3.44453372643389e-14
3.015125,0.0120306237301197
3.01525,0.0170138712429991
3.015375,0.0120306237301863
3.0155,5.97740489491689e-14
3.015625,-0.0120306237301456
3.01575,-0.0170138712429991
3.015875,-0.0120306237302042
3.016,-2.3206657625381e-14
3.016125,0.0120306237301276
3.01625,0.0170138712429991
3.016375,0.0120306237301784
3.0165,-1.3360733698407e-14
3.016625,-0.0120306237301097
3.01675,-0.0170138712429991
3.016875,-0.0120306237301525
3.017,-7.38640809950409e-14
3.017125,0.0120306237301356
3.01725,0.0170138712429991
3.017375,0.0120306237301704
3.0175,3.7296689671253e-14
3.017625,-0.0120306237301177
3.01775,-0.0170138712429991
3.017875,-0.0120306237301883
3.018,-6.2625401356083e-14
3.018125,0.0120306237301435
3.01825,0.0170138712429991
3.018375,0.0120306237302062
3.0185,2.6058010032295e-14
3.018625,-0.0120306237301256
3.01875,-0.0170138712429991
3.018875,-0.0120306237301804
3.019,1.0509381291493e-14
3.019125,0.0120306237301077
3.01925,0.0170138712429991
3.019375,0.0120306237301545
3.0195,7.6715433401955e-14
3.019625,-0.0120306237301336
3.01975,-0.0170138712429991
3.019875,-0.0120306237301724
3.02,-4.0148042078167e-14
3.020125,0.0120306237301594
3.02025,0.0170138712429991
3.020375,0.0120306237301904
3.0205,3.58065075437904e-15
3.020625,-0.0120306237301415
3.02075,-0.0170138712429991
3.020875,-0.0120306237301645
3.021,-2.8909362439209e-14
3.021125,0.0120306237301236
3.02125,0.0170138712429991
3.021375,0.0120306237301824
3.0215,5.4238074124039e-14
3.021625,-0.0120306237301057
3.02175,-0.0170138712429991
3.021875,-0.0120306237301566
3.022,-7.9566785808869e-14
3.022125,0.0120306237301316
3.02225,0.0170138712429991
3.022375,0.0120306237302182
3.0225,4.2999394485081e-14
3.022625,-0.0120306237301574
3.02275,-0.0170138712429991
3.022875,-0.0120306237301924
3.023,-6.43200316129307e-15
3.023125,0.0120306237301395
3.02325,0.0170138712429991
3.023375,0.0120306237301665
3.0235,3.17607148461231e-14
3.023625,-0.0120306237301216
3.02375,-0.0170138712429991
3.023875,-0.0120306237301844
3.024,-5.70894265309531e-14
3.024125,0.0120306237301475
3.02425,0.0170138712429991
3.024375,0.0120306237301586
3.0245,2.05220352071651e-14
3.024625,-0.0120306237301295
3.02475,-0.0170138712429991
3.024875,-0.0120306237301765
3.025,-4.58507468919951e-14
3.025125,0.0120306237301554
3.02525,0.0170138712429991
3.025375,0.0120306237301944
3.0255,9.28335556820711e-15
3.025625,-0.0120306237301375
3.02575,-0.0170138712429991
3.025875,-0.0120306237301685
3.026,-3.46120672530371e-14
3.026125,0.0120306237301196
3.02625,0.0170138712429991
3.026375,0.0120306237301864
3.0265,5.99407789378671e-14
3.026625,-0.0120306237301454
3.02675,-0.0170138712429991
3.026875,-0.0120306237302044
3.027,-2.33733876140791e-14
3.027125,0.0120306237301275
3.02725,0.0170138712429991
3.027375,0.0120306237301785
3.0275,4.87020992989091e-14
3.027625,-0.0120306237301534
3.02775,-0.0170138712429991
3.027875,-0.0120306237301964
3.028,-1.21347079751211e-14
3.028125,0.0120306237301355
3.02825,0.0170138712429991
3.028375,0.0120306237301705
3.0285,3.74634196599511e-14
3.028625,-0.0120306237301176
3.02875,-0.0170138712429991
3.028875,-0.0120306237301885
3.029,-6.27921313447811e-14
3.029125,0.0120306237301434
3.02925,0.0170138712429991
3.029375,0.0120306237302064
3.0295,2.62247400209932e-14
3.029625,-0.0120306237301255
3.02975,-0.0170138712429991
3.029875,-0.0120306237301805
3.03,-5.15534517058231e-14
3.030125,0.0120306237301514
3.03025,0.0170138712429991
3.030375,0.0120306237301984
3.0305,1.49860603820352e-14
3.030625,-0.0120306237301335
3.03075,-0.0170138712429991
3.030875,-0.0120306237301726
3.031,-4.03147720668652e-14
3.031125,0.0120306237301155
3.03125,0.0170138712429991
3.031375,0.0120306237301905
3.0315,6.56434837516952e-14
3.031625,-0.0120306237301414
3.03175,-0.0170138712429991
3.031875,-0.0120306237302084
3.032,-2.90760924279072e-14
3.032125,0.0120306237301673
3.03225,0.0170138712429991
3.032375,0.0120306237301825
3.0325,-7.49129889588077e-15
3.032625,-0.0120306237301494
3.03275,-0.0170138712429991
3.032875,-0.0120306237301567
3.033,-1.78374127889492e-14
3.033125,0.0120306237301314
3.03325,0.0170138712429991
3.033375,0.0120306237301746
3.0335,4.31661244737792e-14
3.033625,-0.0120306237301135
3.03375,-0.0170138712429991
3.033875,-0.0120306237301925
3.034,-6.84948361586092e-14
3.034125,0.0120306237301394
3.03425,0.0170138712429991
3.034375,0.0120306237302104
3.0345,3.19274448348212e-14
3.034625,-0.0120306237301652
3.03475,-0.0170138712429991
3.034875,-0.0120306237301845
3.035,4.63994648896674e-15
3.035125,0.0120306237301036
3.03525,0.0170138712429991
3.035375,0.0120306237301587
3.0355,2.06887651958633e-14
3.035625,-0.0120306237301294
3.03575,-0.0170138712429991
3.035875,-0.0120306237301766
3.036,-4.60174768806932e-14
3.036125,0.0120306237301553
3.03625,0.0170138712429991
3.036375,0.0120306237301945
3.0365,9.45008555690527e-15
3.036625,-0.0120306237301374
3.03675,-0.0170138712429991
3.036875,-0.0120306237301686
3.037,-3.47787972417353e-14
3.037125,0.0120306237301632
3.03725,0.0170138712429991
3.037375,0.0120306237301866
3.0375,-1.7885940820527e-15
3.037625,-0.0120306237301016
3.03775,-0.0170138712429991
3.037875,-0.0120306237301607
3.038,-2.35401176027773e-14
3.038125,0.0120306237301274
3.03825,0.0170138712429991
3.038375,0.0120306237301786
3.0385,4.88688292876073e-14
3.038625,-0.0120306237301533
3.03875,-0.0170138712429991
3.038875,-0.0120306237301965
3.039,-1.23014379638193e-14
3.039125,0.0120306237301354
3.03925,0.0170138712429991
3.039375,0.0120306237301707
3.0395,3.76301496486493e-14
3.039625,-0.0120306237301174
3.03975,-0.0170138712429991
3.039875,-0.0120306237301886
3.04,-1.06275832486133e-15
3.040125,0.0120306237301433
3.04025,0.0170138712429991
3.040375,0.0120306237301627
3.0405,2.63914700096913e-14
3.040625,-0.0120306237301254
3.04075,-0.0170138712429991
3.040875,-0.0120306237301806
3.041,-5.17201816945213e-14
3.041125,0.0120306237301513
3.04125,0.0170138712429991
3.041375,0.0120306237301985
3.0415,1.51527903707333e-14
3.041625,-0.0120306237301333
3.04175,-0.0170138712429991
3.041875,-0.0120306237301727
3.042,-4.04815020555633e-14
3.042125,0.0120306237301154
3.04225,0.0170138712429991
3.042375,0.0120306237301906
3.0425,6.58102137403933e-14
3.042625,-0.0120306237301413
3.04275,-0.0170138712429991
3.042875,-0.0120306237301647
3.043,-2.92428224166054e-14
3.043125,0.0120306237301234
3.04325,0.0170138712429991
3.043375,0.0120306237301826
3.0435,5.45715341014353e-14
3.043625,-0.0120306237301492
3.04375,-0.0170138712429991
3.043875,-0.0120306237302006
3.044,-1.80041427776474e-14
3.044125,0.0120306237301313
3.04425,0.0170138712429991
3.044375,0.0120306237301747
3.0445,-1.85632485461406e-14
3.044625,-0.0120306237301134
3.04475,-0.0170138712429991
3.044875,-0.0120306237301488
3.045,-6.86615661473073e-14
3.045125,0.0120306237301393
3.04525,0.0170138712429991
3.045375,0.0120306237301668
3.0455,3.20941748235194e-14
3.045625,-0.0120306237301214
3.04575,-0.0170138712429991
3.045875,-0.0120306237301847
3.046,-5.74228865083494e-14
3.046125,0.0120306237301472
3.04625,0.0170138712429991
3.046375,0.0120306237302026
3.0465,2.08554951845614e-14
3.046625,-0.0120306237301293
3.04675,-0.0170138712429991
3.046875,-0.0120306237301767
3.047,-4.61842068693914e-14
3.047125,0.0120306237301114
3.04725,0.0170138712429991
3.047375,0.0120306237301509
3.0475,7.15129185542214e-14
3.047625,-0.0120306237301373
3.04775,-0.0170138712429991
3.047875,-0.0120306237302125
3.048,-3.49455272304334e-14
3.048125,0.0120306237301631
3.04825,0.0170138712429991
3.048375,0.0120306237301867
3.0485,-1.62186409335454e-15
3.048625,-0.0120306237301452
3.04875,-0.0170138712429991
3.048875,-0.0120306237302046
3.049,-2.37068475914754e-14
3.049125,0.0120306237301273
3.04925,0.0170138712429991
3.049375,0.0120306237301787
3.0495,4.90355592763054e-14
3.049625,-0.0120306237301094
3.04975,-0.0170138712429991
3.049875,-0.0120306237301529
3.05,-7.43642709611354e-14
3.050125,0.0120306237301352
3.05025,0.0170138712429991
3.050375,0.0120306237302145
3.0505,3.77968796373475e-14
3.050625,-0.0120306237301611
3.05075,-0.0170138712429991
3.050875,-0.0120306237301887
3.051,-1.2294883135595e-15
3.051125,0.0120306237301432
3.05125,0.0170138712429991
3.051375,0.0120306237301628
3.0515,2.65581999983895e-14
3.051625,-0.0120306237301253
3.05175,-0.0170138712429991
3.051875,-0.0120306237301807
3.052,-5.18869116832195e-14
3.052125,0.0120306237301511
3.05225,0.0170138712429991
3.052375,0.0120306237301987
3.0525,1.53195203594315e-14
3.052625,-0.0120306237301332
3.05275,-0.0170138712429991
3.052875,-0.0120306237302166
3.053,-4.06482320442615e-14
3.053125,0.0120306237301591
3.05325,0.0170138712429991
3.053375,0.0120306237301907
3.0535,4.08084072047353e-15
3.053625,-0.0120306237301412
3.05375,-0.0170138712429991
3.053875,-0.0120306237301649
3.054,-2.94095524053035e-14
3.054125,0.0120306237301233
3.05425,0.0170138712429991
3.054375,0.0120306237301828
3.0545,5.47382640901335e-14
3.054625,-0.0120306237301491
3.05475,-0.0170138712429991
3.054875,-0.0120306237302007
3.055,-1.81708727663455e-14
3.055125,0.0120306237301312
3.05525,0.0170138712429991
3.055375,0.0120306237301748
3.0555,4.34995844511755e-14
3.055625,-0.0120306237301571
3.05575,-0.0170138712429991
3.055875,-0.0120306237301927
3.056,-6.93219312738757e-15
3.056125,0.0120306237301392
3.05625,0.0170138712429991
3.056375,0.0120306237301669
3.0565,3.22609048122176e-14
3.056625,-0.0120306237301212
3.05675,-0.0170138712429991
3.056875,-0.0120306237301848
3.057,-5.75896164970475e-14
3.057125,0.0120306237301471
3.05725,0.0170138712429991
3.057375,0.0120306237302027
3.0575,2.10222251732596e-14
3.057625,-0.0120306237301292
3.05775,-0.0170138712429991
3.057875,-0.0120306237301768
3.058,-4.63509368580896e-14
3.058125,0.012030623730155
3.05825,0.0170138712429991
3.058375,0.0120306237301947
3.0585,9.7835455343016e-15
3.058625,-0.0120306237301371
3.05875,-0.0170138712429991
3.058875,-0.0120306237301689
3.059,-3.51122572191316e-14
3.059125,0.0120306237301192
3.05925,0.0170138712429991
3.059375,0.0120306237301868
3.0595,6.04409689039616e-14
3.059625,-0.0120306237301451
3.05975,-0.0170138712429991
3.059875,-0.0120306237302047
3.06,-2.38735775801736e-14
3.060125,0.0120306237301709
3.06025,0.0170138712429991
3.060375,0.0120306237301788
3.0605,-1.26938137436144e-14
3.060625,-0.0120306237301093
3.06075,-0.0170138712429991
3.060875,-0.0120306237301968
3.061,-1.26348979412156e-14
3.061125,0.0120306237301351
3.06125,0.0170138712429991
3.061375,0.0120306237301709
3.0615,3.79636096260456e-14
3.061625,-0.0120306237301172
3.06175,-0.0170138712429991
3.061875,-0.0120306237301888
3.062,-6.32923213108756e-14
3.062125,0.0120306237301431
3.06225,0.0170138712429991
3.062375,0.0120306237302067
3.0625,2.67249299870877e-14
3.062625,-0.0120306237301689
3.06275,-0.0170138712429991
3.062875,-0.0120306237301809
3.063,9.84246133670032e-15
3.063125,0.0120306237301072
3.06325,0.0170138712429991
3.063375,0.012030623730155
3.0635,1.54862503481297e-14
3.063625,-0.0120306237301331
3.06375,-0.0170138712429991
3.063875,-0.0120306237301729
3.064,-4.08149620329597e-14
3.064125,0.012030623730159
3.06425,0.0170138712429991
3.064375,0.0120306237301908
3.0645,6.61436737177897e-14
3.064625,-0.0120306237301411
3.06475,-0.0170138712429991
3.064875,-0.0120306237302087
3.065,-2.95762823940017e-14
3.065125,0.0120306237301231
3.06525,0.0170138712429991
3.065375,0.0120306237301829
3.0655,-6.99110892978628e-15
3.065625,-0.0120306237301052
3.06575,-0.0170138712429991
3.065875,-0.012030623730157
3.066,-8.02337057636617e-14
3.066125,0.0120306237301311
3.06625,0.0170138712429991
3.066375,0.0120306237301749
3.0665,4.36663144398737e-14
3.066625,-0.0120306237301569
3.06675,-0.0170138712429991
3.066875,-0.0120306237301928
3.067,-7.09892311608573e-15
3.067125,0.012030623730139
3.06725,0.0170138712429991
3.067375,0.012030623730167
3.0675,3.24276348009157e-14
3.067625,-0.0120306237301211
3.06775,-0.0170138712429991
3.067875,-0.0120306237301849
3.068,-5.77563464857457e-14
3.068125,0.012030623730147
3.06825,0.0170138712429991
3.068375,0.012030623730159
3.0685,8.30850581705757e-14
3.068625,-0.0120306237301291
3.06875,-0.0170138712429991
3.068875,-0.0120306237301769
3.069,-4.65176668467877e-14
3.069125,0.0120306237301549
3.06925,0.0170138712429991
3.069375,0.0120306237301949
3.0695,9.95027552299977e-15
3.069625,-0.012030623730137
3.06975,-0.0170138712429991
3.069875,-0.012030623730169
3.07,-3.52789872078298e-14
3.070125,0.0120306237301191
3.07025,0.0170138712429991
3.070375,0.0120306237301869
3.0705,6.06076988926597e-14
3.070625,-0.012030623730145
3.07075,-0.0170138712429991
3.070875,-0.0120306237301611
3.071,-2.40403075688718e-14
3.071125,0.0120306237301271
3.07125,0.0170138712429991
3.071375,0.012030623730179
3.0715,4.93690192537018e-14
3.071625,-0.0120306237301529
3.07175,-0.0170138712429991
3.071875,-0.0120306237301969
3.072,-1.28016279299138e-14
3.072125,0.012030623730135
3.07225,0.0170138712429991
3.072375,0.012030623730171
3.0725,3.81303396147438e-14
3.072625,-0.0120306237301171
3.07275,-0.0170138712429991
3.072875,-0.0120306237301889
3.073,-6.34590512995738e-14
3.073125,0.012030623730143
3.07325,0.0170138712429991
3.073375,0.0120306237302068
3.0735,2.68916599757858e-14
3.073625,-0.012030623730125
3.07375,-0.0170138712429991
3.073875,-0.012030623730181
3.074,-5.22203716606158e-14
3.074125,0.0120306237301509
3.07425,0.0170138712429991
3.074375,0.0120306237301989
3.0745,1.56529803368278e-14
3.074625,-0.012030623730133
3.07475,-0.0170138712429991
3.074875,-0.012030623730173
3.075,-4.09816920216578e-14
3.075125,0.0120306237301151
3.07525,0.0170138712429991
3.075375,0.0120306237301472
3.0755,6.63104037064878e-14
3.075625,-0.0120306237301409
3.07575,-0.0170138712429991
3.075875,-0.0120306237302089
3.076,-2.97430123826998e-14
3.076125,0.0120306237301668
3.07625,0.0170138712429991
3.076375,0.012030623730183
3.0765,5.50717240675298e-14
3.076625,-0.0120306237301489
3.07675,-0.0170138712429991
3.076875,-0.0120306237302009
3.077,-1.85043327437419e-14
3.077125,0.012030623730131
3.07725,0.0170138712429991
3.077375,0.012030623730175
3.0775,4.38330444285719e-14
3.077625,-0.0120306237301131
3.07775,-0.0170138712429991
3.077875,-0.012030623730193
3.078,-6.91617561134019e-14
3.078125,0.0120306237301389
3.07825,0.0170138712429991
3.078375,0.0120306237302109
3.0785,3.25943647896139e-14
3.078625,-0.0120306237301648
3.07875,-0.0170138712429991
3.078875,-0.012030623730185
3.079,3.97302653417408e-15
3.079125,0.0120306237301469
3.07925,0.0170138712429991
3.079375,0.0120306237301592
3.0795,2.13556851506559e-14
3.079625,-0.012030623730129
3.07975,-0.0170138712429991
3.079875,-0.0120306237301771
3.08,-4.66843968354859e-14
3.080125,0.012030623730111
3.08025,0.0170138712429991
3.080375,0.012030623730195
3.0805,7.20131085203159e-14
3.080625,-0.0120306237301369
3.08075,-0.0170138712429991
3.080875,-0.0120306237302129
3.081,-3.54457171965279e-14
3.081125,0.0120306237301628
3.08125,0.0170138712429991
3.081375,0.012030623730187
3.0815,-1.12167412726005e-15
3.081625,-0.0120306237301448
3.08175,-0.0170138712429991
3.081875,-0.0120306237301612
3.082,-2.42070375575699e-14
3.082125,0.0120306237301269
3.08225,0.0170138712429991
3.082375,0.0120306237301791
3.0825,4.95357492423999e-14
3.082625,-0.0120306237301528
3.08275,-0.0170138712429991
3.082875,-0.012030623730197
3.083,-1.2968357918612e-14
3.083125,0.0120306237301349
3.08325,0.0170138712429991
3.083375,0.0120306237301711
3.0835,3.8297069603442e-14
3.083625,-0.0120306237301607
3.08375,-0.0170138712429991
3.083875,-0.012030623730189
3.084,-1.72967827965399e-15
3.084125,0.0120306237300991
3.08425,0.0170138712429991
3.084375,0.0120306237301632
3.0845,2.7058389964484e-14
3.084625,-0.0120306237301249
3.08475,-0.0170138712429991
3.084875,-0.0120306237301811
3.085,-5.2387101649314e-14
3.085125,0.0120306237301508
3.08525,0.0170138712429991
3.085375,0.012030623730199
3.0855,1.5819710325526e-14
3.085625,-0.0120306237301329
3.08575,-0.0170138712429991
3.085875,-0.0120306237301732
3.086,-4.1148422010356e-14
3.086125,0.012030623730115
3.08625,0.0170138712429991
3.086375,0.0120306237301911
3.0865,4.58103068656802e-15
3.086625,-0.0120306237301408
3.08675,-0.0170138712429991
3.086875,-0.0120306237301652
3.087,-2.9909742371398e-14
3.087125,0.0120306237301229
3.08725,0.0170138712429991
3.087375,0.0120306237301831
3.0875,5.5238454056228e-14
3.087625,-0.0120306237301488
3.08775,-0.0170138712429991
3.087875,-0.012030623730201
3.088,-1.867106273244e-14
3.088125,0.0120306237301309
3.08825,0.0170138712429991
3.088375,0.0120306237301752
3.0885,4.399977441727e-14
3.088625,-0.0120306237301129
3.08875,-0.0170138712429991
3.088875,-0.0120306237301931
3.089,-7.43238309348206e-15
3.089125,0.0120306237301388
3.08925,0.0170138712429991
3.089375,0.0120306237301672
3.0895,3.2761094778312e-14
3.089625,-0.0120306237301209
3.08975,-0.0170138712429991
3.089875,-0.0120306237301851
3.09,-5.8089806463142e-14
3.090125,0.0120306237301467
3.09025,0.0170138712429991
3.090375,0.012030623730203
3.0905,2.15224151393541e-14
3.090625,-0.0120306237301288
3.09075,-0.0170138712429991
3.090875,-0.0120306237301772
3.091,1.50449761844339e-14
3.091125,0.0120306237301109
3.09125,0.0170138712429991
3.091375,0.0120306237301513
3.0915,7.2179838509014e-14
3.091625,-0.0120306237301368
3.09175,-0.0170138712429991
3.091875,-0.0120306237301692
3.092,-3.56124471852261e-14
3.092125,0.0120306237301189
3.09225,0.0170138712429991
3.092375,0.0120306237301871
3.0925,6.09411588700561e-14
3.092625,-0.0120306237301447
3.09275,-0.0170138712429991
3.092875,-0.0120306237302051
3.093,-2.43737675462681e-14
3.093125,0.0120306237301268
3.09325,0.0170138712429991
3.093375,0.0120306237301792
3.0935,4.97024792310981e-14
3.093625,-0.0120306237301089
3.09375,-0.0170138712429991
3.093875,-0.0120306237301533
3.094,-7.50311909159281e-14
3.094125,0.0120306237301348
3.09425,0.0170138712429991
3.094375,0.0120306237301713
3.0945,3.84637995921401e-14
3.094625,-0.0120306237301606
3.09475,-0.0170138712429991
3.094875,-0.0120306237301892
3.095,-1.89640826835215e-15
3.095125,0.0120306237301427
3.09525,0.0170138712429991
3.095375,0.0120306237301633
3.0955,2.72251199531821e-14
3.095625,-0.0120306237301248
3.09575,-0.0170138712429991
3.095875,-0.0120306237301812
3.096,-5.25538316380121e-14
3.096125,0.0120306237301069
3.09625,0.0170138712429991
3.096375,0.0120306237301554
3.0965,7.78825433228421e-14
3.096625,-0.0120306237301328
3.09675,-0.0170138712429991
3.096875,-0.012030623730217
3.097,-4.13151519990541e-14
3.097125,0.0120306237301586
3.09725,0.0170138712429991
3.097375,0.0120306237301912
3.0975,4.74776067526619e-15
3.097625,-0.0120306237301407
3.09775,-0.0170138712429991
3.097875,-0.0120306237301653
3.098,-3.00764723600962e-14
3.098125,0.0120306237301228
3.09825,0.0170138712429991
3.098375,0.0120306237301832
3.0985,5.54051840449262e-14
3.098625,-0.0120306237301486
3.09875,-0.0170138712429991
3.098875,-0.0120306237302011
3.099,-1.88377927211382e-14
3.099125,0.0120306237301307
3.09925,0.0170138712429991
3.099375,0.0120306237301753
3.0995,4.41665044059682e-14
3.099625,-0.0120306237301566
3.09975,-0.0170138712429991
3.099875,-0.0120306237301932
3.1,-7.59911308218022e-15
3.100125,0.0120306237301387
3.10025,0.0170138712429991
3.100375,0.0120306237301673
3.1005,3.29278247670102e-14
3.100625,-0.0120306237301208
3.10075,-0.0170138712429991
3.100875,-0.0120306237301852
3.101,-5.82565364518402e-14
3.101125,0.0120306237301466
3.10125,0.0170138712429991
3.101375,0.0120306237302032
3.1015,2.16891451280522e-14
3.101625,-0.0120306237301287
3.10175,-0.0170138712429991
3.101875,-0.0120306237301773
3.102,-4.70178568128822e-14
3.102125,0.0120306237301546
3.10225,0.0170138712429991
3.102375,0.0120306237301952
3.1025,1.04504654890943e-14
3.102625,-0.0120306237301367
3.10275,-0.0170138712429991
3.102875,-0.0120306237301694
3.103,-3.57791771739242e-14
3.103125,0.0120306237301188
3.10325,0.0170138712429991
3.103375,0.0120306237301873
3.1035,6.11078888587542e-14
3.103625,-0.0120306237301446
3.10375,-0.0170138712429991
3.103875,-0.0120306237302052
3.104,-2.45404975349663e-14
3.104125,0.0120306237301267
3.10425,0.0170138712429991
3.104375,0.0120306237301793
3.1045,4.98692092197963e-14
3.104625,-0.0120306237301526
3.10475,-0.0170138712429991
3.104875,-0.0120306237301972
3.105,-1.33018178960083e-14
3.105125,0.0120306237301346
3.10525,0.0170138712429991
3.105375,0.0120306237301714
3.1055,3.86305295808383e-14
3.105625,-0.0120306237301167
3.10575,-0.0170138712429991
3.105875,-0.0120306237301893
3.106,-6.39592412656683e-14
3.106125,0.0120306237301426
3.10625,0.0170138712429991
3.106375,0.0120306237302072
3.1065,2.73918499418803e-14
3.106625,-0.0120306237301685
3.10675,-0.0170138712429991
3.106875,-0.0120306237301813
3.107,9.17554138190766e-15
3.107125,0.0120306237301505
3.10725,0.0170138712429991
3.107375,0.0120306237301555
3.1075,1.61531703029223e-14
3.107625,-0.0120306237301326
3.10775,-0.0170138712429991
3.107875,-0.0120306237301734
3.108,-4.14818819877523e-14
3.108125,0.0120306237301147
3.10825,0.0170138712429991
3.108375,0.0120306237301913
3.1085,6.68105936725823e-14
3.108625,-0.0120306237301406
3.10875,-0.0170138712429991
3.108875,-0.0120306237302092
3.109,-3.02432023487943e-14
3.109125,0.0120306237301664
3.10925,0.0170138712429991
3.109375,0.0120306237301834
3.1095,-6.32418897499363e-15
3.109625,-0.0120306237301048
3.10975,-0.0170138712429991
3.109875,-0.0120306237301575
3.11,-1.90045227098364e-14
3.110125,0.0120306237301306
3.11025,0.0170138712429991
3.110375,0.0120306237301754
3.1105,4.43332343946664e-14
3.110625,-0.0120306237301565
3.11075,-0.0170138712429991
3.110875,-0.0120306237301933
3.111,-7.76584307087839e-15
3.111125,0.0120306237301386
3.11125,0.0170138712429991
3.111375,0.0120306237302112
3.1115,3.30945547557084e-14
3.111625,-0.0120306237301207
3.11175,-0.0170138712429991
3.111875,-0.0120306237301854
3.112,3.47283656807959e-15
3.112125,0.0120306237301027
3.11225,0.0170138712429991
3.112375,0.0120306237301595
3.1125,8.37519781253684e-14
3.112625,-0.0120306237301286
3.11275,-0.0170138712429991
3.112875,-0.0120306237301774
3.113,-4.71845868015804e-14
3.113125,0.0120306237301545
3.11325,0.0170138712429991
3.113375,0.0120306237301953
3.1135,1.06171954777924e-14
3.113625,-0.0120306237301365
3.11375,-0.0170138712429991
3.113875,-0.0120306237301695
3.114,-3.59459071626224e-14
3.114125,0.0120306237301186
3.11425,0.0170138712429991
3.114375,0.0120306237301874
3.1145,-6.21484161165556e-16
3.114625,-0.0120306237301445
3.11475,-0.0170138712429991
3.114875,-0.0120306237301615
3.115,-2.47072275236644e-14
3.115125,0.0120306237301266
3.11525,0.0170138712429991
3.115375,0.0120306237301794
3.1155,5.00359392084944e-14
3.115625,-0.0120306237301524
3.11575,-0.0170138712429991
3.115875,-0.0120306237301973
3.116,-1.34685478847065e-14
3.116125,0.0120306237301345
3.11625,0.0170138712429991
3.116375,0.0120306237301715
3.1165,3.87972595695364e-14
3.116625,-0.0120306237301166
3.11675,-0.0170138712429991
3.116875,-0.0120306237301894
3.117,-6.41259712543664e-14
3.117125,0.0120306237301425
3.11725,0.0170138712429991
3.117375,0.0120306237301635
3.1175,2.75585799305785e-14
3.117625,-0.0120306237301246
3.11775,-0.0170138712429991
3.117875,-0.0120306237301815
3.118,-5.28872916154085e-14
3.118125,0.0120306237301504
3.11825,0.0170138712429991
3.118375,0.0120306237301994
3.1185,1.63199002916205e-14
3.118625,-0.0120306237301325
3.11875,-0.0170138712429991
3.118875,-0.0120306237301735
3.119,-4.16486119764505e-14
3.119125,0.0120306237301146
3.11925,0.0170138712429991
3.119375,0.0120306237301914
3.1195,6.69773236612805e-14
3.119625,-0.0120306237301405
3.11975,-0.0170138712429991
3.119875,-0.0120306237301656
3.12,-3.04099323374925e-14
3.120125,0.0120306237301226
3.12025,0.0170138712429991
3.120375,0.0120306237301835
3.1205,5.57386440223225e-14
3.120625,-0.0120306237301484
3.12075,-0.0170138712429991
3.120875,-0.0120306237302014
3.121,-1.91712526985345e-14
3.121125,0.0120306237301305
3.12125,0.0170138712429991
3.121375,0.0120306237301755
3.1215,4.44999643833645e-14
3.121625,-0.0120306237301126
3.12175,-0.0170138712429991
3.121875,-0.0120306237301497
3.122,-6.98286760681945e-14
3.122125,0.0120306237301384
3.12225,0.0170138712429991
3.122375,0.0120306237302113
3.1225,3.32612847444065e-14
3.122625,-0.0120306237301643
3.12275,-0.0170138712429991
3.122875,-0.0120306237301855
3.123,3.30610657938143e-15
3.123125,0.0120306237301464
3.12325,0.0170138712429991
3.123375,0.0120306237302034
3.1235,2.20226051054486e-14
3.123625,-0.0120306237301285
3.12375,-0.0170138712429991
3.123875,-0.0120306237301775
3.124,-4.73513167902785e-14
3.124125,0.0120306237301106
3.12425,0.0170138712429991
3.124375,0.0120306237301954
3.1245,7.26800284751085e-14
3.124625,-0.0120306237301364
3.12475,-0.0170138712429991
3.124875,-0.0120306237302134
3.125,-3.61126371513206e-14
3.125125,0.0120306237301623
3.12525,0.0170138712429991
3.125375,0.0120306237301875
3.1255,-4.54754172467392e-16
3.125625,-0.0120306237301444
3.12575,-0.0170138712429991
3.125875,-0.0120306237301616
3.126,-2.48739575123626e-14
3.126125,0.0120306237301265
3.12625,0.0170138712429991
3.126375,0.0120306237301796
3.1265,5.02026691971926e-14
3.126625,-0.0120306237301523
3.12675,-0.0170138712429991
3.126875,-0.0120306237301975
3.127,-7.55313808820226e-14
3.127125,0.0120306237301344
3.12725,0.0170138712429991
3.127375,0.0120306237302154
3.1275,3.89639895582346e-14
3.127625,-0.0120306237301603
3.12775,-0.0170138712429991
3.127875,-0.0120306237301895
3.128,-2.39659823444664e-15
3.128125,0.0120306237301424
3.12825,0.0170138712429991
3.128375,0.0120306237301637
3.1285,2.77253099192766e-14
3.128625,-0.0120306237301245
3.12875,-0.0170138712429991
3.128875,-0.0120306237301816
3.129,-5.30540216041066e-14
3.129125,0.0120306237301503
3.12925,0.0170138712429991
3.129375,0.0120306237301995
3.1295,1.64866302803187e-14
3.129625,-0.0120306237301324
3.12975,-0.0170138712429991
3.129875,-0.0120306237301736
3.13,-4.18153419651486e-14
3.130125,0.0120306237301583
3.13025,0.0170138712429991
3.130375,0.0120306237301915
3.1305,5.24795064136068e-15
3.130625,-0.0120306237301403
3.13075,-0.0170138712429991
3.130875,-0.0120306237301657
3.131,-3.05766623261907e-14
3.131125,0.0120306237301224
3.13125,0.0170138712429991
3.131375,0.0120306237301836
3.1315,5.59053740110207e-14
3.131625,-0.0120306237301483
3.13175,-0.0170138712429991
3.131875,-0.0120306237302015
3.132,-1.93379826872327e-14
3.132125,0.0120306237301304
3.13225,0.0170138712429991
3.132375,0.0120306237301756
3.1325,4.46666943720627e-14
3.132625,-0.0120306237301562
3.13275,-0.0170138712429991
3.132875,-0.0120306237301936
3.133,-8.09930304827471e-15
3.133125,0.0120306237301383
3.13325,0.0170138712429991
3.133375,0.0120306237301677
3.1335,3.34280147331047e-14
3.133625,-0.0120306237301204
3.13375,-0.0170138712429991
3.133875,-0.0120306237301856
3.134,-5.87567264179347e-14
3.134125,0.0120306237301463
3.13425,0.0170138712429991
3.134375,0.0120306237302035
3.1345,2.21893350941467e-14
3.134625,-0.0120306237301721
3.13475,-0.0170138712429991
3.134875,-0.0120306237301777
3.135,-4.75180467789767e-14
3.135125,0.0120306237301105
3.13525,0.0170138712429991
3.135375,0.0120306237301956
3.1355,1.09506554551887e-14
3.135625,-0.0120306237301363
3.13575,-0.0170138712429991
3.135875,-0.0120306237301697
3.136,-3.62793671400187e-14
3.136125,0.0120306237301184
3.13625,0.0170138712429991
3.136375,0.0120306237301876
3.1365,6.16080788248487e-14
3.136625,-0.0120306237301443
3.13675,-0.0170138712429991
3.136875,-0.0120306237302055
3.137,-2.50406875010608e-14
3.137125,0.0120306237301264
3.13725,0.0170138712429991
3.137375,0.0120306237301797
3.1375,-1.15267038227272e-14
3.137625,-0.0120306237301084
3.13775,-0.0170138712429991
3.137875,-0.0120306237301538
3.138,-7.56981108707207e-14
3.138125,0.0120306237301343
3.13825,0.0170138712429991
3.138375,0.0120306237301717
3.1385,3.91307195469328e-14
3.138625,-0.0120306237301602
3.13875,-0.0170138712429991
3.138875,-0.0120306237301896
3.139,-6.44594312317628e-14
3.139125,0.0120306237301422
3.13925,0.0170138712429991
3.139375,0.0120306237302075
3.1395,2.78920399079748e-14
3.139625,-0.0120306237301243
3.13975,-0.0170138712429991
3.139875,-0.0120306237301817
3.14,8.67535141581317e-15
3.140125,0.0120306237301064
3.14025,0.0170138712429991
3.140375,0.0120306237301558
3.1405,7.85494632776348e-14
3.140625,-0.0120306237301323
3.14075,-0.0170138712429991
3.140875,-0.0120306237301737
3.141,-4.19820719538468e-14
3.141125,0.0120306237301581
3.14125,0.0170138712429991
3.141375,0.0120306237301917
3.1415,5.41468063005884e-15
3.141625,-0.0120306237301402
3.14175,-0.0170138712429991
3.141875,-0.0120306237301658
3.142,-3.07433923148888e-14
3.142125,0.0120306237301223
3.14225,0.0170138712429991
3.142375,0.0120306237301837
3.1425,5.60721039997188e-14
3.142625,-0.0120306237301044
3.14275,-0.0170138712429991
3.142875,-0.0120306237301578
3.143,-8.14008156845488e-14
3.143125,0.0120306237301303
3.14325,0.0170138712429991
3.143375,0.0120306237302195
3.1435,4.48334243607608e-14
3.143625,-0.0120306237301561
3.14375,-0.0170138712429991
3.143875,-0.0120306237301937
3.144,-8.26603303697288e-15
3.144125,0.0120306237301382
3.14425,0.0170138712429991
3.144375,0.0120306237301678
3.1445,3.35947447218029e-14
3.144625,-0.0120306237301203
3.14475,-0.0170138712429991
3.144875,-0.0120306237301857
3.145,-5.89234564066329e-14
3.145125,0.0120306237301462
3.14525,0.0170138712429991
3.145375,0.0120306237301599
3.1455,2.23560650828449e-14
3.145625,-0.0120306237301282
3.14575,-0.0170138712429991
3.145875,-0.0120306237301778
3.146,-4.76847767676749e-14
3.146125,0.0120306237301541
3.14625,0.0170138712429991
3.146375,0.0120306237301957
3.1465,1.11173854438869e-14
3.146625,-0.0120306237301362
3.14675,-0.0170138712429991
3.146875,-0.0120306237301698
3.147,-3.64460971287169e-14
3.147125,0.0120306237301183
3.14725,0.0170138712429991
3.147375,0.0120306237301877
3.1475,6.17748088135469e-14
3.147625,-0.0120306237301441
3.14775,-0.0170138712429991
3.147875,-0.0120306237302056
3.148,-2.52074174897589e-14
3.148125,0.0120306237301262
3.14825,0.0170138712429991
3.148375,0.0120306237301798
3.1485,5.05361291745889e-14
3.148625,-0.0120306237301521
3.14875,-0.0170138712429991
3.148875,-0.0120306237301977
3.149,-1.39687378508009e-14
3.149125,0.0120306237301342
3.14925,0.0170138712429991
3.149375,0.0120306237301718
3.1495,3.92974495356309e-14
3.149625,-0.0120306237301163
3.14975,-0.0170138712429991
3.149875,-0.0120306237301898
3.15,-6.46261612204609e-14
3.150125,0.0120306237301421
3.15025,0.0170138712429991
3.150375,0.0120306237302077
3.1505,2.8058769896673e-14
3.150625,-0.0120306237301242
3.15075,-0.0170138712429991
3.150875,-0.0120306237301818
3.151,-5.33874815815029e-14
3.151125,0.0120306237301501
3.15125,0.0170138712429991
3.151375,0.0120306237301997
3.1515,1.6820090257715e-14
3.151625,-0.0120306237301322
3.15175,-0.0170138712429991
3.151875,-0.0120306237301739
3.152,-4.2148801942545e-14
3.152125,0.0120306237301143
3.15225,0.0170138712429991
3.152375,0.0120306237301918
3.1525,6.7477513627375e-14
3.152625,-0.0120306237301401
3.15275,-0.0170138712429991
3.152875,-0.0120306237302097
3.153,-3.0910122303587e-14
3.153125,0.012030623730166
3.15325,0.0170138712429991
3.153375,0.0120306237301838
3.1535,-5.65726902020097e-15
3.153625,-0.0120306237301481
3.15375,-0.0170138712429991
3.153875,-0.012030623730158
3.154,-1.9671442664629e-14
3.154125,0.0120306237301301
3.15425,0.0170138712429991
3.154375,0.0120306237301759
3.1545,4.5000154349459e-14
3.154625,-0.0120306237301122
3.15475,-0.0170138712429991
3.154875,-0.0120306237301938
3.155,-7.0328866034289e-14
3.155125,0.0120306237301381
3.15525,0.0170138712429991
3.155375,0.0120306237302117
3.1555,3.3761474710501e-14
3.155625,-0.0120306237301639
3.15575,-0.0170138712429991
3.155875,-0.0120306237301858
3.156,2.80591661328694e-15
3.156125,0.0120306237301023
3.15625,0.0170138712429991
3.156375,0.01203062373016
3.1565,2.25227950715431e-14
3.156625,-0.0120306237301281
3.15675,-0.0170138712429991
3.156875,-0.0120306237301779
3.157,-4.7851506756373e-14
3.157125,0.012030623730154
3.15725,0.0170138712429991
3.157375,0.0120306237301958
3.1575,1.12841154325851e-14
3.157625,-0.0120306237301361
3.15775,-0.0170138712429991
3.157875,-0.0120306237301699
3.158,-3.66128271174151e-14
3.158125,0.0120306237301619
3.15825,0.0170138712429991
3.158375,0.0120306237301879
3.1585,4.54357936271002e-17
3.158625,-0.0120306237301003
3.15875,-0.0170138712429991
3.158875,-0.012030623730162
3.159,-2.53741474784571e-14
3.159125,0.0120306237301261
3.15925,0.0170138712429991
3.159375,0.0120306237301799
3.1595,5.07028591632871e-14
3.159625,-0.012030623730152
3.15975,-0.0170138712429991
3.159875,-0.0120306237301978
3.16,-1.41354678394991e-14
3.160125,0.0120306237301341
3.16025,0.0170138712429991
3.160375,0.012030623730172
3.1605,3.94641795243291e-14
3.160625,-0.0120306237301162
3.16075,-0.0170138712429991
3.160875,-0.0120306237301899
3.161,-2.89678820054114e-15
3.161125,0.012030623730142
3.16125,0.0170138712429991
3.161375,0.012030623730164
3.1615,2.82254998853711e-14
3.161625,-0.0120306237301241
3.16175,-0.0170138712429991
3.161875,-0.0120306237301819
3.162,-5.35542115702011e-14
3.162125,0.01203062373015
3.16225,0.0170138712429991
3.162375,0.0120306237301998
3.1625,1.69868202464131e-14
3.162625,-0.012030623730132
3.16275,-0.0170138712429991
3.162875,-0.012030623730174
3.163,-4.23155319312431e-14
3.163125,0.0120306237301141
3.16325,0.0170138712429991
3.163375,0.0120306237301919
3.1635,6.76442436160731e-14
3.163625,-0.01203062373014
3.16375,-0.0170138712429991
3.163875,-0.012030623730166
3.164,-3.10768522922852e-14
3.164125,0.0120306237301221
3.16425,0.0170138712429991
3.164375,0.0120306237301839
3.1645,5.64055639771152e-14
3.164625,-0.0120306237301479
3.16475,-0.0170138712429991
3.164875,-0.0120306237302018
3.165,-1.98381726533272e-14
3.165125,0.01203062373013
3.16525,0.0170138712429991
3.165375,0.012030623730176
3.1655,-1.67292186704608e-14
3.165625,-0.0120306237301121
3.16575,-0.0170138712429991
3.165875,-0.0120306237301501
3.166,-7.04955960229872e-14
3.166125,0.012030623730138
3.16625,0.0170138712429991
3.166375,0.012030623730168
3.1665,3.39282046991992e-14
3.166625,-0.0120306237301201
3.16675,-0.0170138712429991
3.166875,-0.012030623730186
3.167,-5.92569163840292e-14
3.167125,0.0120306237301459
3.16725,0.0170138712429991
3.167375,0.0120306237302039
3.1675,2.26895250602412e-14
3.167625,-0.012030623730128
3.16775,-0.0170138712429991
3.167875,-0.012030623730178
3.168,-4.80182367450712e-14
3.168125,0.0120306237301101
3.16825,0.0170138712429991
3.168375,0.0120306237301522
3.1685,7.33469484299012e-14
3.168625,-0.012030623730136
3.16875,-0.0170138712429991
3.168875,-0.0120306237302138
3.169,-3.67795571061132e-14
3.169125,0.0120306237301618
3.16925,0.0170138712429991
3.169375,0.012030623730188
3.1695,2.12165782325264e-16
3.169625,-0.0120306237301439
3.16975,-0.0170138712429991
3.169875,-0.0120306237301621
3.17,-2.55408774671553e-14
3.170125,0.012030623730126
3.17025,0.0170138712429991
3.170375,0.01203062373018
3.1705,5.08695891519852e-14
3.170625,-0.0120306237301081
3.17075,-0.0170138712429991
3.170875,-0.0120306237301542
3.171,-7.61983008368152e-14
3.171125,0.0120306237301339
3.17125,0.0170138712429991
3.171375,0.0120306237302158
3.1715,3.96309095130273e-14
3.171625,-0.0120306237301598
3.17175,-0.0170138712429991
3.171875,-0.01203062373019
3.172,-3.0635181892393e-15
3.172125,0.0120306237301419
3.17225,0.0170138712429991
3.172375,0.0120306237301641
3.1725,2.83922298740693e-14
3.172625,-0.012030623730124
3.17275,-0.0170138712429991
3.172875,-0.012030623730182
3.173,-5.37209415588993e-14
3.173125,0.0120306237301498
3.17325,0.0170138712429991
3.173375,0.0120306237302
3.1735,1.71535502351113e-14
3.173625,-0.0120306237301319
3.17375,-0.0170138712429991
3.173875,-0.0120306237302179
3.174,-4.24822619199413e-14
3.174125,0.0120306237301578
3.17425,0.0170138712429991
3.174375,0.012030623730192
3.1745,5.91487059615333e-15
3.174625,-0.0120306237301399
3.17475,-0.0170138712429991
3.174875,-0.0120306237301661
3.175,-3.12435822809833e-14
3.175125,0.012030623730122
3.17525,0.0170138712429991
3.175375,0.0120306237301841
3.1755,5.65722939658133e-14
3.175625,-0.0120306237301478
3.17575,-0.0170138712429991
3.175875,-0.012030623730202
3.176,-2.00049026420253e-14
3.176125,0.0120306237301299
3.17625,0.0170138712429991
3.176375,0.0120306237301761
3.1765,4.53336143268553e-14
3.176625,-0.0120306237301558
3.17675,-0.0170138712429991
3.176875,-0.012030623730194
3.177,-8.76622300306737e-15
3.177125,0.0120306237301379
3.17725,0.0170138712429991
3.177375,0.0120306237301682
3.1775,3.40949346878974e-14
3.177625,-0.0120306237301199
3.17775,-0.0170138712429991
3.177875,-0.0120306237301861
3.178,-5.94236463727273e-14
3.178125,0.0120306237301458
3.17825,0.0170138712429991
3.178375,0.012030623730204
3.1785,2.28562550489394e-14
3.178625,-0.0120306237301279
3.17875,-0.0170138712429991
3.178875,-0.0120306237301781
3.179,-4.81849667337694e-14
3.179125,0.0120306237301538
3.17925,0.0170138712429991
3.179375,0.012030623730196
3.1795,1.16175754099814e-14
3.179625,-0.0120306237301358
3.17975,-0.0170138712429991
3.179875,-0.0120306237301702
3.18,-3.69462870948114e-14
3.180125,0.0120306237301179
3.18025,0.0170138712429991
3.180375,0.0120306237301881
3.1805,6.22749987796414e-14
3.180625,-0.0120306237301438
3.18075,-0.0170138712429991
3.180875,-0.012030623730206
3.181,-2.57076074558534e-14
3.181125,0.0120306237301696
3.18125,0.0170138712429991
3.181375,0.0120306237301801
3.1815,-1.08597838679345e-14
3.181625,-0.012030623730108
3.18175,-0.0170138712429991
3.181875,-0.0120306237301981
3.182,-1.44689278168954e-14
3.182125,0.0120306237301338
3.18225,0.0170138712429991
3.182375,0.0120306237301722
3.1825,3.97976395017254e-14
3.182625,-0.0120306237301159
3.18275,-0.0170138712429991
3.182875,-0.0120306237301901
3.183,-6.51263511865554e-14
3.183125,0.0120306237301418
3.18325,0.0170138712429991
3.183375,0.012030623730208
3.1835,2.85589598627675e-14
3.183625,-0.0120306237301676
3.18375,-0.0170138712429991
3.183875,-0.0120306237301822
3.184,8.00843146102051e-15
3.184125,0.012030623730106
3.18425,0.0170138712429991
3.184375,0.0120306237301563
3.1845,1.73202802238095e-14
3.184625,-0.0120306237301318
3.18475,-0.0170138712429991
3.184875,-0.0120306237301742
3.185,-4.26489919086395e-14
3.185125,0.0120306237301577
3.18525,0.0170138712429991
3.185375,0.0120306237301921
3.1855,6.0816005848515e-15
3.185625,-0.0120306237301398
3.18575,-0.0170138712429991
3.185875,-0.01203062373021
3.186,-3.14103122696815e-14
3.186125,0.0120306237301218
3.18625,0.0170138712429991
3.186375,0.0120306237301842
3.1865,-5.15707905410648e-15
3.186625,-0.0120306237301039
3.18675,-0.0170138712429991
3.186875,-0.0120306237301583
3.187,-8.20677356393415e-14
3.187125,0.0120306237301298
3.18725,0.0170138712429991
3.187375,0.0120306237301762
3.1875,4.55003443155535e-14
3.187625,-0.0120306237301556
3.18775,-0.0170138712429991
3.187875,-0.0120306237301941
3.188,-8.93295299176553e-15
3.188125,0.0120306237301377
3.18825,0.0170138712429991
3.188375,0.0120306237301683
3.1885,3.42616646765955e-14
3.188625,-0.0120306237301198
3.18875,-0.0170138712429991
3.188875,-0.0120306237301862
3.189,-5.95903763614255e-14
3.189125,0.0120306237301457
3.18925,0.0170138712429991
3.189375,0.0120306237301603
3.1895,8.49190880462555e-14
3.189625,-0.0120306237301278
3.18975,-0.0170138712429991
3.189875,-0.0120306237301782
3.19,-4.83516967224675e-14
3.190125,0.0120306237301536
3.19025,0.0170138712429991
3.190375,0.0120306237301962
3.1905,1.17843053986796e-14
3.190625,-0.0120306237301357
3.19075,-0.0170138712429991
3.190875,-0.0120306237301703
3.191,-3.71130170835096e-14
3.191125,0.0120306237301178
3.19125,0.0170138712429991
3.191375,0.0120306237301882
3.1915,6.24417287683395e-14
3.191625,-0.0120306237301437
3.19175,-0.0170138712429991
3.191875,-0.0120306237301624
3.192,-2.58743374445516e-14
3.192125,0.0120306237301258
3.19225,0.0170138712429991
3.192375,0.0120306237301803
3.1925,5.12030491293816e-14
3.192625,-0.0120306237301516
3.19275,-0.0170138712429991
3.192875,-0.0120306237301982
3.193,-1.46356578055936e-14
3.193125,0.0120306237301337
3.19325,0.0170138712429991
3.193375,0.0120306237301723
3.1935,3.99643694904236e-14
3.193625,-0.0120306237301158
3.19375,-0.0170138712429991
3.193875,-0.0120306237301902
3.194,-6.52930811752536e-14
3.194125,0.0120306237301417
3.19425,0.0170138712429991
3.194375,0.0120306237302081
3.1945,2.87256898514656e-14
3.194625,-0.0120306237301237
3.19475,-0.0170138712429991
3.194875,-0.0120306237301823
3.195,-5.40544015362956e-14
3.195125,0.0120306237301496
3.19525,0.0170138712429991
3.195375,0.0120306237302002
3.1955,1.74870102125076e-14
3.195625,-0.0120306237301317
3.19575,-0.0170138712429991
3.195875,-0.0120306237301743
3.196,-4.28157218973376e-14
3.196125,0.0120306237301138
3.19625,0.0170138712429991
3.196375,0.0120306237301485
3.1965,6.81444335821676e-14
3.196625,-0.0120306237301396
3.19675,-0.0170138712429991
3.196875,-0.0120306237302102
3.197,-3.15770422583797e-14
3.197125,0.0120306237301655
3.19725,0.0170138712429991
3.197375,0.0120306237301843
3.1975,5.69057539432096e-14
3.197625,-0.0120306237301476
3.19775,-0.0170138712429991
3.197875,-0.0120306237302022
3.198,-2.03383626194217e-14
3.198125,0.0120306237301297
3.19825,0.0170138712429991
3.198375,0.0120306237301763
3.1985,4.56670743042517e-14
3.198625,-0.0120306237301118
3.19875,-0.0170138712429991
3.198875,-0.0120306237301943
3.199,-7.09957859890816e-14
3.199125,0.0120306237301376
3.19925,0.0170138712429991
3.199375,0.0120306237302122
3.1995,3.44283946652937e-14
3.199625,-0.0120306237301635
3.19975,-0.0170138712429991
3.199875,-0.0120306237301863
3.2,2.13899665849428e-15
3.200125,0.0120306237301456
3.20025,0.0170138712429991
3.200375,0.0120306237301605
3.2005,2.31897150263357e-14
3.200625,-0.0120306237301277
3.20075,-0.0170138712429991
3.200875,-0.0120306237301784
3.201,-4.85184267111657e-14
3.201125,0.0120306237301535
3.20125,0.0170138712429991
3.201375,0.0120306237301963
3.2015,7.38471383959957e-14
3.201625,-0.0120306237301356
3.20175,-0.0170138712429991
3.201875,-0.0120306237302142
3.202,-3.72797470722077e-14
3.202125,0.0120306237301615
3.20225,0.0170138712429991
3.202375,0.0120306237301883
3.2025,7.12355748419756e-16
3.202625,-0.0120306237301436
3.20275,-0.0170138712429991
3.202875,-0.0120306237301625
3.203,-2.60410674332497e-14
3.203125,0.0120306237301256
3.20325,0.0170138712429991
3.203375,0.0120306237301804
3.2035,5.13697791180797e-14
3.203625,-0.0120306237301515
3.20375,-0.0170138712429991
3.203875,-0.0120306237301983
3.204,-1.48023877942918e-14
3.204125,0.0120306237301336
3.20425,0.0170138712429991
3.204375,0.0120306237301724
3.2045,4.01310994791218e-14
3.204625,-0.0120306237301594
3.20475,-0.0170138712429991
3.204875,-0.0120306237301903
3.205,-3.56370815533379e-15
3.205125,0.0120306237300978
3.20525,0.0170138712429991
3.205375,0.0120306237301645
3.2055,2.88924198401638e-14
3.205625,-0.0120306237301236
3.20575,-0.0170138712429991
3.205875,-0.0120306237301824
3.206,-5.42211315249938e-14
3.206125,0.0120306237301495
3.20625,0.0170138712429991
3.206375,0.0120306237302003
3.2065,1.76537402012058e-14
3.206625,-0.0120306237301316
3.20675,-0.0170138712429991
3.206875,-0.0120306237301744
3.207,-4.29824518860358e-14
3.207125,0.0120306237301137
3.20725,0.0170138712429991
3.207375,0.0120306237301924
3.2075,6.41506056224783e-15
3.207625,-0.0120306237301395
3.20775,-0.0170138712429991
3.207875,-0.0120306237301665
3.208,-3.17437722470778e-14
3.208125,0.0120306237301216
3.20825,0.0170138712429991
3.208375,0.0120306237301844
3.2085,5.70724839319078e-14
3.208625,-0.0120306237301475
3.20875,-0.0170138712429991
3.208875,-0.0120306237302023
3.209,-2.05050926081198e-14
3.209125,0.0120306237301296
3.20925,0.0170138712429991
3.209375,0.0120306237301765
3.2095,4.58338042929498e-14
3.209625,-0.0120306237301116
3.20975,-0.0170138712429991
3.209875,-0.0120306237301944
3.21,-9.26641296916186e-15
3.210125,0.0120306237301375
3.21025,0.0170138712429991
3.210375,0.0120306237301685
3.2105,3.45951246539918e-14
3.210625,-0.0120306237301196
3.21075,-0.0170138712429991
3.210875,-0.0120306237301864
3.211,-5.99238363388218e-14
3.211125,0.0120306237301455
3.21125,0.0170138712429991
3.211375,0.0120306237302043
3.2115,2.33564450150339e-14
3.211625,-0.0120306237301275
3.21175,-0.0170138712429991
3.211875,-0.0120306237301785
3.212,1.32109463087541e-14
3.212125,0.0120306237301096
3.21225,0.0170138712429991
3.212375,0.0120306237301526
3.2125,7.40138683846938e-14
3.212625,-0.0120306237301355
3.21275,-0.0170138712429991
3.212875,-0.0120306237301705
3.213,-3.74464770609059e-14
3.213125,0.0120306237301176
3.21325,0.0170138712429991
3.213375,0.0120306237301884
3.2135,6.27751887457359e-14
3.213625,-0.0120306237301434
3.21375,-0.0170138712429991
3.213875,-0.0120306237302064
3.214,-2.62077974219479e-14
3.214125,0.0120306237301255
3.21425,0.0170138712429991
3.214375,0.0120306237301805
3.2145,5.15365091067779e-14
3.214625,-0.0120306237301076
3.21475,-0.0170138712429991
3.214875,-0.0120306237301546
3.215,-7.68652207916079e-14
3.215125,0.0120306237301335
3.21525,0.0170138712429991
3.215375,0.0120306237301726
3.2155,4.02978294678199e-14
3.215625,-0.0120306237301593
3.21575,-0.0170138712429991
3.215875,-0.0120306237301905
3.216,-3.73043814403196e-15
3.216125,0.0120306237301414
3.21625,0.0170138712429991
3.216375,0.0120306237301646
3.2165,2.90591498288619e-14
3.216625,-0.0120306237301235
3.21675,-0.0170138712429991
3.216875,-0.0120306237301825
3.217,-5.43878615136919e-14
3.217125,0.0120306237301056
3.21725,0.0170138712429991
3.217375,0.0120306237301567
3.2175,7.97165731985219e-14
3.217625,-0.0120306237301315
3.21775,-0.0170138712429991
3.217875,-0.0120306237302183
3.218,-4.31491818747339e-14
3.218125,0.0120306237301573
3.21825,0.0170138712429991
3.218375,0.0120306237301925
3.2185,6.58179055094599e-15
3.218625,-0.0120306237301394
3.21875,-0.0170138712429991
3.218875,-0.0120306237301666
3.219,-3.1910502235776e-14
3.219125,0.0120306237301215
3.21925,0.0170138712429991
3.219375,0.0120306237301845
3.2195,5.7239213920606e-14
3.219625,-0.0120306237301473
3.21975,-0.0170138712429991
3.219875,-0.0120306237302024
3.22,-2.0671822596818e-14
3.220125,0.0120306237301294
3.22025,0.0170138712429991
3.220375,0.0120306237301766
3.2205,4.6000534281648e-14
3.220625,-0.0120306237301553
3.22075,-0.0170138712429991
3.220875,-0.0120306237301945
3.221,-9.43314295786003e-15
3.221125,0.0120306237301374
3.22125,0.0170138712429991
3.221375,0.0120306237301686
3.2215,3.476185464269e-14
3.221625,-0.0120306237301195
3.22175,-0.0170138712429991
3.221875,-0.0120306237301865
3.222,-6.009056632752e-14
3.222125,0.0120306237301453
3.22225,0.0170138712429991
3.222375,0.0120306237302045
3.2225,2.3523175003732e-14
3.222625,-0.0120306237301274
3.22275,-0.0170138712429991
3.222875,-0.0120306237301786
3.223,-4.8851886688562e-14
3.223125,0.0120306237301533
3.22325,0.0170138712429991
3.223375,0.0120306237301965
3.2235,1.22844953647741e-14
3.223625,-0.0120306237301354
3.22375,-0.0170138712429991
3.223875,-0.0120306237301707
3.224,-3.76132070496041e-14
3.224125,0.0120306237301175
3.22425,0.0170138712429991
3.224375,0.0120306237301886
3.2245,6.2941918734434e-14
3.224625,-0.0120306237301433
3.22475,-0.0170138712429991
3.224875,-0.0120306237302065
3.225,-2.63745274106461e-14
3.225125,0.0120306237301254
3.22525,0.0170138712429991
3.225375,0.0120306237301806
3.2255,5.17032390954761e-14
3.225625,-0.0120306237301513
3.22575,-0.0170138712429991
3.225875,-0.0120306237301985
3.226,-1.51358477716881e-14
3.226125,0.0120306237301334
3.22625,0.0170138712429991
3.226375,0.0120306237301727
3.2265,4.04645594565181e-14
3.226625,-0.0120306237301154
3.22675,-0.0170138712429991
3.226875,-0.0120306237301906
3.227,-6.57932711413481e-14
3.227125,0.0120306237301413
3.22725,0.0170138712429991
3.227375,0.0120306237302085
3.2275,2.92258798175601e-14
3.227625,-0.0120306237301672
3.22775,-0.0170138712429991
3.227875,-0.0120306237301826
3.228,7.34151150622786e-15
3.228125,0.0120306237301492
3.22825,0.0170138712429991
3.228375,0.0120306237301568
3.2285,1.79872001786021e-14
3.228625,-0.0120306237301313
3.22875,-0.0170138712429991
3.228875,-0.0120306237301747
3.229,-4.33159118634321e-14
3.229125,0.0120306237301134
3.22925,0.0170138712429991
3.229375,0.0120306237301926
3.2295,6.86446235482621e-14
3.229625,-0.0120306237301393
3.22975,-0.0170138712429991
3.229875,-0.0120306237302105
3.23,-3.20772322244741e-14
3.230125,0.0120306237301651
3.23025,0.0170138712429991
3.230375,0.0120306237301846
3.2305,-4.49015909931382e-15
3.230625,-0.0120306237301035
3.23075,-0.0170138712429991
3.230875,-0.0120306237301588
3.231,-2.08385525855162e-14
3.231125,0.0120306237301293
3.23125,0.0170138712429991
3.231375,0.0120306237301767
3.2315,4.61672642703462e-14
3.231625,-0.0120306237301552
3.23175,-0.0170138712429991
3.231875,-0.0120306237301946
3.232,-9.59987294655819e-15
3.232125,0.0120306237301373
3.23225,0.0170138712429991
3.232375,0.0120306237301688
3.2325,3.49285846313882e-14
3.232625,-0.0120306237301194
3.23275,-0.0170138712429991
3.232875,-0.0120306237301867
3.233,1.63880669239979e-15
3.233125,0.0120306237301014
3.23325,0.0170138712429991
3.233375,0.0120306237301608
3.2335,8.55860080010482e-14
3.233625,-0.0120306237301273
3.23375,-0.0170138712429991
3.233875,-0.0120306237301787
3.234,-4.90186166772602e-14
3.234125,0.0120306237301532
3.23425,0.0170138712429991
3.234375,0.0120306237301966
3.2345,1.24512253534722e-14
3.234625,-0.0120306237301352
3.23475,-0.0170138712429991
3.234875,-0.0120306237301708
3.235,-3.77799370383022e-14
3.235125,0.0120306237301173
3.23525,0.0170138712429991
3.235375,0.0120306237301887
3.2355,1.21254571451425e-15
3.235625,-0.0120306237301432
3.23575,-0.0170138712429991
3.235875,-0.0120306237301628
3.236,-2.65412573993442e-14
3.236125,0.0120306237301253
3.23625,0.0170138712429991
3.236375,0.0120306237301807
3.2365,5.18699690841742e-14
3.236625,-0.0120306237301511
3.23675,-0.0170138712429991
3.236875,-0.0120306237301986
3.237,-1.53025777603863e-14
3.237125,0.0120306237301332
3.23725,0.0170138712429991
3.237375,0.0120306237301728
3.2375,4.06312894452163e-14
3.237625,-0.0120306237301153
3.23775,-0.0170138712429991
3.237875,-0.0120306237301907
3.238,-6.59600011300462e-14
3.238125,0.0120306237301412
3.23825,0.0170138712429991
3.238375,0.0120306237301648
3.2385,2.93926098062583e-14
3.238625,-0.0120306237301233
3.23875,-0.0170138712429991
3.238875,-0.0120306237301828
3.239,-5.47213214910883e-14
3.239125,0.0120306237301491
3.23925,0.0170138712429991
3.239375,0.0120306237302007
3.2395,1.81539301673003e-14
3.239625,-0.0120306237301312
3.23975,-0.0170138712429991
3.239875,-0.0120306237301748
3.24,-4.34826418521303e-14
3.240125,0.0120306237301133
3.24025,0.0170138712429991
3.240375,0.0120306237301927
3.2405,6.88113535369603e-14
3.240625,-0.0120306237301392
3.24075,-0.0170138712429991
3.240875,-0.0120306237301669
3.241,-3.22439622131723e-14
3.241125,0.0120306237301213
3.24125,0.0170138712429991
3.241375,0.0120306237301848
3.2415,5.75726738980023e-14
3.241625,-0.0120306237301471
3.24175,-0.0170138712429991
3.241875,-0.0120306237302027
3.242,-2.10052825742143e-14
3.242125,0.0120306237301292
3.24225,0.0170138712429991
3.242375,0.0120306237301768
3.2425,4.63339942590443e-14
3.242625,-0.0120306237301113
3.24275,-0.0170138712429991
3.242875,-0.012030623730151
3.243,-7.16627059438743e-14
3.243125,0.0120306237301371
3.24325,0.0170138712429991
3.243375,0.0120306237302126
3.2435,3.50953146200863e-14
3.243625,-0.012030623730163
3.24375,-0.0170138712429991
3.243875,-0.0120306237301868
3.244,1.47207670370162e-15
3.244125,0.0120306237301451
3.24425,0.0170138712429991
3.244375,0.0120306237302047
3.2445,2.38566349811284e-14
3.244625,-0.0120306237301272
3.24475,-0.0170138712429991
3.244875,-0.0120306237301788
3.245,-4.91853466659584e-14
3.245125,0.0120306237301093
3.24525,0.0170138712429991
3.245375,0.0120306237301967
3.2455,7.45140583507883e-14
3.245625,-0.0120306237301351
3.24575,-0.0170138712429991
3.245875,-0.0120306237302147
3.246,-3.79466670270004e-14
3.246125,0.012030623730161
3.24625,0.0170138712429991
3.246375,0.0120306237301888
3.2465,1.37927570321241e-15
3.246625,-0.0120306237301431
3.24675,-0.0170138712429991
3.246875,-0.0120306237301629
3.247,-2.67079873880424e-14
3.247125,0.0120306237301252
3.24725,0.0170138712429991
3.247375,0.0120306237301809
3.2475,5.20366990728724e-14
3.247625,-0.012030623730151
3.24775,-0.0170138712429991
3.247875,-0.0120306237301988
3.248,-1.54693077490844e-14
3.248125,0.0120306237301331
3.24825,0.0170138712429991
3.248375,0.0120306237302167
3.2485,4.07980194339144e-14
3.248625,-0.012030623730159
3.24875,-0.0170138712429991
3.248875,-0.0120306237301908
3.249,-4.23062811012645e-15
3.249125,0.0120306237301411
3.24925,0.0170138712429991
3.249375,0.012030623730165
3.2495,2.95593397949564e-14
3.249625,-0.0120306237301232
3.24975,-0.0170138712429991
3.249875,-0.0120306237301829
3.25,-5.48880514797864e-14
3.250125,0.012030623730149
3.25025,0.0170138712429991
3.250375,0.0120306237302008
3.2505,1.83206601559985e-14
3.250625,-0.0120306237301311
3.25075,-0.0170138712429991
3.250875,-0.0120306237301749
3.251,-4.36493718408284e-14
3.251125,0.012030623730157
3.25125,0.0170138712429991
3.251375,0.0120306237301928
3.2515,7.08198051704048e-15
3.251625,-0.012030623730139
3.25175,-0.0170138712429991
3.251875,-0.012030623730167
3.252,-3.24106922018705e-14
3.252125,0.0120306237301211
3.25225,0.0170138712429991
3.252375,0.0120306237301849
3.2525,5.77394038867005e-14
3.252625,-0.012030623730147
3.25275,-0.0170138712429991
3.252875,-0.0120306237302028
3.253,-2.11720125629125e-14
3.253125,0.0120306237301291
3.25325,0.0170138712429991
3.253375,0.0120306237301769
3.2535,4.65007242477425e-14
3.253625,-0.0120306237301549
3.25375,-0.0170138712429991
3.253875,-0.0120306237301948
3.254,-9.93333292395452e-15
3.254125,0.012030623730137
3.25425,0.0170138712429991
3.254375,0.012030623730169
3.2545,3.52620446087845e-14
3.254625,-0.0120306237301191
3.25475,-0.0170138712429991
3.254875,-0.0120306237301869
3.255,-6.05907562936145e-14
3.255125,0.012030623730145
3.25525,0.0170138712429991
3.255375,0.0120306237302048
3.2555,2.40233649698265e-14
3.255625,-0.0120306237301708
3.25575,-0.0170138712429991
3.255875,-0.012030623730179
3.256,-4.93520766546565e-14
3.256125,0.0120306237301092
3.25625,0.0170138712429991
3.256375,0.0120306237301969
3.2565,1.27846853308686e-14
3.256625,-0.012030623730135
3.25675,-0.0170138712429991
3.256875,-0.012030623730171
3.257,-3.81133970156985e-14
3.257125,0.0120306237301171
3.25725,0.0170138712429991
3.257375,0.0120306237301889
3.2575,6.34421087005285e-14
3.257625,-0.012030623730143
3.25775,-0.0170138712429991
3.257875,-0.0120306237302068
3.258,-2.68747173767406e-14
3.258125,0.0120306237301251
3.25825,0.0170138712429991
3.258375,0.012030623730181
3.2585,-9.6926739470474e-15
3.258625,-0.0120306237301071
3.25875,-0.0170138712429991
3.258875,-0.0120306237301551
3.259,-7.75321407464005e-14
3.259125,0.012030623730133
3.25925,0.0170138712429991
3.259375,0.012030623730173
3.2595,4.09647494226126e-14
3.259625,-0.0120306237301589
3.25975,-0.0170138712429991
3.259875,-0.0120306237301909
3.26,-6.62934611074426e-14
3.260125,0.0120306237301409
3.26025,0.0170138712429991
3.260375,0.0120306237302088
3.2605,2.97260697836546e-14
3.260625,-0.012030623730123
3.26075,-0.0170138712429991
3.260875,-0.012030623730183
3.261,6.84132154013337e-15
3.261125,0.0120306237301051
3.26125,0.0170138712429991
3.261375,0.0120306237301571
3.2615,8.03834931533146e-14
3.261625,-0.012030623730131
3.26175,-0.0170138712429991
3.261875,-0.012030623730175
3.262,-4.38161018295266e-14
3.262125,0.0120306237301568
3.26225,0.0170138712429991
3.262375,0.012030623730193
3.2625,7.24871050573865e-15
3.262625,-0.0120306237301389
3.26275,-0.0170138712429991
3.262875,-0.0120306237301671
3.263,-3.25774221905686e-14
3.263125,0.012030623730121
3.26325,0.0170138712429991
3.263375,0.012030623730185
3.2635,5.79061338753986e-14
3.263625,-0.0120306237301469
3.26375,-0.0170138712429991
3.263875,-0.0120306237301591
3.264,-8.32348455602286e-14
3.264125,0.012030623730129
3.26425,0.0170138712429991
3.264375,0.0120306237302208
3.2645,4.66674542364406e-14
3.264625,-0.0120306237301548
3.26475,-0.0170138712429991
3.264875,-0.012030623730195
3.265,-1.01000629126527e-14
3.265125,0.0120306237301369
3.26525,0.0170138712429991
3.265375,0.0120306237301691
3.2655,3.54287745974827e-14
3.265625,-0.012030623730119
3.26575,-0.0170138712429991
3.265875,-0.012030623730187
3.266,-6.07574862823127e-14
3.266125,0.0120306237301449
3.26625,0.0170138712429991
3.266375,0.0120306237301612
3.2665,2.41900949585247e-14
3.266625,-0.012030623730127
3.26675,-0.0170138712429991
3.266875,-0.0120306237301791
3.267,-4.95188066433547e-14
3.267125,0.0120306237301528
3.26725,0.0170138712429991
3.267375,0.012030623730197
3.2675,1.29514153195667e-14
3.267625,-0.0120306237301349
3.26775,-0.0170138712429991
3.267875,-0.0120306237301711
3.268,-3.82801270043967e-14
3.268125,0.012030623730117
3.26825,0.0170138712429991
3.268375,0.012030623730189
3.2685,6.36088386892267e-14
3.268625,-0.0120306237301428
3.26875,-0.0170138712429991
3.268875,-0.0120306237302069
3.269,-2.70414473654387e-14
3.269125,0.0120306237301249
3.26925,0.0170138712429991
3.269375,0.0120306237301811
3.2695,5.23701590502687e-14
3.269625,-0.0120306237301508
3.26975,-0.0170138712429991
3.269875,-0.012030623730199
3.27,-1.58027677264808e-14
3.270125,0.0120306237301329
3.27025,0.0170138712429991
3.270375,0.0120306237301731
3.2705,4.11314794113107e-14
3.270625,-0.012030623730115
3.27075,-0.0170138712429991
3.270875,-0.012030623730191
3.271,-6.64601910961407e-14
3.271125,0.0120306237301408
3.27125,0.0170138712429991
3.271375,0.012030623730209
3.2715,2.98927997723528e-14
3.271625,-0.0120306237301229
3.27175,-0.0170138712429991
3.271875,-0.0120306237301831
3.272,-5.52215114571828e-14
3.272125,0.0120306237301488
3.27225,0.0170138712429991
3.272375,0.012030623730201
3.2725,1.86541201333948e-14
3.272625,-0.0120306237301309
3.27275,-0.0170138712429991
3.272875,-0.0120306237301752
3.273,-4.39828318182248e-14
3.273125,0.012030623730113
3.27325,0.0170138712429991
3.273375,0.0120306237301931
3.2735,6.93115435030548e-14
3.273625,-0.0120306237301388
3.27375,-0.0170138712429991
3.273875,-0.012030623730211
3.274,-3.27441521792668e-14
3.274125,0.0120306237301647
3.27425,0.0170138712429991
3.274375,0.0120306237301851
3.2745,-3.82323914452117e-15
3.274625,-0.0120306237301468
3.27475,-0.0170138712429991
3.274875,-0.0120306237301593
3.275,-2.15054725403088e-14
3.275125,0.0120306237301288
3.27525,0.0170138712429991
3.275375,0.0120306237301772
3.2755,4.68341842251388e-14
3.275625,-0.0120306237301109
3.27575,-0.0170138712429991
3.275875,-0.0120306237301951
3.276,-7.21628959099688e-14
3.276125,0.0120306237301368
3.27625,0.0170138712429991
3.276375,0.012030623730213
3.2765,3.55955045861808e-14
3.276625,-0.0120306237301627
3.27675,-0.0170138712429991
3.276875,-0.0120306237301871
3.277,9.71886737607132e-16
3.277125,0.012030623730101
3.27725,0.0170138712429991
3.277375,0.0120306237301613
3.2775,2.43568249472229e-14
3.277625,-0.0120306237301268
3.27775,-0.0170138712429991
3.277875,-0.0120306237301792
3.278,-4.96855366320528e-14
3.278125,0.0120306237301527
3.27825,0.0170138712429991
3.278375,0.0120306237301971
3.2785,1.31181453082649e-14
3.278625,-0.0120306237301348
3.27875,-0.0170138712429991
3.278875,-0.0120306237301712
3.279,-3.84468569930949e-14
3.279125,0.0120306237301606
3.27925,0.0170138712429991
3.279375,0.0120306237301892
3.2795,1.8794656693069e-15
3.279625,-0.012030623730099
3.27975,-0.0170138712429991
3.279875,-0.0120306237301633
3.28,-2.72081773541369e-14
3.280125,0.0120306237301248
3.28025,0.0170138712429991
3.280375,0.0120306237301812
3.2805,5.25368890389669e-14
3.280625,-0.0120306237301507
3.28075,-0.0170138712429991
3.280875,-0.0120306237301991
3.281,-1.59694977151789e-14
3.281125,0.0120306237301328
3.28125,0.0170138712429991
3.281375,0.0120306237301733
3.2815,4.12982094000089e-14
3.281625,-0.0120306237301149
3.28175,-0.0170138712429991
3.281875,-0.0120306237301912
3.282,-4.73081807622094e-15
3.282125,0.0120306237301407
3.28225,0.0170138712429991
3.282375,0.0120306237301653
3.2825,3.00595297610509e-14
3.282625,-0.0120306237301228
3.28275,-0.0170138712429991
3.282875,-0.0120306237301832
3.283,-5.53882414458809e-14
3.283125,0.0120306237301487
3.28325,0.0170138712429991
3.283375,0.0120306237302011
3.2835,1.8820850122093e-14
3.283625,-0.0120306237301307
3.28375,-0.0170138712429991
3.283875,-0.0120306237301753
3.284,-4.41495618069229e-14
3.284125,0.0120306237301128
3.28425,0.0170138712429991
3.284375,0.0120306237301932
3.2845,6.94782734917529e-14
3.284625,-0.0120306237301387
3.28475,-0.0170138712429991
3.284875,-0.0120306237301673
3.285,-3.2910882167965e-14
3.285125,0.0120306237301208
3.28525,0.0170138712429991
3.285375,0.0120306237301852
3.2855,5.8239593852795e-14
3.285625,-0.0120306237301466
3.28575,-0.0170138712429991
3.285875,-0.0120306237302031
3.286,-2.1672202529007e-14
3.286125,0.0120306237301287
3.28625,0.0170138712429991
3.286375,0.0120306237301773
3.2865,-1.4895188794781e-14
3.286625,-0.0120306237301108
3.28675,-0.0170138712429991
3.286875,-0.0120306237301514
3.287,-7.2329625898667e-14
3.287125,0.0120306237301367
3.28725,0.0170138712429991
3.287375,0.0120306237301693
3.2875,3.5762234574879e-14
3.287625,-0.0120306237301188
3.28775,-0.0170138712429991
3.287875,-0.0120306237301873
3.288,-6.1090946259709e-14
3.288125,0.0120306237301446
3.28825,0.0170138712429991
3.288375,0.0120306237302052
3.2885,2.4523554935921e-14
3.288625,-0.0120306237301267
3.28875,-0.0170138712429991
3.288875,-0.0120306237301793
3.289,-4.9852266620751e-14
3.289125,0.0120306237301088
3.28925,0.0170138712429991
3.289375,0.0120306237301535
3.2895,7.5180978305581e-14
3.289625,-0.0120306237301347
3.28975,-0.0170138712429991
3.289875,-0.0120306237302151
3.29,-3.8613586981793e-14
3.290125,0.0120306237301605
3.29025,0.0170138712429991
3.290375,0.0120306237301893
3.2905,2.04619565800507e-15
3.290625,-0.0120306237301426
3.29075,-0.0170138712429991
3.290875,-0.0120306237301634
3.291,-2.73749073428351e-14
3.291125,0.0120306237301247
3.29125,0.0170138712429991
3.291375,0.0120306237301813
3.2915,5.2703619027665e-14
3.291625,-0.0120306237301068
3.29175,-0.0170138712429991
3.291875,-0.0120306237301555
3.292,-7.8032330712495e-14
3.292125,0.0120306237301326
3.29225,0.0170138712429991
3.292375,0.0120306237302171
3.2925,4.14649393887071e-14
3.292625,-0.0120306237301585
3.29275,-0.0170138712429991
3.292875,-0.0120306237301913
3.293,-4.8975480649191e-15
3.293125,0.0120306237301406
3.29325,0.0170138712429991
3.293375,0.0120306237301654
3.2935,3.02262597497491e-14
3.293625,-0.0120306237301227
3.29375,-0.0170138712429991
3.293875,-0.0120306237301833
3.294,-5.55549714345791e-14
3.294125,0.0120306237301485
3.29425,0.0170138712429991
3.294375,0.0120306237302012
3.2945,1.89875801107911e-14
3.294625,-0.0120306237301306
3.29475,-0.0170138712429991
3.294875,-0.0120306237301754
3.295,-4.43162917956211e-14
3.295125,0.0120306237301565
3.29525,0.0170138712429991
3.295375,0.0120306237301933
3.2955,7.74890047183314e-15
3.295625,-0.0120306237301386
3.29575,-0.0170138712429991
3.295875,-0.0120306237301674
3.296,-3.30776121566631e-14
3.296125,0.0120306237301207
3.29625,0.0170138712429991
3.296375,0.0120306237301854
3.2965,5.84063238414931e-14
3.296625,-0.0120306237301465
3.29675,-0.0170138712429991
3.296875,-0.0120306237302033
3.297,-2.18389325177051e-14
3.297125,0.0120306237301286
3.29725,0.0170138712429991
3.297375,0.0120306237301774
3.2975,4.71676442025351e-14
3.297625,-0.0120306237301545
3.29775,-0.0170138712429991
3.297875,-0.0120306237301953
3.298,-1.06002528787472e-14
3.298125,0.0120306237301366
3.29825,0.0170138712429991
3.298375,0.0120306237301695
3.2985,3.59289645635772e-14
3.298625,-0.0120306237301187
3.29875,-0.0170138712429991
3.298875,-0.0120306237301874
3.299,-6.12576762484071e-14
3.299125,0.0120306237301445
3.29925,0.0170138712429991
3.299375,0.0120306237302053
3.2995,2.46902849246192e-14
3.299625,-0.0120306237301266
3.29975,-0.0170138712429991
3.299875,-0.0120306237301794
3.3,-5.00189966094492e-14
3.300125,0.0120306237301525
3.30025,0.0170138712429991
3.300375,0.0120306237301973
3.3005,1.34516052856612e-14
3.300625,-0.0120306237301345
3.30075,-0.0170138712429991
3.300875,-0.0120306237301715
3.301,-3.87803169704912e-14
3.301125,0.0120306237301166
3.30125,0.0170138712429991
3.301375,0.0120306237301894
3.3015,6.41090286553212e-14
3.301625,-0.0120306237301425
3.30175,-0.0170138712429991
3.301875,-0.0120306237302073
3.302,-2.75416373315332e-14
3.302125,0.0120306237301683
3.30225,0.0170138712429991
3.302375,0.0120306237301814
3.3025,-9.02575399225475e-15
3.302625,-0.0120306237301067
3.30275,-0.0170138712429991
3.302875,-0.0120306237301994
3.303,-1.63029576925752e-14
3.303125,0.0120306237301325
3.30325,0.0170138712429991
3.303375,0.0120306237301735
3.3035,4.16316693774052e-14
3.303625,-0.0120306237301146
3.30375,-0.0170138712429991
3.303875,-0.0120306237301914
3.304,-6.69603810622352e-14
3.304125,0.0120306237301405
3.30425,0.0170138712429991
3.304375,0.0120306237302093
3.3045,3.03929897384473e-14
3.304625,-0.0120306237301663
3.30475,-0.0170138712429991
3.304875,-0.0120306237301835
3.305,6.17440158534071e-15
3.305125,0.0120306237301047
3.30525,0.0170138712429991
3.305375,0.0120306237301576
3.3055,1.91543100994893e-14
3.305625,-0.0120306237301305
3.30575,-0.0170138712429991
3.305875,-0.0120306237301755
3.306,-4.44830217843193e-14
3.306125,0.0120306237301564
3.30625,0.0170138712429991
3.306375,0.0120306237301934
3.3065,7.9156304605313e-15
3.306625,-0.0120306237301385
3.30675,-0.0170138712429991
3.306875,-0.0120306237302113
3.307,-3.32443421453613e-14
3.307125,0.0120306237301205
3.30725,0.0170138712429991
3.307375,0.0120306237301855
3.3075,-3.32304917842668e-15
3.307625,-0.0120306237301026
3.30775,-0.0170138712429991
3.307875,-0.0120306237301596
3.308,-8.39017655150213e-14
3.308125,0.0120306237301285
3.30825,0.0170138712429991
3.308375,0.0120306237301775
3.3085,4.73343741912333e-14
3.308625,-0.0120306237301544
3.30875,-0.0170138712429991
3.308875,-0.0120306237301954
3.309,-1.07669828674453e-14
3.309125,0.0120306237301364
3.30925,0.0170138712429991
3.309375,0.0120306237301696
3.3095,3.60956945522753e-14
3.309625,-0.0120306237301185
3.30975,-0.0170138712429991
3.309875,-0.0120306237301875
3.31,-6.14244062371053e-14
3.310125,0.0120306237301444
3.31025,0.0170138712429991
3.310375,0.0120306237301616
3.3105,2.48570149133173e-14
3.310625,-0.0120306237301265
3.31075,-0.0170138712429991
3.310875,-0.0120306237301795
3.311,-5.01857265981473e-14
3.311125,0.0120306237301523
3.31125,0.0170138712429991
3.311375,0.0120306237301975
3.3115,1.36183352743594e-14
3.311625,-0.0120306237301344
3.31175,-0.0170138712429991
3.311875,-0.0120306237301716
3.312,-3.89470469591894e-14
3.312125,0.0120306237301165
3.31225,0.0170138712429991
3.312375,0.0120306237301895
3.3125,6.42757586440194e-14
3.312625,-0.0120306237301424
3.31275,-0.0170138712429991
3.312875,-0.0120306237301636
3.313,-2.77083673202314e-14
3.313125,0.0120306237301245
3.31325,0.0170138712429991
3.313375,0.0120306237301816
3.3135,5.30370790050614e-14
3.313625,-0.0120306237301503
3.31375,-0.0170138712429991
3.313875,-0.0120306237301995
3.314,-1.64696876812734e-14
3.314125,0.0120306237301324
3.31425,0.0170138712429991
3.314375,0.0120306237301736
3.3145,4.17983993661034e-14
3.314625,-0.0120306237301145
3.31475,-0.0170138712429991
3.314875,-0.0120306237301915
3.315,-6.71271110509334e-14
3.315125,0.0120306237301404
3.31525,0.0170138712429991
3.315375,0.0120306237302094
3.3155,3.05597197271454e-14
3.315625,-0.0120306237301224
3.31575,-0.0170138712429991
3.315875,-0.0120306237301836
3.316,-5.58884314119754e-14
3.316125,0.0120306237301483
3.31625,0.0170138712429991
3.316375,0.0120306237302015
3.3165,1.93210400881874e-14
3.316625,-0.0120306237301304
3.31675,-0.0170138712429991
3.316875,-0.0120306237301756
3.317,-4.46497517730174e-14
3.317125,0.0120306237301125
3.31725,0.0170138712429991
3.317375,0.0120306237301498
3.3175,6.99784634578474e-14
3.317625,-0.0120306237301383
3.31775,-0.0170138712429991
3.317875,-0.0120306237302114
3.318,-3.34110721340595e-14
3.318125,0.0120306237301642
3.31825,0.0170138712429991
3.318375,0.0120306237301856
3.3185,5.87397838188894e-14
3.318625,-0.0120306237301463
3.31875,-0.0170138712429991
3.318875,-0.0120306237302035
3.319,-2.21723924951015e-14
3.319125,0.0120306237301284
3.31925,0.0170138712429991
3.319375,0.0120306237301776
3.3195,4.75011041799315e-14
3.319625,-0.0120306237301105
3.31975,-0.0170138712429991
3.319875,-0.0120306237301956
3.32,-7.28298158647615e-14
3.320125,0.0120306237301363
3.32025,0.0170138712429991
3.320375,0.0120306237302135
3.3205,3.62624245409735e-14
3.320625,-0.0120306237301622
3.32075,-0.0170138712429991
3.320875,-0.0120306237301876
3.321,3.04966782814476e-16
3.321125,0.0120306237301443
3.32125,0.0170138712429991
3.321375,0.0120306237301617
3.3215,2.50237449020155e-14
3.321625,-0.0120306237301264
3.32175,-0.0170138712429991
3.321875,-0.0120306237301797
3.322,-5.03524565868455e-14
3.322125,0.0120306237301522
3.32225,0.0170138712429991
3.322375,0.0120306237301976
3.3225,7.56811682716755e-14
3.322625,-0.0120306237301343
3.32275,-0.0170138712429991
3.322875,-0.0120306237302155
3.323,-3.91137769478875e-14
3.323125,0.0120306237301602
3.32325,0.0170138712429991
3.323375,0.0120306237301896
3.3235,2.54638562409956e-15
3.323625,-0.0120306237301423
3.32375,-0.0170138712429991
3.323875,-0.0120306237301638
3.324,-2.78750973089295e-14
3.324125,0.0120306237301243
3.32425,0.0170138712429991
3.324375,0.0120306237301817
3.3245,5.32038089937595e-14
3.324625,-0.0120306237301502
3.32475,-0.0170138712429991
3.324875,-0.0120306237301996
3.325,-1.66364176699716e-14
3.325125,0.0120306237301323
3.32525,0.0170138712429991
3.325375,0.0120306237301737
3.3255,4.19651293548016e-14
3.325625,-0.0120306237301581
3.32575,-0.0170138712429991
3.325875,-0.0120306237301916
3.326,-5.39773803101359e-15
3.326125,0.0120306237301402
3.32625,0.0170138712429991
3.326375,0.0120306237301658
3.3265,3.07264497158436e-14
3.326625,-0.0120306237301223
3.32675,-0.0170138712429991
3.326875,-0.0120306237301837
3.327,-5.60551614006736e-14
3.327125,0.0120306237301482
3.32725,0.0170138712429991
3.327375,0.0120306237302016
3.3275,1.94877700768856e-14
3.327625,-0.0120306237301303
3.32775,-0.0170138712429991
3.327875,-0.0120306237301757
3.328,-4.48164817617156e-14
3.328125,0.0120306237301124
3.32825,0.0170138712429991
3.328375,0.0120306237301937
3.3285,8.24909043792763e-15
3.328625,-0.0120306237301382
3.32875,-0.0170138712429991
3.328875,-0.0120306237301678
3.329,-3.35778021227576e-14
3.329125,0.0120306237301203
3.32925,0.0170138712429991
3.329375,0.0120306237301857
3.3295,5.89065138075876e-14
3.329625,-0.0120306237301462
3.32975,-0.0170138712429991
3.329875,-0.0120306237302036
3.33,-2.23391224837996e-14
3.330125,0.0120306237301283
3.33025,0.0170138712429991
3.330375,0.0120306237301778
3.3305,4.76678341686296e-14
3.330625,-0.0120306237301103
3.33075,-0.0170138712429991
3.330875,-0.0120306237301957
3.331,-1.11004428448417e-14
3.331125,0.0120306237301362
3.33125,0.0170138712429991
3.331375,0.0120306237301698
3.3315,3.64291545296717e-14
3.331625,-0.0120306237301183
3.33175,-0.0170138712429991
3.331875,-0.0120306237301877
3.332,-6.17578662145016e-14
3.332125,0.0120306237301442
3.33225,0.0170138712429991
3.332375,0.0120306237302056
3.3325,2.51904748907137e-14
3.332625,-0.0120306237301262
3.33275,-0.0170138712429991
3.332875,-0.0120306237301798
3.333,1.13769164330743e-14
3.333125,0.0120306237301083
3.33325,0.0170138712429991
3.333375,0.0120306237301539
3.3335,7.58478982603737e-14
3.333625,-0.0120306237301342
3.33375,-0.0170138712429991
3.333875,-0.0120306237301718
3.334,-3.92805069365857e-14
3.334125,0.0120306237301163
3.33425,0.0170138712429991
3.334375,0.0120306237301897
3.3345,6.46092186214157e-14
3.334625,-0.0120306237301421
3.33475,-0.0170138712429991
3.334875,-0.0120306237302077
3.335,-2.80418272976277e-14
3.335125,0.0120306237301242
3.33525,0.0170138712429991
3.335375,0.0120306237301818
3.3355,5.33705389824577e-14
3.335625,-0.0120306237301063
3.33575,-0.0170138712429991
3.335875,-0.0120306237301559
3.336,-7.86992506672877e-14
3.336125,0.0120306237301322
3.33625,0.0170138712429991
3.336375,0.0120306237301738
3.3365,4.21318593434997e-14
3.336625,-0.012030623730158
3.33675,-0.0170138712429991
3.336875,-0.0120306237301918
3.337,-5.56446801971176e-15
3.337125,0.0120306237301401
3.33725,0.0170138712429991
3.337375,0.0120306237301659
3.3375,3.08931797045417e-14
3.337625,-0.0120306237301222
3.33775,-0.0170138712429991
3.337875,-0.0120306237301838
3.338,-5.62218913893717e-14
3.338125,0.0120306237301043
3.33825,0.0170138712429991
3.338375,0.012030623730158
3.3385,8.15506030742017e-14
3.338625,-0.0120306237301302
3.33875,-0.0170138712429991
3.338875,-0.0120306237302196
3.339,-4.49832117504138e-14
3.339125,0.012030623730156
3.33925,0.0170138712429991
3.339375,0.0120306237301938
3.3395,8.41582042662579e-15
3.339625,-0.0120306237301381
3.33975,-0.0170138712429991
3.339875,-0.0120306237301679
3.34,-3.37445321114558e-14
3.340125,0.0120306237301202
3.34025,0.0170138712429991
3.340375,0.0120306237301858
3.3405,5.90732437962858e-14
3.340625,-0.0120306237301461
3.34075,-0.0170138712429991
3.340875,-0.0120306237302037
3.341,-2.25058524724978e-14
3.341125,0.0120306237301281
3.34125,0.0170138712429991
3.341375,0.0120306237301779
3.3415,4.78345641573278e-14
3.341625,-0.012030623730154
3.34175,-0.0170138712429991
3.341875,-0.0120306237301958
3.342,-1.12671728335398e-14
3.342125,0.0120306237301361
3.34225,0.0170138712429991
3.342375,0.0120306237301699
3.3425,3.65958845183698e-14
3.342625,-0.0120306237301182
3.34275,-0.0170138712429991
3.342875,-0.0120306237301878
3.343,-6.19245962031998e-14
3.343125,0.012030623730144
3.34325,0.0170138712429991
3.343375,0.0120306237302058
3.3435,2.53572048794118e-14
3.343625,-0.0120306237301261
3.34375,-0.0170138712429991
3.343875,-0.0120306237301799
3.344,-5.06859165642418e-14
3.344125,0.012030623730152
3.34425,0.0170138712429991
3.344375,0.0120306237301978
3.3445,1.41185252404539e-14
3.344625,-0.0120306237301341
3.34475,-0.0170138712429991
3.344875,-0.0120306237301719
3.345,-3.94472369252839e-14
3.345125,0.0120306237301162
3.34525,0.0170138712429991
3.345375,0.0120306237301899
3.3455,6.47759486101138e-14
3.345625,-0.012030623730142
3.34575,-0.0170138712429991
3.345875,-0.0120306237302078
3.346,-2.82085572863259e-14
3.346125,0.0120306237301241
3.34625,0.0170138712429991
3.346375,0.0120306237301819
3.3465,5.35372689711559e-14
3.346625,-0.01203062373015
3.34675,-0.0170138712429991
3.346875,-0.0120306237301998
3.347,-1.69698776473679e-14
3.347125,0.0120306237301321
3.34725,0.0170138712429991
3.347375,0.012030623730174
3.3475,4.22985893321979e-14
3.347625,-0.0120306237301141
3.34775,-0.0170138712429991
3.347875,-0.0120306237301919
3.348,-6.76273010170279e-14
3.348125,0.01203062373014
3.34825,0.0170138712429991
3.348375,0.0120306237302098
3.3485,3.10599096932399e-14
3.348625,-0.0120306237301659
3.34875,-0.0170138712429991
3.348875,-0.0120306237301839
3.349,5.50748163054806e-15
3.349125,0.0120306237301479
3.34925,0.0170138712429991
3.349375,0.0120306237301581
3.3495,1.98212300542819e-14
3.349625,-0.01203062373013
3.34975,-0.0170138712429991
3.349875,-0.012030623730176
3.35,-4.51499417391119e-14
3.350125,0.0120306237301121
3.35025,0.0170138712429991
3.350375,0.0120306237301939
3.3505,7.04786534239419e-14
3.350625,-0.012030623730138
3.35075,-0.0170138712429991
3.350875,-0.0120306237302118
3.351,-3.39112621001539e-14
3.351125,0.0120306237301638
3.35125,0.0170138712429991
3.351375,0.0120306237301859
3.3515,-2.65612922363402e-15
3.351625,-0.0120306237301022
3.35175,-0.0170138712429991
3.351875,-0.0120306237301601
3.352,-2.2672582461196e-14
3.352125,0.012030623730128
3.35225,0.0170138712429991
3.352375,0.012030623730178
3.3525,4.8001294146026e-14
3.352625,-0.0120306237301539
3.35275,-0.0170138712429991
3.352875,-0.0120306237301959
3.353,-1.1433902822238e-14
3.353125,0.012030623730136
3.35325,0.0170138712429991
3.353375,0.0120306237301701
3.3535,3.6762614507068e-14
3.353625,-0.0120306237301181
3.35375,-0.0170138712429991
3.353875,-0.012030623730188
3.354,-1.95223183280015e-16
3.354125,0.0120306237301002
3.35425,0.0170138712429991
3.354375,0.0120306237301621
3.3545,2.552393486811e-14
3.354625,-0.012030623730126
3.35475,-0.0170138712429991
3.354875,-0.01203062373018
3.355,-5.085264655294e-14
3.355125,0.0120306237301519
3.35525,0.0170138712429991
3.355375,0.0120306237301979
3.3555,1.4285255229152e-14
3.355625,-0.012030623730134
3.35575,-0.0170138712429991
3.355875,-0.0120306237301721
3.356,-3.9613966913982e-14
3.356125,0.012030623730116
3.35625,0.0170138712429991
3.356375,0.01203062373019
3.3565,3.04657559019405e-15
3.356625,-0.0120306237301419
3.35675,-0.0170138712429991
3.356875,-0.0120306237301641
3.357,-2.8375287275024e-14
3.357125,0.012030623730124
3.35725,0.0170138712429991
3.357375,0.012030623730182
3.3575,5.3703998959854e-14
3.357625,-0.0120306237301498
3.35775,-0.0170138712429991
3.357875,-0.0120306237301999
3.358,-1.71366076360661e-14
3.358125,0.0120306237301319
3.35825,0.0170138712429991
3.358375,0.0120306237301741
3.3585,4.24653193208961e-14
3.358625,-0.012030623730114
3.35875,-0.0170138712429991
3.358875,-0.012030623730192
3.359,-6.7794031005726e-14
3.359125,0.0120306237301399
3.35925,0.0170138712429991
3.359375,0.0120306237301661
3.3595,3.12266396819381e-14
3.359625,-0.012030623730122
3.35975,-0.0170138712429991
3.359875,-0.012030623730184
3.36,-5.65553513667681e-14
3.360125,0.0120306237301478
3.36025,0.0170138712429991
3.360375,0.012030623730202
3.3605,1.99879600429801e-14
3.360625,-0.0120306237301299
3.36075,-0.0170138712429991
3.360875,-0.0120306237301761
3.361,1.65794312808079e-14
3.361125,0.012030623730112
3.36125,0.0170138712429991
3.361375,0.012030623730194
3.3615,7.06453834126401e-14
3.361625,-0.0120306237301379
3.36175,-0.0170138712429991
3.361875,-0.0120306237301682
3.362,-3.40779920888521e-14
3.362125,0.01203062373012
3.36225,0.0170138712429991
3.362375,0.0120306237301861
3.3625,5.94067037736821e-14
3.362625,-0.0120306237301458
3.36275,-0.0170138712429991
3.362875,-0.012030623730204
3.363,-2.28393124498941e-14
3.363125,0.0120306237301279
3.36325,0.0170138712429991
3.363375,0.0120306237301781
3.3635,4.81680241347241e-14
3.363625,-0.01203062373011
3.36375,-0.0170138712429991
3.363875,-0.0120306237301523
3.364,-7.34967358195541e-14
3.364125,0.0120306237301359
3.36425,0.0170138712429991
3.364375,0.0120306237302139
3.3645,3.69293444957661e-14
3.364625,-0.0120306237301617
3.36475,-0.0170138712429991
3.364875,-0.0120306237301881
3.365,-3.61953171978179e-16
3.365125,0.0120306237301438
3.36525,0.0170138712429991
3.365375,0.012030623730206
3.3655,2.56906648568082e-14
3.365625,-0.0120306237301259
3.36575,-0.0170138712429991
3.365875,-0.0120306237301801
3.366,-5.10193765416382e-14
3.366125,0.012030623730108
3.36625,0.0170138712429991
3.366375,0.012030623730198
3.3665,7.63480882264681e-14
3.366625,-0.0120306237301338
3.36675,-0.0170138712429991
3.366875,-0.012030623730216
3.367,-3.97806969026802e-14
3.367125,0.0120306237301597
3.36725,0.0170138712429991
3.367375,0.0120306237301901
3.3675,3.21330557889221e-15
3.367625,-0.0120306237301418
3.36775,-0.0170138712429991
3.367875,-0.0120306237301642
3.368,-2.85420172637222e-14
3.368125,0.0120306237301239
3.36825,0.0170138712429991
3.368375,0.0120306237301821
3.3685,5.38707289485522e-14
3.368625,-0.0120306237301497
3.36875,-0.0170138712429991
3.368875,-0.0120306237302001
3.369,-1.73033376247642e-14
3.369125,0.0120306237301318
3.36925,0.0170138712429991
3.369375,0.012030623730218
3.3695,4.26320493095942e-14
3.369625,-0.0120306237301577
3.36975,-0.0170138712429991
3.369875,-0.0120306237301921
3.37,-6.06465798580625e-15
3.370125,0.0120306237301398
3.37025,0.0170138712429991
3.370375,0.0120306237301663
3.3705,3.13933696706362e-14
3.370625,-0.0120306237301219
3.37075,-0.0170138712429991
3.370875,-0.0120306237301842
3.371,-5.67220813554662e-14
3.371125,0.0120306237301477
3.37125,0.0170138712429991
3.371375,0.0120306237302021
3.3715,2.01546900316783e-14
3.371625,-0.0120306237301298
3.37175,-0.0170138712429991
3.371875,-0.0120306237301762
3.372,-4.54834017165082e-14
3.372125,0.0120306237301557
3.37225,0.0170138712429991
3.372375,0.0120306237301941
3.3725,8.91601039272028e-15
3.372625,-0.0120306237301378
3.37275,-0.0170138712429991
3.372875,-0.0120306237301683
3.373,-3.42447220775503e-14
3.373125,0.0120306237301198
3.37325,0.0170138712429991
3.373375,0.0120306237301862
3.3735,5.95734337623803e-14
3.373625,-0.0120306237301457
3.37375,-0.0170138712429991
3.373875,-0.0120306237302041
3.374,-2.30060424385923e-14
3.374125,0.0120306237301278
3.37425,0.0170138712429991
3.374375,0.0120306237301782
3.3745,4.83347541234223e-14
3.374625,-0.0120306237301536
3.37475,-0.0170138712429991
3.374875,-0.0120306237301961
3.375,-1.17673627996343e-14
3.375125,0.0120306237301357
3.37525,0.0170138712429991
3.375375,0.0120306237301703
3.3755,3.70960744844643e-14
3.375625,-0.0120306237301178
3.37575,-0.0170138712429991
3.375875,-0.0120306237301882
3.376,-6.24247861692943e-14
3.376125,0.0120306237301437
3.37625,0.0170138712429991
3.376375,0.0120306237302061
3.3765,2.58573948455063e-14
3.376625,-0.0120306237301695
3.37675,-0.0170138712429991
3.376875,-0.0120306237301803
3.377,-5.11861065303363e-14
3.377125,0.0120306237301079
3.37725,0.0170138712429991
3.377375,0.0120306237301982
3.3775,1.46187152065484e-14
3.377625,-0.0120306237301337
3.37775,-0.0170138712429991
3.377875,-0.0120306237301723
3.378,-3.99474268913783e-14
3.378125,0.0120306237301158
3.37825,0.0170138712429991
3.378375,0.0120306237301902
3.3785,6.52761385762083e-14
3.378625,-0.0120306237301417
3.37875,-0.0170138712429991
3.378875,-0.0120306237302081
3.379,-2.87087472524204e-14
3.379125,0.0120306237301238
3.37925,0.0170138712429991
3.379375,0.0120306237301823
3.3795,-7.8586440713676e-15
3.379625,-0.0120306237301058
3.37975,-0.0170138712429991
3.379875,-0.0120306237301564
3.38,-1.74700676134624e-14
3.380125,0.0120306237301317
3.38025,0.0170138712429991
3.380375,0.0120306237301743
3.3805,4.27987792982924e-14
3.380625,-0.0120306237301576
3.38075,-0.0170138712429991
3.380875,-0.0120306237301922
3.381,-6.81274909831224e-14
3.381125,0.0120306237301396
3.38125,0.0170138712429991
3.381375,0.0120306237302101
3.3815,3.15600996593344e-14
3.381625,-0.0120306237301217
3.38175,-0.0170138712429991
3.381875,-0.0120306237301843
3.382,5.00729166445356e-15
3.382125,0.0120306237301038
3.38225,0.0170138712429991
3.382375,0.0120306237301584
3.3825,8.22175230289944e-14
3.382625,-0.0120306237301297
3.38275,-0.0170138712429991
3.382875,-0.0120306237301763
3.383,-4.56501317052064e-14
3.383125,0.0120306237301555
3.38325,0.0170138712429991
3.383375,0.0120306237301942
3.3835,9.08274038141845e-15
3.383625,-0.0120306237301376
3.38375,-0.0170138712429991
3.383875,-0.0120306237301684
3.384,-3.44114520662484e-14
3.384125,0.0120306237301197
3.38425,0.0170138712429991
3.384375,0.0120306237301863
3.3845,5.97401637510784e-14
3.384625,-0.0120306237301456
3.38475,-0.0170138712429991
3.384875,-0.0120306237301604
3.385,-8.50688754359084e-14
3.385125,0.0120306237301277
3.38525,0.0170138712429991
3.385375,0.0120306237302221
3.3855,4.85014841121204e-14
3.385625,-0.0120306237301535
3.38575,-0.0170138712429991
3.385875,-0.0120306237301963
3.386,-1.19340927883325e-14
3.386125,0.0120306237301356
3.38625,0.0170138712429991
3.386375,0.0120306237301704
3.3865,3.72628044731625e-14
3.386625,-0.0120306237301177
3.38675,-0.0170138712429991
3.386875,-0.0120306237301883
3.387,-6.25915161579925e-14
3.387125,0.0120306237301436
3.38725,0.0170138712429991
3.387375,0.0120306237301625
3.3875,2.60241248342045e-14
3.387625,-0.0120306237301257
3.38775,-0.0170138712429991
3.387875,-0.0120306237301804
3.388,-5.13528365190345e-14
3.388125,0.0120306237301515
3.38825,0.0170138712429991
3.388375,0.0120306237301983
3.3885,1.47854451952465e-14
3.388625,-0.0120306237301336
3.38875,-0.0170138712429991
3.388875,-0.0120306237301724
3.389,-4.01141568800765e-14
3.389125,0.0120306237301157
3.38925,0.0170138712429991
3.389375,0.0120306237301903
3.3895,6.54428685649065e-14
3.389625,-0.0120306237301415
3.38975,-0.0170138712429991
3.389875,-0.0120306237302082
3.39,-2.88754772411185e-14
3.390125,0.0120306237301236
3.39025,0.0170138712429991
3.390375,0.0120306237301824
3.3905,5.42041889259485e-14
3.390625,-0.0120306237301495
3.39075,-0.0170138712429991
3.390875,-0.0120306237302003
3.391,-1.76367976021606e-14
3.391125,0.0120306237301316
3.39125,0.0170138712429991
3.391375,0.0120306237301744
3.3915,4.29655092869905e-14
3.391625,-0.0120306237301137
3.39175,-0.0170138712429991
3.391875,-0.0120306237301923
3.392,-6.82942209718205e-14
3.392125,0.0120306237301395
3.39225,0.0170138712429991
3.392375,0.0120306237302103
3.3925,3.17268296480326e-14
3.392625,-0.0120306237301216
3.39275,-0.0170138712429991
3.392875,-0.0120306237301844
3.393,-5.70555413328626e-14
3.393125,0.0120306237301475
3.39325,0.0170138712429991
3.393375,0.0120306237302023
3.3935,2.04881500090746e-14
3.393625,-0.0120306237301296
3.39375,-0.0170138712429991
3.393875,-0.0120306237301765
3.394,-4.58168616939046e-14
3.394125,0.0120306237301117
3.39425,0.0170138712429991
3.394375,0.0120306237301944
3.3945,7.11455733787346e-14
3.394625,-0.0120306237301375
3.39475,-0.0170138712429991
3.394875,-0.0120306237302123
3.395,-3.45781820549466e-14
3.395125,0.0120306237301634
3.39525,0.0170138712429991
3.395375,0.0120306237301864
3.3955,-1.98920926884136e-15
3.395625,-0.0120306237301455
3.39575,-0.0170138712429991
3.395875,-0.0120306237301606
3.396,-2.33395024159886e-14
3.396125,0.0120306237301276
3.39625,0.0170138712429991
3.396375,0.0120306237301785
3.3965,4.86682141008186e-14
3.396625,-0.0120306237301096
3.39675,-0.0170138712429991
3.396875,-0.0120306237301964
3.397,-7.39969257856486e-14
3.397125,0.0120306237301355
3.39725,0.0170138712429991
3.397375,0.0120306237302143
3.3975,3.74295344618606e-14
3.397625,-0.0120306237301614
3.39775,-0.0170138712429991
3.397875,-0.0120306237301884
3.398,-8.62143138072671e-16
3.398125,0.0120306237300997
3.39825,0.0170138712429991
3.398375,0.0120306237301626
3.3985,2.61908548229027e-14
3.398625,-0.0120306237301255
3.39875,-0.0170138712429991
3.398875,-0.0120306237301805
3.399,-5.15195665077326e-14
3.399125,0.0120306237301514
3.39925,0.0170138712429991
3.399375,0.0120306237301984
3.3995,1.49521751839447e-14
3.399625,-0.0120306237301335
3.39975,-0.0170138712429991
3.399875,-0.0120306237301725
3.4,-4.02808868687747e-14
3.400125,0.0120306237301593
3.40025,0.0170138712429991
3.400375,0.0120306237301904
3.4005,3.71349554498671e-15
3.400625,-0.0120306237300977
3.40075,-0.0170138712429991
3.400875,-0.0120306237301646
3.401,-2.90422072298167e-14
3.401125,0.0120306237301235
3.40125,0.0170138712429991
3.401375,0.0120306237301825
3.4015,5.43709189146467e-14
3.401625,-0.0120306237301494
3.40175,-0.0170138712429991
3.401875,-0.0120306237302004
3.402,-1.78035275908587e-14
3.402125,0.0120306237301315
3.40225,0.0170138712429991
3.402375,0.0120306237301746
3.4025,4.31322392756887e-14
3.402625,-0.0120306237301136
3.40275,-0.0170138712429991
3.402875,-0.0120306237301925
3.403,-6.56484795190074e-15
3.403125,0.0120306237301394
3.40325,0.0170138712429991
3.403375,0.0120306237301666
3.4035,3.18935596367307e-14
3.403625,-0.0120306237301215
3.40375,-0.0170138712429991
3.403875,-0.0120306237301845
3.404,-5.72222713215607e-14
3.404125,0.0120306237301474
3.40425,0.0170138712429991
3.404375,0.0120306237302024
3.4045,2.06548799977728e-14
3.404625,-0.0120306237301294
3.40475,-0.0170138712429991
3.404875,-0.0120306237301766
3.405,-4.59835916826027e-14
3.405125,0.0120306237301115
3.40525,0.0170138712429991
3.405375,0.0120306237301945
3.4055,9.41620035881478e-15
3.405625,-0.0120306237301374
3.40575,-0.0170138712429991
3.405875,-0.0120306237301686
3.406,-3.47449120436448e-14
3.406125,0.0120306237301195
3.40625,0.0170138712429991
3.406375,0.0120306237301865
3.4065,6.00736237284748e-14
3.406625,-0.0120306237301453
3.40675,-0.0170138712429991
3.406875,-0.0120306237302044
3.407,-2.35062324046868e-14
3.407125,0.0120306237301274
3.40725,0.0170138712429991
3.407375,0.0120306237301786
3.4075,-1.30611589191012e-14
3.407625,-0.0120306237301095
3.40775,-0.0170138712429991
3.407875,-0.0120306237301527
3.408,-7.41636557743468e-14
3.408125,0.0120306237301354
3.40825,0.0170138712429991
3.408375,0.0120306237301706
3.4085,3.75962644505588e-14
3.408625,-0.0120306237301175
3.40875,-0.0170138712429991
3.408875,-0.0120306237301886
3.409,-6.29249761353888e-14
3.409125,0.0120306237301433
3.40925,0.0170138712429991
3.409375,0.0120306237302065
3.4095,2.63575848116008e-14
3.409625,-0.0120306237301254
3.40975,-0.0170138712429991
3.409875,-0.0120306237301806
3.41,-5.16862964964308e-14
3.410125,0.0120306237301075
3.41025,0.0170138712429991
3.410375,0.0120306237301547
3.4105,7.70150081812608e-14
3.410625,-0.0120306237301334
3.41075,-0.0170138712429991
3.410875,-0.0120306237302164
3.411,-4.04476168574728e-14
3.411125,0.0120306237301592
3.41125,0.0170138712429991
3.411375,0.0120306237301906
3.4115,3.88022553368487e-15
3.411625,-0.0120306237301413
3.41175,-0.0170138712429991
3.411875,-0.0120306237301647
3.412,-2.92089372185149e-14
3.412125,0.0120306237301234
3.41225,0.0170138712429991
3.412375,0.0120306237301826
3.4125,5.45376489033448e-14
3.412625,-0.0120306237301055
3.41275,-0.0170138712429991
3.412875,-0.0120306237301568
3.413,-7.98663605881748e-14
3.413125,0.0120306237301313
3.41325,0.0170138712429991
3.413375,0.0120306237302184
3.4135,4.32989692643869e-14
3.413625,-0.0120306237301572
3.41375,-0.0170138712429991
3.413875,-0.0120306237301926
3.414,-6.73157794059891e-15
3.414125,0.0120306237301393
3.41425,0.0170138712429991
3.414375,0.0120306237301667
3.4145,3.20602896254289e-14
3.414625,-0.0120306237301214
3.41475,-0.0170138712429991
3.414875,-0.0120306237301846
3.415,-5.73890013102589e-14
3.415125,0.0120306237301472
3.41525,0.0170138712429991
3.415375,0.0120306237302025
3.4155,2.08216099864709e-14
3.415625,-0.0120306237301293
3.41575,-0.0170138712429991
3.415875,-0.0120306237301767
3.416,-4.61503216713009e-14
3.416125,0.0120306237301552
3.41625,0.0170138712429991
3.416375,0.0120306237301946
3.4165,9.58293034751294e-15
3.416625,-0.0120306237301373
3.41675,-0.0170138712429991
3.416875,-0.0120306237301687
3.417,-3.49116420323429e-14
3.417125,0.0120306237301194
3.41725,0.0170138712429991
3.417375,0.0120306237301867
3.4175,6.02403537171729e-14
3.417625,-0.0120306237301452
3.41775,-0.0170138712429991
3.417875,-0.0120306237302046
3.418,-2.3672962393385e-14
3.418125,0.0120306237301273
3.41825,0.0170138712429991
3.418375,0.0120306237301787
3.4185,4.90016740782149e-14
3.418625,-0.0120306237301532
3.41875,-0.0170138712429991
3.418875,-0.0120306237301966
3.419,-1.2434282754427e-14
3.419125,0.0120306237301353
3.41925,0.0170138712429991
3.419375,0.0120306237301708
3.4195,3.7762994439257e-14
3.419625,-0.0120306237301174
3.41975,-0.0170138712429991
3.419875,-0.0120306237301887
3.42,-6.3091706124087e-14
3.420125,0.0120306237301432
3.42025,0.0170138712429991
3.420375,0.0120306237302066
3.4205,2.6524314800299e-14
3.420625,-0.0120306237301253
3.42075,-0.0170138712429991
3.420875,-0.0120306237301807
3.421,-5.1853026485129e-14
3.421125,0.0120306237301512
3.42125,0.0170138712429991
3.421375,0.0120306237301986
3.4215,1.5285635161341e-14
3.421625,-0.0120306237301332
3.42175,-0.0170138712429991
3.421875,-0.0120306237301728
3.422,-4.0614346846171e-14
3.422125,0.0120306237301153
3.42225,0.0170138712429991
3.422375,0.0120306237301907
3.4225,6.5943058531001e-14
3.422625,-0.0120306237301412
3.42275,-0.0170138712429991
3.422875,-0.0120306237302086
3.423,-2.9375667207213e-14
3.423125,0.0120306237301671
3.42325,0.0170138712429991
3.423375,0.0120306237301827
3.4235,-7.19172411657494e-15
3.423625,-0.0120306237301054
3.42375,-0.0170138712429991
3.423875,-0.0120306237302006
3.424,-1.8136987568255e-14
3.424125,0.0120306237301312
3.42425,0.0170138712429991
3.424375,0.0120306237301748
3.4245,4.3465699253085e-14
3.424625,-0.0120306237301133
3.42475,-0.0170138712429991
3.424875,-0.0120306237301927
3.425,-6.8794410937915e-14
3.425125,0.0120306237301392
3.42525,0.0170138712429991
3.425375,0.0120306237302106
3.4255,3.22270196141271e-14
3.425625,-0.012030623730165
3.42575,-0.0170138712429991
3.425875,-0.0120306237301848
3.426,4.34037170966091e-15
3.426125,0.0120306237301034
3.42625,0.0170138712429991
3.426375,0.0120306237301589
3.4265,2.09883399751691e-14
3.426625,-0.0120306237301292
3.42675,-0.0170138712429991
3.426875,-0.0120306237301768
3.427,-4.63170516599991e-14
3.427125,0.0120306237301551
3.42725,0.0170138712429991
3.427375,0.0120306237301947
3.4275,9.7496603362111e-15
3.427625,-0.0120306237301372
3.42775,-0.0170138712429991
3.427875,-0.0120306237302126
3.428,-3.50783720210411e-14
3.428125,0.0120306237301193
3.42825,0.0170138712429991
3.428375,0.0120306237301868
3.4285,-1.48901930274687e-15
3.428625,-0.0120306237301013
3.42875,-0.0170138712429991
3.428875,-0.0120306237301609
3.429,-8.57357953907011e-14
3.429125,0.0120306237301272
3.42925,0.0170138712429991
3.429375,0.0120306237301788
3.4295,4.91684040669131e-14
3.429625,-0.0120306237301531
3.42975,-0.0170138712429991
3.429875,-0.0120306237301967
3.43,-1.26010127431251e-14
3.430125,0.0120306237301351
3.43025,0.0170138712429991
3.430375,0.0120306237301709
3.4305,3.79297244279551e-14
3.430625,-0.0120306237301172
3.43075,-0.0170138712429991
3.430875,-0.0120306237301888
3.431,-1.36233310416716e-15
3.431125,0.0120306237301431
3.43125,0.0170138712429991
3.431375,0.0120306237301629
3.4315,2.66910447889972e-14
3.431625,-0.0120306237301252
3.43175,-0.0170138712429991
3.431875,-0.0120306237301808
3.432,-5.20197564738271e-14
3.432125,0.012030623730151
3.43225,0.0170138712429991
3.432375,0.0120306237301987
3.4325,1.54523651500392e-14
3.432625,-0.0120306237301331
3.43275,-0.0170138712429991
3.432875,-0.0120306237301729
3.433,-4.07810768348692e-14
3.433125,0.0120306237301152
3.43325,0.0170138712429991
3.433375,0.0120306237301908
3.4335,6.61097885196991e-14
3.433625,-0.0120306237301411
3.43375,-0.0170138712429991
3.433875,-0.0120306237301649
3.434,-2.95423971959112e-14
3.434125,0.0120306237301232
3.43425,0.0170138712429991
3.434375,0.0120306237301829
3.4345,5.48711088807412e-14
3.434625,-0.012030623730149
3.43475,-0.0170138712429991
3.434875,-0.0120306237302008
3.435,-1.83037175569532e-14
3.435125,0.0120306237301311
3.43525,0.0170138712429991
3.435375,0.0120306237301749
3.4355,4.36324292417832e-14
3.435625,-0.0120306237301132
3.43575,-0.0170138712429991
3.435875,-0.0120306237301928
3.436,-6.89611409266132e-14
3.436125,0.0120306237301391
3.43625,0.0170138712429991
3.436375,0.0120306237302107
3.4365,3.23937496028252e-14
3.436625,-0.0120306237301212
3.43675,-0.0170138712429991
3.436875,-0.0120306237301849
3.437,-5.77224612876552e-14
3.437125,0.012030623730147
3.43725,0.0170138712429991
3.437375,0.0120306237302028
3.4375,2.11550699638672e-14
3.437625,-0.0120306237301291
3.43775,-0.0170138712429991
3.437875,-0.0120306237301769
3.438,-4.64837816486972e-14
3.438125,0.0120306237301112
3.43825,0.0170138712429991
3.438375,0.0120306237301511
3.4385,7.18124933335272e-14
3.438625,-0.012030623730137
3.43875,-0.0170138712429991
3.438875,-0.0120306237302127
3.439,-3.52451020097393e-14
3.439125,0.0120306237301629
3.43925,0.0170138712429991
3.439375,0.0120306237301869
3.4395,6.05738136945692e-14
3.439625,-0.012030623730145
3.43975,-0.0170138712429991
3.439875,-0.0120306237302048
3.44,-2.40064223707813e-14
3.440125,0.0120306237301271
3.44025,0.0170138712429991
3.440375,0.0120306237301789
3.4405,4.93351340556113e-14
3.440625,-0.0120306237301092
3.44075,-0.0170138712429991
3.440875,-0.0120306237301969
3.441,-7.46638457404413e-14
3.441125,0.012030623730135
3.44125,0.0170138712429991
3.441375,0.0120306237302148
3.4415,3.80964544166533e-14
3.441625,-0.0120306237301609
3.44175,-0.0170138712429991
3.441875,-0.0120306237301889
3.442,-1.52906309286533e-15
3.442125,0.012030623730143
3.44225,0.0170138712429991
3.442375,0.012030623730163
3.4425,2.68577747776953e-14
3.442625,-0.0120306237301251
3.44275,-0.0170138712429991
3.442875,-0.012030623730181
3.443,-5.21864864625253e-14
3.443125,0.0120306237301509
3.44325,0.0170138712429991
3.443375,0.0120306237301989
3.4435,7.75151981473553e-14
3.443625,-0.012030623730133
3.44375,-0.0170138712429991
3.443875,-0.0120306237302168
3.444,-4.09478068235673e-14
3.444125,0.0120306237301589
3.44425,0.0170138712429991
3.444375,0.0120306237301909
3.4445,4.38041549977936e-15
3.444625,-0.012030623730141
3.44475,-0.0170138712429991
3.444875,-0.0120306237301651
3.445,-2.97091271846093e-14
3.445125,0.012030623730123
3.44525,0.0170138712429991
3.445375,0.012030623730183
3.4455,5.50378388694393e-14
3.445625,-0.0120306237301489
3.44575,-0.0170138712429991
3.445875,-0.0120306237302009
3.446,-1.84704475456514e-14
3.446125,0.012030623730131
3.44625,0.0170138712429991
3.446375,0.012030623730175
3.4465,4.37991592304814e-14
3.446625,-0.0120306237301569
3.44675,-0.0170138712429991
3.446875,-0.0120306237301929
3.447,-7.2317679066934e-15
3.447125,0.0120306237301389
3.44725,0.0170138712429991
3.447375,0.0120306237301671
3.4475,3.25604795915234e-14
3.447625,-0.012030623730121
3.44775,-0.0170138712429991
3.447875,-0.012030623730185
3.448,-5.78891912763534e-14
3.448125,0.0120306237301469
3.44825,0.0170138712429991
3.448375,0.0120306237302029
3.4485,2.13217999525654e-14
3.448625,-0.012030623730129
3.44875,-0.0170138712429991
3.448875,-0.012030623730177
3.449,-4.66505116373954e-14
3.449125,0.0120306237301111
3.44925,0.0170138712429991
3.449375,0.012030623730195
3.4495,1.00831203136074e-14
3.449625,-0.0120306237301369
3.44975,-0.0170138712429991
3.449875,-0.0120306237301691
3.45,-3.54118319984374e-14
3.450125,0.012030623730119
3.45025,0.0170138712429991
3.450375,0.012030623730187
3.4505,6.07405436832674e-14
3.450625,-0.0120306237301449
3.45075,-0.0170138712429991
3.450875,-0.0120306237302049
3.451,-2.41731523594794e-14
3.451125,0.0120306237301707
3.45125,0.0170138712429991
3.451375,0.0120306237301791
3.4515,4.95018640443094e-14
3.451625,-0.0120306237301091
3.45175,-0.0170138712429991
3.451875,-0.012030623730197
3.452,-1.29344727205215e-14
3.452125,0.0120306237301349
3.45225,0.0170138712429991
3.452375,0.0120306237301711
3.4525,3.82631844053515e-14
3.452625,-0.012030623730117
3.45275,-0.0170138712429991
3.452875,-0.012030623730189
3.453,-6.35918960901814e-14
3.453125,0.0120306237301429
3.45325,0.0170138712429991
3.453375,0.0120306237302069
3.4535,2.70245047663935e-14
3.453625,-0.0120306237301249
3.45375,-0.0170138712429991
3.453875,-0.0120306237301811
3.454,9.54288655739449e-15
3.454125,0.012030623730107
3.45425,0.0170138712429991
3.454375,0.0120306237301552
3.4545,7.76819281360534e-14
3.454625,-0.0120306237301329
3.45475,-0.0170138712429991
3.454875,-0.0120306237301731
3.455,-4.11145368122655e-14
3.455125,0.012030623730115
3.45525,0.0170138712429991
3.455375,0.012030623730191
3.4555,6.64432484970955e-14
3.455625,-0.0120306237301408
3.45575,-0.0170138712429991
3.455875,-0.0120306237302089
3.456,-2.98758571733075e-14
3.456125,0.0120306237301229
3.45625,0.0170138712429991
3.456375,0.0120306237301831
3.4565,-6.69153415048045e-15
3.456625,-0.012030623730105
3.45675,-0.0170138712429991
3.456875,-0.0120306237301572
3.457,-8.05332805429675e-14
3.457125,0.0120306237301309
3.45725,0.0170138712429991
3.457375,0.0120306237301751
3.4575,4.39658892191795e-14
3.457625,-0.0120306237301567
3.45775,-0.0170138712429991
3.457875,-0.0120306237301931
3.458,-7.39849789539156e-15
3.458125,0.0120306237301388
3.45825,0.0170138712429991
3.458375,0.0120306237301672
3.4585,3.27272095802215e-14
3.458625,-0.0120306237301209
3.45875,-0.0170138712429991
3.458875,-0.0120306237301851
3.459,-5.80559212650515e-14
3.459125,0.012030623730103
3.45925,0.0170138712429991
3.459375,0.0120306237301593
3.4595,8.33846329498815e-14
3.459625,-0.0120306237301289
3.45975,-0.0170138712429991
3.459875,-0.0120306237302209
3.46,-4.68172416260936e-14
3.460125,0.0120306237301547
3.46025,0.0170138712429991
3.460375,0.0120306237301951
3.4605,1.02498503023056e-14
3.460625,-0.0120306237301368
3.46075,-0.0170138712429991
3.460875,-0.0120306237301692
3.461,-3.55785619871356e-14
3.461125,0.0120306237301189
3.46125,0.0170138712429991
3.461375,0.0120306237301871
3.4615,6.09072736719656e-14
3.461625,-0.0120306237301448
3.46175,-0.0170138712429991
3.461875,-0.012030623730205
3.462,-2.43398823481776e-14
3.462125,0.0120306237301268
3.46225,0.0170138712429991
3.462375,0.0120306237301792
3.4625,4.96685940330076e-14
3.462625,-0.0120306237301527
3.46275,-0.0170138712429991
3.462875,-0.0120306237301971
3.463,-1.31012027092196e-14
3.463125,0.0120306237301348
3.46325,0.0170138712429991
3.463375,0.0120306237301712
3.4635,3.84299143940496e-14
3.463625,-0.0120306237301169
3.46375,-0.0170138712429991
3.463875,-0.0120306237301891
3.464,-6.37586260788796e-14
3.464125,0.0120306237301427
3.46425,0.0170138712429991
3.464375,0.0120306237302071
3.4645,2.71912347550916e-14
3.464625,-0.0120306237301248
3.46475,-0.0170138712429991
3.464875,-0.0120306237301812
3.465,-5.25199464399216e-14
3.465125,0.0120306237301507
3.46525,0.0170138712429991
3.465375,0.0120306237301991
3.4655,1.59525551161337e-14
3.465625,-0.0120306237301328
3.46575,-0.0170138712429991
3.465875,-0.0120306237301732
3.466,-4.12812668009637e-14
3.466125,0.0120306237301149
3.46625,0.0170138712429991
3.466375,0.0120306237301912
3.4665,6.66099784857936e-14
3.466625,-0.0120306237301407
3.46675,-0.0170138712429991
3.466875,-0.0120306237302091
3.467,-3.00425871620057e-14
3.467125,0.0120306237301228
3.46725,0.0170138712429991
3.467375,0.0120306237301832
3.4675,5.53712988468357e-14
3.467625,-0.0120306237301487
3.46775,-0.0170138712429991
3.467875,-0.0120306237302011
3.468,-1.88039075230477e-14
3.468125,0.0120306237301308
3.46825,0.0170138712429991
3.468375,0.0120306237301753
3.4685,4.41326192078777e-14
3.468625,-0.0120306237301128
3.46875,-0.0170138712429991
3.468875,-0.0120306237301932
3.469,-6.94613308927077e-14
3.469125,0.0120306237301387
3.46925,0.0170138712429991
3.469375,0.0120306237302111
3.4695,3.28939395689197e-14
3.469625,-0.0120306237301646
3.46975,-0.0170138712429991
3.469875,-0.0120306237301852
3.47,3.67345175486825e-15
3.470125,0.0120306237301467
3.47025,0.0170138712429991
3.470375,0.0120306237301594
3.4705,2.16552599299617e-14
3.470625,-0.0120306237301287
3.47075,-0.0170138712429991
3.470875,-0.0120306237301773
3.471,-4.69839716147917e-14
3.471125,0.0120306237301108
3.47125,0.0170138712429991
3.471375,0.0120306237301952
3.4715,7.23126832996217e-14
3.471625,-0.0120306237301367
3.47175,-0.0170138712429991
3.471875,-0.0120306237302131
3.472,-3.57452919758337e-14
3.472125,0.0120306237301625
3.47225,0.0170138712429991
3.472375,0.0120306237301872
3.4725,-8.22099347954217e-16
3.472625,-0.0120306237301009
3.47275,-0.0170138712429991
3.472875,-0.0120306237301614
3.473,-2.45066123368758e-14
3.473125,0.0120306237301267
3.47325,0.0170138712429991
3.473375,0.0120306237301793
3.4735,4.98353240217058e-14
3.473625,-0.0120306237301526
3.47375,-0.0170138712429991
3.473875,-0.0120306237301972
3.474,-1.32679326979178e-14
3.474125,0.0120306237301347
3.47425,0.0170138712429991
3.474375,0.0120306237301713
3.4745,3.85966443827478e-14
3.474625,-0.0120306237301168
3.47475,-0.0170138712429991
3.474875,-0.0120306237301893
3.475,-2.02925305895982e-15
3.475125,0.0120306237300989
3.47525,0.0170138712429991
3.475375,0.0120306237301634
3.4755,2.73579647437898e-14
3.475625,-0.0120306237301247
3.47575,-0.0170138712429991
3.475875,-0.0120306237301813
3.476,-5.26866764286198e-14
3.476125,0.0120306237301506
3.47625,0.0170138712429991
3.476375,0.0120306237301992
3.4765,1.61192851048318e-14
3.476625,-0.0120306237301327
3.47675,-0.0170138712429991
3.476875,-0.0120306237301734
3.477,-4.14479967896618e-14
3.477125,0.0120306237301147
3.47725,0.0170138712429991
3.477375,0.0120306237301913
3.4775,4.88060546587385e-15
3.477625,-0.0120306237301406
3.47775,-0.0170138712429991
3.477875,-0.0120306237301654
3.478,-3.02093171507038e-14
3.478125,0.0120306237301227
3.47825,0.0170138712429991
3.478375,0.0120306237301833
3.4785,5.55380288355338e-14
3.478625,-0.0120306237301486
3.47875,-0.0170138712429991
3.478875,-0.0120306237302012
3.479,-1.89706375117459e-14
3.479125,0.0120306237301306
3.47925,0.0170138712429991
3.479375,0.0120306237301754
3.4795,4.42993491965759e-14
3.479625,-0.0120306237301127
3.47975,-0.0170138712429991
3.479875,-0.0120306237301933
3.48,-6.96280608814058e-14
3.480125,0.0120306237301386
3.48025,0.0170138712429991
3.480375,0.0120306237301674
3.4805,3.30606695576179e-14
3.480625,-0.0120306237301207
3.48075,-0.0170138712429991
3.480875,-0.0120306237301853
3.481,-5.83893812424479e-14
3.481125,0.0120306237301465
3.48125,0.0170138712429991
3.481375,0.0120306237302033
3.4815,2.18219899186599e-14
3.481625,-0.0120306237301286
3.48175,-0.0170138712429991
3.481875,-0.0120306237301774
3.482,1.47454014051281e-14
3.482125,0.0120306237301107
3.48225,0.0170138712429991
3.482375,0.0120306237301515
3.4825,7.24794132883199e-14
3.482625,-0.0120306237301366
3.48275,-0.0170138712429991
3.482875,-0.0120306237301694
3.483,-3.59120219645319e-14
3.483125,0.0120306237301187
3.48325,0.0170138712429991
3.483375,0.0120306237301874
3.4835,6.12407336493619e-14
3.483625,-0.0120306237301445
3.48375,-0.0170138712429991
3.483875,-0.0120306237302053
3.484,-2.46733423255739e-14
3.484125,0.0120306237301266
3.48425,0.0170138712429991
3.484375,0.0120306237301794
3.4845,5.00020540104039e-14
3.484625,-0.0120306237301087
3.48475,-0.0170138712429991
3.484875,-0.0120306237301536
3.485,-7.53307656952339e-14
3.485125,0.0120306237301346
3.48525,0.0170138712429991
3.485375,0.0120306237302152
3.4855,3.8763374371446e-14
3.485625,-0.0120306237301604
3.48575,-0.0170138712429991
3.485875,-0.0120306237301894
3.486,-2.19598304765798e-15
3.486125,0.0120306237301425
3.48625,0.0170138712429991
3.486375,0.0120306237302073
3.4865,2.7524694732488e-14
3.486625,-0.0120306237301246
3.48675,-0.0170138712429991
3.486875,-0.0120306237301814
3.487,-5.2853406417318e-14
3.487125,0.0120306237301067
3.48725,0.0170138712429991
3.487375,0.0120306237301993
3.4875,7.8182118102148e-14
3.487625,-0.0120306237301325
3.48775,-0.0170138712429991
3.487875,-0.0120306237302172
3.488,-4.161472677836e-14
3.488125,0.0120306237301584
3.48825,0.0170138712429991
3.488375,0.0120306237301914
3.4885,5.04733545457202e-15
3.488625,-0.0120306237301405
3.48875,-0.0170138712429991
3.488875,-0.0120306237301655
3.489,-3.0376047139402e-14
3.489125,0.0120306237301226
3.48925,0.0170138712429991
3.489375,0.0120306237301834
3.4895,5.5704758824232e-14
3.489625,-0.0120306237301484
3.48975,-0.0170138712429991
3.489875,-0.0120306237302014
3.49,-1.9137367500444e-14
3.490125,0.0120306237301305
3.49025,0.0170138712429991
3.490375,0.0120306237302193
3.4905,4.4466079185274e-14
3.490625,-0.0120306237301564
3.49075,-0.0170138712429991
3.490875,-0.0120306237301934
3.491,-7.89868786148605e-15
3.491125,0.0120306237301385
3.49125,0.0170138712429991
3.491375,0.0120306237301676
3.4915,3.3227399546316e-14
3.491625,-0.0120306237301206
3.49175,-0.0170138712429991
3.491875,-0.0120306237301855
3.492,-5.8556111231146e-14
3.492125,0.0120306237301464
3.49225,0.0170138712429991
3.492375,0.0120306237302034
3.4925,2.19887199073581e-14
3.492625,-0.0120306237301285
3.49275,-0.0170138712429991
3.492875,-0.0120306237301775
3.493,-4.73174315921881e-14
3.493125,0.0120306237301544
3.49325,0.0170138712429991
3.493375,0.0120306237301954
3.4935,1.07500402684001e-14
3.493625,-0.0120306237301365
3.49375,-0.0170138712429991
3.493875,-0.0120306237301696
3.494,-3.60787519532301e-14
3.494125,0.0120306237301185
3.49425,0.0170138712429991
3.494375,0.0120306237301875
3.4945,6.14074636380601e-14
3.494625,-0.0120306237301444
3.49475,-0.0170138712429991
3.494875,-0.0120306237302054
3.495,-2.48400723142721e-14
3.495125,0.0120306237301265
3.49525,0.0170138712429991
3.495375,0.0120306237301795
3.4955,5.01687839991021e-14
3.495625,-0.0120306237301523
3.49575,-0.0170138712429991
3.495875,-0.0120306237301974
3.496,-1.36013926753141e-14
3.496125,0.0120306237301344
3.49625,0.0170138712429991
3.496375,0.0120306237301716
3.4965,3.89301043601441e-14
3.496625,-0.0120306237301165
3.49675,-0.0170138712429991
3.496875,-0.0120306237301895
3.497,-6.42588160449741e-14
3.497125,0.0120306237301424
3.49725,0.0170138712429991
3.497375,0.0120306237302074
3.4975,2.76914247211861e-14
3.497625,-0.0120306237301682
3.49775,-0.0170138712429991
3.497875,-0.0120306237301815
3.498,8.87596660260183e-15
3.498125,0.0120306237301066
3.49825,0.0170138712429991
3.498375,0.0120306237301995
3.4985,1.64527450822282e-14
3.498625,-0.0120306237301324
3.49875,-0.0170138712429991
3.498875,-0.0120306237301736
3.499,-4.17814567670581e-14
3.499125,0.0120306237301145
3.49925,0.0170138712429991
3.499375,0.0120306237301915
3.4995,6.71101684518881e-14
3.499625,-0.0120306237301404
3.49975,-0.0170138712429991
3.499875,-0.0120306237302094
3.5,-3.05427771281002e-14
3.500125,0.0120306237301225
3.50025,0.0170138712429991
3.500375,0.0120306237301836
3.5005,-6.0246141956878e-15
3.500625,-0.0120306237301045
3.50075,-0.0170138712429991
3.500875,-0.0120306237301577
3.501,-1.93040974891422e-14
3.501125,0.0120306237301304
3.50125,0.0170138712429991
3.501375,0.0120306237301756
3.5015,4.46328091739722e-14
3.501625,-0.0120306237301563
3.50175,-0.0170138712429991
3.501875,-0.0120306237301935
3.502,-6.99615208588022e-14
3.502125,0.0120306237301384
3.50225,0.0170138712429991
3.502375,0.0120306237302114
3.5025,3.33941295350142e-14
3.502625,-0.0120306237301204
3.50275,-0.0170138712429991
3.502875,-0.0120306237301856
3.503,3.17326178877376e-15
3.503125,0.0120306237301025
3.50325,0.0170138712429991
3.503375,0.0120306237301597
3.5035,8.40515529046742e-14
3.503625,-0.0120306237301284
3.50375,-0.0170138712429991
3.503875,-0.0120306237301776
3.504,-4.74841615808862e-14
3.504125,0.0120306237301542
3.50425,0.0170138712429991
3.504375,0.0120306237301955
3.5045,1.09167702570983e-14
3.504625,-0.0120306237301363
3.50475,-0.0170138712429991
3.504875,-0.0120306237301697
3.505,-3.62454819419282e-14
3.505125,0.0120306237301184
3.50525,0.0170138712429991
3.505375,0.0120306237301876
3.5055,6.15741936267582e-14
3.505625,-0.0120306237301443
3.50575,-0.0170138712429991
3.505875,-0.0120306237301617
3.506,-8.69029053115882e-14
3.506125,0.0120306237301264
3.50625,0.0170138712429991
3.506375,0.0120306237302234
3.5065,5.03355139878003e-14
3.506625,-0.0120306237301522
3.50675,-0.0170138712429991
3.506875,-0.0120306237301976
3.507,-1.37681226640123e-14
3.507125,0.0120306237301343
3.50725,0.0170138712429991
3.507375,0.0120306237301717
3.5075,3.90968343488423e-14
3.507625,-0.0120306237301164
3.50775,-0.0170138712429991
3.507875,-0.0120306237301896
3.508,-6.44255460336723e-14
3.508125,0.0120306237301423
3.50825,0.0170138712429991
3.508375,0.0120306237301638
3.5085,2.78581547098843e-14
3.508625,-0.0120306237301244
3.50875,-0.0170138712429991
3.508875,-0.0120306237301817
3.509,-5.31868663947143e-14
3.509125,0.0120306237301502
3.50925,0.0170138712429991
3.509375,0.0120306237301996
3.5095,1.66194750709263e-14
3.509625,-0.0120306237301323
3.50975,-0.0170138712429991
3.509875,-0.0120306237301737
3.51,-4.19481867557563e-14
3.510125,0.0120306237301144
3.51025,0.0170138712429991
3.510375,0.0120306237301916
3.5105,6.72768984405863e-14
3.510625,-0.0120306237301403
3.51075,-0.0170138712429991
3.510875,-0.0120306237302095
3.511,-3.07095071167983e-14
3.511125,0.0120306237301223
3.51125,0.0170138712429991
3.511375,0.0120306237301837
3.5115,5.60382188016283e-14
3.511625,-0.0120306237301482
3.51175,-0.0170138712429991
3.511875,-0.0120306237302016
3.512,-1.94708274778404e-14
3.512125,0.0120306237301303
3.51225,0.0170138712429991
3.512375,0.0120306237301757
3.5125,4.47995391626703e-14
3.512625,-0.0120306237301124
3.51275,-0.0170138712429991
3.512875,-0.0120306237301936
3.513,-7.01282508475003e-14
3.513125,0.0120306237301382
3.51325,0.0170138712429991
3.513375,0.0120306237302116
3.5135,3.35608595237124e-14
3.513625,-0.0120306237301641
3.51375,-0.0170138712429991
3.513875,-0.0120306237301857
3.514,-5.88895712085424e-14
3.514125,0.0120306237301462
3.51425,0.0170138712429991
3.514375,0.0120306237302036
3.5145,2.23221798847544e-14
3.514625,-0.0120306237301283
3.51475,-0.0170138712429991
3.514875,-0.0120306237301778
3.515,-4.76508915695844e-14
3.515125,0.0120306237301104
3.51525,0.0170138712429991
3.515375,0.0120306237301957
3.5155,7.29796032544144e-14
3.515625,-0.0120306237301362
3.51575,-0.0170138712429991
3.515875,-0.0120306237302136
3.516,-3.64122119306264e-14
3.516125,0.0120306237301621
3.51625,0.0170138712429991
3.516375,0.0120306237301877
3.5165,-1.55179393161561e-16
3.516625,-0.0120306237301442
3.51675,-0.0170138712429991
3.516875,-0.0120306237301619
3.517,-2.51735322916684e-14
3.517125,0.0120306237301263
3.51725,0.0170138712429991
3.517375,0.0120306237301798
3.5175,5.05022439764984e-14
3.517625,-0.0120306237301083
3.51775,-0.0170138712429991
3.517875,-0.0120306237301977
3.518,-7.58309556613284e-14
3.518125,0.0120306237301342
3.51825,0.0170138712429991
3.518375,0.0120306237302156
3.5185,3.92635643375404e-14
3.518625,-0.0120306237301601
3.51875,-0.0170138712429991
3.518875,-0.0120306237301897
3.519,-2.69617301375247e-15
3.519125,0.0120306237300984
3.51925,0.0170138712429991
3.519375,0.0120306237301639
3.5195,2.80248846985825e-14
3.519625,-0.0120306237301242
3.51975,-0.0170138712429991
3.519875,-0.0120306237301818
3.52,-5.33535963834124e-14
3.520125,0.0120306237301501
3.52025,0.0170138712429991
3.520375,0.0120306237301997
3.5205,1.67862050596245e-14
3.520625,-0.0120306237301322
3.52075,-0.0170138712429991
3.520875,-0.0120306237301738
3.521,-4.21149167444545e-14
3.521125,0.012030623730158
3.52125,0.0170138712429991
3.521375,0.0120306237301917
3.5215,5.54752542066651e-15
3.521625,-0.0120306237300964
3.52175,-0.0170138712429991
3.521875,-0.0120306237301659
3.522,-3.08762371054965e-14
3.522125,0.0120306237301222
3.52225,0.0170138712429991
3.522375,0.0120306237301838
3.5225,5.62049487903265e-14
3.522625,-0.0120306237301481
3.52275,-0.0170138712429991
3.522875,-0.0120306237302017
3.523,-1.96375574665385e-14
3.523125,0.0120306237301302
3.52325,0.0170138712429991
3.523375,0.0120306237301759
3.5235,4.49662691513685e-14
3.523625,-0.0120306237301123
3.52375,-0.0170138712429991
3.523875,-0.0120306237301938
3.524,-8.39887782758054e-15
3.524125,0.0120306237301381
3.52425,0.0170138712429991
3.524375,0.0120306237301679
3.5245,3.37275895124105e-14
3.524625,-0.0120306237301202
3.52475,-0.0170138712429991
3.524875,-0.0120306237301858
3.525,-5.90563011972405e-14
3.525125,0.0120306237301461
3.52525,0.0170138712429991
3.525375,0.0120306237302037
3.5255,2.24889098734526e-14
3.525625,-0.0120306237301282
3.52575,-0.0170138712429991
3.525875,-0.0120306237301779
3.526,-4.78176215582825e-14
3.526125,0.0120306237301102
3.52625,0.0170138712429991
3.526375,0.0120306237301958
3.5265,1.12502302344946e-14
3.526625,-0.0120306237301361
3.52675,-0.0170138712429991
3.526875,-0.0120306237301699
3.527,-3.65789419193246e-14
3.527125,0.0120306237301182
3.52725,0.0170138712429991
3.527375,0.0120306237301878
3.5275,6.19076536041545e-14
3.527625,-0.012030623730144
3.52775,-0.0170138712429991
3.527875,-0.0120306237302057
3.528,-2.53402622803666e-14
3.528125,0.0120306237301261
3.52825,0.0170138712429991
3.528375,0.0120306237301799
3.5285,-1.12271290434214e-14
3.528625,-0.0120306237301082
3.52875,-0.0170138712429991
3.528875,-0.012030623730154
3.529,-7.59976856500266e-14
3.529125,0.0120306237301341
3.52925,0.0170138712429991
3.529375,0.0120306237301719
3.5295,3.94302943262386e-14
3.529625,-0.0120306237301162
3.52975,-0.0170138712429991
3.529875,-0.0120306237301898
3.53,-6.47590060110686e-14
3.530125,0.012030623730142
3.53025,0.0170138712429991
3.530375,0.0120306237302078
3.5305,2.81916146872806e-14
3.530625,-0.0120306237301241
3.53075,-0.0170138712429991
3.530875,-0.0120306237301819
3.531,-5.35203263721106e-14
3.531125,0.0120306237301062
3.53125,0.0170138712429991
3.531375,0.012030623730156
3.5315,7.88490380569406e-14
3.531625,-0.0120306237301321
3.53175,-0.0170138712429991
3.531875,-0.0120306237302177
3.532,-4.22816467331526e-14
3.532125,0.0120306237301579
3.53225,0.0170138712429991
3.532375,0.0120306237301919
3.5325,5.71425540936467e-15
3.532625,-0.01203062373014
3.53275,-0.0170138712429991
3.532875,-0.012030623730166
3.533,-3.10429670941947e-14
3.533125,0.0120306237301221
3.53325,0.0170138712429991
3.533375,0.0120306237301839
3.5335,5.63716787790247e-14
3.533625,-0.0120306237301042
3.53375,-0.0170138712429991
3.533875,-0.0120306237301581
3.534,-8.17003904638546e-14
3.534125,0.0120306237301301
3.53425,0.0170138712429991
3.534375,0.0120306237302197
3.5345,4.51329991400667e-14
3.534625,-0.0120306237301559
3.53475,-0.0170138712429991
3.534875,-0.0120306237301939
3.535,-8.56560781627871e-15
3.535125,0.012030623730138
3.53525,0.0170138712429991
3.535375,0.012030623730168
3.5355,3.38943195011087e-14
3.535625,-0.0120306237301201
3.53575,-0.0170138712429991
3.535875,-0.0120306237301859
3.536,-5.92230311859387e-14
3.536125,0.0120306237301459
3.53625,0.0170138712429991
3.536375,0.0120306237302038
3.5365,2.26556398621507e-14
3.536625,-0.012030623730128
3.53675,-0.0170138712429991
3.536875,-0.012030623730178
3.537,-4.79843515469807e-14
3.537125,0.0120306237301539
3.53725,0.0170138712429991
3.537375,0.0120306237301959
3.5375,1.14169602231927e-14
3.537625,-0.012030623730136
3.53775,-0.0170138712429991
3.537875,-0.01203062373017
3.538,-3.67456719080227e-14
3.538125,0.0120306237301181
3.53825,0.0170138712429991
3.538375,0.0120306237301879
3.5385,6.20743835928527e-14
3.538625,-0.0120306237301439
3.53875,-0.0170138712429991
3.538875,-0.0120306237302059
3.539,-2.55069922690648e-14
3.539125,0.012030623730126
3.53925,0.0170138712429991
3.539375,0.01203062373018
3.5395,5.08357039538947e-14
3.539625,-0.0120306237301519
3.53975,-0.0170138712429991
3.539875,-0.0120306237301979
3.54,-1.42683126301068e-14
3.540125,0.012030623730134
3.54025,0.0170138712429991
3.540375,0.0120306237301721
3.5405,3.95970243149368e-14
3.540625,-0.0120306237301161
3.54075,-0.0170138712429991
3.540875,-0.01203062373019
3.541,-6.49257359997668e-14
3.541125,0.0120306237301419
3.54125,0.0170138712429991
3.541375,0.0120306237302079
3.5415,2.83583446759788e-14
3.541625,-0.012030623730124
3.54175,-0.0170138712429991
3.541875,-0.012030623730182
3.542,-5.36870563608088e-14
3.542125,0.0120306237301499
3.54225,0.0170138712429991
3.542375,0.0120306237301999
3.5425,1.71196650370208e-14
3.542625,-0.012030623730132
3.54275,-0.0170138712429991
3.542875,-0.0120306237301741
3.543,-4.24483767218508e-14
3.543125,0.012030623730114
3.54325,0.0170138712429991
3.543375,0.012030623730192
3.5435,6.77770884066808e-14
3.543625,-0.0120306237301399
3.54375,-0.0170138712429991
3.543875,-0.0120306237302099
3.544,-3.12096970828928e-14
3.544125,0.0120306237301658
3.54425,0.0170138712429991
3.544375,0.012030623730184
3.5445,-5.35769424089514e-15
3.544625,-0.0120306237301041
3.54475,-0.0170138712429991
3.544875,-0.0120306237301582
3.545,-1.99710174439348e-14
3.545125,0.0120306237301299
3.54525,0.0170138712429991
3.545375,0.0120306237301761
3.5455,4.52997291287648e-14
3.545625,-0.012030623730112
3.54575,-0.0170138712429991
3.545875,-0.012030623730194
3.546,-7.06284408135948e-14
3.546125,0.0120306237301379
3.54625,0.0170138712429991
3.546375,0.0120306237302119
3.5465,3.40610494898069e-14
3.546625,-0.0120306237301637
3.54675,-0.0170138712429991
3.546875,-0.0120306237301861
3.547,2.5063418339811e-15
3.547125,0.0120306237301021
3.54725,0.0170138712429991
3.547375,0.0120306237301602
3.5475,2.28223698508489e-14
3.547625,-0.0120306237301279
3.54775,-0.0170138712429991
3.547875,-0.0120306237301781
3.548,-4.81510815356789e-14
3.548125,0.0120306237301538
3.54825,0.0170138712429991
3.548375,0.012030623730196
3.5485,1.15836902118909e-14
3.548625,-0.0120306237301359
3.54875,-0.0170138712429991
3.548875,-0.0120306237302139
3.549,-3.69124018967209e-14
3.549125,0.012030623730118
3.54925,0.0170138712429991
3.549375,0.0120306237301881
3.5495,3.45010572932931e-16
3.549625,-0.0120306237301
3.54975,-0.0170138712429991
3.549875,-0.0120306237301622
3.55,-8.75698252663809e-14
3.550125,0.0120306237301259
3.55025,0.0170138712429991
3.550375,0.0120306237301801
3.5505,5.10024339425929e-14
3.550625,-0.0120306237301518
3.55075,-0.0170138712429991
3.550875,-0.012030623730198
3.551,-1.44350426188049e-14
3.551125,0.0120306237301338
3.55125,0.0170138712429991
3.551375,0.0120306237301722
3.5515,3.97637543036349e-14
3.551625,-0.0120306237301159
3.55175,-0.0170138712429991
3.551875,-0.0120306237301901
3.552,-3.19636297984697e-15
3.552125,0.0120306237301418
3.55225,0.0170138712429991
3.552375,0.0120306237301642
3.5525,2.8525074664677e-14
3.552625,-0.0120306237301239
3.55275,-0.0170138712429991
3.552875,-0.0120306237301821
3.553,-5.38537863495069e-14
3.553125,0.0120306237301497
3.55325,0.0170138712429991
3.553375,0.0120306237302
3.5535,1.7286395025719e-14
3.553625,-0.0120306237301318
3.55375,-0.0170138712429991
3.553875,-0.0120306237301742
3.554,-4.2615106710549e-14
3.554125,0.0120306237301139
3.55425,0.0170138712429991
3.554375,0.0120306237301921
3.5545,6.79438183953789e-14
3.554625,-0.0120306237301398
3.55475,-0.0170138712429991
3.554875,-0.0120306237301662
3.555,-3.1376427071591e-14
3.555125,0.0120306237301219
3.55525,0.0170138712429991
3.555375,0.0120306237301842
3.5555,5.6705138756421e-14
3.555625,-0.0120306237301477
3.55575,-0.0170138712429991
3.555875,-0.0120306237302021
3.556,-2.0137747432633e-14
3.556125,0.0120306237301298
3.55625,0.0170138712429991
3.556375,0.0120306237301762
3.5565,4.5466459117463e-14
3.556625,-0.0120306237301119
3.55675,-0.0170138712429991
3.556875,-0.0120306237301941
3.557,-7.0795170802293e-14
3.557125,0.0120306237301378
3.55725,0.0170138712429991
3.557375,0.012030623730212
3.5575,3.4227779478505e-14
3.557625,-0.0120306237301199
3.55775,-0.0170138712429991
3.557875,-0.0120306237301862
3.558,-5.9556491163335e-14
3.558125,0.0120306237301457
3.55825,0.0170138712429991
3.558375,0.0120306237302041
3.5585,2.2989099839547e-14
3.558625,-0.0120306237301278
3.55875,-0.0170138712429991
3.558875,-0.0120306237301782
3.559,-4.8317811524377e-14
3.559125,0.0120306237301099
3.55925,0.0170138712429991
3.559375,0.0120306237301524
3.5595,7.3646523209207e-14
3.559625,-0.0120306237301357
3.55975,-0.0170138712429991
3.559875,-0.012030623730214
3.56,-3.70791318854191e-14
3.560125,0.0120306237301616
3.56025,0.0170138712429991
3.560375,0.0120306237301882
3.5605,5.11740561631094e-16
3.560625,-0.0120306237301437
3.56075,-0.0170138712429991
3.560875,-0.0120306237302061
3.561,-2.58404522464611e-14
3.561125,0.0120306237301258
3.56125,0.0170138712429991
3.561375,0.0120306237301802
3.5615,5.11691639312911e-14
3.561625,-0.0120306237301079
3.56175,-0.0170138712429991
3.561875,-0.0120306237301981
3.562,-7.64978756161211e-14
3.562125,0.0120306237301337
3.56225,0.0170138712429991
3.562375,0.0120306237302161
3.5625,3.99304842923331e-14
3.562625,-0.0120306237301596
3.56275,-0.0170138712429991
3.562875,-0.0120306237301902
3.563,-3.36309296854513e-15
3.563125,0.0120306237301417
3.56325,0.0170138712429991
3.563375,0.0120306237301643
3.5635,2.86918046533751e-14
3.563625,-0.0120306237301238
3.56375,-0.0170138712429991
3.563875,-0.0120306237301823
3.564,-5.40205163382051e-14
3.564125,0.0120306237301496
3.56425,0.0170138712429991
3.564375,0.0120306237302002
3.5645,7.93492280230351e-14
3.564625,-0.0120306237301317
3.56475,-0.0170138712429991
3.564875,-0.0120306237302181
3.565,-4.27818366992471e-14
3.565125,0.0120306237301576
3.56525,0.0170138712429991
3.565375,0.0120306237301922
3.5655,6.21444537545916e-15
3.565625,-0.0120306237301397
3.56575,-0.0170138712429991
3.565875,-0.0120306237301664
3.566,-3.15431570602892e-14
3.566125,0.0120306237301218
3.56625,0.0170138712429991
3.566375,0.0120306237301843
3.5665,5.68718687451191e-14
3.566625,-0.0120306237301476
3.56675,-0.0170138712429991
3.566875,-0.0120306237302022
3.567,-2.03044774213312e-14
3.567125,0.0120306237301297
3.56725,0.0170138712429991
3.567375,0.0120306237301763
3.5675,4.56331891061612e-14
3.567625,-0.0120306237301556
3.56775,-0.0170138712429991
3.567875,-0.0120306237301942
3.568,-9.0657977823732e-15
3.568125,0.0120306237301376
3.56825,0.0170138712429991
3.568375,0.0120306237301684
3.5685,3.43945094672032e-14
3.568625,-0.0120306237301197
3.56875,-0.0170138712429991
3.568875,-0.0120306237301863
3.569,-5.97232211520332e-14
3.569125,0.0120306237301456
3.56925,0.0170138712429991
3.569375,0.0120306237302042
3.5695,2.31558298282452e-14
3.569625,-0.0120306237301277
3.56975,-0.0170138712429991
3.569875,-0.0120306237301783
3.57,-4.84845415130752e-14
3.570125,0.0120306237301098
3.57025,0.0170138712429991
3.570375,0.0120306237301962
3.5705,1.19171501892872e-14
3.570625,-0.0120306237301356
3.57075,-0.0170138712429991
3.570875,-0.0120306237301704
3.571,-3.72458618741172e-14
3.571125,0.0120306237301177
3.57125,0.0170138712429991
3.571375,0.0120306237301883
3.5715,6.25745735589472e-14
3.571625,-0.0120306237301436
3.57175,-0.0170138712429991
3.571875,-0.0120306237302062
3.572,-2.60071822351592e-14
3.572125,0.0120306237301694
3.57225,0.0170138712429991
3.572375,0.0120306237301804
3.5725,5.13358939199892e-14
3.572625,-0.0120306237301078
3.57275,-0.0170138712429991
3.572875,-0.0120306237301983
3.573,-1.47685025962013e-14
3.573125,0.0120306237301336
3.57325,0.0170138712429991
3.573375,0.0120306237301724
3.5735,4.00972142810313e-14
3.573625,-0.0120306237301157
3.57375,-0.0170138712429991
3.573875,-0.0120306237301903
3.574,-6.54259259658612e-14
3.574125,0.0120306237301416
3.57425,0.0170138712429991
3.574375,0.0120306237302082
3.5745,2.88585346420733e-14
3.574625,-0.0120306237301236
3.57475,-0.0170138712429991
3.574875,-0.0120306237301824
3.575,7.70885668171468e-15
3.575125,0.0120306237301057
3.57525,0.0170138712429991
3.575375,0.0120306237301565
3.5755,7.95159580117333e-14
3.575625,-0.0120306237301316
3.57575,-0.0170138712429991
3.575875,-0.0120306237301744
3.576,-4.29485666879453e-14
3.576125,0.0120306237301575
3.57625,0.0170138712429991
3.576375,0.0120306237301923
3.5765,6.82772783727753e-14
3.576625,-0.0120306237301395
3.57675,-0.0170138712429991
3.576875,-0.0120306237302102
3.577,-3.17098870489873e-14
3.577125,0.0120306237301216
3.57725,0.0170138712429991
3.577375,0.0120306237301844
3.5775,-4.85750427480065e-15
3.577625,-0.0120306237301037
3.57775,-0.0170138712429991
3.577875,-0.0120306237301585
3.578,-8.23673104186473e-14
3.578125,0.0120306237301296
3.57825,0.0170138712429991
3.578375,0.0120306237301764
3.5785,4.57999190948593e-14
3.578625,-0.0120306237301554
3.57875,-0.0170138712429991
3.578875,-0.0120306237301944
3.579,-9.23252777107136e-15
3.579125,0.0120306237301375
3.57925,0.0170138712429991
3.579375,0.0120306237301685
3.5795,3.45612394559014e-14
3.579625,-0.0120306237301196
3.57975,-0.0170138712429991
3.579875,-0.0120306237301864
3.58,-5.98899511407313e-14
3.580125,0.0120306237301017
3.58025,0.0170138712429991
3.580375,0.0120306237301605
3.5805,8.52186628255613e-14
3.580625,-0.0120306237301276
3.58075,-0.0170138712429991
3.580875,-0.0120306237302222
3.581,-4.86512715017734e-14
3.581125,0.0120306237301534
3.58125,0.0170138712429991
3.581375,0.0120306237301964
3.5815,1.20838801779854e-14
3.581625,-0.0120306237301355
3.58175,-0.0170138712429991
3.581875,-0.0120306237301705
3.582,-3.74125918628154e-14
3.582125,0.0120306237301176
3.58225,0.0170138712429991
3.582375,0.0120306237301884
3.5825,6.27413035476454e-14
3.582625,-0.0120306237301435
3.58275,-0.0170138712429991
3.582875,-0.0120306237302063
3.583,-2.61739122238574e-14
3.583125,0.0120306237301255
3.58325,0.0170138712429991
3.583375,0.0120306237301805
3.5835,5.15026239086874e-14
3.583625,-0.0120306237301514
3.58375,-0.0170138712429991
3.583875,-0.0120306237301984
3.584,-1.49352325848994e-14
3.584125,0.0120306237301335
3.58425,0.0170138712429991
3.584375,0.0120306237301725
3.5845,4.02639442697294e-14
3.584625,-0.0120306237301156
3.58475,-0.0170138712429991
3.584875,-0.0120306237301904
3.585,-6.55926559545594e-14
3.585125,0.0120306237301414
3.58525,0.0170138712429991
3.585375,0.0120306237302083
3.5855,2.90252646307714e-14
3.585625,-0.0120306237301235
3.58575,-0.0170138712429991
3.585875,-0.0120306237301825
3.586,-5.43539763156014e-14
3.586125,0.0120306237301494
3.58625,0.0170138712429991
3.586375,0.0120306237302004
3.5865,1.77865849918135e-14
3.586625,-0.0120306237301315
3.58675,-0.0170138712429991
3.586875,-0.0120306237301745
3.587,-4.31152966766435e-14
3.587125,0.0120306237301136
3.58725,0.0170138712429991
3.587375,0.0120306237301925
3.5875,6.84440083614735e-14
3.587625,-0.0120306237301394
3.58775,-0.0170138712429991
3.587875,-0.0120306237302104
3.588,-3.18766170376855e-14
3.588125,0.0120306237301215
3.58825,0.0170138712429991
3.588375,0.0120306237301845
3.5885,5.72053287225155e-14
3.588625,-0.0120306237301474
3.58875,-0.0170138712429991
3.588875,-0.0120306237302024
3.589,-2.06379373987275e-14
3.589125,0.0120306237301295
3.58925,0.0170138712429991
3.589375,0.0120306237301766
3.5895,4.59666490835575e-14
3.589625,-0.0120306237301116
3.58975,-0.0170138712429991
3.589875,-0.0120306237301945
3.59,-7.12953607683875e-14
3.590125,0.0120306237301374
3.59025,0.0170138712429991
3.590375,0.0120306237302124
3.5905,3.47279694445995e-14
3.590625,-0.0120306237301633
3.59075,-0.0170138712429991
3.590875,-0.0120306237301865
3.591,1.83942187918845e-15
3.591125,0.0120306237301454
3.59125,0.0170138712429991
3.591375,0.0120306237301607
3.5915,2.34892898056415e-14
3.591625,-0.0120306237301274
3.59175,-0.0170138712429991
3.591875,-0.0120306237301786
3.592,-4.88180014904715e-14
3.592125,0.0120306237301095
3.59225,0.0170138712429991
3.592375,0.0120306237301965
3.5925,7.41467131753015e-14
3.592625,-0.0120306237301354
3.59275,-0.0170138712429991
3.592875,-0.0120306237302144
3.593,-3.75793218515135e-14
3.593125,0.0120306237301613
3.59325,0.0170138712429991
3.593375,0.0120306237301885
3.5935,1.01193052772559e-15
3.593625,-0.0120306237300996
3.59375,-0.0170138712429991
3.593875,-0.0120306237301627
3.594,-2.63406422125556e-14
3.594125,0.0120306237301254
3.59425,0.0170138712429991
3.594375,0.0120306237301806
3.5945,5.16693538973856e-14
3.594625,-0.0120306237301513
3.59475,-0.0170138712429991
3.594875,-0.0120306237301985
3.595,-1.51019625735976e-14
3.595125,0.0120306237301334
3.59525,0.0170138712429991
3.595375,0.0120306237301726
3.5955,4.04306742584276e-14
3.595625,-0.0120306237301155
3.59575,-0.0170138712429991
3.595875,-0.0120306237301906
3.596,-3.86328293463962e-15
3.596125,0.0120306237300976
3.59625,0.0170138712429991
3.596375,0.0120306237301647
3.5965,2.91919946194696e-14
3.596625,-0.0120306237301234
3.59675,-0.0170138712429991
3.596875,-0.0120306237301826
3.597,-5.45207063042996e-14
3.597125,0.0120306237301493
3.59725,0.0170138712429991
3.597375,0.0120306237302005
3.5975,1.79533149805116e-14
3.597625,-0.0120306237301314
3.59775,-0.0170138712429991
3.597875,-0.0120306237301747
3.598,-4.32820266653416e-14
3.598125,0.0120306237301135
3.59825,0.0170138712429991
3.598375,0.0120306237301926
3.5985,6.71463534155366e-15
3.598625,-0.0120306237301393
3.59875,-0.0170138712429991
3.598875,-0.0120306237301667
3.599,-3.20433470263836e-14
3.599125,0.0120306237301214
3.59925,0.0170138712429991
3.599375,0.0120306237301846
3.5995,5.73720587112136e-14
3.599625,-0.0120306237301473
3.59975,-0.0170138712429991
3.599875,-0.0120306237302025
3.6,-2.08046673874257e-14
3.600125,0.0120306237301293
3.60025,0.0170138712429991
3.600375,0.0120306237301767
3.6005,4.61333790722557e-14
3.600625,-0.0120306237301114
3.60075,-0.0170138712429991
3.600875,-0.0120306237301946
3.601,-7.14620907570856e-14
3.601125,0.0120306237301373
3.60125,0.0170138712429991
3.601375,0.0120306237301687
3.6015,3.48946994332977e-14
3.601625,-0.0120306237301194
3.60175,-0.0170138712429991
3.601875,-0.0120306237301866
3.602,-6.02234111181277e-14
3.602125,0.0120306237301452
3.60225,0.0170138712429991
3.602375,0.0120306237302046
3.6025,2.36560197943397e-14
3.602625,-0.0120306237301273
3.60275,-0.0170138712429991
3.602875,-0.0120306237301787
3.603,1.29113715294483e-14
3.603125,0.0120306237301094
3.60325,0.0170138712429991
3.603375,0.0120306237301528
3.6035,7.43134431639997e-14
3.603625,-0.0120306237301353
3.60375,-0.0170138712429991
3.603875,-0.0120306237301707
3.604,-3.77460518402117e-14
3.604125,0.0120306237301174
3.60425,0.0170138712429991
3.604375,0.0120306237301887
3.6045,6.30747635250417e-14
3.604625,-0.0120306237301432
3.60475,-0.0170138712429991
3.604875,-0.0120306237302066
3.605,-2.65073722012537e-14
3.605125,0.0120306237301253
3.60525,0.0170138712429991
3.605375,0.0120306237301807
3.6055,5.18360838860837e-14
3.605625,-0.0120306237301074
3.60575,-0.0170138712429991
3.605875,-0.0120306237301549
3.606,-7.71647955709137e-14
3.606125,0.0120306237301333
3.60625,0.0170138712429991
3.606375,0.0120306237302165
3.6065,4.05974042471258e-14
3.606625,-0.0120306237301591
3.60675,-0.0170138712429991
3.606875,-0.0120306237301907
3.607,-4.03001292333779e-15
3.607125,0.0120306237301412
3.60725,0.0170138712429991
3.607375,0.0120306237301648
3.6075,2.93587246081678e-14
3.607625,-0.0120306237301233
3.60775,-0.0170138712429991
3.607875,-0.0120306237301827
3.608,-5.46874362929978e-14
3.608125,0.0120306237301054
3.60825,0.0170138712429991
3.608375,0.0120306237302006
3.6085,8.00161479778278e-14
3.608625,-0.0120306237301312
3.60875,-0.0170138712429991
3.608875,-0.0120306237302185
3.609,-4.34487566540398e-14
3.609125,0.0120306237301571
3.60925,0.0170138712429991
3.609375,0.0120306237301927
3.6095,6.88136533025182e-15
3.609625,-0.0120306237301392
3.60975,-0.0170138712429991
3.609875,-0.0120306237301668
3.61,-3.22100770150818e-14
3.610125,0.0120306237301213
3.61025,0.0170138712429991
3.610375,0.0120306237301847
3.6105,5.75387886999118e-14
3.610625,-0.0120306237301471
3.61075,-0.0170138712429991
3.610875,-0.0120306237302027
3.611,-2.09713973761238e-14
3.611125,0.0120306237301292
3.61125,0.0170138712429991
3.611375,0.0120306237302206
3.6115,4.63001090609538e-14
3.611625,-0.0120306237301551
3.61175,-0.0170138712429991
3.611875,-0.0120306237301947
3.612,-9.73271773716586e-15
3.612125,0.0120306237301372
3.61225,0.0170138712429991
3.612375,0.0120306237301688
3.6125,3.50614294219958e-14
3.612625,-0.0120306237301193
3.61275,-0.0170138712429991
3.612875,-0.0120306237301868
3.613,-6.03901411068258e-14
3.613125,0.0120306237301451
3.61325,0.0170138712429991
3.613375,0.0120306237302047
3.6135,2.38227497830379e-14
3.613625,-0.0120306237301272
3.61375,-0.0170138712429991
3.613875,-0.0120306237301788
3.614,-4.91514614678679e-14
3.614125,0.0120306237301531
3.61425,0.0170138712429991
3.614375,0.0120306237301967
3.6145,1.25840701440799e-14
3.614625,-0.0120306237301352
3.61475,-0.0170138712429991
3.614875,-0.0120306237301709
3.615,-3.79127818289099e-14
3.615125,0.0120306237301172
3.61525,0.0170138712429991
3.615375,0.0120306237301888
3.6155,6.32414935137399e-14
3.615625,-0.0120306237301431
3.61575,-0.0170138712429991
3.615875,-0.0120306237302067
3.616,-2.66741021899519e-14
3.616125,0.0120306237301252
3.61625,0.0170138712429991
3.616375,0.0120306237301808
3.6165,5.20028138747819e-14
3.616625,-0.0120306237301511
3.61675,-0.0170138712429991
3.616875,-0.0120306237301987
3.617,-1.54354225509939e-14
3.617125,0.0120306237301331
3.61725,0.0170138712429991
3.617375,0.0120306237301729
3.6175,4.07641342358239e-14
3.617625,-0.0120306237301152
3.61775,-0.0170138712429991
3.617875,-0.0120306237301908
3.618,-6.60928459206539e-14
3.618125,0.0120306237301411
3.61825,0.0170138712429991
3.618375,0.0120306237302087
3.6185,2.95254545968659e-14
3.618625,-0.0120306237301669
3.61875,-0.0170138712429991
3.618875,-0.0120306237301828
3.619,7.04193672692203e-15
3.619125,0.0120306237301053
3.61925,0.0170138712429991
3.619375,0.0120306237302008
3.6195,1.8286774957908e-14
3.619625,-0.0120306237301311
3.61975,-0.0170138712429991
3.619875,-0.0120306237301749
3.62,-4.3615486642738e-14
3.620125,0.0120306237301132
3.62025,0.0170138712429991
3.620375,0.0120306237301928
3.6205,6.89441983275679e-14
3.620625,-0.0120306237301391
3.62075,-0.0170138712429991
3.620875,-0.0120306237302107
3.621,-3.237680700378e-14
3.621125,0.0120306237301212
3.62125,0.0170138712429991
3.621375,0.0120306237301849
3.6215,-4.19058432000799e-15
3.621625,-0.0120306237301033
3.62175,-0.0170138712429991
3.621875,-0.012030623730159
3.622,-2.1138127364822e-14
3.622125,0.0120306237301291
3.62225,0.0170138712429991
3.622375,0.0120306237301769
3.6225,4.6466839049652e-14
3.622625,-0.012030623730155
3.62275,-0.0170138712429991
3.622875,-0.0120306237301948
3.623,-9.89944772586402e-15
3.623125,0.0120306237301371
3.62325,0.0170138712429991
3.623375,0.0120306237302127
3.6235,3.5228159410694e-14
3.623625,-0.0120306237301191
3.62375,-0.0170138712429991
3.623875,-0.0120306237301869
3.624,1.33923191309396e-15
3.624125,0.0120306237301012
3.62425,0.0170138712429991
3.624375,0.012030623730161
3.6245,8.5885582780354e-14
3.624625,-0.0120306237301271
3.62475,-0.0170138712429991
3.624875,-0.0120306237301789
3.625,-4.9318191456566e-14
3.625125,0.0120306237301529
3.62525,0.0170138712429991
3.625375,0.0120306237301968
3.6255,1.27508001327781e-14
3.625625,-0.012030623730135
3.62575,-0.0170138712429991
3.625875,-0.012030623730171
3.626,-3.8079511817608e-14
3.626125,0.0120306237301171
3.62625,0.0170138712429991
3.626375,0.0120306237301889
3.6265,6.3408223502438e-14
3.626625,-0.012030623730143
3.62675,-0.0170138712429991
3.626875,-0.012030623730163
3.627,-8.8736935187268e-14
3.627125,0.0120306237301251
3.62725,0.0170138712429991
3.627375,0.0120306237302247
3.6275,5.21695438634801e-14
3.627625,-0.0120306237301509
3.62775,-0.0170138712429991
3.627875,-0.0120306237301989
3.628,-1.56021525396921e-14
3.628125,0.012030623730133
3.62825,0.0170138712429991
3.628375,0.012030623730173
3.6285,4.09308642245221e-14
3.628625,-0.0120306237301151
3.62875,-0.0170138712429991
3.628875,-0.0120306237301909
3.629,-6.62595759093521e-14
3.629125,0.012030623730141
3.62925,0.0170138712429991
3.629375,0.0120306237301651
3.6295,2.96921845855641e-14
3.629625,-0.0120306237301231
3.62975,-0.0170138712429991
3.629875,-0.012030623730183
3.63,-5.50208962703941e-14
3.630125,0.0120306237301489
3.63025,0.0170138712429991
3.630375,0.0120306237302009
3.6305,1.84535049466061e-14
3.630625,-0.012030623730131
3.63075,-0.0170138712429991
3.630875,-0.012030623730175
3.631,-4.37822166314361e-14
3.631125,0.0120306237301131
3.63125,0.0170138712429991
3.631375,0.0120306237301929
3.6315,6.91109283162661e-14
3.631625,-0.012030623730139
3.63175,-0.0170138712429991
3.631875,-0.0120306237302108
3.632,-3.25435369924781e-14
3.632125,0.012030623730121
3.63225,0.0170138712429991
3.632375,0.012030623730185
3.6325,5.78722486773081e-14
3.632625,-0.0120306237301469
3.63275,-0.0170138712429991
3.632875,-0.0120306237302029
3.633,-2.13048573535202e-14
3.633125,0.012030623730129
3.63325,0.0170138712429991
3.633375,0.012030623730177
3.6335,4.66335690383501e-14
3.633625,-0.0120306237301111
3.63375,-0.0170138712429991
3.633875,-0.0120306237301949
3.634,-7.19622807231801e-14
3.634125,0.0120306237301369
3.63425,0.0170138712429991
3.634375,0.0120306237302129
3.6345,3.53948893993922e-14
3.634625,-0.0120306237301628
3.63475,-0.0170138712429991
3.634875,-0.012030623730187
3.635,-6.07236010842222e-14
3.635125,0.0120306237301449
3.63525,0.0170138712429991
3.635375,0.0120306237302049
3.6355,2.41562097604342e-14
3.635625,-0.012030623730127
3.63575,-0.0170138712429991
3.635875,-0.012030623730179
3.636,-4.94849214452642e-14
3.636125,0.0120306237301091
3.63625,0.0170138712429991
3.636375,0.012030623730197
3.6365,7.48136331300942e-14
3.636625,-0.0120306237301349
3.63675,-0.0170138712429991
3.636875,-0.0120306237302149
3.637,-3.82462418063062e-14
3.637125,0.0120306237301608
3.63725,0.0170138712429991
3.637375,0.012030623730189
3.6375,1.67885048251824e-15
3.637625,-0.0120306237301429
3.63775,-0.0170138712429991
3.637875,-0.0120306237301632
3.638,-2.70075621673482e-14
3.638125,0.012030623730125
3.63825,0.0170138712429991
3.638375,0.0120306237301811
3.6385,5.23362738521782e-14
3.638625,-0.0120306237301508
3.63875,-0.0170138712429991
3.638875,-0.012030623730199
3.639,-7.76649855370082e-14
3.639125,0.0120306237301329
3.63925,0.0170138712429991
3.639375,0.0120306237302169
3.6395,4.10975942132202e-14
3.639625,-0.0120306237301588
3.63975,-0.0170138712429991
3.639875,-0.012030623730191
3.64,-4.53020288943228e-15
3.640125,0.0120306237300971
3.64025,0.0170138712429991
3.640375,0.0120306237301652
3.6405,2.98589145742623e-14
3.640625,-0.0120306237301229
3.64075,-0.0170138712429991
3.640875,-0.0120306237301831
3.641,-5.51876262590923e-14
3.641125,0.0120306237301488
3.64125,0.0170138712429991
3.641375,0.012030623730201
3.6415,1.86202349353043e-14
3.641625,-0.0120306237301309
3.64175,-0.0170138712429991
3.641875,-0.0120306237301751
3.642,-4.39489466201343e-14
3.642125,0.0120306237301567
3.64225,0.0170138712429991
3.642375,0.012030623730193
3.6425,7.38155529634631e-15
3.642625,-0.0120306237300951
3.64275,-0.0170138712429991
3.642875,-0.0120306237301672
3.643,-3.27102669811763e-14
3.643125,0.0120306237301209
3.64325,0.0170138712429991
3.643375,0.0120306237301851
3.6435,5.80389786660063e-14
3.643625,-0.0120306237301468
3.64375,-0.0170138712429991
3.643875,-0.012030623730203
3.644,-2.14715873422183e-14
3.644125,0.0120306237301289
3.64425,0.0170138712429991
3.644375,0.0120306237301771
3.6445,4.68002990270483e-14
3.644625,-0.012030623730111
3.64475,-0.0170138712429991
3.644875,-0.0120306237301951
3.645,-1.02329077032603e-14
3.645125,0.0120306237301368
3.64525,0.0170138712429991
3.645375,0.0120306237301692
3.6455,3.55616193880903e-14
3.645625,-0.0120306237301189
3.64575,-0.0170138712429991
3.645875,-0.0120306237301871
3.646,-6.08903310729203e-14
3.646125,0.0120306237301448
3.64625,0.0170138712429991
3.646375,0.012030623730205
3.6465,2.43229397491324e-14
3.646625,-0.0120306237301269
3.64675,-0.0170138712429991
3.646875,-0.0120306237301792
3.647,-4.96516514339623e-14
3.647125,0.0120306237301089
3.64725,0.0170138712429991
3.647375,0.0120306237301971
3.6475,1.30842601101744e-14
3.647625,-0.0120306237301348
3.64775,-0.0170138712429991
3.647875,-0.0120306237301712
3.648,-3.84129717950044e-14
3.648125,0.0120306237301169
3.64825,0.0170138712429991
3.648375,0.0120306237301891
3.6485,6.37416834798344e-14
3.648625,-0.0120306237301428
3.64875,-0.0170138712429991
3.648875,-0.012030623730207
3.649,-2.71742921560464e-14
3.649125,0.0120306237301248
3.64925,0.0170138712429991
3.649375,0.0120306237301812
3.6495,-9.39309916774157e-15
3.649625,-0.0120306237301069
3.64975,-0.0170138712429991
3.649875,-0.0120306237301553
3.65,-7.78317155257064e-14
3.650125,0.0120306237301328
3.65025,0.0170138712429991
3.650375,0.0120306237301732
3.6505,4.12643242019184e-14
3.650625,-0.0120306237301149
3.65075,-0.0170138712429991
3.650875,-0.0120306237301911
3.651,-6.65930358867484e-14
3.651125,0.0120306237301407
3.65125,0.0170138712429991
3.651375,0.0120306237302091
3.6515,3.00256445629604e-14
3.651625,-0.0120306237301228
3.65175,-0.0170138712429991
3.651875,-0.0120306237301832
3.652,-5.53543562477904e-14
3.652125,0.0120306237301049
3.65225,0.0170138712429991
3.652375,0.0120306237301573
3.6525,8.06830679326204e-14
3.652625,-0.0120306237301308
3.65275,-0.0170138712429991
3.652875,-0.012030623730219
3.653,-4.41156766088324e-14
3.653125,0.0120306237301566
3.65325,0.0170138712429991
3.653375,0.0120306237301932
3.6535,7.54828528504448e-15
3.653625,-0.0120306237301387
3.65375,-0.0170138712429991
3.653875,-0.0120306237301673
3.654,-3.28769969698745e-14
3.654125,0.0120306237301208
3.65425,0.0170138712429991
3.654375,0.0120306237301852
3.6545,5.82057086547045e-14
3.654625,-0.0120306237301029
3.65475,-0.0170138712429991
3.654875,-0.0120306237301594
3.655,-8.35344203395344e-14
3.655125,0.0120306237301288
3.65525,0.0170138712429991
3.655375,0.012030623730221
3.6555,4.69670290157465e-14
3.655625,-0.0120306237301546
3.65575,-0.0170138712429991
3.655875,-0.0120306237301952
3.656,-1.03996376919585e-14
3.656125,0.0120306237301367
3.65625,0.0170138712429991
3.656375,0.0120306237301693
3.6565,3.57283493767885e-14
3.656625,-0.0120306237301188
3.65675,-0.0170138712429991
3.656875,-0.0120306237301872
3.657,-6.10570610616185e-14
3.657125,0.0120306237301447
3.65725,0.0170138712429991
3.657375,0.0120306237302051
3.6575,2.44896697378305e-14
3.657625,-0.0120306237301267
3.65775,-0.0170138712429991
3.657875,-0.0120306237301793
3.658,-4.98183814226605e-14
3.658125,0.0120306237301526
3.65825,0.0170138712429991
3.658375,0.0120306237301972
3.6585,1.32509900988725e-14
3.658625,-0.0120306237301347
3.65875,-0.0170138712429991
3.658875,-0.0120306237301713
3.659,-3.85797017837025e-14
3.659125,0.0120306237301168
3.65925,0.0170138712429991
3.659375,0.0120306237301892
3.6595,6.39084134685325e-14
3.659625,-0.0120306237301426
3.65975,-0.0170138712429991
3.659875,-0.0120306237302072
3.66,-2.73410221447446e-14
3.660125,0.0120306237301247
3.66025,0.0170138712429991
3.660375,0.0120306237301813
3.6605,5.26697338295745e-14
3.660625,-0.0120306237301506
3.66075,-0.0170138712429991
3.660875,-0.0120306237301992
3.661,-1.61023425057866e-14
3.661125,0.0120306237301327
3.66125,0.0170138712429991
3.661375,0.0120306237301734
3.6615,4.14310541906166e-14
3.661625,-0.0120306237301148
3.66175,-0.0170138712429991
3.661875,-0.0120306237301913
3.662,-6.67597658754466e-14
3.662125,0.0120306237301406
3.66225,0.0170138712429991
3.662375,0.0120306237302092
3.6625,3.01923745516586e-14
3.662625,-0.0120306237301227
3.66275,-0.0170138712429991
3.662875,-0.0120306237301833
3.663,-5.55210862364886e-14
3.663125,0.0120306237301486
3.66325,0.0170138712429991
3.663375,0.0120306237302012
3.6635,1.89536949127006e-14
3.663625,-0.0120306237301307
3.66375,-0.0170138712429991
3.663875,-0.0120306237301754
3.664,-4.42824065975306e-14
3.664125,0.0120306237301127
3.66425,0.0170138712429991
3.664375,0.0120306237301933
3.6645,6.96111182823606e-14
3.664625,-0.0120306237301386
3.66475,-0.0170138712429991
3.664875,-0.0120306237302112
3.665,-3.30437269585726e-14
3.665125,0.0120306237301645
3.66525,0.0170138712429991
3.665375,0.0120306237301853
3.6655,-3.52366436521534e-15
3.665625,-0.0120306237301028
3.66575,-0.0170138712429991
3.665875,-0.0120306237301595
3.666,-2.18050473196147e-14
3.666125,0.0120306237301286
3.66625,0.0170138712429991
3.666375,0.0120306237301774
3.6665,4.71337590044446e-14
3.666625,-0.0120306237301107
3.66675,-0.0170138712429991
3.666875,-0.0120306237301953
3.667,-7.24624706892746e-14
3.667125,0.0120306237301366
3.66725,0.0170138712429991
3.667375,0.0120306237302132
3.6675,3.58950793654867e-14
3.667625,-0.0120306237301624
3.66775,-0.0170138712429991
3.667875,-0.0120306237301873
3.668,6.72311958301302e-16
3.668125,0.0120306237301008
3.66825,0.0170138712429991
3.668375,0.0120306237301615
3.6685,2.46563997265287e-14
3.668625,-0.0120306237301266
3.66875,-0.0170138712429991
3.668875,-0.0120306237301794
3.669,-4.99851114113587e-14
3.669125,0.0120306237301525
3.66925,0.0170138712429991
3.669375,0.0120306237301973
3.6695,1.34177200875707e-14
3.669625,-0.0120306237301346
3.66975,-0.0170138712429991
3.669875,-0.0120306237301715
3.67,-3.87464317724007e-14
3.670125,0.0120306237301167
3.67025,0.0170138712429991
3.670375,0.0120306237301894
3.6705,2.17904044861273e-15
3.670625,-0.0120306237300987
3.67075,-0.0170138712429991
3.670875,-0.0120306237301635
3.671,-8.94038551420607e-14
3.671125,0.0120306237301246
3.67125,0.0170138712429991
3.671375,0.0120306237301814
3.6715,5.28364638182727e-14
3.671625,-0.0120306237301505
3.67175,-0.0170138712429991
3.671875,-0.0120306237301993
3.672,-1.62690724944847e-14
3.672125,0.0120306237301326
3.67225,0.0170138712429991
3.672375,0.0120306237301735
3.6725,4.15977841793147e-14
3.672625,-0.0120306237301146
3.67275,-0.0170138712429991
3.672875,-0.0120306237301914
3.673,-5.03039285552677e-15
3.673125,0.0120306237301405
3.67325,0.0170138712429991
3.673375,0.0120306237301655
3.6735,3.03591045403568e-14
3.673625,-0.0120306237301226
3.67375,-0.0170138712429991
3.673875,-0.0120306237301834
3.674,-5.56878162251867e-14
3.674125,0.0120306237301484
3.67425,0.0170138712429991
3.674375,0.0120306237302013
3.6745,1.91204249013988e-14
3.674625,-0.0120306237301305
3.67475,-0.0170138712429991
3.674875,-0.0120306237301755
3.675,-4.44491365862288e-14
3.675125,0.0120306237301126
3.67525,0.0170138712429991
3.675375,0.0120306237301934
3.6755,6.97778482710588e-14
3.675625,-0.0120306237301385
3.67575,-0.0170138712429991
3.675875,-0.0120306237301675
3.676,-3.32104569472708e-14
3.676125,0.0120306237301206
3.67625,0.0170138712429991
3.676375,0.0120306237301855
3.6765,5.85391686321008e-14
3.676625,-0.0120306237301464
3.67675,-0.0170138712429991
3.676875,-0.0120306237302034
3.677,-2.19717773083128e-14
3.677125,0.0120306237301285
3.67725,0.0170138712429991
3.677375,0.0120306237301775
3.6775,4.73004889931428e-14
3.677625,-0.0120306237301106
3.67775,-0.0170138712429991
3.677875,-0.0120306237301954
3.678,-7.26292006779728e-14
3.678125,0.0120306237301365
3.67825,0.0170138712429991
3.678375,0.0120306237302133
3.6785,3.60618093541848e-14
3.678625,-0.0120306237301186
3.67875,-0.0170138712429991
3.678875,-0.0120306237301875
3.679,-6.13905210390148e-14
3.679125,0.0120306237301444
3.67925,0.0170138712429991
3.679375,0.0120306237302054
3.6795,2.48231297152268e-14
3.679625,-0.0120306237301265
3.67975,-0.0170138712429991
3.679875,-0.0120306237301795
3.68,-5.01518414000568e-14
3.680125,0.0120306237301086
3.68025,0.0170138712429991
3.680375,0.0120306237301537
3.6805,7.54805530848868e-14
3.680625,-0.0120306237301345
3.68075,-0.0170138712429991
3.680875,-0.0120306237302153
3.681,-3.89131617610989e-14
3.681125,0.0120306237301603
3.68125,0.0170138712429991
3.681375,0.0120306237301895
3.6815,2.3457704373109e-15
3.681625,-0.0120306237301424
3.68175,-0.0170138712429991
3.681875,-0.0120306237302074
3.682,-2.76744821221409e-14
3.682125,0.0120306237301245
3.68225,0.0170138712429991
3.682375,0.0120306237301815
3.6825,5.30031938069709e-14
3.682625,-0.0120306237301066
3.68275,-0.0170138712429991
3.682875,-0.0120306237301994
3.683,-7.83319054918009e-14
3.683125,0.0120306237301324
3.68325,0.0170138712429991
3.683375,0.0120306237302174
3.6835,4.17645141680129e-14
3.683625,-0.0120306237301583
3.68375,-0.0170138712429991
3.683875,-0.0120306237301915
3.684,-5.19712284422493e-15
3.684125,0.0120306237301404
3.68425,0.0170138712429991
3.684375,0.0120306237301656
3.6845,3.05258345290549e-14
3.684625,-0.0120306237301225
3.68475,-0.0170138712429991
3.684875,-0.0120306237301835
3.685,-5.58545462138849e-14
3.685125,0.0120306237301483
3.68525,0.0170138712429991
3.685375,0.0120306237302015
3.6855,1.92871548900969e-14
3.685625,-0.0120306237301304
3.68575,-0.0170138712429991
3.685875,-0.0120306237302194
3.686,-4.46158665749269e-14
3.686125,0.0120306237301563
3.68625,0.0170138712429991
3.686375,0.0120306237301935
3.6865,8.04847525113897e-15
3.686625,-0.0120306237301384
3.68675,-0.0170138712429991
3.686875,-0.0120306237301677
3.687,-3.3377186935969e-14
3.687125,0.0120306237301205
3.68725,0.0170138712429991
3.687375,0.0120306237301856
3.6875,5.8705898620799e-14
3.687625,-0.0120306237301463
3.68775,-0.0170138712429991
3.687875,-0.0120306237302035
3.688,-2.2138507297011e-14
3.688125,0.0120306237301284
3.68825,0.0170138712429991
3.688375,0.0120306237301776
3.6885,4.7467218981841e-14
3.688625,-0.0120306237301543
3.68875,-0.0170138712429991
3.688875,-0.0120306237301955
3.689,-1.0899827658053e-14
3.689125,0.0120306237301363
3.68925,0.0170138712429991
3.689375,0.0120306237301697
3.6895,3.6228539342883e-14
3.689625,-0.0120306237301184
3.68975,-0.0170138712429991
3.689875,-0.0120306237301876
3.69,-6.1557251027713e-14
3.690125,0.0120306237301443
3.69025,0.0170138712429991
3.690375,0.0120306237302055
3.6905,2.4989859703925e-14
3.690625,-0.0120306237301264
3.69075,-0.0170138712429991
3.690875,-0.0120306237301796
3.691,-5.0318571388755e-14
3.691125,0.0120306237301085
3.69125,0.0170138712429991
3.691375,0.0120306237301975
3.6915,1.3751180064967e-14
3.691625,-0.0120306237301343
3.69175,-0.0170138712429991
3.691875,-0.0120306237301717
3.692,-3.9079891749797e-14
3.692125,0.0120306237301164
3.69225,0.0170138712429991
3.692375,0.0120306237301896
3.6925,6.4408603434627e-14
3.692625,-0.0120306237301423
3.69275,-0.0170138712429991
3.692875,-0.0120306237302075
3.693,-2.78412121108391e-14
3.693125,0.0120306237301681
3.69325,0.0170138712429991
3.693375,0.0120306237301817
3.6935,5.3169923795669e-14
3.693625,-0.0120306237301065
3.69375,-0.0170138712429991
3.693875,-0.0120306237301996
3.694,-1.66025324718811e-14
3.694125,0.0120306237301323
3.69425,0.0170138712429991
3.694375,0.0120306237301737
3.6945,4.19312441567111e-14
3.694625,-0.0120306237301144
3.69475,-0.0170138712429991
3.694875,-0.0120306237301916
3.695,-6.7259955841541e-14
3.695125,0.0120306237301403
3.69525,0.0170138712429991
3.695375,0.0120306237302095
3.6955,3.06925645177531e-14
3.695625,-0.0120306237301224
3.69575,-0.0170138712429991
3.695875,-0.0120306237301837
3.696,5.87482680603488e-15
3.696125,0.0120306237301044
3.69625,0.0170138712429991
3.696375,0.0120306237301578
3.6965,8.13499878874131e-14
3.696625,-0.0120306237301303
3.69675,-0.0170138712429991
3.696875,-0.0120306237301757
3.697,-4.47825965636251e-14
3.697125,0.0120306237301562
3.69725,0.0170138712429991
3.697375,0.0120306237301936
3.6975,7.01113082484551e-14
3.697625,-0.0120306237301382
3.69775,-0.0170138712429991
3.697875,-0.0120306237302115
3.698,-3.35439169246671e-14
3.698125,0.0120306237301203
3.69825,0.0170138712429991
3.698375,0.0120306237301857
3.6985,-3.02347439912084e-15
3.698625,-0.0120306237301024
3.69875,-0.0170138712429991
3.698875,-0.0120306237301598
3.699,-8.42013402943271e-14
3.699125,0.0120306237301283
3.69925,0.0170138712429991
3.699375,0.0120306237301777
3.6995,4.76339489705391e-14
3.699625,-0.0120306237301541
3.69975,-0.0170138712429991
3.699875,-0.0120306237301956
3.7,-1.10665576467512e-14
3.700125,0.0120306237301362
3.70025,0.0170138712429991
3.700375,0.0120306237301698
3.7005,3.63952693315812e-14
3.700625,-0.0120306237301183
3.70075,-0.0170138712429991
3.700875,-0.0120306237301877
3.701,-6.17239810164111e-14
3.701125,0.0120306237301442
3.70125,0.0170138712429991
3.701375,0.0120306237301618
3.7015,8.70526927012411e-14
3.701625,-0.0120306237301263
3.70175,-0.0170138712429991
3.701875,-0.0120306237302235
3.702,-5.04853013774532e-14
3.702125,0.0120306237301521
3.70225,0.0170138712429991
3.702375,0.0120306237301977
3.7025,1.39179100536652e-14
3.702625,-0.0120306237301342
3.70275,-0.0170138712429991
3.702875,-0.0120306237301718
3.703,-3.92466217384952e-14
3.703125,0.0120306237301163
3.70325,0.0170138712429991
3.703375,0.0120306237301897
3.7035,6.45753334233252e-14
3.703625,-0.0120306237301422
3.70375,-0.0170138712429991
3.703875,-0.0120306237302076
3.704,-2.80079420995372e-14
3.704125,0.0120306237301243
3.70425,0.0170138712429991
3.704375,0.0120306237301818
3.7045,5.33366537843672e-14
3.704625,-0.0120306237301501
3.70475,-0.0170138712429991
3.704875,-0.0120306237301997
3.705,-1.67692624605792e-14
3.705125,0.0120306237301322
3.70525,0.0170138712429991
3.705375,0.0120306237301738
3.7055,4.20979741454092e-14
3.705625,-0.0120306237301143
3.70575,-0.0170138712429991
3.705875,-0.0120306237301917
3.706,-6.74266858302392e-14
3.706125,0.0120306237301401
3.70625,0.0170138712429991
3.706375,0.0120306237302096
3.7065,3.08592945064513e-14
3.706625,-0.0120306237301222
3.70675,-0.0170138712429991
3.706875,-0.0120306237301838
3.707,-5.61880061912812e-14
3.707125,0.0120306237301481
3.70725,0.0170138712429991
3.707375,0.0120306237302017
3.7075,1.96206148674933e-14
3.707625,-0.0120306237301302
3.70775,-0.0170138712429991
3.707875,-0.0120306237301758
3.708,-4.49493265523233e-14
3.708125,0.0120306237301123
3.70825,0.0170138712429991
3.708375,0.0120306237301937
3.7085,7.02780382371533e-14
3.708625,-0.0120306237301381
3.70875,-0.0170138712429991
3.708875,-0.0120306237302117
3.709,-3.37106469133653e-14
3.709125,0.0120306237301202
3.70925,0.0170138712429991
3.709375,0.0120306237301858
3.7095,5.90393585981953e-14
3.709625,-0.0120306237301461
3.70975,-0.0170138712429991
3.709875,-0.0120306237302037
3.71,-2.24719672744073e-14
3.710125,0.0120306237301282
3.71025,0.0170138712429991
3.710375,0.0120306237301779
3.7105,4.78006789592373e-14
3.710625,-0.0120306237301103
3.71075,-0.0170138712429991
3.710875,-0.0120306237301958
3.711,-7.31293906440673e-14
3.711125,0.0120306237301361
3.71125,0.0170138712429991
3.711375,0.0120306237302137
3.7115,3.65619993202793e-14
3.711625,-0.012030623730162
3.71175,-0.0170138712429991
3.711875,-0.0120306237301878
3.712,5.39200350864586e-18
3.712125,0.0120306237301441
3.71225,0.0170138712429991
3.712375,0.012030623730162
3.7125,2.53233196813213e-14
3.712625,-0.0120306237301261
3.71275,-0.0170138712429991
3.712875,-0.0120306237301799
3.713,-5.06520313661513e-14
3.713125,0.0120306237301082
3.71325,0.0170138712429991
3.713375,0.0120306237301978
3.7135,7.59807430509813e-14
3.713625,-0.0120306237301341
3.71375,-0.0170138712429991
3.713875,-0.0120306237302157
3.714,-3.94133517271934e-14
3.714125,0.01203062373016
3.71425,0.0170138712429991
3.714375,0.0120306237301898
3.7145,2.84596040340539e-15
3.714625,-0.0120306237300983
3.71475,-0.0170138712429991
3.714875,-0.012030623730164
3.715,-2.81746720882354e-14
3.715125,0.0120306237301241
3.71525,0.0170138712429991
3.715375,0.0120306237301819
3.7155,5.35033837730654e-14
3.715625,-0.01203062373015
3.71575,-0.0170138712429991
3.715875,-0.0120306237301998
3.716,-1.69359924492774e-14
3.716125,0.0120306237301321
3.71625,0.0170138712429991
3.716375,0.0120306237301739
3.7165,4.22647041341074e-14
3.716625,-0.0120306237301142
3.71675,-0.0170138712429991
3.716875,-0.0120306237301919
3.717,-5.69731281031942e-15
3.717125,0.0120306237300963
3.71725,0.0170138712429991
3.717375,0.012030623730166
3.7175,3.10260244951494e-14
3.717625,-0.0120306237301221
3.71775,-0.0170138712429991
3.717875,-0.0120306237301839
3.718,-5.63547361799794e-14
3.718125,0.012030623730148
3.71825,0.0170138712429991
3.718375,0.0120306237302018
3.7185,1.97873448561914e-14
3.718625,-0.0120306237301301
3.71875,-0.0170138712429991
3.718875,-0.012030623730176
3.719,-4.51160565410214e-14
3.719125,0.0120306237301122
3.71925,0.0170138712429991
3.719375,0.0120306237301939
3.7195,8.54866521723346e-15
3.719625,-0.012030623730138
3.71975,-0.0170138712429991
3.719875,-0.012030623730168
3.72,-3.38773769020634e-14
3.720125,0.0120306237301201
3.72025,0.0170138712429991
3.720375,0.0120306237301859
3.7205,5.92060885868934e-14
3.720625,-0.012030623730146
3.72075,-0.0170138712429991
3.720875,-0.0120306237302038
3.721,-2.26386972631055e-14
3.721125,0.012030623730128
3.72125,0.0170138712429991
3.721375,0.012030623730178
3.7215,4.79674089479355e-14
3.721625,-0.0120306237301101
3.72175,-0.0170138712429991
3.721875,-0.0120306237301959
3.722,-7.32961206327654e-14
3.722125,0.012030623730136
3.72225,0.0170138712429991
3.722375,0.01203062373017
3.7225,3.67287293089775e-14
3.722625,-0.0120306237301181
3.72275,-0.0170138712429991
3.722875,-0.0120306237301879
3.723,-6.20574409938075e-14
3.723125,0.0120306237301439
3.72325,0.0170138712429991
3.723375,0.0120306237302058
3.7235,2.54900496700195e-14
3.723625,-0.012030623730126
3.72375,-0.0170138712429991
3.723875,-0.01203062373018
3.724,1.10773416537685e-14
3.724125,0.0120306237301081
3.72425,0.0170138712429991
3.724375,0.0120306237301541
3.7245,7.61474730396795e-14
3.724625,-0.012030623730134
3.72475,-0.0170138712429991
3.724875,-0.012030623730172
3.725,-3.95800817158915e-14
3.725125,0.0120306237301161
3.72525,0.0170138712429991
3.725375,0.01203062373019
3.7255,6.49087934007215e-14
3.725625,-0.0120306237301419
3.72575,-0.0170138712429991
3.725875,-0.0120306237302079
3.726,-2.83414020769335e-14
3.726125,0.012030623730124
3.72625,0.0170138712429991
3.726375,0.012030623730182
3.7265,5.36701137617635e-14
3.726625,-0.0120306237301061
3.72675,-0.0170138712429991
3.726875,-0.0120306237301561
3.727,-7.89988254465935e-14
3.727125,0.012030623730132
3.72725,0.0170138712429991
3.727375,0.0120306237302178
3.7275,4.24314341228056e-14
3.727625,-0.0120306237301578
3.72775,-0.0170138712429991
3.727875,-0.012030623730192
3.728,-5.86404279901759e-15
3.728125,0.0120306237301399
3.72825,0.0170138712429991
3.728375,0.0120306237301661
3.7285,3.11927544838476e-14
3.728625,-0.012030623730122
3.72875,-0.0170138712429991
3.728875,-0.012030623730184
3.729,-5.65214661686776e-14
3.729125,0.0120306237301041
3.72925,0.0170138712429991
3.729375,0.0120306237302019
3.7295,8.18501778535076e-14
3.729625,-0.0120306237301299
3.72975,-0.0170138712429991
3.729875,-0.0120306237302198
3.73,-4.52827865297196e-14
3.730125,0.0120306237301558
3.73025,0.0170138712429991
3.730375,0.012030623730194
3.7305,8.71539520593162e-15
3.730625,-0.0120306237301379
3.73075,-0.0170138712429991
3.730875,-0.0120306237301681
3.731,-3.40441068907616e-14
3.731125,0.01203062373012
3.73125,0.0170138712429991
3.731375,0.012030623730186
3.7315,5.93728185755916e-14
3.731625,-0.0120306237301458
3.73175,-0.0170138712429991
3.731875,-0.0120306237302039
3.732,-2.28054272518036e-14
3.732125,0.0120306237301279
3.73225,0.0170138712429991
3.732375,0.0120306237301781
3.7325,4.81341389366336e-14
3.732625,-0.0120306237301538
3.73275,-0.0170138712429991
3.732875,-0.012030623730196
3.733,-1.15667476128457e-14
3.733125,0.0120306237301359
3.73325,0.0170138712429991
3.733375,0.0120306237301701
3.7335,3.68954592976756e-14
3.733625,-0.012030623730118
3.73375,-0.0170138712429991
3.733875,-0.0120306237301881
3.734,-6.22241709825056e-14
3.734125,0.0120306237301438
3.73425,0.0170138712429991
3.734375,0.012030623730206
3.7345,2.56567796587177e-14
3.734625,-0.0120306237301259
3.73475,-0.0170138712429991
3.734875,-0.0120306237301801
3.735,-5.09854913435477e-14
3.735125,0.0120306237301518
3.73525,0.0170138712429991
3.735375,0.012030623730198
3.7355,1.44181000197597e-14
3.735625,-0.0120306237301339
3.73575,-0.0170138712429991
3.735875,-0.0120306237301722
3.736,-3.97468117045897e-14
3.736125,0.012030623730116
3.73625,0.0170138712429991
3.736375,0.0120306237301901
3.7365,6.50755233894197e-14
3.736625,-0.0120306237301418
3.73675,-0.0170138712429991
3.736875,-0.012030623730208
3.737,-2.85081320656317e-14
3.737125,0.0120306237301239
3.73725,0.0170138712429991
3.737375,0.0120306237301821
3.7375,5.38368437504617e-14
3.737625,-0.0120306237301498
3.73775,-0.0170138712429991
3.737875,-0.0120306237302
3.738,-1.72694524266737e-14
3.738125,0.0120306237301318
3.73825,0.0170138712429991
3.738375,0.0120306237301742
3.7385,4.25981641115037e-14
3.738625,-0.0120306237301139
3.73875,-0.0170138712429991
3.738875,-0.0120306237301921
3.739,-6.79268757963337e-14
3.739125,0.0120306237301398
3.73925,0.0170138712429991
3.739375,0.01203062373021
3.7395,3.13594844725457e-14
3.739625,-0.0120306237301656
3.73975,-0.0170138712429991
3.739875,-0.0120306237301841
3.74,5.20790685124222e-15
3.740125,0.012030623730104
3.74025,0.0170138712429991
3.740375,0.0120306237302021
3.7405,2.01208048335878e-14
3.740625,-0.0120306237301298
3.74075,-0.0170138712429991
3.740875,-0.0120306237301762
3.741,-4.54495165184178e-14
3.741125,0.0120306237301119
3.74125,0.0170138712429991
3.741375,0.0120306237301941
3.7415,7.07782282032477e-14
3.741625,-0.0120306237301378
3.74175,-0.0170138712429991
3.741875,-0.012030623730212
3.742,-3.42108368794598e-14
3.742125,0.0120306237301199
3.74225,0.0170138712429991
3.742375,0.0120306237301862
3.7425,-2.35655444432819e-15
3.742625,-0.012030623730102
3.74275,-0.0170138712429991
3.742875,-0.0120306237301603
3.743,-2.29721572405018e-14
3.743125,0.0120306237301278
3.74325,0.0170138712429991
3.743375,0.0120306237301782
3.7435,4.83008689253318e-14
3.743625,-0.0120306237301537
3.74375,-0.0170138712429991
3.743875,-0.0120306237301961
3.744,-1.17334776015438e-14
3.744125,0.0120306237301358
3.74425,0.0170138712429991
3.744375,0.012030623730214
3.7445,3.70621892863738e-14
3.744625,-0.0120306237301179
3.74475,-0.0170138712429991
3.744875,-0.0120306237301882
3.745,-4.94797962585846e-16
3.745125,0.0120306237300999
3.74525,0.0170138712429991
3.745375,0.0120306237301623
3.7455,8.77196126560338e-14
3.745625,-0.0120306237301258
3.74575,-0.0170138712429991
3.745875,-0.0120306237301802
3.746,-5.11522213322458e-14
3.746125,0.0120306237301517
3.74625,0.0170138712429991
3.746375,0.0120306237301981
3.7465,1.45848300084579e-14
3.746625,-0.0120306237301337
3.74675,-0.0170138712429991
3.746875,-0.0120306237301723
3.747,-3.99135416932878e-14
3.747125,0.0120306237301158
3.74725,0.0170138712429991
3.747375,0.0120306237301902
3.7475,6.52422533781178e-14
3.747625,-0.0120306237301417
3.74775,-0.0170138712429991
3.747875,-0.0120306237301643
3.748,-2.86748620543299e-14
3.748125,0.0120306237301238
3.74825,0.0170138712429991
3.748375,0.012030623730226
3.7485,5.40035737391599e-14
3.748625,-0.0120306237301496
3.74875,-0.0170138712429991
3.748875,-0.0120306237302002
3.749,-1.74361824153719e-14
3.749125,0.0120306237301317
3.74925,0.0170138712429991
3.749375,0.0120306237301743
3.7495,4.27648941002019e-14
3.749625,-0.0120306237301138
3.74975,-0.0170138712429991
3.749875,-0.0120306237301922
3.75,-6.80936057850319e-14
3.750125,0.0120306237301397
3.75025,0.0170138712429991
3.750375,0.0120306237301663
3.7505,3.15262144612439e-14
3.750625,-0.0120306237301218
3.75075,-0.0170138712429991
3.750875,-0.0120306237301843
3.751,-5.68549261460739e-14
3.751125,0.0120306237301476
3.75125,0.0170138712429991
3.751375,0.0120306237302022
3.7515,2.02875348222859e-14
3.751625,-0.0120306237301297
3.75175,-0.0170138712429991
3.751875,-0.0120306237301763
3.752,-4.56162465071159e-14
3.752125,0.0120306237301118
3.75225,0.0170138712429991
3.752375,0.0120306237301942
3.7525,7.09449581919459e-14
3.752625,-0.0120306237301377
3.75275,-0.0170138712429991
3.752875,-0.0120306237302121
3.753,-3.43775668681579e-14
3.753125,0.0120306237301197
3.75325,0.0170138712429991
3.753375,0.0120306237301863
3.7535,5.97062785529879e-14
3.753625,-0.0120306237301456
3.75375,-0.0170138712429991
3.753875,-0.0120306237302042
3.754,-2.31388872292e-14
3.754125,0.0120306237301277
3.75425,0.0170138712429991
3.754375,0.0120306237301783
3.7545,4.84675989140299e-14
3.754625,-0.0120306237301098
3.75475,-0.0170138712429991
3.754875,-0.0120306237301962
3.755,-7.37963105988599e-14
3.755125,0.0120306237301356
3.75525,0.0170138712429991
3.755375,0.0120306237302141
3.7555,3.7228919275072e-14
3.755625,-0.0120306237301615
3.75575,-0.0170138712429991
3.755875,-0.0120306237301883
3.756,-6.2557630959902e-14
3.756125,0.0120306237301436
3.75625,0.0170138712429991
3.756375,0.0120306237302062
3.7565,2.5990239636114e-14
3.756625,-0.0120306237301257
3.75675,-0.0170138712429991
3.756875,-0.0120306237301803
3.757,-5.1318951320944e-14
3.757125,0.0120306237301078
3.75725,0.0170138712429991
3.757375,0.0120306237301983
3.7575,7.6647663005774e-14
3.757625,-0.0120306237301336
3.75775,-0.0170138712429991
3.757875,-0.0120306237302162
3.758,-4.0080271681986e-14
3.758125,0.0120306237301595
3.75825,0.0170138712429991
3.758375,0.0120306237301903
3.7585,3.51288035819804e-15
3.758625,-0.0120306237301416
3.75875,-0.0170138712429991
3.758875,-0.0120306237301644
3.759,-2.8841592043028e-14
3.759125,0.0120306237301237
3.75925,0.0170138712429991
3.759375,0.0120306237301824
3.7595,5.4170303727858e-14
3.759625,-0.0120306237301495
3.75975,-0.0170138712429991
3.759875,-0.0120306237302003
3.76,-7.9499015412688e-14
3.760125,0.0120306237301316
3.76025,0.0170138712429991
3.760375,0.0120306237302182
3.7605,4.29316240889e-14
3.760625,-0.0120306237301575
3.76075,-0.0170138712429991
3.760875,-0.0120306237301923
3.761,-6.36423276511208e-15
3.761125,0.0120306237300958
3.76125,0.0170138712429991
3.761375,0.0120306237301665
3.7615,3.16929444499421e-14
3.761625,-0.0120306237301216
3.76175,-0.0170138712429991
3.761875,-0.0120306237301844
3.762,-5.70216561347721e-14
3.762125,0.0120306237301475
3.76225,0.0170138712429991
3.762375,0.0120306237302023
3.7625,2.04542648109841e-14
3.762625,-0.0120306237301296
3.76275,-0.0170138712429991
3.762875,-0.0120306237301764
3.763,-4.57829764958141e-14
3.763125,0.0120306237301555
3.76325,0.0170138712429991
3.763375,0.0120306237301943
3.7635,9.21558517202612e-15
3.763625,-0.0120306237301375
3.76375,-0.0170138712429991
3.763875,-0.0120306237301685
3.764,-3.45442968568561e-14
3.764125,0.0120306237301196
3.76425,0.0170138712429991
3.764375,0.0120306237301864
3.7645,5.98730085416861e-14
3.764625,-0.0120306237301455
3.76475,-0.0170138712429991
3.764875,-0.0120306237302043
3.765,-2.33056172178981e-14
3.765125,0.0120306237301276
3.76525,0.0170138712429991
3.765375,0.0120306237301784
3.7655,4.86343289027281e-14
3.765625,-0.0120306237301097
3.76575,-0.0170138712429991
3.765875,-0.0120306237301964
3.766,-1.20669375789402e-14
3.766125,0.0120306237301355
3.76625,0.0170138712429991
3.766375,0.0120306237301705
3.7665,3.73956492637701e-14
3.766625,-0.0120306237301176
3.76675,-0.0170138712429991
3.766875,-0.0120306237301884
3.767,-6.27243609486001e-14
3.767125,0.0120306237301435
3.76725,0.0170138712429991
3.767375,0.0120306237302063
3.7675,2.61569696248122e-14
3.767625,-0.0120306237301256
3.76775,-0.0170138712429991
3.767875,-0.0120306237301805
3.768,-5.14856813096421e-14
3.768125,0.0120306237301077
3.76825,0.0170138712429991
3.768375,0.0120306237301984
3.7685,1.49182899858542e-14
3.768625,-0.0120306237301335
3.76875,-0.0170138712429991
3.768875,-0.0120306237301725
3.769,-4.02470016706842e-14
3.769125,0.0120306237301156
3.76925,0.0170138712429991
3.769375,0.0120306237301904
3.7695,6.55757133555142e-14
3.769625,-0.0120306237301415
3.76975,-0.0170138712429991
3.769875,-0.0120306237302083
3.77,-2.90083220317262e-14
3.770125,0.0120306237301235
3.77025,0.0170138712429991
3.770375,0.0120306237301825
3.7705,-7.55906929206177e-15
3.770625,-0.0120306237301056
3.77075,-0.0170138712429991
3.770875,-0.0120306237301566
3.771,-7.96657454013862e-14
3.771125,0.0120306237301315
3.77125,0.0170138712429991
3.771375,0.0120306237301745
3.7715,4.30983540775982e-14
3.771625,-0.0120306237301136
3.77175,-0.0170138712429991
3.771875,-0.0120306237301924
3.772,-6.84270657624282e-14
3.772125,0.0120306237301394
3.77225,0.0170138712429991
3.772375,0.0120306237302104
3.7725,3.18596744386402e-14
3.772625,-0.0120306237301215
3.77275,-0.0170138712429991
3.772875,-0.0120306237301845
3.773,-5.71883861234702e-14
3.773125,0.0120306237301036
3.77325,0.0170138712429991
3.773375,0.0120306237301586
3.7735,8.25170978083002e-14
3.773625,-0.0120306237301295
3.77375,-0.0170138712429991
3.773875,-0.0120306237302203
3.774,-4.59497064845122e-14
3.774125,0.0120306237301553
3.77425,0.0170138712429991
3.774375,0.0120306237301945
3.7745,9.38231516072428e-15
3.774625,-0.0120306237301374
3.77475,-0.0170138712429991
3.774875,-0.0120306237301686
3.775,-3.47110268455543e-14
3.775125,0.0120306237301195
3.77525,0.0170138712429991
3.775375,0.0120306237301865
3.7755,6.00397385303843e-14
3.775625,-0.0120306237301016
3.77575,-0.0170138712429991
3.775875,-0.0120306237301607
3.776,-8.53684502152143e-14
3.776125,0.0120306237301275
3.77625,0.0170138712429991
3.776375,0.0120306237302223
3.7765,4.88010588914263e-14
3.776625,-0.0120306237301533
3.77675,-0.0170138712429991
3.776875,-0.0120306237301965
3.777,-1.22336675676383e-14
3.777125,0.0120306237301354
3.77725,0.0170138712429991
3.777375,0.0120306237301706
3.7775,3.75623792524683e-14
3.777625,-0.0120306237301175
3.77775,-0.0170138712429991
3.777875,-0.0120306237301885
3.778,-6.28910909372983e-14
3.778125,0.0120306237301434
3.77825,0.0170138712429991
3.778375,0.0120306237302064
3.7785,2.63236996135103e-14
3.778625,-0.0120306237301254
3.77875,-0.0170138712429991
3.778875,-0.0120306237301806
3.779,-5.16524112983403e-14
3.779125,0.0120306237301513
3.77925,0.0170138712429991
3.779375,0.0120306237301985
3.7795,1.50850199745523e-14
3.779625,-0.0120306237301334
3.77975,-0.0170138712429991
3.779875,-0.0120306237301726
3.78,-4.04137316593823e-14
3.780125,0.0120306237301155
3.78025,0.0170138712429991
3.780375,0.0120306237301905
3.7805,6.57424433442123e-14
3.780625,-0.0120306237301413
3.78075,-0.0170138712429991
3.780875,-0.0120306237302085
3.781,-2.91750520204244e-14
3.781125,0.0120306237301234
3.78125,0.0170138712429991
3.781375,0.0120306237301826
3.7815,5.45037637052544e-14
3.781625,-0.0120306237301493
3.78175,-0.0170138712429991
3.781875,-0.0120306237302005
3.782,-1.79363723814664e-14
3.782125,0.0120306237301314
3.78225,0.0170138712429991
3.782375,0.0120306237301746
3.7825,4.32650840662964e-14
3.782625,-0.0120306237301135
3.78275,-0.0170138712429991
3.782875,-0.0120306237301926
3.783,-6.85937957511264e-14
3.783125,0.0120306237301393
3.78325,0.0170138712429991
3.783375,0.0120306237302105
3.7835,3.20264044273384e-14
3.783625,-0.0120306237301214
3.78375,-0.0170138712429991
3.783875,-0.0120306237301846
3.784,-5.73551161121684e-14
3.784125,0.0120306237301473
3.78425,0.0170138712429991
3.784375,0.0120306237302025
3.7845,2.07877247883804e-14
3.784625,-0.0120306237301294
3.78475,-0.0170138712429991
3.784875,-0.0120306237301767
3.785,-4.61164364732104e-14
3.785125,0.0120306237301114
3.78525,0.0170138712429991
3.785375,0.0120306237301946
3.7855,7.14451481580404e-14
3.785625,-0.0120306237301373
3.78575,-0.0170138712429991
3.785875,-0.0120306237302125
3.786,-3.48777568342524e-14
3.786125,0.0120306237301632
3.78625,0.0170138712429991
3.786375,0.0120306237301866
3.7865,-1.68963448953553e-15
3.786625,-0.0120306237301015
3.78675,-0.0170138712429991
3.786875,-0.0120306237301608
3.787,-2.36390771952945e-14
3.787125,0.0120306237301273
3.78725,0.0170138712429991
3.787375,0.0120306237301787
3.7875,4.89677888801244e-14
3.787625,-0.0120306237301094
3.78775,-0.0170138712429991
3.787875,-0.0120306237301966
3.788,-7.42965005649544e-14
3.788125,0.0120306237301353
3.78825,0.0170138712429991
3.788375,0.0120306237302145
3.7885,3.77291092411665e-14
3.788625,-0.0120306237301611
3.78875,-0.0170138712429991
3.788875,-0.0120306237301886
3.789,-1.1617179173785e-15
3.789125,0.0120306237300995
3.78925,0.0170138712429991
3.789375,0.0120306237301628
3.7895,2.64904296022085e-14
3.789625,-0.0120306237301253
3.78975,-0.0170138712429991
3.789875,-0.0120306237301807
3.79,-5.18191412870385e-14
3.790125,0.0120306237301512
3.79025,0.0170138712429991
3.790375,0.0120306237301986
3.7905,1.52517499632505e-14
3.790625,-0.0120306237301333
3.79075,-0.0170138712429991
3.790875,-0.0120306237301728
3.791,-4.05804616480805e-14
3.791125,0.0120306237301154
3.79125,0.0170138712429991
3.791375,0.0120306237301907
3.7915,4.01307032429254e-15
3.791625,-0.0120306237300975
3.79175,-0.0170138712429991
3.791875,-0.0120306237301648
3.792,-9.12378850177405e-14
3.792125,0.0120306237301233
3.79225,0.0170138712429991
3.792375,0.0120306237301827
3.7925,5.46704936939525e-14
3.792625,-0.0120306237301492
3.79275,-0.0170138712429991
3.792875,-0.0120306237302006
3.793,-1.81031023701645e-14
3.793125,0.0120306237301313
3.79325,0.0170138712429991
3.793375,0.0120306237301748
3.7935,4.34318140549945e-14
3.793625,-0.0120306237301133
3.79375,-0.0170138712429991
3.793875,-0.0120306237301927
3.794,-6.86442273120657e-15
3.794125,0.0120306237301392
3.79425,0.0170138712429991
3.794375,0.0120306237301668
3.7945,3.21931344160366e-14
3.794625,-0.0120306237301213
3.79475,-0.0170138712429991
3.794875,-0.0120306237301847
3.795,-5.75218461008665e-14
3.795125,0.0120306237301471
3.79525,0.0170138712429991
3.795375,0.0120306237302026
3.7955,2.09544547770786e-14
3.795625,-0.0120306237301292
3.79575,-0.0170138712429991
3.795875,-0.0120306237301768
3.796,-4.62831664619086e-14
3.796125,0.0120306237301113
3.79625,0.0170138712429991
3.796375,0.0120306237301947
3.7965,7.16118781467386e-14
3.796625,-0.0120306237301372
3.79675,-0.0170138712429991
3.796875,-0.0120306237301688
3.797,-3.50444868229506e-14
3.797125,0.0120306237301193
3.79725,0.0170138712429991
3.797375,0.0120306237301867
3.7975,6.03731985077806e-14
3.797625,-0.0120306237301451
3.79775,-0.0170138712429991
3.797875,-0.0120306237302047
3.798,-2.38058071839926e-14
3.798125,0.0120306237301272
3.79825,0.0170138712429991
3.798375,0.0120306237301788
3.7985,4.91345188688226e-14
3.798625,-0.0120306237301093
3.79875,-0.0170138712429991
3.798875,-0.0120306237301967
3.799,-7.44632305536526e-14
3.799125,0.0120306237301352
3.79925,0.0170138712429991
3.799375,0.0120306237302146
3.7995,3.78958392298646e-14
3.799625,-0.0120306237301173
3.79975,-0.0170138712429991
3.799875,-0.0120306237301888
3.8,-6.32245509146946e-14
3.800125,0.0120306237301431
3.80025,0.0170138712429991
3.800375,0.0120306237302067
3.8005,2.66571595909067e-14
3.800625,-0.0120306237301252
3.80075,-0.0170138712429991
3.800875,-0.0120306237301808
3.801,-5.19858712757366e-14
3.801125,0.0120306237301073
3.80125,0.0170138712429991
3.801375,0.012030623730155
3.8015,7.73145829605666e-14
3.801625,-0.0120306237301332
3.80175,-0.0170138712429991
3.801875,-0.0120306237302166
3.802,-4.07471916367787e-14
3.802125,0.012030623730159
3.80225,0.0170138712429991
3.802375,0.0120306237301908
3.8025,4.1798003129907e-15
3.802625,-0.0120306237301411
3.80275,-0.0170138712429991
3.802875,-0.0120306237302087
3.803,-2.95085119978207e-14
3.803125,0.0120306237301232
3.80325,0.0170138712429991
3.803375,0.0120306237301828
3.8035,5.48372236826507e-14
3.803625,-0.0120306237301053
3.80375,-0.0170138712429991
3.803875,-0.0120306237302007
3.804,-8.01659353674807e-14
3.804125,0.0120306237301311
3.80425,0.0170138712429991
3.804375,0.0120306237302187
3.8045,4.35985440436927e-14
3.804625,-0.012030623730157
3.80475,-0.0170138712429991
3.804875,-0.0120306237301928
3.805,-7.03115271990474e-15
3.805125,0.0120306237301391
3.80525,0.0170138712429991
3.805375,0.0120306237301669
3.8055,3.23598644047347e-14
3.805625,-0.0120306237301212
3.80575,-0.0170138712429991
3.805875,-0.0120306237301848
3.806,-5.76885760895647e-14
3.806125,0.012030623730147
3.80625,0.0170138712429991
3.806375,0.0120306237302028
3.8065,2.11211847657767e-14
3.806625,-0.0120306237301291
3.80675,-0.0170138712429991
3.806875,-0.0120306237302207
3.807,-4.64498964506067e-14
3.807125,0.012030623730155
3.80725,0.0170138712429991
3.807375,0.0120306237301948
3.8075,9.88250512681877e-15
3.807625,-0.0120306237301371
3.80775,-0.0170138712429991
3.807875,-0.012030623730169
3.808,-3.52112168116488e-14
3.808125,0.0120306237301192
3.80825,0.0170138712429991
3.808375,0.0120306237301869
3.8085,6.05399284964787e-14
3.808625,-0.012030623730145
3.80875,-0.0170138712429991
3.808875,-0.0120306237302048
3.809,-2.39725371726908e-14
3.809125,0.0120306237301271
3.80925,0.0170138712429991
3.809375,0.0120306237301789
3.8095,4.93012488575208e-14
3.809625,-0.012030623730153
3.80975,-0.0170138712429991
3.809875,-0.0120306237301968
3.81,-1.27338575337328e-14
3.810125,0.0120306237301351
3.81025,0.0170138712429991
3.810375,0.012030623730171
3.8105,3.80625692185628e-14
3.810625,-0.0120306237301171
3.81075,-0.0170138712429991
3.810875,-0.0120306237301889
3.811,-6.33912809033928e-14
3.811125,0.012030623730143
3.81125,0.0170138712429991
3.811375,0.0120306237302068
3.8115,2.68238895796048e-14
3.811625,-0.0120306237301251
3.81175,-0.0170138712429991
3.811875,-0.0120306237301809
3.812,-5.21526012644348e-14
3.812125,0.0120306237301072
3.81225,0.0170138712429991
3.812375,0.0120306237301988
3.8125,1.55852099406468e-14
3.812625,-0.012030623730133
3.81275,-0.0170138712429991
3.812875,-0.012030623730173
3.813,-4.09139216254768e-14
3.813125,0.0120306237301151
3.81325,0.0170138712429991
3.813375,0.0120306237301909
3.8135,6.62426333103068e-14
3.813625,-0.012030623730141
3.81375,-0.0170138712429991
3.813875,-0.0120306237302088
3.814,-2.96752419865189e-14
3.814125,0.0120306237301668
3.81425,0.0170138712429991
3.814375,0.0120306237301829
3.8145,5.50039536713488e-14
3.814625,-0.0120306237301052
3.81475,-0.0170138712429991
3.814875,-0.0120306237302009
3.815,-1.84365623475609e-14
3.815125,0.012030623730131
3.81525,0.0170138712429991
3.815375,0.012030623730175
3.8155,4.37652740323909e-14
3.815625,-0.0120306237301131
3.81575,-0.0170138712429991
3.815875,-0.0120306237301929
3.816,-6.90939857172209e-14
3.816125,0.012030623730139
3.81625,0.0170138712429991
3.816375,0.0120306237302108
3.8165,3.25265943934329e-14
3.816625,-0.0120306237301211
3.81675,-0.0170138712429991
3.816875,-0.012030623730185
3.817,4.04079693035508e-15
3.817125,0.0120306237301031
3.81725,0.0170138712429991
3.817375,0.0120306237301591
3.8175,8.31840177630929e-14
3.817625,-0.012030623730129
3.81775,-0.0170138712429991
3.817875,-0.012030623730177
3.818,-4.66166264393049e-14
3.818125,0.0120306237301549
3.81825,0.0170138712429991
3.818375,0.0120306237301949
3.8185,7.19453381241349e-14
3.818625,-0.0120306237301369
3.81875,-0.0170138712429991
3.818875,-0.0120306237302128
3.819,-3.53779468003469e-14
3.819125,0.012030623730119
3.81925,0.0170138712429991
3.819375,0.012030623730187
3.8195,-1.18944452344104e-15
3.819625,-0.0120306237301011
3.81975,-0.0170138712429991
3.819875,-0.0120306237301611
3.82,-8.60353701700069e-14
3.820125,0.012030623730127
3.82025,0.0170138712429991
3.820375,0.012030623730179
3.8205,4.94679788462189e-14
3.820625,-0.0120306237301528
3.82075,-0.0170138712429991
3.820875,-0.0120306237301969
3.821,-1.2900587522431e-14
3.821125,0.0120306237301349
3.82125,0.0170138712429991
3.821375,0.0120306237301711
3.8215,3.8229299207261e-14
3.821625,-0.012030623730117
3.82175,-0.0170138712429991
3.821875,-0.012030623730189
3.822,-6.3558010892091e-14
3.822125,0.0120306237301429
3.82225,0.0170138712429991
3.822375,0.0120306237301631
3.8225,8.88867225769209e-14
3.822625,-0.012030623730125
3.82275,-0.0170138712429991
3.822875,-0.0120306237302248
3.823,-5.2319331253133e-14
3.823125,0.0120306237301508
3.82325,0.0170138712429991
3.823375,0.012030623730199
3.8235,1.5751939929345e-14
3.823625,-0.0120306237301329
3.82375,-0.0170138712429991
3.823875,-0.0120306237301731
3.824,-4.1080651614175e-14
3.824125,0.012030623730115
3.82425,0.0170138712429991
3.824375,0.012030623730191
3.8245,6.6409363299005e-14
3.824625,-0.0120306237301409
3.82475,-0.0170138712429991
3.824875,-0.0120306237302089
3.825,-2.9841971975217e-14
3.825125,0.012030623730123
3.82525,0.0170138712429991
3.825375,0.0120306237301831
3.8255,5.5170683660047e-14
3.825625,-0.0120306237301488
3.82575,-0.0170138712429991
3.825875,-0.012030623730201
3.826,-1.8603292336259e-14
3.826125,0.0120306237301309
3.82625,0.0170138712429991
3.826375,0.0120306237301751
3.8265,4.3932004021089e-14
3.826625,-0.012030623730113
3.82675,-0.0170138712429991
3.826875,-0.012030623730193
3.827,-6.9260715705919e-14
3.827125,0.0120306237301388
3.82725,0.0170138712429991
3.827375,0.0120306237302109
3.8275,3.2693324382131e-14
3.827625,-0.0120306237301209
3.82775,-0.0170138712429991
3.827875,-0.0120306237301851
3.828,-5.8022036066961e-14
3.828125,0.0120306237301468
3.82825,0.0170138712429991
3.828375,0.012030623730203
3.8285,2.14546447431731e-14
3.828625,-0.0120306237301289
3.82875,-0.0170138712429991
3.828875,-0.0120306237301771
3.829,-4.67833564280031e-14
3.829125,0.012030623730111
3.82925,0.0170138712429991
3.829375,0.012030623730195
3.8295,7.21120681128331e-14
3.829625,-0.0120306237301368
3.82975,-0.0170138712429991
3.829875,-0.012030623730213
3.83,-3.55446767890451e-14
3.830125,0.0120306237301189
3.83025,0.0170138712429991
3.830375,0.0120306237301871
3.8305,6.08733884738751e-14
3.830625,-0.0120306237301448
3.83075,-0.0170138712429991
3.830875,-0.012030623730205
3.831,-2.43059971500871e-14
3.831125,0.0120306237301269
3.83125,0.0170138712429991
3.831375,0.0120306237301792
3.8315,4.96347088349171e-14
3.831625,-0.012030623730109
3.83175,-0.0170138712429991
3.831875,-0.0120306237301971
3.832,-7.49634205197471e-14
3.832125,0.0120306237301348
3.83225,0.0170138712429991
3.832375,0.012030623730215
3.8325,3.83960291959591e-14
3.832625,-0.0120306237301607
3.83275,-0.0170138712429991
3.832875,-0.0120306237301891
3.833,-1.82863787217116e-15
3.833125,0.0120306237301428
3.83325,0.0170138712429991
3.833375,0.0120306237301633
3.8335,2.71573495570011e-14
3.833625,-0.0120306237301249
3.83375,-0.0170138712429991
3.833875,-0.0120306237301812
3.834,-5.24860612418311e-14
3.834125,0.0120306237301069
3.83425,0.0170138712429991
3.834375,0.0120306237301991
3.8345,7.78147729266611e-14
3.834625,-0.0120306237301328
3.83475,-0.0170138712429991
3.834875,-0.012030623730217
3.835,-4.12473816028732e-14
3.835125,0.0120306237301587
3.83525,0.0170138712429991
3.835375,0.0120306237301911
3.8355,4.67999027908519e-15
3.835625,-0.012030623730097
3.83575,-0.0170138712429991
3.835875,-0.0120306237301653
3.836,-3.00087019639152e-14
3.836125,0.0120306237301228
3.83625,0.0170138712429991
3.836375,0.0120306237301832
3.8365,5.53374136487452e-14
3.836625,-0.0120306237301487
3.83675,-0.0170138712429991
3.836875,-0.0120306237302011
3.837,-1.87700223249572e-14
3.837125,0.0120306237301308
3.83725,0.0170138712429991
3.837375,0.0120306237301752
3.8375,4.40987340097872e-14
3.837625,-0.0120306237301129
3.83775,-0.0170138712429991
3.837875,-0.0120306237301931
3.838,-7.53134268599923e-15
3.838125,0.012030623730095
3.83825,0.0170138712429991
3.838375,0.0120306237301673
3.8385,3.28600543708292e-14
3.838625,-0.0120306237301208
3.83875,-0.0170138712429991
3.838875,-0.0120306237301852
3.839,-5.81887660556592e-14
3.839125,0.0120306237301467
3.83925,0.0170138712429991
3.839375,0.0120306237302031
3.8395,2.16213747318712e-14
3.839625,-0.0120306237301288
3.83975,-0.0170138712429991
3.839875,-0.0120306237301773
3.84,-4.69500864167012e-14
3.840125,0.0120306237301109
3.84025,0.0170138712429991
3.840375,0.0120306237301952
3.8405,1.03826950929133e-14
3.840625,-0.0120306237301367
3.84075,-0.0170138712429991
3.840875,-0.0120306237301693
3.841,-3.57114067777432e-14
3.841125,0.0120306237301188
3.84125,0.0170138712429991
3.841375,0.0120306237301872
3.8415,6.10401184625732e-14
3.841625,-0.0120306237301447
3.84175,-0.0170138712429991
3.841875,-0.0120306237302051
3.842,-2.44727271387853e-14
3.842125,0.0120306237301267
3.84225,0.0170138712429991
3.842375,0.0120306237301793
3.8425,4.98014388236153e-14
3.842625,-0.0120306237301088
3.84275,-0.0170138712429991
3.842875,-0.0120306237301972
3.843,-7.51301505084453e-14
3.843125,0.0120306237301347
3.84325,0.0170138712429991
3.843375,0.0120306237301713
3.8435,3.85627591846573e-14
3.843625,-0.0120306237301168
3.84375,-0.0170138712429991
3.843875,-0.0120306237301892
3.844,-6.38914708694873e-14
3.844125,0.0120306237301426
3.84425,0.0170138712429991
3.844375,0.0120306237302071
3.8445,2.73240795456993e-14
3.844625,-0.0120306237301247
3.84475,-0.0170138712429991
3.844875,-0.0120306237301813
3.845,9.24331177808866e-15
3.845125,0.0120306237301068
3.84525,0.0170138712429991
3.845375,0.0120306237301554
3.8455,7.79815029153593e-14
3.845625,-0.0120306237301327
3.84575,-0.0170138712429991
3.845875,-0.0120306237301733
3.846,-4.14141115915713e-14
3.846125,0.0120306237301148
3.84625,0.0170138712429991
3.846375,0.0120306237301913
3.8465,6.67428232764013e-14
3.846625,-0.0120306237301406
3.84675,-0.0170138712429991
3.846875,-0.0120306237302092
3.847,-3.01754319526133e-14
3.847125,0.0120306237301227
3.84725,0.0170138712429991
3.847375,0.0120306237301833
3.8475,5.55041436374433e-14
3.847625,-0.0120306237301048
3.84775,-0.0170138712429991
3.847875,-0.0120306237301574
3.848,-8.08328553222733e-14
3.848125,0.0120306237301307
3.84825,0.0170138712429991
3.848375,0.0120306237302191
3.8485,4.42654639984854e-14
3.848625,-0.0120306237301565
3.84875,-0.0170138712429991
3.848875,-0.0120306237301933
3.849,-7.69807267469739e-15
3.849125,0.0120306237301386
3.84925,0.0170138712429991
3.849375,0.0120306237301674
3.8495,3.30267843595274e-14
3.849625,-0.0120306237301207
3.84975,-0.0170138712429991
3.849875,-0.0120306237301853
3.85,-5.83554960443574e-14
3.850125,0.0120306237301028
3.85025,0.0170138712429991
3.850375,0.0120306237302032
3.8505,8.36842077291874e-14
3.850625,-0.0120306237301286
3.85075,-0.0170138712429991
3.850875,-0.0120306237302211
3.851,-4.71168164053994e-14
3.851125,0.0120306237301545
3.85125,0.0170138712429991
3.851375,0.0120306237301953
3.8515,1.05494250816114e-14
3.851625,-0.0120306237301366
3.85175,-0.0170138712429991
3.851875,-0.0120306237301694
3.852,-3.58781367664414e-14
3.852125,0.0120306237301187
3.85225,0.0170138712429991
3.852375,0.0120306237301873
3.8525,6.12068484512714e-14
3.852625,-0.0120306237301445
3.85275,-0.0170138712429991
3.852875,-0.0120306237302052
3.853,-2.46394571274834e-14
3.853125,0.0120306237301266
3.85325,0.0170138712429991
3.853375,0.0120306237301794
3.8535,4.99681688123134e-14
3.853625,-0.0120306237301525
3.85375,-0.0170138712429991
3.853875,-0.0120306237301973
3.854,-1.34007774885255e-14
3.854125,0.0120306237301346
3.85425,0.0170138712429991
3.854375,0.0120306237301714
3.8545,3.87294891733555e-14
3.854625,-0.0120306237301167
3.85475,-0.0170138712429991
3.854875,-0.0120306237301894
3.855,-6.40582008581854e-14
3.855125,0.0120306237301425
3.85525,0.0170138712429991
3.855375,0.0120306237302073
3.8555,2.74908095343975e-14
3.855625,-0.0120306237301246
3.85575,-0.0170138712429991
3.855875,-0.0120306237301814
3.856,-5.28195212192275e-14
3.856125,0.0120306237301505
3.85625,0.0170138712429991
3.856375,0.0120306237301993
3.8565,1.62521298954395e-14
3.856625,-0.0120306237301326
3.85675,-0.0170138712429991
3.856875,-0.0120306237301735
3.857,-4.15808415802695e-14
3.857125,0.0120306237301147
3.85725,0.0170138712429991
3.857375,0.0120306237301914
3.8575,6.69095532650995e-14
3.857625,-0.0120306237301405
3.85775,-0.0170138712429991
3.857875,-0.0120306237302093
3.858,-3.03421619413115e-14
3.858125,0.0120306237301226
3.85825,0.0170138712429991
3.858375,0.0120306237301834
3.8585,5.56708736261415e-14
3.858625,-0.0120306237301485
3.85875,-0.0170138712429991
3.858875,-0.0120306237302013
3.859,-1.91034823023535e-14
3.859125,0.0120306237301305
3.85925,0.0170138712429991
3.859375,0.0120306237301755
3.8595,4.44321939871835e-14
3.859625,-0.0120306237301126
3.85975,-0.0170138712429991
3.859875,-0.0120306237301934
3.86,-6.97609056720135e-14
3.860125,0.0120306237301385
3.86025,0.0170138712429991
3.860375,0.0120306237302113
3.8605,3.31935143482255e-14
3.860625,-0.0120306237301644
3.86075,-0.0170138712429991
3.860875,-0.0120306237301854
3.861,3.37387697556242e-15
3.861125,0.0120306237301027
3.86125,0.0170138712429991
3.861375,0.0120306237302033
3.8615,2.19548347092676e-14
3.861625,-0.0120306237301285
3.86175,-0.0170138712429991
3.861875,-0.0120306237301775
3.862,-4.72835463940976e-14
3.862125,0.0120306237301106
3.86225,0.0170138712429991
3.862375,0.0120306237301954
3.8625,7.26122580789275e-14
3.862625,-0.0120306237301365
3.86275,-0.0170138712429991
3.862875,-0.0120306237302133
3.863,-3.60448667551396e-14
3.863125,0.0120306237301186
3.86325,0.0170138712429991
3.863375,0.0120306237301875
3.8635,-5.22524568648386e-16
3.863625,-0.0120306237301007
3.86375,-0.0170138712429991
3.863875,-0.0120306237301616
3.864,-2.48061871161816e-14
3.864125,0.0120306237301265
3.86425,0.0170138712429991
3.864375,0.0120306237301795
3.8645,5.01348988010116e-14
3.864625,-0.0120306237301524
3.86475,-0.0170138712429991
3.864875,-0.0120306237301974
3.865,-1.35675074772236e-14
3.865125,0.0120306237301345
3.86525,0.0170138712429991
3.865375,0.0120306237302153
3.8655,3.88962191620536e-14
3.865625,-0.0120306237301166
3.86575,-0.0170138712429991
3.865875,-0.0120306237301895
3.866,-2.32882783826565e-15
3.866125,0.0120306237300986
3.86625,0.0170138712429991
3.866375,0.0120306237301636
3.8665,8.95536425317136e-14
3.866625,-0.0120306237301245
3.86675,-0.0170138712429991
3.866875,-0.0120306237301815
3.867,-5.29862512079256e-14
3.867125,0.0120306237301504
3.86725,0.0170138712429991
3.867375,0.0120306237301994
3.8675,1.64188598841377e-14
3.867625,-0.0120306237301324
3.86775,-0.0170138712429991
3.867875,-0.0120306237301736
3.868,-4.17475715689677e-14
3.868125,0.0120306237301145
3.86825,0.0170138712429991
3.868375,0.0120306237301915
3.8685,6.70762832537976e-14
3.868625,-0.0120306237301404
3.86875,-0.0170138712429991
3.868875,-0.0120306237301656
3.869,-3.05088919300097e-14
3.869125,0.0120306237301225
3.86925,0.0170138712429991
3.869375,0.0120306237302273
3.8695,5.58376036148397e-14
3.869625,-0.0120306237301483
3.86975,-0.0170138712429991
3.869875,-0.0120306237302015
3.87,-1.92702122910517e-14
3.870125,0.0120306237301304
3.87025,0.0170138712429991
3.870375,0.0120306237301756
3.8705,4.45989239758817e-14
3.870625,-0.0120306237301125
3.87075,-0.0170138712429991
3.870875,-0.0120306237301935
3.871,-6.99276356607117e-14
3.871125,0.0120306237301384
3.87125,0.0170138712429991
3.871375,0.0120306237301676
3.8715,3.33602443369237e-14
3.871625,-0.0120306237301205
3.87175,-0.0170138712429991
3.871875,-0.0120306237301856
3.872,-5.86889560217537e-14
3.872125,0.0120306237301463
3.87225,0.0170138712429991
3.872375,0.0120306237302035
3.8725,2.21215646979657e-14
3.872625,-0.0120306237301284
3.87275,-0.0170138712429991
3.872875,-0.0120306237301776
3.873,-4.74502763827957e-14
3.873125,0.0120306237301105
3.87325,0.0170138712429991
3.873375,0.0120306237301955
3.8735,7.27789880676257e-14
3.873625,-0.0120306237301364
3.87375,-0.0170138712429991
3.873875,-0.0120306237302134
3.874,-3.62115967438377e-14
3.874125,0.0120306237301185
3.87425,0.0170138712429991
3.874375,0.0120306237301876
3.8745,6.15403084286677e-14
3.874625,-0.0120306237301443
3.87475,-0.0170138712429991
3.874875,-0.0120306237302055
3.875,-2.49729171048798e-14
3.875125,0.0120306237301264
3.87525,0.0170138712429991
3.875375,0.0120306237301796
3.8755,5.03016287897098e-14
3.875625,-0.0120306237301085
3.87575,-0.0170138712429991
3.875875,-0.0120306237301975
3.876,-7.56303404745397e-14
3.876125,0.0120306237301343
3.87625,0.0170138712429991
3.876375,0.0120306237302154
3.8765,3.90629491507518e-14
3.876625,-0.0120306237301602
3.87675,-0.0170138712429991
3.876875,-0.0120306237301896
3.877,-6.43916608355818e-14
3.877125,0.0120306237301423
3.87725,0.0170138712429991
3.877375,0.0120306237302075
3.8775,2.78242695117938e-14
3.877625,-0.0120306237301244
3.87775,-0.0170138712429991
3.877875,-0.0120306237301816
3.878,-5.31529811966238e-14
3.878125,0.0120306237301065
3.87825,0.0170138712429991
3.878375,0.0120306237301996
3.8785,7.84816928814538e-14
3.878625,-0.0120306237301323
3.87875,-0.0170138712429991
3.878875,-0.0120306237302175
3.879,-4.19143015576658e-14
3.879125,0.0120306237301582
3.87925,0.0170138712429991
3.879375,0.0120306237301916
3.8795,5.34691023387785e-15
3.879625,-0.0120306237301403
3.87975,-0.0170138712429991
3.879875,-0.0120306237301657
3.88,-3.06756219187078e-14
3.880125,0.0120306237301224
3.88025,0.0170138712429991
3.880375,0.0120306237301837
3.8805,5.60043336035378e-14
3.880625,-0.0120306237301482
3.88075,-0.0170138712429991
3.880875,-0.0120306237302016
3.881,-8.13330452883678e-14
3.881125,0.0120306237301303
3.88125,0.0170138712429991
3.881375,0.0120306237302195
3.8815,4.47656539645798e-14
3.881625,-0.0120306237301562
3.88175,-0.0170138712429991
3.881875,-0.0120306237301936
3.882,-8.19826264079188e-15
3.882125,0.0120306237300945
3.88225,0.0170138712429991
3.882375,0.0120306237301678
3.8825,3.35269743256219e-14
3.882625,-0.0120306237301203
3.88275,-0.0170138712429991
3.882875,-0.0120306237301857
3.883,-5.88556860104519e-14
3.883125,0.0120306237301462
3.88325,0.0170138712429991
3.883375,0.0120306237302036
3.8835,2.22882946866639e-14
3.883625,-0.0120306237301283
3.88375,-0.0170138712429991
3.883875,-0.0120306237301777
3.884,-4.76170063714939e-14
3.884125,0.0120306237301542
3.88425,0.0170138712429991
3.884375,0.0120306237301956
3.8845,1.10496150477059e-14
3.884625,-0.0120306237301362
3.88475,-0.0170138712429991
3.884875,-0.0120306237301698
3.885,-3.63783267325359e-14
3.885125,0.0120306237301183
3.88525,0.0170138712429991
3.885375,0.0120306237301877
3.8855,6.17070384173659e-14
3.885625,-0.0120306237301442
3.88575,-0.0170138712429991
3.885875,-0.0120306237302056
3.886,-2.51396470935779e-14
3.886125,0.0120306237301263
3.88625,0.0170138712429991
3.886375,0.0120306237301797
3.8865,5.04683587784079e-14
3.886625,-0.0120306237301084
3.88675,-0.0170138712429991
3.886875,-0.0120306237301977
3.887,-1.390096745462e-14
3.887125,0.0120306237301342
3.88725,0.0170138712429991
3.887375,0.0120306237301718
3.8875,3.92296791394499e-14
3.887625,-0.0120306237301163
3.88775,-0.0170138712429991
3.887875,-0.0120306237301897
3.888,-6.45583908242799e-14
3.888125,0.0120306237301422
3.88825,0.0170138712429991
3.888375,0.0120306237302076
3.8885,2.7990999500492e-14
3.888625,-0.0120306237301243
3.88875,-0.0170138712429991
3.888875,-0.0120306237301818
3.889,-5.3319711185322e-14
3.889125,0.0120306237301064
3.88925,0.0170138712429991
3.889375,0.0120306237301997
3.8895,1.6752319861534e-14
3.889625,-0.0120306237301322
3.88975,-0.0170138712429991
3.889875,-0.0120306237301738
3.89,-4.2081031546364e-14
3.890125,0.0120306237301143
3.89025,0.0170138712429991
3.890375,0.0120306237301917
3.8905,6.7409743231194e-14
3.890625,-0.0120306237301402
3.89075,-0.0170138712429991
3.890875,-0.0120306237302096
3.891,-3.0842351907406e-14
3.891125,0.0120306237301222
3.89125,0.0170138712429991
3.891375,0.0120306237301838
3.8915,-5.72503941638196e-15
3.891625,-0.0120306237301043
3.89175,-0.0170138712429991
3.891875,-0.0120306237301579
3.892,-8.1499775277066e-14
3.892125,0.0120306237301302
3.89225,0.0170138712429991
3.892375,0.0120306237301758
3.8925,4.4932383953278e-14
3.892625,-0.0120306237301123
3.89275,-0.0170138712429991
3.892875,-0.0120306237301937
3.893,-7.0261095638108e-14
3.893125,0.0120306237301381
3.89325,0.0170138712429991
3.893375,0.0120306237302116
3.8935,3.369370431432e-14
3.893625,-0.0120306237301202
3.89375,-0.0170138712429991
3.893875,-0.0120306237301858
3.894,-5.902241599915e-14
3.894125,0.0120306237301023
3.89425,0.0170138712429991
3.894375,0.0120306237301599
3.8945,8.435112768398e-14
3.894625,-0.0120306237301282
3.89475,-0.0170138712429991
3.894875,-0.0120306237302216
3.895,-4.7783736360192e-14
3.895125,0.012030623730154
3.89525,0.0170138712429991
3.895375,0.0120306237301958
3.8955,1.12163450364041e-14
3.895625,-0.0120306237301361
3.89575,-0.0170138712429991
3.895875,-0.0120306237301699
3.896,-3.65450567212341e-14
3.896125,0.0120306237301182
3.89625,0.0170138712429991
3.896375,0.0120306237301878
3.8965,6.18737684060641e-14
3.896625,-0.0120306237301003
3.89675,-0.0170138712429991
3.896875,-0.012030623730162
3.897,-8.7202480090894e-14
3.897125,0.0120306237301262
3.89725,0.0170138712429991
3.897375,0.0120306237302236
3.8975,5.06350887671061e-14
3.897625,-0.012030623730152
3.89775,-0.0170138712429991
3.897875,-0.0120306237301978
3.898,-1.40676974433181e-14
3.898125,0.0120306237301341
3.89825,0.0170138712429991
3.898375,0.0120306237301719
3.8985,3.93964091281481e-14
3.898625,-0.0120306237301162
3.89875,-0.0170138712429991
3.898875,-0.0120306237301898
3.899,-6.47251208129781e-14
3.899125,0.0120306237301421
3.89925,0.0170138712429991
3.899375,0.0120306237302077
3.8995,2.81577294891901e-14
3.899625,-0.0120306237301241
3.89975,-0.0170138712429991
3.899875,-0.0120306237301819
3.9,-5.34864411740201e-14
3.900125,0.01203062373015
3.90025,0.0170138712429991
3.900375,0.0120306237301998
3.9005,1.69190498502322e-14
3.900625,-0.0120306237301321
3.90075,-0.0170138712429991
3.900875,-0.0120306237301739
3.901,-4.22477615350621e-14
3.901125,0.0120306237301142
3.90125,0.0170138712429991
3.901375,0.0120306237301918
3.9015,6.75764732198921e-14
3.901625,-0.01203062373014
3.90175,-0.0170138712429991
3.901875,-0.0120306237302097
3.902,-3.10090818961042e-14
3.902125,0.0120306237301221
3.90225,0.0170138712429991
3.902375,0.0120306237301839
3.9025,5.63377935809341e-14
3.902625,-0.012030623730148
3.90275,-0.0170138712429991
3.902875,-0.0120306237302018
3.903,-1.97704022571462e-14
3.903125,0.0120306237301301
3.90325,0.0170138712429991
3.903375,0.0120306237301759
3.9035,4.50991139419762e-14
3.903625,-0.0120306237301122
3.90375,-0.0170138712429991
3.903875,-0.0120306237301939
3.904,-7.04278256268062e-14
3.904125,0.012030623730138
3.90425,0.0170138712429991
3.904375,0.0120306237302118
3.9045,3.38604343030182e-14
3.904625,-0.0120306237301201
3.90475,-0.0170138712429991
3.904875,-0.0120306237301859
3.905,-5.91891459878482e-14
3.905125,0.012030623730146
3.90525,0.0170138712429991
3.905375,0.0120306237302038
3.9055,2.26217546640602e-14
3.905625,-0.0120306237301281
3.90575,-0.0170138712429991
3.905875,-0.012030623730178
3.906,-4.79504663488902e-14
3.906125,0.0120306237301102
3.90625,0.0170138712429991
3.906375,0.0120306237301959
3.9065,7.32791780337202e-14
3.906625,-0.012030623730136
3.90675,-0.0170138712429991
3.906875,-0.0120306237302138
3.907,-3.67117867099322e-14
3.907125,0.0120306237301619
3.90725,0.0170138712429991
3.907375,0.0120306237301879
3.9075,1.44395386144269e-16
3.907625,-0.0120306237301002
3.90775,-0.0170138712429991
3.907875,-0.0120306237301621
3.908,-2.54731070709743e-14
3.908125,0.012030623730126
3.90825,0.0170138712429991
3.908375,0.01203062373018
3.9085,5.08018187558042e-14
3.908625,-0.0120306237301081
3.90875,-0.0170138712429991
3.908875,-0.0120306237301979
3.909,-7.61305304406342e-14
3.909125,0.012030623730134
3.90925,0.0170138712429991
3.909375,0.0120306237302158
3.9095,3.95631391168463e-14
3.909625,-0.0120306237301598
3.90975,-0.0170138712429991
3.909875,-0.0120306237301899
3.91,-2.9957477930583e-15
3.910125,0.0120306237300982
3.91025,0.0170138712429991
3.910375,0.0120306237301641
3.9105,2.83244594778883e-14
3.910625,-0.012030623730124
3.91075,-0.0170138712429991
3.910875,-0.012030623730182
3.911,-5.36531711627183e-14
3.911125,0.0120306237301499
3.91125,0.0170138712429991
3.911375,0.0120306237301999
3.9115,1.70857798389303e-14
3.911625,-0.012030623730132
3.91175,-0.0170138712429991
3.911875,-0.012030623730174
3.912,-4.24144915237603e-14
3.912125,0.0120306237301141
3.91225,0.0170138712429991
3.912375,0.012030623730192
3.9125,5.84710019997234e-15
3.912625,-0.0120306237300962
3.91275,-0.0170138712429991
3.912875,-0.0120306237301661
3.913,-9.30719148934203e-14
3.913125,0.012030623730122
3.91325,0.0170138712429991
3.913375,0.012030623730184
3.9135,5.65045235696323e-14
3.913625,-0.0120306237301479
3.91375,-0.0170138712429991
3.913875,-0.0120306237302019
3.914,-1.99371322458444e-14
3.914125,0.01203062373013
3.91425,0.0170138712429991
3.914375,0.0120306237301761
3.9145,4.52658439306743e-14
3.914625,-0.012030623730112
3.91475,-0.0170138712429991
3.914875,-0.012030623730194
3.915,-8.69845260688637e-15
3.915125,0.0120306237301379
3.91525,0.0170138712429991
3.915375,0.0120306237301681
3.9155,3.40271642917164e-14
3.915625,-0.01203062373012
3.91575,-0.0170138712429991
3.915875,-0.012030623730186
3.916,-5.93558759765464e-14
3.916125,0.0120306237301459
3.91625,0.0170138712429991
3.916375,0.0120306237302039
3.9165,2.27884846527584e-14
3.916625,-0.0120306237301279
3.91675,-0.0170138712429991
3.916875,-0.0120306237301781
3.917,-4.81171963375884e-14
3.917125,0.01203062373011
3.91725,0.0170138712429991
3.917375,0.012030623730196
3.9175,7.34459080224184e-14
3.917625,-0.0120306237301359
3.91775,-0.0170138712429991
3.917875,-0.0120306237301701
3.918,-3.68785166986304e-14
3.918125,0.012030623730118
3.91825,0.0170138712429991
3.918375,0.012030623730188
3.9185,6.22072283834604e-14
3.918625,-0.0120306237301438
3.91875,-0.0170138712429991
3.918875,-0.012030623730206
3.919,-2.56398370596724e-14
3.919125,0.0120306237301259
3.91925,0.0170138712429991
3.919375,0.0120306237301801
3.9195,5.09685487445024e-14
3.919625,-0.012030623730108
3.91975,-0.0170138712429991
3.919875,-0.0120306237301542
3.92,-7.62972604293324e-14
3.920125,0.0120306237301339
3.92025,0.0170138712429991
3.920375,0.0120306237302159
3.9205,3.97298691055444e-14
3.920625,-0.012030623730116
3.92075,-0.0170138712429991
3.920875,-0.0120306237301901
3.921,-6.50585807903744e-14
3.921125,0.0120306237301418
3.92125,0.0170138712429991
3.921375,0.012030623730208
3.9215,2.84911894665865e-14
3.921625,-0.0120306237301239
3.92175,-0.0170138712429991
3.921875,-0.0120306237301821
3.922,-5.38199011514164e-14
3.922125,0.012030623730106
3.92225,0.0170138712429991
3.922375,0.0120306237301563
3.9225,7.91486128362464e-14
3.922625,-0.0120306237301319
3.92275,-0.0170138712429991
3.922875,-0.0120306237302179
3.923,-4.25812215124585e-14
3.923125,0.0120306237301577
3.92325,0.0170138712429991
3.923375,0.0120306237301921
3.9235,6.0138301886705e-15
3.923625,-0.0120306237301398
3.92375,-0.0170138712429991
3.923875,-0.01203062373021
3.924,-3.13425418735005e-14
3.924125,0.0120306237301219
3.92425,0.0170138712429991
3.924375,0.0120306237301841
3.9245,5.66712535583305e-14
3.924625,-0.012030623730104
3.92475,-0.0170138712429991
3.924875,-0.012030623730202
3.925,-8.19999652431605e-14
3.925125,0.0120306237301298
3.92525,0.0170138712429991
3.925375,0.0120306237302199
3.9255,4.54325739193725e-14
3.925625,-0.0120306237301557
3.92575,-0.0170138712429991
3.925875,-0.0120306237301941
3.926,-8.86518259558454e-15
3.926125,0.0120306237301378
3.92625,0.0170138712429991
3.926375,0.0120306237301682
3.9265,3.41938942804145e-14
3.926625,-0.0120306237301199
3.92675,-0.0170138712429991
3.926875,-0.0120306237301861
3.927,-5.95226059652445e-14
3.927125,0.0120306237301457
3.92725,0.0170138712429991
3.927375,0.0120306237302041
3.9275,2.29552146414566e-14
3.927625,-0.0120306237301278
3.92775,-0.0170138712429991
3.927875,-0.012030623730222
3.928,-4.82839263262865e-14
3.928125,0.0120306237301537
3.92825,0.0170138712429991
3.928375,0.0120306237301961
3.9285,1.17165350024986e-14
3.928625,-0.0120306237301358
3.92875,-0.0170138712429991
3.928875,-0.0120306237301702
3.929,-3.70452466873286e-14
3.929125,0.0120306237301179
3.92925,0.0170138712429991
3.929375,0.0120306237301882
3.9295,6.23739583721585e-14
3.929625,-0.0120306237301437
3.92975,-0.0170138712429991
3.929875,-0.0120306237302061
3.93,-2.58065670483706e-14
3.930125,0.0120306237301258
3.93025,0.0170138712429991
3.930375,0.0120306237301802
3.9305,5.11352787332006e-14
3.930625,-0.0120306237301517
3.93075,-0.0170138712429991
3.930875,-0.0120306237301981
3.931,-1.45678874094126e-14
3.931125,0.0120306237301338
3.93125,0.0170138712429991
3.931375,0.0120306237301723
3.9315,3.98965990942426e-14
3.931625,-0.0120306237301158
3.93175,-0.0170138712429991
3.931875,-0.0120306237301902
3.932,-6.52253107790726e-14
3.932125,0.0120306237301417
3.93225,0.0170138712429991
3.932375,0.0120306237302081
3.9325,2.86579194552846e-14
3.932625,-0.0120306237301238
3.93275,-0.0170138712429991
3.932875,-0.0120306237301822
3.933,-5.39866311401146e-14
3.933125,0.0120306237301059
3.93325,0.0170138712429991
3.933375,0.0120306237302001
3.9335,1.74192398163266e-14
3.933625,-0.0120306237301317
3.93375,-0.0170138712429991
3.933875,-0.0120306237301743
3.934,-4.27479515011566e-14
3.934125,0.0120306237301138
3.93425,0.0170138712429991
3.934375,0.0120306237301922
3.9345,6.80766631859866e-14
3.934625,-0.0120306237301397
3.93475,-0.0170138712429991
3.934875,-0.0120306237302101
3.935,-3.15092718621987e-14
3.935125,0.0120306237301655
3.93525,0.0170138712429991
3.935375,0.0120306237301842
3.9355,-5.05811946158931e-15
3.935625,-0.0120306237301039
3.93575,-0.0170138712429991
3.935875,-0.0120306237302022
3.936,-2.02705922232407e-14
3.936125,0.0120306237301297
3.93625,0.0170138712429991
3.936375,0.0120306237301763
3.9365,4.55993039080707e-14
3.936625,-0.0120306237301118
3.93675,-0.0170138712429991
3.936875,-0.0120306237301942
3.937,-7.09280155929007e-14
3.937125,0.0120306237301377
3.93725,0.0170138712429991
3.937375,0.0120306237302121
3.9375,3.43606242691127e-14
3.937625,-0.0120306237301198
3.93775,-0.0170138712429991
3.937875,-0.0120306237301863
3.938,2.20676705467527e-15
3.938125,0.0120306237301018
3.93825,0.0170138712429991
3.938375,0.0120306237301604
3.9385,8.50180476387727e-14
3.938625,-0.0120306237301277
3.93875,-0.0170138712429991
3.938875,-0.0120306237301783
3.939,-4.84506563149847e-14
3.939125,0.0120306237301536
3.93925,0.0170138712429991
3.939375,0.0120306237301962
3.9395,7.37793679998147e-14
3.939625,-0.0120306237301357
3.93975,-0.0170138712429991
3.939875,-0.0120306237302141
3.94,-3.72119766760267e-14
3.940125,0.0120306237301177
3.94025,0.0170138712429991
3.940375,0.0120306237301883
3.9405,6.44585352238761e-16
3.940625,-0.0120306237300998
3.94075,-0.0170138712429991
3.940875,-0.0120306237301624
3.941,-8.78694000456867e-14
3.941125,0.0120306237301257
3.94125,0.0170138712429991
3.941375,0.0120306237301803
3.9415,5.13020087218987e-14
3.941625,-0.0120306237301515
3.94175,-0.0170138712429991
3.941875,-0.0120306237301982
3.942,-1.47346173981108e-14
3.942125,0.0120306237301336
3.94225,0.0170138712429991
3.942375,0.0120306237301724
3.9425,4.00633290829408e-14
3.942625,-0.0120306237301157
3.94275,-0.0170138712429991
3.942875,-0.0120306237301903
3.943,-6.53920407677708e-14
3.943125,0.0120306237301416
3.94325,0.0170138712429991
3.943375,0.0120306237301644
3.9435,9.07207524526007e-14
3.943625,-0.0120306237301237
3.94375,-0.0170138712429991
3.943875,-0.0120306237302261
3.944,-5.41533611288128e-14
3.944125,0.0120306237301495
3.94425,0.0170138712429991
3.944375,0.0120306237302003
3.9445,1.75859698050248e-14
3.944625,-0.0120306237301316
3.94475,-0.0170138712429991
3.944875,-0.0120306237301744
3.945,-4.29146814898548e-14
3.945125,0.0120306237301137
3.94525,0.0170138712429991
3.945375,0.0120306237301923
3.9455,6.82433931746848e-14
3.945625,-0.0120306237301396
3.94575,-0.0170138712429991
3.945875,-0.0120306237302102
3.946,-3.16760018508968e-14
3.946125,0.0120306237301217
3.94625,0.0170138712429991
3.946375,0.0120306237301844
3.9465,5.70047135357268e-14
3.946625,-0.0120306237301475
3.94675,-0.0170138712429991
3.946875,-0.0120306237302023
3.947,-2.04373222119388e-14
3.947125,0.0120306237301296
3.94725,0.0170138712429991
3.947375,0.0120306237301764
3.9475,4.57660338967688e-14
3.947625,-0.0120306237301117
3.94775,-0.0170138712429991
3.947875,-0.0120306237301943
3.948,-7.10947455815988e-14
3.948125,0.0120306237301376
3.94825,0.0170138712429991
3.948375,0.0120306237302122
3.9485,3.45273542578109e-14
3.948625,-0.0120306237301196
3.94875,-0.0170138712429991
3.948875,-0.0120306237301864
3.949,-5.98560659426408e-14
3.949125,0.0120306237301455
3.94925,0.0170138712429991
3.949375,0.0120306237302043
3.9495,2.32886746188529e-14
3.949625,-0.0120306237301276
3.94975,-0.0170138712429991
3.949875,-0.0120306237301784
3.95,-4.86173863036829e-14
3.950125,0.0120306237301097
3.95025,0.0170138712429991
3.950375,0.0120306237301963
3.9505,7.39460979885129e-14
3.950625,-0.0120306237301355
3.95075,-0.0170138712429991
3.950875,-0.0120306237302143
3.951,-3.73787066647249e-14
3.951125,0.0120306237301614
3.95125,0.0170138712429991
3.951375,0.0120306237301884
3.9515,6.27074183495549e-14
3.951625,-0.0120306237301435
3.95175,-0.0170138712429991
3.951875,-0.0120306237302063
3.952,-2.61400270257669e-14
3.952125,0.0120306237301256
3.95225,0.0170138712429991
3.952375,0.0120306237301804
3.9525,5.14687387105969e-14
3.952625,-0.0120306237301077
3.95275,-0.0170138712429991
3.952875,-0.0120306237301984
3.953,-7.67974503954269e-14
3.953125,0.0120306237301335
3.95325,0.0170138712429991
3.953375,0.0120306237302163
3.9535,4.02300590716389e-14
3.953625,-0.0120306237301594
3.95375,-0.0170138712429991
3.953875,-0.0120306237301904
3.954,-3.66266774785096e-15
3.954125,0.0120306237301415
3.95425,0.0170138712429991
3.954375,0.0120306237301646
3.9545,2.8991379432681e-14
3.954625,-0.0120306237301236
3.95475,-0.0170138712429991
3.954875,-0.0120306237301825
3.955,-5.43200911175109e-14
3.955125,0.0120306237301056
3.95525,0.0170138712429991
3.955375,0.0120306237302004
3.9555,7.96488028023409e-14
3.955625,-0.0120306237301315
3.95575,-0.0170138712429991
3.955875,-0.0120306237302183
3.956,-4.3081411478553e-14
3.956125,0.0120306237301574
3.95625,0.0170138712429991
3.956375,0.0120306237301924
3.9565,6.514020154765e-15
3.956625,-0.0120306237300957
3.95675,-0.0170138712429991
3.956875,-0.0120306237301666
3.957,-3.1842731839595e-14
3.957125,0.0120306237301215
3.95725,0.0170138712429991
3.957375,0.0120306237301845
3.9575,5.7171443524425e-14
3.957625,-0.0120306237301474
3.95775,-0.0170138712429991
3.957875,-0.0120306237302024
3.958,-2.0604052200637e-14
3.958125,0.0120306237301295
3.95825,0.0170138712429991
3.958375,0.0120306237301765
3.9585,4.5932763885467e-14
3.958625,-0.0120306237301116
3.95875,-0.0170138712429991
3.958875,-0.0120306237301944
3.959,-9.36537256167903e-15
3.959125,0.0120306237300937
3.95925,0.0170138712429991
3.959375,0.0120306237301686
3.9595,3.4694084246509e-14
3.959625,-0.0120306237301195
3.95975,-0.0170138712429991
3.959875,-0.0120306237301865
3.96,-6.0022795931339e-14
3.960125,0.0120306237301454
3.96025,0.0170138712429991
3.960375,0.0120306237302044
3.9605,2.3455404607551e-14
3.960625,-0.0120306237301275
3.96075,-0.0170138712429991
3.960875,-0.0120306237301786
3.961,-4.8784116292381e-14
3.961125,0.0120306237301096
3.96125,0.0170138712429991
3.961375,0.0120306237301965
3.9615,1.22167249685931e-14
3.961625,-0.0120306237301354
3.96175,-0.0170138712429991
3.961875,-0.0120306237301706
3.962,-3.75454366534231e-14
3.962125,0.0120306237301175
3.96225,0.0170138712429991
3.962375,0.0120306237301885
3.9625,6.2874148338253e-14
3.962625,-0.0120306237301434
3.96275,-0.0170138712429991
3.962875,-0.0120306237302064
3.963,-2.63067570144651e-14
3.963125,0.0120306237301255
3.96325,0.0170138712429991
3.963375,0.0120306237301806
3.9635,5.16354686992951e-14
3.963625,-0.0120306237301075
3.96375,-0.0170138712429991
3.963875,-0.0120306237301985
3.964,-7.69641803841251e-14
3.964125,0.0120306237301334
3.96425,0.0170138712429991
3.964375,0.0120306237301726
3.9645,4.03967890603371e-14
3.964625,-0.0120306237301155
3.96475,-0.0170138712429991
3.964875,-0.0120306237301905
3.965,-6.57255007451671e-14
3.965125,0.0120306237301413
3.96525,0.0170138712429991
3.965375,0.0120306237302084
3.9655,2.91581094213791e-14
3.965625,-0.0120306237301234
3.96575,-0.0170138712429991
3.965875,-0.0120306237301826
3.966,7.40928190240885e-15
3.966125,0.0120306237301055
3.96625,0.0170138712429991
3.966375,0.0120306237301567
3.9665,7.98155327910391e-14
3.966625,-0.0120306237301314
3.96675,-0.0170138712429991
3.966875,-0.0120306237301746
3.967,-4.32481414672511e-14
3.967125,0.0120306237301135
3.96725,0.0170138712429991
3.967375,0.0120306237301925
3.9675,6.85768531520811e-14
3.967625,-0.0120306237301393
3.96775,-0.0170138712429991
3.967875,-0.0120306237302105
3.968,-3.20094618282931e-14
3.968125,0.0120306237301214
3.96825,0.0170138712429991
3.968375,0.0120306237301846
3.9685,5.73381735131231e-14
3.968625,-0.0120306237301035
3.96875,-0.0170138712429991
3.968875,-0.0120306237301587
3.969,-8.26668851979531e-14
3.969125,0.0120306237301294
3.96925,0.0170138712429991
3.969375,0.0120306237302204
3.9695,4.60994938741652e-14
3.969625,-0.0120306237301552
3.96975,-0.0170138712429991
3.969875,-0.0120306237301946
3.97,-9.53210255037719e-15
3.970125,0.0120306237301373
3.97025,0.0170138712429991
3.970375,0.0120306237301687
3.9705,3.48608142352072e-14
3.970625,-0.0120306237301194
3.97075,-0.0170138712429991
3.970875,-0.0120306237301866
3.971,-6.01895259200372e-14
3.971125,0.0120306237301015
3.97125,0.0170138712429991
3.971375,0.0120306237302045
3.9715,8.55182376048672e-14
3.971625,-0.0120306237301274
3.97175,-0.0170138712429991
3.971875,-0.0120306237302224
3.972,-4.89508462810792e-14
3.972125,0.0120306237301532
3.97225,0.0170138712429991
3.972375,0.0120306237301966
3.9725,1.23834549572912e-14
3.972625,-0.0120306237301353
3.97275,-0.0170138712429991
3.972875,-0.0120306237301707
3.973,-3.77121666421212e-14
3.973125,0.0120306237301174
3.97325,0.0170138712429991
3.973375,0.0120306237301886
3.9735,6.30408783269512e-14
3.973625,-0.0120306237301432
3.97375,-0.0170138712429991
3.973875,-0.0120306237302065
3.974,-2.64734870031632e-14
3.974125,0.0120306237301253
3.97425,0.0170138712429991
3.974375,0.0120306237301807
3.9745,5.18021986879932e-14
3.974625,-0.0120306237301512
3.97475,-0.0170138712429991
3.974875,-0.0120306237301986
3.975,-1.52348073642053e-14
3.975125,0.0120306237301333
3.97525,0.0170138712429991
3.975375,0.0120306237301727
3.9755,4.05635190490353e-14
3.975625,-0.0120306237301154
3.97575,-0.0170138712429991
3.975875,-0.0120306237301906
3.976,-6.58922307338652e-14
3.976125,0.0120306237301412
3.97625,0.0170138712429991
3.976375,0.0120306237302086
3.9765,2.93248394100773e-14
3.976625,-0.0120306237301233
3.97675,-0.0170138712429991
3.976875,-0.0120306237301827
3.977,-5.46535510949073e-14
3.977125,0.0120306237301492
3.97725,0.0170138712429991
3.977375,0.0120306237302006
3.9775,1.80861597711193e-14
3.977625,-0.0120306237301313
3.97775,-0.0170138712429991
3.977875,-0.0120306237301748
3.978,-4.34148714559493e-14
3.978125,0.0120306237301134
3.97825,0.0170138712429991
3.978375,0.0120306237301927
3.9785,6.87435831407793e-14
3.978625,-0.0120306237301392
3.97875,-0.0170138712429991
3.978875,-0.0120306237302106
3.979,-3.21761918169913e-14
3.979125,0.0120306237301213
3.97925,0.0170138712429991
3.979375,0.0120306237301847
3.9795,5.75049035018213e-14
3.979625,-0.0120306237301472
3.97975,-0.0170138712429991
3.979875,-0.0120306237302026
3.98,-2.09375121780333e-14
3.980125,0.0120306237301293
3.98025,0.0170138712429991
3.980375,0.0120306237301768
3.9805,4.62662238628633e-14
3.980625,-0.0120306237301113
3.98075,-0.0170138712429991
3.980875,-0.0120306237301947
3.981,-7.15949355476933e-14
3.981125,0.0120306237301372
3.98125,0.0170138712429991
3.981375,0.0120306237302126
3.9815,3.50275442239053e-14
3.981625,-0.0120306237301631
3.98175,-0.0170138712429991
3.981875,-0.0120306237301867
3.982,1.53984709988262e-15
3.982125,0.0120306237301014
3.98225,0.0170138712429991
3.982375,0.0120306237301609
3.9825,2.37888645849474e-14
3.982625,-0.0120306237301272
3.98275,-0.0170138712429991
3.982875,-0.0120306237301788
3.983,-4.91175762697774e-14
3.983125,0.0120306237301093
3.98325,0.0170138712429991
3.983375,0.0120306237301967
3.9835,7.44462879546074e-14
3.983625,-0.0120306237301352
3.98375,-0.0170138712429991
3.983875,-0.0120306237302146
3.984,-3.78788966308194e-14
3.984125,0.0120306237301173
3.98425,0.0170138712429991
3.984375,0.0120306237301888
3.9845,1.31150530703142e-15
3.984625,-0.0120306237300994
3.98475,-0.0170138712429991
3.984875,-0.0120306237301629
3.985,-2.66402169918614e-14
3.985125,0.0120306237301252
3.98525,0.0170138712429991
3.985375,0.0120306237301808
3.9855,5.19689286766914e-14
3.985625,-0.0120306237301511
3.98575,-0.0170138712429991
3.985875,-0.0120306237301987
3.986,-1.54015373529034e-14
3.986125,0.0120306237301332
3.98625,0.0170138712429991
3.986375,0.0120306237302166
3.9865,4.07302490377334e-14
3.986625,-0.0120306237301153
3.98675,-0.0170138712429991
3.986875,-0.0120306237301908
3.987,-4.16285771394545e-15
3.987125,0.0120306237300973
3.98725,0.0170138712429991
3.987375,0.0120306237301649
3.9875,9.13876724073934e-14
3.987625,-0.0120306237301232
3.98775,-0.0170138712429991
3.987875,-0.0120306237301828
3.988,-5.48202810836054e-14
3.988125,0.0120306237301491
3.98825,0.0170138712429991
3.988375,0.0120306237302007
3.9885,1.82528897598175e-14
3.988625,-0.0120306237301311
3.98875,-0.0170138712429991
3.988875,-0.0120306237301749
3.989,-4.35816014446475e-14
3.989125,0.0120306237301132
3.98925,0.0170138712429991
3.989375,0.0120306237301928
3.9895,6.89103131294775e-14
3.989625,-0.0120306237301391
3.98975,-0.0170138712429991
3.989875,-0.0120306237301669
3.99,-3.23429218056895e-14
3.990125,0.0120306237301212
3.99025,0.0170138712429991
3.990375,0.0120306237301848
3.9905,5.76716334905195e-14
3.990625,-0.012030623730147
3.99075,-0.0170138712429991
3.990875,-0.0120306237302027
3.991,-2.11042421667315e-14
3.991125,0.0120306237301291
3.99125,0.0170138712429991
3.991375,0.0120306237301769
3.9915,4.64329538515615e-14
3.991625,-0.0120306237301112
3.99175,-0.0170138712429991
3.991875,-0.0120306237301948
3.992,-7.17616655363915e-14
3.992125,0.0120306237301371
3.99225,0.0170138712429991
3.992375,0.0120306237301689
3.9925,3.51942742126035e-14
3.992625,-0.0120306237301192
3.99275,-0.0170138712429991
3.992875,-0.0120306237301869
3.993,-6.05229858974335e-14
3.993125,0.012030623730145
3.99325,0.0170138712429991
3.993375,0.0120306237302048
3.9935,2.39555945736455e-14
3.993625,-0.0120306237301271
3.99375,-0.0170138712429991
3.993875,-0.0120306237301789
3.994,-4.92843062584755e-14
3.994125,0.0120306237301092
3.99425,0.0170138712429991
3.994375,0.0120306237301968
3.9945,7.46130179433055e-14
3.994625,-0.0120306237301351
3.99475,-0.0170138712429991
3.994875,-0.0120306237302147
3.995,-3.80456266195175e-14
3.995125,0.0120306237301172
3.99525,0.0170138712429991
3.995375,0.0120306237301889
3.9955,6.33743383043475e-14
3.995625,-0.012030623730143
3.99575,-0.0170138712429991
3.995875,-0.0120306237302068
3.996,-2.68069469805596e-14
3.996125,0.0120306237301251
3.99625,0.0170138712429991
3.996375,0.0120306237301809
3.9965,5.21356586653896e-14
3.996625,-0.0120306237301072
3.99675,-0.0170138712429991
3.996875,-0.0120306237301988
3.997,-7.74643703502195e-14
3.997125,0.012030623730133
3.99725,0.0170138712429991
3.997375,0.0120306237302167
3.9975,4.08969790264316e-14
3.997625,-0.0120306237301589
3.99775,-0.0170138712429991
3.997875,-0.0120306237301909
3.998,-4.32958770264362e-15
3.998125,0.012030623730141
3.99825,0.0170138712429991
3.998375,0.0120306237302088
3.9985,2.96582993874736e-14
3.998625,-0.0120306237301231
3.99875,-0.0170138712429991
3.998875,-0.0120306237301829
3.999,-5.49870110723036e-14
3.999125,0.0120306237301052
3.99925,0.0170138712429991
3.999375,0.0120306237302008
3.9995,8.03157227571336e-14
3.999625,-0.012030623730131
3.99975,-0.0170138712429991
3.999875,-0.0120306237302188
