time,pressure
0,0
0.000125,0.128490017618021
0.00025,0.181712325544963
0.000375,0.128490017618021
0.0005,2.22533417844261e-17
0.000625,-0.128490017618021
0.00075,-0.181712325544963
0.000875,-0.128490017618021
0.001,-4.45066835688522e-17
0.001125,0.128490017618021
0.00125,0.181712325544963
0.001375,0.128490017618021
0.0015,6.67600253532783e-17
0.001625,-0.128490017618021
0.00175,-0.181712325544963
0.001875,-0.128490017618021
0.002,-8.90133671377044e-17
0.002125,0.128490017618021
0.00225,0.181712325544963
0.002375,0.128490017618021
0.0025,1.11266708922131e-16
0.002625,-0.128490017618021
0.00275,-0.181712325544963
0.002875,-0.128490017618021
0.003,-1.33520050706557e-16
0.003125,0.128490017618021
0.00325,0.181712325544963
0.003375,0.128490017618021
0.0035,1.55773392490983e-16
0.003625,-0.128490017618021
0.00375,-0.181712325544963
0.003875,-0.128490017618021
0.004,-1.78026734275409e-16
0.004125,0.128490017618021
0.00425,0.181712325544963
0.004375,0.128490017618021
0.0045,8.45851940630076e-16
0.004625,-0.128490017618021
0.00475,-0.181712325544963
0.004875,-0.128490017618021
0.005,-2.22533417844261e-16
0.005125,0.128490017618021
0.00525,0.181712325544963
0.005375,0.128490017618022
0.0055,8.90358624198928e-16
0.005625,-0.12849001761802
0.00575,-0.181712325544963
0.005875,-0.128490017618022
0.006,-2.67040101413113e-16
0.006125,0.128490017618021
0.00625,0.181712325544963
0.006375,0.128490017618022
0.0065,9.3486530776778e-16
0.006625,-0.12849001761802
0.00675,-0.181712325544963
0.006875,-0.128490017618022
0.007,-3.11546784981966e-16
0.007125,0.12849001761802
0.00725,0.181712325544963
0.007375,0.128490017618022
0.0075,9.79371991336632e-16
0.007625,-0.12849001761802
0.00775,-0.181712325544963
0.007875,-0.128490017618022
0.008,-3.56053468550818e-16
0.008125,0.12849001761802
0.00825,0.181712325544963
0.008375,0.128490017618021
0.0085,-2.67265054234997e-16
0.008625,-0.128490017618021
0.00875,-0.181712325544963
0.008875,-0.128490017618023
0.009,-1.69170388126015e-15
0.009125,0.128490017618019
0.00925,0.181712325544963
0.009375,0.128490017618022
0.0095,1.06838535847434e-15
0.009625,-0.12849001761802
0.00975,-0.181712325544963
0.009875,-0.128490017618022
0.01,-4.45066835688522e-16
0.010125,0.12849001761802
0.01025,0.181712325544963
0.010375,0.128490017618021
0.0105,-1.78251687097292e-16
0.010625,-0.128490017618021
0.01075,-0.181712325544963
0.010875,-0.128490017618022
0.011,-1.78071724839786e-15
0.011125,0.128490017618019
0.01125,0.181712325544963
0.011375,0.128490017618022
0.0115,1.15739872561204e-15
0.011625,-0.12849001761802
0.01175,-0.181712325544963
0.011875,-0.128490017618021
0.012,-5.34080202826227e-16
0.012125,0.12849001761802
0.01225,0.181712325544963
0.012375,0.128490017618022
0.0125,-8.9238319959588e-17
0.012625,-0.128490017618021
0.01275,-0.181712325544963
0.012875,-0.128490017618022
0.013,-1.86973061553556e-15
0.013125,0.128490017618019
0.01325,0.181712325544963
0.013375,0.128490017618022
0.0135,1.24641209274975e-15
0.013625,-0.12849001761802
0.01375,-0.181712325544963
0.013875,-0.128490017618021
0.014,-6.23093569963931e-16
0.014125,0.12849001761802
0.01425,0.181712325544963
0.014375,0.128490017618023
0.0145,-2.24952821883545e-19
0.014625,-0.128490017618021
0.01475,-0.181712325544963
0.014875,-0.128490017618022
0.015,-1.95874398267326e-15
0.015125,0.128490017618019
0.01525,0.181712325544963
0.015375,0.128490017618022
0.0155,1.33542545988745e-15
0.015625,-0.12849001761802
0.01575,-0.181712325544963
0.015875,-0.128490017618023
0.016,-7.12106937101636e-16
0.016125,0.12849001761802
0.01625,0.181712325544963
0.016375,0.128490017618023
0.0165,8.87884143158209e-17
0.016625,-0.128490017618021
0.01675,-0.181712325544963
0.016875,-0.128490017618022
0.017,5.34530108469994e-16
0.017125,0.128490017618021
0.01725,0.181712325544963
0.017375,0.128490017618022
0.0175,1.42443882702515e-15
0.017625,-0.128490017618018
0.01775,-0.181712325544963
0.017875,-0.128490017618023
0.018,-3.3834077625203e-15
0.018125,0.128490017618018
0.01825,0.181712325544963
0.018375,0.128490017618023
0.0185,2.76008923973449e-15
0.018625,-0.128490017618019
0.01875,-0.181712325544963
0.018875,-0.128490017618022
0.019,-2.13677071694867e-15
0.019125,0.128490017618019
0.01925,0.181712325544963
0.019375,0.128490017618024
0.0195,1.51345219416286e-15
0.019625,-0.12849001761802
0.01975,-0.181712325544963
0.019875,-0.128490017618023
0.02,-8.90133671377045e-16
0.020125,0.12849001761802
0.02025,0.181712325544963
0.020375,0.128490017618023
0.0205,2.84910260687219e-15
0.020625,-0.128490017618019
0.02075,-0.181712325544963
0.020875,-0.12849001761802
0.021,3.56503374194585e-16
0.021125,0.128490017618021
0.02125,0.181712325544963
0.021375,0.128490017618022
0.0215,6.76704047786249e-15
0.021625,-0.12849001761802
0.02175,-0.181712325544963
0.021875,-0.128490017618023
0.022,-3.56143449679571e-15
0.022125,0.128490017618018
0.02225,0.181712325544963
0.022375,0.128490017618025
0.0225,5.52040343229086e-15
0.022625,-0.128490017618017
0.02275,-0.181712325544963
0.022875,-0.128490017618022
0.023,-2.31479745122408e-15
0.023125,0.128490017618019
0.02325,0.181712325544963
0.023375,0.128490017618024
0.0235,4.27376638671923e-15
0.023625,-0.128490017618018
0.02375,-0.181712325544963
0.023875,-0.128490017618021
0.024,-1.06816040565245e-15
0.024125,0.12849001761802
0.02425,0.181712325544963
0.024375,0.128490017618023
0.0245,3.0271293411476e-15
0.024625,-0.128490017618019
0.02475,-0.181712325544963
0.024875,-0.128490017618021
0.025,1.78476639919176e-16
0.025125,0.128490017618021
0.02525,0.181712325544963
0.025375,0.128490017618022
0.0255,6.9450672121379e-15
0.025625,-0.128490017618019
0.02575,-0.181712325544963
0.025875,-0.128490017618023
0.026,-3.73946123107112e-15
0.026125,0.128490017618018
0.02625,0.181712325544963
0.026375,0.128490017618025
0.0265,5.69843016656627e-15
0.026625,-0.128490017618017
0.02675,-0.181712325544963
0.026875,-0.128490017618022
0.027,-2.49282418549949e-15
0.027125,0.128490017618019
0.02725,0.181712325544963
0.027375,0.128490017618024
0.0275,4.45179312099464e-15
0.027625,-0.128490017618018
0.02775,-0.181712325544963
0.027875,-0.128490017618022
0.028,-1.24618713992786e-15
0.028125,0.12849001761802
0.02825,0.181712325544963
0.028375,0.128490017618023
0.0285,3.20515607542301e-15
0.028625,-0.128490017618018
0.02875,-0.181712325544963
0.028875,-0.128490017618021
0.029,4.49905643767089e-19
0.029125,0.128490017618021
0.02925,0.181712325544963
0.029375,0.128490017618026
0.0295,7.12309394641331e-15
0.029625,-0.128490017618016
0.02975,-0.181712325544963
0.029875,-0.128490017618023
0.03,-3.91748796534653e-15
0.030125,0.128490017618018
0.03025,0.181712325544963
0.030375,0.128490017618025
0.0305,5.87645690084168e-15
0.030625,-0.128490017618017
0.03075,-0.181712325544963
0.030875,-0.128490017618023
0.031,-2.6708509197749e-15
0.031125,0.128490017618019
0.03125,0.181712325544963
0.031375,0.128490017618024
0.0315,4.62981985527005e-15
0.031625,-0.128490017618017
0.03175,-0.181712325544963
0.031875,-0.128490017618022
0.032,-1.42421387420327e-15
0.032125,0.12849001761802
0.03225,0.181712325544963
0.032375,0.128490017618023
0.0325,3.38318280969842e-15
0.032625,-0.128490017618018
0.03275,-0.181712325544963
0.032875,-0.128490017618021
0.033,-1.77576828631642e-16
0.033125,0.128490017618021
0.03325,0.181712325544963
0.033375,0.128490017618022
0.0335,2.13654576412679e-15
0.033625,-0.128490017618019
0.03375,-0.181712325544963
0.033875,-0.128490017618024
0.034,1.06906021693999e-15
0.034125,0.128490017618021
0.03425,0.181712325544963
0.034375,0.128490017618021
0.0345,8.89908718555161e-16
0.034625,-0.12849001761802
0.03475,-0.181712325544963
0.034875,-0.128490017618023
0.035,-2.84887765405031e-15
0.035125,0.128490017618022
0.03525,0.181712325544963
0.035375,0.128490017618028
0.0355,9.97242150610738e-15
0.035625,-0.128490017618017
0.03575,-0.181712325544963
0.035875,-0.128490017618025
0.036,-6.76681552504061e-15
0.036125,0.128490017618016
0.03625,0.181712325544963
0.036375,0.128490017618027
0.0365,8.72578446053575e-15
0.036625,-0.128490017618015
0.03675,-0.181712325544963
0.036875,-0.128490017618025
0.037,-5.52017847946898e-15
0.037125,0.128490017618017
0.03725,0.181712325544963
0.037375,0.128490017618026
0.0375,7.47914741496413e-15
0.037625,-0.128490017618015
0.03775,-0.181712325544963
0.037875,-0.128490017618024
0.038,-4.27354143389735e-15
0.038125,0.128490017618018
0.03825,0.181712325544963
0.038375,0.128490017618025
0.0385,6.2325103693925e-15
0.038625,-0.128490017618016
0.03875,-0.181712325544963
0.038875,-0.128490017618023
0.039,-3.02690438832572e-15
0.039125,0.128490017618019
0.03925,0.181712325544963
0.039375,0.128490017618024
0.0395,4.98587332382087e-15
0.039625,-0.128490017618017
0.03975,-0.181712325544963
0.039875,-0.128490017618022
0.04,-1.78026734275409e-15
0.040125,0.128490017618019
0.04025,0.181712325544963
0.040375,0.128490017618023
0.0405,3.73923627824924e-15
0.040625,-0.128490017618018
0.04075,-0.181712325544963
0.040875,-0.128490017618021
0.041,-5.69820521374439e-15
0.041125,0.12849001761802
0.04125,0.181712325544963
0.041375,0.128490017618022
0.0415,-2.67197568388432e-15
0.041625,-0.128490017618019
0.04175,-0.181712325544963
0.041875,-0.128490017618024
0.042,7.1300674838917e-16
0.042125,0.128490017618018
0.04225,0.181712325544963
0.042375,0.128490017618025
0.0425,1.24596218710598e-15
0.042625,-0.128490017618023
0.04275,-0.181712325544963
0.042875,-0.128490017618019
0.043,-1.3534080955725e-14
0.043125,0.128490017618015
0.04325,0.181712325544963
0.043375,0.128490017618028
0.0435,5.16390005809628e-15
0.043625,-0.128490017618013
0.04375,-0.181712325544963
0.043875,-0.128490017618029
0.044,-7.12286899359142e-15
0.044125,0.128490017618012
0.04425,0.181712325544963
0.044375,0.128490017618023
0.0445,9.08183792908657e-15
0.044625,-0.128490017618018
0.04475,-0.181712325544963
0.044875,-0.128490017618025
0.045,-1.10408068645817e-14
0.045125,0.128490017618017
0.04525,0.181712325544963
0.045375,0.128490017618026
0.0455,2.67062596695302e-15
0.045625,-0.128490017618015
0.04575,-0.181712325544963
0.045875,-0.128490017618028
0.046,-4.62959490244817e-15
0.046125,0.128490017618014
0.04625,0.181712325544963
0.046375,0.128490017618022
0.0465,6.58856383794331e-15
0.046625,-0.12849001761802
0.04675,-0.181712325544963
0.046875,-0.128490017618023
0.047,-8.54753277343846e-15
0.047125,0.128490017618018
0.04725,0.181712325544963
0.047375,0.128490017618024
0.0475,1.77351875809758e-16
0.047625,-0.128490017618017
0.04775,-0.181712325544963
0.047875,-0.128490017618026
0.048,-2.13632081130491e-15
0.048125,0.128490017618016
0.04825,0.181712325544963
0.048375,0.128490017618027
0.0485,4.09528974680005e-15
0.048625,-0.128490017618021
0.04875,-0.181712325544963
0.048875,-0.128490017618021
0.049,-6.0542586822952e-15
0.049125,0.12849001761802
0.04925,0.181712325544963
0.049375,0.128490017618023
0.0495,8.01322761779035e-15
0.049625,-0.128490017618019
0.04975,-0.181712325544963
0.049875,-0.128490017618024
0.05,3.56953279838352e-16
0.050125,0.128490017618017
0.05025,0.181712325544963
0.050375,0.128490017618025
0.0505,1.6020156556568e-15
0.050625,-0.128490017618016
0.05075,-0.181712325544963
0.050875,-0.128490017618027
0.051,-1.38901344242758e-14
0.051125,0.128490017618015
0.05125,0.181712325544963
0.051375,0.128490017618028
0.0515,5.51995352664709e-15
0.051625,-0.128490017618013
0.05175,-0.181712325544963
0.051875,-0.12849001761803
0.052,-7.47892246214224e-15
0.052125,0.128490017618012
0.05225,0.181712325544963
0.052375,0.128490017618024
0.0525,9.43789139763739e-15
0.052625,-0.128490017618018
0.05275,-0.181712325544963
0.052875,-0.128490017618025
0.053,-1.13968603331325e-14
0.053125,0.128490017618016
0.05325,0.181712325544963
0.053375,0.128490017618026
0.0535,3.02667943550383e-15
0.053625,-0.128490017618015
0.05375,-0.181712325544963
0.053875,-0.128490017618028
0.054,-4.98564837099898e-15
0.054125,0.128490017618014
0.05425,0.181712325544963
0.054375,0.128490017618029
0.0545,6.94461730649413e-15
0.054625,-0.128490017618019
0.05475,-0.181712325544963
0.054875,-0.128490017618023
0.055,-8.90358624198928e-15
0.055125,0.128490017618018
0.05525,0.181712325544963
0.055375,0.128490017618025
0.0555,5.33405344360576e-16
0.055625,-0.128490017618017
0.05575,-0.181712325544963
0.055875,-0.128490017618026
0.056,-2.49237427985572e-15
0.056125,0.128490017618015
0.05625,0.181712325544963
0.056375,0.128490017618027
0.0565,4.45134321535087e-15
0.056625,-0.128490017618021
0.05675,-0.181712325544963
0.056875,-0.128490017618022
0.057,-6.41031215084602e-15
0.057125,0.12849001761802
0.05725,0.181712325544963
0.057375,0.128490017618023
0.0575,8.36928108634117e-15
0.057625,-0.128490017618018
0.05775,-0.181712325544963
0.057875,-0.128490017618024
0.058,8.99811287534178e-19
0.058125,0.128490017618017
0.05825,0.181712325544963
0.058375,0.128490017618026
0.0585,1.95806912420761e-15
0.058625,-0.128490017618016
0.05875,-0.181712325544963
0.058875,-0.128490017618027
0.059,-1.42461878928266e-14
0.059125,0.128490017618014
0.05925,0.181712325544963
0.059375,0.128490017618029
0.0595,5.87600699519791e-15
0.059625,-0.128490017618013
0.05975,-0.181712325544963
0.059875,-0.12849001761803
0.06,-7.83497593069306e-15
0.060125,0.128490017618012
0.06025,0.181712325544963
0.060375,0.128490017618024
0.0605,9.79394486618821e-15
0.060625,-0.128490017618017
0.06075,-0.181712325544963
0.060875,-0.128490017618025
0.061,-1.17529138016834e-14
0.061125,0.128490017618016
0.06125,0.181712325544963
0.061375,0.128490017618027
0.0615,3.38273290405465e-15
0.061625,-0.128490017618015
0.06175,-0.181712325544963
0.061875,-0.128490017618028
0.062,-5.3417018395498e-15
0.062125,0.128490017618013
0.06225,0.181712325544963
0.062375,0.12849001761803
0.0625,7.30067077504495e-15
0.062625,-0.128490017618019
0.06275,-0.181712325544963
0.062875,-0.128490017618024
0.063,-9.2596397105401e-15
0.063125,0.128490017618018
0.06325,0.181712325544963
0.063375,0.128490017618025
0.0635,1.12186086460352e-14
0.063625,-0.128490017618016
0.06375,-0.181712325544963
0.063875,-0.128490017618026
0.064,-2.84842774840654e-15
0.064125,0.128490017618015
0.06425,0.181712325544963
0.064375,0.128490017618028
0.0645,4.80739668390169e-15
0.064625,-0.128490017618014
0.06475,-0.181712325544963
0.064875,-0.128490017618022
0.065,-6.76636561939684e-15
0.065125,0.12849001761802
0.06525,0.181712325544963
0.065375,0.128490017618023
0.0655,8.72533455489199e-15
0.065625,-0.128490017618018
0.06575,-0.181712325544963
0.065875,-0.128490017618025
0.066,-3.55153657263284e-16
0.066125,0.128490017618017
0.06625,0.181712325544963
0.066375,0.128490017618026
0.0665,2.31412259275843e-15
0.066625,-0.128490017618015
0.06675,-0.181712325544963
0.066875,-0.12849001761802
0.067,-4.27309152825358e-15
0.067125,0.128490017618021
0.06725,0.181712325544963
0.067375,0.128490017618021
0.0675,6.23206046374873e-15
0.067625,-0.12849001761802
0.06775,-0.181712325544963
0.067875,-0.128490017618023
0.068,2.13812043387997e-15
0.068125,0.128490017618019
0.06825,0.181712325544963
0.068375,0.128490017618024
0.0685,-1.79151498384827e-16
0.068625,-0.128490017618017
0.06875,-0.181712325544963
0.068875,-0.128490017618026
0.069,-1.77981743711032e-15
0.069125,0.128490017618023
0.06925,0.181712325544963
0.069375,0.12849001761802
0.0695,3.73878637260547e-15
0.069625,-0.128490017618022
0.06975,-0.181712325544963
0.069875,-0.128490017618021
0.07,-5.69775530810062e-15
0.070125,0.12849001761802
0.07025,0.181712325544963
0.070375,0.12849001761803
0.0705,1.79858740767196e-14
0.070625,-0.128490017618012
0.07075,-0.181712325544963
0.070875,-0.128490017618031
0.071,-1.99448430122148e-14
0.071125,0.12849001761801
0.07125,0.181712325544963
0.071375,0.128490017618033
0.0715,1.15746621145861e-14
0.071625,-0.128490017618009
0.07175,-0.181712325544963
0.071875,-0.128490017618034
0.072,-1.35336310500812e-14
0.072125,0.128490017618007
0.07225,0.181712325544963
0.072375,0.128490017618028
0.0725,1.54925999855764e-14
0.072625,-0.128490017618013
0.07275,-0.181712325544963
0.072875,-0.128490017618029
0.073,-1.74515689210715e-14
0.073125,0.128490017618012
0.07325,0.181712325544963
0.073375,0.128490017618031
0.0735,9.08138802344281e-15
0.073625,-0.128490017618011
0.07375,-0.181712325544963
0.073875,-0.128490017618032
0.074,-1.1040356958938e-14
0.074125,0.128490017618009
0.07425,0.181712325544963
0.074375,0.128490017618026
0.0745,1.29993258944331e-14
0.074625,-0.128490017618015
0.07475,-0.181712325544963
0.074875,-0.128490017618028
0.075,-1.49582948299283e-14
0.075125,0.128490017618014
0.07525,0.181712325544963
0.075375,0.128490017618029
0.0755,6.58811393229955e-15
0.075625,-0.128490017618012
0.07575,-0.181712325544963
0.075875,-0.12849001761803
0.076,-8.54708286779469e-15
0.076125,0.128490017618011
0.07625,0.181712325544963
0.076375,0.128490017618032
0.0765,1.05060518032898e-14
0.076625,-0.128490017618017
0.07675,-0.181712325544963
0.076875,-0.128490017618026
0.077,-1.2465020738785e-14
0.077125,0.128490017618016
0.07725,0.181712325544963
0.077375,0.128490017618027
0.0775,1.44239896742801e-14
0.077625,-0.128490017618014
0.07775,-0.181712325544963
0.077875,-0.128490017618029
0.078,-6.05380877665144e-15
0.078125,0.128490017618013
0.07825,0.181712325544963
0.078375,0.12849001761803
0.0785,8.01277771214658e-15
0.078625,-0.128490017618011
0.07875,-0.181712325544963
0.078875,-0.128490017618024
0.079,-9.97174664764173e-15
0.079125,0.128490017618017
0.07925,0.181712325544963
0.079375,0.128490017618025
0.0795,1.19307155831369e-14
0.079625,-0.128490017618016
0.07975,-0.181712325544963
0.079875,-0.128490017618027
0.08,-3.56053468550818e-15
0.080125,0.128490017618015
0.08025,0.181712325544963
0.080375,0.128490017618028
0.0805,5.51950362100333e-15
0.080625,-0.128490017618013
0.08075,-0.181712325544963
0.080875,-0.128490017618022
0.081,-7.47847255649847e-15
0.081125,0.128490017618019
0.08125,0.181712325544963
0.081375,0.128490017618024
0.0815,9.43744149199362e-15
0.081625,-0.12849001761801
0.08175,-0.181712325544963
0.081875,-0.128490017618025
0.082,-1.13964104274888e-14
0.082125,0.128490017618024
0.08225,0.181712325544963
0.082375,0.128490017618026
0.0825,1.33553793629839e-14
0.082625,-0.128490017618022
0.08275,-0.181712325544963
0.082875,-0.128490017618028
0.083,5.34395136776864e-15
0.083125,0.128490017618021
0.08325,0.181712325544963
0.083375,0.128490017618029
0.0835,-3.38498243227349e-15
0.083625,-0.128490017618019
0.08375,-0.181712325544963
0.083875,-0.128490017618031
0.084,1.42601349677834e-15
0.084125,0.128490017618018
0.08425,0.181712325544963
0.084375,0.128490017618017
0.0845,5.32955438716809e-16
0.084625,-0.128490017618017
0.08475,-0.181712325544963
0.084875,-0.128490017618019
0.085,-2.49192437421196e-15
0.085125,0.128490017618015
0.08525,0.181712325544963
0.085375,0.12849001761802
0.0855,4.45089330970711e-15
0.085625,-0.128490017618014
0.08575,-0.181712325544963
0.085875,-0.128490017618022
0.086,-2.706816191145e-14
0.086125,0.128490017618013
0.08625,0.181712325544963
0.086375,0.128490017618038
0.0865,8.3688311806974e-15
0.086625,-0.128490017618011
0.08675,-0.181712325544963
0.086875,-0.128490017618039
0.087,-1.03278001161926e-14
0.087125,0.12849001761801
0.08725,0.181712325544963
0.087375,0.128490017618026
0.0875,1.22867690516877e-14
0.087625,-0.128490017618008
0.08775,-0.181712325544963
0.087875,-0.128490017618027
0.088,-1.42457379871828e-14
0.088125,0.128490017618007
0.08825,0.181712325544963
0.088375,0.128490017618029
0.0885,1.6204706922678e-14
0.088625,-0.128490017618006
0.08875,-0.181712325544963
0.088875,-0.12849001761803
0.089,-1.81636758581731e-14
0.089125,0.128490017618004
0.08925,0.181712325544963
0.089375,0.128490017618031
0.0895,2.01226447936683e-14
0.089625,-0.128490017618017
0.08975,-0.181712325544963
0.089875,-0.128490017618033
0.09,-2.20816137291634e-14
0.090125,0.128490017618016
0.09025,0.181712325544963
0.090375,0.128490017618034
0.0905,2.40405826646586e-14
0.090625,-0.128490017618015
0.09075,-0.181712325544963
0.090875,-0.128490017618035
0.091,-5.34125193390603e-15
0.091125,0.128490017618013
0.09125,0.181712325544963
0.091375,0.128490017618037
0.0915,7.30022086940118e-15
0.091625,-0.128490017618012
0.09175,-0.181712325544963
0.091875,-0.128490017618024
0.092,-9.25918980489633e-15
0.092125,0.12849001761801
0.09225,0.181712325544963
0.092375,0.128490017618025
0.0925,1.12181587403915e-14
0.092625,-0.128490017618009
0.09275,-0.181712325544963
0.092875,-0.128490017618026
0.093,-1.31771276758866e-14
0.093125,0.128490017618008
0.09325,0.181712325544963
0.093375,0.128490017618028
0.0935,1.51360966113818e-14
0.093625,-0.128490017618006
0.09375,-0.181712325544963
0.093875,-0.128490017618029
0.094,-1.70950655468769e-14
0.094125,0.12849001761802
0.09425,0.181712325544963
0.094375,0.12849001761803
0.0945,1.90540344823721e-14
0.094625,-0.128490017618018
0.09475,-0.181712325544963
0.094875,-0.128490017618032
0.095,-3.54703751619516e-16
0.095125,0.128490017618017
0.09525,0.181712325544963
0.095375,0.128490017618033
0.0955,2.31367268711467e-15
0.095625,-0.128490017618015
0.09575,-0.181712325544963
0.095875,-0.128490017618035
0.096,-4.27264162260981e-15
0.096125,0.128490017618014
0.09625,0.181712325544963
0.096375,0.128490017618021
0.0965,6.23161055810496e-15
0.096625,-0.128490017618013
0.09675,-0.181712325544963
0.096875,-0.128490017618023
0.097,-8.19057949360011e-15
0.097125,0.128490017618011
0.09725,0.181712325544963
0.097375,0.128490017618024
0.0975,1.01495484290953e-14
0.097625,-0.12849001761801
0.09775,-0.181712325544963
0.097875,-0.128490017618026
0.098,-1.21085173645904e-14
0.098125,0.128490017618023
0.09825,0.181712325544963
0.098375,0.128490017618027
0.0985,1.40674863000856e-14
0.098625,-0.128490017618022
0.09875,-0.181712325544963
0.098875,-0.128490017618028
0.099,-1.60264552355807e-14
0.099125,0.12849001761802
0.09925,0.181712325544963
0.099375,0.12849001761803
0.0995,-2.67287549517185e-15
0.099625,-0.128490017618019
0.09975,-0.181712325544963
0.099875,-0.128490017618031
0.1,7.13906559676704e-16
0.100125,0.128490017618018
0.10025,0.181712325544963
0.100375,0.128490017618018
0.1005,1.24506237581844e-15
0.100625,-0.128490017618016
0.10075,-0.181712325544963
0.100875,-0.128490017618019
0.101,-3.20403131131359e-15
0.101125,0.128490017618015
0.10125,0.181712325544963
0.101375,0.128490017618021
0.1015,5.16300024680874e-15
0.101625,-0.128490017618013
0.10175,-0.181712325544963
0.101875,-0.128490017618037
0.102,-2.77802688485516e-14
0.102125,0.128490017618012
0.10225,0.181712325544963
0.102375,0.128490017618038
0.1025,9.08093811779904e-15
0.102625,-0.128490017618011
0.10275,-0.181712325544963
0.102875,-0.128490017618039
0.103,-1.10399070532942e-14
0.103125,0.128490017618009
0.10325,0.181712325544963
0.103375,0.128490017618041
0.1035,1.29988759887893e-14
0.103625,-0.128490017618008
0.10375,-0.181712325544963
0.103875,-0.128490017618028
0.104,-1.49578449242845e-14
0.104125,0.128490017618006
0.10425,0.181712325544963
0.104375,0.128490017618029
0.1045,1.69168138597796e-14
0.104625,-0.128490017618005
0.10475,-0.181712325544963
0.104875,-0.12849001761803
0.105,-1.88757827952748e-14
0.105125,0.128490017618004
0.10525,0.181712325544963
0.105375,0.128490017618032
0.1055,2.08347517307699e-14
0.105625,-0.128490017618017
0.10575,-0.181712325544963
0.105875,-0.128490017618033
0.106,-2.27937206662651e-14
0.106125,0.128490017618016
0.10625,0.181712325544963
0.106375,0.128490017618035
0.1065,2.47526896017602e-14
0.106625,-0.128490017618014
0.10675,-0.181712325544963
0.106875,-0.128490017618036
0.107,-6.05335887100767e-15
0.107125,0.128490017618013
0.10725,0.181712325544963
0.107375,0.128490017618037
0.1075,8.01232780650282e-15
0.107625,-0.128490017618011
0.10775,-0.181712325544963
0.107875,-0.128490017618024
0.108,-9.97129674199797e-15
0.108125,0.12849001761801
0.10825,0.181712325544963
0.108375,0.128490017618025
0.1085,1.19302656774931e-14
0.108625,-0.128490017618009
0.10875,-0.181712325544963
0.108875,-0.128490017618027
0.109,-1.38892346129883e-14
0.109125,0.128490017618007
0.10925,0.181712325544963
0.109375,0.128490017618028
0.1095,1.58482035484834e-14
0.109625,-0.128490017618006
0.10975,-0.181712325544963
0.109875,-0.12849001761803
0.11,-1.78071724839786e-14
0.110125,0.128490017618019
0.11025,0.181712325544963
0.110375,0.128490017618031
0.1105,1.97661414194737e-14
0.110625,-0.128490017618018
0.11075,-0.181712325544963
0.110875,-0.128490017618032
0.111,-1.06681068872115e-15
0.111125,0.128490017618016
0.11125,0.181712325544963
0.111375,0.128490017618034
0.1115,3.0257796242163e-15
0.111625,-0.128490017618015
0.11175,-0.181712325544963
0.111875,-0.128490017618035
0.112,-4.98474855971145e-15
0.112125,0.128490017618014
0.11225,0.181712325544963
0.112375,0.128490017618022
0.1125,6.9437174952066e-15
0.112625,-0.128490017618012
0.11275,-0.181712325544963
0.112875,-0.128490017618023
0.113,-8.90268643070174e-15
0.113125,0.128490017618011
0.11325,0.181712325544963
0.113375,0.128490017618025
0.1135,1.08616553661969e-14
0.113625,-0.128490017618009
0.11375,-0.181712325544963
0.113875,-0.128490017618026
0.114,-1.2820624301692e-14
0.114125,0.128490017618008
0.11425,0.181712325544963
0.114375,0.128490017618027
0.1145,1.47795932371872e-14
0.114625,-0.128490017618021
0.11475,-0.181712325544963
0.114875,-0.128490017618029
0.115,-1.67385621726823e-14
0.115125,0.12849001761802
0.11525,0.181712325544963
0.115375,0.12849001761803
0.1155,-1.96076855807022e-15
0.115625,-0.128490017618018
0.11575,-0.181712325544963
0.115875,-0.128490017618032
0.116,1.79962257506836e-18
0.116125,0.128490017618017
0.11625,0.181712325544963
0.116375,0.128490017618018
0.1165,1.95716931292008e-15
0.116625,-0.128490017618016
0.11675,-0.181712325544963
0.116875,-0.12849001761802
0.117,-3.91613824841523e-15
0.117125,0.128490017618014
0.11725,0.181712325544963
0.117375,0.128490017618036
0.1175,2.65334068501581e-14
0.117625,-0.128490017618013
0.11775,-0.181712325544963
0.117875,-0.128490017618037
0.118,-2.84923757856532e-14
0.118125,0.128490017618012
0.11825,0.181712325544963
0.118375,0.128490017618039
0.1185,3.04513447211484e-14
0.118625,-0.12849001761801
0.11875,-0.181712325544963
0.118875,-0.12849001761804
0.119,-1.17520139903958e-14
0.119125,0.128490017618009
0.11925,0.181712325544963
0.119375,0.128490017618041
0.1195,1.3710982925891e-14
0.119625,-0.128490017618007
0.11975,-0.181712325544963
0.119875,-0.128490017618028
0.12,-1.56699518613861e-14
0.120125,0.128490017618006
0.12025,0.181712325544963
0.120375,0.12849001761803
0.1205,1.76289207968813e-14
0.120625,-0.128490017618005
0.12075,-0.181712325544963
0.120875,-0.128490017618031
0.121,-1.95878897323764e-14
0.121125,0.128490017618003
0.12125,0.181712325544963
0.121375,0.128490017618032
0.1215,2.15468586678716e-14
0.121625,-0.128490017618002
0.12175,-0.181712325544963
0.121875,-0.128490017618034
0.122,-2.35058276033667e-14
0.122125,0.128490017618015
0.12225,0.181712325544963
0.122375,0.128490017618035
0.1225,2.54647965388619e-14
0.122625,-0.128490017618014
0.12275,-0.181712325544963
0.122875,-0.128490017618036
0.123,-6.7654658081093e-15
0.123125,0.128490017618012
0.12325,0.181712325544963
0.123375,0.128490017618038
0.1235,8.72443474360445e-15
0.123625,-0.128490017618011
0.12375,-0.181712325544963
0.123875,-0.128490017618039
0.124,-1.06834036790996e-14
0.124125,0.128490017618009
0.12425,0.181712325544963
0.124375,0.128490017618026
0.1245,1.26423726145947e-14
0.124625,-0.128490017618008
0.12475,-0.181712325544963
0.124875,-0.128490017618027
0.125,-1.46013415500899e-14
0.125125,0.128490017618007
0.12525,0.181712325544963
0.125375,0.128490017618043
0.1255,1.6560310485585e-14
0.125625,-0.128490017618005
0.12575,-0.181712325544963
0.125875,-0.128490017618045
0.126,-1.85192794210802e-14
0.126125,0.128490017618004
0.12625,0.181712325544963
0.126375,0.128490017618046
0.1265,2.04782483565753e-14
0.126625,-0.128490017618003
0.12675,-0.181712325544963
0.126875,-0.128490017618048
0.127,-2.24372172920705e-14
0.127125,0.128490017618001
0.12725,0.181712325544963
0.127375,0.128490017618034
0.1275,3.73788656131794e-15
0.127625,-0.128490017618
0.12775,-0.181712325544963
0.127875,-0.128490017618036
0.128,-5.69685549681308e-15
0.128125,0.128490017617998
0.12825,0.181712325544963
0.128375,0.128490017618037
0.1285,7.65582443230823e-15
0.128625,-0.128490017617997
0.12875,-0.181712325544963
0.128875,-0.128490017618038
0.129,-9.61479336780338e-15
0.129125,0.128490017617996
0.12925,0.181712325544963
0.129375,0.12849001761804
0.1295,1.15737623032985e-14
0.129625,-0.128490017618009
0.12975,-0.181712325544963
0.129875,-0.128490017618041
0.13,-1.35327312387937e-14
0.130125,0.128490017618007
0.13025,0.181712325544963
0.130375,0.128490017618043
0.1305,1.54917001742888e-14
0.130625,-0.128490017618006
0.13075,-0.181712325544963
0.130875,-0.128490017618044
0.131,-1.7450669109784e-14
0.131125,0.128490017618005
0.13125,0.181712325544963
0.131375,0.128490017618045
0.1315,-1.24866162096858e-15
0.131625,-0.128490017618003
0.13175,-0.181712325544963
0.131875,-0.128490017618032
0.132,-7.10307314526567e-16
0.132125,0.128490017618002
0.13225,0.181712325544963
0.132375,0.128490017618034
0.1325,2.66927625002172e-15
0.132625,-0.128490017618001
0.13275,-0.181712325544963
0.132875,-0.128490017618035
0.133,-4.62824518551686e-15
0.133125,0.128490017617999
0.13325,0.181712325544963
0.133375,0.128490017618036
0.1335,6.58721412101201e-15
0.133625,-0.128490017617998
0.13375,-0.181712325544963
0.133875,-0.128490017618038
0.134,-8.54618305650716e-15
0.134125,0.128490017618011
0.13425,0.181712325544963
0.134375,0.128490017618039
0.1345,1.05051519920023e-14
0.134625,-0.12849001761801
0.13475,-0.181712325544963
0.134875,-0.12849001761804
0.135,-1.24641209274975e-14
0.135125,0.128490017618008
0.13525,0.181712325544963
0.135375,0.128490017618042
0.1355,1.44230898629926e-14
0.135625,-0.128490017618007
0.13575,-0.181712325544963
0.135875,-0.128490017618029
0.136,4.27624086775995e-15
0.136125,0.128490017618005
0.13625,0.181712325544963
0.136375,0.12849001761803
0.1365,-2.3172719322648e-15
0.136625,-0.128490017618004
0.13675,-0.181712325544963
0.136875,-0.128490017618031
0.137,3.58302996769653e-16
0.137125,0.128490017618003
0.13725,0.181712325544963
0.137375,0.128490017618033
0.1375,1.6006659387255e-15
0.137625,-0.128490017618001
0.13775,-0.181712325544963
0.137875,-0.128490017618034
0.138,-3.55963487422064e-15
0.138125,0.128490017618015
0.13825,0.181712325544963
0.138375,0.128490017618036
0.1385,5.51860380971579e-15
0.138625,-0.128490017618013
0.13875,-0.181712325544963
0.138875,-0.128490017618037
0.139,-7.47757274521094e-15
0.139125,0.128490017618012
0.13925,0.181712325544963
0.139375,0.128490017618038
0.1395,9.43654168070609e-15
0.139625,-0.12849001761801
0.13975,-0.181712325544963
0.139875,-0.12849001761804
0.14,-1.13955106162012e-14
0.140125,0.128490017618009
0.14025,0.181712325544963
0.140375,0.128490017618026
0.1405,-7.30382011455132e-15
0.140625,-0.128490017618008
0.14075,-0.181712325544963
0.140875,-0.128490017618028
0.141,-3.59717481534392e-14
0.141125,0.128490017618006
0.14125,0.181712325544963
0.141375,0.128490017618029
0.1415,3.79307170889344e-14
0.141625,-0.128490017618005
0.14175,-0.181712325544963
0.141875,-0.128490017618031
0.142,-3.98896860244295e-14
0.142125,0.128490017618003
0.14225,0.181712325544963
0.142375,0.128490017618032
0.1425,2.1190355293677e-14
0.142625,-0.128490017618017
0.14275,-0.181712325544963
0.142875,-0.128490017618033
0.143,-2.31493242291721e-14
0.143125,0.128490017618015
0.14325,0.181712325544963
0.143375,0.128490017618035
0.1435,2.51082931646673e-14
0.143625,-0.128490017618014
0.14375,-0.181712325544963
0.143875,-0.128490017618036
0.144,-2.70672621001624e-14
0.144125,0.128490017618013
0.14425,0.181712325544963
0.144375,0.128490017618038
0.1445,2.90262310356576e-14
0.144625,-0.128490017618011
0.14475,-0.181712325544963
0.144875,-0.128490017618024
0.145,-3.09851999711527e-14
0.145125,0.12849001761801
0.14525,0.181712325544963
0.145375,0.128490017618026
0.1455,3.29441689066479e-14
0.145625,-0.128490017618008
0.14575,-0.181712325544963
0.145875,-0.128490017618027
0.146,-3.4903137842143e-14
0.146125,0.128490017618007
0.14625,0.181712325544963
0.146375,0.128490017618029
0.1465,3.68621067776382e-14
0.146625,-0.12849001761802
0.14675,-0.181712325544963
0.146875,-0.12849001761803
0.147,-1.81627760468856e-14
0.147125,0.128490017618019
0.14725,0.181712325544963
0.147375,0.128490017618031
0.1475,2.01217449823808e-14
0.147625,-0.128490017618017
0.14775,-0.181712325544963
0.147875,-0.128490017618033
0.148,-2.20807139178759e-14
0.148125,0.128490017618016
0.14825,0.181712325544963
0.148375,0.128490017618034
0.1485,2.40396828533711e-14
0.148625,-0.128490017618015
0.14875,-0.181712325544963
0.148875,-0.128490017618021
0.149,-2.59986517888662e-14
0.149125,0.128490017618013
0.14925,0.181712325544963
0.149375,0.128490017618022
0.1495,2.79576207243614e-14
0.149625,-0.128490017618012
0.14975,-0.181712325544963
0.149875,-0.128490017618024
0.15,-2.99165896598565e-14
0.150125,0.12849001761801
0.15025,0.181712325544963
0.150375,0.128490017618025
0.1505,3.18755585953517e-14
0.150625,-0.128490017618009
0.15075,-0.181712325544963
0.150875,-0.128490017618026
0.151,-1.31762278645991e-14
0.151125,0.128490017618022
0.15125,0.181712325544963
0.151375,0.128490017618028
0.1515,1.51351968000942e-14
0.151625,-0.128490017618021
0.15175,-0.181712325544963
0.151875,-0.128490017618029
0.152,-1.70941657355894e-14
0.152125,0.12849001761802
0.15225,0.181712325544963
0.152375,0.12849001761803
0.1525,1.90531346710845e-14
0.152625,-0.128490017618018
0.15275,-0.181712325544963
0.152875,-0.128490017618032
0.153,-2.10121036065797e-14
0.153125,0.128490017618017
0.15325,0.181712325544963
0.153375,0.128490017618019
0.1535,2.29710725420748e-14
0.153625,-0.128490017618015
0.15375,-0.181712325544963
0.153875,-0.12849001761802
0.154,-2.493004147757e-14
0.154125,0.128490017618014
0.15425,0.181712325544963
0.154375,0.128490017618021
0.1545,2.68890104130651e-14
0.154625,-0.128490017618013
0.15475,-0.181712325544963
0.154875,-0.128490017618023
0.155,-2.88479793485603e-14
0.155125,0.128490017618026
0.15525,0.181712325544963
0.155375,0.128490017618024
0.1555,1.01486486178077e-14
0.155625,-0.128490017618024
0.15575,-0.181712325544963
0.155875,-0.128490017618026
0.156,-1.21076175533029e-14
0.156125,0.128490017618023
0.15625,0.181712325544963
0.156375,0.128490017618042
0.1565,1.4066586488798e-14
0.156625,-0.128490017617992
0.15675,-0.181712325544963
0.156875,-0.128490017618043
0.157,-1.60255554242932e-14
0.157125,0.128490017617991
0.15725,0.181712325544963
0.157375,0.128490017618044
0.1575,1.79845243597883e-14
0.157625,-0.128490017618004
0.15775,-0.181712325544963
0.157875,-0.128490017618046
0.158,-1.99434932952835e-14
0.158125,0.128490017618003
0.15825,0.181712325544963
0.158375,0.128490017618047
0.1585,2.19024622307786e-14
0.158625,-0.128490017618002
0.15875,-0.181712325544963
0.158875,-0.128490017618049
0.159,-2.38614311662738e-14
0.159125,0.128490017618
0.15925,0.181712325544963
0.159375,0.12849001761805
0.1595,5.16210043552121e-15
0.159625,-0.128490017617999
0.15975,-0.181712325544963
0.159875,-0.128490017618037
0.16,-7.12106937101636e-15
0.160125,0.128490017617997
0.16025,0.181712325544963
0.160375,0.128490017618038
0.1605,9.0800383065115e-15
0.160625,-0.128490017617996
0.16075,-0.181712325544963
0.160875,-0.128490017618039
0.161,-1.10390072420067e-14
0.161125,0.128490017617995
0.16125,0.181712325544963
0.161375,0.128490017618041
0.1615,1.29979761775018e-14
0.161625,-0.128490017617993
0.16175,-0.181712325544963
0.161875,-0.128490017618042
0.162,-1.49569451129969e-14
0.162125,0.128490017618006
0.16225,0.181712325544963
0.162375,0.128490017618044
0.1625,1.69159140484921e-14
0.162625,-0.128490017618005
0.16275,-0.181712325544963
0.162875,-0.128490017618045
0.163,-1.88748829839872e-14
0.163125,0.128490017617989
0.16325,0.181712325544963
0.163375,0.128490017618032
0.1635,1.7555225323469e-16
0.163625,-0.128490017618002
0.16375,-0.181712325544963
0.163875,-0.128490017618048
0.164,-2.27928208549775e-14
0.164125,0.128490017618016
0.16425,0.181712325544963
0.164375,0.128490017618035
0.1645,4.09349012422499e-15
0.164625,-0.128490017618
0.16475,-0.181712325544963
0.164875,-0.128490017618051
0.165,-2.67107587259678e-14
0.165125,0.128490017618013
0.16525,0.181712325544963
0.165375,0.128490017618037
0.1655,8.01142799521528e-15
0.165625,-0.128490017617997
0.16575,-0.181712325544963
0.165875,-0.128490017618053
0.166,1.06879027355373e-14
0.166125,0.12849001761801
0.16625,0.181712325544963
0.166375,0.12849001761804
0.1665,1.19293658662056e-14
0.166625,-0.128490017617994
0.16675,-0.181712325544963
0.166875,-0.128490017618027
0.167,6.76996486454698e-15
0.167125,0.128490017618007
0.16725,0.181712325544963
0.167375,0.128490017618043
0.1675,1.58473037371959e-14
0.167625,-0.128490017617991
0.16775,-0.181712325544963
0.167875,-0.12849001761803
0.168,2.85202699355668e-15
0.168125,0.128490017618004
0.16825,0.181712325544963
0.168375,0.128490017618046
0.1685,1.97652416081862e-14
0.168625,-0.128490017618018
0.16875,-0.181712325544963
0.168875,-0.128490017618032
0.169,-1.06591087743362e-15
0.169125,0.128490017618002
0.16925,0.181712325544963
0.169375,0.128490017618048
0.1695,2.36831794791765e-14
0.169625,-0.128490017618015
0.16975,-0.181712325544963
0.169875,-0.128490017618035
0.17,-4.98384874842391e-15
0.170125,0.128490017617999
0.17025,0.181712325544963
0.170375,0.128490017618022
0.1705,-1.37154819823286e-14
0.170625,-0.128490017618012
0.17075,-0.181712325544963
0.170875,-0.128490017618038
0.171,-8.90178661941421e-15
0.171125,0.128490017617996
0.17125,0.181712325544963
0.171375,0.128490017618025
0.1715,-9.79754411133834e-15
0.171625,-0.128490017618009
0.17175,-0.181712325544963
0.171875,-0.128490017618041
0.172,-5.41363238228999e-14
0.172125,0.128490017617993
0.17225,0.181712325544963
0.172375,0.128490017618027
0.1725,3.54369930921474e-14
0.172625,-0.128490017618007
0.17275,-0.181712325544963
0.172875,-0.128490017618043
0.173,-1.67376623613948e-14
0.173125,0.12849001761802
0.17325,0.181712325544963
0.173375,0.12849001761803
0.1735,3.93549309631377e-14
0.173625,-0.128490017618004
0.17375,-0.181712325544963
0.173875,-0.128490017618046
0.174,-2.06556002323851e-14
0.174125,0.128490017618017
0.17425,0.181712325544963
0.174375,0.128490017618033
0.1745,4.3272868834128e-14
0.174625,-0.128490017618001
0.17475,-0.181712325544963
0.174875,-0.12849001761802
0.175,-2.45735381033754e-14
0.175125,0.128490017618014
0.17525,0.181712325544963
0.175375,0.128490017618036
0.1755,4.71908067051183e-14
0.175625,-0.128490017617998
0.17575,-0.181712325544963
0.175875,-0.128490017618023
0.176,-2.84914759743657e-14
0.176125,0.128490017618012
0.17625,0.181712325544963
0.176375,0.128490017618039
0.1765,5.11087445761085e-14
0.176625,-0.128490017617996
0.17675,-0.181712325544963
0.176875,-0.128490017618025
0.177,-3.2409413845356e-14
0.177125,0.128490017618009
0.17725,0.181712325544963
0.177375,0.128490017618041
0.1775,1.37100831146034e-14
0.177625,-0.128490017618022
0.17775,-0.181712325544963
0.177875,-0.128490017618028
0.178,-3.63273517163463e-14
0.178125,0.128490017618006
0.17825,0.181712325544963
0.178375,0.128490017618044
0.1785,1.76280209855937e-14
0.178625,-0.128490017618019
0.17875,-0.181712325544963
0.178875,-0.128490017618031
0.179,-4.02452895873366e-14
0.179125,0.128490017618003
0.17925,0.181712325544963
0.179375,0.128490017618018
0.1795,2.1545958856584e-14
0.179625,-0.128490017618016
0.17975,-0.181712325544963
0.179875,-0.128490017618034
0.18,-4.41632274583269e-14
0.180125,0.128490017618
0.18025,0.181712325544963
0.180375,0.12849001761802
0.1805,2.54638967275743e-14
0.180625,-0.128490017618014
0.18075,-0.181712325544963
0.180875,-0.128490017618036
0.181,-4.80811653293172e-14
0.181125,0.128490017618027
0.18125,0.181712325544963
0.181375,0.128490017618023
0.1815,2.93818345985646e-14
0.181625,-0.128490017618011
0.18175,-0.181712325544963
0.181875,-0.128490017618039
0.182,-1.06825038678121e-14
0.182125,0.128490017618024
0.18225,0.181712325544963
0.182375,0.128490017618026
0.1825,3.32997724695549e-14
0.182625,-0.128490017618008
0.18275,-0.181712325544963
0.182875,-0.128490017618042
0.183,-1.46004417388024e-14
0.183125,0.128490017618021
0.18325,0.181712325544963
0.183375,0.128490017618029
0.1835,3.72177103405452e-14
0.183625,-0.128490017618005
0.18375,-0.181712325544963
0.183875,-0.128490017618016
0.184,-1.85183796097927e-14
0.184125,0.128490017618019
0.18425,0.181712325544963
0.184375,0.128490017618032
0.1845,4.11356482115355e-14
0.184625,-0.128490017618003
0.18475,-0.181712325544963
0.184875,-0.128490017618018
0.185,-2.2436317480783e-14
0.185125,0.128490017618016
0.18525,0.181712325544963
0.185375,0.128490017618034
0.1855,3.7369867500304e-15
0.185625,-0.128490017618029
0.18575,-0.181712325544963
0.185875,-0.128490017618021
0.186,-2.63542553517733e-14
0.186125,0.128490017618013
0.18625,0.181712325544963
0.186375,0.128490017618037
0.1865,7.6549246210207e-15
0.186625,-0.128490017618026
0.18675,-0.181712325544963
0.186875,-0.128490017618024
0.187,-3.02721932227635e-14
0.187125,0.12849001761801
0.18725,0.181712325544963
0.187375,0.12849001761804
0.1875,1.1572862492011e-14
0.187625,-0.128490017617994
0.18775,-0.181712325544963
0.187875,-0.128490017618056
0.188,-3.41901310937538e-14
0.188125,0.128490017618007
0.18825,0.181712325544963
0.188375,0.128490017618043
0.1885,1.54908003630013e-14
0.188625,-0.128490017617992
0.18875,-0.181712325544963
0.188875,-0.128490017618059
0.189,-3.81080689647441e-14
0.189125,0.128490017618005
0.18925,0.181712325544963
0.189375,0.128490017618045
0.1895,1.94087382339916e-14
0.189625,-0.128490017617989
0.18975,-0.181712325544963
0.189875,-0.128490017618032
0.19,-7.09407503239033e-16
0.190125,0.128490017618002
0.19025,0.181712325544963
0.190375,0.128490017618048
0.1905,2.33266761049819e-14
0.190625,-0.128490017617986
0.19075,-0.181712325544963
0.190875,-0.128490017618035
0.191,-4.62734537422933e-15
0.191125,0.128490017617999
0.19125,0.181712325544963
0.191375,0.128490017618051
0.1915,2.72446139759722e-14
0.191625,-0.128490017617983
0.19175,-0.181712325544963
0.191875,-0.128490017618038
0.192,-8.54528324521963e-15
0.192125,0.128490017617996
0.19225,0.181712325544963
0.192375,0.128490017618054
0.1925,3.11625518469625e-14
0.192625,-0.12849001761801
0.19275,-0.181712325544963
0.192875,-0.12849001761804
0.193,-1.24632211162099e-14
0.193125,0.128490017617994
0.19325,0.181712325544963
0.193375,0.128490017618056
0.1935,3.50804897179528e-14
0.193625,-0.128490017618007
0.19375,-0.181712325544963
0.193875,-0.128490017618043
0.194,-1.63811589872002e-14
0.194125,0.128490017617991
0.19425,0.181712325544963
0.194375,0.12849001761803
0.1945,-2.31817174355234e-15
0.194625,-0.128490017618004
0.19475,-0.181712325544963
0.194875,-0.128490017618046
0.195,-2.02990968581905e-14
0.195125,0.128490017617988
0.19525,0.181712325544963
0.195375,0.128490017618033
0.1955,1.59976612743796e-15
0.195625,-0.128490017618001
0.19575,-0.181712325544963
0.195875,-0.128490017618049
0.196,-2.42170347291808e-14
0.196125,0.128490017617985
0.19625,0.181712325544963
0.196375,0.128490017618036
0.1965,5.51770399842826e-15
0.196625,-0.128490017617999
0.19675,-0.181712325544963
0.196875,-0.128490017618052
0.197,-2.81349726001711e-14
0.197125,0.128490017618012
0.19725,0.181712325544963
0.197375,0.128490017618038
0.1975,9.43564186941856e-15
0.197625,-0.128490017617996
0.19775,-0.181712325544963
0.197875,-0.128490017618054
0.198,-3.20529104711614e-14
0.198125,0.128490017618009
0.19825,0.181712325544963
0.198375,0.128490017618041
0.1985,1.33535797404088e-14
0.198625,-0.128490017617993
0.19875,-0.181712325544963
0.198875,-0.128490017618028
0.199,5.3457509903437e-15
0.199125,0.128490017618006
0.19925,0.181712325544963
0.199375,0.128490017618044
0.1995,1.72715176113991e-14
0.199625,-0.12849001761799
0.19975,-0.181712325544963
0.199875,-0.128490017618031
0.2,1.42781311935341e-15
0.200125,0.128490017618003
0.20025,0.181712325544963
0.200375,0.128490017618047
0.2005,2.11894554823894e-14
0.200625,-0.128490017618017
0.20075,-0.181712325544963
0.200875,-0.128490017618033
0.201,-2.49012475163689e-15
0.201125,0.128490017618001
0.20125,0.181712325544963
0.201375,0.128490017618049
0.2015,2.51073933533797e-14
0.201625,-0.128490017618014
0.20175,-0.181712325544963
0.201875,-0.128490017618036
0.202,-6.40806262262719e-15
0.202125,0.128490017617998
0.20225,0.181712325544963
0.202375,0.128490017618052
0.2025,2.902533122437e-14
0.202625,-0.128490017618011
0.20275,-0.181712325544963
0.202875,-0.128490017618039
0.203,-1.03260004936175e-14
0.203125,0.128490017617995
0.20325,0.181712325544963
0.203375,0.128490017618026
0.2035,3.29432690953603e-14
0.203625,-0.128490017618008
0.20375,-0.181712325544963
0.203875,-0.128490017618042
0.204,-5.55605376971032e-14
0.204125,0.128490017617992
0.20425,0.181712325544963
0.204375,0.128490017618029
0.2045,3.68612069663506e-14
0.204625,-0.128490017618006
0.20475,-0.181712325544963
0.204875,-0.128490017618044
0.205,-1.81618762355981e-14
0.205125,0.128490017618019
0.20525,0.181712325544963
0.205375,0.128490017618031
0.2055,4.07791448373409e-14
0.205625,-0.128490017618003
0.20575,-0.181712325544963
0.205875,-0.128490017618047
0.206,-2.20798141065884e-14
0.206125,0.128490017618016
0.20625,0.181712325544963
0.206375,0.128490017618034
0.2065,4.46970827083312e-14
0.206625,-0.128490017618
0.20675,-0.181712325544963
0.206875,-0.12849001761805
0.207,-2.59977519775787e-14
0.207125,0.128490017618013
0.20725,0.181712325544963
0.207375,0.128490017618037
0.2075,4.86150205793215e-14
0.207625,-0.128490017617997
0.20775,-0.181712325544963
0.207875,-0.128490017618024
0.208,-2.9915689848569e-14
0.208125,0.12849001761801
0.20825,0.181712325544963
0.208375,0.12849001761804
0.2085,5.25329584503118e-14
0.208625,-0.128490017617995
0.20875,-0.181712325544963
0.208875,-0.128490017618026
0.209,-3.38336277195593e-14
0.209125,0.128490017618008
0.20925,0.181712325544963
0.209375,0.128490017618042
0.2095,1.51342969888067e-14
0.209625,-0.128490017618021
0.20975,-0.181712325544963
0.209875,-0.128490017618029
0.21,-3.77515655905496e-14
0.210125,0.128490017618005
0.21025,0.181712325544963
0.210375,0.128490017618045
0.2105,1.9052234859797e-14
0.210625,-0.128490017618018
0.21075,-0.181712325544963
0.210875,-0.128490017618032
0.211,-4.16695034615398e-14
0.211125,0.128490017618002
0.21125,0.181712325544963
0.211375,0.128490017618019
0.2115,2.29701727307873e-14
0.211625,-0.128490017618015
0.21175,-0.181712325544963
0.211875,-0.128490017618035
0.212,-4.55874413325301e-14
0.212125,0.128490017617999
0.21225,0.181712325544963
0.212375,0.128490017618021
0.2125,2.68881106017776e-14
0.212625,-0.128490017618013
0.21275,-0.181712325544963
0.212875,-0.128490017618037
0.213,-4.95053792035204e-14
0.213125,0.128490017617997
0.21325,0.181712325544963
0.213375,0.128490017618024
0.2135,3.08060484727679e-14
0.213625,-0.12849001761801
0.21375,-0.181712325544963
0.213875,-0.12849001761804
0.214,-1.21067177420153e-14
0.214125,0.128490017618023
0.21425,0.181712325544963
0.214375,0.128490017618027
0.2145,3.47239863437582e-14
0.214625,-0.128490017618007
0.21475,-0.181712325544963
0.214875,-0.128490017618043
0.215,-1.60246556130056e-14
0.215125,0.12849001761802
0.21525,0.181712325544963
0.215375,0.12849001761803
0.2155,3.86419242147485e-14
0.215625,-0.128490017618004
0.21575,-0.181712325544963
0.215875,-0.128490017618017
0.216,-1.99425934839959e-14
0.216125,0.128490017618018
0.21625,0.181712325544963
0.216375,0.128490017618033
0.2165,4.25598620857388e-14
0.216625,-0.128490017618002
0.21675,-0.181712325544963
0.216875,-0.128490017618019
0.217,-2.38605313549862e-14
0.217125,0.128490017618015
0.21725,0.181712325544963
0.217375,0.128490017618035
0.2175,4.64777999567291e-14
0.217625,-0.128490017618028
0.21775,-0.181712325544963
0.217875,-0.128490017618022
0.218,-2.77784692259765e-14
0.218125,0.128490017618012
0.21825,0.181712325544963
0.218375,0.128490017618038
0.2185,9.07913849522397e-15
0.218625,-0.128490017618025
0.21875,-0.181712325544963
0.218875,-0.128490017618054
0.219,-3.16964070969668e-14
0.219125,0.12849001761798
0.21925,0.181712325544963
0.219375,0.128490017618041
0.2195,1.29970763662143e-14
0.219625,-0.128490017617993
0.21975,-0.181712325544963
0.219875,-0.128490017618057
0.22,-3.56143449679571e-14
0.220125,0.128490017618006
0.22025,0.181712325544963
0.220375,0.128490017618044
0.2205,1.69150142372046e-14
0.220625,-0.12849001761799
0.22075,-0.181712325544963
0.220875,-0.12849001761806
0.221,-3.95322828389474e-14
0.221125,0.128490017618004
0.22125,0.181712325544963
0.221375,0.128490017618046
0.2215,2.08329521081949e-14
0.221625,-0.128490017617988
0.22175,-0.181712325544963
0.221875,-0.128490017618062
0.222,-2.1336213774423e-15
0.222125,0.128490017618001
0.22225,0.181712325544963
0.222375,0.128490017618049
0.2225,2.47508899791852e-14
0.222625,-0.128490017617985
0.22275,-0.181712325544963
0.222875,-0.128490017618036
0.223,-6.0515592484326e-15
0.223125,0.128490017617998
0.22325,0.181712325544963
0.223375,0.128490017618052
0.2235,2.86688278501754e-14
0.223625,-0.128490017617982
0.22375,-0.181712325544963
0.223875,-0.128490017618039
0.224,-9.9694971194229e-15
0.224125,0.128490017617995
0.22425,0.181712325544963
0.224375,0.128490017618055
0.2245,3.25867657211657e-14
0.224625,-0.128490017618009
0.22475,-0.181712325544963
0.224875,-0.128490017618041
0.225,-1.38874349904132e-14
0.225125,0.128490017617993
0.22525,0.181712325544963
0.225375,0.128490017618057
0.2255,3.6504703592156e-14
0.225625,-0.128490017618006
0.22575,-0.181712325544963
0.225875,-0.128490017618044
0.226,-1.78053728614035e-14
0.226125,0.12849001761799
0.22625,0.181712325544963
0.226375,0.128490017618031
0.2265,-8.93957869349065e-16
0.226625,-0.128490017618003
0.22675,-0.181712325544963
0.226875,-0.128490017618047
0.227,-2.17233107323938e-14
0.227125,0.128490017617987
0.22725,0.181712325544963
0.227375,0.128490017618034
0.2275,3.02398000164123e-15
0.227625,-0.128490017618
0.22775,-0.181712325544963
0.227875,-0.12849001761805
0.228,-2.56412486033841e-14
0.228125,0.128490017617984
0.22825,0.181712325544963
0.228375,0.128490017618037
0.2285,6.94191787263153e-15
0.228625,-0.128490017617998
0.22875,-0.181712325544963
0.228875,-0.128490017618053
0.229,-2.95591864743744e-14
0.229125,0.128490017618011
0.22925,0.181712325544963
0.229375,0.128490017618039
0.2295,1.08598557436218e-14
0.229625,-0.128490017617995
0.22975,-0.181712325544963
0.229875,-0.128490017618055
0.23,-3.34771243453647e-14
0.230125,0.128490017618008
0.23025,0.181712325544963
0.230375,0.128490017618042
0.2305,1.47777936146121e-14
0.230625,-0.128490017617992
0.23075,-0.181712325544963
0.230875,-0.128490017618029
0.231,3.92153711614043e-15
0.231125,0.128490017618005
0.23125,0.181712325544963
0.231375,0.128490017618045
0.2315,1.86957314856024e-14
0.231625,-0.128490017617989
0.23175,-0.181712325544963
0.231875,-0.128490017618032
0.232,3.59924515013671e-18
0.232125,0.128490017618002
0.23225,0.181712325544963
0.232375,0.128490017618048
0.2325,2.26136693565927e-14
0.232625,-0.128490017617986
0.23275,-0.181712325544963
0.232875,-0.128490017618034
0.233,-3.91433862584016e-15
0.233125,0.128490017618
0.23325,0.181712325544963
0.233375,0.12849001761805
0.2335,2.6531607227583e-14
0.233625,-0.128490017618013
0.23375,-0.181712325544963
0.233875,-0.128490017618037
0.234,-7.83227649683046e-15
0.234125,0.128490017617997
0.23425,0.181712325544963
0.234375,0.128490017618053
0.2345,3.04495450985733e-14
0.234625,-0.12849001761801
0.23475,-0.181712325544963
0.234875,-0.12849001761804
0.235,-5.30668137003162e-14
0.235125,0.128490017617994
0.23525,0.181712325544963
0.235375,0.128490017618027
0.2355,3.43674829695636e-14
0.235625,-0.128490017618007
0.23575,-0.181712325544963
0.235875,-0.128490017618043
0.236,-5.69847515713065e-14
0.236125,0.128490017617991
0.23625,0.181712325544963
0.236375,0.12849001761803
0.2365,3.82854208405539e-14
0.236625,-0.128490017618005
0.23675,-0.181712325544963
0.236875,-0.128490017618045
0.237,-6.09026894422968e-14
0.237125,0.128490017618018
0.23725,0.181712325544963
0.237375,0.128490017618032
0.2375,4.22033587115442e-14
0.237625,-0.128490017618002
0.23775,-0.181712325544963
0.237875,-0.128490017618048
0.238,-2.35040279807916e-14
0.238125,0.128490017618015
0.23825,0.181712325544963
0.238375,0.128490017618035
0.2385,4.61212965825345e-14
0.238625,-0.128490017617999
0.23875,-0.181712325544963
0.238875,-0.128490017618051
0.239,-2.74219658517819e-14
0.239125,0.128490017618012
0.23925,0.181712325544963
0.239375,0.128490017618038
0.2395,5.00392344535248e-14
0.239625,-0.128490017617996
0.23975,-0.181712325544963
0.239875,-0.128490017618025
0.24,-3.13399037227722e-14
0.240125,0.128490017618009
0.24025,0.181712325544963
0.240375,0.128490017618041
0.2405,5.39571723245151e-14
0.240625,-0.128490017617994
0.24075,-0.181712325544963
0.240875,-0.128490017618027
0.241,-3.52578415937625e-14
0.241125,0.128490017618007
0.24125,0.181712325544963
0.241375,0.128490017618043
0.2415,1.655851086301e-14
0.241625,-0.12849001761802
0.24175,-0.181712325544963
0.241875,-0.12849001761803
0.242,-3.91757794647528e-14
0.242125,0.128490017618004
0.24225,0.181712325544963
0.242375,0.128490017618046
0.2425,2.04764487340003e-14
0.242625,-0.128490017618017
0.24275,-0.181712325544963
0.242875,-0.128490017618033
0.243,-4.30937173357431e-14
0.243125,0.128490017618001
0.24325,0.181712325544963
0.243375,0.128490017618049
0.2435,2.43943866049906e-14
0.243625,-0.128490017618014
0.24375,-0.181712325544963
0.243875,-0.128490017618036
0.244,-4.70116552067334e-14
0.244125,0.128490017617998
0.24425,0.181712325544963
0.244375,0.128490017618022
0.2445,2.83123244759809e-14
0.244625,-0.128490017618012
0.24475,-0.181712325544963
0.244875,-0.128490017618038
0.245,-5.09295930777237e-14
0.245125,0.128490017617996
0.24525,0.181712325544963
0.245375,0.128490017618025
0.2455,3.22302623469712e-14
0.245625,-0.128490017618009
0.24575,-0.181712325544963
0.245875,-0.128490017618041
0.246,-1.35309316162186e-14
0.246125,0.128490017618022
0.24625,0.181712325544963
0.246375,0.128490017618028
0.2465,3.61482002179615e-14
0.246625,-0.128490017618006
0.24675,-0.181712325544963
0.246875,-0.128490017618044
0.247,-1.74488694872089e-14
0.247125,0.128490017618019
0.24725,0.181712325544963
0.247375,0.128490017618031
0.2475,4.00661380889518e-14
0.247625,-0.128490017618003
0.24775,-0.181712325544963
0.247875,-0.128490017618018
0.248,-2.13668073581992e-14
0.248125,0.128490017618017
0.24825,0.181712325544963
0.248375,0.128490017618034
0.2485,4.39840759599421e-14
0.248625,-0.128490017618001
0.24875,-0.181712325544963
0.248875,-0.12849001761802
0.249,-2.52847452291895e-14
0.249125,0.128490017618014
0.24925,0.181712325544963
0.249375,0.128490017618036
0.2495,4.79020138309323e-14
0.249625,-0.128490017617998
0.24975,-0.181712325544963
0.249875,-0.128490017618023
0.25,-2.92026831001798e-14
0.250125,0.128490017617982
0.25025,0.181712325544963
0.250375,0.128490017618039
0.2505,1.05033523694272e-14
0.250625,-0.128490017617995
0.25075,-0.181712325544963
0.250875,-0.128490017618026
0.251,-3.31206209711701e-14
0.251125,0.128490017617979
0.25125,0.181712325544963
0.251375,0.128490017618042
0.2515,1.44212902404175e-14
0.251625,-0.128490017617992
0.25175,-0.181712325544963
0.251875,-0.128490017618029
0.252,-3.70385588421604e-14
0.252125,0.128490017617976
0.25225,0.181712325544963
0.252375,0.128490017618015
0.2525,1.83392281114078e-14
0.252625,-0.128490017617989
0.25275,-0.181712325544963
0.252875,-0.128490017618031
0.253,-4.09564967131507e-14
0.253125,0.128490017618003
0.25325,0.181712325544963
0.253375,0.128490017618018
0.2535,2.22571659823981e-14
0.253625,-0.128490017617987
0.25375,-0.181712325544963
0.253875,-0.128490017618034
0.254,-4.4874434584141e-14
0.254125,0.128490017618
0.25425,0.181712325544963
0.254375,0.128490017618021
0.2545,2.61751038533884e-14
0.254625,-0.128490017617984
0.25475,-0.181712325544963
0.254875,-0.128490017618037
0.255,-7.47577312263587e-15
0.255125,0.128490017617997
0.25525,0.181712325544963
0.255375,0.128490017618024
0.2555,3.00930417243787e-14
0.255625,-0.128490017617981
0.25575,-0.181712325544963
0.255875,-0.12849001761804
0.256,-1.13937109936262e-14
0.256125,0.128490017617994
0.25625,0.181712325544963
0.256375,0.128490017618026
0.2565,3.4010979595369e-14
0.256625,-0.128490017618008
0.25675,-0.181712325544963
0.256875,-0.128490017618013
0.257,-1.53116488646165e-14
0.257125,0.128490017617992
0.25725,0.181712325544963
0.257375,0.128490017618029
0.2575,3.79289174663593e-14
0.257625,-0.128490017618005
0.25775,-0.181712325544963
0.257875,-0.128490017618016
0.258,-1.92295867356068e-14
0.258125,0.128490017617989
0.25825,0.181712325544963
0.258375,0.128490017618032
0.2585,4.18468553373496e-14
0.258625,-0.128490017618002
0.25875,-0.181712325544963
0.258875,-0.128490017618019
0.259,-2.31475246065971e-14
0.259125,0.128490017617986
0.25925,0.181712325544963
0.259375,0.128490017618035
0.2595,4.4481938758445e-15
0.259625,-0.128490017617999
0.25975,-0.181712325544963
0.259875,-0.128490017618022
0.26,-2.70654624775874e-14
0.260125,0.128490017617983
0.26025,0.181712325544963
0.260375,0.128490017618038
0.2605,8.3661317468348e-15
0.260625,-0.128490017617997
0.26075,-0.181712325544963
0.260875,-0.128490017618024
0.261,-3.09834003485777e-14
0.261125,0.12849001761801
0.26125,0.181712325544963
0.261375,0.128490017618011
0.2615,1.22840696178251e-14
0.261625,-0.128490017617994
0.26175,-0.181712325544963
0.261875,-0.128490017618027
0.262,-3.49013382195679e-14
0.262125,0.128490017618007
0.26225,0.181712325544963
0.262375,0.128490017618014
0.2625,1.62020074888154e-14
0.262625,-0.128490017617991
0.26275,-0.181712325544963
0.262875,-0.12849001761803
0.263,2.49732324193716e-15
0.263125,0.128490017618004
0.26325,0.181712325544963
0.263375,0.128490017618017
0.2635,2.01199453598057e-14
0.263625,-0.128490017617988
0.26375,-0.181712325544963
0.263875,-0.128490017618033
0.264,-1.42061462905313e-15
0.264125,0.128490017618001
0.26425,0.181712325544963
0.264375,0.128490017618019
0.2645,2.4037883230796e-14
0.264625,-0.128490017617985
0.26475,-0.181712325544963
0.264875,-0.128490017618035
0.265,-5.33855250004343e-15
0.265125,0.128490017617999
0.26525,0.181712325544963
0.265375,0.128490017618022
0.2655,2.79558211017863e-14
0.265625,-0.128490017618012
0.26575,-0.181712325544963
0.265875,-0.128490017618067
0.266,-9.25649037103373e-15
0.266125,0.128490017617996
0.26625,0.181712325544963
0.266375,0.128490017618054
0.2665,3.18737589727766e-14
0.266625,-0.128490017618009
0.26675,-0.181712325544963
0.266875,-0.12849001761807
0.267,-1.3174428242024e-14
0.267125,0.128490017617993
0.26725,0.181712325544963
0.267375,0.128490017618057
0.2675,-5.52490248872853e-15
0.267625,-0.128490017618006
0.26775,-0.181712325544963
0.267875,-0.128490017618073
0.268,-1.70923661130143e-14
0.268125,0.12849001761799
0.26825,0.181712325544963
0.268375,0.12849001761806
0.2685,-1.60696461773823e-15
0.268625,-0.128490017618004
0.26875,-0.181712325544963
0.268875,-0.128490017618076
0.269,-2.10103039840046e-14
0.269125,0.128490017617988
0.26925,0.181712325544963
0.269375,0.128490017618063
0.2695,2.31097325325206e-15
0.269625,-0.128490017618001
0.26975,-0.181712325544963
0.269875,-0.128490017618049
0.27,-2.49282418549949e-14
0.270125,0.128490017618014
0.27025,0.181712325544963
0.270375,0.128490017618065
0.2705,6.22891112424236e-15
0.270625,-0.128490017617998
0.27075,-0.181712325544963
0.270875,-0.128490017618052
0.271,-2.88461797259852e-14
0.271125,0.128490017618011
0.27125,0.181712325544963
0.271375,0.128490017618068
0.2715,1.01468489952327e-14
0.271625,-0.128490017617995
0.27175,-0.181712325544963
0.271875,-0.128490017618055
0.272,8.5524817355199e-15
0.272125,0.128490017618008
0.27225,0.181712325544963
0.272375,0.128490017618071
0.2725,1.4064786866223e-14
0.272625,-0.128490017617992
0.27275,-0.181712325544963
0.272875,-0.128490017618058
0.273,4.6345438645296e-15
0.273125,0.128490017618006
0.27325,0.181712325544963
0.273375,0.128490017618074
0.2735,1.79827247372132e-14
0.273625,-0.12849001761799
0.27375,-0.181712325544963
0.273875,-0.12849001761806
0.274,7.16605993539306e-16
0.274125,0.128490017618003
0.27425,0.181712325544963
0.274375,0.128490017618047
0.2745,2.19006626082035e-14
0.274625,-0.128490017618016
0.27475,-0.181712325544963
0.274875,-0.128490017618063
0.275,-3.20133187745099e-15
0.275125,0.128490017618
0.27525,0.181712325544963
0.275375,0.12849001761805
0.2755,2.58186004791938e-14
0.275625,-0.128490017618013
0.27575,-0.181712325544963
0.275875,-0.128490017618066
0.276,-7.11926974844129e-15
0.276125,0.128490017617997
0.27625,0.181712325544963
0.276375,0.128490017618053
0.2765,-1.15800609823113e-14
0.276625,-0.128490017618011
0.27675,-0.181712325544963
0.276875,-0.128490017618069
0.277,-1.10372076194316e-14
0.277125,0.128490017617995
0.27725,0.181712325544963
0.277375,0.128490017618055
0.2775,-7.66212311132097e-15
0.277625,-0.128490017618008
0.27775,-0.181712325544963
0.277875,-0.128490017618071
0.278,-1.49551454904219e-14
0.278125,0.128490017618021
0.27825,0.181712325544963
0.278375,0.128490017618058
0.2785,-3.74418524033068e-15
0.278625,-0.128490017618005
0.27875,-0.181712325544963
0.278875,-0.128490017618045
0.279,-1.88730833614122e-14
0.279125,0.128490017618018
0.27925,0.181712325544963
0.279375,0.128490017618061
0.2795,1.73752630659622e-16
0.279625,-0.128490017618002
0.27975,-0.181712325544963
0.279875,-0.128490017618048
0.28,-2.27910212324025e-14
0.280125,0.128490017618016
0.28025,0.181712325544963
0.280375,0.128490017618064
0.2805,4.09169050164992e-15
0.280625,-0.128490017618
0.28075,-0.181712325544963
0.280875,-0.128490017618051
0.281,1.46076402291026e-14
0.281125,0.128490017618013
0.28125,0.181712325544963
0.281375,0.128490017618067
0.2815,4.93262277051356e-14
0.281625,-0.128490017617997
0.28175,-0.181712325544963
0.281875,-0.128490017618053
0.282,-7.19434963068785e-14
0.282125,0.12849001761801
0.28225,0.181712325544963
0.282375,0.128490017618069
0.2825,5.32441655761259e-14
0.282625,-0.128490017618023
0.28275,-0.181712325544963
0.282875,-0.128490017618056
0.283,-7.58614341778688e-14
0.283125,0.128490017618007
0.28325,0.181712325544963
0.283375,0.128490017618043
0.2835,5.71621034471162e-14
0.283625,-0.12849001761802
0.28375,-0.181712325544963
0.283875,-0.128490017618059
0.284,-7.97793720488591e-14
0.284125,0.128490017618004
0.28425,0.181712325544963
0.284375,0.128490017618046
0.2845,6.10800413181065e-14
0.284625,-0.128490017618018
0.28475,-0.181712325544963
0.284875,-0.128490017618062
0.285,-4.2380710587354e-14
0.285125,0.128490017618002
0.28525,0.181712325544963
0.285375,0.128490017618048
0.2855,6.49979791890968e-14
0.285625,-0.128490017618015
0.28575,-0.181712325544963
0.285875,-0.128490017618064
0.286,-4.62986484583443e-14
0.286125,0.128490017617999
0.28625,0.181712325544963
0.286375,0.128490017618051
0.2865,6.89159170600871e-14
0.286625,-0.128490017618012
0.28675,-0.181712325544963
0.286875,-0.128490017618038
0.287,-5.02165863293345e-14
0.287125,0.128490017618025
0.28725,0.181712325544963
0.287375,0.128490017618054
0.2875,7.28338549310774e-14
0.287625,-0.128490017618009
0.28775,-0.181712325544963
0.287875,-0.128490017618041
0.288,-5.41345242003248e-14
0.288125,0.128490017618023
0.28825,0.181712325544963
0.288375,0.128490017618057
0.2885,7.67517928020677e-14
0.288625,-0.128490017618007
0.28875,-0.181712325544963
0.288875,-0.128490017618043
0.289,-5.80524620713151e-14
0.289125,0.12849001761802
0.28925,0.181712325544963
0.289375,0.128490017618059
0.2895,3.93531313405626e-14
0.289625,-0.128490017618004
0.28975,-0.181712325544963
0.289875,-0.128490017618046
0.29,-6.19703999423054e-14
0.290125,0.128490017618017
0.29025,0.181712325544963
0.290375,0.128490017618062
0.2905,4.32710692115529e-14
0.290625,-0.128490017618001
0.29075,-0.181712325544963
0.290875,-0.128490017618049
0.291,-6.58883378132957e-14
0.291125,0.128490017618014
0.29125,0.181712325544963
0.291375,0.128490017618036
0.2915,4.71890070825432e-14
0.291625,-0.128490017618028
0.29175,-0.181712325544963
0.291875,-0.128490017618052
0.292,-6.9806275684286e-14
0.292125,0.128490017618012
0.29225,0.181712325544963
0.292375,0.128490017618039
0.2925,5.11069449535335e-14
0.292625,-0.128490017618025
0.29275,-0.181712325544963
0.292875,-0.128490017618055
0.293,-7.37242135552763e-14
0.293125,0.128490017618009
0.29325,0.181712325544963
0.293375,0.128490017618041
0.2935,5.50248828245238e-14
0.293625,-0.128490017618022
0.29375,-0.181712325544963
0.293875,-0.128490017618057
0.294,-3.63255520937712e-14
0.294125,0.128490017618006
0.29425,0.181712325544963
0.294375,0.128490017618044
0.2945,5.89428206955141e-14
0.294625,-0.128490017618019
0.29475,-0.181712325544963
0.294875,-0.12849001761806
0.295,-4.02434899647615e-14
0.295125,0.128490017618032
0.29525,0.181712325544963
0.295375,0.128490017618047
0.2955,6.28607585665044e-14
0.295625,-0.128490017618016
0.29575,-0.181712325544963
0.295875,-0.128490017618034
0.296,-4.41614278357518e-14
0.296125,0.12849001761803
0.29625,0.181712325544963
0.296375,0.12849001761805
0.2965,6.67786964374947e-14
0.296625,-0.128490017618014
0.29675,-0.181712325544963
0.296875,-0.128490017618036
0.297,-4.80793657067421e-14
0.297125,0.128490017617968
0.29725,0.181712325544963
0.297375,0.128490017618052
0.2975,2.93800349759896e-14
0.297625,-0.128490017617982
0.29775,-0.181712325544963
0.297875,-0.128490017618039
0.298,-5.19973035777324e-14
0.298125,0.128490017617966
0.29825,0.181712325544963
0.298375,0.128490017618055
0.2985,3.32979728469798e-14
0.298625,-0.128490017617979
0.29875,-0.181712325544963
0.298875,-0.128490017618042
0.299,-5.59152414487227e-14
0.299125,0.128490017617963
0.29925,0.181712325544963
0.299375,0.128490017618058
0.2995,3.72159107179701e-14
0.299625,-0.128490017617976
0.29975,-0.181712325544963
0.299875,-0.128490017618045
0.3,-5.9833179319713e-14
0.300125,0.128490017617989
0.30025,0.181712325544963
0.300375,0.128490017618032
0.3005,4.11338485889604e-14
0.300625,-0.128490017617973
0.30075,-0.181712325544963
0.300875,-0.128490017618048
0.301,-6.37511171907033e-14
0.301125,0.128490017617987
0.30125,0.181712325544963
0.301375,0.128490017618034
0.3015,4.50517864599507e-14
0.301625,-0.128490017617971
0.30175,-0.181712325544963
0.301875,-0.12849001761805
0.302,-2.63524557291982e-14
0.302125,0.128490017617984
0.30225,0.181712325544963
0.302375,0.128490017618037
0.3025,4.8969724330941e-14
0.302625,-0.128490017617968
0.30275,-0.181712325544963
0.302875,-0.128490017618053
0.303,-3.02703936001885e-14
0.303125,0.128490017617981
0.30325,0.181712325544963
0.303375,0.12849001761804
0.3035,5.28876622019313e-14
0.303625,-0.128490017617965
0.30375,-0.181712325544963
0.303875,-0.128490017618027
0.304,-3.41883314711788e-14
0.304125,0.128490017617978
0.30425,0.181712325544963
0.304375,0.128490017618043
0.3045,5.68056000729216e-14
0.304625,-0.128490017617991
0.30475,-0.181712325544963
0.304875,-0.128490017618029
0.305,-3.81062693421691e-14
0.305125,0.128490017617975
0.30525,0.181712325544963
0.305375,0.128490017618045
0.3055,6.07235379439119e-14
0.305625,-0.128490017617989
0.30575,-0.181712325544963
0.305875,-0.128490017618032
0.306,-4.20242072131594e-14
0.306125,0.128490017617973
0.30625,0.181712325544963
0.306375,0.128490017618048
0.3065,2.33248764824068e-14
0.306625,-0.128490017617986
0.30675,-0.181712325544963
0.306875,-0.128490017618035
0.307,-4.59421450841497e-14
0.307125,0.12849001761797
0.30725,0.181712325544963
0.307375,0.128490017618051
0.3075,2.72428143533971e-14
0.307625,-0.128490017617983
0.30775,-0.181712325544963
0.307875,-0.128490017618038
0.308,-4.986008295514e-14
0.308125,0.128490017617967
0.30825,0.181712325544963
0.308375,0.128490017618024
0.3085,3.11607522243874e-14
0.308625,-0.12849001761798
0.30875,-0.181712325544963
0.308875,-0.12849001761804
0.309,-5.37780208261303e-14
0.309125,0.128490017617994
0.30925,0.181712325544963
0.309375,0.128490017618027
0.3095,3.50786900953777e-14
0.309625,-0.128490017617978
0.30975,-0.181712325544963
0.309875,-0.128490017618043
0.31,-5.76959586971206e-14
0.310125,0.128490017617991
0.31025,0.181712325544963
0.310375,0.12849001761803
0.3105,3.8996627966368e-14
0.310625,-0.128490017617975
0.31075,-0.181712325544963
0.310875,-0.128490017618046
0.311,-2.02972972356154e-14
0.311125,0.128490017617988
0.31125,0.181712325544963
0.311375,0.128490017618033
0.3115,4.29145658373583e-14
0.311625,-0.128490017617972
0.31175,-0.181712325544963
0.311875,-0.128490017618049
0.312,-2.42152351066057e-14
0.312125,0.128490017617985
0.31225,0.181712325544963
0.312375,0.128490017618036
0.3125,4.68325037083486e-14
0.312625,-0.128490017617999
0.31275,-0.181712325544963
0.312875,-0.128490017618022
0.313,-2.8133172977596e-14
0.313125,0.128490017617983
0.31325,0.181712325544963
0.313375,0.128490017618038
0.3135,5.07504415793389e-14
0.313625,-0.128490017617996
0.31375,-0.181712325544963
0.313875,-0.128490017618025
0.314,-3.20511108485863e-14
0.314125,0.12849001761798
0.31425,0.181712325544963
0.314375,0.128490017618041
0.3145,5.46683794503292e-14
0.314625,-0.128490017617993
0.31475,-0.181712325544963
0.314875,-0.128490017618028
0.315,-3.59690487195766e-14
0.315125,0.128490017617977
0.31525,0.181712325544963
0.315375,0.128490017618044
0.3155,1.72697179888241e-14
0.315625,-0.12849001761799
0.31575,-0.181712325544963
0.315875,-0.128490017618031
0.316,-3.98869865905669e-14
0.316125,0.128490017617974
0.31625,0.181712325544963
0.316375,0.128490017618047
0.3165,2.11876558598144e-14
0.316625,-0.128490017617987
0.31675,-0.181712325544963
0.316875,-0.128490017618033
0.317,-4.38049244615572e-14
0.317125,0.128490017618001
0.31725,0.181712325544963
0.317375,0.12849001761802
0.3175,2.51055937308047e-14
0.317625,-0.128490017617985
0.31775,-0.181712325544963
0.317875,-0.128490017618036
0.318,-4.77228623325475e-14
0.318125,0.128490017617998
0.31825,0.181712325544963
0.318375,0.128490017618023
0.3185,2.9023531601795e-14
0.318625,-0.128490017617982
0.31875,-0.181712325544963
0.318875,-0.128490017618039
0.319,-1.03242008710424e-14
0.319125,0.128490017617995
0.31925,0.181712325544963
0.319375,0.128490017618026
0.3195,3.29414694727853e-14
0.319625,-0.128490017617979
0.31975,-0.181712325544963
0.319875,-0.128490017618042
0.32,-1.42421387420327e-14
0.320125,0.128490017617992
0.32025,0.181712325544963
0.320375,0.128490017618029
0.3205,3.68594073437756e-14
0.320625,-0.128490017617976
0.32075,-0.181712325544963
0.320875,-0.128490017618044
0.321,-1.8160076613023e-14
0.321125,0.12849001761799
0.32125,0.181712325544963
0.321375,0.128490017618031
0.3215,4.07773452147659e-14
0.321625,-0.128490017618003
0.32175,-0.181712325544963
0.321875,-0.128490017618018
0.322,-2.20780144840133e-14
0.322125,0.128490017617987
0.32225,0.181712325544963
0.322375,0.128490017618034
0.3225,4.46952830857562e-14
0.322625,-0.128490017618
0.32275,-0.181712325544963
0.322875,-0.128490017618021
0.323,-2.59959523550036e-14
0.323125,0.128490017617984
0.32325,0.181712325544963
0.323375,0.128490017618037
0.3235,7.29662162425104e-15
0.323625,-0.128490017617997
0.32375,-0.181712325544963
0.323875,-0.128490017618024
0.324,-2.99138902259939e-14
0.324125,0.128490017617981
0.32425,0.181712325544963
0.324375,0.12849001761804
0.3245,1.12145594952413e-14
0.324625,-0.128490017617995
0.32475,-0.181712325544963
0.324875,-0.128490017618026
0.325,-3.38318280969842e-14
0.325125,0.128490017617978
0.32525,0.181712325544963
0.325375,0.128490017618013
0.3255,1.51324973662316e-14
0.325625,-0.128490017617992
0.32575,-0.181712325544963
0.325875,-0.128490017618029
0.326,-3.77497659679745e-14
0.326125,0.128490017618005
0.32625,0.181712325544963
0.326375,0.128490017618016
0.3265,6.03670345697173e-14
0.326625,-0.128490017617989
0.32675,-0.181712325544963
0.326875,-0.128490017618032
0.327,-3.5110450646938e-16
0.327125,0.128490017617973
0.32725,0.181712325544963
0.327375,0.128490017618048
0.3275,2.29683731082122e-14
0.327625,-0.128490017618015
0.32775,-0.181712325544963
0.327875,-0.128490017618005
0.328,-4.55856417099551e-14
0.328125,0.128490017617999
0.32825,0.181712325544963
0.328375,0.12849001761808
0.3285,-1.44302883532929e-14
0.328625,-0.128490017617983
0.32875,-0.181712325544963
0.328875,-0.128490017618096
0.329,-8.18698024844997e-15
0.329125,0.128490017617967
0.32925,0.181712325544963
0.329375,0.128490017618053
0.3295,3.08042488501928e-14
0.329625,-0.12849001761801
0.32975,-0.181712325544963
0.329875,-0.128490017618069
0.33,-5.34215174519357e-14
0.330125,0.128490017617994
0.33025,0.181712325544963
0.330375,0.128490017618085
0.3305,-6.59441261131229e-15
0.330625,-0.128490017617978
0.33075,-0.181712325544963
0.330875,-0.128490017618043
0.331,-1.60228559904306e-14
0.331125,0.12849001761802
0.33125,0.181712325544963
0.331375,0.128490017618059
0.3315,3.86401245921734e-14
0.331625,-0.128490017618004
0.33175,-0.181712325544963
0.331875,-0.128490017618075
0.332,2.13758054710745e-14
0.332125,0.128490017617988
0.33225,0.181712325544963
0.332375,0.128490017618091
0.3325,1.24146313066831e-15
0.332625,-0.128490017617972
0.33275,-0.181712325544963
0.332875,-0.128490017618049
0.333,-2.38587317324112e-14
0.333125,0.128490017618015
0.33325,0.181712325544963
0.333375,0.128490017618065
0.3335,4.6476000334154e-14
0.333625,-0.128490017617999
0.33375,-0.181712325544963
0.333875,-0.12849001761808
0.334,1.3539929729094e-14
0.334125,0.128490017617983
0.33425,0.181712325544963
0.334375,0.128490017618038
0.3345,9.0773388726489e-15
0.334625,-0.128490017618025
0.33475,-0.181712325544963
0.334875,-0.128490017618054
0.335,-3.16946074743918e-14
0.335125,0.128490017618009
0.33525,0.181712325544963
0.335375,0.12849001761807
0.3355,5.43118760761346e-14
0.335625,-0.128490017617993
0.33575,-0.181712325544963
0.335875,-0.128490017618086
0.336,5.70405398711336e-15
0.336125,0.128490017617977
0.33625,0.181712325544963
0.336375,0.128490017618044
0.3365,1.69132146146295e-14
0.336625,-0.12849001761802
0.33675,-0.181712325544963
0.336875,-0.12849001761806
0.337,-3.95304832163723e-14
0.337125,0.128490017618004
0.33725,0.181712325544963
0.337375,0.128490017618076
0.3375,-2.04854468468756e-14
0.337625,-0.128490017617988
0.33775,-0.181712325544963
0.337875,-0.128490017618092
0.338,-2.13182175486724e-15
0.338125,0.128490017617972
0.33825,0.181712325544963
0.338375,0.128490017618049
0.3385,2.47490903566101e-14
0.338625,-0.128490017618014
0.33875,-0.181712325544963
0.338875,-0.128490017618065
0.339,-4.73663589583529e-14
0.339125,0.128490017617998
0.33925,0.181712325544963
0.339375,0.128490017618081
0.3395,-1.2649571104895e-14
0.339625,-0.128490017617982
0.33975,-0.181712325544963
0.339875,-0.128490017618039
0.34,-9.96769749684783e-15
0.340125,0.128490017618025
0.34025,0.181712325544963
0.340375,0.128490017618055
0.3405,3.25849660985907e-14
0.340625,-0.128490017618009
0.34075,-0.181712325544963
0.340875,-0.128490017618071
0.341,2.74309639646573e-14
0.341125,0.128490017617993
0.34125,0.181712325544963
0.341375,0.128490017618087
0.3415,-4.81369536291443e-15
0.341625,-0.128490017617977
0.34175,-0.181712325544963
0.341875,-0.128490017618044
0.342,-1.78035732388284e-14
0.342125,0.128490017618019
0.34225,0.181712325544963
0.342375,0.12849001761806
0.3425,4.04208418405713e-14
0.342625,-0.128490017618003
0.34275,-0.181712325544963
0.342875,-0.128490017618076
0.343,1.95950882226767e-14
0.343125,0.128490017617987
0.34325,0.181712325544963
0.343375,0.128490017618034
0.3435,3.02218037906616e-15
0.343625,-0.12849001761803
0.34375,-0.181712325544963
0.343875,-0.12849001761805
0.344,-1.082726476458e-13
0.344125,0.128490017618014
0.34425,0.181712325544963
0.344375,0.128490017618066
0.3445,4.82567175825519e-14
0.344625,-0.128490017617998
0.34475,-0.181712325544963
0.344875,-0.128490017618082
0.345,-7.08739861842947e-14
0.345125,0.128490017617982
0.34525,0.181712325544963
0.345375,0.128490017618039
0.3455,9.34912547860376e-14
0.345625,-0.128490017618024
0.34575,-0.181712325544963
0.345875,-0.128490017618055
0.346,-3.34753247227896e-14
0.346125,0.128490017618008
0.34625,0.181712325544963
0.346375,0.128490017618071
0.3465,5.60925933245325e-14
0.346625,-0.128490017617992
0.34675,-0.181712325544963
0.346875,-0.128490017618087
0.347,-7.87098619262753e-14
0.347125,0.128490017618034
0.34725,0.181712325544963
0.347375,0.128490017618045
0.3475,1.01327130528018e-13
0.347625,-0.128490017618018
0.34775,-0.181712325544963
0.347875,-0.128490017618061
0.348,-4.13112004647702e-14
0.348125,0.128490017618002
0.34825,0.181712325544963
0.348375,0.128490017618077
0.3485,6.39284690665131e-14
0.348625,-0.128490017617986
0.34875,-0.181712325544963
0.348875,-0.128490017618034
0.349,-8.65457376682559e-14
0.349125,0.128490017618029
0.34925,0.181712325544963
0.349375,0.12849001761805
0.3495,2.65298076050079e-14
0.349625,-0.128490017618013
0.34975,-0.181712325544963
0.349875,-0.128490017618066
0.35,-4.91470762067508e-14
0.350125,0.128490017617997
0.35025,0.181712325544963
0.350375,0.128490017618082
0.3505,7.17643448084936e-14
0.350625,-0.128490017617981
0.35075,-0.181712325544963
0.350875,-0.12849001761804
0.351,-9.43816134102365e-14
0.351125,0.128490017618023
0.35125,0.181712325544963
0.351375,0.128490017618056
0.3515,3.43656833469885e-14
0.351625,-0.128490017618007
0.35175,-0.181712325544963
0.351875,-0.128490017618072
0.352,-5.69829519487314e-14
0.352125,0.128490017617991
0.35225,0.181712325544963
0.352375,0.12849001761803
0.3525,7.96002205504742e-14
0.352625,-0.128490017618034
0.35275,-0.181712325544963
0.352875,-0.128490017618045
0.353,-1.02217489152217e-13
0.353125,0.128490017618018
0.35325,0.181712325544963
0.353375,0.128490017618062
0.3535,4.22015590889691e-14
0.353625,-0.128490017618002
0.35375,-0.181712325544963
0.353875,-0.128490017618077
0.354,-6.4818827690712e-14
0.354125,0.128490017617986
0.35425,0.181712325544963
0.354375,0.128490017618035
0.3545,8.74360962924548e-14
0.354625,-0.128490017618028
0.35475,-0.181712325544963
0.354875,-0.128490017618051
0.355,-2.74201662292069e-14
0.355125,0.128490017618012
0.35525,0.181712325544963
0.355375,0.128490017618067
0.3555,5.00374348309497e-14
0.355625,-0.128490017617996
0.35575,-0.181712325544963
0.355875,-0.128490017618025
0.356,-7.26547034326926e-14
0.356125,0.128490017618039
0.35625,0.181712325544963
0.356375,0.128490017618041
0.3565,9.52719720344354e-14
0.356625,-0.128490017618023
0.35675,-0.181712325544963
0.356875,-0.128490017618057
0.357,-3.52560419711875e-14
0.357125,0.128490017618007
0.35725,0.181712325544963
0.357375,0.128490017618073
0.3575,5.78733105729303e-14
0.357625,-0.128490017617991
0.35775,-0.181712325544963
0.357875,-0.12849001761803
0.358,-8.04905791746732e-14
0.358125,0.128490017618033
0.35825,0.181712325544963
0.358375,0.128490017618046
0.3585,2.04746491114252e-14
0.358625,-0.128490017618017
0.35875,-0.181712325544963
0.358875,-0.128490017618062
0.359,-4.30919177131681e-14
0.359125,0.128490017618001
0.35925,0.181712325544963
0.359375,0.128490017618078
0.3595,6.57091863149109e-14
0.359625,-0.128490017617985
0.35975,-0.181712325544963
0.359875,-0.128490017618036
0.36,-8.83264549166538e-14
0.360125,0.128490017617969
0.36025,0.181712325544963
0.360375,0.128490017618052
0.3605,2.83105248534058e-14
0.360625,-0.128490017617953
0.36075,-0.181712325544963
0.360875,-0.128490017618068
0.361,-5.09277934551486e-14
0.361125,0.128490017617996
0.36125,0.181712325544963
0.361375,0.128490017618025
0.3615,7.35450620568915e-14
0.361625,-0.12849001761798
0.36175,-0.181712325544963
0.361875,-0.128490017618041
0.362,-9.61623306586343e-14
0.362125,0.128490017617964
0.36225,0.181712325544963
0.362375,0.128490017618057
0.3625,3.61464005953864e-14
0.362625,-0.128490017617948
0.36275,-0.181712325544963
0.362875,-0.128490017618073
0.363,-5.87636691971292e-14
0.363125,0.12849001761799
0.36325,0.181712325544963
0.363375,0.128490017618031
0.3635,8.13809377988721e-14
0.363625,-0.128490017617974
0.36375,-0.181712325544963
0.363875,-0.128490017618047
0.364,-2.13650077356241e-14
0.364125,0.128490017617958
0.36425,0.181712325544963
0.364375,0.128490017618063
0.3645,4.3982276337367e-14
0.364625,-0.128490017618001
0.36475,-0.181712325544963
0.364875,-0.12849001761802
0.365,-6.65995449391098e-14
0.365125,0.128490017617985
0.36525,0.181712325544963
0.365375,0.128490017618036
0.3655,8.92168135408527e-14
0.365625,-0.128490017617969
0.36575,-0.181712325544963
0.365875,-0.128490017618052
0.366,-2.92008834776047e-14
0.366125,0.128490017617953
0.36625,0.181712325544963
0.366375,0.128490017618068
0.3665,5.18181520793476e-14
0.366625,-0.128490017617995
0.36675,-0.181712325544963
0.366875,-0.128490017618026
0.367,-7.44354206810904e-14
0.367125,0.128490017617979
0.36725,0.181712325544963
0.367375,0.128490017618042
0.3675,1.44194906178425e-14
0.367625,-0.128490017617963
0.36775,-0.181712325544963
0.367875,-0.128490017618058
0.368,-3.70367592195853e-14
0.368125,0.128490017617947
0.36825,0.181712325544963
0.368375,0.128490017618074
0.3685,5.96540278213282e-14
0.368625,-0.128490017617989
0.36875,-0.181712325544963
0.368875,-0.128490017618031
0.369,-8.2271296423071e-14
0.369125,0.128490017617973
0.36925,0.181712325544963
0.369375,0.128490017618047
0.3695,2.22553663598231e-14
0.369625,-0.128490017617957
0.36975,-0.181712325544963
0.369875,-0.128490017618063
0.37,-4.48726349615659e-14
0.370125,0.128490017618
0.37025,0.181712325544963
0.370375,0.128490017618021
0.3705,6.74899035633088e-14
0.370625,-0.128490017617984
0.37075,-0.181712325544963
0.370875,-0.128490017618037
0.371,-7.4739735000608e-15
0.371125,0.128490017617968
0.37125,0.181712325544963
0.371375,0.128490017618053
0.3715,3.00912421018037e-14
0.371625,-0.128490017617952
0.37175,-0.181712325544963
0.371875,-0.128490017618069
0.372,-5.27085107035465e-14
0.372125,0.128490017617994
0.37225,0.181712325544963
0.372375,0.128490017618026
0.3725,7.53257793052894e-14
0.372625,-0.128490017617978
0.37275,-0.181712325544963
0.372875,-0.128490017618042
0.373,-1.53098492420414e-14
0.373125,0.128490017617962
0.37325,0.181712325544963
0.373375,0.128490017618058
0.3735,3.79271178437842e-14
0.373625,-0.128490017618005
0.37375,-0.181712325544963
0.373875,-0.128490017618016
0.374,-6.05443864455271e-14
0.374125,0.128490017617989
0.37425,0.181712325544963
0.374375,0.128490017618032
0.3745,8.316165504727e-14
0.374625,-0.128490017617973
0.37475,-0.181712325544963
0.374875,-0.128490017618048
0.375,-2.3145724984022e-14
0.375125,0.128490017617957
0.37525,0.181712325544963
0.375375,0.128490017618064
0.3755,4.57629935857648e-14
0.375625,-0.128490017617999
0.37575,-0.181712325544963
0.375875,-0.128490017618022
0.376,-6.83802621875077e-14
0.376125,0.128490017617983
0.37625,0.181712325544963
0.376375,0.128490017618038
0.3765,8.36433212425973e-15
0.376625,-0.128490017617967
0.37675,-0.181712325544963
0.376875,-0.128490017618054
0.377,-3.09816007260026e-14
0.377125,0.128490017617951
0.37725,0.181712325544963
0.377375,0.128490017618011
0.3775,5.35988693277454e-14
0.377625,-0.128490017617994
0.37775,-0.181712325544963
0.377875,-0.128490017618027
0.378,-7.62161379294883e-14
0.378125,0.128490017617978
0.37825,0.181712325544963
0.378375,0.128490017618043
0.3785,1.62002078662403e-14
0.378625,-0.128490017617962
0.37875,-0.181712325544963
0.378875,-0.128490017618059
0.379,-3.88174764679832e-14
0.379125,0.128490017618004
0.37925,0.181712325544963
0.379375,0.128490017618017
0.3795,6.1434745069726e-14
0.379625,-0.128490017617988
0.37975,-0.181712325544963
0.379875,-0.128490017618033
0.38,-1.41881500647807e-15
0.380125,0.128490017617972
0.38025,0.181712325544963
0.380375,0.128490017618049
0.3805,2.40360836082209e-14
0.380625,-0.128490017617956
0.38075,-0.181712325544963
0.380875,-0.128490017618065
0.381,-4.66533522099638e-14
0.381125,0.128490017617999
0.38125,0.181712325544963
0.381375,0.128490017618022
0.3815,6.92706208117066e-14
0.381625,-0.128490017617983
0.38175,-0.181712325544963
0.381875,-0.128490017618038
0.382,-9.25469074845866e-15
0.382125,0.128490017617967
0.38225,0.181712325544963
0.382375,0.128490017618054
0.3825,3.18719593502015e-14
0.382625,-0.128490017618009
0.38275,-0.181712325544963
0.382875,-0.128490017618012
0.383,-5.44892279519444e-14
0.383125,0.128490017617993
0.38325,0.181712325544963
0.383375,0.128490017618028
0.3835,7.71064965536872e-14
0.383625,-0.128490017617977
0.38375,-0.181712325544963
0.383875,-0.128490017618044
0.384,-1.70905664904393e-14
0.384125,0.128490017617961
0.38425,0.181712325544963
0.384375,0.12849001761806
0.3845,3.97078350921821e-14
0.384625,-0.128490017618004
0.38475,-0.181712325544963
0.384875,-0.128490017618017
0.385,-6.2325103693925e-14
0.385125,0.128490017617988
0.38525,0.181712325544963
0.385375,0.128490017618033
0.3855,2.30917363067699e-15
0.385625,-0.128490017617972
0.38575,-0.181712325544963
0.385875,-0.128490017618049
0.386,-2.49264422324198e-14
0.386125,0.128490017618014
0.38625,0.181712325544963
0.386375,0.128490017618007
0.3865,4.75437108341627e-14
0.386625,-0.128490017617998
0.38675,-0.181712325544963
0.386875,-0.128490017618023
0.387,-7.01609794359055e-14
0.387125,0.128490017617982
0.38725,0.181712325544963
0.387375,0.128490017618039
0.3875,1.01450493726576e-14
0.387625,-0.128490017617966
0.38775,-0.181712325544963
0.387875,-0.128490017618055
0.388,-3.27623179744004e-14
0.388125,0.128490017618008
0.38825,0.181712325544963
0.388375,0.128490017618012
0.3885,5.53795865761433e-14
0.388625,-0.128490017617992
0.38875,-0.181712325544963
0.388875,-0.128490017618028
0.389,4.63634348710467e-15
0.389125,0.128490017617977
0.38925,0.181712325544963
0.389375,0.128490017618044
0.3895,1.79809251146382e-14
0.389625,-0.128490017617961
0.38975,-0.181712325544963
0.389875,-0.12849001761806
0.39,-4.0598193716381e-14
0.390125,0.128490017618003
0.39025,0.181712325544963
0.390375,0.128490017618018
0.3905,6.32154623181239e-14
0.390625,-0.128490017617987
0.39075,-0.181712325544963
0.390875,-0.128490017618092
0.391,-3.19953225487592e-15
0.391125,0.128490017617971
0.39125,0.181712325544963
0.391375,0.12849001761805
0.3915,2.58168008566188e-14
0.391625,-0.128490017618013
0.39175,-0.181712325544963
0.391875,-0.128490017618066
0.392,-4.84340694583616e-14
0.392125,0.128490017617997
0.39225,0.181712325544963
0.392375,0.128490017618082
0.3925,-1.15818606048863e-14
0.392625,-0.128490017617981
0.39275,-0.181712325544963
0.392875,-0.128490017618098
0.393,-1.10354079968565e-14
0.393125,0.128490017617965
0.39325,0.181712325544963
0.393375,0.128490017618055
0.3935,3.36526765985994e-14
0.393625,-0.128490017618008
0.39375,-0.181712325544963
0.393875,-0.128490017618071
0.394,-5.62699452003422e-14
0.394125,0.128490017617992
0.39425,0.181712325544963
0.394375,0.128490017618087
0.3945,-3.74598486290574e-15
0.394625,-0.128490017617976
0.39475,-0.181712325544963
0.394875,-0.128490017618045
0.395,-1.88712837388371e-14
0.395125,0.128490017618018
0.39525,0.181712325544963
0.395375,0.128490017618061
0.3955,4.148855234058e-14
0.395625,-0.128490017618002
0.39575,-0.181712325544963
0.395875,-0.128490017618077
0.396,-6.41058209423228e-14
0.396125,0.128490017617986
0.39625,0.181712325544963
0.396375,0.128490017618093
0.3965,4.08989087907485e-15
0.396625,-0.12849001761797
0.39675,-0.181712325544963
0.396875,-0.128490017618051
0.397,-2.67071594808177e-14
0.397125,0.128490017618013
0.39725,0.181712325544963
0.397375,0.128490017618067
0.3975,4.93244280825606e-14
0.397625,-0.128490017617997
0.39775,-0.181712325544963
0.397875,-0.128490017618083
0.398,1.06915019806874e-14
0.398125,0.128490017617981
0.39825,0.181712325544963
0.398375,0.128490017618099
0.3985,1.19257666210554e-14
0.398625,-0.128490017617965
0.39875,-0.181712325544963
0.398875,-0.128490017618056
0.399,-3.45430352227983e-14
0.399125,0.128490017618007
0.39925,0.181712325544963
0.399375,0.128490017618072
0.3995,5.71603038245411e-14
0.399625,-0.128490017617991
0.39975,-0.181712325544963
0.399875,-0.128490017618088
0.4,2.85562623870682e-15
0.400125,0.128490017617975
0.40025,0.181712325544963
0.400375,0.128490017618046
0.4005,1.9761642363036e-14
0.400625,-0.128490017618018
0.40075,-0.181712325544963
0.400875,-0.128490017618062
0.401,-4.23789109647789e-14
0.401125,0.128490017618002
0.40125,0.181712325544963
0.401375,0.128490017618078
0.4015,-1.76370190984691e-14
0.401625,-0.128490017617986
0.40175,-0.181712325544963
0.401875,-0.128490017618094
0.402,-4.98024950327378e-15
0.402125,0.12849001761797
0.40225,0.181712325544963
0.402375,0.128490017618051
0.4025,2.75975181050166e-14
0.402625,-0.128490017618012
0.40275,-0.181712325544963
0.402875,-0.128490017618067
0.403,-5.02147867067595e-14
0.403125,0.128490017617996
0.40325,0.181712325544963
0.403375,0.128490017618083
0.4035,-9.80114335648848e-15
0.403625,-0.12849001761798
0.40375,-0.181712325544963
0.403875,-0.128490017618041
0.404,-1.28161252452544e-14
0.404125,0.128490017618023
0.40425,0.181712325544963
0.404375,0.128490017618057
0.4045,3.54333938469972e-14
0.404625,-0.128490017618007
0.40475,-0.181712325544963
0.404875,-0.128490017618073
0.405,-5.80506624487401e-14
0.405125,0.128490017617991
0.40525,0.181712325544963
0.405375,0.128490017618089
0.4055,-1.96526761450789e-15
0.405625,-0.128490017617975
0.40575,-0.181712325544963
0.405875,-0.128490017618046
0.406,-2.0652000987235e-14
0.406125,0.128490017618017
0.40625,0.181712325544963
0.406375,0.128490017618062
0.4065,4.32692695889778e-14
0.406625,-0.128490017618001
0.40675,-0.181712325544963
0.406875,-0.128490017618078
0.407,-6.58865381907207e-14
0.407125,0.128490017617985
0.40725,0.181712325544963
0.407375,0.128490017618094
0.4075,8.85038067924635e-14
0.407625,-0.128490017618028
0.40775,-0.181712325544963
0.407875,-0.128490017618052
0.408,-1.11121075394206e-13
0.408125,0.128490017618012
0.40825,0.181712325544963
0.408375,0.128490017618068
0.4085,5.11051453309584e-14
0.408625,-0.128490017617996
0.40875,-0.181712325544963
0.408875,-0.128490017618084
0.409,-7.37224139327013e-14
0.409125,0.12849001761798
0.40925,0.181712325544963
0.409375,0.128490017618041
0.4095,9.63396825344441e-14
0.409625,-0.128490017618022
0.40975,-0.181712325544963
0.409875,-0.128490017618057
0.41,-3.63237524711962e-14
0.410125,0.128490017618006
0.41025,0.181712325544963
0.410375,0.128490017618073
0.4105,5.8941021072939e-14
0.410625,-0.12849001761799
0.41075,-0.181712325544963
0.410875,-0.128490017618089
0.411,-8.15582896746819e-14
0.411125,0.128490017617974
0.41125,0.181712325544963
0.411375,0.128490017618047
0.4115,1.04175558276425e-13
0.411625,-0.128490017618016
0.41175,-0.181712325544963
0.411875,-0.128490017618063
0.412,-4.41596282131767e-14
0.412125,0.128490017618
0.41225,0.181712325544963
0.412375,0.128490017618079
0.4125,6.67768968149196e-14
0.412625,-0.128490017617984
0.41275,-0.181712325544963
0.412875,-0.128490017618036
0.413,-8.93941654166624e-14
0.413125,0.128490017618027
0.41325,0.181712325544963
0.413375,0.128490017618052
0.4135,1.12011434018405e-13
0.413625,-0.128490017618011
0.41375,-0.181712325544963
0.413875,-0.128490017618068
0.414,-5.19955039551573e-14
0.414125,0.128490017617995
0.41425,0.181712325544963
0.414375,0.128490017618084
0.4145,7.46127725569002e-14
0.414625,-0.128490017617979
0.41475,-0.181712325544963
0.414875,-0.128490017618042
0.415,-9.7230041158643e-14
0.415125,0.128490017618021
0.41525,0.181712325544963
0.415375,0.128490017618058
0.4155,3.72141110953951e-14
0.415625,-0.128490017618005
0.41575,-0.181712325544963
0.415875,-0.128490017618074
0.416,-5.98313796971379e-14
0.416125,0.128490017617989
0.41625,0.181712325544963
0.416375,0.128490017618032
0.4165,8.24486482988808e-14
0.416625,-0.128490017618032
0.41675,-0.181712325544963
0.416875,-0.128490017618048
0.417,-1.05065916900624e-13
0.417125,0.128490017618016
0.41725,0.181712325544963
0.417375,0.128490017618064
0.4175,4.50499868373757e-14
0.417625,-0.128490017618
0.41775,-0.181712325544963
0.417875,-0.128490017618079
0.418,-6.76672554391185e-14
0.418125,0.128490017617984
0.41825,0.181712325544963
0.418375,0.128490017618037
0.4185,9.02845240408614e-14
0.418625,-0.128490017618026
0.41875,-0.181712325544963
0.418875,-0.128490017618053
0.419,-3.02685939776134e-14
0.419125,0.12849001761801
0.41925,0.181712325544963
0.419375,0.128490017618069
0.4195,5.28858625793563e-14
0.419625,-0.128490017617994
0.41975,-0.181712325544963
0.419875,-0.128490017618085
0.42,-7.55031311810991e-14
0.420125,0.128490017618037
0.42025,0.181712325544963
0.420375,0.128490017618043
0.4205,9.8120399782842e-14
0.420625,-0.128490017618021
0.42075,-0.181712325544963
0.420875,-0.128490017618059
0.421,-3.8104469719594e-14
0.421125,0.128490017618005
0.42125,0.181712325544963
0.421375,0.128490017618075
0.4215,6.07217383213369e-14
0.421625,-0.128490017617989
0.42175,-0.181712325544963
0.421875,-0.128490017618032
0.422,-8.33390069230797e-14
0.422125,0.128490017617973
0.42225,0.181712325544963
0.422375,0.128490017618048
0.4225,2.33230768598317e-14
0.422625,-0.128490017617957
0.42275,-0.181712325544963
0.422875,-0.128490017618064
0.423,-4.59403454615746e-14
0.423125,0.128490017617941
0.42325,0.181712325544963
0.423375,0.12849001761808
0.4235,6.85576140633174e-14
0.423625,-0.128490017617983
0.42375,-0.181712325544963
0.423875,-0.128490017618038
0.424,-9.11748826650603e-14
0.424125,0.128490017617967
0.42425,0.181712325544963
0.424375,0.128490017618054
0.4245,3.11589526018123e-14
0.424625,-0.128490017617951
0.42475,-0.181712325544963
0.424875,-0.12849001761807
0.425,-5.37762212035552e-14
0.425125,0.128490017617994
0.42525,0.181712325544963
0.425375,0.128490017618027
0.4255,7.6393489805298e-14
0.425625,-0.128490017617978
0.42575,-0.181712325544963
0.425875,-0.128490017618043
0.426,-9.90107584070409e-14
0.426125,0.128490017617962
0.42625,0.181712325544963
0.426375,0.128490017618059
0.4265,3.89948283437929e-14
0.426625,-0.128490017617946
0.42675,-0.181712325544963
0.426875,-0.128490017618075
0.427,-6.16120969455358e-14
0.427125,0.128490017617988
0.42725,0.181712325544963
0.427375,0.128490017618033
0.4275,8.42293655472786e-14
0.427625,-0.128490017617972
0.42775,-0.181712325544963
0.427875,-0.128490017618049
0.428,-2.42134354840307e-14
0.428125,0.128490017617956
0.42825,0.181712325544963
0.428375,0.128490017618065
0.4285,4.68307040857735e-14
0.428625,-0.12849001761794
0.42875,-0.181712325544963
0.428875,-0.128490017618022
0.429,-6.94479726875164e-14
0.429125,0.128490017617983
0.42925,0.181712325544963
0.429375,0.128490017618038
0.4295,9.20652412892592e-14
0.429625,-0.128490017617967
0.42975,-0.181712325544963
0.429875,-0.128490017618054
0.43,-3.20493112260113e-14
0.430125,0.128490017617951
0.43025,0.181712325544963
0.430375,0.12849001761807
0.4305,5.46665798277541e-14
0.430625,-0.128490017617993
0.43075,-0.181712325544963
0.430875,-0.128490017618028
0.431,-7.7283848429497e-14
0.431125,0.128490017617977
0.43125,0.181712325544963
0.431375,0.128490017618044
0.4315,1.7267918366249e-14
0.431625,-0.128490017617961
0.43175,-0.181712325544963
0.431875,-0.12849001761806
0.432,-3.98851869679919e-14
0.432125,0.128490017617945
0.43225,0.181712325544963
0.432375,0.128490017618076
0.4325,6.25024555697347e-14
0.432625,-0.128490017617987
0.43275,-0.181712325544963
0.432875,-0.128490017618033
0.433,-8.51197241714776e-14
0.433125,0.128490017617971
0.43325,0.181712325544963
0.433375,0.128490017618049
0.4335,2.51037941082296e-14
0.433625,-0.128490017617955
0.43375,-0.181712325544963
0.433875,-0.128490017618065
0.434,-4.77210627099725e-14
0.434125,0.128490017617998
0.43425,0.181712325544963
0.434375,0.128490017618023
0.4345,7.03383313117153e-14
0.434625,-0.128490017617982
0.43475,-0.181712325544963
0.434875,-0.128490017618039
0.435,-9.29555999134582e-14
0.435125,0.128490017617966
0.43525,0.181712325544963
0.435375,0.128490017618055
0.4355,3.29396698502102e-14
0.435625,-0.12849001761795
0.43575,-0.181712325544963
0.435875,-0.128490017618071
0.436,-5.5556938451953e-14
0.436125,0.128490017617992
0.43625,0.181712325544963
0.436375,0.128490017618029
0.4365,7.81742070536959e-14
0.436625,-0.128490017617976
0.43675,-0.181712325544963
0.436875,-0.128490017618044
0.437,-1.81582769904479e-14
0.437125,0.12849001761796
0.43725,0.181712325544963
0.437375,0.12849001761806
0.4375,4.07755455921908e-14
0.437625,-0.128490017618003
0.43775,-0.181712325544963
0.437875,-0.128490017618018
0.438,-6.33928141939336e-14
0.438125,0.128490017617987
0.43825,0.181712325544963
0.438375,0.128490017618034
0.4385,8.60100827956765e-14
0.438625,-0.128490017617971
0.43875,-0.181712325544963
0.438875,-0.12849001761805
0.439,-2.59941527324285e-14
0.439125,0.128490017617955
0.43925,0.181712325544963
0.439375,0.128490017618066
0.4395,4.86114213341714e-14
0.439625,-0.128490017617997
0.43975,-0.181712325544963
0.439875,-0.128490017618024
0.44,-7.12286899359142e-14
0.440125,0.128490017617981
0.44025,0.181712325544963
0.440375,0.12849001761804
0.4405,1.12127598726663e-14
0.440625,-0.128490017617965
0.44075,-0.181712325544963
0.440875,-0.128490017618056
0.441,-3.38300284744091e-14
0.441125,0.128490017617949
0.44125,0.181712325544963
0.441375,0.128490017618072
0.4415,5.6447297076152e-14
0.441625,-0.128490017617992
0.44175,-0.181712325544963
0.441875,-0.128490017618029
0.442,-7.90645656778948e-14
0.442125,0.128490017617976
0.44225,0.181712325544963
0.442375,0.128490017618045
0.4425,1.90486356146469e-14
0.442625,-0.12849001761796
0.44275,-0.181712325544963
0.442875,-0.128490017618061
0.443,-4.16659042163897e-14
0.443125,0.128490017618002
0.44325,0.181712325544963
0.443375,0.128490017618019
0.4435,6.42831728181326e-14
0.443625,-0.128490017617986
0.44375,-0.181712325544963
0.443875,-0.128490017618035
0.444,-4.26724275488461e-15
0.444125,0.12849001761797
0.44425,0.181712325544963
0.444375,0.128490017618051
0.4445,2.68845113566275e-14
0.444625,-0.128490017617954
0.44475,-0.181712325544963
0.444875,-0.128490017618067
0.445,-4.95017799583703e-14
0.445125,0.128490017617997
0.44525,0.181712325544963
0.445375,0.128490017618024
0.4455,7.21190485601132e-14
0.445625,-0.128490017617981
0.44575,-0.181712325544963
0.445875,-0.12849001761804
0.446,-1.21031184968652e-14
0.446125,0.128490017617965
0.44625,0.181712325544963
0.446375,0.128490017618056
0.4465,3.47203870986081e-14
0.446625,-0.128490017618007
0.44675,-0.181712325544963
0.446875,-0.128490017618014
0.447,-5.73376557003509e-14
0.447125,0.128490017617991
0.44725,0.181712325544963
0.447375,0.12849001761803
0.4475,7.99549243020938e-14
0.447625,-0.128490017617975
0.44775,-0.181712325544963
0.447875,-0.128490017618046
0.448,-1.99389942388458e-14
0.448125,0.128490017617959
0.44825,0.181712325544963
0.448375,0.128490017618062
0.4485,4.25562628405886e-14
0.448625,-0.128490017618002
0.44875,-0.181712325544963
0.448875,-0.128490017618019
0.449,-6.51735314423315e-14
0.449125,0.128490017617986
0.44925,0.181712325544963
0.449375,0.128490017618035
0.4495,5.15760137908354e-15
0.449625,-0.12849001761797
0.44975,-0.181712325544963
0.449875,-0.128490017618051
0.45,-2.77748699808264e-14
0.450125,0.128490017617954
0.45025,0.181712325544963
0.450375,0.128490017618009
0.4505,5.03921385825692e-14
0.450625,-0.128490017617996
0.45075,-0.181712325544963
0.450875,-0.128490017618025
0.451,-7.30094071843121e-14
0.451125,0.12849001761798
0.45125,0.181712325544963
0.451375,0.128490017618041
0.4515,1.29934771210641e-14
0.451625,-0.128490017617964
0.45175,-0.181712325544963
0.451875,-0.128490017618057
0.452,-3.5610745722807e-14
0.452125,0.128490017618006
0.45225,0.181712325544963
0.452375,0.128490017618014
0.4525,5.82280143245498e-14
0.452625,-0.12849001761799
0.45275,-0.181712325544963
0.452875,-0.12849001761803
0.453,1.78791573869813e-15
0.453125,0.128490017617974
0.45325,0.181712325544963
0.453375,0.128490017618105
0.4535,2.08293528630447e-14
0.453625,-0.128490017617958
0.45375,-0.181712325544963
0.453875,-0.128490017618062
0.454,-4.34466214647876e-14
0.454125,0.128490017618001
0.45425,0.181712325544963
0.454375,0.128490017618078
0.4545,6.60638900665304e-14
0.454625,-0.128490017617985
0.45475,-0.181712325544963
0.454875,-0.128490017618094
0.455,-6.04796000328246e-15
0.455125,0.128490017617969
0.45525,0.181712325544963
0.455375,0.128490017618052
0.4555,2.86652286050253e-14
0.455625,-0.128490017618011
0.45575,-0.181712325544963
0.455875,-0.128490017618068
0.456,-5.12824972067682e-14
0.456125,0.128490017617995
0.45625,0.181712325544963
0.456375,0.128490017618084
0.4565,7.3899765808511e-14
0.456625,-0.128490017617979
0.45675,-0.181712325544963
0.456875,-0.1284900176181
0.457,-1.38838357452631e-14
0.457125,0.128490017617963
0.45725,0.181712325544963
0.457375,0.128490017618057
0.4575,3.65011043470059e-14
0.457625,-0.128490017618006
0.45775,-0.181712325544963
0.457875,-0.128490017618073
0.458,-5.91183729487488e-14
0.458125,0.12849001761799
0.45825,0.181712325544963
0.458375,0.128490017618089
0.4585,-8.97557114499201e-16
0.458625,-0.128490017617974
0.45875,-0.181712325544963
0.458875,-0.128490017618105
0.459,-2.17197114872436e-14
0.459125,0.128490017618016
0.45925,0.181712325544963
0.459375,0.128490017618063
0.4595,4.43369800889865e-14
0.459625,-0.128490017618
0.45975,-0.181712325544963
0.459875,-0.128490017618079
0.46,-6.69542486907293e-14
0.460125,0.128490017617984
0.46025,0.181712325544963
0.460375,0.128490017618095
0.4605,6.93831862748139e-15
0.460625,-0.128490017617968
0.46075,-0.181712325544963
0.460875,-0.128490017618053
0.461,-2.95555872292242e-14
0.461125,0.128490017618011
0.46125,0.181712325544963
0.461375,0.128490017618069
0.4615,5.21728558309671e-14
0.461625,-0.128490017617995
0.46175,-0.181712325544963
0.461875,-0.128490017618085
0.462,7.84307423228087e-15
0.462125,0.128490017617979
0.46225,0.181712325544963
0.462375,0.128490017618101
0.4625,1.4774194369462e-14
0.462625,-0.128490017617963
0.46275,-0.181712325544963
0.462875,-0.128490017618058
0.463,-3.73914629712048e-14
0.463125,0.128490017618005
0.46325,0.181712325544963
0.463375,0.128490017618074
0.4635,6.00087315729477e-14
0.463625,-0.128490017617989
0.46375,-0.181712325544963
0.463875,-0.12849001761809
0.464,7.19849030027342e-18
0.464125,0.128490017617973
0.46425,0.181712325544963
0.464375,0.128490017618048
0.4645,2.26100701114426e-14
0.464625,-0.128490017618016
0.46475,-0.181712325544963
0.464875,-0.128490017618064
0.465,-4.52273387131854e-14
0.465125,0.128490017618
0.46525,0.181712325544963
0.465375,0.12849001761808
0.4655,-1.47885913500625e-14
0.465625,-0.128490017617984
0.46575,-0.181712325544963
0.465875,-0.128490017618096
0.466,-7.82867725168032e-15
0.466125,0.128490017617968
0.46625,0.181712325544963
0.466375,0.128490017618053
0.4665,3.04459458534232e-14
0.466625,-0.12849001761801
0.46675,-0.181712325544963
0.466875,-0.128490017618069
0.467,-5.3063214455166e-14
0.467125,0.128490017617994
0.46725,0.181712325544963
0.467375,0.128490017618085
0.4675,-6.95271560808194e-15
0.467625,-0.128490017617978
0.46775,-0.181712325544963
0.467875,-0.128490017618043
0.468,-1.56645529936609e-14
0.468125,0.128490017618021
0.46825,0.181712325544963
0.468375,0.128490017618059
0.4685,3.82818215954038e-14
0.468625,-0.128490017618005
0.46875,-0.181712325544963
0.468875,-0.128490017618075
0.469,-6.08990901971466e-14
0.469125,0.128490017617989
0.46925,0.181712325544963
0.469375,0.128490017618091
0.4695,8.35163587988895e-14
0.469625,-0.128490017617973
0.46975,-0.181712325544963
0.469875,-0.128490017618048
0.47,-1.06133627400632e-13
0.470125,0.128490017618015
0.47025,0.181712325544963
0.470375,0.128490017618064
0.4705,4.61176973373844e-14
0.470625,-0.128490017617999
0.47075,-0.181712325544963
0.470875,-0.12849001761808
0.471,-6.87349659391272e-14
0.471125,0.128490017617983
0.47125,0.181712325544963
0.471375,0.128490017618096
0.4715,9.13522345408701e-14
0.471625,-0.128490017617967
0.47175,-0.181712325544963
0.471875,-0.128490017618054
0.472,-1.13969503142613e-13
0.472125,0.128490017618009
0.47225,0.181712325544963
0.472375,0.12849001761807
0.4725,5.3953573079365e-14
0.472625,-0.128490017617994
0.47275,-0.181712325544963
0.472875,-0.128490017618086
0.473,-7.65708416811078e-14
0.473125,0.128490017617978
0.47325,0.181712325544963
0.473375,0.128490017618043
0.4735,9.91881102828507e-14
0.473625,-0.12849001761802
0.47375,-0.181712325544963
0.473875,-0.128490017618059
0.474,-1.21805378884594e-13
0.474125,0.128490017618004
0.47425,0.181712325544963
0.474375,0.128490017618075
0.4745,6.17894488213455e-14
0.474625,-0.128490017617988
0.47475,-0.181712325544963
0.474875,-0.128490017618091
0.475,-8.44067174230884e-14
0.475125,0.128490017617972
0.47525,0.181712325544963
0.475375,0.128490017618049
0.4755,1.07023986024831e-13
0.475625,-0.128490017618014
0.47575,-0.181712325544963
0.475875,-0.128490017618065
0.476,-4.70080559615833e-14
0.476125,0.128490017617998
0.47625,0.181712325544963
0.476375,0.128490017618081
0.4765,6.96253245633261e-14
0.476625,-0.128490017617982
0.47675,-0.181712325544963
0.476875,-0.128490017618038
0.477,-9.2242593165069e-14
0.477125,0.128490017618025
0.47725,0.181712325544963
0.477375,0.128490017618054
0.4775,1.14859861766812e-13
0.477625,-0.128490017618009
0.47775,-0.181712325544963
0.477875,-0.12849001761807
0.478,-5.48439317035639e-14
0.478125,0.128490017617993
0.47825,0.181712325544963
0.478375,0.128490017618086
0.4785,7.74612003053067e-14
0.478625,-0.128490017617977
0.47875,-0.181712325544963
0.478875,-0.128490017618044
0.479,-1.0007846890705e-13
0.479125,0.128490017618019
0.47925,0.181712325544963
0.479375,0.12849001761806
0.4795,4.00625388438016e-14
0.479625,-0.128490017618003
0.47975,-0.181712325544963
0.479875,-0.128490017618076
0.48,-6.26798074455445e-14
0.480125,0.128490017617987
0.48025,0.181712325544963
0.480375,0.128490017618092
0.4805,8.52970760472873e-14
0.480625,-0.12849001761803
0.48075,-0.181712325544963
0.480875,-0.12849001761805
0.481,-1.0791434464903e-13
0.481125,0.128490017618014
0.48125,0.181712325544963
0.481375,0.128490017618065
0.4815,4.78984145857822e-14
0.481625,-0.128490017617998
0.48175,-0.181712325544963
0.481875,-0.128490017618082
0.482,-7.05156831875251e-14
0.482125,0.128490017617982
0.48225,0.181712325544963
0.482375,0.128490017618039
0.4825,9.31329517892679e-14
0.482625,-0.128490017618024
0.48275,-0.181712325544963
0.482875,-0.128490017618055
0.483,-3.311702172602e-14
0.483125,0.128490017618008
0.48325,0.181712325544963
0.483375,0.128490017618071
0.4835,5.57342903277628e-14
0.483625,-0.128490017617992
0.48375,-0.181712325544963
0.483875,-0.128490017618087
0.484,-7.83515589295057e-14
0.484125,0.128490017617976
0.48425,0.181712325544963
0.484375,0.128490017618045
0.4845,1.00968827531249e-13
0.484625,-0.12849001761796
0.48475,-0.181712325544963
0.484875,-0.128490017618061
0.485,-4.09528974680005e-14
0.485125,0.128490017617944
0.48525,0.181712325544963
0.485375,0.128490017618077
0.4855,6.35701660697434e-14
0.485625,-0.128490017617987
0.48575,-0.181712325544963
0.485875,-0.128490017618034
0.486,-8.61874346714863e-14
0.486125,0.128490017617971
0.48625,0.181712325544963
0.486375,0.12849001761805
0.4865,1.08804703273229e-13
0.486625,-0.128490017617955
0.48675,-0.181712325544963
0.486875,-0.128490017618066
0.487,-4.87887732099811e-14
0.487125,0.128490017617939
0.48725,0.181712325544963
0.487375,0.128490017618082
0.4875,7.1406041811724e-14
0.487625,-0.128490017617981
0.48775,-0.181712325544963
0.487875,-0.12849001761804
0.488,-9.40233104134668e-14
0.488125,0.128490017617965
0.48825,0.181712325544963
0.488375,0.128490017618056
0.4885,3.40073803502189e-14
0.488625,-0.128490017617949
0.48875,-0.181712325544963
0.488875,-0.128490017618072
0.489,-5.66246489519617e-14
0.489125,0.128490017617933
0.48925,0.181712325544963
0.489375,0.128490017618029
0.4895,7.92419175537046e-14
0.489625,-0.128490017617976
0.48975,-0.181712325544963
0.489875,-0.128490017618045
0.49,-1.01859186155447e-13
0.490125,0.12849001761796
0.49025,0.181712325544963
0.490375,0.128490017618061
0.4905,4.18432560921995e-14
0.490625,-0.128490017617944
0.49075,-0.181712325544963
0.490875,-0.128490017618077
0.491,-6.44605246939423e-14
0.491125,0.128490017617986
0.49125,0.181712325544963
0.491375,0.128490017618035
0.4915,8.70777932956852e-14
0.491625,-0.12849001761797
0.49175,-0.181712325544963
0.491875,-0.128490017618051
0.492,-2.70618632324372e-14
0.492125,0.128490017617954
0.49225,0.181712325544963
0.492375,0.128490017618067
0.4925,4.96791318341801e-14
0.492625,-0.128490017617938
0.49275,-0.181712325544963
0.492875,-0.128490017618083
0.493,-7.22964004359229e-14
0.493125,0.128490017617981
0.49325,0.181712325544963
0.493375,0.12849001761804
0.4935,9.49136690376658e-14
0.493625,-0.128490017617965
0.49375,-0.181712325544963
0.493875,-0.128490017618056
0.494,-3.48977389744178e-14
0.494125,0.128490017617949
0.49425,0.181712325544963
0.494375,0.128490017618072
0.4945,5.75150075761607e-14
0.494625,-0.128490017617991
0.49475,-0.181712325544963
0.494875,-0.12849001761803
0.495,-8.01322761779035e-14
0.495125,0.128490017617975
0.49525,0.181712325544963
0.495375,0.128490017618046
0.4955,1.02749544779646e-13
0.495625,-0.128490017617959
0.49575,-0.181712325544963
0.495875,-0.128490017618062
0.496,-4.27336147163984e-14
0.496125,0.128490017617943
0.49625,0.181712325544963
0.496375,0.128490017618078
0.4965,6.53508833181413e-14
0.496625,-0.128490017617985
0.49675,-0.181712325544963
0.496875,-0.128490017618035
0.497,-8.79681519198841e-14
0.497125,0.128490017617969
0.49725,0.181712325544963
0.497375,0.128490017618051
0.4975,2.79522218566361e-14
0.497625,-0.128490017617953
0.49775,-0.181712325544963
0.497875,-0.128490017618067
0.498,-5.0569490458379e-14
0.498125,0.128490017617996
0.49825,0.181712325544963
0.498375,0.128490017618025
0.4985,7.31867590601219e-14
0.498625,-0.12849001761798
0.49875,-0.181712325544963
0.498875,-0.128490017618041
0.499,-9.58040276618647e-14
0.499125,0.128490017617964
0.49925,0.181712325544963
0.499375,0.128490017618057
0.4995,3.57880975986167e-14
0.499625,-0.128490017617948
0.49975,-0.181712325544963
0.499875,-0.128490017618073
0.5,-5.84053662003596e-14
0.500125,0.12849001761799
0.50025,0.181712325544963
0.500375,0.12849001761803
0.5005,8.10226348021024e-14
0.500625,-0.128490017617974
0.50075,-0.181712325544963
0.500875,-0.128490017618105
0.501,-2.10067047388545e-14
0.501125,0.128490017618017
0.50125,0.181712325544963
0.501375,0.128490017618062
0.5015,1.26257172005588e-13
0.501625,-0.128490017617942
0.50175,-0.181712325544963
0.501875,-0.128490017618078
0.502,-6.62412419423402e-14
0.502125,0.128490017618043
0.50225,0.181712325544963
0.502375,0.128490017618036
0.5025,8.8858510544083e-14
0.502625,-0.128490017617969
0.50275,-0.181712325544963
0.502875,-0.12849001761811
0.503,-2.88425804808351e-14
0.503125,0.128490017618011
0.50325,0.181712325544963
0.503375,0.128490017618068
0.5035,1.34093047747569e-13
0.503625,-0.128490017617995
0.50375,-0.181712325544963
0.503875,-0.128490017618084
0.504,-7.40771176843208e-14
0.504125,0.128490017618038
0.50425,0.181712325544963
0.504375,0.128490017618042
0.5045,9.66943862860636e-14
0.504625,-0.128490017617963
0.50475,-0.181712325544963
0.504875,-0.128490017618116
0.505,-3.66784562228157e-14
0.505125,0.128490017618006
0.50525,0.181712325544963
0.505375,0.128490017618074
0.5055,1.41928923489549e-13
0.505625,-0.12849001761799
0.50575,-0.181712325544963
0.505875,-0.12849001761809
0.506,-8.19129934263014e-14
0.506125,0.128490017618032
0.50625,0.181712325544963
0.506375,0.128490017618047
0.5065,1.04530262028044e-13
0.506625,-0.128490017617958
0.50675,-0.181712325544963
0.506875,-0.128490017618063
0.507,-4.45143319647963e-14
0.507125,0.128490017618
0.50725,0.181712325544963
0.507375,0.128490017618021
0.5075,1.4976479923153e-13
0.507625,-0.128490017617984
0.50775,-0.181712325544963
0.507875,-0.128490017618095
0.508,-8.9748869168282e-14
0.508125,0.128490017618027
0.50825,0.181712325544963
0.508375,0.128490017618053
0.5085,1.12366137770025e-13
0.508625,-0.128490017617952
0.50875,-0.181712325544963
0.508875,-0.128490017618069
0.509,-5.23502077067768e-14
0.509125,0.128490017617995
0.50925,0.181712325544963
0.509375,0.128490017618026
0.5095,7.49674763085197e-14
0.509625,-0.128490017617979
0.50975,-0.181712325544963
0.509875,-0.128490017618101
0.51,-1.49515462452717e-14
0.510125,0.128490017618021
0.51025,0.181712325544963
0.510375,0.128490017618058
0.5105,1.20202013512005e-13
0.510625,-0.128490017617947
0.51075,-0.181712325544963
0.510875,-0.128490017618074
0.511,-6.01860834487574e-14
0.511125,0.128490017618048
0.51125,0.181712325544963
0.511375,0.128490017618032
0.5115,8.28033520505003e-14
0.511625,-0.128490017617973
0.51175,-0.181712325544963
0.511875,-0.128490017618106
0.512,-2.27874219872523e-14
0.512125,0.128490017618016
0.51225,0.181712325544963
0.512375,0.128490017618064
0.5125,1.28037889253986e-13
0.512625,-0.128490017618
0.51275,-0.181712325544963
0.512875,-0.12849001761808
0.513,-6.8021959190738e-14
0.513125,0.128490017618042
0.51325,0.181712325544963
0.513375,0.128490017618037
0.5135,9.06392277924809e-14
0.513625,-0.128490017617968
0.51375,-0.181712325544963
0.513875,-0.128490017618112
0.514,-3.06232977292329e-14
0.514125,0.12849001761801
0.51425,0.181712325544963
0.514375,0.128490017618069
0.5145,1.35873764995967e-13
0.514625,-0.128490017617994
0.51475,-0.181712325544963
0.514875,-0.128490017618085
0.515,-7.58578349327186e-14
0.515125,0.128490017618036
0.51525,0.181712325544963
0.515375,0.128490017618043
0.5155,9.84751035344615e-14
0.515625,-0.128490017617962
0.51575,-0.181712325544963
0.515875,-0.128490017618059
0.516,-3.84591734712135e-14
0.516125,0.128490017617946
0.51625,0.181712325544963
0.516375,0.128490017618016
0.5165,1.43709640737947e-13
0.516625,-0.128490017617988
0.51675,-0.181712325544963
0.516875,-0.128490017618091
0.517,-8.36937106746992e-14
0.517125,0.128490017617914
0.51725,0.181712325544963
0.517375,0.128490017618048
0.5175,1.06310979276442e-13
0.517625,-0.128490017617956
0.51775,-0.181712325544963
0.517875,-0.128490017618064
0.518,-4.62950492131941e-14
0.518125,0.12849001761794
0.51825,0.181712325544963
0.518375,0.128490017618022
0.5185,6.8912317814937e-14
0.518625,-0.128490017617983
0.51875,-0.181712325544963
0.518875,-0.128490017618096
0.519,-8.89638775168901e-15
0.519125,0.128490017617908
0.51925,0.181712325544963
0.519375,0.128490017618054
0.5195,1.14146855018423e-13
0.519625,-0.128490017618009
0.51975,-0.181712325544963
0.519875,-0.12849001761807
0.52,-5.41309249551747e-14
0.520125,0.128490017617935
0.52025,0.181712325544963
0.520375,0.128490017618027
0.5205,7.67481935569176e-14
0.520625,-0.128490017617977
0.52075,-0.181712325544963
0.520875,-0.128490017618102
0.521,-1.67322634936696e-14
0.521125,0.128490017617961
0.52125,0.181712325544963
0.521375,0.128490017618059
0.5215,1.21982730760403e-13
0.521625,-0.128490017618004
0.52175,-0.181712325544963
0.521875,-0.128490017618075
0.522,-6.19668006971553e-14
0.522125,0.128490017617929
0.52225,0.181712325544963
0.522375,0.128490017618033
0.5225,8.45840692988982e-14
0.522625,-0.128490017617972
0.52275,-0.181712325544963
0.522875,-0.128490017618107
0.523,-2.45681392356502e-14
0.523125,0.128490017617956
0.52325,0.181712325544963
0.523375,0.128490017618065
0.5235,1.29818606502384e-13
0.523625,-0.128490017617998
0.52375,-0.181712325544963
0.523875,-0.128490017618081
0.524,-6.98026764391359e-14
0.524125,0.128490017617924
0.52425,0.181712325544963
0.524375,0.128490017618039
0.5245,9.24199450408787e-14
0.524625,-0.128490017617966
0.52475,-0.181712325544963
0.524875,-0.128490017618055
0.525,-3.24040149776308e-14
0.525125,0.12849001761795
0.52525,0.181712325544963
0.525375,0.128490017618012
0.5255,1.37654482244364e-13
0.525625,-0.128490017617993
0.52575,-0.181712325544963
0.525875,-0.128490017618087
0.526,4.99464648387432e-15
0.526125,0.128490017617918
0.52625,0.181712325544963
0.526375,0.128490017618044
0.5265,1.00255820782859e-13
0.526625,-0.128490017617961
0.52675,-0.181712325544963
0.526875,-0.12849001761806
0.527,-4.02398907196114e-14
0.527125,0.128490017617945
0.52725,0.181712325544963
0.527375,0.128490017618018
0.5275,6.28571593213542e-14
0.527625,-0.128490017617987
0.52775,-0.181712325544963
0.527875,-0.128490017618092
0.528,-2.84122925810627e-15
0.528125,0.128490017617913
0.52825,0.181712325544963
0.528375,0.12849001761805
0.5285,1.0809169652484e-13
0.528625,-0.128490017618014
0.52875,-0.181712325544963
0.528875,-0.128490017618066
0.529,-4.8075766461592e-14
0.529125,0.128490017617939
0.52925,0.181712325544963
0.529375,0.128490017618023
0.5295,7.06930350633348e-14
0.529625,-0.128490017617982
0.52975,-0.181712325544963
0.529875,-0.128490017618098
0.53,-1.06771050000869e-14
0.530125,0.128490017617966
0.53025,0.181712325544963
0.530375,0.128490017618055
0.5305,1.15927572266821e-13
0.530625,-0.128490017618008
0.53075,-0.181712325544963
0.530875,-0.128490017618071
0.531,-5.59116422035726e-14
0.531125,0.128490017617934
0.53125,0.181712325544963
0.531375,0.128490017618029
0.5315,7.85289108053154e-14
0.531625,-0.128490017617976
0.53175,-0.181712325544963
0.531875,-0.128490017618103
0.532,-1.85129807420675e-14
0.532125,0.12849001761796
0.53225,0.181712325544963
0.532375,0.128490017618002
0.5325,1.23763448008801e-13
0.532625,-0.128490017618003
0.53275,-0.181712325544963
0.532875,-0.128490017618077
0.533,-6.37475179455532e-14
0.533125,0.128490017617928
0.53325,0.181712325544963
0.533375,0.128490017618034
0.5335,8.6364786547296e-14
0.533625,-0.128490017617971
0.53375,-0.181712325544963
0.533875,-0.12849001761805
0.534,-2.6348856484048e-14
0.534125,0.128490017617955
0.53425,0.181712325544963
0.534375,0.128490017618008
0.5345,1.31599323750782e-13
0.534625,-0.128490017617997
0.53475,-0.181712325544963
0.534875,-0.128490017618082
0.535,1.10498049774571e-14
0.535125,0.128490017617923
0.53525,0.181712325544963
0.535375,0.12849001761804
0.5355,9.42006622892766e-14
0.535625,-0.128490017617965
0.53575,-0.181712325544963
0.535875,-0.128490017618056
0.536,-3.41847322260286e-14
0.536125,0.128490017617949
0.53625,0.181712325544963
0.536375,0.128490017618013
0.5365,5.68020008277715e-14
0.536625,-0.128490017617991
0.53675,-0.181712325544963
0.536875,-0.128490017618088
0.537,3.21392923547647e-15
0.537125,0.128490017617975
0.53725,0.181712325544963
0.537375,0.128490017618045
0.5375,1.02036538031257e-13
0.537625,-0.128490017618018
0.53775,-0.181712325544963
0.537875,-0.128490017618061
0.538,-4.20206079680092e-14
0.538125,0.128490017617943
0.53825,0.181712325544963
0.538375,0.128490017618019
0.5385,6.46378765697521e-14
0.538625,-0.128490017617986
0.53875,-0.181712325544963
0.538875,-0.128490017618093
0.539,-4.62194650650412e-15
0.539125,0.12849001761797
0.53925,0.181712325544963
0.539375,0.128490017618051
0.5395,1.09872413773238e-13
0.539625,-0.128490017618012
0.53975,-0.181712325544963
0.539875,-0.128490017618067
0.54,-4.98564837099898e-14
0.540125,0.128490017617938
0.54025,0.181712325544963
0.540375,0.128490017618024
0.5405,7.24737523117327e-14
0.540625,-0.12849001761798
0.54075,-0.181712325544963
0.540875,-0.128490017618099
0.541,-1.24578222484847e-14
0.541125,0.128490017617964
0.54125,0.181712325544963
0.541375,0.128490017617998
0.5415,1.17708289515218e-13
0.541625,-0.128490017618007
0.54175,-0.181712325544963
0.541875,-0.128490017618072
0.542,-5.76923594519704e-14
0.542125,0.128490017617932
0.54225,0.181712325544963
0.542375,0.12849001761803
0.5425,8.03096280537133e-14
0.542625,-0.128490017617975
0.54275,-0.181712325544963
0.542875,-0.128490017618046
0.543,-2.02936979904653e-14
0.543125,0.128490017617959
0.54325,0.181712325544963
0.543375,0.128490017618004
0.5435,4.29109665922082e-14
0.543625,-0.128490017618001
0.54375,-0.181712325544963
0.543875,-0.128490017618078
0.544,1.71049634710398e-14
0.544125,0.128490017617927
0.54425,0.181712325544963
0.544375,0.128490017618036
0.5445,8.81455037956939e-14
0.544625,-0.128490017617969
0.54475,-0.181712325544963
0.544875,-0.128490017618052
0.545,-2.81295737324459e-14
0.545125,0.128490017617953
0.54525,0.181712325544963
0.545375,0.128490017618009
0.5455,5.07468423341888e-14
0.545625,-0.128490017617996
0.54575,-0.181712325544963
0.545875,-0.128490017618084
0.546,9.26908772905921e-15
0.546125,0.12849001761798
0.54625,0.181712325544963
0.546375,0.128490017618041
0.5465,9.59813795376745e-14
0.546625,-0.128490017618022
0.54675,-0.181712325544963
0.546875,-0.128490017618057
0.547,-3.59654494744265e-14
0.547125,0.128490017617948
0.54725,0.181712325544963
0.547375,0.128490017618132
0.5475,5.85827180761693e-14
0.547625,-0.12849001761799
0.54775,-0.181712325544963
0.547875,-0.128490017618089
0.548,1.43321198707861e-15
0.548125,0.128490017617974
0.54825,0.181712325544963
0.548375,0.128490017618105
0.5485,1.03817255279655e-13
0.548625,-0.128490017618017
0.54875,-0.181712325544963
0.548875,-0.128490017618063
0.549,-4.38013252164071e-14
0.549125,0.128490017617942
0.54925,0.181712325544963
0.549375,0.128490017618137
0.5495,6.64185938181499e-14
0.549625,-0.128490017617985
0.54975,-0.181712325544963
0.549875,-0.128490017618036
0.55,-6.40266375490198e-15
0.550125,0.128490017617969
0.55025,0.181712325544963
0.550375,0.128490017618111
0.5505,1.11653131021636e-13
0.550625,-0.128490017618011
0.55075,-0.181712325544963
0.550875,-0.128490017618068
0.551,-5.16372009583877e-14
0.551125,0.128490017617937
0.55125,0.181712325544963
0.551375,0.128490017618084
0.5515,7.42544695601305e-14
0.551625,-0.128490017617979
0.55175,-0.181712325544963
0.551875,-0.128490017618042
0.552,-1.42385394968826e-14
0.552125,0.128490017617963
0.55225,0.181712325544963
0.552375,0.128490017618116
0.5525,3.68558080986254e-14
0.552625,-0.128490017618006
0.55275,-0.181712325544963
0.552875,-0.128490017618074
0.553,2.31601219646225e-14
0.553125,0.128490017617931
0.55325,0.181712325544963
0.553375,0.12849001761809
0.5535,8.20903453021111e-14
0.553625,-0.128490017617974
0.55375,-0.181712325544963
0.553875,-0.128490017618047
0.554,-2.20744152388632e-14
0.554125,0.128490017617958
0.55425,0.181712325544963
0.554375,0.128490017618122
0.5545,4.4691683840606e-14
0.554625,-0.128490017618
0.55475,-0.181712325544963
0.554875,-0.128490017618079
0.555,1.53242462226419e-14
0.555125,0.128490017617984
0.55525,0.181712325544963
0.555375,0.128490017618095
0.5555,8.99262210440917e-14
0.555625,-0.128490017618027
0.55575,-0.181712325544963
0.555875,-0.128490017618053
0.556,-2.99102909808438e-14
0.556125,0.128490017617952
0.55625,0.181712325544963
0.556375,0.128490017618127
0.5565,5.25275595825866e-14
0.556625,-0.128490017617995
0.55675,-0.181712325544963
0.556875,-0.128490017618085
0.557,7.48837048066135e-15
0.557125,0.128490017617979
0.55725,0.181712325544963
0.557375,0.128490017618101
0.5575,9.77620967860723e-14
0.557625,-0.128490017618021
0.55775,-0.181712325544963
0.557875,-0.128490017618058
0.558,-3.77461667228243e-14
0.558125,0.128490017617947
0.55825,0.181712325544963
0.558375,0.128490017618133
0.5585,6.03634353245672e-14
0.558625,-0.128490017617989
0.55875,-0.181712325544963
0.558875,-0.128490017618032
0.559,-3.47505261319243e-16
0.559125,0.128490017617973
0.55925,0.181712325544963
0.559375,0.128490017618106
0.5595,1.05597972528053e-13
0.559625,-0.128490017618015
0.55975,-0.181712325544963
0.559875,-0.128490017618064
0.56,-4.55820424648049e-14
0.560125,0.128490017617941
0.56025,0.181712325544963
0.560375,0.12849001761808
0.5605,6.81993110665478e-14
0.560625,-0.128490017617983
0.56075,-0.181712325544963
0.560875,-0.128490017618037
0.561,-8.18338100329984e-15
0.561125,0.128490017617967
0.56125,0.181712325544963
0.561375,0.128490017618112
0.5615,3.08006496050427e-14
0.561625,-0.12849001761801
0.56175,-0.181712325544963
0.561875,-0.128490017618069
0.562,2.92152804582053e-14
0.562125,0.128490017617935
0.56225,0.181712325544963
0.562375,0.128490017618085
0.5625,7.60351868085284e-14
0.562625,-0.128490017618036
0.56275,-0.181712325544963
0.562875,-0.128490017618043
0.563,-9.86524554102712e-14
0.563125,0.128490017617962
0.56325,0.181712325544963
0.563375,0.128490017618117
0.5635,3.86365253470233e-14
0.563625,-0.128490017618004
0.56375,-0.181712325544963
0.563875,-0.128490017618075
0.564,-1.43886992613757e-13
0.564125,0.128490017617988
0.56425,0.181712325544963
0.564375,0.128490017618091
0.5645,8.3871062550509e-14
0.564625,-0.128490017618031
0.56475,-0.181712325544963
0.564875,-0.128490017618049
0.565,-1.06488331152252e-13
0.565125,0.128490017617956
0.56525,0.181712325544963
0.565375,0.128490017618123
0.5655,4.64724010890039e-14
0.565625,-0.128490017617999
0.56575,-0.181712325544963
0.565875,-0.12849001761808
0.566,-1.51722868355738e-13
0.566125,0.128490017617983
0.56625,0.181712325544963
0.566375,0.128490017618097
0.5665,9.17069382924896e-14
0.566625,-0.128490017618025
0.56675,-0.181712325544963
0.566875,-0.128490017618054
0.567,-1.14324206894232e-13
0.567125,0.128490017617951
0.56725,0.181712325544963
0.567375,0.12849001761807
0.5675,5.43082768309845e-14
0.567625,-0.128490017617993
0.56775,-0.181712325544963
0.567875,-0.128490017618028
0.568,-1.59558744097718e-13
0.568125,0.128490017617977
0.56825,0.181712325544963
0.568375,0.128490017618102
0.5685,9.95428140344702e-14
0.568625,-0.12849001761802
0.56875,-0.181712325544963
0.568875,-0.12849001761806
0.569,-1.22160082636213e-13
0.569125,0.128490017617945
0.56925,0.181712325544963
0.569375,0.128490017618076
0.5695,6.21441525729651e-14
0.569625,-0.128490017617988
0.56975,-0.181712325544963
0.569875,-0.128490017618033
0.57,-8.47614211747079e-14
0.570125,0.128490017617972
0.57025,0.181712325544963
0.570375,0.128490017618108
0.5705,2.474549111146e-14
0.570625,-0.128490017618014
0.57075,-0.181712325544963
0.570875,-0.128490017618065
0.571,-1.29995958378194e-13
0.571125,0.12849001761794
0.57125,0.181712325544963
0.571375,0.128490017618081
0.5715,6.99800283149457e-14
0.571625,-0.128490017618041
0.57175,-0.181712325544963
0.571875,-0.128490017618039
0.572,-9.25972969166885e-14
0.572125,0.128490017617966
0.57225,0.181712325544963
0.572375,0.128490017618113
0.5725,3.25813668534405e-14
0.572625,-0.128490017618009
0.57275,-0.181712325544963
0.572875,-0.128490017618071
0.573,-1.37831834120174e-13
0.573125,0.128490017617993
0.57325,0.181712325544963
0.573375,0.128490017618087
0.5735,7.78159040569262e-14
0.573625,-0.128490017618035
0.57375,-0.181712325544963
0.573875,-0.128490017618044
0.574,-1.00433172658669e-13
0.574125,0.128490017617961
0.57425,0.181712325544963
0.574375,0.128490017618119
0.5745,4.04172425954211e-14
0.574625,-0.128490017618003
0.57475,-0.181712325544963
0.574875,-0.128490017618076
0.575,-1.45667709862155e-13
0.575125,0.128490017617987
0.57525,0.181712325544963
0.575375,0.128490017618092
0.5755,8.56517797989068e-14
0.575625,-0.12849001761803
0.57575,-0.181712325544963
0.575875,-0.12849001761805
0.576,-1.0826904840065e-13
0.576125,0.128490017617955
0.57625,0.181712325544963
0.576375,0.128490017618066
0.5765,4.82531183374017e-14
0.576625,-0.128490017617998
0.57675,-0.181712325544963
0.576875,-0.128490017618023
0.577,-1.53503585604135e-13
0.577125,0.128490017617982
0.57725,0.181712325544963
0.577375,0.128490017618098
0.5775,9.34876555408874e-14
0.577625,-0.128490017618024
0.57775,-0.181712325544963
0.577875,-0.128490017618055
0.578,-1.1610492414263e-13
0.578125,0.12849001761795
0.57825,0.181712325544963
0.578375,0.128490017618071
0.5785,5.60889940793823e-14
0.578625,-0.128490017617934
0.57875,-0.181712325544963
0.578875,-0.128490017618029
0.579,-7.87062626811252e-14
0.579125,0.128490017617976
0.57925,0.181712325544963
0.579375,0.128490017618103
0.5795,1.86903326178772e-14
0.579625,-0.128490017617902
0.57975,-0.181712325544963
0.579875,-0.128490017618061
0.58,-1.23940799884611e-13
0.580125,0.128490017618002
0.58025,0.181712325544963
0.580375,0.128490017618077
0.5805,6.39248698213629e-14
0.580625,-0.128490017617928
0.58075,-0.181712325544963
0.580875,-0.128490017618034
0.581,-8.65421384231058e-14
0.581125,0.12849001761797
0.58125,0.181712325544963
0.581375,0.128490017618109
0.5815,2.65262083598578e-14
0.581625,-0.128490017617954
0.58175,-0.181712325544963
0.581875,-0.128490017618066
0.582,-1.31776675626591e-13
0.582125,0.128490017617997
0.58225,0.181712325544963
0.582375,0.128490017618082
0.5825,7.17607455633435e-14
0.582625,-0.128490017617922
0.58275,-0.181712325544963
0.582875,-0.12849001761804
0.583,-9.43780141650863e-14
0.583125,0.128490017617965
0.58325,0.181712325544963
0.583375,0.128490017618114
0.5835,3.43620841018384e-14
0.583625,-0.128490017617949
0.58375,-0.181712325544963
0.583875,-0.128490017618072
0.584,-1.39612551368572e-13
0.584125,0.128490017617991
0.58425,0.181712325544963
0.584375,0.128490017618088
0.5845,7.95966213053241e-14
0.584625,-0.128490017617917
0.58475,-0.181712325544963
0.584875,-0.128490017618045
0.585,-1.02213889907067e-13
0.585125,0.128490017617959
0.58525,0.181712325544963
0.585375,0.128490017618062
0.5855,4.2197959843819e-14
0.585625,-0.128490017617943
0.58575,-0.181712325544963
0.585875,-0.128490017618019
0.586,-1.47448427110553e-13
0.586125,0.128490017617986
0.58625,0.181712325544963
0.586375,0.128490017618093
0.5865,4.79929838231388e-15
0.586625,-0.128490017617911
0.58675,-0.181712325544963
0.586875,-0.128490017618051
0.587,-1.10049765649048e-13
0.587125,0.128490017617954
0.58725,0.181712325544963
0.587375,0.128490017618067
0.5875,5.00338355857996e-14
0.587625,-0.128490017617938
0.58775,-0.181712325544963
0.587875,-0.128490017618025
0.588,-7.26511041875424e-14
0.588125,0.12849001761798
0.58825,0.181712325544963
0.588375,0.128490017618099
0.5885,1.26351741242945e-14
0.588625,-0.128490017617964
0.58875,-0.181712325544963
0.588875,-0.128490017618057
0.589,-1.17885641391028e-13
0.589125,0.128490017618007
0.58925,0.181712325544963
0.589375,0.128490017618073
0.5895,5.78697113277802e-14
0.589625,-0.128490017617932
0.58975,-0.181712325544963
0.589875,-0.12849001761803
0.59,-8.0486979929523e-14
0.590125,0.128490017617975
0.59025,0.181712325544963
0.590375,0.128490017618105
0.5905,2.04710498662751e-14
0.590625,-0.128490017617959
0.59075,-0.181712325544963
0.590875,-0.128490017618062
0.591,-1.25721517133009e-13
0.591125,0.128490017618001
0.59125,0.181712325544963
0.591375,0.128490017618078
0.5915,6.57055870697608e-14
0.591625,-0.128490017617927
0.59175,-0.181712325544963
0.591875,-0.128490017618036
0.592,-8.83228556715036e-14
0.592125,0.128490017617969
0.59225,0.181712325544963
0.592375,0.12849001761811
0.5925,2.83069256082557e-14
0.592625,-0.128490017617953
0.59275,-0.181712325544963
0.592875,-0.128490017618009
0.593,-1.33557392874989e-13
0.593125,0.128490017617996
0.59325,0.181712325544963
0.593375,0.128490017618084
0.5935,7.35414628117414e-14
0.593625,-0.128490017617921
0.59375,-0.181712325544963
0.593875,-0.128490017618041
0.594,-9.61587314134842e-14
0.594125,0.128490017617964
0.59425,0.181712325544963
0.594375,0.128490017618057
0.5945,3.61428013502363e-14
0.594625,-0.128490017617948
0.59475,-0.181712325544963
0.594875,-0.128490017618015
0.595,-5.87600699519791e-14
0.595125,0.12849001761799
0.59525,0.181712325544963
0.595375,0.128490017618089
0.5955,-1.25586011126885e-15
0.595625,-0.128490017617916
0.59575,-0.181712325544963
0.595875,-0.128490017618047
0.596,-1.03994607155465e-13
0.596125,0.128490017617958
0.59625,0.181712325544963
0.596375,0.128490017618063
0.5965,4.39786770922169e-14
0.596625,-0.128490017617942
0.59675,-0.181712325544963
0.596875,-0.12849001761802
0.597,-6.65959456939597e-14
0.597125,0.128490017617985
0.59725,0.181712325544963
0.597375,0.128490017618095
0.5975,6.58001563071174e-15
0.597625,-0.128490017617969
0.59775,-0.181712325544963
0.597875,-0.128490017618052
0.598,-1.11830482897445e-13
0.598125,0.128490017618011
0.59825,0.181712325544963
0.598375,0.128490017618068
0.5985,5.18145528341974e-14
0.598625,-0.128490017617937
0.59875,-0.181712325544963
0.598875,-0.128490017618026
0.599,-7.44318214359403e-14
0.599125,0.128490017617979
0.59925,0.181712325544963
0.599375,0.1284900176181
0.5995,1.44158913726923e-14
0.599625,-0.128490017617963
0.59975,-0.181712325544963
0.599875,-0.128490017618058
0.6,-1.19666358639426e-13
0.600125,0.128490017618005
0.60025,0.181712325544963
0.600375,0.128490017618074
0.6005,5.9650428576178e-14
0.600625,-0.128490017617931
0.60075,-0.181712325544963
0.600875,-0.128490017618031
0.601,-8.22676971779209e-14
0.601125,0.128490017617973
0.60125,0.181712325544963
0.601375,0.128490017618047
0.6015,2.22517671146729e-14
0.601625,-0.128490017617957
0.60175,-0.181712325544963
0.601875,-0.128490017618005
0.602,-1.27502234381407e-13
0.602125,0.128490017618
0.60225,0.181712325544963
0.602375,0.128490017618079
0.6025,6.74863043181586e-14
0.602625,-0.128490017617926
0.60275,-0.181712325544963
0.602875,-0.128490017618037
0.603,-9.01035729199015e-14
0.603125,0.128490017617968
0.60325,0.181712325544963
0.603375,0.128490017618053
0.6035,3.00876428566535e-14
0.603625,-0.128490017617952
0.60375,-0.181712325544963
0.603875,-0.12849001761801
0.604,-5.27049114583964e-14
0.604125,0.128490017617994
0.60425,0.181712325544963
0.604375,0.128490017618085
0.6045,-7.31101860485159e-15
0.604625,-0.12849001761792
0.60475,-0.181712325544963
0.604875,-0.128490017618042
0.605,-9.79394486618821e-14
0.605125,0.128490017617962
0.60525,0.181712325544963
0.605375,0.128490017618058
0.6055,3.79235185986341e-14
0.605625,-0.128490017617946
0.60575,-0.181712325544963
0.605875,-0.128490017618016
0.606,-6.0540787200377e-14
0.606125,0.128490017617989
0.60625,0.181712325544963
0.606375,0.12849001761809
0.6065,5.24857137129001e-16
0.606625,-0.128490017617973
0.60675,-0.181712325544963
0.606875,-0.128490017618048
0.607,-1.05775324403863e-13
0.607125,0.128490017618015
0.60725,0.181712325544963
0.607375,0.128490017618064
0.6075,4.57593943406147e-14
0.607625,-0.128490017617941
0.60775,-0.181712325544963
0.607875,-0.128490017618022
0.608,-6.83766629423576e-14
0.608125,0.128490017617983
0.60825,0.181712325544963
0.608375,0.128490017618096
0.6085,8.36073287910959e-15
0.608625,-0.128490017617967
0.60875,-0.181712325544963
0.608875,-0.128490017618054
0.609,-1.13611200145843e-13
0.609125,0.12849001761801
0.60925,0.181712325544963
0.609375,0.12849001761807
0.6095,5.35952700825953e-14
0.609625,-0.128490017617935
0.60975,-0.181712325544963
0.609875,-0.128490017618144
0.61,-7.62125386843381e-14
0.610125,0.128490017617978
0.61025,0.181712325544963
0.610375,0.128490017618043
0.6105,1.61966086210902e-14
0.610625,-0.128490017617962
0.61075,-0.181712325544963
0.610875,-0.128490017618118
0.611,-1.21447075887824e-13
0.611125,0.128490017618004
0.61125,0.181712325544963
0.611375,0.128490017618075
0.6115,6.14311458245759e-14
0.611625,-0.12849001761793
0.61175,-0.181712325544963
0.611875,-0.128490017618091
0.612,-8.40484144263187e-14
0.612125,0.128490017617972
0.61225,0.181712325544963
0.612375,0.128490017618049
0.6125,2.40324843630708e-14
0.612625,-0.128490017617956
0.61275,-0.181712325544963
0.612875,-0.128490017618123
0.613,-4.66497529648136e-14
0.613125,0.128490017617999
0.61325,0.181712325544963
0.613375,0.128490017618081
0.6135,-1.33661770984343e-14
0.613625,-0.128490017617924
0.61375,-0.181712325544963
0.613875,-0.128490017618097
0.614,-9.18842901682993e-14
0.614125,0.128490017618025
0.61425,0.181712325544963
0.614375,0.128490017618054
0.6145,3.18683601050514e-14
0.614625,-0.128490017617951
0.61475,-0.181712325544963
0.614875,-0.128490017618129
0.615,-5.44856287067942e-14
0.615125,0.128490017617993
0.61525,0.181712325544963
0.615375,0.128490017618086
0.6155,-5.53030135645374e-15
0.615625,-0.128490017617977
0.61575,-0.181712325544963
0.615875,-0.128490017618102
0.616,-9.97201659102799e-14
0.616125,0.12849001761802
0.61625,0.181712325544963
0.616375,0.12849001761806
0.6165,3.9704235847032e-14
0.616625,-0.128490017617945
0.61675,-0.181712325544963
0.616875,-0.128490017618134
0.617,-6.23215044487748e-14
0.617125,0.128490017617988
0.61725,0.181712325544963
0.617375,0.128490017618092
0.6175,2.30557438552686e-15
0.617625,-0.128490017617972
0.61775,-0.181712325544963
0.617875,-0.128490017618108
0.618,-1.07556041652261e-13
0.618125,0.128490017618014
0.61825,0.181712325544963
0.618375,0.128490017618065
0.6185,4.75401115890126e-14
0.618625,-0.12849001761794
0.61875,-0.181712325544963
0.618875,-0.128490017618081
0.619,-7.01573801907554e-14
0.619125,0.128490017617982
0.61925,0.181712325544963
0.619375,0.128490017618039
0.6195,1.01414501275074e-14
0.619625,-0.128490017617966
0.61975,-0.181712325544963
0.619875,-0.128490017618113
0.62,-1.15391917394241e-13
0.620125,0.128490017618008
0.62025,0.181712325544963
0.620375,0.128490017618071
0.6205,-2.72572113339977e-14
0.620625,-0.128490017617934
0.62075,-0.181712325544963
0.620875,-0.128490017618087
0.621,-7.7993255932736e-14
0.621125,0.128490017617977
0.62125,0.181712325544963
0.621375,0.128490017618044
0.6215,1.7977325869488e-14
0.621625,-0.128490017617961
0.62175,-0.181712325544963
0.621875,-0.128490017618119
0.622,-4.05945944712309e-14
0.622125,0.128490017618003
0.62225,0.181712325544963
0.622375,0.128490017618076
0.6225,-1.94213355920171e-14
0.622625,-0.128490017617929
0.62275,-0.181712325544963
0.622875,-0.128490017618092
0.623,-8.58291316747166e-14
0.623125,0.128490017618029
0.62325,0.181712325544963
0.623375,0.12849001761805
0.6235,2.58132016114686e-14
0.623625,-0.128490017617955
0.62375,-0.181712325544963
0.623875,-0.128490017618124
0.624,-4.84304702132115e-14
0.624125,0.128490017617997
0.62425,0.181712325544963
0.624375,0.128490017618082
0.6245,-1.15854598500365e-14
0.624625,-0.128490017617981
0.62475,-0.181712325544963
0.624875,-0.128490017618098
0.625,-9.36650074166972e-14
0.625125,0.128490017618024
0.62525,0.181712325544963
0.625375,0.128490017618055
0.6255,1.1628227601844e-13
0.625625,-0.128490017617949
0.62575,-0.181712325544963
0.625875,-0.12849001761813
0.626,-5.62663459551921e-14
0.626125,0.128490017617992
0.62625,0.181712325544963
0.626375,0.128490017618087
0.6265,1.61516813221926e-13
0.626625,-0.128490017617976
0.62675,-0.181712325544963
0.626875,-0.128490017618103
0.627,-1.01500883158678e-13
0.627125,0.128490017618018
0.62725,0.181712325544963
0.627375,0.128490017618061
0.6275,1.24118151760421e-13
0.627625,-0.128490017617944
0.62775,-0.181712325544963
0.627875,-0.128490017618077
0.628,-6.41022216971727e-14
0.628125,0.128490017617986
0.62825,0.181712325544963
0.628375,0.128490017618035
0.6285,1.69352688963906e-13
0.628625,-0.12849001761797
0.62875,-0.181712325544963
0.628875,-0.128490017618109
0.629,-1.09336758900658e-13
0.629125,0.128490017618013
0.62925,0.181712325544963
0.629375,0.128490017618067
0.6295,1.31954027502401e-13
0.629625,-0.128490017617938
0.62975,-0.181712325544963
0.629875,-0.128490017618083
0.63,-7.19380974391533e-14
0.630125,0.128490017617981
0.63025,0.181712325544963
0.630375,0.12849001761804
0.6305,9.45553660408961e-14
0.630625,-0.128490017617965
0.63075,-0.181712325544963
0.630875,-0.128490017618114
0.631,-3.45394359776482e-14
0.631125,0.128490017618007
0.63125,0.181712325544963
0.631375,0.128490017618072
0.6315,1.39789903244382e-13
0.631625,-0.128490017617991
0.63175,-0.181712325544963
0.631875,-0.128490017618088
0.632,-7.97739731811339e-14
0.632125,0.128490017618034
0.63225,0.181712325544963
0.632375,0.128490017618046
0.6325,1.02391241782877e-13
0.632625,-0.128490017617959
0.63275,-0.181712325544963
0.632875,-0.12849001761812
0.633,-4.23753117196287e-14
0.633125,0.128490017618002
0.63325,0.181712325544963
0.633375,0.128490017618078
0.6335,1.47625778986362e-13
0.633625,-0.128490017617986
0.63375,-0.181712325544963
0.633875,-0.128490017618094
0.634,-8.76098489231144e-14
0.634125,0.128490017618028
0.63425,0.181712325544963
0.634375,0.128490017618051
0.6345,1.10227117524857e-13
0.634625,-0.128490017617954
0.63475,-0.181712325544963
0.634875,-0.128490017618126
0.635,-5.02111874616093e-14
0.635125,0.128490017617996
0.63525,0.181712325544963
0.635375,0.128490017618083
0.6355,1.55461654728343e-13
0.635625,-0.12849001761798
0.63575,-0.181712325544963
0.635875,-0.128490017618099
0.636,-9.5445724665095e-14
0.636125,0.128490017618023
0.63625,0.181712325544963
0.636375,0.128490017618057
0.6365,1.18062993266838e-13
0.636625,-0.128490017617948
0.63675,-0.181712325544963
0.636875,-0.128490017618073
0.637,-5.80470632035899e-14
0.637125,0.128490017617991
0.63725,0.181712325544963
0.637375,0.12849001761803
0.6375,1.63297530470324e-13
0.637625,-0.128490017617975
0.63775,-0.181712325544963
0.637875,-0.128490017618105
0.638,-2.06484017420848e-14
0.638125,0.128490017618017
0.63825,0.181712325544963
0.638375,0.128490017618062
0.6385,1.25898869008818e-13
0.638625,-0.128490017617943
0.63875,-0.181712325544963
0.638875,-0.128490017618078
0.639,-6.58829389455705e-14
0.639125,0.128490017617985
0.63925,0.181712325544963
0.639375,0.128490017618036
0.6395,8.85002075473134e-14
0.639625,-0.128490017617969
0.63975,-0.181712325544963
0.639875,-0.12849001761811
0.64,-2.84842774840654e-14
0.640125,0.128490017618012
0.64025,0.181712325544963
0.640375,0.128490017618068
0.6405,1.33734744750799e-13
0.640625,-0.128490017617996
0.64075,-0.181712325544963
0.640875,-0.128490017618084
0.641,-7.37188146875511e-14
0.641125,0.128490017617921
0.64125,0.181712325544963
0.641375,0.128490017618041
0.6415,9.6336083289294e-14
0.641625,-0.128490017617964
0.64175,-0.181712325544963
0.641875,-0.128490017618116
0.642,-3.6320153226046e-14
0.642125,0.128490017617948
0.64225,0.181712325544963
0.642375,0.128490017618073
0.6425,1.4157062049278e-13
0.642625,-0.12849001761799
0.64275,-0.181712325544963
0.642875,-0.128490017618089
0.643,-8.15546904295317e-14
0.643125,0.128490017617916
0.64325,0.181712325544963
0.643375,0.128490017618047
0.6435,1.04171959031275e-13
0.643625,-0.128490017617958
0.64375,-0.181712325544963
0.643875,-0.128490017618121
0.644,-4.41560289680266e-14
0.644125,0.128490017617942
0.64425,0.181712325544963
0.644375,0.12849001761802
0.6445,1.4940649623476e-13
0.644625,-0.128490017617984
0.64475,-0.181712325544963
0.644875,-0.128490017618095
0.645,-8.93905661715123e-14
0.645125,0.12849001761791
0.64525,0.181712325544963
0.645375,0.128490017618052
0.6455,1.12007834773255e-13
0.645625,-0.128490017617952
0.64575,-0.181712325544963
0.645875,-0.128490017618068
0.646,-5.19919047100072e-14
0.646125,0.128490017617936
0.64625,0.181712325544963
0.646375,0.128490017618026
0.6465,1.57242371976741e-13
0.646625,-0.128490017617979
0.64675,-0.181712325544963
0.646875,-0.1284900176181
0.647,-1.45932432485021e-14
0.647125,0.128490017617904
0.64725,0.181712325544963
0.647375,0.128490017618058
0.6475,1.19843710515236e-13
0.647625,-0.128490017617947
0.64775,-0.181712325544963
0.647875,-0.128490017618074
0.648,-5.98277804519878e-14
0.648125,0.128490017617931
0.64825,0.181712325544963
0.648375,0.128490017618032
0.6485,8.24450490537306e-14
0.648625,-0.128490017617973
0.64875,-0.181712325544963
0.648875,-0.128490017618106
0.649,-2.24291189904827e-14
0.649125,0.128490017617957
0.64925,0.181712325544963
0.649375,0.128490017618064
0.6495,1.27679586257216e-13
0.649625,-0.128490017618
0.64975,-0.181712325544963
0.649875,-0.128490017618079
0.65,-6.76636561939684e-14
0.650125,0.128490017617925
0.65025,0.181712325544963
0.650375,0.128490017618037
0.6505,9.02809247957112e-14
0.650625,-0.128490017617968
0.65075,-0.181712325544963
0.650875,-0.128490017618111
0.651,-3.02649947324633e-14
0.651125,0.128490017617952
0.65125,0.181712325544963
0.651375,0.128490017618069
0.6515,1.35515461999197e-13
0.651625,-0.128490017617994
0.65175,-0.181712325544963
0.651875,-0.128490017618085
0.652,-7.5499531935949e-14
0.652125,0.12849001761792
0.65225,0.181712325544963
0.652375,0.128490017618101
0.6525,1.80749999202683e-13
0.652625,-0.128490017617962
0.65275,-0.181712325544963
0.652875,-0.128490017618059
0.653,-1.20734069139435e-13
0.653125,0.128490017617888
0.65325,0.181712325544963
0.653375,0.128490017618016
0.6535,6.07181390761867e-14
0.653625,-0.12849001761793
0.65375,-0.181712325544963
0.653875,-0.128490017618091
0.654,-7.0220901293876e-16
0.654125,0.128490017617973
0.65425,0.181712325544963
0.654375,0.128490017618048
0.6545,1.05952676279672e-13
0.654625,-0.128490017618015
0.65475,-0.181712325544963
0.654875,-0.128490017618123
0.655,-4.59367462164245e-14
0.655125,0.128490017617941
0.65525,0.181712325544963
0.655375,0.12849001761808
0.6555,1.51187213483158e-13
0.655625,-0.128490017617983
0.65575,-0.181712325544963
0.655875,-0.128490017618038
0.656,-9.11712834199102e-14
0.656125,0.128490017617909
0.65625,0.181712325544963
0.656375,0.128490017617995
0.6565,3.11553533566622e-14
0.656625,-0.128490017617951
0.65675,-0.181712325544963
0.656875,-0.12849001761807
0.657,2.88605767065858e-14
0.657125,0.128490017617877
0.65725,0.181712325544963
0.657375,0.128490017618027
0.6575,7.63898905601479e-14
0.657625,-0.128490017618036
0.65775,-0.181712325544963
0.657875,-0.128490017618102
0.658,-1.63739604968999e-14
0.658125,0.128490017617962
0.65825,0.181712325544963
0.658375,0.128490017618059
0.6585,1.21624427763634e-13
0.658625,-0.128490017618004
0.65875,-0.181712325544963
0.658875,-0.128490017618134
0.659,-6.16084977003856e-14
0.659125,0.12849001761793
0.65925,0.181712325544963
0.659375,0.128490017618091
0.6595,1.66858964967119e-13
0.659625,-0.128490017617972
0.65975,-0.181712325544963
0.659875,-0.128490017618049
0.66,-1.06843034903871e-13
0.660125,0.128490017617898
0.66025,0.181712325544963
0.660375,0.128490017618006
0.6605,4.68271048406234e-14
0.660625,-0.12849001761794
0.66075,-0.181712325544963
0.660875,-0.128490017618081
0.661,1.31888252226246e-14
0.661125,0.128490017617983
0.66125,0.181712325544963
0.661375,0.128490017618038
0.6615,9.20616420441091e-14
0.661625,-0.128490017618025
0.66175,-0.181712325544963
0.661875,-0.128490017618113
0.662,-3.20457119808611e-14
0.662125,0.128490017617951
0.66225,0.181712325544963
0.662375,0.12849001761807
0.6625,1.37296179247595e-13
0.662625,-0.128490017617993
0.66275,-0.181712325544963
0.662875,-0.128490017618028
0.663,-7.72802491843468e-14
0.663125,0.128490017617919
0.66325,0.181712325544963
0.663375,0.128490017617985
0.6635,1.8253071645108e-13
0.663625,-0.128490017617961
0.66375,-0.181712325544963
0.663875,-0.12849001761806
0.664,4.27516109421491e-14
0.664125,0.128490017617887
0.66425,0.181712325544963
0.664375,0.128490017618017
0.6645,6.24988563245846e-14
0.664625,-0.128490017617929
0.66475,-0.181712325544963
0.664875,-0.128490017618092
0.665,-2.48292626133662e-15
0.665125,0.128490017617971
0.66525,0.181712325544963
0.665375,0.128490017618049
0.6655,1.0773339352807e-13
0.665625,-0.128490017618014
0.66575,-0.181712325544963
0.665875,-0.128490017618124
0.666,-4.77174634648223e-14
0.666125,0.128490017617939
0.66625,0.181712325544963
0.666375,0.128490017618081
0.6665,1.52967930731556e-13
0.666625,-0.128490017617982
0.66675,-0.181712325544963
0.666875,-0.128490017618039
0.667,-9.2952000668308e-14
0.667125,0.128490017617907
0.66725,0.181712325544963
0.667375,0.128490017617996
0.6675,3.29360706050601e-14
0.667625,-0.12849001761795
0.66775,-0.181712325544963
0.667875,-0.128490017618071
0.668,2.70798594581879e-14
0.668125,0.128490017617992
0.66825,0.181712325544963
0.668375,0.128490017618029
0.6685,7.81706078085458e-14
0.668625,-0.128490017618035
0.66875,-0.181712325544963
0.668875,-0.128490017618103
0.669,-1.81546777452978e-14
0.669125,0.12849001761796
0.66925,0.181712325544963
0.669375,0.12849001761806
0.6695,1.23405145012031e-13
0.669625,-0.128490017618003
0.66975,-0.181712325544963
0.669875,-0.128490017618135
0.67,-6.33892149487835e-14
0.670125,0.128490017617928
0.67025,0.181712325544963
0.670375,0.128490017617976
0.6705,1.68639682215517e-13
0.670625,-0.128490017617971
0.67075,-0.181712325544963
0.670875,-0.12849001761805
0.671,-1.08623752152269e-13
0.671125,0.128490017617896
0.67125,0.181712325544963
0.671375,0.128490017618008
0.6715,4.86078220890212e-14
0.671625,-0.128490017617939
0.67175,-0.181712325544963
0.671875,-0.128490017618082
0.672,1.14081079742267e-14
0.672125,0.128490017617981
0.67225,0.181712325544963
0.672375,0.128490017618156
0.6725,9.3842359292507e-14
0.672625,-0.128490017618024
0.67275,-0.181712325544963
0.672875,-0.128490017618114
0.673,-3.3826429229259e-14
0.673125,0.128490017617949
0.67325,0.181712325544963
0.673375,0.128490017618072
0.6735,1.39076896495993e-13
0.673625,-0.128490017617992
0.67375,-0.181712325544963
0.673875,-0.128490017618029
0.674,-7.90609664327447e-14
0.674125,0.128490017617917
0.67425,0.181712325544963
0.674375,0.128490017618104
0.6745,1.90450363694967e-14
0.674625,-0.12849001761796
0.67475,-0.181712325544963
0.674875,-0.128490017618061
0.675,4.09708936937512e-14
0.675125,0.128490017618002
0.67525,0.181712325544963
0.675375,0.128490017618136
0.6755,6.42795735729824e-14
0.675625,-0.128490017618045
0.67575,-0.181712325544963
0.675875,-0.128490017618093
0.676,-4.26364350973447e-15
0.676125,0.12849001761797
0.67625,0.181712325544963
0.676375,0.128490017618168
0.6765,1.09514110776468e-13
0.676625,-0.128490017618013
0.67675,-0.181712325544963
0.676875,-0.128490017618125
0.677,-4.94981807132202e-14
0.677125,0.128490017617938
0.67725,0.181712325544963
0.677375,0.128490017618083
0.6775,1.54748647979954e-13
0.677625,-0.128490017617981
0.67775,-0.181712325544963
0.677875,-0.12849001761804
0.678,-9.47327179167059e-14
0.678125,0.128490017617906
0.67825,0.181712325544963
0.678375,0.128490017618115
0.6785,3.47167878534579e-14
0.678625,-0.128490017617949
0.67875,-0.181712325544963
0.678875,-0.128490017618072
0.679,2.529914220979e-14
0.679125,0.128490017617991
0.67925,0.181712325544963
0.679375,0.128490017618147
0.6795,7.99513250569436e-14
0.679625,-0.128490017618034
0.67975,-0.181712325544963
0.679875,-0.128490017618104
0.68,-1.99353949936957e-14
0.680125,0.128490017617959
0.68025,0.181712325544963
0.680375,0.128490017618062
0.6805,1.25185862260429e-13
0.680625,-0.128490017618002
0.68075,-0.181712325544963
0.680875,-0.128490017618019
0.681,-6.51699321971814e-14
0.681125,0.128490017617927
0.68125,0.181712325544963
0.681375,0.128490017618094
0.6815,5.1540021339334e-15
0.681625,-0.12849001761797
0.68175,-0.181712325544963
0.681875,-0.128490017618051
0.682,5.48619279293146e-14
0.682125,0.128490017617895
0.68225,0.181712325544963
0.682375,0.128490017618126
0.6825,5.03885393374191e-14
0.682625,-0.128490017617938
0.68275,-0.181712325544963
0.682875,-0.128490017618083
0.683,9.62739072582886e-15
0.683125,0.12849001761798
0.68325,0.181712325544963
0.683375,0.128490017618158
0.6835,9.56230765409048e-14
0.683625,-0.128490017618022
0.68375,-0.181712325544963
0.683875,-0.128490017618115
0.684,-3.56071464776568e-14
0.684125,0.128490017617948
0.68425,0.181712325544963
0.684375,0.128490017618073
0.6845,1.40857613744391e-13
0.684625,-0.12849001761799
0.68475,-0.181712325544963
0.684875,-0.12849001761803
0.685,-8.08416836811425e-14
0.685125,0.128490017617916
0.68525,0.181712325544963
0.685375,0.128490017618105
0.6855,2.08257536178946e-14
0.685625,-0.128490017617958
0.68575,-0.181712325544963
0.685875,-0.128490017618062
0.686,3.91901764453534e-14
0.686125,0.128490017618001
0.68625,0.181712325544963
0.686375,0.128490017618137
0.6865,6.60602908213803e-14
0.686625,-0.128490017618043
0.68675,-0.181712325544963
0.686875,-0.128490017618094
0.687,-6.04436075813233e-15
0.687125,0.128490017617969
0.68725,0.181712325544963
0.687375,0.128490017618169
0.6875,1.11294828024866e-13
0.687625,-0.128490017618011
0.68775,-0.181712325544963
0.687875,-0.128490017618009
0.688,-2.165452952916e-13
0.688125,0.128490017617937
0.68825,0.181712325544963
0.688375,0.128490017618084
0.6885,1.56529365228352e-13
0.688625,-0.128490017617979
0.68875,-0.181712325544963
0.688875,-0.128490017618041
0.689,-9.65134351651037e-14
0.689125,0.128490017617905
0.68925,0.181712325544963
0.689375,0.128490017618116
0.6895,3.64975051018558e-14
0.689625,-0.128490017617947
0.68975,-0.181712325544963
0.689875,-0.128490017618073
0.69,-1.41747972368589e-13
0.690125,0.12849001761799
0.69025,0.181712325544963
0.690375,0.128490017618148
0.6905,8.17320423053415e-14
0.690625,-0.128490017618032
0.69075,-0.181712325544963
0.690875,-0.128490017618105
0.691,-1.86982509572075e-13
0.691125,0.128490017617958
0.69125,0.181712325544963
0.691375,0.128490017618063
0.6915,1.26966579508827e-13
0.691625,-0.128490017618
0.69175,-0.181712325544963
0.691875,-0.128490017618021
0.692,-6.69506494455792e-14
0.692125,0.128490017617926
0.69225,0.181712325544963
0.692375,0.128490017618095
0.6925,6.93471938233125e-15
0.692625,-0.128490017617968
0.69275,-0.181712325544963
0.692875,-0.128490017618053
0.693,-1.12185186649065e-13
0.693125,0.128490017618011
0.69325,0.181712325544963
0.693375,0.128490017618127
0.6935,5.2169256585817e-14
0.693625,-0.128490017618053
0.69375,-0.181712325544963
0.693875,-0.128490017618085
0.694,-1.57419723852551e-13
0.694125,0.128490017617979
0.69425,0.181712325544963
0.694375,0.128490017618159
0.6945,9.74037937893027e-14
0.694625,-0.128490017618021
0.69475,-0.181712325544963
0.694875,-0.128490017618117
0.695,-2.02654261056036e-13
0.695125,0.128490017617947
0.69525,0.181712325544963
0.695375,0.128490017618074
0.6955,1.42638330992788e-13
0.695625,-0.128490017617989
0.69575,-0.181712325544963
0.695875,-0.128490017618032
0.696,-8.26224009295404e-14
0.696125,0.128490017617915
0.69625,0.181712325544963
0.696375,0.128490017618106
0.6965,2.26064708662924e-14
0.696625,-0.128490017617957
0.69675,-0.181712325544963
0.696875,-0.128490017618064
0.697,-1.27856938133026e-13
0.697125,0.128490017618
0.69725,0.181712325544963
0.697375,0.128490017618138
0.6975,6.78410080697781e-14
0.697625,-0.128490017618042
0.69775,-0.181712325544963
0.697875,-0.128490017618096
0.698,-1.73091475336512e-13
0.698125,0.128490017617968
0.69825,0.181712325544963
0.698375,0.128490017618053
0.6985,1.13075545273264e-13
0.698625,-0.12849001761801
0.69875,-0.181712325544963
0.698875,-0.128490017618011
0.699,-5.30596152100159e-14
0.699125,0.128490017617936
0.69925,0.181712325544963
0.699375,0.128490017618085
0.6995,-6.95631485323207e-15
0.699625,-0.128490017617978
0.69975,-0.181712325544963
0.699875,-0.128490017618043
0.7,-9.82941524135016e-14
0.700125,0.128490017617904
0.70025,0.181712325544963
0.700375,0.128490017618117
0.7005,3.82782223502536e-14
0.700625,-0.128490017618063
0.70075,-0.181712325544963
0.700875,-0.128490017618075
0.701,-1.43528689616987e-13
0.701125,0.128490017617989
0.70125,0.181712325544963
0.701375,0.128490017618149
0.7015,8.35127595537393e-14
0.701625,-0.128490017618031
0.70175,-0.181712325544963
0.701875,-0.128490017618107
0.702,-1.88763226820473e-13
0.702125,0.128490017617957
0.70225,0.181712325544963
0.702375,0.128490017618064
0.7025,1.28747296757225e-13
0.702625,-0.128490017617999
0.70275,-0.181712325544963
0.702875,-0.128490017618022
0.703,-6.87313666939771e-14
0.703125,0.128490017617925
0.70325,0.181712325544963
0.703375,0.128490017618096
0.7035,8.71543663072911e-15
0.703625,-0.128490017617967
0.70375,-0.181712325544963
0.703875,-0.128490017618054
0.704,-1.13965903897463e-13
0.704125,0.128490017618009
0.70425,0.181712325544963
0.704375,0.128490017618128
0.7045,5.39499738342148e-14
0.704625,-0.128490017617935
0.70475,-0.181712325544963
0.704875,-0.128490017618086
0.705,-1.59200441100948e-13
0.705125,0.128490017617978
0.70525,0.181712325544963
0.705375,0.128490017618043
0.7055,9.91845110377005e-14
0.705625,-0.128490017617903
0.70575,-0.181712325544963
0.705875,-0.128490017618001
0.706,-2.04434978304434e-13
0.706125,0.128490017617946
0.70625,0.181712325544963
0.706375,0.128490017618075
0.7065,1.44419048241186e-13
0.706625,-0.128490017617871
0.70675,-0.181712325544963
0.706875,-0.128490017618033
0.707,-8.44031181779383e-14
0.707125,0.128490017617914
0.70725,0.181712325544963
0.707375,0.128490017618107
0.7075,2.43871881146903e-14
0.707625,-0.128490017617956
0.70775,-0.181712325544963
0.707875,-0.128490017618065
0.708,-1.29637655381424e-13
0.708125,0.128490017617998
0.70825,0.181712325544963
0.708375,0.128490017618139
0.7085,6.9621725318176e-14
0.708625,-0.128490017617924
0.70875,-0.181712325544963
0.708875,-0.128490017618097
0.709,-1.7487219258491e-13
0.709125,0.128490017617966
0.70925,0.181712325544963
0.709375,0.128490017618054
0.7095,1.14856262521662e-13
0.709625,-0.128490017617892
0.70975,-0.181712325544963
0.709875,-0.128490017618012
0.71,-5.48403324584137e-14
0.710125,0.128490017617934
0.71025,0.181712325544963
0.710375,0.128490017618086
0.7105,-5.17559760483422e-15
0.710625,-0.128490017617977
0.71075,-0.181712325544963
0.710875,-0.128490017618044
0.711,-1.00074869661899e-13
0.711125,0.128490017618019
0.71125,0.181712325544963
0.711375,0.128490017618118
0.7115,4.00589395986515e-14
0.711625,-0.128490017617945
0.71175,-0.181712325544963
0.711875,-0.128490017618076
0.712,-1.45309406865385e-13
0.712125,0.128490017617987
0.71225,0.181712325544963
0.712375,0.12849001761815
0.7125,8.52934768021372e-14
0.712625,-0.128490017617913
0.71275,-0.181712325544963
0.712875,-0.128490017618108
0.713,-1.90543944068871e-13
0.713125,0.128490017617955
0.71325,0.181712325544963
0.713375,0.128490017618065
0.7135,1.30528014005623e-13
0.713625,-0.128490017617881
0.71375,-0.181712325544963
0.713875,-0.128490017618023
0.714,-7.05120839423749e-14
0.714125,0.128490017617923
0.71425,0.181712325544963
0.714375,0.128490017618098
0.7145,1.0496153879127e-14
0.714625,-0.128490017617966
0.71475,-0.181712325544963
0.714875,-0.128490017618055
0.715,-1.15746621145861e-13
0.715125,0.128490017618008
0.71525,0.181712325544963
0.715375,0.128490017618129
0.7155,5.57306910826127e-14
0.715625,-0.128490017617934
0.71575,-0.181712325544963
0.715875,-0.128490017618087
0.716,-1.60981158349346e-13
0.716125,0.128490017617976
0.71625,0.181712325544963
0.716375,0.128490017618045
0.7165,1.00965228286098e-13
0.716625,-0.128490017617902
0.71675,-0.181712325544963
0.716875,-0.128490017618002
0.717,-4.09492982228504e-14
0.717125,0.128490017617944
0.71725,0.181712325544963
0.717375,0.128490017618077
0.7175,-1.90666318403975e-14
0.717625,-0.12849001761787
0.71775,-0.181712325544963
0.717875,-0.128490017618034
0.718,-8.61838354263361e-14
0.718125,0.128490017618029
0.71825,0.181712325544963
0.718375,0.128490017618109
0.7185,2.61679053630882e-14
0.718625,-0.128490017617955
0.71875,-0.181712325544963
0.718875,-0.128490017618066
0.719,-1.31418372629822e-13
0.719125,0.128490017617997
0.71925,0.181712325544963
0.719375,0.128490017618141
0.7195,7.14024425665739e-14
0.719625,-0.128490017617923
0.71975,-0.181712325544963
0.719875,-0.128490017618098
0.72,-1.76652909833308e-13
0.720125,0.128490017617965
0.72025,0.181712325544963
0.720375,0.128490017618056
0.7205,1.1663697977006e-13
0.720625,-0.128490017617891
0.72075,-0.181712325544963
0.720875,-0.128490017618013
0.721,-5.66210497068116e-14
0.721125,0.128490017617933
0.72125,0.181712325544963
0.721375,0.128490017618088
0.7215,-3.39488035643636e-15
0.721625,-0.128490017617976
0.72175,-0.181712325544963
0.721875,-0.128490017618045
0.722,-1.01855586910297e-13
0.722125,0.128490017618018
0.72225,0.181712325544963
0.722375,0.12849001761812
0.7225,4.18396568470493e-14
0.722625,-0.128490017617944
0.72275,-0.181712325544963
0.722875,-0.128490017618077
0.723,-1.47090124113783e-13
0.723125,0.128490017617986
0.72325,0.181712325544963
0.723375,0.128490017618035
0.7235,8.70741940505351e-14
0.723625,-0.128490017617912
0.72375,-0.181712325544963
0.723875,-0.128490017617992
0.724,-1.92324661317269e-13
0.724125,0.128490017617954
0.72425,0.181712325544963
0.724375,0.128490017618067
0.7245,-3.29576660759609e-14
0.724625,-0.12849001761788
0.72475,-0.181712325544963
0.724875,-0.128490017618024
0.725,-7.22928011907728e-14
0.725125,0.128490017617922
0.72525,0.181712325544963
0.725375,0.128490017618099
0.7255,1.22768711275248e-14
0.725625,-0.128490017617965
0.72575,-0.181712325544963
0.725875,-0.128490017618056
0.726,-1.17527338394258e-13
0.726125,0.128490017618007
0.72625,0.181712325544963
0.726375,0.128490017618131
0.7265,5.75114083310105e-14
0.726625,-0.128490017617933
0.72675,-0.181712325544963
0.726875,-0.128490017618088
0.727,-1.62761875597744e-13
0.727125,0.128490017617975
0.72725,0.181712325544963
0.727375,0.128490017618046
0.7275,1.02745945534496e-13
0.727625,-0.128490017617901
0.72775,-0.181712325544963
0.727875,-0.128490017618003
0.728,-4.27300154712483e-14
0.728125,0.128490017617943
0.72825,0.181712325544963
0.728375,0.128490017618078
0.7285,-1.72859145919997e-14
0.728625,-0.128490017617985
0.72875,-0.181712325544963
0.728875,-0.128490017618035
0.729,-8.7964552674734e-14
0.729125,0.128490017618028
0.72925,0.181712325544963
0.729375,0.12849001761811
0.7295,2.7948622611486e-14
0.729625,-0.128490017617953
0.72975,-0.181712325544963
0.729875,-0.128490017618067
0.73,-1.3319908987822e-13
0.730125,0.128490017617996
0.73025,0.181712325544963
0.730375,0.128490017618142
0.7305,7.31831598149717e-14
0.730625,-0.128490017617921
0.73075,-0.181712325544963
0.730875,-0.128490017617983
0.731,-1.78433627081705e-13
0.731125,0.128490017617964
0.73125,0.181712325544963
0.731375,0.128490017618057
0.7315,1.18417697018457e-13
0.731625,-0.12849001761789
0.73175,-0.181712325544963
0.731875,-0.128490017618015
0.732,-5.84017669552094e-14
0.732125,0.128490017617932
0.73225,0.181712325544963
0.732375,0.128490017618089
0.7325,-1.61416310803851e-15
0.732625,-0.128490017617974
0.73275,-0.181712325544963
0.732875,-0.128490017618047
0.733,-1.03636304158695e-13
0.733125,0.128490017618017
0.73325,0.181712325544963
0.733375,0.128490017618121
0.7335,4.36203740954472e-14
0.733625,-0.128490017617942
0.73375,-0.181712325544963
0.733875,-0.128490017618078
0.734,-1.48870841362181e-13
0.734125,0.128490017617985
0.73425,0.181712325544963
0.734375,0.128490017618036
0.7345,8.88549112989329e-14
0.734625,-0.12849001761791
0.73475,-0.181712325544963
0.734875,-0.12849001761811
0.735,-2.88389812356849e-14
0.735125,0.128490017617953
0.73525,0.181712325544963
0.735375,0.128490017618068
0.7355,-3.1176948827563e-14
0.735625,-0.128490017617995
0.73575,-0.181712325544963
0.735875,-0.128490017618142
0.736,-7.40735184391706e-14
0.736125,0.128490017618038
0.73625,0.181712325544963
0.736375,0.1284900176181
0.7365,1.40575883759227e-14
0.736625,-0.128490017617963
0.73675,-0.181712325544963
0.736875,-0.128490017618174
0.737,-1.19308055642656e-13
0.737125,0.128490017618006
0.73725,0.181712325544963
0.737375,0.128490017618132
0.7375,5.92921255794084e-14
0.737625,-0.128490017617931
0.73775,-0.181712325544963
0.737875,-0.12849001761809
0.738,-1.64542592846142e-13
0.738125,0.128490017617974
0.73825,0.181712325544963
0.738375,0.128490017618047
0.7385,1.04526662782894e-13
0.738625,-0.128490017617899
0.73875,-0.181712325544963
0.738875,-0.128490017618122
0.739,-4.45107327196461e-14
0.739125,0.128490017617942
0.73925,0.181712325544963
0.739375,0.128490017618079
0.7395,-1.55051973436018e-14
0.739625,-0.128490017617984
0.73975,-0.181712325544963
0.739875,-0.128490017618154
0.74,-8.97452699231318e-14
0.740125,0.128490017618027
0.74025,0.181712325544963
0.740375,0.128490017618111
0.7405,2.97293398598839e-14
0.740625,-0.128490017617952
0.74075,-0.181712325544963
0.740875,-0.128490017618069
0.741,-1.34979807126618e-13
0.741125,0.128490017617995
0.74125,0.181712325544963
0.741375,0.128490017618026
0.7415,7.49638770633696e-14
0.741625,-0.12849001761792
0.74175,-0.181712325544963
0.741875,-0.128490017618101
0.742,-1.49479470001216e-14
0.742125,0.128490017617963
0.74225,0.181712325544963
0.742375,0.128490017618058
0.7425,-4.50679830631264e-14
0.742625,-0.128490017617888
0.74275,-0.181712325544963
0.742875,-0.128490017618133
0.743,-6.01824842036073e-14
0.743125,0.128490017617931
0.74325,0.181712325544963
0.743375,0.12849001761809
0.7435,1.66554140359348e-16
0.743625,-0.128490017617973
0.74375,-0.181712325544963
0.743875,-0.128490017618165
0.744,-1.05417021407093e-13
0.744125,0.128490017618016
0.74425,0.181712325544963
0.744375,0.128490017618122
0.7445,4.54010913438451e-14
0.744625,-0.128490017617941
0.74475,-0.181712325544963
0.744875,-0.12849001761808
0.745,-1.50651558610579e-13
0.745125,0.128490017617984
0.74525,0.181712325544963
0.745375,0.128490017618037
0.7455,9.06356285473308e-14
0.745625,-0.128490017617909
0.74575,-0.181712325544963
0.745875,-0.128490017618112
0.746,-3.06196984840828e-14
0.746125,0.128490017617952
0.74625,0.181712325544963
0.746375,0.128490017618069
0.7465,-2.93962315791652e-14
0.746625,-0.128490017617994
0.74675,-0.181712325544963
0.746875,-0.128490017618144
0.747,-7.58542356875685e-14
0.747125,0.128490017618036
0.74725,0.181712325544963
0.747375,0.128490017618101
0.7475,1.58383056243205e-14
0.747625,-0.128490017617962
0.74775,-0.181712325544963
0.747875,-0.128490017618176
0.748,-1.21088772891054e-13
0.748125,0.128490017618004
0.74825,0.181712325544963
0.748375,0.128490017618016
0.7485,6.10728428278062e-14
0.748625,-0.12849001761793
0.74875,-0.181712325544963
0.748875,-0.128490017618091
0.749,-1.6632331009454e-13
0.749125,0.128490017617972
0.74925,0.181712325544963
0.749375,0.128490017618048
0.7495,1.06307380031292e-13
0.749625,-0.128490017617898
0.74975,-0.181712325544963
0.749875,-0.128490017618123
0.75,-4.6291449968044e-14
0.750125,0.12849001761794
0.75025,0.181712325544963
0.750375,0.12849001761808
0.7505,1.51541917234778e-13
0.750625,-0.128490017617983
0.75075,-0.181712325544963
0.750875,-0.128490017618155
0.751,-9.15259871715297e-14
0.751125,0.128490017618025
0.75125,0.181712325544963
0.751375,0.128490017618112
0.7515,1.96776454438263e-13
0.751625,-0.128490017617951
0.75175,-0.181712325544963
0.751875,-0.12849001761807
0.752,-1.36760524375015e-13
0.752125,0.128490017617993
0.75225,0.181712325544963
0.752375,0.128490017618027
0.7525,7.67445943117674e-14
0.752625,-0.128490017617919
0.75275,-0.181712325544963
0.752875,-0.128490017618102
0.753,-1.67286642485195e-14
0.753125,0.128490017617961
0.75325,0.181712325544963
0.753375,0.128490017618059
0.7535,1.21979131515253e-13
0.753625,-0.128490017618004
0.75375,-0.181712325544963
0.753875,-0.128490017618134
0.754,-6.19632014520052e-14
0.754125,0.128490017618046
0.75425,0.181712325544963
0.754375,0.128490017618091
0.7545,1.67213668718739e-13
0.754625,-0.128490017617972
0.75475,-0.181712325544963
0.754875,-0.128490017618166
0.755,-1.07197738655491e-13
0.755125,0.128490017618014
0.75525,0.181712325544963
0.755375,0.128490017618123
0.7555,2.12448205922225e-13
0.755625,-0.12849001761794
0.75575,-0.181712325544963
0.755875,-0.128490017618081
0.756,-1.52432275858977e-13
0.756125,0.128490017617982
0.75625,0.181712325544963
0.756375,0.128490017618039
0.7565,9.24163457957286e-14
0.756625,-0.128490017617908
0.75675,-0.181712325544963
0.756875,-0.128490017618113
0.757,-3.24004157324807e-14
0.757125,0.12849001761795
0.75725,0.181712325544963
0.757375,0.128490017618071
0.7575,1.37650882999214e-13
0.757625,-0.128490017617993
0.75775,-0.181712325544963
0.757875,-0.128490017618145
0.758,-7.76349529359663e-14
0.758125,0.128490017618035
0.75825,0.181712325544963
0.758375,0.128490017618103
0.7585,1.828854202027e-13
0.758625,-0.128490017617961
0.75875,-0.181712325544963
0.758875,-0.12849001761806
0.759,-1.22869490139452e-13
0.759125,0.128490017618003
0.75925,0.181712325544963
0.759375,0.128490017618018
0.7595,6.28535600762041e-14
0.759625,-0.128490017617929
0.75975,-0.181712325544963
0.759875,-0.128490017618092
0.76,-2.83763001295613e-15
0.760125,0.128490017617971
0.76025,0.181712325544963
0.760375,0.12849001761805
0.7605,1.0808809727969e-13
0.760625,-0.128490017617897
0.76075,-0.181712325544963
0.760875,-0.128490017618124
0.761,-4.80721672164418e-14
0.761125,0.128490017618056
0.76125,0.181712325544963
0.761375,0.128490017618082
0.7615,1.53322634483176e-13
0.761625,-0.128490017617982
0.76175,-0.181712325544963
0.761875,-0.128490017618156
0.762,-9.33067044199275e-14
0.762125,0.128490017618024
0.76225,0.181712325544963
0.762375,0.128490017618114
0.7625,1.98557171686661e-13
0.762625,-0.12849001761795
0.76275,-0.181712325544963
0.762875,-0.128490017618071
0.763,-1.38541241623413e-13
0.763125,0.128490017617992
0.76325,0.181712325544963
0.763375,0.128490017618029
0.7635,7.85253115601653e-14
0.763625,-0.128490017617918
0.76375,-0.181712325544963
0.763875,-0.128490017618103
0.764,-1.85093814969173e-14
0.764125,0.12849001761796
0.76425,0.181712325544963
0.764375,0.128490017618061
0.7645,1.23759848763651e-13
0.764625,-0.128490017618003
0.76475,-0.181712325544963
0.764875,-0.128490017618135
0.765,-6.3743918700403e-14
0.765125,0.128490017618045
0.76525,0.181712325544963
0.765375,0.128490017618093
0.7655,1.68994385967137e-13
0.765625,-0.128490017617971
0.76575,-0.181712325544963
0.765875,-0.12849001761805
0.766,-1.08978455903889e-13
0.766125,0.128490017617896
0.76625,0.181712325544963
0.766375,0.128490017618008
0.7665,2.14228923170622e-13
0.766625,-0.128490017617939
0.76675,-0.181712325544963
0.766875,-0.128490017618082
0.767,-1.54212993107374e-13
0.767125,0.128490017617864
0.76725,0.181712325544963
0.767375,0.12849001761804
0.7675,9.41970630441265e-14
0.767625,-0.128490017617907
0.76775,-0.181712325544963
0.767875,-0.128490017618114
0.768,-3.41811329808785e-14
0.768125,0.128490017617949
0.76825,0.181712325544963
0.768375,0.128490017618072
0.7685,1.39431600247612e-13
0.768625,-0.128490017617992
0.76875,-0.181712325544963
0.768875,-0.128490017618146
0.769,-7.94156701843642e-14
0.769125,0.128490017617917
0.76925,0.181712325544963
0.769375,0.128490017618104
0.7695,1.84666137451098e-13
0.769625,-0.12849001761796
0.76975,-0.181712325544963
0.769875,-0.128490017618061
0.77,-1.2465020738785e-13
0.770125,0.128490017617885
0.77025,0.181712325544963
0.770375,0.128490017618019
0.7705,6.4634277324602e-14
0.770625,-0.128490017617928
0.77075,-0.181712325544963
0.770875,-0.128490017618093
0.771,-4.61834726135399e-15
0.771125,0.12849001761797
0.77125,0.181712325544963
0.771375,0.128490017618051
0.7715,1.09868814528088e-13
0.771625,-0.128490017618012
0.77175,-0.181712325544963
0.771875,-0.128490017618125
0.772,-4.98528844648397e-14
0.772125,0.128490017617938
0.77225,0.181712325544963
0.772375,0.128490017618083
0.7725,1.55103351731573e-13
0.772625,-0.12849001761798
0.77275,-0.181712325544963
0.772875,-0.128490017618157
0.773,-9.50874216683254e-14
0.773125,0.128490017617906
0.77325,0.181712325544963
0.773375,0.128490017618115
0.7735,2.00337888935059e-13
0.773625,-0.128490017617948
0.77375,-0.181712325544963
0.773875,-0.128490017618072
0.774,-1.40321958871811e-13
0.774125,0.128490017617874
0.77425,0.181712325544963
0.774375,0.12849001761803
0.7745,8.03060288085631e-14
0.774625,-0.128490017617916
0.77475,-0.181712325544963
0.774875,-0.128490017618104
0.775,-2.02900987453152e-14
0.775125,0.128490017617959
0.77525,0.181712325544963
0.775375,0.128490017618062
0.7755,1.25540566012049e-13
0.775625,-0.128490017618001
0.77575,-0.181712325544963
0.775875,-0.128490017618136
0.776,-6.55246359488009e-14
0.776125,0.128490017617927
0.77625,0.181712325544963
0.776375,0.128490017618094
0.7765,1.70775103215535e-13
0.776625,-0.128490017617969
0.77675,-0.181712325544963
0.776875,-0.128490017618052
0.777,-1.10759173152287e-13
0.777125,0.128490017617895
0.77725,0.181712325544963
0.777375,0.128490017618009
0.7775,5.07432430890386e-14
0.777625,-0.128490017617937
0.77775,-0.181712325544963
0.777875,-0.128490017618084
0.778,9.27268697420934e-15
0.778125,0.128490017617863
0.77825,0.181712325544963
0.778375,0.128490017618041
0.7785,9.59777802925243e-14
0.778625,-0.128490017618022
0.77875,-0.181712325544963
0.778875,-0.128490017618116
0.779,-3.59618502292764e-14
0.779125,0.128490017617948
0.77925,0.181712325544963
0.779375,0.128490017618073
0.7795,1.4121231749601e-13
0.779625,-0.12849001761799
0.77975,-0.181712325544963
0.779875,-0.128490017618147
0.78,-8.11963874327621e-14
0.780125,0.128490017617916
0.78025,0.181712325544963
0.780375,0.128490017618105
0.7805,1.86446854699496e-13
0.780625,-0.128490017617958
0.78075,-0.181712325544963
0.780875,-0.128490017618063
0.781,-1.26430924636248e-13
0.781125,0.128490017617884
0.78125,0.181712325544963
0.781375,0.12849001761802
0.7815,6.64149945729998e-14
0.781625,-0.128490017617926
0.78175,-0.181712325544963
0.781875,-0.128490017618095
0.782,-6.39906450975184e-15
0.782125,0.128490017617969
0.78225,0.181712325544963
0.782375,0.128490017618052
0.7825,1.11649531776486e-13
0.782625,-0.128490017618011
0.78275,-0.181712325544963
0.782875,-0.128490017618127
0.783,-5.16336017132375e-14
0.783125,0.128490017617937
0.78325,0.181712325544963
0.783375,0.128490017618084
0.7835,1.56884068979971e-13
0.783625,-0.128490017617979
0.78375,-0.181712325544963
0.783875,-0.128490017618042
0.784,-9.68681389167233e-14
0.784125,0.128490017617905
0.78425,0.181712325544963
0.784375,0.128490017617999
0.7845,2.02118606183457e-13
0.784625,-0.128490017617947
0.78475,-0.181712325544963
0.784875,-0.128490017618074
0.785,2.31637212097727e-14
0.785125,0.128490017617873
0.78525,0.181712325544963
0.785375,0.128490017618031
0.7855,8.2086746056961e-14
0.785625,-0.128490017617915
0.78575,-0.181712325544963
0.785875,-0.128490017618106
0.786,-2.2070815993713e-14
0.786125,0.128490017617958
0.78625,0.181712325544963
0.786375,0.128490017618063
0.7865,1.27321283260447e-13
0.786625,-0.128490017618
0.78675,-0.181712325544963
0.786875,-0.128490017618138
0.787,-6.73053531971987e-14
0.787125,0.128490017617926
0.78725,0.181712325544963
0.787375,0.128490017618095
0.7875,1.72555820463932e-13
0.787625,-0.128490017617968
0.78775,-0.181712325544963
0.787875,-0.128490017618053
0.788,-1.12539890400684e-13
0.788125,0.128490017617894
0.78825,0.181712325544963
0.788375,0.12849001761801
0.7885,5.25239603374365e-14
0.788625,-0.128490017617936
0.78875,-0.181712325544963
0.788875,-0.128490017618085
0.789,7.49196972581149e-15
0.789125,0.128490017617979
0.78925,0.181712325544963
0.789375,0.128490017618042
0.7895,9.77584975409222e-14
0.789625,-0.128490017618021
0.78975,-0.181712325544963
0.789875,-0.128490017618117
0.79,-3.77425674776742e-14
0.790125,0.128490017617947
0.79025,0.181712325544963
0.790375,0.128490017618074
0.7905,1.42993034744408e-13
0.790625,-0.128490017617989
0.79075,-0.181712325544963
0.790875,-0.128490017618149
0.791,-8.29771046811599e-14
0.791125,0.128490017617915
0.79125,0.181712325544963
0.791375,0.128490017617989
0.7915,1.88227571947894e-13
0.791625,-0.128490017617957
0.79175,-0.181712325544963
0.791875,-0.128490017618064
0.792,-1.28211641884646e-13
0.792125,0.128490017617883
0.79225,0.181712325544963
0.792375,0.128490017618021
0.7925,6.81957118213977e-14
0.792625,-0.128490017617925
0.79275,-0.181712325544963
0.792875,-0.128490017618096
0.793,-8.1797817581497e-15
0.793125,0.128490017617967
0.79325,0.181712325544963
0.793375,0.128490017618053
0.7935,1.13430249024883e-13
0.793625,-0.12849001761801
0.79375,-0.181712325544963
0.793875,-0.128490017618128
0.794,-5.34143189616354e-14
0.794125,0.128490017617935
0.79425,0.181712325544963
0.794375,0.128490017618085
0.7945,1.58664786228369e-13
0.794625,-0.128490017617978
0.79475,-0.181712325544963
0.794875,-0.128490017618043
0.795,-9.86488561651211e-14
0.795125,0.128490017617903
0.79525,0.181712325544963
0.795375,0.128490017618001
0.7955,3.86329261018731e-14
0.795625,-0.128490017617946
0.79575,-0.181712325544963
0.795875,-0.128490017618075
0.796,2.13830039613748e-14
0.796125,0.128490017617988
0.79625,0.181712325544963
0.796375,0.128490017618033
0.7965,8.38674633053588e-14
0.796625,-0.128490017618031
0.79675,-0.181712325544963
0.796875,-0.128490017618107
0.797,-2.38515332421109e-14
0.797125,0.128490017617956
0.79725,0.181712325544963
0.797375,0.128490017618181
0.7975,1.29102000508845e-13
0.797625,-0.128490017617999
0.79775,-0.181712325544963
0.797875,-0.128490017618139
0.798,-6.90860704455966e-14
0.798125,0.128490017617924
0.79825,0.181712325544963
0.798375,0.128490017618097
0.7985,1.7433653771233e-13
0.798625,-0.128490017617967
0.79875,-0.181712325544963
0.798875,-0.128490017618054
0.799,-1.14320607649082e-13
0.799125,0.128490017617892
0.79925,0.181712325544963
0.799375,0.128490017618128
0.7995,5.43046775858343e-14
0.799625,-0.128490017617935
0.79975,-0.181712325544963
0.799875,-0.128490017618086
0.8,5.71125247741363e-15
0.800125,0.128490017617977
0.80025,0.181712325544963
0.800375,0.12849001761816
0.8005,9.953921478932e-14
0.800625,-0.12849001761802
0.80075,-0.181712325544963
0.800875,-0.128490017618118
0.801,-3.95232847260721e-14
0.801125,0.128490017617945
0.80125,0.181712325544963
0.801375,0.128490017618076
0.8015,1.44773751992806e-13
0.801625,-0.128490017617988
0.80175,-0.181712325544963
0.801875,-0.128490017618033
0.802,-8.47578219295578e-14
0.802125,0.128490017617913
0.80225,0.181712325544963
0.802375,0.128490017618108
0.8025,2.47418918663098e-14
0.802625,-0.128490017617956
0.80275,-0.181712325544963
0.802875,-0.128490017618065
0.803,3.52740381969381e-14
0.803125,0.128490017617881
0.80325,0.181712325544963
0.803375,0.12849001761814
0.8035,6.99764290697955e-14
0.803625,-0.128490017617924
0.80375,-0.181712325544963
0.803875,-0.128490017618097
0.804,-9.96049900654755e-15
0.804125,0.128490017617966
0.80425,0.181712325544963
0.804375,0.128490017618172
0.8045,1.15210966273281e-13
0.804625,-0.128490017618009
0.80475,-0.181712325544963
0.804875,-0.128490017618129
0.805,-5.51950362100333e-14
0.805125,0.128490017617934
0.80525,0.181712325544963
0.805375,0.128490017618087
0.8055,1.60445503476767e-13
0.805625,-0.128490017617977
0.80575,-0.181712325544963
0.805875,-0.128490017618044
0.806,-1.00429573413519e-13
0.806125,0.128490017617902
0.80625,0.181712325544963
0.806375,0.128490017618119
0.8065,4.0413643350271e-14
0.806625,-0.128490017617945
0.80675,-0.181712325544963
0.806875,-0.128490017618076
0.807,1.9602286712977e-14
0.807125,0.128490017617987
0.80725,0.181712325544963
0.807375,0.128490017618151
0.8075,8.56481805537567e-14
0.807625,-0.12849001761803
0.80775,-0.181712325544963
0.807875,-0.128490017618108
0.808,-2.56322504905087e-14
0.808125,0.128490017617955
0.80825,0.181712325544963
0.808375,0.128490017618183
0.8085,1.30882717757242e-13
0.808625,-0.128490017617998
0.80875,-0.181712325544963
0.808875,-0.128490017618023
0.809,-7.08667876939944e-14
0.809125,0.128490017617923
0.80925,0.181712325544963
0.809375,0.128490017618098
0.8095,1.76117254960728e-13
0.809625,-0.128490017617966
0.80975,-0.181712325544963
0.809875,-0.128490017618055
0.81,-1.1610132489748e-13
0.810125,0.128490017617891
0.81025,0.181712325544963
0.810375,0.12849001761813
0.8105,5.60853948342322e-14
0.810625,-0.128490017617934
0.81075,-0.181712325544963
0.810875,-0.128490017618087
0.811,3.93053522901577e-15
0.811125,0.128490017617976
0.81125,0.181712325544963
0.811375,0.128490017618162
0.8115,1.01319932037718e-13
0.811625,-0.128490017618018
0.81175,-0.181712325544963
0.811875,-0.128490017618119
0.812,-4.13040019744699e-14
0.812125,0.128490017617944
0.81225,0.181712325544963
0.812375,0.128490017618077
0.8125,1.46554469241204e-13
0.812625,-0.128490017617986
0.81275,-0.181712325544963
0.812875,-0.128490017618034
0.813,-8.65385391779556e-14
0.813125,0.128490017617912
0.81325,0.181712325544963
0.813375,0.128490017618109
0.8135,2.65226091147077e-14
0.813625,-0.128490017617954
0.81375,-0.181712325544963
0.813875,-0.128490017618066
0.814,-1.31773076381441e-13
0.814125,0.128490017617997
0.81425,0.181712325544963
0.814375,0.128490017618141
0.8145,7.17571463181934e-14
0.814625,-0.128490017618039
0.81475,-0.181712325544963
0.814875,-0.128490017618098
0.815,-1.77007613584927e-13
0.815125,0.128490017617965
0.81525,0.181712325544963
0.815375,0.128490017618173
0.8155,1.16991683521679e-13
0.815625,-0.128490017618007
0.81575,-0.181712325544963
0.815875,-0.12849001761813
0.816,-2.22242150788413e-13
0.816125,0.128490017617933
0.81625,0.181712325544963
0.816375,0.128490017618088
0.8165,1.62226220725165e-13
0.816625,-0.128490017617975
0.81675,-0.181712325544963
0.816875,-0.128490017618045
0.817,-1.02210290661917e-13
0.817125,0.128490017617901
0.81725,0.181712325544963
0.817375,0.12849001761812
0.8175,4.21943605986689e-14
0.817625,-0.128490017617943
0.81775,-0.181712325544963
0.817875,-0.128490017618077
0.818,-1.47444827865403e-13
0.818125,0.128490017617986
0.81825,0.181712325544963
0.818375,0.128490017618152
0.8185,8.74288978021546e-14
0.818625,-0.128490017618028
0.81875,-0.181712325544963
0.818875,-0.128490017618109
0.819,-1.92679365068888e-13
0.819125,0.128490017617954
0.81925,0.181712325544963
0.819375,0.128490017618067
0.8195,1.3266343500564e-13
0.819625,-0.128490017617996
0.81975,-0.181712325544963
0.819875,-0.128490017618025
0.82,-7.26475049423923e-14
0.820125,0.128490017617922
0.82025,0.181712325544963
0.820375,0.128490017618099
0.8205,1.26315748791443e-14
0.820625,-0.128490017617964
0.82075,-0.181712325544963
0.820875,-0.128490017618057
0.821,-1.17882042145878e-13
0.821125,0.12849001761789
0.82125,0.181712325544963
0.821375,0.128490017618131
0.8215,5.786611208263e-14
0.821625,-0.128490017618049
0.82175,-0.181712325544963
0.821875,-0.128490017618089
0.822,-1.63116579349364e-13
0.822125,0.128490017617975
0.82225,0.181712325544963
0.822375,0.128490017618163
0.8225,1.03100649286116e-13
0.822625,-0.128490017618017
0.82275,-0.181712325544963
0.822875,-0.128490017618121
0.823,-2.08351116552849e-13
0.823125,0.128490017617943
0.82325,0.181712325544963
0.823375,0.128490017618078
0.8235,1.48335186489601e-13
0.823625,-0.128490017617985
0.82375,-0.181712325544963
0.823875,-0.128490017618036
0.824,-8.83192564263535e-14
0.824125,0.128490017617911
0.82425,0.181712325544963
0.824375,0.12849001761811
0.8245,2.83033263631055e-14
0.824625,-0.128490017617953
0.82475,-0.181712325544963
0.824875,-0.128490017618068
0.825,-1.33553793629839e-13
0.825125,0.128490017617996
0.82525,0.181712325544963
0.825375,0.128490017618142
0.8255,7.35378635665912e-14
0.825625,-0.128490017618038
0.82575,-0.181712325544963
0.825875,-0.1284900176181
0.826,-1.78788330833325e-13
0.826125,0.128490017617964
0.82625,0.181712325544963
0.826375,0.128490017618057
0.8265,1.18772400770077e-13
0.826625,-0.128490017618006
0.82675,-0.181712325544963
0.826875,-0.128490017618015
0.827,-2.24022868036811e-13
0.827125,0.128490017617932
0.82725,0.181712325544963
0.827375,0.128490017618089
0.8275,1.64006937973563e-13
0.827625,-0.128490017617974
0.82775,-0.181712325544963
0.827875,-0.128490017618047
0.828,-1.03991007910315e-13
0.828125,0.1284900176179
0.82825,0.181712325544963
0.828375,0.128490017618121
0.8285,4.39750778470667e-14
0.828625,-0.128490017617942
0.82875,-0.181712325544963
0.828875,-0.128490017618079
0.829,-1.492255451138e-13
0.829125,0.128490017617985
0.82925,0.181712325544963
0.829375,0.128490017618153
0.8295,8.92096150505524e-14
0.829625,-0.12849001761791
0.82975,-0.181712325544963
0.829875,-0.128490017618111
0.83,-1.94460082317286e-13
0.830125,0.128490017617953
0.83025,0.181712325544963
0.830375,0.128490017618068
0.8305,1.34444152254038e-13
0.830625,-0.128490017617878
0.83075,-0.181712325544963
0.830875,-0.128490017618026
0.831,-7.44282221907902e-14
0.831125,0.128490017617921
0.83125,0.181712325544963
0.831375,0.1284900176181
0.8315,1.44122921275422e-14
0.831625,-0.128490017617963
0.83175,-0.181712325544963
0.831875,-0.128490017618058
0.832,-1.19662759394276e-13
0.832125,0.128490017618005
0.83225,0.181712325544963
0.832375,0.128490017618132
0.8325,5.96468293310279e-14
0.832625,-0.128490017617931
0.83275,-0.181712325544963
0.832875,-0.12849001761809
0.833,-1.64897296597762e-13
0.833125,0.128490017617973
0.83325,0.181712325544963
0.833375,0.128490017618164
0.8335,1.04881366534514e-13
0.833625,-0.128490017617899
0.83375,-0.181712325544963
0.833875,-0.128490017618122
0.834,-2.10131833801247e-13
0.834125,0.128490017617941
0.83425,0.181712325544963
0.834375,0.128490017618079
0.8345,1.50115903737999e-13
0.834625,-0.128490017617867
0.83475,-0.181712325544963
0.834875,-0.128490017618037
0.835,-9.00999736747513e-14
0.835125,0.12849001761791
0.83525,0.181712325544963
0.835375,0.128490017618111
0.8355,3.00840436115034e-14
0.835625,-0.128490017617952
0.83575,-0.181712325544963
0.835875,-0.128490017618069
0.836,-1.35334510878237e-13
0.836125,0.128490017617994
0.83625,0.181712325544963
0.836375,0.128490017618143
0.8365,7.53185808149891e-14
0.836625,-0.12849001761792
0.83675,-0.181712325544963
0.836875,-0.128490017618101
0.837,-1.80569048081723e-13
0.837125,0.128490017617962
0.83725,0.181712325544963
0.837375,0.128490017618058
0.8375,1.20553118018475e-13
0.837625,-0.128490017617888
0.83775,-0.181712325544963
0.837875,-0.128490017618016
0.838,-6.05371879552268e-14
0.838125,0.12849001761793
0.83825,0.181712325544963
0.838375,0.12849001761809
0.8385,5.21257891978865e-16
0.838625,-0.128490017617973
0.83875,-0.181712325544963
0.838875,-0.128490017618048
0.839,-1.05771725158713e-13
0.839125,0.128490017618015
0.83925,0.181712325544963
0.839375,0.128490017618122
0.8395,4.57557950954646e-14
0.839625,-0.128490017617941
0.83975,-0.181712325544963
0.839875,-0.12849001761808
0.84,-1.51006262362198e-13
0.840125,0.128490017617983
0.84025,0.181712325544963
0.840375,0.128490017618154
0.8405,9.09903322989503e-14
0.840625,-0.128490017617909
0.84075,-0.181712325544963
0.840875,-0.128490017618112
0.841,-1.96240799565684e-13
0.841125,0.128490017617951
0.84125,0.181712325544963
0.841375,0.12849001761807
0.8415,1.36224869502436e-13
0.841625,-0.128490017617877
0.84175,-0.181712325544963
0.841875,-0.128490017618027
0.842,-7.6208939439188e-14
0.842125,0.128490017617919
0.84225,0.181712325544963
0.842375,0.128490017618102
0.8425,1.61930093759401e-14
0.842625,-0.128490017617962
0.84275,-0.181712325544963
0.842875,-0.128490017618059
0.843,-1.21443476642674e-13
0.843125,0.128490017618004
0.84325,0.181712325544963
0.843375,0.128490017618134
0.8435,6.14275465794258e-14
0.843625,-0.12849001761793
0.84375,-0.181712325544963
0.843875,-0.128490017618091
0.844,-1.66678013846159e-13
0.844125,0.128490017617972
0.84425,0.181712325544963
0.844375,0.128490017618049
0.8445,1.06662083782911e-13
0.844625,-0.128490017617898
0.84475,-0.181712325544963
0.844875,-0.128490017618006
0.845,-4.66461537196635e-14
0.845125,0.12849001761794
0.84525,0.181712325544963
0.845375,0.128490017618081
0.8455,-1.33697763435845e-14
0.845625,-0.128490017617866
0.84575,-0.181712325544963
0.845875,-0.128490017618038
0.846,-9.18806909231492e-14
0.846125,0.128490017617908
0.84625,0.181712325544963
0.846375,0.128490017618113
0.8465,3.18647608599012e-14
0.846625,-0.128490017617951
0.84675,-0.181712325544963
0.846875,-0.12849001761807
0.847,-1.37115228126635e-13
0.847125,0.128490017617993
0.84725,0.181712325544963
0.847375,0.128490017618145
0.8475,7.70992980633869e-14
0.847625,-0.128490017617919
0.84775,-0.181712325544963
0.847875,-0.128490017618102
0.848,-1.82349765330121e-13
0.848125,0.128490017617961
0.84825,0.181712325544963
0.848375,0.12849001761806
0.8485,1.22333835266873e-13
0.848625,-0.128490017617887
0.84875,-0.181712325544963
0.848875,-0.128490017618017
0.849,-6.23179052036247e-14
0.849125,0.128490017617929
0.84925,0.181712325544963
0.849375,0.128490017618092
0.8495,2.30197514037672e-15
0.849625,-0.128490017617972
0.84975,-0.181712325544963
0.849875,-0.128490017618049
0.85,-1.0755244240711e-13
0.850125,0.128490017618014
0.85025,0.181712325544963
0.850375,0.128490017618124
0.8505,4.75365123438624e-14
0.850625,-0.12849001761794
0.85075,-0.181712325544963
0.850875,-0.128490017618081
0.851,-1.52786979610596e-13
0.851125,0.128490017617982
0.85125,0.181712325544963
0.851375,0.128490017618039
0.8515,9.27710495473481e-14
0.851625,-0.128490017617908
0.85175,-0.181712325544963
0.851875,-0.128490017617996
0.852,-1.98021516814082e-13
0.852125,0.12849001761795
0.85225,0.181712325544963
0.852375,0.128490017618071
0.8525,1.38005586750834e-13
0.852625,-0.128490017617876
0.85275,-0.181712325544963
0.852875,-0.128490017618028
0.853,-7.79896566875859e-14
0.853125,0.128490017617918
0.85325,0.181712325544963
0.853375,0.128490017618103
0.8535,1.79737266243379e-14
0.853625,-0.128490017617961
0.85375,-0.181712325544963
0.853875,-0.12849001761806
0.854,-1.23224193891072e-13
0.854125,0.128490017618003
0.85425,0.181712325544963
0.854375,0.128490017618135
0.8545,6.32082638278236e-14
0.854625,-0.128490017617929
0.85475,-0.181712325544963
0.854875,-0.128490017618092
0.855,-1.68458731094557e-13
0.855125,0.128490017617971
0.85525,0.181712325544963
0.855375,0.12849001761805
0.8555,1.08442801031309e-13
0.855625,-0.128490017617897
0.85575,-0.181712325544963
0.855875,-0.128490017618007
0.856,-4.84268709680614e-14
0.856125,0.128490017617939
0.85625,0.181712325544963
0.856375,0.128490017618082
0.8565,-1.15890590951866e-14
0.856625,-0.128490017617981
0.85675,-0.181712325544963
0.856875,-0.128490017618039
0.857,-9.3661408171547e-14
0.857125,0.128490017618024
0.85725,0.181712325544963
0.857375,0.128490017618114
0.8575,3.36454781082991e-14
0.857625,-0.128490017617949
0.85775,-0.181712325544963
0.857875,-0.128490017618071
0.858,-1.38895945375033e-13
0.858125,0.128490017617992
0.85825,0.181712325544963
0.858375,0.128490017618146
0.8585,7.88800153117848e-14
0.858625,-0.128490017617917
0.85875,-0.181712325544963
0.858875,-0.128490017618103
0.859,-1.84130482578518e-13
0.859125,0.12849001761796
0.85925,0.181712325544963
0.859375,0.128490017618061
0.8595,1.2411455251527e-13
0.859625,-0.128490017617885
0.85975,-0.181712325544963
0.859875,-0.128490017618135
0.86,-6.40986224520225e-14
0.860125,0.128490017617928
0.86025,0.181712325544963
0.860375,0.128490017618093
0.8605,4.08269238877458e-15
0.860625,-0.12849001761797
0.86075,-0.181712325544963
0.860875,-0.128490017618167
0.861,-1.09333159655508e-13
0.861125,0.128490017618013
0.86125,0.181712325544963
0.861375,0.128490017618125
0.8615,4.93172295922603e-14
0.861625,-0.128490017617938
0.86175,-0.181712325544963
0.861875,-0.128490017618083
0.862,-1.54567696858994e-13
0.862125,0.128490017617981
0.86225,0.181712325544963
0.862375,0.12849001761804
0.8625,9.4551766795746e-14
0.862625,-0.128490017617906
0.86275,-0.181712325544963
0.862875,-0.128490017618114
0.863,-3.4535836732498e-14
0.863125,0.128490017617949
0.86325,0.181712325544963
0.863375,0.128490017618072
0.8635,-2.54800933307499e-14
0.863625,-0.128490017617874
0.86375,-0.181712325544963
0.863875,-0.128490017618146
0.864,-7.97703739359837e-14
0.864125,0.128490017618034
0.86425,0.181712325544963
0.864375,0.128490017618104
0.8645,1.97544438727358e-14
0.864625,-0.128490017617959
0.86475,-0.181712325544963
0.864875,-0.128490017618178
0.865,-1.25004911139469e-13
0.865125,0.128490017618002
0.86525,0.181712325544963
0.865375,0.128490017618136
0.8655,6.49889810762215e-14
0.865625,-0.128490017617927
0.86575,-0.181712325544963
0.865875,-0.128490017618094
0.866,-1.70239448342955e-13
0.866125,0.12849001761797
0.86625,0.181712325544963
0.866375,0.128490017618051
0.8665,1.10223518279707e-13
0.866625,-0.128490017617895
0.86675,-0.181712325544963
0.866875,-0.128490017618126
0.867,-5.02075882164592e-14
0.867125,0.128490017617938
0.86725,0.181712325544963
0.867375,0.128490017618083
0.8675,-9.80834184678875e-15
0.867625,-0.12849001761798
0.86775,-0.181712325544963
0.867875,-0.128490017618158
0.868,-9.54421254199449e-14
0.868125,0.128490017618023
0.86825,0.181712325544963
0.868375,0.128490017618115
0.8685,3.54261953566969e-14
0.868625,-0.128490017617948
0.86875,-0.181712325544963
0.868875,-0.128490017618073
0.869,-1.40676662623431e-13
0.869125,0.128490017617991
0.86925,0.181712325544963
0.869375,0.12849001761803
0.8695,8.06607325601827e-14
0.869625,-0.128490017617916
0.86975,-0.181712325544963
0.869875,-0.128490017618105
0.87,-1.85911199826916e-13
0.870125,0.128490017617959
0.87025,0.181712325544963
0.870375,0.128490017618062
0.8705,-3.93711275663133e-14
0.870625,-0.128490017617884
0.87075,-0.181712325544963
0.870875,-0.128490017618137
0.871,-6.58793397004204e-14
0.871125,0.128490017617927
0.87125,0.181712325544963
0.871375,0.128490017618094
0.8715,5.86340963717243e-15
0.871625,-0.128490017617969
0.87175,-0.181712325544963
0.871875,-0.128490017618169
0.872,-1.11113876903906e-13
0.872125,0.128490017618012
0.87225,0.181712325544963
0.872375,0.128490017618126
0.8725,5.10979468406581e-14
0.872625,-0.128490017617937
0.87275,-0.181712325544963
0.872875,-0.128490017618084
0.873,-1.56348414107392e-13
0.873125,0.12849001761798
0.87325,0.181712325544963
0.873375,0.128490017618041
0.8735,9.63324840441438e-14
0.873625,-0.128490017617905
0.87375,-0.181712325544963
0.873875,-0.128490017618116
0.874,-3.63165539808959e-14
0.874125,0.128490017617948
0.87425,0.181712325544963
0.874375,0.128490017618073
0.8745,-2.36993760823521e-14
0.874625,-0.12849001761799
0.87475,-0.181712325544963
0.874875,-0.128490017618148
0.875,-8.15510911843816e-14
0.875125,0.128490017618032
0.87525,0.181712325544963
0.875375,0.128490017618105
0.8755,1.86801558451115e-13
0.875625,-0.128490017617958
0.87575,-0.181712325544963
0.875875,-0.12849001761818
0.876,-1.26785628387867e-13
0.876125,0.128490017618
0.87625,0.181712325544963
0.876375,0.128490017618137
0.8765,2.32036095654601e-13
0.876625,-0.128490017617926
0.87675,-0.181712325544963
0.876875,-0.128490017618095
0.877,-1.72020165591353e-13
0.877125,0.128490017617968
0.87725,0.181712325544963
0.877375,0.128490017618052
0.8775,1.12004235528105e-13
0.877625,-0.128490017617894
0.87775,-0.181712325544963
0.877875,-0.128490017618127
0.878,-5.19883054648571e-14
0.878125,0.128490017617936
0.87825,0.181712325544963
0.878375,0.128490017618084
0.8785,1.57238772731591e-13
0.878625,-0.128490017617979
0.87875,-0.181712325544963
0.878875,-0.128490017618159
0.879,-9.72228426683428e-14
0.879125,0.128490017618021
0.87925,0.181712325544963
0.879375,0.128490017618116
0.8795,2.02473309935076e-13
0.879625,-0.128490017617947
0.87975,-0.181712325544963
0.879875,-0.128490017618074
0.88,-1.42457379871828e-13
0.880125,0.128490017617989
0.88025,0.181712325544963
0.880375,0.128490017618032
0.8805,8.24414498085805e-14
0.880625,-0.128490017617915
0.88075,-0.181712325544963
0.880875,-0.128490017618106
0.881,-2.24255197453325e-14
0.881125,0.128490017617957
0.88125,0.181712325544963
0.881375,0.128490017618064
0.8815,1.27675987012066e-13
0.881625,-0.128490017618
0.88175,-0.181712325544963
0.881875,-0.128490017618138
0.882,-6.76600569488182e-14
0.882125,0.128490017618042
0.88225,0.181712325544963
0.882375,0.128490017618095
0.8825,1.72910524215552e-13
0.882625,-0.128490017617968
0.88275,-0.181712325544963
0.882875,-0.12849001761817
0.883,-1.12894594152304e-13
0.883125,0.12849001761801
0.88325,0.181712325544963
0.883375,0.128490017618127
0.8835,2.18145061419038e-13
0.883625,-0.128490017617936
0.88375,-0.181712325544963
0.883875,-0.128490017618085
0.884,-1.5812913135579e-13
0.884125,0.128490017617978
0.88425,0.181712325544963
0.884375,0.128490017618043
0.8845,9.81132012925417e-14
0.884625,-0.128490017617904
0.88475,-0.181712325544963
0.884875,-0.128490017618117
0.885,-3.80972712292937e-14
0.885125,0.128490017617946
0.88525,0.181712325544963
0.885375,0.128490017618075
0.8855,1.43347738496027e-13
0.885625,-0.128490017617989
0.88575,-0.181712325544963
0.885875,-0.128490017618149
0.886,-8.33318084327794e-14
0.886125,0.128490017618031
0.88625,0.181712325544963
0.886375,0.128490017618107
0.8865,1.88582275699513e-13
0.886625,-0.128490017617957
0.88675,-0.181712325544963
0.886875,-0.128490017618064
0.887,-1.28566345636265e-13
0.887125,0.128490017617999
0.88725,0.181712325544963
0.887375,0.128490017618022
0.8875,2.33816812902999e-13
0.887625,-0.128490017617925
0.88775,-0.181712325544963
0.887875,-0.128490017618096
0.888,-8.53448550976922e-15
0.888125,0.128490017617967
0.88825,0.181712325544963
0.888375,0.128490017618054
0.8885,1.13784952776503e-13
0.888625,-0.128490017617893
0.88875,-0.181712325544963
0.888875,-0.128490017618128
0.889,-5.37690227132549e-14
0.889125,0.128490017617935
0.88925,0.181712325544963
0.889375,0.128490017618086
0.8895,1.59019489979989e-13
0.889625,-0.128490017617978
0.88975,-0.181712325544963
0.889875,-0.12849001761816
0.89,-9.90035599167406e-14
0.890125,0.12849001761802
0.89025,0.181712325544963
0.890375,0.128490017618118
0.8905,2.04254027183474e-13
0.890625,-0.128490017617946
0.89075,-0.181712325544963
0.890875,-0.128490017618075
0.891,-1.44238097120226e-13
0.891125,0.128490017617871
0.89125,0.181712325544963
0.891375,0.128490017618033
0.8915,8.42221670569784e-14
0.891625,-0.128490017617914
0.89175,-0.181712325544963
0.891875,-0.128490017618107
0.892,-2.42062369937304e-14
0.892125,0.128490017617956
0.89225,0.181712325544963
0.892375,0.128490017618065
0.8925,1.29456704260464e-13
0.892625,-0.128490017617999
0.89275,-0.181712325544963
0.892875,-0.128490017618139
0.893,-6.94407741972161e-14
0.893125,0.128490017617924
0.89325,0.181712325544963
0.893375,0.128490017618097
0.8935,1.7469124146395e-13
0.893625,-0.128490017617967
0.89375,-0.181712325544963
0.893875,-0.128490017618171
0.894,-1.14675311400702e-13
0.894125,0.128490017617892
0.89425,0.181712325544963
0.894375,0.128490017618012
0.8945,2.19925778667435e-13
0.894625,-0.128490017617935
0.89475,-0.181712325544963
0.894875,-0.128490017618086
0.895,-1.59909848604188e-13
0.895125,0.12849001761786
0.89525,0.181712325544963
0.895375,0.128490017618044
0.8955,9.98939185409395e-14
0.895625,-0.128490017617903
0.89575,-0.181712325544963
0.895875,-0.128490017618118
0.896,-3.98779884776916e-14
0.896125,0.128490017617945
0.89625,0.181712325544963
0.896375,0.128490017618076
0.8965,1.45128455744425e-13
0.896625,-0.128490017617987
0.89675,-0.181712325544963
0.896875,-0.12849001761815
0.897,-8.51125256811773e-14
0.897125,0.128490017617913
0.89725,0.181712325544963
0.897375,0.128490017618108
0.8975,1.90362992947911e-13
0.897625,-0.128490017617955
0.89775,-0.181712325544963
0.897875,-0.128490017618065
0.898,-1.30347062884663e-13
0.898125,0.128490017617881
0.89825,0.181712325544963
0.898375,0.128490017618023
0.8985,7.0331132821415e-14
0.898625,-0.128490017617923
0.89875,-0.181712325544963
0.898875,-0.128490017618097
0.899,-1.03152027581671e-14
0.899125,0.128490017617966
0.89925,0.181712325544963
0.899375,0.128490017618055
0.8995,1.15565670024901e-13
0.899625,-0.128490017618008
0.89975,-0.181712325544963
0.899875,-0.128490017618129
0.9,-5.55497399616528e-14
0.900125,0.128490017617934
0.90025,0.181712325544963
0.900375,0.128490017618087
0.9005,1.60800207228386e-13
0.900625,-0.128490017617976
0.90075,-0.181712325544963
0.900875,-0.128490017618161
0.901,-1.00784277165138e-13
0.901125,0.128490017617902
0.90125,0.181712325544963
0.901375,0.128490017618119
0.9015,2.06034744431872e-13
0.901625,-0.128490017617944
0.90175,-0.181712325544963
0.901875,-0.128490017618076
0.902,-1.46018814368624e-13
0.902125,0.12849001761787
0.90225,0.181712325544963
0.902375,0.128490017618034
0.9025,8.60028843053762e-14
0.902625,-0.128490017617912
0.90275,-0.181712325544963
0.902875,-0.128490017618108
0.903,-2.59869542421283e-14
0.903125,0.128490017617955
0.90325,0.181712325544963
0.903375,0.128490017618066
0.9035,1.31237421508862e-13
0.903625,-0.128490017617997
0.90375,-0.181712325544963
0.903875,-0.12849001761814
0.904,-7.1221491445614e-14
0.904125,0.128490017617923
0.90425,0.181712325544963
0.904375,0.128490017618098
0.9045,1.76471958712348e-13
0.904625,-0.128490017617965
0.90475,-0.181712325544963
0.904875,-0.128490017618056
0.905,-1.164560286491e-13
0.905125,0.128490017617891
0.90525,0.181712325544963
0.905375,0.128490017618013
0.9055,5.64400985858517e-14
0.905625,-0.128490017617933
0.90575,-0.181712325544963
0.905875,-0.128490017618088
0.906,3.57583147739626e-15
0.906125,0.128490017617859
0.90625,0.181712325544963
0.906375,0.128490017618045
0.9065,1.01674635789337e-13
0.906625,-0.128490017617901
0.90675,-0.181712325544963
0.906875,-0.12849001761812
0.907,-4.16587057260894e-14
0.907125,0.128490017617944
0.90725,0.181712325544963
0.907375,0.128490017618077
0.9075,1.46909172992823e-13
0.907625,-0.128490017617986
0.90775,-0.181712325544963
0.907875,-0.128490017618152
0.908,-8.68932429295751e-14
0.908125,0.128490017617912
0.90825,0.181712325544963
0.908375,0.128490017618109
0.9085,1.92143710196309e-13
0.908625,-0.128490017617954
0.90875,-0.181712325544963
0.908875,-0.128490017618067
0.909,-1.32127780133061e-13
0.909125,0.12849001761788
0.90925,0.181712325544963
0.909375,0.128490017618024
0.9095,7.21118500698129e-14
0.909625,-0.128490017617922
0.90975,-0.181712325544963
0.909875,-0.128490017618099
0.91,-1.20959200065649e-14
0.910125,0.128490017617965
0.91025,0.181712325544963
0.910375,0.128490017618056
0.9105,1.17346387273299e-13
0.910625,-0.128490017618007
0.91075,-0.181712325544963
0.910875,-0.128490017618131
0.911,-5.73304572100506e-14
0.911125,0.128490017617933
0.91125,0.181712325544963
0.911375,0.128490017618088
0.9115,1.62580924476784e-13
0.911625,-0.128490017617975
0.91175,-0.181712325544963
0.911875,-0.128490017618046
0.912,-1.02564994413536e-13
0.912125,0.128490017617901
0.91225,0.181712325544963
0.912375,0.128490017618003
0.9125,2.0781546168027e-13
0.912625,-0.128490017617943
0.91275,-0.181712325544963
0.912875,-0.128490017618078
0.913,-1.47799531617022e-13
0.913125,0.128490017617869
0.91325,0.181712325544963
0.913375,0.128490017618035
0.9135,8.77836015537741e-14
0.913625,-0.128490017617911
0.91375,-0.181712325544963
0.913875,-0.12849001761811
0.914,-2.77676714905261e-14
0.914125,0.128490017617954
0.91425,0.181712325544963
0.914375,0.128490017618067
0.9145,1.3301813875726e-13
0.914625,-0.128490017617996
0.91475,-0.181712325544963
0.914875,-0.128490017618142
0.915,-7.30022086940118e-14
0.915125,0.128490017617922
0.91525,0.181712325544963
0.915375,0.128490017618099
0.9155,1.78252675960745e-13
0.915625,-0.128490017617964
0.91575,-0.181712325544963
0.915875,-0.128490017618057
0.916,-1.18236745897498e-13
0.916125,0.12849001761789
0.91625,0.181712325544963
0.916375,0.128490017618014
0.9165,5.82208158342496e-14
0.916625,-0.128490017617932
0.91675,-0.181712325544963
0.916875,-0.128490017618089
0.917,1.7951142289984e-15
0.917125,0.128490017617974
0.91725,0.181712325544963
0.917375,0.128490017618046
0.9175,1.03455353037735e-13
0.917625,-0.128490017618017
0.91775,-0.181712325544963
0.917875,-0.128490017618121
0.918,-4.34394229744873e-14
0.918125,0.128490017617942
0.91825,0.181712325544963
0.918375,0.128490017618078
0.9185,1.48689890241221e-13
0.918625,-0.128490017617985
0.91875,-0.181712325544963
0.918875,-0.128490017618153
0.919,-8.8673960177973e-14
0.919125,0.128490017617911
0.91925,0.181712325544963
0.919375,0.12849001761811
0.9195,1.93924427444707e-13
0.919625,-0.128490017617953
0.91975,-0.181712325544963
0.919875,-0.128490017618068
0.92,-1.33908497381459e-13
0.920125,0.128490017617879
0.92025,0.181712325544963
0.920375,0.128490017618025
0.9205,7.38925673182107e-14
0.920625,-0.128490017617921
0.92075,-0.181712325544963
0.920875,-0.1284900176181
0.921,-1.38766372549628e-14
0.921125,0.128490017617963
0.92125,0.181712325544963
0.921375,0.128490017618057
0.9215,1.19127104521696e-13
0.921625,-0.128490017618006
0.92175,-0.181712325544963
0.921875,-0.128490017618132
0.922,-5.91111744584485e-14
0.922125,0.128490017617931
0.92225,0.181712325544963
0.922375,0.128490017618089
0.9225,1.64361641725182e-13
0.922625,-0.128490017617974
0.92275,-0.181712325544963
0.922875,-0.128490017618047
0.923,-1.04345711661934e-13
0.923125,0.128490017617899
0.92325,0.181712325544963
0.923375,0.128490017618121
0.9235,4.43297815986862e-14
0.923625,-0.128490017617942
0.92375,-0.181712325544963
0.923875,-0.128490017618079
0.924,1.56861484645617e-14
0.924125,0.128490017617867
0.92425,0.181712325544963
0.924375,0.128490017618153
0.9245,8.95643188021719e-14
0.924625,-0.128490017618027
0.92475,-0.181712325544963
0.924875,-0.128490017618111
0.925,-2.9548388738924e-14
0.925125,0.128490017617952
0.92525,0.181712325544963
0.925375,0.128490017618185
0.9255,1.34798856005658e-13
0.925625,-0.128490017617995
0.92575,-0.181712325544963
0.925875,-0.128490017618143
0.926,-7.47829259424097e-14
0.926125,0.12849001761792
0.92625,0.181712325544963
0.926375,0.1284900176181
0.9265,1.80033393209143e-13
0.926625,-0.128490017617963
0.92675,-0.181712325544963
0.926875,-0.128490017618058
0.927,-1.20017463145895e-13
0.927125,0.128490017617888
0.92725,0.181712325544963
0.927375,0.128490017618133
0.9275,6.00015330826474e-14
0.927625,-0.128490017617931
0.92775,-0.181712325544963
0.927875,-0.12849001761809
0.928,1.43969806005468e-17
0.928125,0.128490017617973
0.92825,0.181712325544963
0.928375,0.128490017618164
0.9285,1.05236070286133e-13
0.928625,-0.128490017618016
0.92875,-0.181712325544963
0.928875,-0.128490017618122
0.929,-4.52201402228852e-14
0.929125,0.128490017617941
0.92925,0.181712325544963
0.929375,0.12849001761808
0.9295,1.50470607489619e-13
0.929625,-0.128490017617984
0.92975,-0.181712325544963
0.929875,-0.128490017618037
0.93,-9.04546774263709e-14
0.930125,0.128490017617909
0.93025,0.181712325544963
0.930375,0.128490017618112
0.9305,1.95705144693105e-13
0.930625,-0.128490017617952
0.93075,-0.181712325544963
0.930875,-0.128490017618069
0.931,2.95771827001251e-14
0.931125,0.128490017617877
0.93125,0.181712325544963
0.931375,0.128490017618144
0.9315,7.56732845666086e-14
0.931625,-0.12849001761792
0.93175,-0.181712325544963
0.931875,-0.128490017618101
0.932,-1.56573545033606e-14
0.932125,0.128490017617962
0.93225,0.181712325544963
0.932375,0.128490017618176
0.9325,1.20907821770094e-13
0.932625,-0.128490017618005
0.93275,-0.181712325544963
0.932875,-0.128490017618133
0.933,-6.08918917068463e-14
0.933125,0.12849001761793
0.93325,0.181712325544963
0.933375,0.128490017618091
0.9335,1.6614235897358e-13
0.933625,-0.128490017617973
0.93375,-0.181712325544963
0.933875,-0.128490017618048
0.934,-1.06126428910332e-13
0.934125,0.128490017617898
0.93425,0.181712325544963
0.934375,0.128490017618123
0.9345,4.61104988470841e-14
0.934625,-0.128490017617941
0.93475,-0.181712325544963
0.934875,-0.12849001761808
0.935,1.39054312161639e-14
0.935125,0.128490017617983
0.93525,0.181712325544963
0.935375,0.128490017618155
0.9355,9.13450360505698e-14
0.935625,-0.128490017618025
0.93575,-0.181712325544963
0.935875,-0.128490017618112
0.936,-3.13291059873218e-14
0.936125,0.128490017617951
0.93625,0.181712325544963
0.936375,0.128490017618187
0.9365,1.36579573254055e-13
0.936625,-0.128490017617994
0.93675,-0.181712325544963
0.936875,-0.128490017618144
0.937,-7.65636431908075e-14
0.937125,0.128490017617919
0.93725,0.181712325544963
0.937375,0.128490017618102
0.9375,1.81814110457541e-13
0.937625,-0.128490017617961
0.93775,-0.181712325544963
0.937875,-0.128490017618059
0.938,-1.21798180394293e-13
0.938125,0.128490017617887
0.93825,0.181712325544963
0.938375,0.128490017618134
0.9385,6.17822503310453e-14
0.938625,-0.12849001761793
0.93875,-0.181712325544963
0.938875,-0.128490017618091
0.939,-1.67032717597779e-13
0.939125,0.128490017617972
0.93925,0.181712325544963
0.939375,0.128490017618166
0.9395,1.07016787534531e-13
0.939625,-0.128490017618014
0.93975,-0.181712325544963
0.939875,-0.128490017618123
0.94,-2.12267254801265e-13
0.940125,0.12849001761794
0.94025,0.181712325544963
0.940375,0.128490017618081
0.9405,1.52251324738017e-13
0.940625,-0.128490017617982
0.94075,-0.181712325544963
0.940875,-0.128490017618038
0.941,-9.22353946747687e-14
0.941125,0.128490017617908
0.94125,0.181712325544963
0.941375,0.128490017618113
0.9415,3.22194646115208e-14
0.941625,-0.12849001761795
0.94175,-0.181712325544963
0.941875,-0.12849001761807
0.942,-1.37469931878254e-13
0.942125,0.128490017617993
0.94225,0.181712325544963
0.942375,0.128490017618145
0.9425,7.74540018150065e-14
0.942625,-0.128490017618035
0.94275,-0.181712325544963
0.942875,-0.128490017618102
0.943,-1.8270446908174e-13
0.943125,0.128490017617961
0.94325,0.181712325544963
0.943375,0.128490017618177
0.9435,1.22688539018492e-13
0.943625,-0.128490017618003
0.94375,-0.181712325544963
0.943875,-0.128490017618134
0.944,-2.27939006285226e-13
0.944125,0.128490017617929
0.94425,0.181712325544963
0.944375,0.128490017618092
0.9445,1.67923076221978e-13
0.944625,-0.128490017617971
0.94475,-0.181712325544963
0.944875,-0.12849001761805
0.945,-1.0790714615873e-13
0.945125,0.128490017617897
0.94525,0.181712325544963
0.945375,0.128490017618124
0.9455,4.78912160954819e-14
0.945625,-0.128490017617939
0.94575,-0.181712325544963
0.945875,-0.128490017618082
0.946,-1.53141683362216e-13
0.946125,0.128490017617982
0.94625,0.181712325544963
0.946375,0.128490017618156
0.9465,9.31257532989676e-14
0.946625,-0.128490017618024
0.94675,-0.181712325544963
0.946875,-0.128490017618113
0.947,-1.98376220565701e-13
0.947125,0.12849001761795
0.94725,0.181712325544963
0.947375,0.128490017618071
0.9475,1.38360290502453e-13
0.947625,-0.128490017617992
0.94775,-0.181712325544963
0.947875,-0.128490017618029
0.948,-2.43610757769187e-13
0.948125,0.128490017617918
0.94825,0.181712325544963
0.948375,0.128490017618103
0.9485,1.83284303759574e-14
0.948625,-0.12849001761796
0.94875,-0.181712325544963
0.948875,-0.128490017618061
0.949,-1.23578897642691e-13
0.949125,0.128490017617886
0.94925,0.181712325544963
0.949375,0.128490017618135
0.9495,6.35629675794431e-14
0.949625,-0.128490017617928
0.94975,-0.181712325544963
0.949875,-0.128490017618093
0.95,-1.68813434846177e-13
0.950125,0.128490017617971
0.95025,0.181712325544963
0.950375,0.128490017618167
0.9505,1.08797504782929e-13
0.950625,-0.128490017618013
0.95075,-0.181712325544963
0.950875,-0.128490017618125
0.951,-2.14047972049663e-13
0.951125,0.128490017617939
0.95125,0.181712325544963
0.951375,0.128490017618082
0.9515,1.54032041986415e-13
0.951625,-0.128490017617981
0.95175,-0.181712325544963
0.951875,-0.12849001761804
0.952,-9.40161119231666e-14
0.952125,0.128490017617907
0.95225,0.181712325544963
0.952375,0.128490017618114
0.9525,3.40001818599186e-14
0.952625,-0.128490017617949
0.95275,-0.181712325544963
0.952875,-0.128490017618072
0.953,-1.39250649126652e-13
0.953125,0.128490017617992
0.95325,0.181712325544963
0.953375,0.128490017618146
0.9535,7.92347190634043e-14
0.953625,-0.128490017617917
0.95375,-0.181712325544963
0.953875,-0.128490017618104
0.954,-1.84485186330138e-13
0.954125,0.12849001761796
0.95425,0.181712325544963
0.954375,0.128490017618178
0.9545,1.2446925626689e-13
0.954625,-0.128490017617885
0.95475,-0.181712325544963
0.954875,-0.128490017618019
0.955,-2.29719723533624e-13
0.955125,0.128490017617928
0.95525,0.181712325544963
0.955375,0.128490017618093
0.9555,1.69703793470376e-13
0.955625,-0.128490017617853
0.95575,-0.181712325544963
0.955875,-0.128490017618051
0.956,-1.09687863407128e-13
0.956125,0.128490017617896
0.95625,0.181712325544963
0.956375,0.128490017618125
0.9565,4.96719333438798e-14
0.956625,-0.128490017617938
0.95675,-0.181712325544963
0.956875,-0.128490017618083
0.957,-1.54922400610613e-13
0.957125,0.128490017617981
0.95725,0.181712325544963
0.957375,0.128490017618157
0.9575,9.49064705473655e-14
0.957625,-0.128490017617906
0.95775,-0.181712325544963
0.957875,-0.128490017618115
0.958,-2.00156937814099e-13
0.958125,0.128490017617949
0.95825,0.181712325544963
0.958375,0.128490017618072
0.9585,1.40141007750851e-13
0.958625,-0.128490017617874
0.95875,-0.181712325544963
0.958875,-0.12849001761803
0.959,-8.01250776876032e-14
0.959125,0.128490017617917
0.95925,0.181712325544963
0.959375,0.128490017618104
0.9595,2.01091476243553e-14
0.959625,-0.128490017617959
0.95975,-0.181712325544963
0.959875,-0.128490017618062
0.96,-1.25359614891089e-13
0.960125,0.128490017618001
0.96025,0.181712325544963
0.960375,0.128490017618136
0.9605,6.5343684827841e-14
0.960625,-0.128490017617927
0.96075,-0.181712325544963
0.960875,-0.128490017618094
0.961,-1.70594152094575e-13
0.961125,0.128490017617969
0.96125,0.181712325544963
0.961375,0.128490017618168
0.9615,1.10578222031327e-13
0.961625,-0.128490017617895
0.96175,-0.181712325544963
0.961875,-0.128490017618126
0.962,-2.1582868929806e-13
0.962125,0.128490017617937
0.96225,0.181712325544963
0.962375,0.128490017618083
0.9625,1.55812759234812e-13
0.962625,-0.128490017617863
0.96275,-0.181712325544963
0.962875,-0.128490017618041
0.963,-9.57968291715644e-14
0.963125,0.128490017617905
0.96325,0.181712325544963
0.963375,0.128490017618115
0.9635,3.57808991083165e-14
0.963625,-0.128490017617948
0.96375,-0.181712325544963
0.963875,-0.128490017618073
0.964,-1.4103136637505e-13
0.964125,0.12849001761799
0.96425,0.181712325544963
0.964375,0.128490017618147
0.9645,8.10154363118022e-14
0.964625,-0.128490017617916
0.96475,-0.181712325544963
0.964875,-0.128490017618105
0.965,-1.86265903578536e-13
0.965125,0.128490017617958
0.96525,0.181712325544963
0.965375,0.128490017618062
0.9655,1.26249973515288e-13
0.965625,-0.128490017617884
0.96575,-0.181712325544963
0.965875,-0.12849001761802
0.966,-6.62340434520399e-14
0.966125,0.128490017617926
0.96625,0.181712325544963
0.966375,0.128490017618094
0.9665,6.21811338879195e-15
0.966625,-0.128490017617852
0.96675,-0.181712325544963
0.966875,-0.128490017618052
0.967,-1.11468580655526e-13
0.967125,0.128490017617894
0.96725,0.181712325544963
0.967375,0.128490017618126
0.9675,5.14526505922777e-14
0.967625,-0.128490017617937
0.96775,-0.181712325544963
0.967875,-0.128490017618084
0.968,-1.56703117859011e-13
0.968125,0.128490017617979
0.96825,0.181712325544963
0.968375,0.128490017618158
0.9685,9.66871877957634e-14
0.968625,-0.128490017617905
0.96875,-0.181712325544963
0.968875,-0.128490017618116
0.969,-2.01937655062497e-13
0.969125,0.128490017617947
0.96925,0.181712325544963
0.969375,0.128490017618074
0.9695,1.41921724999249e-13
0.969625,-0.128490017617873
0.96975,-0.181712325544963
0.969875,-0.128490017618031
0.97,-8.19057949360011e-14
0.970125,0.128490017617915
0.97025,0.181712325544963
0.970375,0.128490017618106
0.9705,2.18898648727531e-14
0.970625,-0.128490017617958
0.97075,-0.181712325544963
0.970875,-0.128490017618063
0.971,-1.27140332139487e-13
0.971125,0.128490017618
0.97125,0.181712325544963
0.971375,0.128490017618138
0.9715,6.71244020762388e-14
0.971625,-0.128490017617926
0.97175,-0.181712325544963
0.971875,-0.128490017618095
0.972,-1.72374869342973e-13
0.972125,0.128490017617968
0.97225,0.181712325544963
0.972375,0.128490017618053
0.9725,1.12358939279725e-13
0.972625,-0.128490017617894
0.97275,-0.181712325544963
0.972875,-0.12849001761801
0.973,-2.17609406546458e-13
0.973125,0.128490017617936
0.97325,0.181712325544963
0.973375,0.128490017618085
0.9735,1.5759347648321e-13
0.973625,-0.128490017617862
0.97375,-0.181712325544963
0.973875,-0.128490017618042
0.974,-9.75775464199623e-14
0.974125,0.128490017617904
0.97425,0.181712325544963
0.974375,0.128490017618117
0.9745,3.75616163567143e-14
0.974625,-0.128490017617947
0.97475,-0.181712325544963
0.974875,-0.128490017618074
0.975,-1.42812083623448e-13
0.975125,0.128490017617989
0.97525,0.181712325544963
0.975375,0.128490017618149
0.9755,8.27961535602e-14
0.975625,-0.128490017617915
0.97575,-0.181712325544963
0.975875,-0.128490017618106
0.976,-1.88046620826934e-13
0.976125,0.128490017617957
0.97625,0.181712325544963
0.976375,0.128490017618064
0.9765,1.28030690763686e-13
0.976625,-0.128490017617883
0.97675,-0.181712325544963
0.976875,-0.128490017618021
0.977,-6.80147607004378e-14
0.977125,0.128490017617925
0.97725,0.181712325544963
0.977375,0.128490017618096
0.9775,7.99883063718981e-15
0.977625,-0.128490017617968
0.97775,-0.181712325544963
0.977875,-0.128490017618053
0.978,-1.13249297903923e-13
0.978125,0.12849001761801
0.97825,0.181712325544963
0.978375,0.128490017618128
0.9785,5.32333678406755e-14
0.978625,-0.128490017617936
0.97875,-0.181712325544963
0.978875,-0.128490017618085
0.979,-1.58483835107409e-13
0.979125,0.128490017617978
0.97925,0.181712325544963
0.979375,0.12849001761816
0.9795,9.84679050441612e-14
0.979625,-0.128490017617904
0.97975,-0.181712325544963
0.979875,-0.128490017618117
0.98,-2.03718372310895e-13
0.980125,0.128490017617946
0.98025,0.181712325544963
0.980375,0.128490017618075
0.9805,1.43702442247647e-13
0.980625,-0.128490017617872
0.98075,-0.181712325544963
0.980875,-0.128490017618032
0.981,-8.3686512184399e-14
0.981125,0.128490017617914
0.98125,0.181712325544963
0.981375,0.128490017618107
0.9815,2.3670582121151e-14
0.981625,-0.128490017617956
0.98175,-0.181712325544963
0.981875,-0.128490017618064
0.982,-1.28921049387885e-13
0.982125,0.128490017617999
0.98225,0.181712325544963
0.982375,0.128490017618139
0.9825,6.89051193246367e-14
0.982625,-0.128490017617925
0.98275,-0.181712325544963
0.982875,-0.128490017618096
0.983,-1.7415558659137e-13
0.983125,0.128490017617967
0.98325,0.181712325544963
0.983375,0.128490017618054
0.9835,1.14139656528122e-13
0.983625,-0.128490017617893
0.98375,-0.181712325544963
0.983875,-0.128490017618011
0.984,-5.41237264648744e-14
0.984125,0.128490017617935
0.98425,0.181712325544963
0.984375,0.128490017618086
0.9845,-5.89220359837353e-15
0.984625,-0.128490017617861
0.98475,-0.181712325544963
0.984875,-0.12849001761816
0.985,-9.93582636683601e-14
0.985125,0.12849001761802
0.98525,0.181712325544963
0.985375,0.128490017618118
0.9855,3.93423336051122e-14
0.985625,-0.128490017617945
0.98575,-0.181712325544963
0.985875,-0.128490017618192
0.986,-1.44592800871846e-13
0.986125,0.128490017617988
0.98625,0.181712325544963
0.986375,0.12849001761815
0.9865,8.45768708085979e-14
0.986625,-0.128490017617913
0.98675,-0.181712325544963
0.986875,-0.128490017618107
0.987,-1.89827338075332e-13
0.987125,0.128490017617956
0.98725,0.181712325544963
0.987375,0.128490017618065
0.9875,1.29811408012084e-13
0.987625,-0.128490017617881
0.98775,-0.181712325544963
0.987875,-0.128490017618139
0.988,-6.97954779488356e-14
0.988125,0.128490017617924
0.98825,0.181712325544963
0.988375,0.128490017618097
0.9885,9.77954788558766e-15
0.988625,-0.128490017617966
0.98875,-0.181712325544963
0.988875,-0.128490017618171
0.989,-1.15030015152321e-13
0.989125,0.128490017618009
0.98925,0.181712325544963
0.989375,0.128490017618129
0.9895,5.50140850890734e-14
0.989625,-0.128490017617934
0.98975,-0.181712325544963
0.989875,-0.128490017618087
0.99,-1.60264552355807e-13
0.990125,0.128490017617977
0.99025,0.181712325544963
0.990375,0.128490017618044
0.9905,1.00248622292559e-13
0.990625,-0.128490017617902
0.99075,-0.181712325544963
0.990875,-0.128490017618119
0.991,-2.05499089559293e-13
0.991125,0.128490017617945
0.99125,0.181712325544963
0.991375,0.128490017618076
0.9915,-1.97832378339369e-14
0.991625,-0.12849001761787
0.99175,-0.181712325544963
0.991875,-0.128490017618151
0.992,-8.54672294327968e-14
0.992125,0.128490017617913
0.99225,0.181712325544963
0.992375,0.128490017618108
0.9925,2.54512993695488e-14
0.992625,-0.128490017617955
0.99275,-0.181712325544963
0.992875,-0.128490017618182
0.993,-1.30701766636283e-13
0.993125,0.128490017617998
0.99325,0.181712325544963
0.993375,0.12849001761814
0.9935,7.06858365730345e-14
0.993625,-0.128490017617923
0.99375,-0.181712325544963
0.993875,-0.128490017618098
0.994,-1.75936303839768e-13
0.994125,0.128490017617966
0.99425,0.181712325544963
0.994375,0.128490017618055
0.9945,1.1592037377652e-13
0.994625,-0.128490017617891
0.99475,-0.181712325544963
0.994875,-0.12849001761813
0.995,-5.59044437132723e-14
0.995125,0.128490017617934
0.99525,0.181712325544963
0.995375,0.128490017618087
0.9955,-4.11148634997567e-15
0.995625,-0.128490017617976
0.99575,-0.181712325544963
0.995875,-0.128490017618162
0.996,-1.01138980916758e-13
0.996125,0.128490017618019
0.99625,0.181712325544963
0.996375,0.128490017618119
0.9965,4.112305085351e-14
0.996625,-0.128490017617944
0.99675,-0.181712325544963
0.996875,-0.128490017618194
0.997,-1.46373518120244e-13
0.997125,0.128490017617987
0.99725,0.181712325544963
0.997375,0.128490017618151
0.9975,8.63575880569957e-14
0.997625,-0.128490017617912
0.99775,-0.181712325544963
0.997875,-0.128490017618109
0.998,-1.91608055323729e-13
0.998125,0.128490017617955
0.99825,0.181712325544963
0.998375,0.128490017618066
0.9985,1.31592125260481e-13
0.998625,-0.12849001761788
0.99875,-0.181712325544963
0.998875,-0.128490017618141
0.999,-7.15761951972335e-14
0.999125,0.128490017617923
0.99925,0.181712325544963
0.999375,0.128490017618098
0.9995,1.15602651339855e-14
0.999625,-0.128490017617965
0.99975,-0.181712325544963
0.999875,-0.128490017618173
1,-1.16810732400719e-13
1.000125,0.128490017617891
1.00025,0.181712325544963
1.000375,0.12849001761813
1.0005,2.22061199667453e-13
1.000625,-0.12849001761805
1.00075,-0.181712325544963
1.000875,-0.128490017618088
1.001,-1.62045269604205e-13
1.001125,0.128490017617975
1.00125,0.181712325544963
1.001375,0.128490017618162
1.0015,1.02029339540957e-13
1.001625,-0.128490017617901
1.00175,-0.181712325544963
1.001875,-0.128490017618003
1.002,-4.2013409477709e-14
1.002125,0.128490017617827
1.00225,0.181712325544963
1.002375,0.128490017618077
1.0025,1.47263876744443e-13
1.002625,-0.128490017617986
1.00275,-0.181712325544963
1.002875,-0.128490017618152
1.003,-2.52514344011176e-13
1.003125,0.128490017618028
1.00325,0.181712325544963
1.003375,0.128490017618226
1.0035,2.72320166179467e-14
1.003625,-0.128490017617954
1.00375,-0.181712325544963
1.003875,-0.128490017618067
1.004,-1.3248248388468e-13
1.004125,0.12849001761788
1.00425,0.181712325544963
1.004375,0.128490017618141
1.0045,2.37732951151414e-13
1.004625,-0.128490017618039
1.00475,-0.181712325544963
1.004875,-0.128490017618099
1.005,-1.77717021088166e-13
1.005125,0.128490017617964
1.00525,0.181712325544963
1.005375,0.128490017618173
1.0055,1.17701091024918e-13
1.005625,-0.12849001761789
1.00575,-0.181712325544963
1.005875,-0.128490017618014
1.006,-5.76851609616701e-14
1.006125,0.128490017617932
1.00625,0.181712325544963
1.006375,0.128490017618088
1.0065,1.62935628228404e-13
1.006625,-0.128490017617975
1.00675,-0.181712325544963
1.006875,-0.128490017618163
1.007,-2.68186095495137e-13
1.007125,0.128490017618017
1.00725,0.181712325544963
1.007375,0.12849001761812
1.0075,4.29037681019079e-14
1.007625,-0.128490017617943
1.00775,-0.181712325544963
1.007875,-0.128490017618078
1.008,-1.48154235368642e-13
1.008125,0.128490017617868
1.00825,0.181712325544963
1.008375,0.128490017618036
1.0085,2.53404702635375e-13
1.008625,-0.128490017618028
1.00875,-0.181712325544963
1.008875,-0.12849001761811
1.009,-1.93388772572127e-13
1.009125,0.128490017617953
1.00925,0.181712325544963
1.009375,0.128490017618184
1.0095,-3.18935548211023e-14
1.009625,-0.128490017617879
1.00975,-0.181712325544963
1.009875,-0.128490017618025
1.01,-7.33569124456313e-14
1.010125,0.128490017617921
1.01025,0.181712325544963
1.010375,0.1284900176181
1.0105,1.78607379712365e-13
1.010625,-0.128490017618081
1.01075,-0.181712325544963
1.010875,-0.128490017618174
1.011,-2.83857846979099e-13
1.011125,0.128490017618006
1.01125,0.181712325544963
1.011375,0.128490017618132
1.0115,5.85755195858691e-14
1.011625,-0.128490017617932
1.01175,-0.181712325544963
1.011875,-0.128490017618089
1.012,-1.63825986852603e-13
1.012125,0.128490017617857
1.01225,0.181712325544963
1.012375,0.128490017618047
1.0125,1.03810056789355e-13
1.012625,-0.128490017618017
1.01275,-0.181712325544963
1.012875,-0.128490017618121
1.013,-2.09060524056088e-13
1.013125,0.128490017617942
1.01325,0.181712325544963
1.013375,0.128490017618195
1.0135,-1.62218033371411e-14
1.013625,-0.128490017617985
1.01375,-0.181712325544963
1.013875,-0.128490017618036
1.014,-8.90286639295925e-14
1.014125,0.12849001761791
1.01425,0.181712325544963
1.014375,0.128490017618111
1.0145,1.94279131196326e-13
1.014625,-0.12849001761807
1.01475,-0.181712325544963
1.014875,-0.128490017618185
1.015,-2.9952959846306e-13
1.015125,0.128490017617995
1.01525,0.181712325544963
1.015375,0.128490017618143
1.0155,7.42472710698303e-14
1.015625,-0.128490017617921
1.01575,-0.181712325544963
1.015875,-0.128490017617983
1.016,-1.79497738336564e-13
1.016125,0.128490017617846
1.01625,0.181712325544963
1.016375,0.128490017618058
1.0165,1.19481808273316e-13
1.016625,-0.128490017617889
1.01675,-0.181712325544963
1.016875,-0.128490017618132
1.017,-2.2473227554005e-13
1.017125,0.128490017617931
1.01725,0.181712325544963
1.017375,0.128490017618207
1.0175,-5.50051853179958e-16
1.017625,-0.128490017617974
1.01775,-0.181712325544963
1.017875,-0.128490017618047
1.018,-1.04700415413554e-13
1.018125,0.128490017617899
1.01825,0.181712325544963
1.018375,0.128490017618122
1.0185,2.09950882680287e-13
1.018625,-0.128490017617825
1.01875,-0.181712325544963
1.018875,-0.128490017618079
1.019,-1.49934952617039e-13
1.019125,0.128490017617984
1.01925,0.181712325544963
1.019375,0.128490017618154
1.0195,8.99190225537915e-14
1.019625,-0.12849001761791
1.01975,-0.181712325544963
1.019875,-0.128490017617994
1.02,-2.99030924905435e-14
1.020125,0.128490017617952
1.02025,0.181712325544963
1.020375,0.128490017618069
1.0205,1.35153559757277e-13
1.020625,-0.128490017617878
1.02075,-0.181712325544963
1.020875,-0.128490017618143
1.021,-2.40404027024011e-13
1.021125,0.128490017618037
1.02125,0.181712325544963
1.021375,0.128490017618218
1.0215,1.51216996307812e-14
1.021625,-0.128490017617963
1.02175,-0.181712325544963
1.021875,-0.128490017618058
1.022,-1.20372166897515e-13
1.022125,0.128490017617888
1.02225,0.181712325544963
1.022375,0.128490017618133
1.0225,2.25622634164249e-13
1.022625,-0.128490017617814
1.02275,-0.181712325544963
1.022875,-0.12849001761809
1.023,-1.65606704101001e-13
1.023125,0.128490017617973
1.02325,0.181712325544963
1.023375,0.128490017618165
1.0235,1.05590774037753e-13
1.023625,-0.128490017617899
1.02375,-0.181712325544963
1.023875,-0.128490017618005
1.024,-4.55748439745047e-14
1.024125,0.128490017617941
1.02425,0.181712325544963
1.024375,0.12849001761808
1.0245,1.50825311241238e-13
1.024625,-0.128490017617867
1.02475,-0.181712325544963
1.024875,-0.128490017618154
1.025,-2.56075778507972e-13
1.025125,0.128490017618026
1.02525,0.181712325544963
1.025375,0.128490017618112
1.0255,3.07934511147424e-14
1.025625,-0.128490017617951
1.02575,-0.181712325544963
1.025875,-0.128490017618069
1.026,-1.36043918381476e-13
1.026125,0.128490017617877
1.02625,0.181712325544963
1.026375,0.128490017618027
1.0265,7.60279883182281e-14
1.026625,-0.128490017617803
1.02675,-0.181712325544963
1.026875,-0.128490017618101
1.027,-1.81278455584962e-13
1.027125,0.128490017617962
1.02725,0.181712325544963
1.027375,0.128490017618176
1.0275,-4.40038718082678e-14
1.027625,-0.128490017617887
1.02775,-0.181712325544963
1.027875,-0.128490017618017
1.028,-6.12465954584659e-14
1.028125,0.12849001761793
1.02825,0.181712325544963
1.028375,0.128490017618091
1.0285,1.664970627252e-13
1.028625,-0.128490017617855
1.02875,-0.181712325544963
1.028875,-0.128490017618165
1.029,-2.71747529991933e-13
1.029125,0.128490017618015
1.02925,0.181712325544963
1.029375,0.128490017618123
1.0295,4.64652025987036e-14
1.029625,-0.12849001761794
1.02975,-0.181712325544963
1.029875,-0.12849001761808
1.03,-1.51715669865437e-13
1.030125,0.128490017617866
1.03025,0.181712325544963
1.030375,0.128490017618038
1.0305,9.16997398021893e-14
1.030625,-0.128490017617908
1.03075,-0.181712325544963
1.030875,-0.128490017618112
1.031,-1.96950207068923e-13
1.031125,0.128490017617951
1.03125,0.181712325544963
1.031375,0.128490017618187
1.0315,-2.83321203243066e-14
1.031625,-0.128490017617993
1.03175,-0.181712325544963
1.031875,-0.128490017618028
1.032,-7.6918346942427e-14
1.032125,0.128490017617919
1.03225,0.181712325544963
1.032375,0.128490017618102
1.0325,1.82168814209161e-13
1.032625,-0.128490017617844
1.03275,-0.181712325544963
1.032875,-0.12849001761806
1.033,-2.87419281475894e-13
1.033125,0.128490017618004
1.03325,0.181712325544963
1.033375,0.128490017618134
1.0335,6.21369540826648e-14
1.033625,-0.128490017617929
1.03375,-0.181712325544963
1.033875,-0.128490017617975
1.034,-1.67387421349398e-13
1.034125,0.128490017617855
1.03425,0.181712325544963
1.034375,0.128490017618049
1.0345,1.0737149128615e-13
1.034625,-0.128490017617897
1.03475,-0.181712325544963
1.034875,-0.128490017618124
1.035,-2.12621958552884e-13
1.035125,0.12849001761794
1.03525,0.181712325544963
1.035375,0.128490017618198
1.0355,-1.26603688403454e-14
1.035625,-0.128490017617982
1.03575,-0.181712325544963
1.035875,-0.128490017618039
1.036,-9.25900984263882e-14
1.036125,0.128490017617908
1.03625,0.181712325544963
1.036375,0.128490017618113
1.0365,1.97840565693122e-13
1.036625,-0.128490017617833
1.03675,-0.181712325544963
1.036875,-0.128490017618071
1.037,-1.37824635629874e-13
1.037125,0.128490017617993
1.03725,0.181712325544963
1.037375,0.128490017618145
1.0375,7.7808705566626e-14
1.037625,-0.128490017617918
1.03775,-0.181712325544963
1.037875,-0.128490017617986
1.038,-1.7792775503378e-14
1.038125,0.128490017617961
1.03825,0.181712325544963
1.038375,0.12849001761806
1.0385,1.23043242770112e-13
1.038625,-0.128490017617886
1.03875,-0.181712325544963
1.038875,-0.128490017618135
1.039,-2.28293710036845e-13
1.039125,0.128490017618046
1.03925,0.181712325544963
1.039375,0.128490017618209
1.0395,3.01138264361575e-15
1.039625,-0.128490017617971
1.03975,-0.181712325544963
1.039875,-0.12849001761805
1.04,-1.08261849910349e-13
1.040125,0.128490017617897
1.04025,0.181712325544963
1.040375,0.128490017618124
1.0405,2.13512317177083e-13
1.040625,-0.128490017617822
1.04075,-0.181712325544963
1.040875,-0.128490017618082
1.041,-1.53496387113835e-13
1.041125,0.128490017617982
1.04125,0.181712325544963
1.041375,0.128490017618156
1.0415,9.34804570505872e-14
1.041625,-0.128490017617907
1.04175,-0.181712325544963
1.041875,-0.128490017617997
1.042,-3.34645269873392e-14
1.042125,0.12849001761795
1.04225,0.181712325544963
1.042375,0.128490017618071
1.0425,1.38714994254073e-13
1.042625,-0.128490017617875
1.04275,-0.181712325544963
1.042875,-0.128490017618146
1.043,-2.43965461520807e-13
1.043125,0.128490017618034
1.04325,0.181712325544963
1.043375,0.128490017618103
1.0435,1.86831341275769e-14
1.043625,-0.12849001761796
1.04375,-0.181712325544963
1.043875,-0.128490017618061
1.044,-1.23933601394311e-13
1.044125,0.128490017617886
1.04425,0.181712325544963
1.044375,0.128490017618018
1.0445,6.39176713310626e-14
1.044625,-0.128490017617811
1.04475,-0.181712325544963
1.044875,-0.128490017618093
1.045,-1.69168138597796e-13
1.045125,0.12849001761797
1.04525,0.181712325544963
1.045375,0.128490017618167
1.0455,-5.61141887954333e-14
1.045625,-0.128490017618013
1.04575,-0.181712325544963
1.045875,-0.128490017618008
1.046,-4.91362784713004e-14
1.046125,0.128490017617938
1.04625,0.181712325544963
1.046375,0.128490017618082
1.0465,1.54386745738034e-13
1.046625,-0.128490017617864
1.04675,-0.181712325544963
1.046875,-0.128490017618157
1.047,-2.59637213004768e-13
1.047125,0.128490017618023
1.04725,0.181712325544963
1.047375,0.128490017618114
1.0475,3.43548856115381e-14
1.047625,-0.128490017617949
1.04775,-0.181712325544963
1.047875,-0.128490017618189
1.048,-1.39605352878272e-13
1.048125,0.128490017617875
1.04825,0.181712325544963
1.048375,0.12849001761803
1.0485,7.95894228150238e-14
1.048625,-0.128490017617917
1.04875,-0.181712325544963
1.048875,-0.128490017618104
1.049,-1.84839890081757e-13
1.049125,0.128490017617959
1.04925,0.181712325544963
1.049375,0.128490017618178
1.0495,-4.04424373114721e-14
1.049625,-0.128490017618002
1.04975,-0.181712325544963
1.049875,-0.128490017618253
1.05,-6.48080299552616e-14
1.050125,0.128490017617927
1.05025,0.181712325544963
1.050375,0.128490017618093
1.0505,1.70058497221995e-13
1.050625,-0.128490017617853
1.05075,-0.181712325544963
1.050875,-0.128490017618051
1.051,-2.75308964488729e-13
1.051125,0.128490017618012
1.05125,0.181712325544963
1.051375,0.128490017618125
1.0515,5.00266370954993e-14
1.051625,-0.128490017617938
1.05175,-0.181712325544963
1.051875,-0.1284900176182
1.052,9.98929296774865e-15
1.052125,0.128490017617863
1.05225,0.181712325544963
1.052375,0.128490017618041
1.0525,9.5261174298985e-14
1.052625,-0.128490017617906
1.05275,-0.181712325544963
1.052875,-0.128490017618115
1.053,-2.00511641565719e-13
1.053125,0.128490017617948
1.05325,0.181712325544963
1.053375,0.128490017618189
1.0535,-2.47706858275109e-14
1.053625,-0.128490017617991
1.05375,-0.181712325544963
1.053875,-0.128490017618147
1.054,-8.04797814392228e-14
1.054125,0.128490017617916
1.05425,0.181712325544963
1.054375,0.128490017618105
1.0545,1.85730248705956e-13
1.054625,-0.128490017617842
1.05475,-0.181712325544963
1.054875,-0.128490017618062
1.055,-1.25714318642708e-13
1.055125,0.128490017618001
1.05525,0.181712325544963
1.055375,0.128490017618137
1.0555,6.56983885794605e-14
1.055625,-0.128490017617927
1.05575,-0.181712325544963
1.055875,-0.128490017618211
1.056,-5.68245851621254e-15
1.056125,0.128490017617969
1.05625,0.181712325544963
1.056375,0.128490017618052
1.0565,1.10932925782946e-13
1.056625,-0.128490017617895
1.05675,-0.181712325544963
1.056875,-0.128490017618126
1.057,-2.1618339304968e-13
1.057125,0.128490017618054
1.05725,0.181712325544963
1.057375,0.128490017618201
1.0575,-9.09893434354972e-15
1.057625,-0.12849001761798
1.05775,-0.181712325544963
1.057875,-0.128490017618158
1.058,-9.6151532923184e-14
1.058125,0.128490017617905
1.05825,0.181712325544963
1.058375,0.128490017617999
1.0585,2.01402000189918e-13
1.058625,-0.128490017617831
1.05875,-0.181712325544963
1.058875,-0.128490017618073
1.059,-1.4138607012667e-13
1.059125,0.12849001761799
1.05925,0.181712325544963
1.059375,0.128490017618148
1.0595,8.13701400634217e-14
1.059625,-0.128490017617916
1.05975,-0.181712325544963
1.059875,-0.128490017618222
1.06,-2.13542100001737e-14
1.060125,0.128490017617958
1.06025,0.181712325544963
1.060375,0.128490017618063
1.0605,1.26604677266907e-13
1.060625,-0.128490017617884
1.06075,-0.181712325544963
1.060875,-0.128490017618137
1.061,-2.31855144533641e-13
1.061125,0.128490017618043
1.06125,0.181712325544963
1.061375,0.128490017618095
1.0615,6.57281714041147e-15
1.061625,-0.128490017617969
1.06175,-0.181712325544963
1.061875,-0.128490017618169
1.062,-1.11823284407145e-13
1.062125,0.128490017617894
1.06225,0.181712325544963
1.062375,0.12849001761801
1.0625,5.18073543438972e-14
1.062625,-0.12849001761782
1.06275,-0.181712325544963
1.062875,-0.128490017618084
1.063,-1.57057821610631e-13
1.063125,0.128490017617979
1.06325,0.181712325544963
1.063375,0.128490017618159
1.0635,2.62308288877365e-13
1.063625,-0.128490017618021
1.06375,-0.181712325544963
1.063875,-0.128490017618233
1.064,-3.70259614841349e-14
1.064125,0.128490017617947
1.06425,0.181712325544963
1.064375,0.128490017618074
1.0645,1.42276428750869e-13
1.064625,-0.128490017617873
1.06475,-0.181712325544963
1.064875,-0.128490017618148
1.065,-2.47526896017602e-13
1.065125,0.128490017618032
1.06525,0.181712325544963
1.065375,0.128490017618106
1.0655,1.87510965954354e-13
1.065625,-0.128490017617957
1.06575,-0.181712325544963
1.065875,-0.12849001761818
1.066,-1.27495035891106e-13
1.066125,0.128490017617883
1.06625,0.181712325544963
1.066375,0.128490017618021
1.0665,6.74791058278584e-14
1.066625,-0.128490017617926
1.06675,-0.181712325544963
1.066875,-0.128490017618095
1.067,-1.72729573094592e-13
1.067125,0.128490017617968
1.06725,0.181712325544963
1.067375,0.12849001761817
1.0675,2.77980040361326e-13
1.067625,-0.12849001761801
1.06775,-0.181712325544963
1.067875,-0.128490017618127
1.068,-5.26977129680961e-14
1.068125,0.128490017617936
1.06825,0.181712325544963
1.068375,0.128490017618085
1.0685,1.5794818023483e-13
1.068625,-0.128490017617862
1.06875,-0.181712325544963
1.068875,-0.128490017618042
1.069,-2.63198647501563e-13
1.069125,0.128490017618021
1.06925,0.181712325544963
1.069375,0.128490017618117
1.0695,2.03182717438315e-13
1.069625,-0.128490017617946
1.06975,-0.181712325544963
1.069875,-0.128490017618191
1.07,2.20996099549141e-14
1.070125,0.128490017617872
1.07025,0.181712325544963
1.070375,0.128490017618032
1.0705,8.31508573118195e-14
1.070625,-0.128490017617914
1.07075,-0.181712325544963
1.070875,-0.128490017618106
1.071,-1.88401324578553e-13
1.071125,0.128490017618074
1.07125,0.181712325544963
1.071375,0.128490017618181
1.0715,2.93651791845287e-13
1.071625,-0.128490017617999
1.07175,-0.181712325544963
1.071875,-0.128490017618138
1.072,-6.83694644520573e-14
1.072125,0.128490017617925
1.07225,0.181712325544963
1.072375,0.128490017618096
1.0725,1.73619931718791e-13
1.072625,-0.12849001761785
1.07275,-0.181712325544963
1.072875,-0.128490017618054
1.073,-1.13604001655543e-13
1.073125,0.12849001761801
1.07325,0.181712325544963
1.073375,0.128490017618128
1.0735,2.18854468922277e-13
1.073625,-0.128490017617935
1.07375,-0.181712325544963
1.073875,-0.128490017618202
1.074,6.42785847095294e-15
1.074125,0.128490017617978
1.07425,0.181712325544963
1.074375,0.128490017618043
1.0745,9.88226087957807e-14
1.074625,-0.128490017617903
1.07475,-0.181712325544963
1.074875,-0.128490017618118
1.075,-2.04073076062514e-13
1.075125,0.128490017618063
1.07525,0.181712325544963
1.075375,0.128490017618192
1.0755,3.09323543329248e-13
1.075625,-0.128490017617988
1.07575,-0.181712325544963
1.075875,-0.128490017618149
1.076,-8.40412159360185e-14
1.076125,0.128490017617914
1.07625,0.181712325544963
1.076375,0.12849001761799
1.0765,1.89291683202752e-13
1.076625,-0.128490017617839
1.07675,-0.181712325544963
1.076875,-0.128490017618065
1.077,-1.29275753139504e-13
1.077125,0.128490017617999
1.07725,0.181712325544963
1.077375,0.128490017618139
1.0775,2.34526220406238e-13
1.077625,-0.128490017617924
1.07775,-0.181712325544963
1.077875,-0.128490017618213
1.078,-9.24389301300825e-15
1.078125,0.128490017617967
1.07825,0.181712325544963
1.078375,0.128490017618054
1.0785,1.14494360279742e-13
1.078625,-0.128490017617892
1.07875,-0.181712325544963
1.078875,-0.128490017618129
1.079,-2.19744827546476e-13
1.079125,0.128490017617818
1.07925,0.181712325544963
1.079375,0.128490017618086
1.0795,1.59728897483228e-13
1.079625,-0.128490017617977
1.07975,-0.181712325544963
1.079875,-0.128490017618161
1.08,-9.97129674199797e-14
1.080125,0.128490017617903
1.08025,0.181712325544963
1.080375,0.128490017618001
1.0805,3.96970373567317e-14
1.080625,-0.128490017617945
1.08075,-0.181712325544963
1.080875,-0.128490017618076
1.081,-1.44947504623465e-13
1.081125,0.128490017617871
1.08125,0.181712325544963
1.081375,0.12849001761815
1.0815,2.50197971890199e-13
1.081625,-0.12849001761803
1.08175,-0.181712325544963
1.081875,-0.128490017618225
1.082,-2.49156444969694e-14
1.082125,0.128490017617956
1.08225,0.181712325544963
1.082375,0.128490017618065
1.0825,1.30166111763703e-13
1.082625,-0.128490017617881
1.08275,-0.181712325544963
1.082875,-0.12849001761814
1.083,-2.35416579030437e-13
1.083125,0.128490017617807
1.08325,0.181712325544963
1.083375,0.128490017618097
1.0835,1.75400648967189e-13
1.083625,-0.128490017617966
1.08375,-0.181712325544963
1.083875,-0.128490017618172
1.084,-1.15384718903941e-13
1.084125,0.128490017617892
1.08425,0.181712325544963
1.084375,0.128490017618012
1.0845,5.53687888406929e-14
1.084625,-0.128490017617934
1.08475,-0.181712325544963
1.084875,-0.128490017618087
1.085,-1.60619256107427e-13
1.085125,0.12849001761786
1.08525,0.181712325544963
1.085375,0.128490017618161
1.0855,2.6586972337416e-13
1.085625,-0.128490017618019
1.08575,-0.181712325544963
1.085875,-0.128490017618119
1.086,-4.05873959809306e-14
1.086125,0.128490017617945
1.08625,0.181712325544963
1.086375,0.128490017618076
1.0865,1.45837863247664e-13
1.086625,-0.12849001761787
1.08675,-0.181712325544963
1.086875,-0.128490017618034
1.087,-8.58219331844163e-14
1.087125,0.128490017617796
1.08725,0.181712325544963
1.087375,0.128490017618108
1.0875,1.9107240045115e-13
1.087625,-0.128490017617955
1.08775,-0.181712325544963
1.087875,-0.128490017618183
1.088,3.42099269420796e-14
1.088125,0.128490017617881
1.08825,0.181712325544963
1.088375,0.128490017618023
1.0885,7.10405403246541e-14
1.088625,-0.128490017617923
1.08875,-0.181712325544963
1.088875,-0.128490017618098
1.089,-1.76291007591388e-13
1.089125,0.128490017617849
1.08925,0.181712325544963
1.089375,0.128490017618172
1.0895,2.81541474858121e-13
1.089625,-0.128490017618008
1.08975,-0.181712325544963
1.089875,-0.12849001761813
1.09,-5.62591474648918e-14
1.090125,0.128490017617933
1.09025,0.181712325544963
1.090375,0.128490017618087
1.0905,1.61509614731625e-13
1.090625,-0.128490017617859
1.09075,-0.181712325544963
1.090875,-0.128490017618045
1.091,-1.01493684668378e-13
1.091125,0.128490017617901
1.09125,0.181712325544963
1.091375,0.128490017618119
1.0915,2.06744151935111e-13
1.091625,-0.128490017617944
1.09175,-0.181712325544963
1.091875,-0.128490017618194
1.092,1.85381754581184e-14
1.092125,0.128490017617986
1.09225,0.181712325544963
1.092375,0.128490017618035
1.0925,8.67122918086152e-14
1.092625,-0.128490017617912
1.09275,-0.181712325544963
1.092875,-0.128490017618109
1.093,-1.91962759075349e-13
1.093125,0.128490017617837
1.09325,0.181712325544963
1.093375,0.128490017618067
1.0935,2.97213226342083e-13
1.093625,-0.128490017617997
1.09375,-0.181712325544963
1.093875,-0.128490017618141
1.094,-7.1930898948853e-14
1.094125,0.128490017617922
1.09425,0.181712325544963
1.094375,0.128490017617982
1.0945,1.77181366215587e-13
1.094625,-0.128490017617848
1.09475,-0.181712325544963
1.094875,-0.128490017618056
1.095,-1.17165436152339e-13
1.095125,0.12849001761789
1.09525,0.181712325544963
1.095375,0.128490017618131
1.0955,2.22415903419072e-13
1.095625,-0.128490017617933
1.09575,-0.181712325544963
1.095875,-0.128490017618205
1.096,2.86642397415723e-15
1.096125,0.128490017617975
1.09625,0.181712325544963
1.096375,0.128490017618046
1.0965,1.02384043292576e-13
1.096625,-0.128490017617901
1.09675,-0.181712325544963
1.096875,-0.12849001761812
1.097,-2.0763451055931e-13
1.097125,0.128490017617826
1.09725,0.181712325544963
1.097375,0.128490017618078
1.0975,1.47618580496062e-13
1.097625,-0.128490017617986
1.09775,-0.181712325544963
1.097875,-0.128490017618152
1.098,-8.76026504328142e-14
1.098125,0.128490017617911
1.09825,0.181712325544963
1.098375,0.128490017617993
1.0985,2.75867203695662e-14
1.098625,-0.128490017617954
1.09875,-0.181712325544963
1.098875,-0.128490017618067
1.099,-1.328371876363e-13
1.099125,0.128490017617879
1.09925,0.181712325544963
1.099375,0.128490017618142
1.0995,2.38087654903034e-13
1.099625,-0.128490017618039
1.09975,-0.181712325544963
1.099875,-0.128490017618216
1.1,-1.2805327509804e-14
1.100125,0.128490017617964
1.10025,0.181712325544963
1.100375,0.128490017618057
1.1005,1.18055794776538e-13
1.100625,-0.12849001761789
1.10075,-0.181712325544963
1.100875,-0.128490017618131
1.101,-2.23306262043271e-13
1.101125,0.128490017617815
1.10125,0.181712325544963
1.101375,0.128490017618089
1.1015,1.63290331980023e-13
1.101625,-0.128490017617975
1.10175,-0.181712325544963
1.101875,-0.128490017618163
1.102,-1.03274401916775e-13
1.102125,0.1284900176179
1.10225,0.181712325544963
1.102375,0.128490017618004
1.1025,4.32584718535274e-14
1.102625,-0.128490017617943
1.10275,-0.181712325544963
1.102875,-0.128490017618078
1.103,-1.48508939120261e-13
1.103125,0.128490017617868
1.10325,0.181712325544963
1.103375,0.128490017618153
1.1035,2.53759406386995e-13
1.103625,-0.128490017618028
1.10375,-0.181712325544963
1.103875,-0.12849001761811
1.104,-2.84770789937652e-14
1.104125,0.128490017617953
1.10425,0.181712325544963
1.104375,0.128490017618068
1.1045,1.33727546260499e-13
1.104625,-0.128490017617879
1.10475,-0.181712325544963
1.104875,-0.128490017618025
1.105,-7.37116161972508e-14
1.105125,0.128490017617804
1.10525,0.181712325544963
1.105375,0.1284900176181
1.1055,1.78962083463984e-13
1.105625,-0.128490017617964
1.10575,-0.181712325544963
1.105875,-0.128490017618174
1.106,4.63202439292451e-14
1.106125,0.128490017618006
1.10625,0.181712325544963
1.106375,0.128490017618015
1.1065,5.89302233374886e-14
1.106625,-0.128490017617932
1.10675,-0.181712325544963
1.106875,-0.128490017618089
1.107,-1.64180690604222e-13
1.107125,0.128490017617857
1.10725,0.181712325544963
1.107375,0.128490017618164
1.1075,2.69431157870956e-13
1.107625,-0.128490017618016
1.10775,-0.181712325544963
1.107875,-0.128490017618121
1.108,-4.41488304777263e-14
1.108125,0.128490017617942
1.10825,0.181712325544963
1.108375,0.128490017618079
1.1085,1.4939929774446e-13
1.108625,-0.128490017617868
1.10875,-0.181712325544963
1.108875,-0.128490017618036
1.109,-8.9383367681212e-14
1.109125,0.12849001761791
1.10925,0.181712325544963
1.109375,0.128490017618111
1.1095,1.94633834947946e-13
1.109625,-0.128490017617952
1.10975,-0.181712325544963
1.109875,-0.128490017618185
1.11,3.06484924452839e-14
1.110125,0.128490017617995
1.11025,0.181712325544963
1.110375,0.12849001761826
1.1105,7.46019748214498e-14
1.110625,-0.12849001761792
1.11075,-0.181712325544963
1.110875,-0.1284900176181
1.111,-1.79852442088183e-13
1.111125,0.128490017617846
1.11125,0.181712325544963
1.111375,0.128490017618058
1.1115,2.85102909354917e-13
1.111625,-0.128490017618005
1.11175,-0.181712325544963
1.111875,-0.128490017618132
1.112,-5.98205819616875e-14
1.112125,0.128490017617931
1.11225,0.181712325544963
1.112375,0.128490017618207
1.1125,-1.95348101560442e-16
1.112625,-0.128490017617857
1.11275,-0.181712325544963
1.112875,-0.128490017618047
1.113,-1.05055119165173e-13
1.113125,0.128490017617899
1.11325,0.181712325544963
1.113375,0.128490017618122
1.1135,2.10305586431907e-13
1.113625,-0.128490017617941
1.11375,-0.181712325544963
1.113875,-0.128490017618196
1.114,1.49767409613227e-14
1.114125,0.128490017617984
1.11425,0.181712325544963
1.114375,0.128490017618154
1.1145,9.0273726305411e-14
1.114625,-0.128490017617909
1.11475,-0.181712325544963
1.114875,-0.128490017618111
1.115,-1.95524193572145e-13
1.115125,0.128490017617835
1.11525,0.181712325544963
1.115375,0.128490017618069
1.1155,1.35508263508897e-13
1.115625,-0.128490017617994
1.11575,-0.181712325544963
1.115875,-0.128490017618143
1.116,-7.54923334456487e-14
1.116125,0.12849001761792
1.11625,0.181712325544963
1.116375,0.128490017618218
1.1165,1.54764033824007e-14
1.116625,-0.128490017617962
1.11675,-0.181712325544963
1.116875,-0.128490017618059
1.117,-1.20726870649134e-13
1.117125,0.128490017617888
1.11725,0.181712325544963
1.117375,0.128490017618133
1.1175,2.25977337915868e-13
1.117625,-0.128490017618047
1.11775,-0.181712325544963
1.117875,-0.128490017618207
1.118,-6.95010522638486e-16
1.118125,0.128490017617973
1.11825,0.181712325544963
1.118375,0.128490017618165
1.1185,1.05945477789372e-13
1.118625,-0.128490017617898
1.11875,-0.181712325544963
1.118875,-0.128490017618006
1.119,-2.11195945056106e-13
1.119125,0.128490017617824
1.11925,0.181712325544963
1.119375,0.12849001761808
1.1195,1.51180014992858e-13
1.119625,-0.128490017617983
1.11975,-0.181712325544963
1.119875,-0.128490017618155
1.12,-9.11640849296099e-14
1.120125,0.128490017617909
1.12025,0.181712325544963
1.120375,0.128490017618229
1.1205,3.11481548663619e-14
1.120625,-0.128490017617951
1.12075,-0.181712325544963
1.120875,-0.12849001761807
1.121,-1.36398622133096e-13
1.121125,0.128490017617877
1.12125,0.181712325544963
1.121375,0.128490017618144
1.1215,2.41649089399829e-13
1.121625,-0.128490017618036
1.12175,-0.181712325544963
1.121875,-0.128490017618102
1.122,-1.63667620065997e-14
1.122125,0.128490017617962
1.12225,0.181712325544963
1.122375,0.128490017618176
1.1225,1.21617229273333e-13
1.122625,-0.128490017617887
1.12275,-0.181712325544963
1.122875,-0.128490017618017
1.123,-6.16012992100854e-14
1.123125,0.128490017617813
1.12325,0.181712325544963
1.123375,0.128490017618091
1.1235,1.66851766476819e-13
1.123625,-0.128490017617972
1.12375,-0.181712325544963
1.123875,-0.128490017618166
1.124,5.84305609164105e-14
1.124125,0.128490017618015
1.12425,0.181712325544963
1.124375,0.12849001761824
1.1245,4.68199063503231e-14
1.124625,-0.12849001761794
1.12475,-0.181712325544963
1.124875,-0.128490017618081
1.125,-1.52070373617057e-13
1.125125,0.128490017617866
1.12525,0.181712325544963
1.125375,0.128490017618155
1.1255,2.5732084088379e-13
1.125625,-0.128490017618025
1.12575,-0.181712325544963
1.125875,-0.128490017618113
1.126,-1.97304910820542e-13
1.126125,0.128490017617951
1.12625,0.181712325544963
1.126375,0.128490017618187
1.1265,1.37288980757295e-13
1.126625,-0.128490017617876
1.12675,-0.181712325544963
1.126875,-0.128490017618028
1.127,-7.72730506940466e-14
1.127125,0.128490017617919
1.12725,0.181712325544963
1.127375,0.128490017618102
1.1275,1.8252351796078e-13
1.127625,-0.128490017617961
1.12775,-0.181712325544963
1.127875,-0.128490017618177
1.128,-2.87773985227514e-13
1.128125,0.128490017618003
1.12825,0.181712325544963
1.128375,0.128490017618134
1.1285,6.24916578342843e-14
1.128625,-0.128490017617929
1.12875,-0.181712325544963
1.128875,-0.128490017618092
1.129,-1.67742125101018e-13
1.129125,0.128490017617855
1.12925,0.181712325544963
1.129375,0.128490017618049
1.1295,2.72992592367752e-13
1.129625,-0.128490017618014
1.12975,-0.181712325544963
1.129875,-0.128490017618124
1.13,-2.12976662304504e-13
1.130125,0.128490017617939
1.13025,0.181712325544963
1.130375,0.128490017618198
1.1305,-1.23056650887259e-14
1.130625,-0.128490017617865
1.13075,-0.181712325544963
1.130875,-0.128490017618039
1.131,-9.29448021780077e-14
1.131125,0.128490017617908
1.13125,0.181712325544963
1.131375,0.128490017618113
1.1315,1.98195269444741e-13
1.131625,-0.128490017618067
1.13175,-0.181712325544963
1.131875,-0.128490017618188
1.132,-3.03445736711475e-13
1.132125,0.128490017617992
1.13225,0.181712325544963
1.132375,0.128490017618145
1.1325,7.81634093182455e-14
1.132625,-0.128490017617918
1.13275,-0.181712325544963
1.132875,-0.128490017618103
1.133,-1.83413876584979e-13
1.133125,0.128490017617844
1.13325,0.181712325544963
1.133375,0.12849001761806
1.1335,1.23397946521731e-13
1.133625,-0.128490017618003
1.13375,-0.181712325544963
1.133875,-0.128490017618135
1.134,-2.28648413788465e-13
1.134125,0.128490017617928
1.13425,0.181712325544963
1.134375,0.128490017618209
1.1345,3.36608639523527e-15
1.134625,-0.128490017617971
1.13475,-0.181712325544963
1.134875,-0.12849001761805
1.135,-1.08616553661969e-13
1.135125,0.128490017617896
1.13525,0.181712325544963
1.135375,0.128490017618124
1.1355,2.13867020928703e-13
1.135625,-0.128490017618056
1.13575,-0.181712325544963
1.135875,-0.128490017618199
1.136,-3.19117488195436e-13
1.136125,0.128490017617981
1.13625,0.181712325544963
1.136375,0.128490017618156
1.1365,9.38351608022067e-14
1.136625,-0.128490017617907
1.13675,-0.181712325544963
1.136875,-0.128490017617997
1.137,-1.9908562806894e-13
1.137125,0.128490017617832
1.13725,0.181712325544963
1.137375,0.128490017618072
1.1375,1.39069698005692e-13
1.137625,-0.128490017617992
1.13775,-0.181712325544963
1.137875,-0.128490017618146
1.138,-2.44320165272426e-13
1.138125,0.128490017617917
1.13825,0.181712325544963
1.138375,0.12849001761822
1.1385,1.90378378791965e-14
1.138625,-0.12849001761796
1.13875,-0.181712325544963
1.138875,-0.128490017618061
1.139,-1.2428830514593e-13
1.139125,0.128490017617885
1.13925,0.181712325544963
1.139375,0.128490017618136
1.1395,2.29538772412664e-13
1.139625,-0.128490017618045
1.13975,-0.181712325544963
1.139875,-0.128490017618093
1.14,-1.69522842349416e-13
1.140125,0.12849001761797
1.14025,0.181712325544963
1.140375,0.128490017618168
1.1405,1.09506912286168e-13
1.140625,-0.128490017617896
1.14075,-0.181712325544963
1.140875,-0.128490017618008
1.141,-4.94909822229199e-14
1.141125,0.128490017617938
1.14125,0.181712325544963
1.141375,0.128490017618083
1.1415,1.54741449489654e-13
1.141625,-0.128490017617864
1.14175,-0.181712325544963
1.141875,-0.128490017618157
1.142,-2.59991916756387e-13
1.142125,0.128490017618023
1.14225,0.181712325544963
1.142375,0.128490017618231
1.1425,3.47095893631576e-14
1.142625,-0.128490017617949
1.14275,-0.181712325544963
1.142875,-0.128490017618072
1.143,-1.39960056629891e-13
1.143125,0.128490017617874
1.14325,0.181712325544963
1.143375,0.128490017618147
1.1435,2.45210523896625e-13
1.143625,-0.1284900176178
1.14375,-0.181712325544963
1.143875,-0.128490017618104
1.144,-1.85194593833377e-13
1.144125,0.128490017617959
1.14425,0.181712325544963
1.144375,0.128490017618179
1.1445,1.25178663770129e-13
1.144625,-0.128490017617885
1.14475,-0.181712325544963
1.144875,-0.128490017618019
1.145,-6.51627337068811e-14
1.145125,0.128490017617927
1.14525,0.181712325544963
1.145375,0.128490017618094
1.1455,1.70413200973615e-13
1.145625,-0.128490017617853
1.14575,-0.181712325544963
1.145875,-0.128490017618168
1.146,-2.75663668240348e-13
1.146125,0.128490017618012
1.14625,0.181712325544963
1.146375,0.128490017618126
1.1465,5.03813408471188e-14
1.146625,-0.128490017617938
1.14675,-0.181712325544963
1.146875,-0.128490017618083
1.147,-1.55631808113852e-13
1.147125,0.128490017617863
1.14725,0.181712325544963
1.147375,0.128490017618041
1.1475,9.56158780506045e-14
1.147625,-0.128490017617789
1.14775,-0.181712325544963
1.147875,-0.128490017618115
1.148,-2.00866345317338e-13
1.148125,0.128490017617948
1.14825,0.181712325544963
1.148375,0.12849001761819
1.1485,-2.44159820758914e-14
1.148625,-0.128490017617874
1.14875,-0.181712325544963
1.148875,-0.12849001761803
1.149,-8.08344851908423e-14
1.149125,0.128490017617916
1.14925,0.181712325544963
1.149375,0.128490017618105
1.1495,1.86084952457576e-13
1.149625,-0.128490017617842
1.14975,-0.181712325544963
1.149875,-0.128490017618179
1.15,-2.9133541972431e-13
1.150125,0.128490017618001
1.15025,0.181712325544963
1.150375,0.128490017618137
1.1505,6.605309233108e-14
1.150625,-0.128490017617926
1.15075,-0.181712325544963
1.150875,-0.128490017618094
1.151,-1.71303559597814e-13
1.151125,0.128490017617852
1.15125,0.181712325544963
1.151375,0.128490017618052
1.1515,1.11287629534566e-13
1.151625,-0.128490017617895
1.15175,-0.181712325544963
1.151875,-0.128490017618126
1.152,-2.16538096801299e-13
1.152125,0.128490017617937
1.15225,0.181712325544963
1.152375,0.128490017618201
1.1525,-8.7442305919302e-15
1.152625,-0.128490017617979
1.15275,-0.181712325544963
1.152875,-0.128490017618041
1.153,-9.65062366748035e-14
1.153125,0.128490017617905
1.15325,0.181712325544963
1.153375,0.128490017618116
1.1535,2.01756703941537e-13
1.153625,-0.128490017617831
1.15375,-0.181712325544963
1.153875,-0.128490017618073
1.154,-3.07007171208271e-13
1.154125,0.12849001761799
1.15425,0.181712325544963
1.154375,0.128490017618148
1.1545,8.17248438150412e-14
1.154625,-0.128490017617915
1.15475,-0.181712325544963
1.154875,-0.128490017617989
1.155,-1.86975311081775e-13
1.155125,0.128490017617841
1.15525,0.181712325544963
1.155375,0.128490017618063
1.1555,1.26959381018527e-13
1.155625,-0.128490017617883
1.15575,-0.181712325544963
1.155875,-0.128490017618137
1.156,-2.32209848285261e-13
1.156125,0.128490017617926
1.15625,0.181712325544963
1.156375,0.128490017618212
1.1565,6.92752089203098e-15
1.156625,-0.128490017617968
1.15675,-0.181712325544963
1.156875,-0.128490017618053
1.157,-1.12177988158765e-13
1.157125,0.128490017617894
1.15725,0.181712325544963
1.157375,0.128490017618127
1.1575,2.17428455425498e-13
1.157625,-0.128490017617819
1.15775,-0.181712325544963
1.157875,-0.128490017618085
1.158,-1.5741252536225e-13
1.158125,0.128490017617979
1.15825,0.181712325544963
1.158375,0.128490017618159
1.1585,9.73965952990024e-14
1.158625,-0.128490017617904
1.15875,-0.181712325544963
1.158875,-0.128490017618
1.159,-3.73806652357544e-14
1.159125,0.128490017617947
1.15925,0.181712325544963
1.159375,0.128490017618074
1.1595,1.42631132502488e-13
1.159625,-0.128490017617872
1.15975,-0.181712325544963
1.159875,-0.128490017618148
1.16,-2.47881599769222e-13
1.160125,0.128490017618032
1.16025,0.181712325544963
1.160375,0.128490017618223
1.1605,2.25992723759922e-14
1.160625,-0.128490017617957
1.16075,-0.181712325544963
1.160875,-0.128490017618064
1.161,-1.27849739642726e-13
1.161125,0.128490017617883
1.16125,0.181712325544963
1.161375,0.128490017618138
1.1615,2.33100206909459e-13
1.161625,-0.128490017617808
1.16175,-0.181712325544963
1.161875,-0.128490017618096
1.162,-1.73084276846212e-13
1.162125,0.128490017617968
1.16225,0.181712325544963
1.162375,0.12849001761817
1.1625,1.13068346782964e-13
1.162625,-0.128490017617893
1.16275,-0.181712325544963
1.162875,-0.128490017618011
1.163,-5.30524167197156e-14
1.163125,0.128490017617936
1.16325,0.181712325544963
1.163375,0.128490017618085
1.1635,1.58302883986449e-13
1.163625,-0.128490017617861
1.16375,-0.181712325544963
1.163875,-0.12849001761816
1.164,-2.63553351253183e-13
1.164125,0.128490017618021
1.16425,0.181712325544963
1.164375,0.128490017618117
1.1645,3.82710238599534e-14
1.164625,-0.128490017617946
1.16475,-0.181712325544963
1.164875,-0.128490017618075
1.165,-1.43521491126687e-13
1.165125,0.128490017617872
1.16525,0.181712325544963
1.165375,0.128490017618032
1.1655,8.35055610634391e-14
1.165625,-0.128490017617797
1.16575,-0.181712325544963
1.165875,-0.128490017618107
1.166,-1.88756028330173e-13
1.166125,0.128490017617957
1.16625,0.181712325544963
1.166375,0.128490017618181
1.1665,-3.65262990630569e-14
1.166625,-0.128490017617999
1.16675,-0.181712325544963
1.166875,-0.128490017618022
1.167,-6.87241682036768e-14
1.167125,0.128490017617925
1.16725,0.181712325544963
1.167375,0.128490017618096
1.1675,1.7397463547041e-13
1.167625,-0.12849001761785
1.16775,-0.181712325544963
1.167875,-0.128490017618171
1.168,-2.79225102737144e-13
1.168125,0.128490017618009
1.16825,0.181712325544963
1.168375,0.128490017618128
1.1685,5.39427753439145e-14
1.168625,-0.128490017617935
1.16875,-0.181712325544963
1.168875,-0.128490017618086
1.169,-1.59193242610648e-13
1.169125,0.128490017617861
1.16925,0.181712325544963
1.169375,0.128490017618043
1.1695,9.91773125474002e-14
1.169625,-0.128490017617903
1.16975,-0.181712325544963
1.169875,-0.128490017618118
1.17,-2.04427779814134e-13
1.170125,0.128490017617946
1.17025,0.181712325544963
1.170375,0.128490017618192
1.1705,-2.08545475790957e-14
1.170625,-0.128490017617988
1.17075,-0.181712325544963
1.170875,-0.128490017618033
1.171,-8.4395919687638e-14
1.171125,0.128490017617914
1.17125,0.181712325544963
1.171375,0.128490017618107
1.1715,1.89646386954372e-13
1.171625,-0.128490017617839
1.17175,-0.181712325544963
1.171875,-0.128490017618065
1.172,-2.94896854221105e-13
1.172125,0.128490017617998
1.17225,0.181712325544963
1.172375,0.128490017618139
1.1725,6.96145268278757e-14
1.172625,-0.128490017617924
1.17275,-0.181712325544963
1.172875,-0.128490017618214
1.173,-9.59859676462777e-15
1.173125,0.12849001761785
1.17325,0.181712325544963
1.173375,0.128490017618054
1.1735,1.14849064031361e-13
1.173625,-0.128490017617892
1.17375,-0.181712325544963
1.173875,-0.128490017618129
1.174,-2.20099531298095e-13
1.174125,0.128490017618051
1.17425,0.181712325544963
1.174375,0.128490017618203
1.1745,-5.18279609513449e-15
1.174625,-0.128490017617977
1.17475,-0.181712325544963
1.174875,-0.128490017618161
1.175,-1.00067671171599e-13
1.175125,0.128490017617902
1.17525,0.181712325544963
1.175375,0.128490017618118
1.1755,2.05318138438333e-13
1.175625,-0.128490017617828
1.17575,-0.181712325544963
1.175875,-0.128490017618076
1.176,-1.45302208375085e-13
1.176125,0.128490017617987
1.17625,0.181712325544963
1.176375,0.12849001761815
1.1765,8.52862783118369e-14
1.176625,-0.128490017617913
1.17675,-0.181712325544963
1.176875,-0.128490017618225
1.177,-2.5270348248589e-14
1.177125,0.128490017617955
1.17725,0.181712325544963
1.177375,0.128490017618065
1.1775,1.30520815515323e-13
1.177625,-0.128490017617881
1.17775,-0.181712325544963
1.177875,-0.12849001761814
1.178,-2.35771282782056e-13
1.178125,0.12849001761804
1.17825,0.181712325544963
1.178375,0.128490017618214
1.1785,1.04889553888267e-14
1.178625,-0.128490017617966
1.17875,-0.181712325544963
1.178875,-0.128490017618172
1.179,-1.1573942265556e-13
1.179125,0.128490017617891
1.17925,0.181712325544963
1.179375,0.128490017618013
1.1795,2.20989889922294e-13
1.179625,-0.128490017617817
1.17975,-0.181712325544963
1.179875,-0.128490017618087
1.18,-1.60973959859046e-13
1.180125,0.128490017617976
1.18025,0.181712325544963
1.180375,0.128490017618161
1.1805,-6.43083675341835e-14
1.180625,-0.128490017617902
1.18075,-0.181712325544963
1.180875,-0.128490017618236
1.181,-4.09420997325501e-14
1.181125,0.128490017617944
1.18125,0.181712325544963
1.181375,0.128490017618077
1.1815,1.46192566999284e-13
1.181625,-0.12849001761787
1.18175,-0.181712325544963
1.181875,-0.128490017618151
1.182,-2.51443034266017e-13
1.182125,0.128490017618029
1.18225,0.181712325544963
1.182375,0.128490017618109
1.1825,2.61607068727879e-14
1.182625,-0.128490017617955
1.18275,-0.181712325544963
1.182875,-0.128490017618183
1.183,-1.31411174139522e-13
1.183125,0.12849001761788
1.18325,0.181712325544963
1.183375,0.128490017618024
1.1835,7.13952440762736e-14
1.183625,-0.128490017617923
1.18375,-0.181712325544963
1.183875,-0.128490017618098
1.184,-1.76645711343007e-13
1.184125,0.128490017617965
1.18425,0.181712325544963
1.184375,0.128490017618173
1.1845,-4.86366160502223e-14
1.184625,-0.128490017618008
1.18475,-0.181712325544963
1.184875,-0.128490017618247
1.185,-5.66138512165113e-14
1.185125,0.128490017617933
1.18525,0.181712325544963
1.185375,0.128490017618088
1.1855,1.61864318483245e-13
1.185625,-0.128490017617859
1.18575,-0.181712325544963
1.185875,-0.128490017618162
1.186,-2.67114785749979e-13
1.186125,0.128490017618018
1.18625,0.181712325544963
1.186375,0.12849001761812
1.1865,4.18324583567491e-14
1.186625,-0.128490017617944
1.18675,-0.181712325544963
1.186875,-0.128490017618194
1.187,-1.47082925623483e-13
1.187125,0.128490017617869
1.18725,0.181712325544963
1.187375,0.128490017618035
1.1875,8.70669955602348e-14
1.187625,-0.128490017617912
1.18775,-0.181712325544963
1.187875,-0.128490017618109
1.188,-1.92317462826968e-13
1.188125,0.128490017617954
1.18825,0.181712325544963
1.188375,0.128490017618184
1.1885,2.97567930093702e-13
1.188625,-0.128490017617997
1.18875,-0.181712325544963
1.188875,-0.128490017618141
1.189,-7.22856027004725e-14
1.189125,0.128490017617922
1.18925,0.181712325544963
1.189375,0.128490017618099
1.1895,1.77536069967206e-13
1.189625,-0.128490017617848
1.18975,-0.181712325544963
1.189875,-0.128490017618056
1.19,-1.17520139903958e-13
1.190125,0.128490017618007
1.19025,0.181712325544963
1.190375,0.128490017618131
1.1905,2.22770607170692e-13
1.190625,-0.128490017617933
1.19075,-0.181712325544963
1.190875,-0.128490017618205
1.191,2.51172022253771e-15
1.191125,0.128490017617858
1.19125,0.181712325544963
1.191375,0.128490017618046
1.1915,1.02738747044196e-13
1.191625,-0.128490017617901
1.19175,-0.181712325544963
1.191875,-0.12849001761812
1.192,-2.0798921431093e-13
1.192125,0.12849001761806
1.19225,0.181712325544963
1.192375,0.128490017618195
1.1925,3.13239681577663e-13
1.192625,-0.128490017617985
1.19275,-0.181712325544963
1.192875,-0.128490017618152
1.193,-8.79573541844337e-14
1.193125,0.128490017617911
1.19325,0.181712325544963
1.193375,0.12849001761811
1.1935,1.93207821451167e-13
1.193625,-0.128490017617837
1.19375,-0.181712325544963
1.193875,-0.128490017618067
1.194,-1.33191891387919e-13
1.194125,0.128490017617996
1.19425,0.181712325544963
1.194375,0.128490017618142
1.1945,2.38442358654653e-13
1.194625,-0.128490017617921
1.19475,-0.181712325544963
1.194875,-0.128490017618216
1.195,-1.31600312614235e-14
1.195125,0.128490017617964
1.19525,0.181712325544963
1.195375,0.128490017618057
1.1955,1.18410498528157e-13
1.195625,-0.12849001761789
1.19575,-0.181712325544963
1.195875,-0.128490017618131
1.196,-2.23660965794891e-13
1.196125,0.128490017618049
1.19625,0.181712325544963
1.196375,0.128490017618089
1.1965,3.28911433061624e-13
1.196625,-0.128490017617974
1.19675,-0.181712325544963
1.196875,-0.128490017618163
1.197,-1.03629105668395e-13
1.197125,0.1284900176179
1.19725,0.181712325544963
1.197375,0.128490017618004
1.1975,2.08879572935129e-13
1.197625,-0.128490017617826
1.19775,-0.181712325544963
1.197875,-0.128490017618078
1.198,-1.48863642871881e-13
1.198125,0.128490017617985
1.19825,0.181712325544963
1.198375,0.128490017618153
1.1985,2.54114110138614e-13
1.198625,-0.12849001761791
1.19875,-0.181712325544963
1.198875,-0.128490017618227
1.199,-2.88317827453847e-14
1.199125,0.128490017617953
1.19925,0.181712325544963
1.199375,0.128490017618068
1.1995,1.34082250012118e-13
1.199625,-0.128490017617878
1.19975,-0.181712325544963
1.199875,-0.128490017618142
1.2,-2.39332717278852e-13
1.200125,0.128490017618038
1.20025,0.181712325544963
1.200375,0.1284900176181
1.2005,1.79316787215604e-13
1.200625,-0.128490017617963
1.20075,-0.181712325544963
1.200875,-0.128490017618174
1.201,-1.19300857152356e-13
1.201125,0.128490017617889
1.20125,0.181712325544963
1.201375,0.128490017618015
1.2015,5.92849270891081e-14
1.201625,-0.128490017617931
1.20175,-0.181712325544963
1.201875,-0.12849001761809
1.202,-1.64535394355842e-13
1.202125,0.128490017617974
1.20225,0.181712325544963
1.202375,0.128490017618164
1.2025,2.69785861622575e-13
1.202625,-0.128490017618016
1.20275,-0.181712325544963
1.202875,-0.128490017618238
1.203,-4.45035342293458e-14
1.203125,0.128490017617942
1.20325,0.181712325544963
1.203375,0.128490017618079
1.2035,1.4975400149608e-13
1.203625,-0.128490017617867
1.20375,-0.181712325544963
1.203875,-0.128490017618154
1.204,-2.55004468762813e-13
1.204125,0.128490017617793
1.20425,0.181712325544963
1.204375,0.128490017618111
1.2045,1.94988538699565e-13
1.204625,-0.128490017617952
1.20475,-0.181712325544963
1.204875,-0.128490017618186
1.205,-1.34972608636317e-13
1.205125,0.128490017617878
1.20525,0.181712325544963
1.205375,0.128490017618026
1.2055,7.49566785730693e-14
1.205625,-0.12849001761792
1.20575,-0.181712325544963
1.205875,-0.128490017618101
1.206,-1.80207145839803e-13
1.206125,0.128490017617846
1.20625,0.181712325544963
1.206375,0.128490017618175
1.2065,2.85457613106537e-13
1.206625,-0.128490017618005
1.20675,-0.181712325544963
1.206875,-0.128490017618133
1.207,-6.0175285713307e-14
1.207125,0.128490017617931
1.20725,0.181712325544963
1.207375,0.12849001761809
1.2075,1.65425752980041e-13
1.207625,-0.128490017617856
1.20775,-0.181712325544963
1.207875,-0.128490017618048
1.208,-1.05409822916793e-13
1.208125,0.128490017617782
1.20825,0.181712325544963
1.208375,0.128490017618122
1.2085,2.10660290183526e-13
1.208625,-0.128490017617941
1.20875,-0.181712325544963
1.208875,-0.128490017618197
1.209,1.46220372097032e-14
1.209125,0.128490017617984
1.20925,0.181712325544963
1.209375,0.128490017618037
1.2095,9.06284300570305e-14
1.209625,-0.128490017617909
1.20975,-0.181712325544963
1.209875,-0.128490017618112
1.21,-1.95878897323764e-13
1.210125,0.128490017617835
1.21025,0.181712325544963
1.210375,0.128490017618186
1.2105,3.01129364590498e-13
1.210625,-0.128490017617994
1.21075,-0.181712325544963
1.210875,-0.128490017618144
1.211,-7.58470371972682e-14
1.211125,0.12849001761792
1.21125,0.181712325544963
1.211375,0.128490017618101
1.2115,1.81097504464002e-13
1.211625,-0.128490017617845
1.21175,-0.181712325544963
1.211875,-0.128490017618059
1.212,-1.21081574400754e-13
1.212125,0.128490017617888
1.21225,0.181712325544963
1.212375,0.128490017618133
1.2125,2.26332041667488e-13
1.212625,-0.12849001761793
1.21275,-0.181712325544963
1.212875,-0.128490017618208
1.213,-1.049714274258e-15
1.213125,0.128490017617972
1.21325,0.181712325544963
1.213375,0.128490017618048
1.2135,1.06300181540992e-13
1.213625,-0.128490017617898
1.21375,-0.181712325544963
1.213875,-0.128490017618123
1.214,-2.11550648807725e-13
1.214125,0.128490017617824
1.21425,0.181712325544963
1.214375,0.12849001761808
1.2145,3.16801116074459e-13
1.214625,-0.128490017617983
1.21475,-0.181712325544963
1.214875,-0.128490017618155
1.215,-9.15187886812294e-14
1.215125,0.128490017617908
1.21525,0.181712325544963
1.215375,0.128490017617995
1.2155,3.15028586179814e-14
1.215625,-0.128490017617834
1.21575,-0.181712325544963
1.215875,-0.12849001761807
1.216,-1.36753325884715e-13
1.216125,0.128490017617877
1.21625,0.181712325544963
1.216375,0.128490017618144
1.2165,2.42003793151449e-13
1.216625,-0.128490017617919
1.21675,-0.181712325544963
1.216875,-0.128490017618219
1.217,-1.67214657582192e-14
1.217125,0.128490017617961
1.21725,0.181712325544963
1.217375,0.128490017618059
1.2175,1.21971933024953e-13
1.217625,-0.128490017617887
1.21775,-0.181712325544963
1.217875,-0.128490017618134
1.218,-2.27222400291687e-13
1.218125,0.128490017617813
1.21825,0.181712325544963
1.218375,0.128490017618091
1.2185,1.67206470228439e-13
1.218625,-0.128490017617972
1.21875,-0.181712325544963
1.218875,-0.128490017618166
1.219,-1.07190540165191e-13
1.219125,0.128490017617897
1.21925,0.181712325544963
1.219375,0.128490017618007
1.2195,4.71746101019426e-14
1.219625,-0.12849001761794
1.21975,-0.181712325544963
1.219875,-0.128490017618081
1.22,-1.52425077368676e-13
1.220125,0.128490017617865
1.22025,0.181712325544963
1.220375,0.128490017618155
1.2205,2.5767554463541e-13
1.220625,-0.128490017618025
1.22075,-0.181712325544963
1.220875,-0.12849001761823
1.221,-3.23932172421804e-14
1.221125,0.12849001761795
1.22125,0.181712325544963
1.221375,0.128490017618071
1.2215,1.37643684508914e-13
1.221625,-0.128490017617876
1.22175,-0.181712325544963
1.221875,-0.128490017618028
1.222,-2.42894151775648e-13
1.222125,0.128490017617801
1.22225,0.181712325544963
1.222375,0.128490017618103
1.2225,1.828782217124e-13
1.222625,-0.128490017617961
1.22275,-0.181712325544963
1.222875,-0.128490017618177
1.223,-1.22862291649152e-13
1.223125,0.128490017617886
1.22325,0.181712325544963
1.223375,0.128490017618018
1.2235,6.28463615859038e-14
1.223625,-0.128490017617929
1.22375,-0.181712325544963
1.223875,-0.128490017618092
1.224,-1.68096828852637e-13
1.224125,0.128490017617854
1.22425,0.181712325544963
1.224375,0.128490017618167
1.2245,2.73347296119371e-13
1.224625,-0.128490017618014
1.22475,-0.181712325544963
1.224875,-0.128490017618124
1.225,-4.80649687261416e-14
1.225125,0.128490017617939
1.22525,0.181712325544963
1.225375,0.128490017618082
1.2255,1.53315435992875e-13
1.225625,-0.128490017617865
1.22575,-0.181712325544963
1.225875,-0.128490017618039
1.226,-9.32995059296273e-14
1.226125,0.12849001761779
1.22625,0.181712325544963
1.226375,0.128490017618114
1.2265,1.98549973196361e-13
1.226625,-0.12849001761795
1.22675,-0.181712325544963
1.226875,-0.128490017618188
1.227,2.67323541968687e-14
1.227125,0.128490017617992
1.22725,0.181712325544963
1.227375,0.128490017618029
1.2275,7.8518113069865e-14
1.227625,-0.128490017617918
1.22775,-0.181712325544963
1.227875,-0.128490017618103
1.228,-1.83768580336599e-13
1.228125,0.128490017617843
1.22825,0.181712325544963
1.228375,0.128490017618178
1.2285,2.89019047603332e-13
1.228625,-0.128490017618003
1.22875,-0.181712325544963
1.228875,-0.128490017618135
1.229,-6.37367202101028e-14
1.229125,0.128490017617928
1.22925,0.181712325544963
1.229375,0.128490017618093
1.2295,1.68987187476836e-13
1.229625,-0.128490017617854
1.22975,-0.181712325544963
1.229875,-0.12849001761805
1.23,-1.08971257413588e-13
1.230125,0.128490017617896
1.23025,0.181712325544963
1.230375,0.128490017618125
1.2305,2.14221724680322e-13
1.230625,-0.128490017617939
1.23075,-0.181712325544963
1.230875,-0.128490017618199
1.231,1.10606027129075e-14
1.231125,0.128490017617981
1.23125,0.181712325544963
1.231375,0.12849001761804
1.2315,9.41898645538262e-14
1.231625,-0.128490017617907
1.23175,-0.181712325544963
1.231875,-0.128490017618114
1.232,-1.9944033182056e-13
1.232125,0.128490017617832
1.23225,0.181712325544963
1.232375,0.128490017618072
1.2325,3.04690799087294e-13
1.232625,-0.128490017617992
1.23275,-0.181712325544963
1.232875,-0.128490017618146
1.233,-7.94084716940639e-14
1.233125,0.128490017617917
1.23325,0.181712325544963
1.233375,0.128490017617987
1.2335,1.9392541630816e-14
1.233625,-0.128490017617843
1.23375,-0.181712325544963
1.233875,-0.128490017618061
1.234,-1.2464300889755e-13
1.234125,0.128490017617885
1.23425,0.181712325544963
1.234375,0.128490017618136
1.2345,2.29893476164283e-13
1.234625,-0.128490017618044
1.23475,-0.181712325544963
1.234875,-0.12849001761821
1.235,-4.61114877105371e-15
1.235125,0.12849001761797
1.23525,0.181712325544963
1.235375,0.128490017618168
1.2355,1.09861616037787e-13
1.235625,-0.128490017617896
1.23575,-0.181712325544963
1.235875,-0.128490017618125
1.236,-2.15112083304521e-13
1.236125,0.128490017617821
1.23625,0.181712325544963
1.236375,0.128490017618083
1.2365,1.55096153241273e-13
1.236625,-0.12849001761798
1.23675,-0.181712325544963
1.236875,-0.128490017618157
1.237,-9.50802231780251e-14
1.237125,0.128490017617906
1.23725,0.181712325544963
1.237375,0.128490017618232
1.2375,3.50642931147772e-14
1.237625,-0.128490017617948
1.23775,-0.181712325544963
1.237875,-0.128490017618072
1.238,-1.40314760381511e-13
1.238125,0.128490017617874
1.23825,0.181712325544963
1.238375,0.128490017618147
1.2385,2.45565227648244e-13
1.238625,-0.128490017618033
1.23875,-0.181712325544963
1.238875,-0.128490017618221
1.239,-2.02829002550149e-14
1.239125,0.128490017617959
1.23925,0.181712325544963
1.239375,0.128490017618179
1.2395,1.25533367521749e-13
1.239625,-0.128490017617884
1.23975,-0.181712325544963
1.239875,-0.12849001761802
1.24,-2.30783834788482e-13
1.240125,0.12849001761781
1.24025,0.181712325544963
1.240375,0.128490017618094
1.2405,1.70767904725234e-13
1.240625,-0.128490017617969
1.24075,-0.181712325544963
1.240875,-0.128490017618168
1.241,5.45144226679953e-14
1.241125,0.128490017617895
1.24125,0.181712325544963
1.241375,0.128490017618243
1.2415,5.07360445987383e-14
1.241625,-0.128490017617937
1.24175,-0.181712325544963
1.241875,-0.128490017618084
1.242,-1.55986511865472e-13
1.242125,0.128490017617863
1.24225,0.181712325544963
1.242375,0.128490017618158
1.2425,2.61236979132206e-13
1.242625,-0.128490017618022
1.24275,-0.181712325544963
1.242875,-0.128490017618116
1.243,-3.59546517389761e-14
1.243125,0.128490017617948
1.24325,0.181712325544963
1.243375,0.12849001761819
1.2435,1.4120511900571e-13
1.243625,-0.128490017617873
1.24375,-0.181712325544963
1.243875,-0.128490017618031
1.244,-8.11891889424618e-14
1.244125,0.128490017617916
1.24425,0.181712325544963
1.244375,0.128490017618105
1.2445,1.86439656209195e-13
1.244625,-0.128490017617958
1.24475,-0.181712325544963
1.244875,-0.128490017618179
1.245,3.88426711840341e-14
1.245125,0.128490017618001
1.24525,0.181712325544963
1.245375,0.128490017618254
1.2455,6.64077960826995e-14
1.245625,-0.128490017617926
1.24575,-0.181712325544963
1.245875,-0.128490017618095
1.246,-1.71658263349433e-13
1.246125,0.128490017617852
1.24625,0.181712325544963
1.246375,0.128490017618169
1.2465,2.76908730616167e-13
1.246625,-0.128490017618011
1.24675,-0.181712325544963
1.246875,-0.128490017618127
1.247,-5.16264032229373e-14
1.247125,0.128490017617937
1.24725,0.181712325544963
1.247375,0.128490017618201
1.2475,1.56876870489671e-13
1.247625,-0.128490017617862
1.24775,-0.181712325544963
1.247875,-0.128490017618042
1.248,-9.6860940426423e-14
1.248125,0.128490017617905
1.24825,0.181712325544963
1.248375,0.128490017618116
1.2485,2.02111407693157e-13
1.248625,-0.128490017617947
1.24875,-0.181712325544963
1.248875,-0.128490017618191
1.249,2.31709197000729e-14
1.249125,0.12849001761799
1.24925,0.181712325544963
1.249375,0.128490017618148
1.2495,8.20795475666607e-14
1.249625,-0.128490017617915
1.24975,-0.181712325544963
1.249875,-0.128490017618106
1.25,-1.87330014833394e-13
1.250125,0.128490017617841
1.25025,0.181712325544963
1.250375,0.128490017618063
1.2505,1.27314084770146e-13
1.250625,-0.128490017618
1.25075,-0.181712325544963
1.250875,-0.128490017618138
1.251,-2.3256455203688e-13
1.251125,0.128490017617926
1.25125,0.181712325544963
1.251375,0.128490017618212
1.2515,7.2822246436505e-15
1.251625,-0.128490017617851
1.25175,-0.181712325544963
1.251875,-0.128490017618053
1.252,-1.12532691910384e-13
1.252125,0.128490017617894
1.25225,0.181712325544963
1.252375,0.128490017618127
1.2525,2.17783159177118e-13
1.252625,-0.128490017618053
1.25275,-0.181712325544963
1.252875,-0.128490017618202
1.253,-3.23033626443851e-13
1.253125,0.128490017617979
1.25325,0.181712325544963
1.253375,0.128490017618159
1.2535,9.77512990506219e-14
1.253625,-0.128490017617904
1.25375,-0.181712325544963
1.253875,-0.128490017618117
1.254,-2.03001766317356e-13
1.254125,0.12849001761783
1.25425,0.181712325544963
1.254375,0.128490017618074
1.2545,1.42985836254108e-13
1.254625,-0.128490017617989
1.25475,-0.181712325544963
1.254875,-0.128490017618149
1.255,-2.48236303520841e-13
1.255125,0.128490017617915
1.25525,0.181712325544963
1.255375,0.128490017618223
1.2555,2.29539761276117e-14
1.255625,-0.128490017617957
1.25575,-0.181712325544963
1.255875,-0.128490017618064
1.256,-1.28204443394345e-13
1.256125,0.128490017617883
1.25625,0.181712325544963
1.256375,0.128490017618138
1.2565,2.33454910661079e-13
1.256625,-0.128490017618042
1.25675,-0.181712325544963
1.256875,-0.128490017618096
1.257,-3.38705377927813e-13
1.257125,0.128490017617967
1.25725,0.181712325544963
1.257375,0.12849001761817
1.2575,1.13423050534583e-13
1.257625,-0.128490017617893
1.25775,-0.181712325544963
1.257875,-0.128490017618011
1.258,-2.18673517801317e-13
1.258125,0.128490017617819
1.25825,0.181712325544963
1.258375,0.128490017618085
1.2585,1.58657587738069e-13
1.258625,-0.128490017617978
1.25875,-0.181712325544963
1.258875,-0.12849001761816
1.259,-2.63908055004802e-13
1.259125,0.128490017617903
1.25925,0.181712325544963
1.259375,0.128490017618234
1.2595,3.86257276115729e-14
1.259625,-0.128490017617946
1.25975,-0.181712325544963
1.259875,-0.128490017618075
1.26,-1.43876194878307e-13
1.260125,0.128490017617871
1.26025,0.181712325544963
1.260375,0.128490017618149
1.2605,2.4912666214504e-13
1.260625,-0.128490017618031
1.26075,-0.181712325544963
1.260875,-0.128490017618107
1.261,-1.89110732081792e-13
1.261125,0.128490017617956
1.26125,0.181712325544963
1.261375,0.128490017618181
1.2615,1.29094802018544e-13
1.261625,-0.128490017617882
1.26175,-0.181712325544963
1.261875,-0.128490017618022
1.262,-6.90788719552963e-14
1.262125,0.128490017617924
1.26225,0.181712325544963
1.262375,0.128490017618096
1.2625,1.7432933922203e-13
1.262625,-0.128490017617967
1.26275,-0.181712325544963
1.262875,-0.128490017618171
1.263,-2.79579806488764e-13
1.263125,0.128490017618009
1.26325,0.181712325544963
1.263375,0.128490017618245
1.2635,5.42974790955341e-14
1.263625,-0.128490017617935
1.26375,-0.181712325544963
1.263875,-0.128490017618086
1.264,-1.59547946362268e-13
1.264125,0.12849001761786
1.26425,0.181712325544963
1.264375,0.12849001761816
1.2645,2.64798413629001e-13
1.264625,-0.12849001761802
1.26475,-0.181712325544963
1.264875,-0.128490017618118
1.265,-2.04782483565753e-13
1.265125,0.128490017617945
1.26525,0.181712325544963
1.265375,0.128490017618192
1.2655,1.44766553502505e-13
1.265625,-0.128490017617871
1.26575,-0.181712325544963
1.265875,-0.128490017618033
1.266,-8.47506234392575e-14
1.266125,0.128490017617913
1.26625,0.181712325544963
1.266375,0.128490017618108
1.2665,1.90001090705991e-13
1.266625,-0.128490017617839
1.26675,-0.181712325544963
1.266875,-0.128490017618182
1.267,-2.95251557972725e-13
1.267125,0.128490017617998
1.26725,0.181712325544963
1.267375,0.12849001761814
1.2675,6.99692305794952e-14
1.267625,-0.128490017617924
1.26775,-0.181712325544963
1.267875,-0.128490017618097
1.268,-1.75219697846229e-13
1.268125,0.128490017617849
1.26825,0.181712325544963
1.268375,0.128490017618055
1.2685,1.15203767782981e-13
1.268625,-0.128490017617775
1.26875,-0.181712325544963
1.268875,-0.128490017618129
1.269,-2.20454235049715e-13
1.269125,0.128490017617934
1.26925,0.181712325544963
1.269375,0.128490017618204
1.2695,-4.82809234351498e-15
1.269625,-0.128490017617977
1.26975,-0.181712325544963
1.269875,-0.128490017618044
1.27,-1.00422374923219e-13
1.270125,0.128490017617902
1.27025,0.181712325544963
1.270375,0.128490017618119
1.2705,2.05672842189952e-13
1.270625,-0.128490017617828
1.27075,-0.181712325544963
1.270875,-0.128490017618193
1.271,-3.10923309456686e-13
1.271125,0.128490017617987
1.27125,0.181712325544963
1.271375,0.128490017618151
1.2715,8.56409820634564e-14
1.271625,-0.128490017617913
1.27175,-0.181712325544963
1.271875,-0.128490017618108
1.272,-1.9089144933019e-13
1.272125,0.128490017617838
1.27225,0.181712325544963
1.272375,0.128490017618066
1.2725,1.30875519266942e-13
1.272625,-0.128490017617881
1.27275,-0.181712325544963
1.272875,-0.12849001761814
1.273,-2.36125986533676e-13
1.273125,0.128490017617923
1.27325,0.181712325544963
1.273375,0.128490017618215
1.2735,1.08436591404462e-14
1.273625,-0.128490017617966
1.27375,-0.181712325544963
1.273875,-0.128490017618055
1.274,-1.1609412640718e-13
1.274125,0.128490017617891
1.27425,0.181712325544963
1.274375,0.12849001761813
1.2745,2.21344593673914e-13
1.274625,-0.128490017617817
1.27475,-0.181712325544963
1.274875,-0.128490017618087
1.275,-3.26595060940647e-13
1.275125,0.128490017617976
1.27525,0.181712325544963
1.275375,0.128490017618162
1.2755,1.01312733547418e-13
1.275625,-0.128490017617902
1.27575,-0.181712325544963
1.275875,-0.128490017618002
1.276,-4.12968034841697e-14
1.276125,0.128490017617827
1.27625,0.181712325544963
1.276375,0.128490017618077
1.2765,1.46547270750903e-13
1.276625,-0.12849001761787
1.27675,-0.181712325544963
1.276875,-0.128490017618151
1.277,-2.51797738017637e-13
1.277125,0.128490017617912
1.27725,0.181712325544963
1.277375,0.128490017618226
1.2775,2.65154106244074e-14
1.277625,-0.128490017617954
1.27775,-0.181712325544963
1.277875,-0.128490017618066
1.278,-1.31765877891141e-13
1.278125,0.12849001761788
1.27825,0.181712325544963
1.278375,0.128490017618141
1.2785,2.37016345157875e-13
1.278625,-0.128490017617806
1.27875,-0.181712325544963
1.278875,-0.128490017618098
1.279,-1.77000415094627e-13
1.279125,0.128490017617965
1.27925,0.181712325544963
1.279375,0.128490017618173
1.2795,1.16984485031379e-13
1.279625,-0.128490017617891
1.27975,-0.181712325544963
1.279875,-0.128490017618014
1.28,-5.69685549681308e-14
1.280125,0.128490017617933
1.28025,0.181712325544963
1.280375,0.128490017618088
1.2805,1.62219022234864e-13
1.280625,-0.128490017617858
1.28075,-0.181712325544963
1.280875,-0.128490017618162
1.281,-2.67469489501598e-13
1.281125,0.128490017618018
1.28125,0.181712325544963
1.281375,0.128490017618237
1.2815,4.21871621083686e-14
1.281625,-0.128490017617943
1.28175,-0.181712325544963
1.281875,-0.128490017618077
1.282,-1.47437629375102e-13
1.282125,0.128490017617869
1.28225,0.181712325544963
1.282375,0.128490017618035
1.2825,2.52688096641836e-13
1.282625,-0.128490017617795
1.28275,-0.181712325544963
1.282875,-0.128490017618109
1.283,-1.92672166578588e-13
1.283125,0.128490017617954
1.28325,0.181712325544963
1.283375,0.128490017618184
1.2835,1.3265623651534e-13
1.283625,-0.128490017617879
1.28375,-0.181712325544963
1.283875,-0.128490017618025
1.284,-7.2640306452092e-14
1.284125,0.128490017617922
1.28425,0.181712325544963
1.284375,0.128490017618099
1.2845,1.77890773718826e-13
1.284625,-0.128490017617847
1.28475,-0.181712325544963
1.284875,-0.128490017618173
1.285,-2.83141240985559e-13
1.285125,0.128490017618007
1.28525,0.181712325544963
1.285375,0.128490017618131
1.2855,5.78589135923298e-14
1.285625,-0.128490017617932
1.28575,-0.181712325544963
1.285875,-0.128490017618089
1.286,-1.63109380859063e-13
1.286125,0.128490017617858
1.28625,0.181712325544963
1.286375,0.128490017618046
1.2865,1.03093450795815e-13
1.286625,-0.128490017617783
1.28675,-0.181712325544963
1.286875,-0.128490017618121
1.287,-2.08343918062549e-13
1.287125,0.128490017617943
1.28725,0.181712325544963
1.287375,0.128490017618195
1.2875,-1.69384093306804e-14
1.287625,-0.128490017617985
1.28775,-0.181712325544963
1.287875,-0.128490017618036
1.288,-8.83120579360532e-14
1.288125,0.128490017617911
1.28825,0.181712325544963
1.288375,0.12849001761811
1.2885,1.93562525202787e-13
1.288625,-0.128490017617836
1.28875,-0.181712325544963
1.288875,-0.128490017618185
1.289,-2.98812992469521e-13
1.289125,0.128490017617996
1.28925,0.181712325544963
1.289375,0.128490017618142
1.2895,7.3530665076291e-14
1.289625,-0.128490017617921
1.28975,-0.181712325544963
1.289875,-0.1284900176181
1.29,-1.78781132343025e-13
1.290125,0.128490017617847
1.29025,0.181712325544963
1.290375,0.128490017618057
1.2905,1.18765202279777e-13
1.290625,-0.128490017617889
1.29075,-0.181712325544963
1.290875,-0.128490017618132
1.291,-2.2401566954651e-13
1.291125,0.128490017617932
1.29125,0.181712325544963
1.291375,0.128490017618206
1.2915,-1.26665784671926e-15
1.291625,-0.128490017617974
1.29175,-0.181712325544963
1.291875,-0.128490017618047
1.292,-1.03983809420014e-13
1.292125,0.1284900176179
1.29225,0.181712325544963
1.292375,0.128490017618121
1.2925,2.09234276686748e-13
1.292625,-0.128490017617825
1.29275,-0.181712325544963
1.292875,-0.128490017618079
1.293,-3.14484743953482e-13
1.293125,0.128490017617985
1.29325,0.181712325544963
1.293375,0.128490017618153
1.2935,8.92024165602522e-14
1.293625,-0.12849001761791
1.29375,-0.181712325544963
1.293875,-0.128490017617994
1.294,-2.91864864970042e-14
1.294125,0.128490017617836
1.29425,0.181712325544963
1.294375,0.128490017618068
1.2945,1.34436953763738e-13
1.294625,-0.128490017617878
1.29475,-0.181712325544963
1.294875,-0.128490017618143
1.295,-2.39687421030472e-13
1.295125,0.128490017618037
1.29525,0.181712325544963
1.295375,0.128490017618217
1.2955,1.44050936372419e-14
1.295625,-0.128490017617963
1.29575,-0.181712325544963
1.295875,-0.128490017618058
1.296,-1.19655560903976e-13
1.296125,0.128490017617889
1.29625,0.181712325544963
1.296375,0.128490017618132
1.2965,2.24906028170709e-13
1.296625,-0.128490017617814
1.29675,-0.181712325544963
1.296875,-0.12849001761809
1.297,-1.64890098107461e-13
1.297125,0.128490017617973
1.29725,0.181712325544963
1.297375,0.128490017618164
1.2975,1.04874168044213e-13
1.297625,-0.128490017617899
1.29775,-0.181712325544963
1.297875,-0.128490017618239
1.298,-4.48582379809654e-14
1.298125,0.128490017617941
1.29825,0.181712325544963
1.298375,0.128490017618079
1.2985,1.50108705247699e-13
1.298625,-0.128490017617867
1.29875,-0.181712325544963
1.298875,-0.128490017618154
1.299,-2.55359172514433e-13
1.299125,0.128490017618026
1.29925,0.181712325544963
1.299375,0.128490017618228
1.2995,3.00768451212031e-14
1.299625,-0.128490017617952
1.29975,-0.181712325544963
1.299875,-0.128490017618186
1.3,-1.35327312387937e-13
1.300125,0.128490017617878
1.30025,0.181712325544963
1.300375,0.128490017618026
1.3005,2.4057777965467e-13
1.300625,-0.128490017617803
1.30075,-0.181712325544963
1.300875,-0.128490017618101
1.301,-1.80561849591422e-13
1.301125,0.128490017617962
1.30125,0.181712325544963
1.301375,0.128490017618175
1.3015,-4.47204778018071e-14
1.301625,-0.128490017617888
1.30175,-0.181712325544963
1.301875,-0.12849001761825
1.302,-6.05299894649266e-14
1.302125,0.12849001761793
1.30225,0.181712325544963
1.302375,0.12849001761809
1.3025,1.6578045673166e-13
1.302625,-0.128490017617856
1.30275,-0.181712325544963
1.302875,-0.128490017618165
1.303,-2.71030923998394e-13
1.303125,0.128490017618015
1.30325,0.181712325544963
1.303375,0.128490017618122
1.3035,4.57485966051643e-14
1.303625,-0.128490017617941
1.30375,-0.181712325544963
1.303875,-0.128490017618197
1.304,-1.50999063871898e-13
1.304125,0.128490017617983
1.30425,0.181712325544963
1.304375,0.128490017618154
1.3045,9.098313380865e-14
1.304625,-0.128490017617792
1.30475,-0.181712325544963
1.304875,-0.128490017618112
1.305,-3.61499998405365e-13
1.305125,0.128490017618068
1.30525,0.181712325544963
1.305375,0.12849001761807
1.3055,-2.90487263178459e-14
1.305625,-0.128490017617877
1.30575,-0.181712325544963
1.305875,-0.128490017618261
1.306,-2.41468138278869e-13
1.306125,0.128490017617919
1.30625,0.181712325544963
1.306375,0.128490017617985
1.3065,1.81452208215621e-13
1.306625,-0.128490017617962
1.30675,-0.181712325544963
1.306875,-0.128490017618176
1.307,-1.21436278152373e-13
1.307125,0.128490017618004
1.30725,0.181712325544963
1.307375,0.128490017618134
1.3075,6.14203480891255e-14
1.307625,-0.128490017618047
1.30775,-0.181712325544963
1.307875,-0.128490017618325
1.308,-1.40441802587752e-15
1.308125,0.128490017617855
1.30825,0.181712325544963
1.308375,0.128490017618049
1.3085,2.71921282622593e-13
1.308625,-0.128490017617898
1.30875,-0.181712325544963
1.308875,-0.128490017618006
1.309,-2.11905352559345e-13
1.309125,0.12849001761794
1.30925,0.181712325544963
1.309375,0.128490017618197
1.3095,1.51889422496097e-13
1.309625,-0.128490017617983
1.30975,-0.181712325544963
1.309875,-0.128490017618155
1.31,-9.18734924328489e-14
1.310125,0.128490017617791
1.31025,0.181712325544963
1.310375,0.128490017618113
1.3105,3.1857562369601e-14
1.310625,-0.128490017617834
1.31075,-0.181712325544963
1.310875,-0.12849001761807
1.311,-3.02374426966316e-13
1.311125,0.128490017617876
1.31125,0.181712325544963
1.311375,0.128490017618261
1.3115,-8.8174297756895e-14
1.311625,-0.128490017617919
1.31175,-0.181712325544963
1.311875,-0.128490017618219
1.312,-1.8234256683982e-13
1.312125,0.128490017617961
1.31225,0.181712325544963
1.312375,0.128490017618177
1.3125,1.22326636776572e-13
1.312625,-0.12849001761777
1.31275,-0.181712325544963
1.312875,-0.128490017618134
1.313,-6.23107067133244e-14
1.313125,0.128490017618046
1.31325,0.181712325544963
1.313375,0.128490017618092
1.3135,3.3282757131004e-13
1.313625,-0.128490017617855
1.31375,-0.181712325544963
1.313875,-0.128490017618283
1.314,5.77211534131715e-14
1.314125,0.128490017617897
1.31425,0.181712325544963
1.314375,0.128490017618007
1.3145,2.12795711183544e-13
1.314625,-0.12849001761794
1.31475,-0.181712325544963
1.314875,-0.128490017618198
1.315,-1.52779781120296e-13
1.315125,0.128490017617982
1.31525,0.181712325544963
1.315375,0.128490017618156
1.3155,4.23296645717011e-13
1.315625,-0.128490017618025
1.31575,-0.181712325544963
1.315875,-0.128490017618113
1.316,-3.27479209937999e-14
1.316125,0.128490017617833
1.31625,0.181712325544963
1.316375,0.128490017618071
1.3165,3.03264785590515e-13
1.316625,-0.128490017617876
1.31675,-0.181712325544963
1.316875,-0.128490017618028
1.317,-2.43248855527267e-13
1.317125,0.128490017617918
1.31725,0.181712325544963
1.317375,0.12849001761822
1.3175,1.83232925464019e-13
1.317625,-0.128490017617961
1.31775,-0.181712325544963
1.317875,-0.128490017618177
1.318,-1.23216995400771e-13
1.318125,0.128490017618003
1.31825,0.181712325544963
1.318375,0.128490017618135
1.3185,6.32010653375233e-14
1.318625,-0.128490017617812
1.31875,-0.181712325544963
1.318875,-0.128490017618092
1.319,-3.33717929934239e-13
1.319125,0.128490017618088
1.31925,0.181712325544963
1.319375,0.12849001761805
1.3195,2.73701999870991e-13
1.319625,-0.128490017617897
1.31975,-0.181712325544963
1.319875,-0.128490017618241
1.32,-2.13686069807743e-13
1.320125,0.128490017617939
1.32025,0.181712325544963
1.320375,0.128490017617965
1.3205,1.53670139744495e-13
1.320625,-0.128490017617748
1.32075,-0.181712325544963
1.320875,-0.128490017618156
1.321,-9.36542096812468e-14
1.321125,0.128490017618024
1.32125,0.181712325544963
1.321375,0.128490017618114
1.3215,3.64171074277962e-13
1.321625,-0.128490017618066
1.32175,-0.181712325544963
1.321875,-0.128490017618305
1.322,2.63776504452491e-14
1.322125,0.128490017617875
1.32225,0.181712325544963
1.322375,0.128490017618029
1.3225,2.44139214151466e-13
1.322625,-0.128490017617917
1.32275,-0.181712325544963
1.322875,-0.12849001761822
1.323,-1.84123284088218e-13
1.323125,0.12849001761796
1.32325,0.181712325544963
1.323375,0.128490017618178
1.3235,1.2410735402497e-13
1.323625,-0.128490017618002
1.32375,-0.181712325544963
1.323875,-0.128490017618135
1.324,-6.40914239617223e-14
1.324125,0.128490017617811
1.32425,0.181712325544963
1.324375,0.128490017618093
1.3245,4.0754938984743e-15
1.324625,-0.128490017617853
1.32475,-0.181712325544963
1.324875,-0.128490017618051
1.325,-2.7459235849519e-13
1.325125,0.128490017617896
1.32525,0.181712325544963
1.325375,0.128490017618242
1.3255,2.14576428431942e-13
1.325625,-0.128490017617938
1.32575,-0.181712325544963
1.325875,-0.128490017618199
1.326,-1.54560498368694e-13
1.326125,0.128490017617981
1.32625,0.181712325544963
1.326375,0.128490017618157
1.3265,9.45445683054457e-14
1.326625,-0.128490017617789
1.32675,-0.181712325544963
1.326875,-0.128490017618114
1.327,-3.65061432902161e-13
1.327125,0.128490017618066
1.32725,0.181712325544963
1.327375,0.128490017618072
1.3275,3.05045502838913e-13
1.327625,-0.128490017617874
1.32775,-0.181712325544963
1.327875,-0.128490017618263
1.328,8.55032218842982e-14
1.328125,0.128490017617917
1.32825,0.181712325544963
1.328375,0.128490017617987
1.3285,1.85013642712417e-13
1.328625,-0.128490017617959
1.32875,-0.181712325544963
1.328875,-0.128490017618178
1.329,-1.24997712649169e-13
1.329125,0.128490017617768
1.32925,0.181712325544963
1.329375,0.128490017618136
1.3295,3.95514577245884e-13
1.329625,-0.128490017618044
1.32975,-0.181712325544963
1.329875,-0.128490017618094
1.33,-4.96585252267323e-15
1.330125,0.128490017617853
1.33025,0.181712325544963
1.330375,0.128490017618051
1.3305,2.75482717119389e-13
1.330625,-0.128490017617895
1.33075,-0.181712325544963
1.330875,-0.128490017618009
1.331,-2.15466787056141e-13
1.331125,0.128490017617938
1.33125,0.181712325544963
1.331375,0.1284900176182
1.3315,1.55450856992893e-13
1.331625,-0.12849001761798
1.33175,-0.181712325544963
1.331875,-0.128490017618158
1.332,-9.54349269296446e-14
1.332125,0.128490017618023
1.33225,0.181712325544963
1.332375,0.128490017618115
1.3325,3.54189968663967e-14
1.332625,-0.128490017617831
1.33275,-0.181712325544963
1.332875,-0.128490017618073
1.333,-3.05935861463112e-13
1.333125,0.128490017617874
1.33325,0.181712325544963
1.333375,0.128490017618264
1.3335,2.45919931399864e-13
1.333625,-0.128490017617916
1.33375,-0.181712325544963
1.333875,-0.128490017618222
1.334,-1.85904001336616e-13
1.334125,0.128490017617959
1.33425,0.181712325544963
1.334375,0.128490017617945
1.3345,1.25888071273368e-13
1.334625,-0.128490017617767
1.33475,-0.181712325544963
1.334875,-0.128490017618137
1.335,-6.58721412101201e-14
1.335125,0.12849001761781
1.33525,0.181712325544963
1.335375,0.128490017618094
1.3355,3.36389005806835e-13
1.335625,-0.128490017617852
1.33575,-0.181712325544963
1.335875,-0.128490017618286
1.336,5.41597189163758e-14
1.336125,0.128490017617895
1.33625,0.181712325544963
1.336375,0.128490017618009
1.3365,2.16357145680339e-13
1.336625,-0.128490017617937
1.33675,-0.181712325544963
1.336875,-0.128490017618201
1.337,-1.56341215617092e-13
1.337125,0.128490017617746
1.33725,0.181712325544963
1.337375,0.128490017618158
1.3375,9.63252855538436e-14
1.337625,-0.128490017618022
1.33775,-0.181712325544963
1.337875,-0.128490017618116
1.338,-3.63093554905956e-14
1.338125,0.128490017617831
1.33825,0.181712325544963
1.338375,0.128490017618073
1.3385,-2.37065745726524e-14
1.338625,-0.128490017617873
1.33875,-0.181712325544963
1.338875,-0.128490017618031
1.339,-2.46810290024063e-13
1.339125,0.128490017617916
1.33925,0.181712325544963
1.339375,0.128490017618222
1.3395,1.86794359960815e-13
1.339625,-0.128490017617958
1.33975,-0.181712325544963
1.339875,-0.12849001761818
1.34,-1.26778429897567e-13
1.340125,0.128490017618
1.34025,0.181712325544963
1.340375,0.128490017618137
1.3405,6.67624998343191e-14
1.340625,-0.128490017617809
1.34075,-0.181712325544963
1.340875,-0.128490017618095
1.341,-3.37279364431034e-13
1.341125,0.128490017617852
1.34125,0.181712325544963
1.341375,0.128490017618052
1.3415,2.77263434367786e-13
1.341625,-0.128490017617894
1.34175,-0.181712325544963
1.341875,-0.128490017618244
1.342,-2.17247504304538e-13
1.342125,0.128490017617936
1.34225,0.181712325544963
1.342375,0.128490017617968
1.3425,1.5723157424129e-13
1.342625,-0.128490017617979
1.34275,-0.181712325544963
1.342875,-0.128490017618159
1.343,-9.72156441780425e-14
1.343125,0.128490017617788
1.34325,0.181712325544963
1.343375,0.128490017618116
1.3435,3.67732508774758e-13
1.343625,-0.128490017618064
1.34375,-0.181712325544963
1.343875,-0.128490017618074
1.344,2.28162159484534e-14
1.344125,0.128490017617872
1.34425,0.181712325544963
1.344375,0.128490017618032
1.3445,2.47700648648262e-13
1.344625,-0.128490017617915
1.34475,-0.181712325544963
1.344875,-0.128490017617989
1.345,-1.87684718585014e-13
1.345125,0.128490017617724
1.34525,0.181712325544963
1.345375,0.12849001761818
1.3455,1.27668788521766e-13
1.345625,-0.128490017618
1.34575,-0.181712325544963
1.345875,-0.128490017618138
1.346,-6.7652858458518e-14
1.346125,0.128490017617809
1.34625,0.181712325544963
1.346375,0.128490017618095
1.3465,7.63692839527001e-15
1.346625,-0.128490017617851
1.34675,-0.181712325544963
1.346875,-0.128490017618053
1.347,-2.78153792991985e-13
1.347125,0.128490017617893
1.34725,0.181712325544963
1.347375,0.128490017618244
1.3475,2.18137862928737e-13
1.347625,-0.128490017617936
1.34775,-0.181712325544963
1.347875,-0.128490017618202
1.348,-1.58121932865489e-13
1.348125,0.128490017617978
1.34825,0.181712325544963
1.348375,0.128490017618159
1.3485,9.81060028022414e-14
1.348625,-0.128490017617787
1.34875,-0.181712325544963
1.348875,-0.128490017618117
1.349,-3.80900727389935e-14
1.349125,0.128490017617829
1.34925,0.181712325544963
1.349375,0.128490017618075
1.3495,3.08606937335709e-13
1.349625,-0.128490017617872
1.34975,-0.181712325544963
1.349875,-0.128490017618266
1.35,8.19417873875025e-14
1.350125,0.128490017617914
1.35025,0.181712325544963
1.350375,0.12849001761799
1.3505,1.88575077209213e-13
1.350625,-0.128490017617957
1.35075,-0.181712325544963
1.350875,-0.128490017618181
1.351,-1.28559147145965e-13
1.351125,0.128490017617765
1.35125,0.181712325544963
1.351375,0.128490017618139
1.3515,3.9907601174268e-13
1.351625,-0.128490017618042
1.35175,-0.181712325544963
1.351875,-0.128490017618096
1.352,-8.52728701946894e-15
1.352125,0.12849001761785
1.35225,0.181712325544963
1.352375,0.128490017618054
1.3525,2.79044151616184e-13
1.352625,-0.128490017617893
1.35275,-0.181712325544963
1.352875,-0.128490017618011
1.353,-2.19028221552936e-13
1.353125,0.128490017617935
1.35325,0.181712325544963
1.353375,0.128490017618203
1.3535,1.59012291489688e-13
1.353625,-0.128490017617978
1.35375,-0.181712325544963
1.353875,-0.12849001761816
1.354,-9.89963614264404e-14
1.354125,0.12849001761802
1.35425,0.181712325544963
1.354375,0.128490017618118
1.3545,3.89804313631924e-14
1.354625,-0.128490017617829
1.35475,-0.181712325544963
1.354875,-0.128490017618075
1.355,-3.09497295959908e-13
1.355125,0.128490017617871
1.35525,0.181712325544963
1.355375,0.128490017618033
1.3555,2.4948136589666e-13
1.355625,-0.128490017617914
1.35575,-0.181712325544963
1.355875,-0.128490017618224
1.356,-1.89465435833412e-13
1.356125,0.128490017617956
1.35625,0.181712325544963
1.356375,0.128490017617948
1.3565,1.29449505770164e-13
1.356625,-0.128490017617999
1.35675,-0.181712325544963
1.356875,-0.128490017618139
1.357,-6.94335757069158e-14
1.357125,0.128490017617807
1.35725,0.181712325544963
1.357375,0.128490017618097
1.3575,3.39950440303631e-13
1.357625,-0.128490017618083
1.35775,-0.181712325544963
1.357875,-0.128490017618288
1.358,5.05982844195801e-14
1.358125,0.128490017617892
1.35825,0.181712325544963
1.358375,0.128490017618012
1.3585,2.19918580177135e-13
1.358625,-0.128490017617935
1.35875,-0.181712325544963
1.358875,-0.128490017618203
1.359,-1.59902650113887e-13
1.359125,0.128490017617743
1.35925,0.181712325544963
1.359375,0.128490017618161
1.3595,9.98867200506393e-14
1.359625,-0.128490017618019
1.35975,-0.181712325544963
1.359875,-0.128490017618118
1.36,-3.98707899873913e-14
1.360125,0.128490017617828
1.36025,0.181712325544963
1.360375,0.12849001761831
1.3605,-2.01451400758566e-14
1.360625,-0.128490017617871
1.36075,-0.181712325544963
1.360875,-0.128490017618033
1.361,-2.50371724520859e-13
1.361125,0.128490017617913
1.36125,0.181712325544963
1.361375,0.128490017618225
1.3615,1.90355794457611e-13
1.361625,-0.128490017617955
1.36175,-0.181712325544963
1.361875,-0.128490017618182
1.362,-1.30339864394363e-13
1.362125,0.128490017617998
1.36225,0.181712325544963
1.362375,0.12849001761814
1.3625,7.03239343311148e-14
1.362625,-0.128490017617807
1.36275,-0.181712325544963
1.362875,-0.128490017618097
1.363,-1.03080042678668e-14
1.363125,0.128490017617849
1.36325,0.181712325544963
1.363375,0.128490017618055
1.3635,2.80824868864582e-13
1.363625,-0.128490017617891
1.36375,-0.181712325544963
1.363875,-0.128490017618246
1.364,1.09723855858629e-13
1.364125,0.128490017617934
1.36425,0.181712325544963
1.364375,0.128490017618204
1.3645,1.60793008738086e-13
1.364625,-0.128490017617976
1.36475,-0.181712325544963
1.364875,-0.128490017618161
1.365,-1.00777078674838e-13
1.365125,0.128490017617785
1.36525,0.181712325544963
1.365375,0.128490017618119
1.3655,3.71293943271553e-13
1.365625,-0.128490017618061
1.36575,-0.181712325544963
1.365875,-0.128490017618076
1.366,1.92547814516577e-14
1.366125,0.12849001761787
1.36625,0.181712325544963
1.366375,0.128490017618268
1.3665,2.51262083145058e-13
1.366625,-0.128490017617912
1.36675,-0.181712325544963
1.366875,-0.128490017617992
1.367,-1.9124615308181e-13
1.367125,0.128490017617955
1.36725,0.181712325544963
1.367375,0.128490017618183
1.3675,1.31230223018562e-13
1.367625,-0.128490017617997
1.36775,-0.181712325544963
1.367875,-0.12849001761814
1.368,-7.12142929553137e-14
1.368125,0.12849001761804
1.36825,0.181712325544963
1.368375,0.128490017618332
1.3685,1.11983628920657e-14
1.368625,-0.128490017617848
1.36875,-0.181712325544963
1.368875,-0.128490017618056
1.369,-2.81715227488781e-13
1.369125,0.128490017617891
1.36925,0.181712325544963
1.369375,0.128490017618013
1.3695,2.21699297425533e-13
1.369625,-0.128490017617933
1.36975,-0.181712325544963
1.369875,-0.128490017618204
1.37,-1.61683367362285e-13
1.370125,0.128490017617976
1.37025,0.181712325544963
1.370375,0.128490017618162
1.3705,1.01667437299037e-13
1.370625,-0.128490017617784
1.37075,-0.181712325544963
1.370875,-0.12849001761812
1.371,-4.16515072357892e-14
1.371125,0.128490017617827
1.37125,0.181712325544963
1.371375,0.128490017618077
1.3715,3.12168371832504e-13
1.371625,-0.128490017617869
1.37175,-0.181712325544963
1.371875,-0.128490017618268
1.372,7.83803528907068e-14
1.372125,0.128490017617912
1.37225,0.181712325544963
1.372375,0.128490017618226
1.3725,1.92136511706009e-13
1.372625,-0.128490017617954
1.37275,-0.181712325544963
1.372875,-0.128490017618184
1.373,-1.32120581642761e-13
1.373125,0.128490017617763
1.37325,0.181712325544963
1.373375,0.128490017618141
1.3735,7.21046515795126e-14
1.373625,-0.128490017618039
1.37375,-0.181712325544963
1.373875,-0.128490017618099
1.374,-1.20887215162647e-14
1.374125,0.128490017617848
1.37425,0.181712325544963
1.374375,0.12849001761829
1.3745,-4.79272085469833e-14
1.374625,-0.12849001761789
1.37475,-0.181712325544963
1.374875,-0.128490017618014
1.375,-2.22589656049732e-13
1.375125,0.128490017617933
1.37525,0.181712325544963
1.375375,0.128490017618205
1.3755,1.62573725986484e-13
1.375625,-0.128490017617975
1.37575,-0.181712325544963
1.375875,-0.128490017618163
1.376,-4.33090590583199e-13
1.376125,0.128490017618018
1.37625,0.181712325544963
1.376375,0.12849001761812
1.3765,4.25418658599881e-14
1.376625,-0.128490017617826
1.37675,-0.181712325544963
1.376875,-0.128490017618078
1.377,-3.13058730456703e-13
1.377125,0.128490017617869
1.37725,0.181712325544963
1.377375,0.128490017618035
1.3775,2.53042800393455e-13
1.377625,-0.128490017617911
1.37775,-0.181712325544963
1.377875,-0.128490017618227
1.378,-1.93026870330207e-13
1.378125,0.128490017617954
1.37825,0.181712325544963
1.378375,0.128490017618184
1.3785,1.3301094026696e-13
1.378625,-0.128490017617996
1.37875,-0.181712325544963
1.378875,-0.128490017618142
1.379,-7.29950102037115e-14
1.379125,0.128490017617805
1.37925,0.181712325544963
1.379375,0.128490017618099
1.3795,3.43511874800427e-13
1.379625,-0.128490017618081
1.37975,-0.181712325544963
1.379875,-0.128490017618057
1.38,-2.83495944737179e-13
1.380125,0.12849001761789
1.38025,0.181712325544963
1.380375,0.128490017618248
1.3805,2.23480014673931e-13
1.380625,-0.128490017617932
1.38075,-0.181712325544963
1.380875,-0.128490017617972
1.381,-1.63464084610683e-13
1.381125,0.128490017617741
1.38125,0.181712325544963
1.381375,0.128490017618163
1.3815,1.03448154547435e-13
1.381625,-0.128490017618017
1.38175,-0.181712325544963
1.381875,-0.128490017618121
1.382,-3.7396501914415e-13
1.382125,0.128490017618059
1.38225,0.181712325544963
1.382375,0.128490017618312
1.3825,-1.65837055790609e-14
1.382625,-0.128490017617868
1.38275,-0.181712325544963
1.382875,-0.128490017618036
1.383,-2.53933159017654e-13
1.383125,0.128490017617911
1.38325,0.181712325544963
1.383375,0.128490017618227
1.3835,1.93917228954406e-13
1.383625,-0.128490017617953
1.38375,-0.181712325544963
1.383875,-0.128490017618185
1.384,-1.33901298891158e-13
1.384125,0.128490017617995
1.38425,0.181712325544963
1.384375,0.128490017618142
1.3845,7.38853688279105e-14
1.384625,-0.128490017617804
1.38475,-0.181712325544963
1.384875,-0.1284900176181
1.385,-1.38694387646625e-14
1.385125,0.128490017617847
1.38525,0.181712325544963
1.385375,0.128490017618057
1.3855,2.84386303361378e-13
1.385625,-0.128490017617889
1.38575,-0.181712325544963
1.385875,-0.128490017618249
1.386,-2.2437037329813e-13
1.386125,0.128490017617931
1.38625,0.181712325544963
1.386375,0.128490017618206
1.3865,1.64354443234882e-13
1.386625,-0.128490017617974
1.38675,-0.181712325544963
1.386875,-0.128490017618164
1.387,-1.04338513171634e-13
1.387125,0.128490017617783
1.38725,0.181712325544963
1.387375,0.128490017618121
1.3875,3.74855377768349e-13
1.387625,-0.128490017618059
1.38775,-0.181712325544963
1.387875,-0.128490017618079
1.388,-3.14839447705101e-13
1.388125,0.128490017617867
1.38825,0.181712325544963
1.388375,0.12849001761827
1.3885,-7.570927701811e-14
1.388625,-0.12849001761791
1.38875,-0.181712325544963
1.388875,-0.128490017617994
1.389,-1.94807587578605e-13
1.389125,0.128490017617952
1.38925,0.181712325544963
1.389375,0.128490017618185
1.3895,1.34791657515357e-13
1.389625,-0.128490017617995
1.38975,-0.181712325544963
1.389875,-0.128490017618143
1.39,-4.05308522112073e-13
1.390125,0.128490017618037
1.39025,0.181712325544963
1.390375,0.1284900176181
1.3905,1.47597973888614e-14
1.390625,-0.128490017617846
1.39075,-0.181712325544963
1.390875,-0.128490017618058
1.391,-2.85276661985577e-13
1.391125,0.128490017617888
1.39125,0.181712325544963
1.391375,0.128490017618016
1.3915,2.25260731922329e-13
1.391625,-0.128490017617931
1.39175,-0.181712325544963
1.391875,-0.128490017618207
1.392,-1.65244801859081e-13
1.392125,0.128490017617973
1.39225,0.181712325544963
1.392375,0.128490017618164
1.3925,1.05228871795833e-13
1.392625,-0.128490017618016
1.39275,-0.181712325544963
1.392875,-0.128490017618122
1.393,-4.52129417325849e-14
1.393125,0.128490017617824
1.39325,0.181712325544963
1.393375,0.12849001761808
1.3935,3.157298063293e-13
1.393625,-0.128490017617867
1.39375,-0.181712325544963
1.393875,-0.128490017618271
1.394,-2.55713876266052e-13
1.394125,0.128490017617909
1.39425,0.181712325544963
1.394375,0.128490017618228
1.3945,1.95697946202804e-13
1.394625,-0.128490017617952
1.39475,-0.181712325544963
1.394875,-0.128490017617952
1.395,-1.35682016139556e-13
1.395125,0.12849001761776
1.39525,0.181712325544963
1.395375,0.128490017618144
1.3955,7.56660860763083e-14
1.395625,-0.128490017617803
1.39575,-0.181712325544963
1.395875,-0.128490017618101
1.396,-3.46182950673024e-13
1.396125,0.128490017617845
1.39625,0.181712325544963
1.396375,0.128490017618292
1.3965,-4.43657740501876e-14
1.396625,-0.128490017617888
1.39675,-0.181712325544963
1.396875,-0.128490017618016
1.397,-2.26151090546528e-13
1.397125,0.12849001761793
1.39725,0.181712325544963
1.397375,0.128490017618208
1.3975,1.6613516048328e-13
1.397625,-0.128490017617739
1.39775,-0.181712325544963
1.397875,-0.128490017618165
1.398,-1.06119230420032e-13
1.398125,0.128490017618015
1.39825,0.181712325544963
1.398375,0.128490017618123
1.3985,4.61033003567838e-14
1.398625,-0.128490017617824
1.39875,-0.181712325544963
1.398875,-0.12849001761808
1.399,1.39126297064641e-14
1.399125,0.128490017617866
1.39925,0.181712325544963
1.399375,0.128490017618038
1.3995,2.56604234890251e-13
1.399625,-0.128490017617909
1.39975,-0.181712325544963
1.399875,-0.128490017618229
1.4,-1.96588304827003e-13
1.400125,0.128490017617951
1.40025,0.181712325544963
1.400375,0.128490017618187
1.4005,1.36572374763755e-13
1.400625,-0.128490017617994
1.40075,-0.181712325544963
1.400875,-0.128490017618144
1.401,-7.65564447005072e-14
1.401125,0.128490017617802
1.40125,0.181712325544963
1.401375,0.128490017618102
1.4015,3.47073309297223e-13
1.401625,-0.128490017617845
1.40175,-0.181712325544963
1.401875,-0.128490017618059
1.402,-2.87057379233975e-13
1.402125,0.128490017617887
1.40225,0.181712325544963
1.402375,0.128490017618251
1.4025,2.27041449170727e-13
1.402625,-0.12849001761793
1.40275,-0.181712325544963
1.402875,-0.128490017617974
1.403,-1.67025519107479e-13
1.403125,0.128490017617972
1.40325,0.181712325544963
1.403375,0.128490017618166
1.4035,1.07009589044231e-13
1.403625,-0.128490017617781
1.40375,-0.181712325544963
1.403875,-0.128490017618123
1.404,-3.77526453640946e-13
1.404125,0.128490017618057
1.40425,0.181712325544963
1.404375,0.128490017618081
1.4045,-1.30222710822652e-14
1.404625,-0.128490017617866
1.40475,-0.181712325544963
1.404875,-0.128490017618038
1.405,-2.5749459351445e-13
1.405125,0.128490017617908
1.40525,0.181712325544963
1.405375,0.128490017617996
1.4055,1.97478663451202e-13
1.405625,-0.128490017617717
1.40575,-0.181712325544963
1.405875,-0.128490017618187
1.406,-1.37462733387954e-13
1.406125,0.128490017617993
1.40625,0.181712325544963
1.406375,0.128490017618145
1.4065,7.74468033247062e-14
1.406625,-0.128490017617802
1.40675,-0.181712325544963
1.406875,-0.128490017618102
1.407,-1.74308732614582e-14
1.407125,0.128490017617844
1.40725,0.181712325544963
1.407375,0.12849001761806
1.4075,2.87947737858174e-13
1.407625,-0.128490017617886
1.40775,-0.181712325544963
1.407875,-0.128490017618251
1.408,-2.27931807794926e-13
1.408125,0.128490017617929
1.40825,0.181712325544963
1.408375,0.128490017618209
1.4085,1.67915877731678e-13
1.408625,-0.128490017617971
1.40875,-0.181712325544963
1.408875,-0.128490017618166
1.409,-1.0789994766843e-13
1.409125,0.12849001761778
1.40925,0.181712325544963
1.409375,0.128490017618124
1.4095,4.78840176051817e-14
1.409625,-0.128490017617822
1.40975,-0.181712325544963
1.409875,-0.128490017618082
1.41,-3.18400882201897e-13
1.410125,0.128490017617865
1.41025,0.181712325544963
1.410375,0.128490017618273
1.4105,-7.21478425213143e-14
1.410625,-0.128490017617907
1.41075,-0.181712325544963
1.410875,-0.128490017617997
1.411,-1.98369022075401e-13
1.411125,0.12849001761795
1.41125,0.181712325544963
1.411375,0.128490017618188
1.4115,1.38353092012153e-13
1.411625,-0.128490017617759
1.41175,-0.181712325544963
1.411875,-0.128490017618145
1.412,-4.08869956608868e-13
1.412125,0.128490017618035
1.41225,0.181712325544963
1.412375,0.128490017618103
1.4125,1.83212318856571e-14
1.412625,-0.128490017617843
1.41275,-0.181712325544963
1.412875,-0.128490017618061
1.413,-2.88838096482372e-13
1.413125,0.128490017617886
1.41325,0.181712325544963
1.413375,0.128490017618018
1.4135,2.28822166419124e-13
1.413625,-0.128490017617928
1.41375,-0.181712325544963
1.413875,-0.128490017618209
1.414,-1.68806236355877e-13
1.414125,0.128490017617971
1.41425,0.181712325544963
1.414375,0.128490017618167
1.4145,1.08790306292629e-13
1.414625,-0.128490017618013
1.41475,-0.181712325544963
1.414875,-0.128490017618125
1.415,-4.87743762293806e-14
1.415125,0.128490017617822
1.41525,0.181712325544963
1.415375,0.128490017618082
1.4155,3.19291240826096e-13
1.415625,-0.128490017617864
1.41575,-0.181712325544963
1.415875,-0.12849001761804
1.416,-2.59275310762848e-13
1.416125,0.128490017617907
1.41625,0.181712325544963
1.416375,0.128490017618231
1.4165,1.992593806996e-13
1.416625,-0.128490017617949
1.41675,-0.181712325544963
1.416875,-0.128490017617955
1.417,-1.39243450636352e-13
1.417125,0.128490017617992
1.41725,0.181712325544963
1.417375,0.128490017618146
1.4175,7.9227520573104e-14
1.417625,-0.1284900176178
1.41775,-0.181712325544963
1.417875,-0.128490017618104
1.418,-3.49744385169819e-13
1.418125,0.128490017618077
1.41825,0.181712325544963
1.418375,0.128490017618295
1.4185,-4.08043395533919e-14
1.418625,-0.128490017617885
1.41875,-0.181712325544963
1.418875,-0.128490017618019
1.419,-2.29712525043323e-13
1.419125,0.128490017617928
1.41925,0.181712325544963
1.419375,0.12849001761821
1.4195,1.69696594980075e-13
1.419625,-0.128490017617736
1.41975,-0.181712325544963
1.419875,-0.128490017618168
1.42,-1.09680664916827e-13
1.420125,0.128490017618013
1.42025,0.181712325544963
1.420375,0.128490017618125
1.4205,4.96647348535795e-14
1.420625,-0.128490017617821
1.42075,-0.181712325544963
1.420875,-0.128490017618083
1.421,1.03511952096684e-14
1.421125,0.128490017617864
1.42125,0.181712325544963
1.421375,0.12849001761804
1.4215,2.60165669387047e-13
1.421625,-0.128490017617906
1.42175,-0.181712325544963
1.421875,-0.128490017618232
1.422,-2.00149739323799e-13
1.422125,0.128490017617949
1.42225,0.181712325544963
1.422375,0.128490017618189
1.4225,1.40133809260551e-13
1.422625,-0.128490017617991
1.42275,-0.181712325544963
1.422875,-0.128490017618147
1.423,-8.0117879197303e-14
1.423125,0.1284900176178
1.42325,0.181712325544963
1.423375,0.128490017618104
1.4235,2.0101949134055e-14
1.423625,-0.128490017617842
1.42375,-0.181712325544963
1.423875,-0.128490017618062
1.424,-2.9061881373077e-13
1.424125,0.128490017617885
1.42425,0.181712325544963
1.424375,0.128490017618253
1.4245,-9.99299109924409e-14
1.424625,-0.128490017617927
1.42475,-0.181712325544963
1.424875,-0.128490017618211
1.425,-1.70586953604274e-13
1.425125,0.128490017617969
1.42525,0.181712325544963
1.425375,0.128490017618168
1.4255,1.10571023541026e-13
1.425625,-0.128490017617778
1.42575,-0.181712325544963
1.425875,-0.128490017618126
1.426,-3.81087888137742e-13
1.426125,0.128490017618054
1.42625,0.181712325544963
1.426375,0.128490017618083
1.4265,-9.46083658546951e-15
1.426625,-0.128490017617863
1.42675,-0.181712325544963
1.426875,-0.128490017618275
1.427,-2.61056028011246e-13
1.427125,0.128490017617905
1.42725,0.181712325544963
1.427375,0.128490017617999
1.4275,2.01040097947998e-13
1.427625,-0.128490017617948
1.42775,-0.181712325544963
1.427875,-0.12849001761819
1.428,-1.4102416788475e-13
1.428125,0.12849001761799
1.42825,0.181712325544963
1.428375,0.128490017618147
1.4285,8.10082378215019e-14
1.428625,-0.128490017618033
1.42875,-0.181712325544963
1.428875,-0.128490017618339
1.429,-2.09923077582539e-14
1.429125,0.128490017617842
1.42925,0.181712325544963
1.429375,0.128490017618062
1.4295,2.91509172354969e-13
1.429625,-0.128490017617884
1.42975,-0.181712325544963
1.429875,-0.12849001761802
1.43,-2.31493242291721e-13
1.430125,0.128490017617926
1.43025,0.181712325544963
1.430375,0.128490017618211
1.4305,1.71477312228473e-13
1.430625,-0.128490017617969
1.43075,-0.181712325544963
1.430875,-0.128490017618169
1.431,-1.11461382165225e-13
1.431125,0.128490017617778
1.43125,0.181712325544963
1.431375,0.128490017618126
1.4315,5.14454521019774e-14
1.431625,-0.12849001761782
1.43175,-0.181712325544963
1.431875,-0.128490017618084
1.432,-3.21962316698693e-13
1.432125,0.128490017617862
1.43225,0.181712325544963
1.432375,0.128490017618275
1.4325,-6.85864080245185e-14
1.432625,-0.128490017617905
1.43275,-0.181712325544963
1.432875,-0.128490017618233
1.433,-2.01930456572197e-13
1.433125,0.128490017617947
1.43325,0.181712325544963
1.433375,0.12849001761819
1.4335,1.41914526508949e-13
1.433625,-0.128490017617756
1.43375,-0.181712325544963
1.433875,-0.128490017618148
1.434,-8.18985964457008e-14
1.434125,0.128490017618032
1.43425,0.181712325544963
1.434375,0.128490017618106
1.4345,2.18826663824529e-14
1.434625,-0.128490017617841
1.43475,-0.181712325544963
1.434875,-0.128490017618297
1.435,3.81332636807951e-14
1.435125,0.128490017617883
1.43525,0.181712325544963
1.435375,0.128490017618021
1.4355,2.3238360091592e-13
1.435625,-0.128490017617926
1.43575,-0.181712325544963
1.435875,-0.128490017618212
1.436,-1.72367670852672e-13
1.436125,0.128490017617968
1.43625,0.181712325544963
1.436375,0.12849001761817
1.4365,1.12351740789424e-13
1.436625,-0.128490017618011
1.43675,-0.181712325544963
1.436875,-0.128490017618127
1.437,-5.23358107261763e-14
1.437125,0.128490017617819
1.43725,0.181712325544963
1.437375,0.128490017618085
1.4375,3.22852675322892e-13
1.437625,-0.128490017617862
1.43775,-0.181712325544963
1.437875,-0.128490017618042
1.438,-2.62836745259644e-13
1.438125,0.128490017617904
1.43825,0.181712325544963
1.438375,0.128490017618234
1.4385,2.02820815196396e-13
1.438625,-0.128490017617947
1.43875,-0.181712325544963
1.438875,-0.128490017618191
1.439,-1.42804885133148e-13
1.439125,0.128490017617989
1.43925,0.181712325544963
1.439375,0.128490017618149
1.4395,8.27889550698998e-14
1.439625,-0.128490017617798
1.43975,-0.181712325544963
1.439875,-0.128490017618106
1.44,-3.53305819666615e-13
1.440125,0.128490017618074
1.44025,0.181712325544963
1.440375,0.128490017618064
1.4405,2.93289889603367e-13
1.440625,-0.128490017617883
1.44075,-0.181712325544963
1.440875,-0.128490017618255
1.441,-2.33273959540119e-13
1.441125,0.128490017617925
1.44125,0.181712325544963
1.441375,0.128490017617979
1.4415,1.73258029476871e-13
1.441625,-0.128490017617734
1.44175,-0.181712325544963
1.441875,-0.12849001761817
1.442,-1.13242099413623e-13
1.442125,0.12849001761801
1.44225,0.181712325544963
1.442375,0.128490017618128
1.4425,3.83758964010338e-13
1.442625,-0.128490017618052
1.44275,-0.181712325544963
1.442875,-0.128490017618319
1.443,6.78976071287273e-15
1.443125,0.128490017617861
1.44325,0.181712325544963
1.443375,0.128490017618043
1.4435,2.63727103883843e-13
1.443625,-0.128490017617904
1.44375,-0.181712325544963
1.443875,-0.128490017618234
1.444,-2.03711173820595e-13
1.444125,0.128490017617946
1.44425,0.181712325544963
1.444375,0.128490017618192
1.4445,1.43695243757347e-13
1.444625,-0.128490017617988
1.44475,-0.181712325544963
1.444875,-0.128490017618149
1.445,-8.36793136940987e-14
1.445125,0.128490017617797
1.44525,0.181712325544963
1.445375,0.128490017618107
1.4455,2.36633836308507e-14
1.445625,-0.12849001761784
1.44575,-0.181712325544963
1.445875,-0.128490017618064
1.446,-2.94180248227566e-13
1.446125,0.128490017617882
1.44625,0.181712325544963
1.446375,0.128490017618256
1.4465,2.34164318164318e-13
1.446625,-0.128490017617925
1.44675,-0.181712325544963
1.446875,-0.128490017618213
1.447,-1.7414838810107e-13
1.447125,0.128490017617967
1.44725,0.181712325544963
1.447375,0.128490017618171
1.4475,1.14132458037822e-13
1.447625,-0.128490017617776
1.44775,-0.181712325544963
1.447875,-0.128490017618128
1.448,-3.84649322634537e-13
1.448125,0.128490017618052
1.44825,0.181712325544963
1.448375,0.128490017618086
1.4485,3.24633392571289e-13
1.448625,-0.128490017617861
1.44875,-0.181712325544963
1.448875,-0.128490017618277
1.449,6.59153321519218e-14
1.449125,0.128490017617903
1.44925,0.181712325544963
1.449375,0.128490017618001
1.4495,2.04601532444794e-13
1.449625,-0.128490017617945
1.44975,-0.181712325544963
1.449875,-0.128490017618192
1.45,-1.44585602381546e-13
1.450125,0.128490017617988
1.45025,0.181712325544963
1.450375,0.12849001761815
1.4505,4.15102466978261e-13
1.450625,-0.12849001761803
1.45075,-0.181712325544963
1.450875,-0.128490017618107
1.451,-2.45537422550496e-14
1.451125,0.128490017617839
1.45125,0.181712325544963
1.451375,0.128490017618065
1.4515,2.95070606851765e-13
1.451625,-0.128490017617881
1.45175,-0.181712325544963
1.451875,-0.128490017618023
1.452,-2.35054676788517e-13
1.452125,0.128490017617924
1.45225,0.181712325544963
1.452375,0.128490017618214
1.4525,1.75038746725269e-13
1.452625,-0.128490017617966
1.45275,-0.181712325544963
1.452875,-0.128490017618171
1.453,-1.15022816662021e-13
1.453125,0.128490017618009
1.45325,0.181712325544963
1.453375,0.128490017618129
1.4535,5.50068865987731e-14
1.453625,-0.128490017617817
1.45375,-0.181712325544963
1.453875,-0.128490017618087
1.454,-3.25523751195488e-13
1.454125,0.12849001761786
1.45425,0.181712325544963
1.454375,0.128490017618278
1.4545,2.6550782113224e-13
1.454625,-0.128490017617902
1.45475,-0.181712325544963
1.454875,-0.128490017618235
1.455,-2.05491891068992e-13
1.455125,0.128490017617945
1.45525,0.181712325544963
1.455375,0.128490017617959
1.4555,1.45475961005744e-13
1.455625,-0.128490017617753
1.45575,-0.181712325544963
1.455875,-0.128490017618151
1.456,-8.54600309424965e-14
1.456125,0.128490017617796
1.45625,0.181712325544963
1.456375,0.128490017618108
1.4565,3.55976895539212e-13
1.456625,-0.128490017617838
1.45675,-0.181712325544963
1.456875,-0.128490017618299
1.457,3.45718291839994e-14
1.457125,0.128490017617881
1.45725,0.181712325544963
1.457375,0.128490017618023
1.4575,2.35945035412716e-13
1.457625,-0.128490017617923
1.45775,-0.181712325544963
1.457875,-0.128490017618214
1.458,-1.75929105349468e-13
1.458125,0.128490017617732
1.45825,0.181712325544963
1.458375,0.128490017618172
1.4585,1.1591317528622e-13
1.458625,-0.128490017618008
1.45875,-0.181712325544963
1.458875,-0.12849001761813
1.459,-5.5897245222972e-14
1.459125,0.128490017617817
1.45925,0.181712325544963
1.459375,0.128490017618087
1.4595,-4.11868484027594e-15
1.459625,-0.128490017617859
1.45975,-0.181712325544963
1.459875,-0.128490017618045
1.46,-2.66398179756439e-13
1.460125,0.128490017617902
1.46025,0.181712325544963
1.460375,0.128490017618236
1.4605,2.06382249693191e-13
1.460625,-0.128490017617944
1.46075,-0.181712325544963
1.460875,-0.128490017618194
1.461,-1.46366319629943e-13
1.461125,0.128490017617987
1.46125,0.181712325544963
1.461375,0.128490017618151
1.4615,8.63503895666955e-14
1.461625,-0.128490017617795
1.46175,-0.181712325544963
1.461875,-0.128490017618109
1.462,-3.56867254163411e-13
1.462125,0.128490017617838
1.46225,0.181712325544963
1.462375,0.128490017618066
1.4625,2.96851324100163e-13
1.462625,-0.12849001761788
1.46275,-0.181712325544963
1.462875,-0.128490017618258
1.463,-2.36835394036915e-13
1.463125,0.128490017617923
1.46325,0.181712325544963
1.463375,0.128490017617981
1.4635,1.76819463973667e-13
1.463625,-0.128490017617965
1.46375,-0.181712325544963
1.463875,-0.128490017618173
1.464,-1.16803533910419e-13
1.464125,0.128490017617774
1.46425,0.181712325544963
1.464375,0.12849001761813
1.4645,3.87320398507134e-13
1.464625,-0.12849001761805
1.46475,-0.181712325544963
1.464875,-0.128490017618088
1.465,3.22832621607702e-15
1.465125,0.128490017617859
1.46525,0.181712325544963
1.465375,0.128490017618045
1.4655,2.67288538380638e-13
1.465625,-0.128490017617901
1.46575,-0.181712325544963
1.465875,-0.128490017618003
1.466,-2.0727260831739e-13
1.466125,0.12849001761771
1.46625,0.181712325544963
1.466375,0.128490017618194
1.4665,1.47256678254142e-13
1.466625,-0.128490017617986
1.46675,-0.181712325544963
1.466875,-0.128490017618152
1.467,-8.72407481908944e-14
1.467125,0.128490017617795
1.46725,0.181712325544963
1.467375,0.128490017618109
1.4675,2.72248181276464e-14
1.467625,-0.128490017617837
1.46775,-0.181712325544963
1.467875,-0.128490017618067
1.468,-2.97741682724362e-13
1.468125,0.12849001761788
1.46825,0.181712325544963
1.468375,0.128490017618258
1.4685,2.37725752661114e-13
1.468625,-0.128490017617922
1.46875,-0.181712325544963
1.468875,-0.128490017618216
1.469,-1.77709822597866e-13
1.469125,0.128490017617964
1.46925,0.181712325544963
1.469375,0.128490017618173
1.4695,1.17693892534618e-13
1.469625,-0.128490017617773
1.46975,-0.181712325544963
1.469875,-0.128490017618131
1.47,-5.76779624713699e-14
1.470125,0.128490017617816
1.47025,0.181712325544963
1.470375,0.128490017618088
1.4705,3.28194827068085e-13
1.470625,-0.128490017617858
1.47075,-0.181712325544963
1.470875,-0.12849001761828
1.471,6.23538976551261e-14
1.471125,0.1284900176179
1.47125,0.181712325544963
1.471375,0.128490017618004
1.4715,2.08162966941589e-13
1.471625,-0.128490017617943
1.47175,-0.181712325544963
1.471875,-0.128490017618195
1.472,-1.48147036878341e-13
1.472125,0.128490017617752
1.47225,0.181712325544963
1.472375,0.128490017618152
1.4725,4.18663901475057e-13
1.472625,-0.128490017618028
1.47275,-0.181712325544963
1.472875,-0.12849001761811
1.473,-2.81151767518454e-14
1.473125,0.128490017617836
1.47325,0.181712325544963
1.473375,0.128490017618068
1.4735,2.98632041348561e-13
1.473625,-0.128490017617879
1.47375,-0.181712325544963
1.473875,-0.128490017618025
1.474,-2.38616111285313e-13
1.474125,0.128490017617921
1.47425,0.181712325544963
1.474375,0.128490017618216
1.4745,1.78600181222065e-13
1.474625,-0.128490017617964
1.47475,-0.181712325544963
1.474875,-0.128490017618174
1.475,-1.18584251158817e-13
1.475125,0.128490017618006
1.47525,0.181712325544963
1.475375,0.128490017618132
1.4755,5.85683210955688e-14
1.475625,-0.128490017617815
1.47575,-0.181712325544963
1.475875,-0.128490017618089
1.476,-3.29085185692284e-13
1.476125,0.128490017617857
1.47625,0.181712325544963
1.476375,0.128490017618047
1.4765,2.69069255629036e-13
1.476625,-0.1284900176179
1.47675,-0.181712325544963
1.476875,-0.128490017618238
1.477,-2.09053325565788e-13
1.477125,0.128490017617942
1.47725,0.181712325544963
1.477375,0.128490017617962
1.4775,1.4903739550254e-13
1.477625,-0.128490017617985
1.47775,-0.181712325544963
1.477875,-0.128490017618153
1.478,-8.90214654392922e-14
1.478125,0.128490017617793
1.47825,0.181712325544963
1.478375,0.128490017618111
1.4785,3.59538330036008e-13
1.478625,-0.12849001761807
1.47875,-0.181712325544963
1.478875,-0.128490017618302
1.479,3.10103946872037e-14
1.479125,0.128490017617878
1.47925,0.181712325544963
1.479375,0.128490017618026
1.4795,2.39506469909512e-13
1.479625,-0.128490017617921
1.47975,-0.181712325544963
1.479875,-0.128490017618217
1.48,-1.79490539846264e-13
1.480125,0.128490017617729
1.48025,0.181712325544963
1.480375,0.128490017618175
1.4805,1.19474609783016e-13
1.480625,-0.128490017618006
1.48075,-0.181712325544963
1.480875,-0.128490017618132
1.481,-5.94586797197677e-14
1.481125,0.128490017617814
1.48125,0.181712325544963
1.481375,0.12849001761809
1.4815,-5.57250343480232e-16
1.481625,-0.128490017617857
1.48175,-0.181712325544963
1.481875,-0.128490017618047
1.482,-2.69959614253235e-13
1.482125,0.128490017617899
1.48225,0.181712325544963
1.482375,0.128490017618239
1.4825,2.09943684189987e-13
1.482625,-0.128490017617942
1.48275,-0.181712325544963
1.482875,-0.128490017618196
1.483,-1.49927754126739e-13
1.483125,0.128490017617984
1.48325,0.181712325544963
1.483375,0.128490017618154
1.4835,8.99118240634912e-14
1.483625,-0.128490017617793
1.48375,-0.181712325544963
1.483875,-0.128490017618111
1.484,-2.98958940002432e-14
1.484125,0.128490017617835
1.48425,0.181712325544963
1.484375,0.128490017618069
1.4845,3.00412758596958e-13
1.484625,-0.128490017617878
1.48475,-0.181712325544963
1.484875,-0.12849001761826
1.485,9.01359661262527e-14
1.485125,0.12849001761792
1.48525,0.181712325544963
1.485375,0.128490017618218
1.4855,1.80380898470463e-13
1.485625,-0.128490017617963
1.48575,-0.181712325544963
1.485875,-0.128490017618175
1.486,-1.20364968407215e-13
1.486125,0.128490017617771
1.48625,0.181712325544963
1.486375,0.128490017618133
1.4865,3.9088183300393e-13
1.486625,-0.128490017618047
1.48675,-0.181712325544963
1.486875,-0.12849001761809
1.487,-3.33108280718696e-16
1.487125,0.128490017617856
1.48725,0.181712325544963
1.487375,0.128490017618282
1.4875,2.70849972877434e-13
1.487625,-0.128490017617899
1.48775,-0.181712325544963
1.487875,-0.128490017618005
1.488,-2.10834042814186e-13
1.488125,0.128490017617941
1.48825,0.181712325544963
1.488375,0.128490017618197
1.4885,1.50818112750938e-13
1.488625,-0.128490017617983
1.48875,-0.181712325544963
1.488875,-0.128490017618154
1.489,-9.08021826876901e-14
1.489125,0.128490017618026
1.48925,0.181712325544963
1.489375,0.128490017618346
1.4895,3.07862526244421e-14
1.489625,-0.128490017617835
1.48975,-0.181712325544963
1.489875,-0.128490017618069
1.49,-3.01303117221157e-13
1.490125,0.128490017617877
1.49025,0.181712325544963
1.490375,0.128490017618027
1.4905,2.41287187157909e-13
1.490625,-0.128490017617919
1.49075,-0.181712325544963
1.490875,-0.128490017618218
1.491,-1.81271257094662e-13
1.491125,0.128490017617962
1.49125,0.181712325544963
1.491375,0.128490017618176
1.4915,1.21255327031414e-13
1.491625,-0.128490017617771
1.49175,-0.181712325544963
1.491875,-0.128490017618133
1.492,-6.12393969681656e-14
1.492125,0.128490017617813
1.49225,0.181712325544963
1.492375,0.128490017618091
1.4925,3.31756261564881e-13
1.492625,-0.128490017617856
1.49275,-0.181712325544963
1.492875,-0.128490017618282
1.493,5.87924631583303e-14
1.493125,0.128490017617898
1.49325,0.181712325544963
1.493375,0.12849001761824
1.4935,2.11724401438385e-13
1.493625,-0.12849001761794
1.49375,-0.181712325544963
1.493875,-0.128490017618197
1.494,-1.51708471375137e-13
1.494125,0.128490017617749
1.49425,0.181712325544963
1.494375,0.128490017618155
1.4945,9.1692541311889e-14
1.494625,-0.128490017618025
1.49475,-0.181712325544963
1.494875,-0.128490017618112
1.495,-3.16766112486411e-14
1.495125,0.128490017617834
1.49525,0.181712325544963
1.495375,0.128490017618304
1.4955,-2.83393188146069e-14
1.495625,-0.128490017617876
1.49575,-0.181712325544963
1.495875,-0.128490017618028
1.496,-2.42177545782108e-13
1.496125,0.128490017617919
1.49625,0.181712325544963
1.496375,0.128490017618219
1.4965,1.8216161571886e-13
1.496625,-0.128490017617961
1.49675,-0.181712325544963
1.496875,-0.128490017618176
1.497,-1.22145685655612e-13
1.497125,0.128490017618004
1.49725,0.181712325544963
1.497375,0.128490017618134
1.4975,6.21297555923645e-14
1.497625,-0.128490017617812
1.49775,-0.181712325544963
1.497875,-0.128490017618092
1.498,-3.3264662018908e-13
1.498125,0.128490017617855
1.49825,0.181712325544963
1.498375,0.128490017618049
1.4985,2.72630690125832e-13
1.498625,-0.128490017617897
1.49875,-0.181712325544963
1.498875,-0.12849001761824
1.499,-2.12614760062584e-13
1.499125,0.12849001761794
1.49925,0.181712325544963
1.499375,0.128490017618198
1.4995,1.52598829999336e-13
1.499625,-0.128490017617982
1.49975,-0.181712325544963
1.499875,-0.128490017618156
1.5,-9.2582899936088e-14
1.500125,0.128490017617791
1.50025,0.181712325544963
1.500375,0.128490017618113
1.5005,3.63099764532803e-13
1.500625,-0.128490017618067
1.50075,-0.181712325544963
1.500875,-0.128490017618071
1.501,-3.03083834469555e-13
1.501125,0.128490017617876
1.50125,0.181712325544963
1.501375,0.128490017618262
1.5015,2.43067904406307e-13
1.501625,-0.128490017617918
1.50175,-0.181712325544963
1.501875,-0.128490017617986
1.502,-1.83051974343059e-13
1.502125,0.128490017617727
1.50225,0.181712325544963
1.502375,0.128490017618177
1.5025,1.23036044279811e-13
1.502625,-0.128490017618003
1.50275,-0.181712325544963
1.502875,-0.128490017618135
1.503,-3.93552908876527e-13
1.503125,0.128490017618046
1.50325,0.181712325544963
1.503375,0.128490017618326
1.5035,3.00418415331548e-15
1.503625,-0.128490017617854
1.50375,-0.181712325544963
1.503875,-0.12849001761805
1.504,-2.73521048750031e-13
1.504125,0.128490017617897
1.50425,0.181712325544963
1.504375,0.128490017618241
1.5045,2.13505118686783e-13
1.504625,-0.128490017617939
1.50475,-0.181712325544963
1.504875,-0.128490017618199
1.505,-1.53489188623535e-13
1.505125,0.128490017617982
1.50525,0.181712325544963
1.505375,0.128490017618156
1.5055,9.34732585602869e-14
1.505625,-0.12849001761779
1.50575,-0.181712325544963
1.505875,-0.128490017618114
1.506,-3.34573284970389e-14
1.506125,0.128490017617833
1.50625,0.181712325544963
1.506375,0.128490017618071
1.5065,3.03974193093754e-13
1.506625,-0.128490017617875
1.50675,-0.181712325544963
1.506875,-0.128490017618263
1.507,-2.43958263030506e-13
1.507125,0.128490017617918
1.50725,0.181712325544963
1.507375,0.12849001761822
1.5075,1.83942332967258e-13
1.507625,-0.12849001761796
1.50775,-0.181712325544963
1.507875,-0.128490017618178
1.508,-1.2392640290401e-13
1.508125,0.128490017617769
1.50825,0.181712325544963
1.508375,0.128490017618135
1.5085,3.94443267500726e-13
1.508625,-0.128490017618045
1.50875,-0.181712325544963
1.508875,-0.128490017618093
1.509,-3.34427337437478e-13
1.509125,0.128490017617854
1.50925,0.181712325544963
1.509375,0.128490017618284
1.5095,-5.61213872857335e-14
1.509625,-0.128490017617896
1.50975,-0.181712325544963
1.509875,-0.128490017618008
1.51,-2.14395477310982e-13
1.510125,0.128490017617938
1.51025,0.181712325544963
1.510375,0.128490017618199
1.5105,1.54379547247734e-13
1.510625,-0.128490017617981
1.51075,-0.181712325544963
1.510875,-0.128490017618157
1.511,-4.24896411844449e-13
1.511125,0.128490017618023
1.51125,0.181712325544963
1.511375,0.128490017618114
1.5115,3.43476871212378e-14
1.511625,-0.128490017617832
1.51175,-0.181712325544963
1.511875,-0.128490017618072
1.512,-3.04864551717953e-13
1.512125,0.128490017617875
1.51225,0.181712325544963
1.512375,0.12849001761803
1.5125,2.44848621654705e-13
1.512625,-0.128490017617917
1.51275,-0.181712325544963
1.512875,-0.128490017618221
1.513,-1.84832691591457e-13
1.513125,0.128490017617959
1.51325,0.181712325544963
1.513375,0.128490017618178
1.5135,1.24816761528209e-13
1.513625,-0.128490017618002
1.51375,-0.181712325544963
1.513875,-0.128490017618136
1.514,-6.48008314649613e-14
1.514125,0.128490017617811
1.51425,0.181712325544963
1.514375,0.128490017618093
1.5145,3.35317696061677e-13
1.514625,-0.128490017618087
1.51475,-0.181712325544963
1.514875,-0.128490017618285
1.515,-2.75301765998429e-13
1.515125,0.128490017617895
1.51525,0.181712325544963
1.515375,0.128490017618242
1.5155,2.15285835935181e-13
1.515625,-0.128490017617938
1.51575,-0.181712325544963
1.515875,-0.128490017617966
1.516,-1.55269905871933e-13
1.516125,0.128490017617747
1.51625,0.181712325544963
1.516375,0.128490017618157
1.5165,9.52539758086847e-14
1.516625,-0.128490017617789
1.51675,-0.181712325544963
1.516875,-0.128490017618115
1.517,-3.657708404054e-13
1.517125,0.128490017617831
1.51725,0.181712325544963
1.517375,0.128490017618306
1.5175,-2.47778843178112e-14
1.517625,-0.128490017617874
1.51775,-0.181712325544963
1.517875,-0.12849001761803
1.518,-2.45738980278904e-13
1.518125,0.128490017617916
1.51825,0.181712325544963
1.518375,0.128490017618221
1.5185,1.85723050215656e-13
1.518625,-0.128490017617725
1.51875,-0.181712325544963
1.518875,-0.128490017618179
1.519,-1.25707120152408e-13
1.519125,0.128490017618001
1.51925,0.181712325544963
1.519375,0.128490017618137
1.5195,6.56911900891602e-14
1.519625,-0.12849001761781
1.51975,-0.181712325544963
1.519875,-0.128490017618094
1.52,-5.67526002591226e-15
1.520125,0.128490017617852
1.52025,0.181712325544963
1.520375,0.128490017618052
1.5205,2.76192124622628e-13
1.520625,-0.128490017617895
1.52075,-0.181712325544963
1.520875,-0.128490017618243
1.521,-2.1617619455938e-13
1.521125,0.128490017617937
1.52125,0.181712325544963
1.521375,0.128490017618201
1.5215,1.56160264496132e-13
1.521625,-0.12849001761798
1.52175,-0.181712325544963
1.521875,-0.128490017618158
1.522,-9.61443344328837e-14
1.522125,0.128490017617788
1.52225,0.181712325544963
1.522375,0.128490017618116
1.5225,3.66661199029599e-13
1.522625,-0.128490017617831
1.52275,-0.181712325544963
1.522875,-0.128490017618073
1.523,-3.06645268966351e-13
1.523125,0.128490017617873
1.52325,0.181712325544963
1.523375,0.128490017618264
1.5235,2.46629338903103e-13
1.523625,-0.128490017617916
1.52375,-0.181712325544963
1.523875,-0.128490017617988
1.524,-1.86613408839855e-13
1.524125,0.128490017617958
1.52425,0.181712325544963
1.524375,0.12849001761818
1.5245,1.26597478776607e-13
1.524625,-0.128490017617767
1.52475,-0.181712325544963
1.524875,-0.128490017618137
1.525,-3.97114343373322e-13
1.525125,0.128490017618043
1.52525,0.181712325544963
1.525375,0.128490017618095
1.5255,6.56561865011119e-15
1.525625,-0.128490017617852
1.52575,-0.181712325544963
1.525875,-0.128490017618052
1.526,-2.77082483246826e-13
1.526125,0.128490017617894
1.52625,0.181712325544963
1.526375,0.12849001761801
1.5265,2.17066553183579e-13
1.526625,-0.128490017617703
1.52675,-0.181712325544963
1.526875,-0.128490017618201
1.527,-1.57050623120331e-13
1.527125,0.128490017617979
1.52725,0.181712325544963
1.527375,0.128490017618159
1.5275,9.70346930570826e-14
1.527625,-0.128490017617788
1.52775,-0.181712325544963
1.527875,-0.128490017618116
1.528,-3.70187629938346e-14
1.528125,0.12849001761783
1.52825,0.181712325544963
1.528375,0.128490017618074
1.5285,3.0753562759055e-13
1.528625,-0.128490017617873
1.52875,-0.181712325544963
1.528875,-0.128490017618265
1.529,-2.47519697527302e-13
1.529125,0.128490017617915
1.52925,0.181712325544963
1.529375,0.128490017618223
1.5295,1.87503767464054e-13
1.529625,-0.128490017617958
1.52975,-0.181712325544963
1.529875,-0.12849001761818
1.53,-1.27487837400806e-13
1.530125,0.128490017617766
1.53025,0.181712325544963
1.530375,0.128490017618138
1.5305,6.74719073375581e-14
1.530625,-0.128490017617809
1.53075,-0.181712325544963
1.530875,-0.128490017618095
1.531,-3.37988771934273e-13
1.531125,0.128490017617851
1.53125,0.181712325544963
1.531375,0.128490017618287
1.5315,-5.25599527889378e-14
1.531625,-0.128490017617894
1.53175,-0.181712325544963
1.531875,-0.12849001761801
1.532,-2.17956911807777e-13
1.532125,0.128490017617936
1.53225,0.181712325544963
1.532375,0.128490017618202
1.5325,1.57940981744529e-13
1.532625,-0.128490017617745
1.53275,-0.181712325544963
1.532875,-0.128490017618159
1.533,-4.28457846341245e-13
1.533125,0.128490017618021
1.53325,0.181712325544963
1.533375,0.128490017618117
1.5335,3.79091216180336e-14
1.533625,-0.12849001761783
1.53375,-0.181712325544963
1.533875,-0.128490017618074
1.534,-3.08425986214749e-13
1.534125,0.128490017617872
1.53425,0.181712325544963
1.534375,0.128490017618032
1.5345,2.48410056151501e-13
1.534625,-0.128490017617914
1.53475,-0.181712325544963
1.534875,-0.128490017618223
1.535,-1.88394126088253e-13
1.535125,0.128490017617957
1.53525,0.181712325544963
1.535375,0.128490017618181
1.5355,1.28378196025005e-13
1.535625,-0.128490017617999
1.53575,-0.181712325544963
1.535875,-0.128490017618138
1.536,-6.8362265961757e-14
1.536125,0.128490017617808
1.53625,0.181712325544963
1.536375,0.128490017618096
1.5365,3.38879130558472e-13
1.536625,-0.12849001761785
1.53675,-0.181712325544963
1.536875,-0.128490017618054
1.537,-2.78863200495224e-13
1.537125,0.128490017617893
1.53725,0.181712325544963
1.537375,0.128490017618245
1.5375,2.18847270431976e-13
1.537625,-0.128490017617935
1.53775,-0.181712325544963
1.537875,-0.128490017617969
1.538,-1.58831340368728e-13
1.538125,0.128490017617978
1.53825,0.181712325544963
1.538375,0.12849001761816
1.5385,9.88154103054804e-14
1.538625,-0.128490017617786
1.53875,-0.181712325544963
1.538875,-0.128490017618118
1.539,-3.69332274902196e-13
1.539125,0.128490017618063
1.53925,0.181712325544963
1.539375,0.128490017618309
1.5395,-2.12164498210155e-14
1.539625,-0.128490017617871
1.53975,-0.181712325544963
1.539875,-0.128490017618033
1.54,-2.493004147757e-13
1.540125,0.128490017617914
1.54025,0.181712325544963
1.540375,0.128490017618224
1.5405,1.89284484712452e-13
1.540625,-0.128490017617722
1.54075,-0.181712325544963
1.540875,-0.128490017618181
1.541,-1.29268554649204e-13
1.541125,0.128490017617999
1.54125,0.181712325544963
1.541375,0.128490017618139
1.5415,6.92526245859559e-14
1.541625,-0.128490017617807
1.54175,-0.181712325544963
1.541875,-0.128490017618097
1.542,-9.23669452270798e-15
1.542125,0.12849001761785
1.54225,0.181712325544963
1.542375,0.128490017618054
1.5425,2.79753559119423e-13
1.542625,-0.128490017617892
1.54275,-0.181712325544963
1.542875,-0.128490017618245
1.543,-2.19737629056175e-13
1.543125,0.128490017617935
1.54325,0.181712325544963
1.543375,0.128490017618203
1.5435,1.59721698992927e-13
1.543625,-0.128490017617977
1.54375,-0.181712325544963
1.543875,-0.128490017618161
1.544,-9.97057689296794e-14
1.544125,0.128490017617786
1.54425,0.181712325544963
1.544375,0.128490017618118
1.5445,3.96898388664314e-14
1.544625,-0.128490017617828
1.54475,-0.181712325544963
1.544875,-0.128490017618076
1.545,-3.10206703463147e-13
1.545125,0.128490017617871
1.54525,0.181712325544963
1.545375,0.128490017618267
1.5455,-8.03420212600645e-14
1.545625,-0.128490017617913
1.54575,-0.181712325544963
1.545875,-0.128490017617991
1.546,-1.90174843336651e-13
1.546125,0.128490017617956
1.54625,0.181712325544963
1.546375,0.128490017618182
1.5465,1.30158913273403e-13
1.546625,-0.128490017617764
1.54675,-0.181712325544963
1.546875,-0.12849001761814
1.547,-4.00675777870118e-13
1.547125,0.12849001761804
1.54725,0.181712325544963
1.547375,0.128490017618097
1.5475,1.01270531469069e-14
1.547625,-0.128490017617849
1.54775,-0.181712325544963
1.547875,-0.128490017618289
1.548,-2.80643917743622e-13
1.548125,0.128490017617892
1.54825,0.181712325544963
1.548375,0.128490017618012
1.5485,2.20627987680374e-13
1.548625,-0.128490017617934
1.54875,-0.181712325544963
1.548875,-0.128490017618204
1.549,-1.60612057617126e-13
1.549125,0.128490017617977
1.54925,0.181712325544963
1.549375,0.128490017618161
1.5495,1.00596127553878e-13
1.549625,-0.128490017618019
1.54975,-0.181712325544963
1.549875,-0.128490017618353
1.55,-4.05801974906303e-14
1.550125,0.128490017617828
1.55025,0.181712325544963
1.550375,0.128490017618076
1.5505,3.11097062087346e-13
1.550625,-0.12849001761787
1.55075,-0.181712325544963
1.550875,-0.128490017618034
1.551,-2.51081132024098e-13
1.551125,0.128490017617913
1.55125,0.181712325544963
1.551375,0.128490017618225
1.5515,1.9106520196085e-13
1.551625,-0.128490017617955
1.55175,-0.181712325544963
1.551875,-0.128490017618183
1.552,-1.31049271897602e-13
1.552125,0.128490017617764
1.55225,0.181712325544963
1.552375,0.12849001761814
1.5525,7.10333418343538e-14
1.552625,-0.128490017617806
1.55275,-0.181712325544963
1.552875,-0.128490017618098
1.553,-3.41550206431069e-13
1.553125,0.128490017617849
1.55325,0.181712325544963
1.553375,0.128490017618289
1.5535,-4.89985182921421e-14
1.553625,-0.128490017617891
1.55375,-0.181712325544963
1.553875,-0.128490017618247
1.554,-2.21518346304573e-13
1.554125,0.128490017617933
1.55425,0.181712325544963
1.554375,0.128490017618204
1.5545,1.61502416241325e-13
1.554625,-0.128490017617742
1.55475,-0.181712325544963
1.554875,-0.128490017618162
1.555,-1.01486486178077e-13
1.555125,0.128490017618018
1.55525,0.181712325544963
1.555375,0.128490017618119
1.5555,4.14705561148293e-14
1.555625,-0.128490017617827
1.55575,-0.181712325544963
1.555875,-0.128490017618311
1.556,1.85453739484187e-14
1.556125,0.128490017617869
1.55625,0.181712325544963
1.556375,0.128490017618035
1.5565,2.51971490648297e-13
1.556625,-0.128490017617912
1.55675,-0.181712325544963
1.556875,-0.128490017618226
1.557,-1.91955560585049e-13
1.557125,0.128490017617954
1.55725,0.181712325544963
1.557375,0.128490017618183
1.5575,1.31939630521801e-13
1.557625,-0.128490017617997
1.55775,-0.181712325544963
1.557875,-0.128490017618141
1.558,-7.19237004585527e-14
1.558125,0.128490017617805
1.55825,0.181712325544963
1.558375,0.128490017618099
1.5585,3.42440565055268e-13
1.558625,-0.128490017617848
1.55875,-0.181712325544963
1.558875,-0.128490017618056
1.559,-2.8242463499202e-13
1.559125,0.12849001761789
1.55925,0.181712325544963
1.559375,0.128490017618247
1.5595,2.22408704928772e-13
1.559625,-0.128490017617933
1.55975,-0.181712325544963
1.559875,-0.128490017618205
1.56,-1.62392774865524e-13
1.560125,0.128490017617975
1.56025,0.181712325544963
1.560375,0.128490017618162
1.5605,1.02376844802276e-13
1.560625,-0.128490017617784
1.56075,-0.181712325544963
1.560875,-0.12849001761812
1.561,-3.72893709398991e-13
1.561125,0.12849001761806
1.56125,0.181712325544963
1.561375,0.128490017618078
1.5615,-1.76550153242198e-14
1.561625,-0.128490017617869
1.56175,-0.181712325544963
1.561875,-0.128490017618269
1.562,-2.52861849272496e-13
1.562125,0.128490017617911
1.56225,0.181712325544963
1.562375,0.128490017617993
1.5625,1.92845919209248e-13
1.562625,-0.12849001761772
1.56275,-0.181712325544963
1.562875,-0.128490017618184
1.563,-1.32829989146e-13
1.563125,0.128490017617996
1.56325,0.181712325544963
1.563375,0.128490017618142
1.5635,4.03346853742715e-13
1.563625,-0.128490017618039
1.56375,-0.181712325544963
1.563875,-0.128490017618333
1.564,-1.27981290195037e-14
1.564125,0.128490017617847
1.56425,0.181712325544963
1.564375,0.128490017618057
1.5645,2.83314993616219e-13
1.564625,-0.12849001761789
1.56475,-0.181712325544963
1.564875,-0.128490017618248
1.565,-2.23299063552971e-13
1.565125,0.128490017617932
1.56525,0.181712325544963
1.565375,0.128490017618206
1.5655,1.63283133489723e-13
1.565625,-0.128490017617975
1.56575,-0.181712325544963
1.565875,-0.128490017618163
1.566,-1.03267203426475e-13
1.566125,0.128490017617783
1.56625,0.181712325544963
1.566375,0.128490017618121
1.5665,4.32512733632271e-14
1.566625,-0.128490017617826
1.56675,-0.181712325544963
1.566875,-0.128490017618078
1.567,-3.13768137959942e-13
1.567125,0.128490017617868
1.56725,0.181712325544963
1.567375,0.12849001761827
1.5675,2.53752207896694e-13
1.567625,-0.128490017617911
1.56775,-0.181712325544963
1.567875,-0.128490017618227
1.568,-1.93736277833447e-13
1.568125,0.128490017617953
1.56825,0.181712325544963
1.568375,0.128490017618185
1.5685,1.33720347770199e-13
1.568625,-0.128490017617762
1.56875,-0.181712325544963
1.568875,-0.128490017618142
1.569,-4.04237212366914e-13
1.569125,0.128490017618038
1.56925,0.181712325544963
1.569375,0.1284900176181
1.5695,3.44221282303666e-13
1.569625,-0.128490017617847
1.56975,-0.181712325544963
1.569875,-0.128490017618291
1.57,4.63274424195453e-14
1.570125,0.128490017617889
1.57025,0.181712325544963
1.570375,0.128490017618015
1.5705,2.2418942217717e-13
1.570625,-0.128490017617932
1.57075,-0.181712325544963
1.570875,-0.128490017618206
1.571,-1.64173492113922e-13
1.571125,0.128490017617974
1.57125,0.181712325544963
1.571375,0.128490017618164
1.5715,4.34690356710637e-13
1.571625,-0.128490017618016
1.57175,-0.181712325544963
1.571875,-0.128490017618121
1.572,-4.41416319874261e-14
1.572125,0.128490017617825
1.57225,0.181712325544963
1.572375,0.128490017618079
1.5725,3.14658496584141e-13
1.572625,-0.128490017617868
1.57275,-0.181712325544963
1.572875,-0.128490017618036
1.573,-2.54642566520893e-13
1.573125,0.12849001761791
1.57325,0.181712325544963
1.573375,0.128490017618228
1.5735,1.94626636457645e-13
1.573625,-0.128490017617952
1.57375,-0.181712325544963
1.573875,-0.128490017618185
1.574,-1.34610706394397e-13
1.574125,0.128490017617995
1.57425,0.181712325544963
1.574375,0.128490017618143
1.5745,7.45947763311495e-14
1.574625,-0.128490017617804
1.57475,-0.181712325544963
1.574875,-0.1284900176181
1.575,-3.45111640927865e-13
1.575125,0.12849001761808
1.57525,0.181712325544963
1.575375,0.128490017618292
1.5755,2.85095710864617e-13
1.575625,-0.128490017617888
1.57575,-0.181712325544963
1.575875,-0.128490017618249
1.576,-2.25079780801369e-13
1.576125,0.128490017617931
1.57625,0.181712325544963
1.576375,0.128490017617973
1.5765,1.65063850738121e-13
1.576625,-0.12849001761774
1.57675,-0.181712325544963
1.576875,-0.128490017618164
1.577,-1.05047920674873e-13
1.577125,0.128490017618016
1.57725,0.181712325544963
1.577375,0.128490017618122
1.5775,3.75564785271588e-13
1.577625,-0.128490017617824
1.57775,-0.181712325544963
1.577875,-0.128490017618313
1.578,1.4983939451623e-14
1.578125,0.128490017617867
1.57825,0.181712325544963
1.578375,0.128490017618037
1.5785,2.55532925145092e-13
1.578625,-0.128490017617909
1.57875,-0.181712325544963
1.578875,-0.128490017618228
1.579,-1.95516995081844e-13
1.579125,0.128490017617718
1.57925,0.181712325544963
1.579375,0.128490017618186
1.5795,1.35501065018596e-13
1.579625,-0.128490017617994
1.57975,-0.181712325544963
1.579875,-0.128490017618143
1.58,-7.54851349553484e-14
1.580125,0.128490017617803
1.58025,0.181712325544963
1.580375,0.128490017618101
1.5805,1.54692048921005e-14
1.580625,-0.128490017617845
1.58075,-0.181712325544963
1.580875,-0.128490017618059
1.581,-2.85986069488816e-13
1.581125,0.128490017617888
1.58125,0.181712325544963
1.581375,0.12849001761825
1.5815,2.25970139425568e-13
1.581625,-0.12849001761793
1.58175,-0.181712325544963
1.581875,-0.128490017618207
1.582,-1.6595420936232e-13
1.582125,0.128490017617973
1.58225,0.181712325544963
1.582375,0.128490017618165
1.5825,1.05938279299072e-13
1.582625,-0.128490017617781
1.58275,-0.181712325544963
1.582875,-0.128490017618123
1.583,-3.76455143895787e-13
1.583125,0.128490017617824
1.58325,0.181712325544963
1.583375,0.12849001761808
1.5835,3.16439213832539e-13
1.583625,-0.128490017617866
1.58375,-0.181712325544963
1.583875,-0.128490017618271
1.584,-2.56423283769291e-13
1.584125,0.128490017617909
1.58425,0.181712325544963
1.584375,0.128490017617995
1.5845,1.96407353706043e-13
1.584625,-0.128490017617951
1.58475,-0.181712325544963
1.584875,-0.128490017618187
1.585,-1.36391423642795e-13
1.585125,0.12849001761776
1.58525,0.181712325544963
1.585375,0.128490017618144
1.5855,4.06908288239511e-13
1.585625,-0.128490017618036
1.58575,-0.181712325544963
1.585875,-0.128490017618102
1.586,-1.63595635162994e-14
1.586125,0.128490017617845
1.58625,0.181712325544963
1.586375,0.128490017618059
1.5865,2.86876428113015e-13
1.586625,-0.128490017617887
1.58675,-0.181712325544963
1.586875,-0.128490017618017
1.587,-2.26860498049767e-13
1.587125,0.128490017617696
1.58725,0.181712325544963
1.587375,0.128490017618208
1.5875,1.66844567986519e-13
1.587625,-0.128490017617972
1.58775,-0.181712325544963
1.587875,-0.128490017618166
1.588,-1.06828637923271e-13
1.588125,0.128490017617781
1.58825,0.181712325544963
1.588375,0.128490017618123
1.5885,4.68127078600228e-14
1.588625,-0.128490017617823
1.58875,-0.181712325544963
1.588875,-0.128490017618081
1.589,-3.17329572456738e-13
1.589125,0.128490017617866
1.58925,0.181712325544963
1.589375,0.128490017618272
1.5895,2.5731364239349e-13
1.589625,-0.128490017617908
1.58975,-0.181712325544963
1.589875,-0.12849001761823
1.59,-1.97297712330242e-13
1.590125,0.128490017617951
1.59025,0.181712325544963
1.590375,0.128490017618187
1.5905,1.37281782266994e-13
1.590625,-0.128490017617759
1.59075,-0.181712325544963
1.590875,-0.128490017618145
1.591,-7.72658522037463e-14
1.591125,0.128490017617802
1.59125,0.181712325544963
1.591375,0.128490017618102
1.5915,3.47782716800462e-13
1.591625,-0.128490017617844
1.59175,-0.181712325544963
1.591875,-0.128490017618294
1.592,4.27660079227496e-14
1.592125,0.128490017617887
1.59225,0.181712325544963
1.592375,0.128490017618017
1.5925,2.27750856673966e-13
1.592625,-0.128490017617929
1.59275,-0.181712325544963
1.592875,-0.128490017618209
1.593,-1.67734926610718e-13
1.593125,0.128490017617738
1.59325,0.181712325544963
1.593375,0.128490017618166
1.5935,4.38251791207433e-13
1.593625,-0.128490017618014
1.59375,-0.181712325544963
1.593875,-0.128490017618124
1.594,-4.77030664842218e-14
1.594125,0.128490017617823
1.59425,0.181712325544963
1.594375,0.128490017618081
1.5945,3.18219931080937e-13
1.594625,-0.128490017617865
1.59475,-0.181712325544963
1.594875,-0.128490017618039
1.595,-2.58204001017689e-13
1.595125,0.128490017617908
1.59525,0.181712325544963
1.595375,0.12849001761823
1.5955,1.98188070954441e-13
1.595625,-0.12849001761795
1.59575,-0.181712325544963
1.595875,-0.128490017618188
1.596,-1.38172140891193e-13
1.596125,0.128490017617992
1.59625,0.181712325544963
1.596375,0.128490017618145
1.5965,7.81562108279452e-14
1.596625,-0.128490017617801
1.59675,-0.181712325544963
1.596875,-0.128490017618103
1.597,-3.48673075424661e-13
1.597125,0.128490017617844
1.59725,0.181712325544963
1.597375,0.12849001761806
1.5975,2.88657145361413e-13
1.597625,-0.128490017617886
1.59775,-0.181712325544963
1.597875,-0.128490017618252
1.598,-2.28641215298165e-13
1.598125,0.128490017617928
1.59825,0.181712325544963
1.598375,0.128490017617976
1.5985,1.68625285234917e-13
1.598625,-0.128490017617971
1.59875,-0.181712325544963
1.598875,-0.128490017618167
1.599,-1.08609355171669e-13
1.599125,0.12849001761778
1.59925,0.181712325544963
1.599375,0.128490017618124
1.5995,3.79126219768384e-13
1.599625,-0.128490017618056
1.59975,-0.181712325544963
1.599875,-0.128490017618316
1.6,1.14225049548273e-14
1.600125,0.128490017617864
1.60025,0.181712325544963
1.600375,0.12849001761804
1.6005,2.59094359641888e-13
1.600625,-0.128490017617907
1.60075,-0.181712325544963
1.600875,-0.128490017618231
1.601,-1.9907842957864e-13
1.601125,0.128490017617716
1.60125,0.181712325544963
1.601375,0.128490017618188
1.6015,1.39062499515392e-13
1.601625,-0.128490017617992
1.60175,-0.181712325544963
1.601875,-0.128490017618146
1.602,-7.90465694521441e-14
1.602125,0.1284900176178
1.60225,0.181712325544963
1.602375,0.128490017618104
1.6025,1.90306393888962e-14
1.602625,-0.128490017617843
1.60275,-0.181712325544963
1.602875,-0.128490017618061
1.603,-2.89547503985611e-13
1.603125,0.128490017617885
1.60325,0.181712325544963
1.603375,0.128490017618252
1.6035,2.29531573922364e-13
1.603625,-0.128490017617928
1.60375,-0.181712325544963
1.603875,-0.12849001761821
1.604,-1.69515643859116e-13
1.604125,0.12849001761797
1.60425,0.181712325544963
1.604375,0.128490017618168
1.6045,1.09499713795868e-13
1.604625,-0.128490017617779
1.60475,-0.181712325544963
1.604875,-0.128490017618125
1.605,-4.94837837326196e-14
1.605125,0.128490017617821
1.60525,0.181712325544963
1.605375,0.128490017618083
1.6055,3.20000648329335e-13
1.605625,-0.128490017617864
1.60575,-0.181712325544963
1.605875,-0.128490017618274
1.606,7.05480763938763e-14
1.606125,0.128490017617906
1.60625,0.181712325544963
1.606375,0.128490017617998
1.6065,1.99968788202839e-13
1.606625,-0.128490017617949
1.60675,-0.181712325544963
1.606875,-0.128490017618189
1.607,-1.39952858139591e-13
1.607125,0.128490017617757
1.60725,0.181712325544963
1.607375,0.128490017618147
1.6075,4.10469722736306e-13
1.607625,-0.128490017618034
1.60775,-0.181712325544963
1.607875,-0.128490017618104
1.608,-1.99209980130951e-14
1.608125,0.128490017617842
1.60825,0.181712325544963
1.608375,0.128490017618062
1.6085,2.9043786260981e-13
1.608625,-0.128490017617885
1.60875,-0.181712325544963
1.608875,-0.128490017618019
1.609,-2.30421932546562e-13
1.609125,0.128490017617927
1.60925,0.181712325544963
1.609375,0.128490017618211
1.6095,1.70406002483314e-13
1.609625,-0.12849001761797
1.60975,-0.181712325544963
1.609875,-0.128490017618168
1.61,-1.10390072420067e-13
1.610125,0.128490017618012
1.61025,0.181712325544963
1.610375,0.128490017618359
1.6105,5.03741423568186e-14
1.610625,-0.128490017617821
1.61075,-0.181712325544963
1.610875,-0.128490017618083
1.611,-3.20891006953534e-13
1.611125,0.128490017617863
1.61125,0.181712325544963
1.611375,0.128490017618041
1.6115,2.60875076890286e-13
1.611625,-0.128490017617906
1.61175,-0.181712325544963
1.611875,-0.128490017618232
1.612,-2.00859146827038e-13
1.612125,0.128490017617948
1.61225,0.181712325544963
1.612375,0.12849001761819
1.6125,1.4084321676379e-13
1.612625,-0.128490017617757
1.61275,-0.181712325544963
1.612875,-0.128490017618147
1.613,-8.0827286700542e-14
1.613125,0.128490017617799
1.61325,0.181712325544963
1.613375,0.128490017618105
1.6135,3.51344151297257e-13
1.613625,-0.128490017617842
1.61375,-0.181712325544963
1.613875,-0.128490017618296
1.614,3.92045734259539e-14
1.614125,0.128490017617884
1.61425,0.181712325544963
1.614375,0.128490017618254
1.6145,2.31312291170761e-13
1.614625,-0.128490017617926
1.61475,-0.181712325544963
1.614875,-0.128490017618211
1.615,-1.71296361107513e-13
1.615125,0.128490017617735
1.61525,0.181712325544963
1.615375,0.128490017618169
1.6155,1.11280431044265e-13
1.615625,-0.128490017618011
1.61575,-0.181712325544963
1.615875,-0.128490017618126
1.616,-5.12645009810175e-14
1.616125,0.12849001761782
1.61625,0.181712325544963
1.616375,0.128490017618318
1.6165,-8.75142908223048e-15
1.616625,-0.128490017617863
1.61675,-0.181712325544963
1.616875,-0.128490017618041
1.617,-2.61765435514485e-13
1.617125,0.128490017617905
1.61725,0.181712325544963
1.617375,0.128490017618233
1.6175,2.01749505451237e-13
1.617625,-0.128490017617947
1.61775,-0.181712325544963
1.617875,-0.12849001761819
1.618,-1.41733575387989e-13
1.618125,0.12849001761799
1.61825,0.181712325544963
1.618375,0.128490017618148
1.6185,8.17176453247409e-14
1.618625,-0.128490017617799
1.61875,-0.181712325544963
1.618875,-0.128490017618105
1.619,-3.52234509921456e-13
1.619125,0.128490017617841
1.61925,0.181712325544963
1.619375,0.128490017618063
1.6195,2.92218579858208e-13
1.619625,-0.128490017617883
1.61975,-0.181712325544963
1.619875,-0.128490017618254
1.62,-2.3220264979496e-13
1.620125,0.128490017617926
1.62025,0.181712325544963
1.620375,0.128490017618212
1.6205,1.72186719731712e-13
1.620625,-0.128490017617968
1.62075,-0.181712325544963
1.620875,-0.128490017618169
1.621,-1.12170789668464e-13
1.621125,0.128490017617777
1.62125,0.181712325544963
1.621375,0.128490017618127
1.6215,3.8268765426518e-13
1.621625,-0.128490017618053
1.62175,-0.181712325544963
1.621875,-0.128490017618085
1.622,7.86107045803155e-15
1.622125,0.128490017617862
1.62225,0.181712325544963
1.622375,0.128490017618276
1.6225,2.62655794138684e-13
1.622625,-0.128490017617904
1.62275,-0.181712325544963
1.622875,-0.128490017618
1.623,-2.02639864075436e-13
1.623125,0.128490017617713
1.62325,0.181712325544963
1.623375,0.128490017618191
1.6235,1.42623934012188e-13
1.623625,-0.128490017617989
1.62375,-0.181712325544963
1.623875,-0.128490017618148
1.624,-8.26080039489399e-14
1.624125,0.128490017618032
1.62425,0.181712325544963
1.624375,0.12849001761834
1.6245,2.25920738856919e-14
1.624625,-0.12849001761784
1.62475,-0.181712325544963
1.624875,-0.128490017618064
1.625,-2.93108938482407e-13
1.625125,0.128490017617883
1.62525,0.181712325544963
1.625375,0.128490017618255
1.6255,2.33093008419159e-13
1.625625,-0.128490017617925
1.62575,-0.181712325544963
1.625875,-0.128490017618212
1.626,-1.73077078355911e-13
1.626125,0.128490017617968
1.62625,0.181712325544963
1.626375,0.12849001761817
1.6265,1.13061148292663e-13
1.626625,-0.128490017617776
1.62675,-0.181712325544963
1.626875,-0.128490017618128
1.627,-5.30452182294153e-14
1.627125,0.128490017617819
1.62725,0.181712325544963
1.627375,0.128490017618085
1.6275,3.23562082826131e-13
1.627625,-0.128490017617861
1.62775,-0.181712325544963
1.627875,-0.128490017618276
1.628,-2.63546152762883e-13
1.628125,0.128490017617904
1.62825,0.181712325544963
1.628375,0.128490017618234
1.6285,2.03530222699635e-13
1.628625,-0.128490017617946
1.62875,-0.181712325544963
1.628875,-0.128490017618192
1.629,-1.43514292636387e-13
1.629125,0.128490017617755
1.62925,0.181712325544963
1.629375,0.128490017618149
1.6295,4.14031157233102e-13
1.629625,-0.128490017618031
1.62975,-0.181712325544963
1.629875,-0.128490017618107
1.63,-3.54015227169854e-13
1.630125,0.12849001761784
1.63025,0.181712325544963
1.630375,0.128490017618298
1.6305,-3.65334975533571e-14
1.630625,-0.128490017617882
1.63075,-0.181712325544963
1.630875,-0.128490017618022
1.631,-2.33983367043358e-13
1.631125,0.128490017617925
1.63125,0.181712325544963
1.631375,0.128490017618213
1.6315,1.7396743698011e-13
1.631625,-0.128490017617967
1.63175,-0.181712325544963
1.631875,-0.128490017618171
1.632,-4.44484301576825e-13
1.632125,0.12849001761801
1.63225,0.181712325544963
1.632375,0.128490017618128
1.6325,5.39355768536143e-14
1.632625,-0.128490017617818
1.63275,-0.181712325544963
1.632875,-0.128490017618086
1.633,-3.2445244145033e-13
1.633125,0.128490017617861
1.63325,0.181712325544963
1.633375,0.128490017618043
1.6335,2.64436511387082e-13
1.633625,-0.128490017617903
1.63375,-0.181712325544963
1.633875,-0.128490017618235
1.634,-2.04420581323834e-13
1.634125,0.128490017617946
1.63425,0.181712325544963
1.634375,0.128490017618192
1.6345,1.44404651260586e-13
1.634625,-0.128490017617988
1.63475,-0.181712325544963
1.634875,-0.12849001761815
1.635,-8.43887211973377e-14
1.635125,0.128490017617797
1.63525,0.181712325544963
1.635375,0.128490017618107
1.6355,3.54905585794053e-13
1.635625,-0.128490017618073
1.63575,-0.181712325544963
1.635875,-0.128490017618299
1.636,-2.94889655730805e-13
1.636125,0.128490017617882
1.63625,0.181712325544963
1.636375,0.128490017618256
1.6365,2.34873725667557e-13
1.636625,-0.128490017617924
1.63675,-0.181712325544963
1.636875,-0.12849001761798
1.637,-1.74857795604309e-13
1.637125,0.128490017617733
1.63725,0.181712325544963
1.637375,0.128490017618171
1.6375,1.14841865541061e-13
1.637625,-0.128490017618009
1.63775,-0.181712325544963
1.637875,-0.128490017618129
1.638,-3.85358730137776e-13
1.638125,0.128490017617818
1.63825,0.181712325544963
1.638375,0.12849001761832
1.6385,-5.18999458543477e-15
1.638625,-0.12849001761786
1.63875,-0.181712325544963
1.638875,-0.128490017618044
1.639,-2.65326870011281e-13
1.639125,0.128490017617902
1.63925,0.181712325544963
1.639375,0.128490017618235
1.6395,2.05310939948033e-13
1.639625,-0.128490017617945
1.63975,-0.181712325544963
1.639875,-0.128490017618193
1.64,-1.45295009884785e-13
1.640125,0.128490017617987
1.64025,0.181712325544963
1.640375,0.12849001761815
1.6405,8.52790798215366e-14
1.640625,-0.128490017617796
1.64075,-0.181712325544963
1.640875,-0.128490017618108
1.641,-2.52631497582887e-14
1.641125,0.128490017617838
1.64125,0.181712325544963
1.641375,0.128490017618065
1.6415,2.95780014355004e-13
1.641625,-0.128490017617881
1.64175,-0.181712325544963
1.641875,-0.128490017618257
1.642,-2.35764084291756e-13
1.642125,0.128490017617923
1.64225,0.181712325544963
1.642375,0.128490017618214
1.6425,1.75748154228508e-13
1.642625,-0.128490017617966
1.64275,-0.181712325544963
1.642875,-0.128490017618172
1.643,-1.1573222416526e-13
1.643125,0.128490017617775
1.64325,0.181712325544963
1.643375,0.128490017618129
1.6435,3.86249088761975e-13
1.643625,-0.128490017617817
1.64375,-0.181712325544963
1.643875,-0.128490017618087
1.644,-3.26233158698727e-13
1.644125,0.128490017617859
1.64425,0.181712325544963
1.644375,0.128490017618278
1.6445,2.66217228635479e-13
1.644625,-0.128490017617902
1.64475,-0.181712325544963
1.644875,-0.128490017618002
1.645,-2.06201298572231e-13
1.645125,0.128490017617944
1.64525,0.181712325544963
1.645375,0.128490017618193
1.6455,1.46185368508984e-13
1.645625,-0.128490017617753
1.64575,-0.181712325544963
1.645875,-0.128490017618151
1.646,-4.16702233105699e-13
1.646125,0.128490017618029
1.64625,0.181712325544963
1.646375,0.128490017618109
1.6465,2.61535083824876e-14
1.646625,-0.128490017617838
1.64675,-0.181712325544963
1.646875,-0.128490017618066
1.647,-2.96670372979203e-13
1.647125,0.12849001761788
1.64725,0.181712325544963
1.647375,0.128490017618024
1.6475,2.36654442915955e-13
1.647625,-0.128490017617689
1.64775,-0.181712325544963
1.647875,-0.128490017618215
1.648,-1.76638512852707e-13
1.648125,0.128490017617965
1.64825,0.181712325544963
1.648375,0.128490017618173
1.6485,1.16622582789459e-13
1.648625,-0.128490017617774
1.64875,-0.181712325544963
1.648875,-0.12849001761813
1.649,-5.66066527262111e-14
1.649125,0.128490017617816
1.64925,0.181712325544963
1.649375,0.128490017618088
1.6495,3.27123517322926e-13
1.649625,-0.128490017617859
1.64975,-0.181712325544963
1.649875,-0.128490017618279
1.65,-2.67107587259678e-13
1.650125,0.128490017617901
1.65025,0.181712325544963
1.650375,0.128490017618237
1.6505,2.0709165719643e-13
1.650625,-0.128490017617944
1.65075,-0.181712325544963
1.650875,-0.128490017618194
1.651,-1.47075727133182e-13
1.651125,0.128490017617752
1.65125,0.181712325544963
1.651375,0.128490017618152
1.6515,8.70597970699345e-14
1.651625,-0.128490017617795
1.65175,-0.181712325544963
1.651875,-0.128490017618109
1.652,-3.5757666166665e-13
1.652125,0.128490017617837
1.65225,0.181712325544963
1.652375,0.1284900176183
1.6525,-3.29720630565614e-14
1.652625,-0.12849001761788
1.65275,-0.181712325544963
1.652875,-0.128490017618024
1.653,-2.37544801540154e-13
1.653125,0.128490017617922
1.65325,0.181712325544963
1.653375,0.128490017618216
1.6535,1.77528871476906e-13
1.653625,-0.128490017617731
1.65375,-0.181712325544963
1.653875,-0.128490017618173
1.654,-4.48045736073621e-13
1.654125,0.128490017618007
1.65425,0.181712325544963
1.654375,0.128490017618131
1.6545,5.749701135041e-14
1.654625,-0.128490017617816
1.65475,-0.181712325544963
1.654875,-0.128490017618088
1.655,-3.28013875947125e-13
1.655125,0.128490017617858
1.65525,0.181712325544963
1.655375,0.128490017618046
1.6555,2.67997945883877e-13
1.655625,-0.128490017617901
1.65575,-0.181712325544963
1.655875,-0.128490017618237
1.656,-2.07982015820629e-13
1.656125,0.128490017617943
1.65625,0.181712325544963
1.656375,0.128490017618195
1.6565,1.47966085757381e-13
1.656625,-0.128490017617985
1.65675,-0.181712325544963
1.656875,-0.128490017618152
1.657,-8.79501556941334e-14
1.657125,0.128490017617794
1.65725,0.181712325544963
1.657375,0.12849001761811
1.6575,3.58467020290849e-13
1.657625,-0.128490017617837
1.65775,-0.181712325544963
1.657875,-0.128490017618067
1.658,-2.98451090227601e-13
1.658125,0.128490017617879
1.65825,0.181712325544963
1.658375,0.128490017618259
1.6585,2.38435160164353e-13
1.658625,-0.128490017617921
1.65875,-0.181712325544963
1.658875,-0.128490017617983
1.659,-1.78419230101105e-13
1.659125,0.128490017617964
1.65925,0.181712325544963
1.659375,0.128490017618174
1.6595,1.18403300037857e-13
1.659625,-0.128490017617773
1.65975,-0.181712325544963
1.659875,-0.128490017618131
1.66,-3.88920164634572e-13
1.660125,0.128490017618049
1.66025,0.181712325544963
1.660375,0.128490017618323
1.6605,-1.62856008863905e-15
1.660625,-0.128490017617857
1.66075,-0.181712325544963
1.660875,-0.128490017618046
1.661,-2.68888304508076e-13
1.661125,0.1284900176179
1.66125,0.181712325544963
1.661375,0.128490017618238
1.6615,2.08872374444828e-13
1.661625,-0.128490017617709
1.66175,-0.181712325544963
1.661875,-0.128490017618195
1.662,-1.4885644438158e-13
1.662125,0.128490017617985
1.66225,0.181712325544963
1.662375,0.128490017618153
1.6625,8.88405143183323e-14
1.662625,-0.128490017617794
1.66275,-0.181712325544963
1.662875,-0.12849001761811
1.663,-2.88245842550844e-14
1.663125,0.128490017617836
1.66325,0.181712325544963
1.663375,0.128490017618068
1.6635,2.993414488518e-13
1.663625,-0.128490017617878
1.66375,-0.181712325544963
1.663875,-0.128490017618259
1.664,-2.39325518788552e-13
1.664125,0.128490017617921
1.66425,0.181712325544963
1.664375,0.128490017618217
1.6645,1.79309588725304e-13
1.664625,-0.128490017617963
1.66475,-0.181712325544963
1.664875,-0.128490017618174
1.665,-1.19293658662056e-13
1.665125,0.128490017617772
1.66525,0.181712325544963
1.665375,0.128490017618132
1.6655,5.92777285988078e-14
1.665625,-0.128490017617814
1.66575,-0.181712325544963
1.665875,-0.12849001761809
1.666,-3.29794593195523e-13
1.666125,0.128490017617857
1.66625,0.181712325544963
1.666375,0.128490017618281
1.6665,-6.07541315276881e-14
1.666625,-0.128490017617899
1.66675,-0.181712325544963
1.666875,-0.128490017618005
1.667,-2.09762733069027e-13
1.667125,0.128490017617942
1.66725,0.181712325544963
1.667375,0.128490017618196
1.6675,1.49746803005779e-13
1.667625,-0.12849001761775
1.66775,-0.181712325544963
1.667875,-0.128490017618154
1.668,-4.20263667602495e-13
1.668125,0.128490017618027
1.66825,0.181712325544963
1.668375,0.128490017618111
1.6685,2.97149428792833e-14
1.668625,-0.128490017617835
1.66875,-0.181712325544963
1.668875,-0.128490017618069
1.669,-3.00231807475999e-13
1.669125,0.128490017617878
1.66925,0.181712325544963
1.669375,0.128490017618026
1.6695,2.40215877412751e-13
1.669625,-0.12849001761792
1.66975,-0.181712325544963
1.669875,-0.128490017618217
1.67,-1.80199947349503e-13
1.670125,0.128490017617963
1.67025,0.181712325544963
1.670375,0.128490017618175
1.6705,1.20184017286255e-13
1.670625,-0.128490017618005
1.67075,-0.181712325544963
1.670875,-0.128490017618133
1.671,-6.01680872230068e-14
1.671125,0.128490017617814
1.67125,0.181712325544963
1.671375,0.12849001761809
1.6715,3.30684951819722e-13
1.671625,-0.128490017617856
1.67175,-0.181712325544963
1.671875,-0.128490017618048
1.672,-2.70669021756474e-13
1.672125,0.128490017617899
1.67225,0.181712325544963
1.672375,0.128490017618239
1.6725,2.10653091693226e-13
1.672625,-0.128490017617941
1.67275,-0.181712325544963
1.672875,-0.128490017618197
1.673,-1.50637161629978e-13
1.673125,0.12849001761775
1.67325,0.181712325544963
1.673375,0.128490017618154
1.6735,9.06212315667302e-14
1.673625,-0.128490017617792
1.67375,-0.181712325544963
1.673875,-0.128490017618112
1.674,-3.61138096163445e-13
1.674125,0.128490017618068
1.67425,0.181712325544963
1.674375,0.128490017618303
1.6745,-2.94106285597657e-14
1.674625,-0.128490017617877
1.67475,-0.181712325544963
1.674875,-0.128490017618261
1.675,-2.4110623603695e-13
1.675125,0.12849001761792
1.67525,0.181712325544963
1.675375,0.128490017618218
1.6755,1.81090305973702e-13
1.675625,-0.128490017617728
1.67575,-0.181712325544963
1.675875,-0.128490017618176
1.676,-1.21074375910454e-13
1.676125,0.128490017618004
1.67625,0.181712325544963
1.676375,0.128490017618133
1.6765,6.10584458472057e-14
1.676625,-0.128490017617813
1.67675,-0.181712325544963
1.676875,-0.128490017618325
1.677,-1.04251578395773e-15
1.677125,0.128490017617856
1.67725,0.181712325544963
1.677375,0.128490017618048
1.6775,2.71559380380673e-13
1.677625,-0.128490017617898
1.67775,-0.181712325544963
1.677875,-0.12849001761824
1.678,-2.11543450317425e-13
1.678125,0.12849001761794
1.67825,0.181712325544963
1.678375,0.128490017618197
1.6785,1.51527520254177e-13
1.678625,-0.128490017617983
1.67875,-0.181712325544963
1.678875,-0.128490017618155
1.679,-9.15115901909291e-14
1.679125,0.128490017617792
1.67925,0.181712325544963
1.679375,0.128490017618112
1.6795,3.62028454787644e-13
1.679625,-0.128490017617834
1.67975,-0.181712325544963
1.679875,-0.12849001761807
1.68,-3.02012524724396e-13
1.680125,0.128490017617877
1.68025,0.181712325544963
1.680375,0.128490017618261
1.6805,-8.85361999988148e-14
1.680625,-0.128490017617919
1.68075,-0.181712325544963
1.680875,-0.128490017618219
1.681,-1.81980664597901e-13
1.681125,0.128490017617961
1.68125,0.181712325544963
1.681375,0.128490017618176
1.6815,1.21964734534653e-13
1.681625,-0.12849001761777
1.68175,-0.181712325544963
1.681875,-0.128490017618134
1.682,-3.92481599131368e-13
1.682125,0.128490017618046
1.68225,0.181712325544963
1.682375,0.128490017618091
1.6825,1.93287440815666e-15
1.682625,-0.128490017617855
1.68275,-0.181712325544963
1.682875,-0.128490017618283
1.683,-2.72449739004872e-13
1.683125,0.128490017617897
1.68325,0.181712325544963
1.683375,0.128490017618007
1.6835,2.12433808941624e-13
1.683625,-0.12849001761794
1.68375,-0.181712325544963
1.683875,-0.128490017618198
1.684,-1.52417878878376e-13
1.684125,0.128490017617982
1.68425,0.181712325544963
1.684375,0.128490017618155
1.6845,9.24019488151281e-14
1.684625,-0.128490017618025
1.68475,-0.181712325544963
1.684875,-0.128490017618347
1.685,-3.23860187518801e-14
1.685125,0.128490017617833
1.68525,0.181712325544963
1.685375,0.128490017618071
1.6855,3.02902883348595e-13
1.685625,-0.128490017617876
1.68575,-0.181712325544963
1.685875,-0.128490017618262
1.686,-2.42886953285347e-13
1.686125,0.128490017617918
1.68625,0.181712325544963
1.686375,0.128490017618219
1.6865,1.82871023222099e-13
1.686625,-0.128490017617961
1.68675,-0.181712325544963
1.686875,-0.128490017618177
1.687,-1.22855093158852e-13
1.687125,0.128490017617769
1.68725,0.181712325544963
1.687375,0.128490017618134
1.6875,6.28391630956035e-14
1.687625,-0.128490017617812
1.68775,-0.181712325544963
1.687875,-0.128490017618092
1.688,-3.33356027692319e-13
1.688125,0.128490017617854
1.68825,0.181712325544963
1.688375,0.128490017618283
1.6885,2.73340097629071e-13
1.688625,-0.128490017617897
1.68875,-0.181712325544963
1.688875,-0.128490017618241
1.689,-2.13324167565823e-13
1.689125,0.128490017617939
1.68925,0.181712325544963
1.689375,0.128490017618198
1.6895,1.53308237502575e-13
1.689625,-0.128490017617748
1.68975,-0.181712325544963
1.689875,-0.128490017618156
1.69,-9.3292307439327e-14
1.690125,0.128490017618024
1.69025,0.181712325544963
1.690375,0.128490017618114
1.6905,3.63809172036042e-13
1.690625,-0.128490017617833
1.69075,-0.181712325544963
1.690875,-0.128490017618305
1.691,2.67395526871689e-14
1.691125,0.128490017617875
1.69125,0.181712325544963
1.691375,0.128490017618029
1.6915,2.43777311909546e-13
1.691625,-0.128490017617918
1.69175,-0.181712325544963
1.691875,-0.12849001761822
1.692,-1.83761381846298e-13
1.692125,0.12849001761796
1.69225,0.181712325544963
1.692375,0.128490017618178
1.6925,4.54278246443014e-13
1.692625,-0.128490017618003
1.69275,-0.181712325544963
1.692875,-0.128490017618135
1.693,-6.37295217198025e-14
1.693125,0.128490017617811
1.69325,0.181712325544963
1.693375,0.128490017618093
1.6935,3.34246386316518e-13
1.693625,-0.128490017617854
1.69375,-0.181712325544963
1.693875,-0.12849001761805
1.694,-2.7423045625327e-13
1.694125,0.128490017617896
1.69425,0.181712325544963
1.694375,0.128490017618242
1.6945,2.14214526190022e-13
1.694625,-0.128490017617939
1.69475,-0.181712325544963
1.694875,-0.128490017618199
1.695,-1.54198596126774e-13
1.695125,0.128490017617981
1.69525,0.181712325544963
1.695375,0.128490017618157
1.6955,9.41826660635259e-14
1.695625,-0.12849001761779
1.69575,-0.181712325544963
1.695875,-0.128490017618114
1.696,-3.64699530660241e-13
1.696125,0.128490017618066
1.69625,0.181712325544963
1.696375,0.128490017618072
1.6965,3.04683600596993e-13
1.696625,-0.128490017617875
1.69675,-0.181712325544963
1.696875,-0.128490017618263
1.697,-2.44667670533745e-13
1.697125,0.128490017617917
1.69725,0.181712325544963
1.697375,0.128490017617987
1.6975,1.84651740470497e-13
1.697625,-0.128490017617726
1.69775,-0.181712325544963
1.697875,-0.128490017618178
1.698,-1.24635810407249e-13
1.698125,0.128490017618002
1.69825,0.181712325544963
1.698375,0.128490017618136
1.6985,3.95152675003965e-13
1.698625,-0.128490017617811
1.69875,-0.181712325544963
1.698875,-0.128490017618327
1.699,-4.60395028075344e-15
1.699125,0.128490017617853
1.69925,0.181712325544963
1.699375,0.128490017618051
1.6995,2.75120814877469e-13
1.699625,-0.128490017617896
1.69975,-0.181712325544963
1.699875,-0.128490017618242
1.7,-2.15104884814221e-13
1.700125,0.128490017617938
1.70025,0.181712325544963
1.700375,0.1284900176182
1.7005,1.55088954750973e-13
1.700625,-0.12849001761798
1.70075,-0.181712325544963
1.700875,-0.128490017618157
1.701,-9.50730246877248e-14
1.701125,0.128490017617789
1.70125,0.181712325544963
1.701375,0.128490017618115
1.7015,3.50570946244769e-14
1.701625,-0.128490017617832
1.70175,-0.181712325544963
1.701875,-0.128490017618072
1.702,-3.05573959221192e-13
1.702125,0.128490017617874
1.70225,0.181712325544963
1.702375,0.128490017618264
1.7025,2.45558029157944e-13
1.702625,-0.128490017617916
1.70275,-0.181712325544963
1.702875,-0.128490017618221
1.703,-1.85542099094696e-13
1.703125,0.128490017617959
1.70325,0.181712325544963
1.703375,0.128490017618179
1.7035,1.25526169031448e-13
1.703625,-0.128490017617768
1.70375,-0.181712325544963
1.703875,-0.128490017618136
1.704,-3.96043033628164e-13
1.704125,0.12849001761781
1.70425,0.181712325544963
1.704375,0.128490017618094
1.7045,3.36027103564916e-13
1.704625,-0.128490017617852
1.70475,-0.181712325544963
1.704875,-0.128490017618285
1.705,-2.76011173501668e-13
1.705125,0.128490017617895
1.70525,0.181712325544963
1.705375,0.128490017618009
1.7055,2.1599524343842e-13
1.705625,-0.128490017617937
1.70575,-0.181712325544963
1.705875,-0.1284900176182
1.706,-1.55979313375172e-13
1.706125,0.128490017617746
1.70625,0.181712325544963
1.706375,0.128490017618158
1.7065,4.26496177971887e-13
1.706625,-0.128490017618022
1.70675,-0.181712325544963
1.706875,-0.128490017618116
1.707,-3.59474532486758e-14
1.707125,0.128490017617831
1.70725,0.181712325544963
1.707375,0.128490017618073
1.7075,3.06464317845391e-13
1.707625,-0.128490017617873
1.70775,-0.181712325544963
1.707875,-0.128490017618031
1.708,-2.46448387782143e-13
1.708125,0.128490017617682
1.70825,0.181712325544963
1.708375,0.128490017618222
1.7085,1.86432457718895e-13
1.708625,-0.128490017617958
1.70875,-0.181712325544963
1.708875,-0.128490017618179
1.709,-1.26416527655647e-13
1.709125,0.128490017618001
1.70925,0.181712325544963
1.709375,0.128490017618137
1.7095,6.64005975923993e-14
1.709625,-0.128490017617809
1.70975,-0.181712325544963
1.709875,-0.128490017618095
1.71,-3.36917462189115e-13
1.710125,0.128490017617852
1.71025,0.181712325544963
1.710375,0.128490017618286
1.7105,2.76901532125867e-13
1.710625,-0.128490017617894
1.71075,-0.181712325544963
1.710875,-0.128490017618243
1.711,-2.16885602062619e-13
1.711125,0.128490017617937
1.71125,0.181712325544963
1.711375,0.128490017618201
1.7115,1.56869671999371e-13
1.711625,-0.128490017617745
1.71175,-0.181712325544963
1.711875,-0.128490017618159
1.712,-9.68537419361227e-14
1.712125,0.128490017617788
1.71225,0.181712325544963
1.712375,0.128490017618116
1.7125,3.67370606532838e-13
1.712625,-0.12849001761783
1.71275,-0.181712325544963
1.712875,-0.128490017618307
1.713,2.31781181903732e-14
1.713125,0.128490017617873
1.71325,0.181712325544963
1.713375,0.128490017618031
1.7135,2.47338746406342e-13
1.713625,-0.128490017617915
1.71375,-0.181712325544963
1.713875,-0.128490017618223
1.714,-1.87322816343094e-13
1.714125,0.128490017617724
1.71425,0.181712325544963
1.714375,0.12849001761818
1.7145,4.57839680939809e-13
1.714625,-0.128490017618
1.71475,-0.181712325544963
1.714875,-0.128490017618138
1.715,-6.72909562165982e-14
1.715125,0.128490017617809
1.71525,0.181712325544963
1.715375,0.128490017618095
1.7155,7.27502615335022e-15
1.715625,-0.128490017617851
1.71575,-0.181712325544963
1.715875,-0.128490017618053
1.716,-2.77791890750066e-13
1.716125,0.128490017617894
1.71625,0.181712325544963
1.716375,0.128490017618244
1.7165,2.17775960686818e-13
1.716625,-0.128490017617936
1.71675,-0.181712325544963
1.716875,-0.128490017618202
1.717,-1.5776003062357e-13
1.717125,0.128490017617979
1.71725,0.181712325544963
1.717375,0.128490017618159
1.7175,9.77441005603216e-14
1.717625,-0.128490017617787
1.71775,-0.181712325544963
1.717875,-0.128490017618117
1.718,-3.68260965157037e-13
1.718125,0.12849001761783
1.71825,0.181712325544963
1.718375,0.128490017618074
1.7185,3.08245035093789e-13
1.718625,-0.128490017617872
1.71875,-0.181712325544963
1.718875,-0.128490017618266
1.719,-2.48229105030541e-13
1.719125,0.128490017617915
1.71925,0.181712325544963
1.719375,0.128490017617989
1.7195,1.88213174967293e-13
1.719625,-0.128490017617957
1.71975,-0.181712325544963
1.719875,-0.128490017618181
1.72,-1.28197244904045e-13
1.720125,0.128490017617766
1.72025,0.181712325544963
1.720375,0.128490017618138
1.7205,3.9871410950076e-13
1.720625,-0.128490017618042
1.72075,-0.181712325544963
1.720875,-0.12849001761833
1.721,-8.16538477754915e-15
1.721125,0.128490017617851
1.72125,0.181712325544963
1.721375,0.128490017618053
1.7215,2.78682249374264e-13
1.721625,-0.128490017617893
1.72175,-0.181712325544963
1.721875,-0.128490017618011
1.722,-2.18666319311016e-13
1.722125,0.128490017617702
1.72225,0.181712325544963
1.722375,0.128490017618202
1.7225,1.58650389247769e-13
1.722625,-0.128490017617978
1.72275,-0.181712325544963
1.722875,-0.12849001761816
1.723,-9.86344591845206e-14
1.723125,0.128490017617787
1.72325,0.181712325544963
1.723375,0.128490017618117
1.7235,3.86185291212726e-14
1.723625,-0.128490017617829
1.72375,-0.181712325544963
1.723875,-0.128490017618075
1.724,-3.09135393717988e-13
1.724125,0.128490017617871
1.72425,0.181712325544963
1.724375,0.128490017618266
1.7245,2.4911946365474e-13
1.724625,-0.128490017617914
1.72475,-0.181712325544963
1.724875,-0.128490017618224
1.725,-1.89103533591492e-13
1.725125,0.128490017617956
1.72525,0.181712325544963
1.725375,0.128490017618181
1.7255,1.29087603528244e-13
1.725625,-0.128490017617765
1.72575,-0.181712325544963
1.725875,-0.128490017618139
1.726,-6.9071673464996e-14
1.726125,0.128490017617808
1.72625,0.181712325544963
1.726375,0.128490017618096
1.7265,3.39588538061711e-13
1.726625,-0.12849001761785
1.72675,-0.181712325544963
1.726875,-0.128490017618288
1.727,5.09601866614999e-14
1.727125,0.128490017617892
1.72725,0.181712325544963
1.727375,0.128490017618012
1.7275,2.19556677935215e-13
1.727625,-0.128490017617935
1.72775,-0.181712325544963
1.727875,-0.128490017618203
1.728,-1.59540747871967e-13
1.728125,0.128490017617744
1.72825,0.181712325544963
1.728375,0.12849001761816
1.7285,4.30057612468683e-13
1.728625,-0.12849001761802
1.72875,-0.181712325544963
1.728875,-0.128490017618118
1.729,-3.95088877454715e-14
1.729125,0.128490017617828
1.72925,0.181712325544963
1.729375,0.128490017618076
1.7295,3.10025752342187e-13
1.729625,-0.128490017617871
1.72975,-0.181712325544963
1.729875,-0.128490017618033
1.73,-2.50009822278939e-13
1.730125,0.128490017617913
1.73025,0.181712325544963
1.730375,0.128490017618224
1.7305,1.89993892215691e-13
1.730625,-0.128490017617956
1.73075,-0.181712325544963
1.730875,-0.128490017618182
1.731,-1.29977962152443e-13
1.731125,0.128490017617998
1.73125,0.181712325544963
1.731375,0.12849001761814
1.7315,6.9962032089195e-14
1.731625,-0.128490017617807
1.73175,-0.181712325544963
1.731875,-0.128490017618097
1.732,-3.4047889668591e-13
1.732125,0.128490017617849
1.73225,0.181712325544963
1.732375,0.128490017618055
1.7325,2.80462966622662e-13
1.732625,-0.128490017617892
1.73275,-0.181712325544963
1.732875,-0.128490017618246
1.733,-2.20447036559414e-13
1.733125,0.128490017617934
1.73325,0.181712325544963
1.733375,0.12849001761797
1.7335,1.60431106496166e-13
1.733625,-0.128490017617743
1.73375,-0.181712325544963
1.733875,-0.128490017618161
1.734,-1.00415176432918e-13
1.734125,0.128490017617785
1.73425,0.181712325544963
1.734375,0.128490017618119
1.7345,3.70932041029634e-13
1.734625,-0.128490017618062
1.73475,-0.181712325544963
1.734875,-0.12849001761831
1.735,1.96166836935775e-14
1.735125,0.12849001761787
1.73525,0.181712325544963
1.735375,0.128490017618268
1.7355,2.50900180903138e-13
1.735625,-0.128490017617913
1.73575,-0.181712325544963
1.735875,-0.128490017618225
1.736,-1.9088425083989e-13
1.736125,0.128490017617721
1.73625,0.181712325544963
1.736375,0.128490017618183
1.7365,1.30868320776642e-13
1.736625,-0.128490017617998
1.73675,-0.181712325544963
1.736875,-0.12849001761814
1.737,-7.08523907133939e-14
1.737125,0.128490017617806
1.73725,0.181712325544963
1.737375,0.128490017618331
1.7375,1.08364606501459e-14
1.737625,-0.128490017617849
1.73775,-0.181712325544963
1.737875,-0.128490017618055
1.738,-2.81353325246861e-13
1.738125,0.128490017617891
1.73825,0.181712325544963
1.738375,0.128490017618247
1.7385,2.21337395183613e-13
1.738625,-0.128490017617934
1.73875,-0.181712325544963
1.738875,-0.128490017618204
1.739,-1.61321465120365e-13
1.739125,0.128490017617976
1.73925,0.181712325544963
1.739375,0.128490017618162
1.7395,1.01305535057117e-13
1.739625,-0.128490017617785
1.73975,-0.181712325544963
1.739875,-0.128490017618119
1.74,-3.71822399653833e-13
1.740125,0.128490017617827
1.74025,0.181712325544963
1.740375,0.128490017618077
1.7405,3.11806469590585e-13
1.740625,-0.12849001761787
1.74075,-0.181712325544963
1.740875,-0.128490017618268
1.741,7.87422551326265e-14
1.741125,0.128490017617912
1.74125,0.181712325544963
1.741375,0.128490017618226
1.7415,1.91774609464089e-13
1.741625,-0.128490017617954
1.74175,-0.181712325544963
1.741875,-0.128490017618183
1.742,-1.31758679400841e-13
1.742125,0.128490017617763
1.74225,0.181712325544963
1.742375,0.128490017618141
1.7425,4.02275543997556e-13
1.742625,-0.128490017618039
1.74275,-0.181712325544963
1.742875,-0.128490017618098
1.743,-1.17268192743449e-14
1.743125,0.128490017617848
1.74325,0.181712325544963
1.743375,0.12849001761829
1.7435,2.8224368387106e-13
1.743625,-0.128490017617891
1.74375,-0.181712325544963
1.743875,-0.128490017618014
1.744,-2.22227753807812e-13
1.744125,0.128490017617933
1.74425,0.181712325544963
1.744375,0.128490017618205
1.7445,1.62211823744564e-13
1.744625,-0.128490017617975
1.74475,-0.181712325544963
1.744875,-0.128490017618162
1.745,-1.02195893681316e-13
1.745125,0.128490017618018
1.74525,0.181712325544963
1.745375,0.128490017618354
1.7455,4.21799636180683e-14
1.745625,-0.128490017617827
1.74575,-0.181712325544963
1.745875,-0.128490017618077
1.746,-3.12696828214784e-13
1.746125,0.128490017617869
1.74625,0.181712325544963
1.746375,0.128490017618269
1.7465,2.52680898151536e-13
1.746625,-0.128490017617911
1.74675,-0.181712325544963
1.746875,-0.128490017618226
1.747,-1.92664968088288e-13
1.747125,0.128490017617954
1.74725,0.181712325544963
1.747375,0.128490017618184
1.7475,1.3264903802504e-13
1.747625,-0.128490017617763
1.74775,-0.181712325544963
1.747875,-0.128490017618141
1.748,-7.26331079617918e-14
1.748125,0.128490017617805
1.74825,0.181712325544963
1.748375,0.128490017618099
1.7485,3.43149972558507e-13
1.748625,-0.128490017617847
1.74875,-0.181712325544963
1.748875,-0.12849001761829
1.749,4.73987521647042e-14
1.749125,0.12849001761789
1.74925,0.181712325544963
1.749375,0.128490017618248
1.7495,2.23118112432011e-13
1.749625,-0.128490017617932
1.74975,-0.181712325544963
1.749875,-0.128490017618205
1.75,-1.63102182368763e-13
1.750125,0.128490017617741
1.75025,0.181712325544963
1.750375,0.128490017618163
1.7505,1.03086252305515e-13
1.750625,-0.128490017618017
1.75075,-0.181712325544963
1.750875,-0.128490017618121
1.751,-3.73603116902231e-13
1.751125,0.128490017617826
1.75125,0.181712325544963
1.751375,0.128490017618312
1.7515,-1.69456078209807e-14
1.751625,-0.128490017617868
1.75175,-0.181712325544963
1.751875,-0.128490017618036
1.752,-2.53571256775735e-13
1.752125,0.128490017617911
1.75225,0.181712325544963
1.752375,0.128490017618227
1.7525,1.93555326712487e-13
1.752625,-0.128490017617953
1.75275,-0.181712325544963
1.752875,-0.128490017618184
1.753,-4.64072191309202e-13
1.753125,0.128490017617996
1.75325,0.181712325544963
1.753375,0.128490017618142
1.7535,7.35234665859907e-14
1.753625,-0.128490017617804
1.75375,-0.181712325544963
1.753875,-0.1284900176181
1.754,-3.44040331182706e-13
1.754125,0.128490017617847
1.75425,0.181712325544963
1.754375,0.128490017618057
1.7545,2.84024401119458e-13
1.754625,-0.128490017617889
1.75475,-0.181712325544963
1.754875,-0.128490017618248
1.755,-2.2400847105621e-13
1.755125,0.128490017617932
1.75525,0.181712325544963
1.755375,0.128490017618206
1.7555,1.63992540992962e-13
1.755625,-0.128490017617974
1.75575,-0.181712325544963
1.755875,-0.128490017618164
1.756,-1.03976610929714e-13
1.756125,0.128490017617783
1.75625,0.181712325544963
1.756375,0.128490017618121
1.7565,3.74493475526429e-13
1.756625,-0.128490017618059
1.75675,-0.181712325544963
1.756875,-0.128490017618079
1.757,-3.14477545463181e-13
1.757125,0.128490017617868
1.75725,0.181712325544963
1.757375,0.12849001761827
1.7575,2.54461615399933e-13
1.757625,-0.12849001761791
1.75775,-0.181712325544963
1.757875,-0.128490017617994
1.758,-1.94445685336686e-13
1.758125,0.128490017617719
1.75825,0.181712325544963
1.758375,0.128490017618185
1.7585,1.34429755273438e-13
1.758625,-0.128490017617995
1.75875,-0.181712325544963
1.758875,-0.128490017618143
1.759,-4.04946619870153e-13
1.759125,0.128490017617804
1.75925,0.181712325544963
1.759375,0.128490017618334
1.7595,1.43978951469416e-14
1.759625,-0.128490017617846
1.75975,-0.181712325544963
1.759875,-0.128490017618058
1.76,-2.84914759743657e-13
1.760125,0.128490017617889
1.76025,0.181712325544963
1.760375,0.128490017618249
1.7605,2.24898829680409e-13
1.760625,-0.128490017617931
1.76075,-0.181712325544963
1.760875,-0.128490017618207
1.761,-1.64882899617161e-13
1.761125,0.128490017617973
1.76125,0.181712325544963
1.761375,0.128490017618164
1.7615,1.04866969553913e-13
1.761625,-0.128490017617782
1.76175,-0.181712325544963
1.761875,-0.128490017618122
1.762,-4.48510394906651e-14
1.762125,0.128490017617825
1.76225,0.181712325544963
1.762375,0.128490017618079
1.7625,3.1536790408738e-13
1.762625,-0.128490017617867
1.76275,-0.181712325544963
1.762875,-0.128490017618271
1.763,-2.55351974024132e-13
1.763125,0.12849001761791
1.76325,0.181712325544963
1.763375,0.128490017618228
1.7635,1.95336043960884e-13
1.763625,-0.128490017617952
1.76375,-0.181712325544963
1.763875,-0.128490017618186
1.764,-1.35320113897636e-13
1.764125,0.128490017617761
1.76425,0.181712325544963
1.764375,0.128490017618143
1.7645,4.05836978494352e-13
1.764625,-0.128490017618037
1.76475,-0.181712325544963
1.764875,-0.128490017618101
1.765,-3.45821048431104e-13
1.765125,0.128490017617846
1.76525,0.181712325544963
1.765375,0.128490017618292
1.7655,2.85805118367856e-13
1.765625,-0.128490017617888
1.76575,-0.181712325544963
1.765875,-0.128490017618016
1.766,-2.25789188304608e-13
1.766125,0.12849001761793
1.76625,0.181712325544963
1.766375,0.128490017618207
1.7665,1.6577325824136e-13
1.766625,-0.128490017617739
1.76675,-0.181712325544963
1.766875,-0.128490017618165
1.767,-4.36290122838075e-13
1.767125,0.128490017618015
1.76725,0.181712325544963
1.767375,0.128490017618122
1.7675,4.5741398114864e-14
1.767625,-0.128490017617824
1.76775,-0.181712325544963
1.767875,-0.12849001761808
1.768,-3.16258262711579e-13
1.768125,0.128490017617866
1.76825,0.181712325544963
1.768375,0.128490017618038
1.7685,2.56242332648331e-13
1.768625,-0.128490017617675
1.76875,-0.181712325544963
1.768875,-0.128490017618229
1.769,-1.96226402585083e-13
1.769125,0.128490017617951
1.76925,0.181712325544963
1.769375,0.128490017618186
1.7695,1.36210472521835e-13
1.769625,-0.128490017617994
1.76975,-0.181712325544963
1.769875,-0.128490017618144
1.77,-7.61945424585875e-14
1.770125,0.128490017617802
1.77025,0.181712325544963
1.770375,0.128490017618102
1.7705,3.46711407055303e-13
1.770625,-0.128490017617845
1.77075,-0.181712325544963
1.770875,-0.128490017618293
1.771,-2.86695476992055e-13
1.771125,0.128490017617887
1.77125,0.181712325544963
1.771375,0.12849001761825
1.7715,2.26679546928807e-13
1.771625,-0.12849001761793
1.77175,-0.181712325544963
1.771875,-0.128490017618208
1.772,-1.66663616865559e-13
1.772125,0.128490017617739
1.77225,0.181712325544963
1.772375,0.128490017618166
1.7725,1.06647686802311e-13
1.772625,-0.128490017617781
1.77275,-0.181712325544963
1.772875,-0.128490017618123
1.773,-3.77164551399026e-13
1.773125,0.128490017617823
1.77325,0.181712325544963
1.773375,0.128490017618314
1.7735,-1.3384173324185e-14
1.773625,-0.128490017617866
1.77375,-0.181712325544963
1.773875,-0.128490017618038
1.774,-2.5713269127253e-13
1.774125,0.128490017617908
1.77425,0.181712325544963
1.774375,0.128490017618229
1.7745,1.97116761209282e-13
1.774625,-0.128490017617717
1.77475,-0.181712325544963
1.774875,-0.128490017618187
1.775,-4.67633625805998e-13
1.775125,0.128490017617993
1.77525,0.181712325544963
1.775375,0.128490017618145
1.7755,7.70849010827864e-14
1.775625,-0.128490017617802
1.77575,-0.181712325544963
1.775875,-0.128490017618102
1.776,-1.70689710195384e-14
1.776125,0.128490017617844
1.77625,0.181712325544963
1.776375,0.12849001761806
1.7765,2.87585835616254e-13
1.776625,-0.128490017617887
1.77675,-0.181712325544963
1.776875,-0.128490017618251
1.777,-2.27569905553006e-13
1.777125,0.128490017617929
1.77725,0.181712325544963
1.777375,0.128490017618209
1.7775,1.67553975489758e-13
1.777625,-0.128490017617972
1.77775,-0.181712325544963
1.777875,-0.128490017618166
1.778,-1.0753804542651e-13
1.778125,0.12849001761778
1.77825,0.181712325544963
1.778375,0.128490017618124
1.7785,3.78054910023225e-13
1.778625,-0.128490017617823
1.77875,-0.181712325544963
1.778875,-0.128490017618081
1.779,-3.18038979959977e-13
1.779125,0.128490017617865
1.77925,0.181712325544963
1.779375,0.128490017618273
1.7795,2.58023049896729e-13
1.779625,-0.128490017617908
1.77975,-0.181712325544963
1.779875,-0.128490017617996
1.78,-1.98007119833481e-13
1.780125,0.12849001761795
1.78025,0.181712325544963
1.780375,0.128490017618188
1.7805,1.37991189770233e-13
1.780625,-0.128490017617759
1.78075,-0.181712325544963
1.780875,-0.128490017618145
1.781,-4.08508054366949e-13
1.781125,0.128490017618035
1.78125,0.181712325544963
1.781375,0.128490017618337
1.7815,1.79593296437374e-14
1.781625,-0.128490017617844
1.78175,-0.181712325544963
1.781875,-0.12849001761806
1.782,-2.88476194240453e-13
1.782125,0.128490017617886
1.78225,0.181712325544963
1.782375,0.128490017618018
1.7825,2.28460264177205e-13
1.782625,-0.128490017617695
1.78275,-0.181712325544963
1.782875,-0.128490017618209
1.783,-1.68444334113957e-13
1.783125,0.128490017617971
1.78325,0.181712325544963
1.783375,0.128490017618167
1.7835,1.08428404050709e-13
1.783625,-0.12849001761778
1.78375,-0.181712325544963
1.783875,-0.128490017618124
1.784,-4.84124739874608e-14
1.784125,0.128490017617822
1.78425,0.181712325544963
1.784375,0.128490017618082
1.7845,3.18929338584176e-13
1.784625,-0.128490017617865
1.78475,-0.181712325544963
1.784875,-0.128490017618273
1.785,-2.58913408520928e-13
1.785125,0.128490017617907
1.78525,0.181712325544963
1.785375,0.128490017618231
1.7855,1.9889747845768e-13
1.785625,-0.128490017617949
1.78575,-0.181712325544963
1.785875,-0.128490017618188
1.786,-1.38881548394432e-13
1.786125,0.128490017617758
1.78625,0.181712325544963
1.786375,0.128490017618146
1.7865,7.88656183311843e-14
1.786625,-0.128490017617801
1.78675,-0.181712325544963
1.786875,-0.128490017618103
1.787,-3.493824829279e-13
1.787125,0.128490017617843
1.78725,0.181712325544963
1.787375,0.128490017618295
1.7875,-4.11662417953117e-14
1.787625,-0.128490017617885
1.78775,-0.181712325544963
1.787875,-0.128490017618019
1.788,-2.29350622801404e-13
1.788125,0.128490017617928
1.78825,0.181712325544963
1.788375,0.12849001761821
1.7885,1.69334692738156e-13
1.788625,-0.128490017617737
1.78875,-0.181712325544963
1.788875,-0.128490017618167
1.789,-4.39851557334871e-13
1.789125,0.128490017618013
1.78925,0.181712325544963
1.789375,0.128490017618125
1.7895,4.93028326116597e-14
1.789625,-0.128490017617821
1.78975,-0.181712325544963
1.789875,-0.128490017618082
1.79,-3.19819697208375e-13
1.790125,0.128490017617864
1.79025,0.181712325544963
1.790375,0.12849001761804
1.7905,2.59803767145127e-13
1.790625,-0.128490017617906
1.79075,-0.181712325544963
1.790875,-0.128490017618231
1.791,-1.99787837081879e-13
1.791125,0.128490017617949
1.79125,0.181712325544963
1.791375,0.128490017618189
1.7915,1.39771907018631e-13
1.791625,-0.128490017617991
1.79175,-0.181712325544963
1.791875,-0.128490017618146
1.792,-7.97559769553832e-14
1.792125,0.1284900176178
1.79225,0.181712325544963
1.792375,0.128490017618104
1.7925,3.50272841552098e-13
1.792625,-0.128490017617842
1.79275,-0.181712325544963
1.792875,-0.128490017618062
1.793,-2.90256911488851e-13
1.793125,0.128490017617885
1.79325,0.181712325544963
1.793375,0.128490017618253
1.7935,2.30240981425603e-13
1.793625,-0.128490017617927
1.79375,-0.181712325544963
1.793875,-0.128490017617977
1.794,-1.70225051362355e-13
1.794125,0.128490017617736
1.79425,0.181712325544963
1.794375,0.128490017618168
1.7945,1.10209121299107e-13
1.794625,-0.128490017617778
1.79475,-0.181712325544963
1.794875,-0.128490017618126
1.795,-3.80725985895822e-13
1.795125,0.128490017618055
1.79525,0.181712325544963
1.795375,0.128490017618317
1.7955,-9.8227388273893e-15
1.795625,-0.128490017617863
1.79575,-0.181712325544963
1.795875,-0.128490017618041
1.796,-2.60694125769326e-13
1.796125,0.128490017617906
1.79625,0.181712325544963
1.796375,0.128490017618232
1.7965,2.00678195706078e-13
1.796625,-0.128490017617714
1.79675,-0.181712325544963
1.796875,-0.12849001761819
1.797,-1.4066226564283e-13
1.797125,0.128490017617991
1.79725,0.181712325544963
1.797375,0.128490017618147
1.7975,8.06463355795821e-14
1.797625,-0.128490017617799
1.79775,-0.181712325544963
1.797875,-0.128490017618338
1.798,-2.06304055163341e-14
1.798125,0.128490017617842
1.79825,0.181712325544963
1.798375,0.128490017618062
1.7985,2.91147270113049e-13
1.798625,-0.128490017617884
1.79875,-0.181712325544963
1.798875,-0.128490017618254
1.799,-2.31131340049801e-13
1.799125,0.128490017617927
1.79925,0.181712325544963
1.799375,0.128490017618211
1.7995,1.71115409986554e-13
1.799625,-0.128490017617969
1.79975,-0.181712325544963
1.799875,-0.128490017618169
1.8,-1.11099479923306e-13
1.800125,0.128490017617778
1.80025,0.181712325544963
1.800375,0.128490017618126
1.8005,3.81616344520021e-13
1.800625,-0.12849001761782
1.80075,-0.181712325544963
1.800875,-0.128490017618084
1.801,-3.21600414456773e-13
1.801125,0.128490017617863
1.80125,0.181712325544963
1.801375,0.128490017618275
1.8015,-6.89483102664383e-14
1.801625,-0.128490017617905
1.80175,-0.181712325544963
1.801875,-0.128490017618233
1.802,-2.01568554330277e-13
1.802125,0.128490017617948
1.80225,0.181712325544963
1.802375,0.12849001761819
1.8025,1.41552624267029e-13
1.802625,-0.128490017617756
1.80275,-0.181712325544963
1.802875,-0.128490017618148
1.803,-4.12069488863744e-13
1.803125,0.128490017618032
1.80325,0.181712325544963
1.803375,0.128490017618105
1.8035,2.15207641405331e-14
1.803625,-0.128490017617841
1.80375,-0.181712325544963
1.803875,-0.128490017618297
1.804,-2.92037628737248e-13
1.804125,0.128490017617884
1.80425,0.181712325544963
1.804375,0.12849001761802
1.8045,2.32021698674e-13
1.804625,-0.128490017617926
1.80475,-0.181712325544963
1.804875,-0.128490017618212
1.805,-1.72005768610752e-13
1.805125,0.128490017617968
1.80525,0.181712325544963
1.805375,0.128490017618169
1.8055,1.11989838547504e-13
1.805625,-0.128490017618011
1.80575,-0.181712325544963
1.805875,-0.128490017618361
1.806,-5.19739084842565e-14
1.806125,0.12849001761782
1.80625,0.181712325544963
1.806375,0.128490017618084
1.8065,3.22490773080972e-13
1.806625,-0.128490017617862
1.80675,-0.181712325544963
1.806875,-0.128490017618276
1.807,-2.62474843017724e-13
1.807125,0.128490017617904
1.80725,0.181712325544963
1.807375,0.128490017618233
1.8075,2.02458912954476e-13
1.807625,-0.128490017617947
1.80775,-0.181712325544963
1.807875,-0.128490017618191
1.808,-1.42442982891228e-13
1.808125,0.128490017617756
1.80825,0.181712325544963
1.808375,0.128490017618148
1.8085,8.242705282798e-14
1.808625,-0.128490017617798
1.80875,-0.181712325544963
1.808875,-0.128490017618106
1.809,-3.52943917424695e-13
1.809125,0.128490017617841
1.80925,0.181712325544963
1.809375,0.128490017618297
1.8095,-3.7604807298516e-14
1.809625,-0.128490017617883
1.80975,-0.181712325544963
1.809875,-0.128490017618255
1.81,-2.32912057298199e-13
1.810125,0.128490017617925
1.81025,0.181712325544963
1.810375,0.128490017618212
1.8105,1.72896127234951e-13
1.810625,-0.128490017617734
1.81075,-0.181712325544963
1.810875,-0.12849001761817
1.811,-1.12880197171703e-13
1.811125,0.12849001761801
1.81125,0.181712325544963
1.811375,0.128490017618127
1.8115,5.28642671084554e-14
1.811625,-0.128490017617819
1.81175,-0.181712325544963
1.811875,-0.128490017618319
1.812,7.15166295479252e-15
1.812125,0.128490017617861
1.81225,0.181712325544963
1.812375,0.128490017618043
1.8125,2.63365201641923e-13
1.812625,-0.128490017617904
1.81275,-0.181712325544963
1.812875,-0.128490017618234
1.813,-2.03349271578675e-13
1.813125,0.128490017617946
1.81325,0.181712325544963
1.813375,0.128490017618191
1.8135,4.7386613617539e-13
1.813625,-0.128490017617989
1.81375,-0.181712325544963
1.813875,-0.128490017618149
1.814,-8.33174114521789e-14
1.814125,0.128490017617797
1.81425,0.181712325544963
1.814375,0.128490017618107
1.8145,3.53834276048894e-13
1.814625,-0.12849001761784
1.81475,-0.181712325544963
1.814875,-0.128490017618064
1.815,-2.93818345985646e-13
1.815125,0.128490017617882
1.81525,0.181712325544963
1.815375,0.128490017618255
1.8155,2.33802415922398e-13
1.815625,-0.128490017617925
1.81575,-0.181712325544963
1.815875,-0.128490017618213
1.816,-1.7378648585915e-13
1.816125,0.128490017617967
1.81625,0.181712325544963
1.816375,0.128490017618171
1.8165,1.13770555795902e-13
1.816625,-0.128490017617776
1.81675,-0.181712325544963
1.816875,-0.128490017618128
1.817,-3.84287420392618e-13
1.817125,0.128490017618052
1.81725,0.181712325544963
1.817375,0.128490017618086
1.8175,3.2427149032937e-13
1.817625,-0.128490017617861
1.81775,-0.181712325544963
1.817875,-0.128490017618277
1.818,-2.64255560266122e-13
1.818125,0.128490017617903
1.81825,0.181712325544963
1.818375,0.128490017618001
1.8185,2.04239630202874e-13
1.818625,-0.128490017617712
1.81875,-0.181712325544963
1.818875,-0.128490017618192
1.819,-1.44223700139626e-13
1.819125,0.128490017617988
1.81925,0.181712325544963
1.819375,0.12849001761815
1.8195,4.14740564736341e-13
1.819625,-0.128490017617797
1.81975,-0.181712325544963
1.819875,-0.128490017618341
1.82,-2.41918400131299e-14
1.820125,0.128490017617839
1.82025,0.181712325544963
1.820375,0.128490017618065
1.8205,2.94708704609845e-13
1.820625,-0.128490017617882
1.82075,-0.181712325544963
1.820875,-0.128490017618256
1.821,-2.34692774546597e-13
1.821125,0.128490017617924
1.82125,0.181712325544963
1.821375,0.128490017618214
1.8215,1.74676844483349e-13
1.821625,-0.128490017617967
1.82175,-0.181712325544963
1.821875,-0.128490017618171
1.822,-1.14660914420101e-13
1.822125,0.128490017617775
1.82225,0.181712325544963
1.822375,0.128490017618129
1.8225,5.46449843568533e-14
1.822625,-0.128490017617818
1.82275,-0.181712325544963
1.822875,-0.128490017618086
1.823,-3.25161848953569e-13
1.823125,0.12849001761786
1.82325,0.181712325544963
1.823375,0.128490017618278
1.8235,2.65145918890321e-13
1.823625,-0.128490017617903
1.82375,-0.181712325544963
1.823875,-0.128490017618235
1.824,-2.05129988827073e-13
1.824125,0.128490017617945
1.82425,0.181712325544963
1.824375,0.128490017618193
1.8245,1.45114058763825e-13
1.824625,-0.128490017617754
1.82475,-0.181712325544963
1.824875,-0.12849001761815
1.825,-4.1563092336054e-13
1.825125,0.12849001761803
1.82525,0.181712325544963
1.825375,0.128490017618108
1.8255,3.55614993297292e-13
1.825625,-0.128490017617839
1.82575,-0.181712325544963
1.825875,-0.128490017618299
1.826,-2.95599063234044e-13
1.826125,0.128490017617881
1.82625,0.181712325544963
1.826375,0.128490017618023
1.8265,2.35583133170796e-13
1.826625,-0.128490017617924
1.82675,-0.181712325544963
1.826875,-0.128490017618214
1.827,-1.75567203107548e-13
1.827125,0.128490017617966
1.82725,0.181712325544963
1.827375,0.128490017618172
1.8275,4.46084067704263e-13
1.827625,-0.128490017618008
1.82775,-0.181712325544963
1.827875,-0.128490017618129
1.828,-5.55353429810522e-14
1.828125,0.128490017617817
1.82825,0.181712325544963
1.828375,0.128490017618087
1.8285,3.26052207577768e-13
1.828625,-0.12849001761786
1.82875,-0.181712325544963
1.828875,-0.128490017618044
1.829,-2.6603627751452e-13
1.829125,0.128490017617668
1.82925,0.181712325544963
1.829375,0.128490017618236
1.8295,2.06020347451272e-13
1.829625,-0.128490017617944
1.82975,-0.181712325544963
1.829875,-0.128490017618193
1.83,-1.46004417388024e-13
1.830125,0.128490017617987
1.83025,0.181712325544963
1.830375,0.128490017618151
1.8305,8.59884873247757e-14
1.830625,-0.128490017617796
1.83075,-0.181712325544963
1.830875,-0.128490017618108
1.831,-3.56505351921491e-13
1.831125,0.128490017617838
1.83125,0.181712325544963
1.831375,0.1284900176183
1.8315,2.96489421858243e-13
1.831625,-0.12849001761788
1.83175,-0.181712325544963
1.831875,-0.128490017618257
1.832,-2.36473491794995e-13
1.832125,0.128490017617923
1.83225,0.181712325544963
1.832375,0.128490017618215
1.8325,1.76457561731747e-13
1.832625,-0.128490017617732
1.83275,-0.181712325544963
1.832875,-0.128490017618172
1.833,-1.16441631668499e-13
1.833125,0.128490017617774
1.83325,0.181712325544963
1.833375,0.12849001761813
1.8335,3.86958496265214e-13
1.833625,-0.128490017617816
1.83375,-0.181712325544963
1.833875,-0.128490017618321
1.834,3.59022845799681e-15
1.834125,0.128490017617859
1.83425,0.181712325544963
1.834375,0.128490017618045
1.8345,2.66926636138718e-13
1.834625,-0.128490017617901
1.83475,-0.181712325544963
1.834875,-0.128490017618236
1.835,-2.06910706075471e-13
1.835125,0.12849001761771
1.83525,0.181712325544963
1.835375,0.128490017618194
1.8355,4.77427570672186e-13
1.835625,-0.128490017617986
1.83575,-0.181712325544963
1.835875,-0.128490017618152
1.836,-8.68788459489746e-14
1.836125,0.128490017617795
1.83625,0.181712325544963
1.836375,0.128490017618109
1.8365,2.68629158857266e-14
1.836625,-0.128490017617837
1.83675,-0.181712325544963
1.836875,-0.128490017618067
1.837,-2.97379780482442e-13
1.837125,0.12849001761788
1.83725,0.181712325544963
1.837375,0.128490017618258
1.8375,2.37363850419194e-13
1.837625,-0.128490017617922
1.83775,-0.181712325544963
1.837875,-0.128490017618215
1.838,-1.77347920355946e-13
1.838125,0.128490017617965
1.83825,0.181712325544963
1.838375,0.128490017618173
1.8385,1.17331990292698e-13
1.838625,-0.128490017617773
1.83875,-0.181712325544963
1.838875,-0.128490017618131
1.839,-3.87848854889413e-13
1.839125,0.128490017617816
1.83925,0.181712325544963
1.839375,0.128490017618088
1.8395,3.27832924826165e-13
1.839625,-0.128490017617858
1.83975,-0.181712325544963
1.839875,-0.128490017618279
1.84,-2.67816994762917e-13
1.840125,0.128490017617901
1.84025,0.181712325544963
1.840375,0.128490017618003
1.8405,2.07801064699669e-13
1.840625,-0.128490017617943
1.84075,-0.181712325544963
1.840875,-0.128490017618195
1.841,-1.47785134636421e-13
1.841125,0.128490017617752
1.84125,0.181712325544963
1.841375,0.128490017618152
1.8415,4.18301999233137e-13
1.841625,-0.128490017618028
1.84175,-0.181712325544963
1.841875,-0.128490017618343
1.842,-2.77532745099256e-14
1.842125,0.128490017617837
1.84225,0.181712325544963
1.842375,0.128490017618067
1.8425,2.98270139106641e-13
1.842625,-0.128490017617879
1.84275,-0.181712325544963
1.842875,-0.128490017618025
1.843,-2.38254209043393e-13
1.843125,0.128490017617688
1.84325,0.181712325544963
1.843375,0.128490017618216
1.8435,1.78238278980145e-13
1.843625,-0.128490017617964
1.84375,-0.181712325544963
1.843875,-0.128490017618174
1.844,-1.18222348916897e-13
1.844125,0.128490017617773
1.84425,0.181712325544963
1.844375,0.128490017618131
1.8445,5.8206418853649e-14
1.844625,-0.128490017617815
1.84475,-0.181712325544963
1.844875,-0.128490017618089
1.845,-3.28723283450364e-13
1.845125,0.128490017617858
1.84525,0.181712325544963
1.845375,0.12849001761828
1.8455,2.68707353387116e-13
1.845625,-0.1284900176179
1.84575,-0.181712325544963
1.845875,-0.128490017618238
1.846,-2.08691423323868e-13
1.846125,0.128490017617943
1.84625,0.181712325544963
1.846375,0.128490017618195
1.8465,1.4867549326062e-13
1.846625,-0.128490017617751
1.84675,-0.181712325544963
1.846875,-0.128490017618153
1.847,-8.86595631973725e-14
1.847125,0.128490017617794
1.84725,0.181712325544963
1.847375,0.12849001761811
1.8475,3.59176427794088e-13
1.847625,-0.128490017617836
1.84775,-0.181712325544963
1.847875,-0.128490017618302
1.848,3.13722969291235e-14
1.848125,0.128490017617879
1.84825,0.181712325544963
1.848375,0.128490017618025
1.8485,2.39144567667592e-13
1.848625,-0.128490017617921
1.84875,-0.181712325544963
1.848875,-0.128490017618217
1.849,-1.79128637604344e-13
1.849125,0.12849001761773
1.84925,0.181712325544963
1.849375,0.128490017618174
1.8495,4.49645502201059e-13
1.849625,-0.128490017618006
1.84975,-0.181712325544963
1.849875,-0.128490017618132
1.85,-5.90967774778479e-14
1.850125,0.128490017617815
1.85025,0.181712325544963
1.850375,0.128490017618089
1.8505,3.29613642074563e-13
1.850625,-0.128490017617857
1.85075,-0.181712325544963
1.850875,-0.128490017618047
1.851,-2.69597712011315e-13
1.851125,0.128490017617899
1.85125,0.181712325544963
1.851375,0.128490017618238
1.8515,2.09581781948067e-13
1.851625,-0.128490017617942
1.85175,-0.181712325544963
1.851875,-0.128490017618196
1.852,-1.49565851884819e-13
1.852125,0.128490017617984
1.85225,0.181712325544963
1.852375,0.128490017618153
1.8525,8.95499218215714e-14
1.852625,-0.128490017617793
1.85275,-0.181712325544963
1.852875,-0.128490017618111
1.853,-3.60066786418287e-13
1.853125,0.128490017617835
1.85325,0.181712325544963
1.853375,0.128490017618069
1.8535,3.00050856355039e-13
1.853625,-0.128490017617878
1.85375,-0.181712325544963
1.853875,-0.12849001761826
1.854,-2.40034926291791e-13
1.854125,0.12849001761792
1.85425,0.181712325544963
1.854375,0.128490017617984
1.8545,1.80018996228543e-13
1.854625,-0.128490017617729
1.85475,-0.181712325544963
1.854875,-0.128490017618175
1.855,-1.20003066165295e-13
1.855125,0.128490017617771
1.85525,0.181712325544963
1.855375,0.128490017618133
1.8555,3.9051993076201e-13
1.855625,-0.128490017618048
1.85575,-0.181712325544963
1.855875,-0.128490017618324
1.856,2.87939612010937e-17
1.856125,0.128490017617856
1.85625,0.181712325544963
1.856375,0.128490017618048
1.8565,2.70488070635514e-13
1.856625,-0.128490017617899
1.85675,-0.181712325544963
1.856875,-0.128490017618239
1.857,-2.10472140572266e-13
1.857125,0.128490017617708
1.85725,0.181712325544963
1.857375,0.128490017618196
1.8575,1.50456210509018e-13
1.857625,-0.128490017617984
1.85775,-0.181712325544963
1.857875,-0.128490017618154
1.858,-9.04402804457703e-14
1.858125,0.128490017617792
1.85825,0.181712325544963
1.858375,0.128490017618112
1.8585,3.04243503825223e-14
1.858625,-0.128490017617835
1.85875,-0.181712325544963
1.858875,-0.128490017618069
1.859,-3.00941214979238e-13
1.859125,0.128490017617877
1.85925,0.181712325544963
1.859375,0.12849001761826
1.8595,2.4092528491599e-13
1.859625,-0.12849001761792
1.85975,-0.181712325544963
1.859875,-0.128490017618218
1.86,-1.80909354852742e-13
1.860125,0.128490017617962
1.86025,0.181712325544963
1.860375,0.128490017618176
1.8605,1.20893424789494e-13
1.860625,-0.128490017617771
1.86075,-0.181712325544963
1.860875,-0.128490017618133
1.861,-3.91410289386209e-13
1.861125,0.128490017617813
1.86125,0.181712325544963
1.861375,0.128490017618091
1.8615,3.31394359322961e-13
1.861625,-0.128490017617856
1.86175,-0.181712325544963
1.861875,-0.128490017618282
1.862,5.91543654002501e-14
1.862125,0.128490017617898
1.86225,0.181712325544963
1.862375,0.12849001761824
1.8625,2.11362499196465e-13
1.862625,-0.128490017617941
1.86275,-0.181712325544963
1.862875,-0.128490017618197
1.863,-1.51346569133217e-13
1.863125,0.128490017617749
1.86325,0.181712325544963
1.863375,0.128490017618155
1.8635,4.21863433729933e-13
1.863625,-0.128490017618026
1.86375,-0.181712325544963
1.863875,-0.128490017618112
1.864,-3.13147090067213e-14
1.864125,0.128490017617834
1.86425,0.181712325544963
1.864375,0.128490017618304
1.8645,3.01831573603437e-13
1.864625,-0.128490017617877
1.86475,-0.181712325544963
1.864875,-0.128490017618027
1.865,-2.41815643540189e-13
1.865125,0.128490017617919
1.86525,0.181712325544963
1.865375,0.128490017618219
1.8655,1.81799713476941e-13
1.865625,-0.128490017617962
1.86575,-0.181712325544963
1.865875,-0.128490017618176
1.866,-1.21783783413693e-13
1.866125,0.128490017618004
1.86625,0.181712325544963
1.866375,0.128490017618367
1.8665,6.17678533504447e-14
1.866625,-0.128490017617813
1.86675,-0.181712325544963
1.866875,-0.128490017618091
1.867,-3.3228471794716e-13
1.867125,0.128490017617855
1.86725,0.181712325544963
1.867375,0.128490017618283
1.8675,2.72268787883912e-13
1.867625,-0.128490017617898
1.86775,-0.181712325544963
1.867875,-0.12849001761824
1.868,-2.12252857820664e-13
1.868125,0.12849001761794
1.86825,0.181712325544963
1.868375,0.128490017618198
1.8685,1.52236927757416e-13
1.868625,-0.128490017617749
1.86875,-0.181712325544963
1.868875,-0.128490017618155
1.869,-9.22209976941682e-14
1.869125,0.128490017617791
1.86925,0.181712325544963
1.869375,0.128490017618113
1.8695,3.62737862290883e-13
1.869625,-0.128490017617834
1.86975,-0.181712325544963
1.869875,-0.128490017618304
1.87,2.78108624323278e-14
1.870125,0.128490017617876
1.87025,0.181712325544963
1.870375,0.128490017618262
1.8705,2.42706002164388e-13
1.870625,-0.128490017617918
1.87075,-0.181712325544963
1.870875,-0.128490017618219
1.871,-1.8269007210114e-13
1.871125,0.128490017617727
1.87125,0.181712325544963
1.871375,0.128490017618177
1.8715,1.22674142037892e-13
1.871625,-0.128490017618003
1.87175,-0.181712325544963
1.871875,-0.128490017618134
1.872,-6.26582119746437e-14
1.872125,0.128490017617812
1.87225,0.181712325544963
1.872375,0.128490017618326
1.8725,2.64228191139569e-15
1.872625,-0.128490017617855
1.87275,-0.181712325544963
1.872875,-0.12849001761805
1.873,-2.73159146508111e-13
1.873125,0.128490017617897
1.87325,0.181712325544963
1.873375,0.128490017618241
1.8735,2.13143216444863e-13
1.873625,-0.128490017617939
1.87375,-0.181712325544963
1.873875,-0.128490017618198
1.874,-1.53127286381615e-13
1.874125,0.128490017617982
1.87425,0.181712325544963
1.874375,0.128490017618156
1.8745,9.31113563183671e-14
1.874625,-0.128490017617791
1.87475,-0.181712325544963
1.874875,-0.128490017618113
1.875,-3.63628220915082e-13
1.875125,0.128490017617833
1.87525,0.181712325544963
1.875375,0.128490017618071
1.8755,3.03612290851834e-13
1.875625,-0.128490017617875
1.87575,-0.181712325544963
1.875875,-0.128490017618262
1.876,-2.43596360788586e-13
1.876125,0.128490017617918
1.87625,0.181712325544963
1.876375,0.12849001761822
1.8765,1.83580430725338e-13
1.876625,-0.12849001761796
1.87675,-0.181712325544963
1.876875,-0.128490017618177
1.877,-1.23564500662091e-13
1.877125,0.128490017617769
1.87725,0.181712325544963
1.877375,0.128490017618135
1.8775,3.94081365258806e-13
1.877625,-0.128490017618045
1.87775,-0.181712325544963
1.877875,-0.128490017618093
1.878,-3.34065435195558e-13
1.878125,0.128490017617854
1.87825,0.181712325544963
1.878375,0.128490017618284
1.8785,2.7404950513231e-13
1.878625,-0.128490017617896
1.87875,-0.181712325544963
1.878875,-0.128490017618008
1.879,-2.14033575069062e-13
1.879125,0.128490017617705
1.87925,0.181712325544963
1.879375,0.128490017618199
1.8795,1.54017645005814e-13
1.879625,-0.128490017617981
1.87975,-0.181712325544963
1.879875,-0.128490017618157
1.88,-4.24534509602529e-13
1.880125,0.12849001761779
1.88025,0.181712325544963
1.880375,0.128490017618348
1.8805,3.39857848793181e-14
1.880625,-0.128490017617832
1.88075,-0.181712325544963
1.880875,-0.128490017618072
1.881,-3.04502649476033e-13
1.881125,0.128490017617875
1.88125,0.181712325544963
1.881375,0.128490017618263
1.8815,2.44486719412785e-13
1.881625,-0.128490017617917
1.88175,-0.181712325544963
1.881875,-0.128490017618221
1.882,-1.84470789349537e-13
1.882125,0.12849001761796
1.88225,0.181712325544963
1.882375,0.128490017618178
1.8825,1.24454859286289e-13
1.882625,-0.128490017617768
1.88275,-0.181712325544963
1.882875,-0.128490017618136
1.883,-6.44389292230415e-14
1.883125,0.128490017617811
1.88325,0.181712325544963
1.883375,0.128490017618093
1.8835,3.34955793819757e-13
1.883625,-0.128490017617853
1.88375,-0.181712325544963
1.883875,-0.128490017618284
1.884,-2.74939863756509e-13
1.884125,0.128490017617896
1.88425,0.181712325544963
1.884375,0.128490017618242
1.8845,2.14923933693261e-13
1.884625,-0.128490017617938
1.88475,-0.181712325544963
1.884875,-0.1284900176182
1.885,-1.54908003630013e-13
1.885125,0.128490017617747
1.88525,0.181712325544963
1.885375,0.128490017618157
1.8855,4.25424868226728e-13
1.885625,-0.128490017618023
1.88575,-0.181712325544963
1.885875,-0.128490017618115
1.886,-3.6540893816348e-13
1.886125,0.128490017617832
1.88625,0.181712325544963
1.886375,0.128490017618306
1.8865,3.05393008100232e-13
1.886625,-0.128490017617874
1.88675,-0.181712325544963
1.886875,-0.12849001761803
1.887,-2.45377078036984e-13
1.887125,0.128490017617917
1.88725,0.181712325544963
1.887375,0.128490017618221
1.8875,1.85361147973736e-13
1.887625,-0.128490017617959
1.88775,-0.181712325544963
1.887875,-0.128490017618179
1.888,-4.55878012570452e-13
1.888125,0.128490017618001
1.88825,0.181712325544963
1.888375,0.128490017618136
1.8885,6.53292878472404e-14
1.888625,-0.12849001761781
1.88875,-0.181712325544963
1.888875,-0.128490017618094
1.889,-3.35846152443956e-13
1.889125,0.128490017617853
1.88925,0.181712325544963
1.889375,0.128490017618051
1.8895,2.75830222380708e-13
1.889625,-0.128490017617895
1.88975,-0.181712325544963
1.889875,-0.128490017618243
1.89,-2.1581429231746e-13
1.890125,0.128490017617937
1.89025,0.181712325544963
1.890375,0.1284900176182
1.8905,1.55798362254212e-13
1.890625,-0.12849001761798
1.89075,-0.181712325544963
1.890875,-0.128490017618158
1.891,-9.57824321909639e-14
1.891125,0.128490017617789
1.89125,0.181712325544963
1.891375,0.128490017618115
1.8915,3.66299296787679e-13
1.891625,-0.128490017617831
1.89175,-0.181712325544963
1.891875,-0.128490017618307
1.892,-3.06283366724431e-13
1.892125,0.128490017617873
1.89225,0.181712325544963
1.892375,0.128490017618264
1.8925,2.46267436661183e-13
1.892625,-0.128490017617916
1.89275,-0.181712325544963
1.892875,-0.128490017618222
1.893,-1.86251506597935e-13
1.893125,0.128490017617725
1.89325,0.181712325544963
1.893375,0.128490017618179
1.8935,1.26235576534687e-13
1.893625,-0.128490017617767
1.89375,-0.181712325544963
1.893875,-0.128490017618137
1.894,-3.96752441131403e-13
1.894125,0.12849001761781
1.89425,0.181712325544963
1.894375,0.128490017618328
1.8945,6.2037164081914e-15
1.894625,-0.128490017617852
1.89475,-0.181712325544963
1.894875,-0.128490017618052
1.895,-2.76720581004907e-13
1.895125,0.128490017617894
1.89525,0.181712325544963
1.895375,0.128490017618243
1.8955,2.16704650941659e-13
1.895625,-0.128490017617703
1.89575,-0.181712325544963
1.895875,-0.128490017618201
1.896,-4.87221515538374e-13
1.896125,0.128490017617979
1.89625,0.181712325544963
1.896375,0.128490017618158
1.8965,9.66727908151628e-14
1.896625,-0.128490017617788
1.89675,-0.181712325544963
1.896875,-0.128490017618116
1.897,-3.66568607519148e-14
1.897125,0.12849001761783
1.89725,0.181712325544963
1.897375,0.128490017618074
1.8975,3.0717372534863e-13
1.897625,-0.128490017617873
1.89775,-0.181712325544963
1.897875,-0.128490017618265
1.898,-2.47157795285382e-13
1.898125,0.128490017617915
1.89825,0.181712325544963
1.898375,0.128490017618222
1.8985,1.87141865222134e-13
1.898625,-0.128490017617958
1.89875,-0.181712325544963
1.898875,-0.12849001761818
1.899,-1.27125935158886e-13
1.899125,0.128490017617766
1.89925,0.181712325544963
1.899375,0.128490017618138
1.8995,3.97642799755602e-13
1.899625,-0.128490017617809
1.89975,-0.181712325544963
1.899875,-0.128490017618095
1.9,-3.37626869692354e-13
1.900125,0.128490017617851
1.90025,0.181712325544963
1.900375,0.128490017618286
1.9005,2.77610939629106e-13
1.900625,-0.128490017617894
1.90075,-0.181712325544963
1.900875,-0.12849001761801
1.901,-2.17595009565858e-13
1.901125,0.128490017617936
1.90125,0.181712325544963
1.901375,0.128490017618202
1.9015,1.5757907950261e-13
1.901625,-0.128490017617745
1.90175,-0.181712325544963
1.901875,-0.128490017618159
1.902,-4.28095944099325e-13
1.902125,0.128490017618021
1.90225,0.181712325544963
1.902375,0.12849001761835
1.9025,3.75472193761138e-14
1.902625,-0.12849001761783
1.90275,-0.181712325544963
1.902875,-0.128490017618074
1.903,-3.08064083972829e-13
1.903125,0.128490017617872
1.90325,0.181712325544963
1.903375,0.128490017618032
1.9035,2.48048153909581e-13
1.903625,-0.128490017617681
1.90375,-0.181712325544963
1.903875,-0.128490017618223
1.904,-1.88032223846333e-13
1.904125,0.128490017617957
1.90425,0.181712325544963
1.904375,0.128490017618181
1.9045,1.28016293783085e-13
1.904625,-0.128490017617766
1.90475,-0.181712325544963
1.904875,-0.128490017618138
1.905,-6.80003637198372e-14
1.905125,0.128490017617808
1.90525,0.181712325544963
1.905375,0.128490017618096
1.9055,3.38517228316553e-13
1.905625,-0.128490017617851
1.90575,-0.181712325544963
1.905875,-0.128490017618287
1.906,-2.78501298253305e-13
1.906125,0.128490017617893
1.90625,0.181712325544963
1.906375,0.128490017618245
1.9065,2.18485368190057e-13
1.906625,-0.128490017617936
1.90675,-0.181712325544963
1.906875,-0.128490017618202
1.907,-1.58469438126809e-13
1.907125,0.128490017617744
1.90725,0.181712325544963
1.907375,0.12849001761816
1.9075,9.84535080635607e-14
1.907625,-0.128490017617787
1.90775,-0.181712325544963
1.907875,-0.128490017618117
1.908,-3.68970372660276e-13
1.908125,0.128490017617829
1.90825,0.181712325544963
1.908375,0.128490017618309
1.9085,-2.15783520629353e-14
1.908625,-0.128490017617872
1.90875,-0.181712325544963
1.908875,-0.128490017618032
1.909,-2.4893851253378e-13
1.909125,0.128490017617914
1.90925,0.181712325544963
1.909375,0.128490017618224
1.9095,1.88922582470532e-13
1.909625,-0.128490017617723
1.90975,-0.181712325544963
1.909875,-0.128490017618181
1.91,-4.59439447067247e-13
1.910125,0.128490017617999
1.91025,0.181712325544963
1.910375,0.128490017618139
1.9105,6.88907223440361e-14
1.910625,-0.128490017617808
1.91075,-0.181712325544963
1.910875,-0.128490017618096
1.911,-3.39407586940751e-13
1.911125,0.12849001761785
1.91125,0.181712325544963
1.911375,0.128490017618054
1.9115,2.79391656877503e-13
1.911625,-0.128490017617893
1.91175,-0.181712325544963
1.911875,-0.128490017618245
1.912,-2.19375726814256e-13
1.912125,0.128490017617935
1.91225,0.181712325544963
1.912375,0.128490017618203
1.9125,1.59359796751008e-13
1.912625,-0.128490017617977
1.91275,-0.181712325544963
1.912875,-0.12849001761816
1.913,-9.93438666877596e-14
1.913125,0.128490017617786
1.91325,0.181712325544963
1.913375,0.128490017618118
1.9135,3.69860731284475e-13
1.913625,-0.128490017617829
1.91375,-0.181712325544963
1.913875,-0.128490017618075
1.914,-3.09844801221227e-13
1.914125,0.128490017617871
1.91425,0.181712325544963
1.914375,0.128490017618267
1.9145,2.49828871157979e-13
1.914625,-0.128490017617913
1.91475,-0.181712325544963
1.914875,-0.128490017617991
1.915,-1.89812941094731e-13
1.915125,0.128490017617722
1.91525,0.181712325544963
1.915375,0.128490017618182
1.9155,1.29797011031483e-13
1.915625,-0.128490017617765
1.91575,-0.181712325544963
1.915875,-0.128490017618139
1.916,-4.00313875628198e-13
1.916125,0.128490017618041
1.91625,0.181712325544963
1.916375,0.128490017618331
1.9165,9.76515090498711e-15
1.916625,-0.128490017617849
1.91675,-0.181712325544963
1.916875,-0.128490017618055
1.917,-2.80282015501702e-13
1.917125,0.128490017617892
1.91725,0.181712325544963
1.917375,0.128490017618246
1.9175,2.20266085438454e-13
1.917625,-0.128490017617701
1.91775,-0.181712325544963
1.917875,-0.128490017618203
1.918,-1.60250155375206e-13
1.918125,0.128490017617977
1.91825,0.181712325544963
1.918375,0.128490017618161
1.9185,1.00234225311959e-13
1.918625,-0.128490017617785
1.91875,-0.181712325544963
1.918875,-0.128490017618119
1.919,-4.02182952487106e-14
1.919125,0.128490017617828
1.91925,0.181712325544963
1.919375,0.128490017618076
1.9195,3.10735159845426e-13
1.919625,-0.12849001761787
1.91975,-0.181712325544963
1.919875,-0.128490017618267
1.92,-2.50719229782178e-13
1.920125,0.128490017617913
1.92025,0.181712325544963
1.920375,0.128490017618225
1.9205,1.9070329971893e-13
1.920625,-0.128490017617955
1.92075,-0.181712325544963
1.920875,-0.128490017618182
1.921,-1.30687369655682e-13
1.921125,0.128490017617764
1.92125,0.181712325544963
1.921375,0.12849001761814
1.9215,4.01204234252397e-13
1.921625,-0.128490017617806
1.92175,-0.181712325544963
1.921875,-0.128490017618098
1.922,-3.41188304189149e-13
1.922125,0.128490017617849
1.92225,0.181712325544963
1.922375,0.128490017618289
1.9225,-4.93604205340619e-14
1.922625,-0.128490017617891
1.92275,-0.181712325544963
1.922875,-0.128490017618246
1.923,-2.21156444062653e-13
1.923125,0.128490017617934
1.92325,0.181712325544963
1.923375,0.128490017618204
1.9235,1.61140513999405e-13
1.923625,-0.128490017617742
1.92375,-0.181712325544963
1.923875,-0.128490017618162
1.924,-4.31657378596121e-13
1.924125,0.128490017618019
1.92425,0.181712325544963
1.924375,0.128490017618119
1.9245,4.11086538729095e-14
1.924625,-0.128490017617827
1.92475,-0.181712325544963
1.924875,-0.12849001761831
1.925,-3.11625518469625e-13
1.925125,0.12849001761787
1.92525,0.181712325544963
1.925375,0.128490017618034
1.9255,2.51609588406377e-13
1.925625,-0.128490017617912
1.92575,-0.181712325544963
1.925875,-0.128490017618226
1.926,-1.91593658343129e-13
1.926125,0.128490017617955
1.92625,0.181712325544963
1.926375,0.128490017618183
1.9265,1.31577728279881e-13
1.926625,-0.128490017617997
1.92675,-0.181712325544963
1.926875,-0.128490017618374
1.927,-7.15617982166329e-14
1.927125,0.128490017617806
1.92725,0.181712325544963
1.927375,0.128490017618098
1.9275,3.42078662813348e-13
1.927625,-0.128490017617848
1.92775,-0.181712325544963
1.927875,-0.12849001761829
1.928,-2.820627327501e-13
1.928125,0.128490017617891
1.92825,0.181712325544963
1.928375,0.128490017618247
1.9285,2.22046802686852e-13
1.928625,-0.128490017617933
1.92875,-0.181712325544963
1.928875,-0.128490017618205
1.929,-1.62030872623604e-13
1.929125,0.128490017617742
1.92925,0.181712325544963
1.929375,0.128490017618162
1.9295,1.02014942560356e-13
1.929625,-0.128490017617784
1.92975,-0.181712325544963
1.929875,-0.12849001761812
1.93,-3.72531807157072e-13
1.930125,0.128490017617827
1.93025,0.181712325544963
1.930375,0.128490017618311
1.9305,-1.80169175661395e-14
1.930625,-0.128490017617869
1.93075,-0.181712325544963
1.930875,-0.128490017618269
1.931,-2.52499947030576e-13
1.931125,0.128490017617912
1.93125,0.181712325544963
1.931375,0.128490017618226
1.9315,1.92484016967328e-13
1.931625,-0.12849001761772
1.93175,-0.181712325544963
1.931875,-0.128490017618184
1.932,-1.3246808690408e-13
1.932125,0.128490017617996
1.93225,0.181712325544963
1.932375,0.128490017618141
1.9325,7.24521568408319e-14
1.932625,-0.128490017617805
1.93275,-0.181712325544963
1.932875,-0.128490017618333
1.933,-1.24362267775839e-14
1.933125,0.128490017617848
1.93325,0.181712325544963
1.933375,0.128490017618056
1.9335,2.82953091374299e-13
1.933625,-0.12849001761789
1.93375,-0.181712325544963
1.933875,-0.128490017618248
1.934,-2.22937161311051e-13
1.934125,0.128490017617932
1.93425,0.181712325544963
1.934375,0.128490017618205
1.9345,1.62921231247803e-13
1.934625,-0.128490017617975
1.93475,-0.181712325544963
1.934875,-0.128490017618163
1.935,-1.02905301184555e-13
1.935125,0.128490017617784
1.93525,0.181712325544963
1.935375,0.12849001761812
1.9355,3.73422165781271e-13
1.935625,-0.128490017617826
1.93575,-0.181712325544963
1.935875,-0.128490017618078
1.936,-3.13406235718023e-13
1.936125,0.128490017617868
1.93625,0.181712325544963
1.936375,0.128490017618269
1.9365,2.53390305654775e-13
1.936625,-0.128490017617911
1.93675,-0.181712325544963
1.936875,-0.128490017618227
1.937,-1.93374375591527e-13
1.937125,0.128490017617953
1.93725,0.181712325544963
1.937375,0.128490017618184
1.9375,1.33358445528279e-13
1.937625,-0.128490017617762
1.93775,-0.181712325544963
1.937875,-0.128490017618142
1.938,-4.03875310124994e-13
1.938125,0.128490017618038
1.93825,0.181712325544963
1.938375,0.1284900176181
1.9385,3.43859380061746e-13
1.938625,-0.128490017617847
1.93875,-0.181712325544963
1.938875,-0.128490017618291
1.939,-2.83843449998498e-13
1.939125,0.128490017617889
1.93925,0.181712325544963
1.939375,0.128490017618015
1.9395,2.2382751993525e-13
1.939625,-0.128490017617698
1.93975,-0.181712325544963
1.939875,-0.128490017618206
1.94,-1.63811589872002e-13
1.940125,0.128490017617974
1.94025,0.181712325544963
1.940375,0.128490017618163
1.9405,4.34328454468717e-13
1.940625,-0.128490017617783
1.94075,-0.181712325544963
1.940875,-0.128490017618355
1.941,-4.37797297455063e-14
1.941125,0.128490017617825
1.94125,0.181712325544963
1.941375,0.128490017618079
1.9415,3.14296594342222e-13
1.941625,-0.128490017617868
1.94175,-0.181712325544963
1.941875,-0.12849001761827
1.942,-2.54280664278974e-13
1.942125,0.12849001761791
1.94225,0.181712325544963
1.942375,0.128490017618227
1.9425,1.94264734215726e-13
1.942625,-0.128490017617953
1.94275,-0.181712325544963
1.942875,-0.128490017618185
1.943,-1.34248804152478e-13
1.943125,0.128490017617761
1.94325,0.181712325544963
1.943375,0.128490017618143
1.9435,7.42328740892297e-14
1.943625,-0.128490017617804
1.94375,-0.181712325544963
1.943875,-0.1284900176181
1.944,-3.44749738685945e-13
1.944125,0.128490017617846
1.94425,0.181712325544963
1.944375,0.128490017618291
1.9445,2.84733808622697e-13
1.944625,-0.128490017617889
1.94475,-0.181712325544963
1.944875,-0.128490017618249
1.945,-2.24717878559449e-13
1.945125,0.128490017617931
1.94525,0.181712325544963
1.945375,0.128490017618207
1.9455,1.64701948496201e-13
1.945625,-0.12849001761774
1.94575,-0.181712325544963
1.945875,-0.128490017618164
1.946,-4.35218813092916e-13
1.946125,0.128490017618016
1.94625,0.181712325544963
1.946375,0.128490017618122
1.9465,3.75202883029668e-13
1.946625,-0.128490017617825
1.94675,-0.181712325544963
1.946875,-0.128490017618313
1.947,-3.1518695296642e-13
1.947125,0.128490017617867
1.94725,0.181712325544963
1.947375,0.128490017618037
1.9475,2.55171022903173e-13
1.947625,-0.12849001761791
1.94775,-0.181712325544963
1.947875,-0.128490017618228
1.948,-1.95155092839925e-13
1.948125,0.128490017617952
1.94825,0.181712325544963
1.948375,0.128490017618186
1.9485,4.6567195743664e-13
1.948625,-0.128490017617995
1.94875,-0.181712325544963
1.948875,-0.128490017618143
1.949,-7.51232327134286e-14
1.949125,0.128490017617803
1.94925,0.181712325544963
1.949375,0.128490017618101
1.9495,3.45640097310144e-13
1.949625,-0.128490017617846
1.94975,-0.181712325544963
1.949875,-0.128490017618058
1.95,-2.85624167246896e-13
1.950125,0.128490017617888
1.95025,0.181712325544963
1.950375,0.12849001761825
1.9505,2.25608237183648e-13
1.950625,-0.128490017617931
1.95075,-0.181712325544963
1.950875,-0.128490017618207
1.951,-1.655923071204e-13
1.951125,0.128490017617973
1.95125,0.181712325544963
1.951375,0.128490017618165
1.9515,1.05576377057152e-13
1.951625,-0.128490017617782
1.95175,-0.181712325544963
1.951875,-0.128490017618122
1.952,-3.76093241653867e-13
1.952125,0.128490017618058
1.95225,0.181712325544963
1.952375,0.128490017618314
1.9525,3.16077311590619e-13
1.952625,-0.128490017617867
1.95275,-0.181712325544963
1.952875,-0.128490017618271
1.953,-2.56061381527371e-13
1.953125,0.128490017617909
1.95325,0.181712325544963
1.953375,0.128490017618229
1.9535,1.96045451464123e-13
1.953625,-0.128490017617718
1.95375,-0.181712325544963
1.953875,-0.128490017618186
1.954,-1.36029521400876e-13
1.954125,0.12849001761776
1.95425,0.181712325544963
1.954375,0.128490017618144
1.9545,4.06546385997591e-13
1.954625,-0.128490017617803
1.95475,-0.181712325544963
1.954875,-0.128490017618335
1.955,-1.59976612743796e-14
1.955125,0.128490017617845
1.95525,0.181712325544963
1.955375,0.128490017618059
1.9555,2.86514525871095e-13
1.955625,-0.128490017617888
1.95575,-0.181712325544963
1.955875,-0.12849001761825
1.956,-2.26498595807847e-13
1.956125,0.128490017617696
1.95625,0.181712325544963
1.956375,0.128490017618208
1.9565,4.97015460404562e-13
1.956625,-0.128490017617972
1.95675,-0.181712325544963
1.956875,-0.128490017618165
1.957,-1.06466735681351e-13
1.957125,0.128490017617781
1.95725,0.181712325544963
1.957375,0.128490017618123
1.9575,4.64508056181031e-14
1.957625,-0.128490017617823
1.95775,-0.181712325544963
1.957875,-0.12849001761808
1.958,-3.16967670214818e-13
1.958125,0.128490017617866
1.95825,0.181712325544963
1.958375,0.128490017618272
1.9585,2.5695174015157e-13
1.958625,-0.128490017617908
1.95875,-0.181712325544963
1.958875,-0.128490017618229
1.959,-1.96935810088322e-13
1.959125,0.128490017617951
1.95925,0.181712325544963
1.959375,0.128490017618187
1.9595,1.36919880025074e-13
1.959625,-0.12849001761776
1.95975,-0.181712325544963
1.959875,-0.128490017618144
1.96,-4.0743674462179e-13
1.960125,0.128490017617802
1.96025,0.181712325544963
1.960375,0.128490017618102
1.9605,3.47420814558542e-13
1.960625,-0.128490017617844
1.96075,-0.181712325544963
1.960875,-0.128490017618293
1.961,-2.87404884495294e-13
1.961125,0.128490017617887
1.96125,0.181712325544963
1.961375,0.128490017618017
1.9615,2.27388954432046e-13
1.961625,-0.128490017617929
1.96175,-0.181712325544963
1.961875,-0.128490017618208
1.962,-1.67373024368798e-13
1.962125,0.128490017617738
1.96225,0.181712325544963
1.962375,0.128490017618166
1.9625,4.37889888965513e-13
1.962625,-0.128490017618014
1.96275,-0.181712325544963
1.962875,-0.128490017618357
1.963,-4.7341164242302e-14
1.963125,0.128490017617823
1.96325,0.181712325544963
1.963375,0.128490017618081
1.9635,3.17858028839017e-13
1.963625,-0.128490017617865
1.96375,-0.181712325544963
1.963875,-0.128490017618039
1.964,-2.57842098775769e-13
1.964125,0.128490017617674
1.96425,0.181712325544963
1.964375,0.12849001761823
1.9645,1.97826168712521e-13
1.964625,-0.12849001761795
1.96475,-0.181712325544963
1.964875,-0.128490017618188
1.965,-1.37810238649273e-13
1.965125,0.128490017617759
1.96525,0.181712325544963
1.965375,0.128490017618145
1.9655,7.77943085860254e-14
1.965625,-0.128490017617801
1.96575,-0.181712325544963
1.965875,-0.128490017618103
1.966,-3.48311173182741e-13
1.966125,0.128490017617844
1.96625,0.181712325544963
1.966375,0.128490017618294
1.9665,2.88295243119493e-13
1.966625,-0.128490017617886
1.96675,-0.181712325544963
1.966875,-0.128490017618251
1.967,-2.28279313056245e-13
1.967125,0.128490017617929
1.96725,0.181712325544963
1.967375,0.128490017618209
1.9675,1.68263382992997e-13
1.967625,-0.128490017617737
1.96775,-0.181712325544963
1.967875,-0.128490017618167
1.968,-1.08247452929749e-13
1.968125,0.12849001761778
1.96825,0.181712325544963
1.968375,0.128490017618124
1.9685,3.78764317526464e-13
1.968625,-0.128490017617822
1.96875,-0.181712325544963
1.968875,-0.128490017618315
1.969,1.17844071967471e-14
1.969125,0.128490017617865
1.96925,0.181712325544963
1.969375,0.128490017618039
1.9695,2.58732457399968e-13
1.969625,-0.128490017617907
1.96975,-0.181712325544963
1.969875,-0.128490017618231
1.97,-1.9871652733672e-13
1.970125,0.128490017617716
1.97025,0.181712325544963
1.970375,0.128490017618188
1.9705,4.69233391933436e-13
1.970625,-0.128490017617992
1.97075,-0.181712325544963
1.970875,-0.128490017618146
1.971,-7.86846672102243e-14
1.971125,0.128490017617801
1.97125,0.181712325544963
1.971375,0.128490017618103
1.9715,3.4920153180694e-13
1.971625,-0.128490017617843
1.97175,-0.181712325544963
1.971875,-0.128490017618061
1.972,-2.89185601743692e-13
1.972125,0.128490017617886
1.97225,0.181712325544963
1.972375,0.128490017618252
1.9725,2.29169671680444e-13
1.972625,-0.128490017617928
1.97275,-0.181712325544963
1.972875,-0.12849001761821
1.973,-1.69153741617196e-13
1.973125,0.12849001761797
1.97325,0.181712325544963
1.973375,0.128490017618167
1.9735,1.09137811553948e-13
1.973625,-0.128490017617779
1.97375,-0.181712325544963
1.973875,-0.128490017618125
1.974,-3.79654676150663e-13
1.974125,0.128490017617822
1.97425,0.181712325544963
1.974375,0.128490017618082
1.9745,3.19638746087415e-13
1.974625,-0.128490017617864
1.97475,-0.181712325544963
1.974875,-0.128490017618274
1.975,-2.59622816024167e-13
1.975125,0.128490017617906
1.97525,0.181712325544963
1.975375,0.128490017617997
1.9755,1.99606885960919e-13
1.975625,-0.128490017617715
1.97575,-0.181712325544963
1.975875,-0.128490017618189
1.976,-1.39590955897671e-13
1.976125,0.128490017617758
1.97625,0.181712325544963
1.976375,0.128490017618146
1.9765,4.10107820494387e-13
1.976625,-0.128490017618034
1.97675,-0.181712325544963
1.976875,-0.128490017618338
1.977,-1.95590957711753e-14
1.977125,0.128490017617843
1.97725,0.181712325544963
1.977375,0.128490017618061
1.9775,2.90075960367891e-13
1.977625,-0.128490017617885
1.97775,-0.181712325544963
1.977875,-0.128490017618253
1.978,-2.30060030304643e-13
1.978125,0.128490017617694
1.97825,0.181712325544963
1.978375,0.12849001761821
1.9785,1.70044100241395e-13
1.978625,-0.12849001761797
1.97875,-0.181712325544963
1.978875,-0.128490017618168
1.979,-1.10028170178147e-13
1.979125,0.128490017617779
1.97925,0.181712325544963
1.979375,0.128490017618125
1.9795,5.00122401148988e-14
1.979625,-0.128490017617821
1.97975,-0.181712325544963
1.979875,-0.128490017618083
1.98,-3.20529104711614e-13
1.980125,0.128490017617863
1.98025,0.181712325544963
1.980375,0.128490017618274
1.9805,2.60513174648366e-13
1.980625,-0.128490017617906
1.98075,-0.181712325544963
1.980875,-0.128490017618232
1.981,-2.00497244585118e-13
1.981125,0.128490017617948
1.98125,0.181712325544963
1.981375,0.128490017618189
1.9815,1.4048131452187e-13
1.981625,-0.128490017617757
1.98175,-0.181712325544963
1.981875,-0.128490017618147
1.982,-4.10998179118585e-13
1.982125,0.128490017617799
1.98225,0.181712325544963
1.982375,0.128490017618105
1.9825,3.50982249055337e-13
1.982625,-0.128490017617842
1.98275,-0.181712325544963
1.982875,-0.128490017618296
1.983,3.95664756678737e-14
1.983125,0.128490017617884
1.98325,0.181712325544963
1.983375,0.12849001761802
1.9835,2.30950388928842e-13
1.983625,-0.128490017617927
1.98375,-0.181712325544963
1.983875,-0.128490017618211
1.984,-1.70934458865594e-13
1.984125,0.128490017617735
1.98425,0.181712325544963
1.984375,0.128490017618169
1.9845,4.41451323462309e-13
1.984625,-0.128490017618012
1.98475,-0.181712325544963
1.984875,-0.128490017618126
1.985,-5.09025987390977e-14
1.985125,0.12849001761782
1.98525,0.181712325544963
1.985375,0.128490017618317
1.9855,3.21419463335813e-13
1.985625,-0.128490017617863
1.98575,-0.181712325544963
1.985875,-0.128490017618041
1.986,-2.61403533272565e-13
1.986125,0.128490017617905
1.98625,0.181712325544963
1.986375,0.128490017618232
1.9865,2.01387603209317e-13
1.986625,-0.128490017617948
1.98675,-0.181712325544963
1.986875,-0.12849001761819
1.987,-1.41371673146069e-13
1.987125,0.12849001761799
1.98725,0.181712325544963
1.987375,0.128490017618381
1.9875,8.13557430828211e-14
1.987625,-0.128490017617799
1.98775,-0.181712325544963
1.987875,-0.128490017618105
1.988,-3.51872607679536e-13
1.988125,0.128490017617841
1.98825,0.181712325544963
1.988375,0.128490017618296
1.9885,2.91856677616288e-13
1.988625,-0.128490017617884
1.98875,-0.181712325544963
1.988875,-0.128490017618254
1.989,-2.3184074755304e-13
1.989125,0.128490017617926
1.98925,0.181712325544963
1.989375,0.128490017618212
1.9895,1.71824817489793e-13
1.989625,-0.128490017617735
1.98975,-0.181712325544963
1.989875,-0.128490017618169
1.99,-1.11808887426545e-13
1.990125,0.128490017617777
1.99025,0.181712325544963
1.990375,0.128490017618127
1.9905,3.8232575202326e-13
1.990625,-0.12849001761782
1.99075,-0.181712325544963
1.990875,-0.128490017618318
1.991,8.22297269995134e-15
1.991125,0.128490017617862
1.99125,0.181712325544963
1.991375,0.128490017618276
1.9915,2.62293891896764e-13
1.991625,-0.128490017617905
1.99175,-0.181712325544963
1.991875,-0.128490017618233
1.992,-2.02277961833516e-13
1.992125,0.128490017617713
1.99225,0.181712325544963
1.992375,0.128490017618191
1.9925,1.42262031770268e-13
1.992625,-0.128490017617989
1.99275,-0.181712325544963
1.992875,-0.128490017618148
1.993,-8.22461017070201e-14
1.993125,0.128490017617798
1.99325,0.181712325544963
1.993375,0.12849001761834
1.9935,2.22301716437721e-14
1.993625,-0.128490017617841
1.99375,-0.181712325544963
1.993875,-0.128490017618063
1.994,-2.92747036240487e-13
1.994125,0.128490017617883
1.99425,0.181712325544963
1.994375,0.128490017618255
1.9945,2.32731106177239e-13
1.994625,-0.128490017617926
1.99475,-0.181712325544963
1.994875,-0.128490017618212
1.995,-1.72715176113991e-13
1.995125,0.128490017617968
1.99525,0.181712325544963
1.995375,0.12849001761817
1.9955,1.12699246050744e-13
1.995625,-0.128490017617777
1.99575,-0.181712325544963
1.995875,-0.128490017618127
1.996,-3.83216110647459e-13
1.996125,0.128490017617819
1.99625,0.181712325544963
1.996375,0.128490017618085
1.9965,3.23200180584211e-13
1.996625,-0.128490017617862
1.99675,-0.181712325544963
1.996875,-0.128490017618276
1.997,-2.63184250520963e-13
1.997125,0.128490017617904
1.99725,0.181712325544963
1.997375,0.128490017618234
1.9975,2.03168320457715e-13
1.997625,-0.128490017617946
1.99775,-0.181712325544963
1.997875,-0.128490017618191
1.998,-1.43152390394467e-13
1.998125,0.128490017617755
1.99825,0.181712325544963
1.998375,0.128490017618149
1.9985,4.13669254991182e-13
1.998625,-0.128490017618031
1.99875,-0.181712325544963
1.998875,-0.128490017618106
1.999,-2.3120530267971e-14
1.999125,0.12849001761784
1.99925,0.181712325544963
1.999375,0.128490017618298
1.9995,2.93637394864686e-13
1.999625,-0.128490017617882
1.99975,-0.181712325544963
1.999875,-0.128490017618022
2,-2.33621464801438e-13
2.000125,0.128490017617925
2.00025,0.181712325544963
2.000375,0.128490017618213
2.0005,1.7360553473819e-13
2.000625,-0.128490017617734
2.00075,-0.181712325544963
2.000875,-0.128490017617937
2.001,-4.44122399334906e-13
2.001125,0.128490017617776
2.00125,0.181712325544963
2.001375,0.128490017618362
2.0015,5.35736746116945e-14
2.001625,-0.128490017618052
2.00175,-0.181712325544963
2.001875,-0.128490017618086
2.002,-3.2409053920841e-13
2.002125,0.128490017617861
2.00225,0.181712325544963
2.002375,0.128490017618277
2.0025,2.64074609145162e-13
2.002625,-0.128490017617903
2.00275,-0.181712325544963
2.002875,-0.128490017618234
2.003,-2.04058679081914e-13
2.003125,0.128490017617712
2.00325,0.181712325544963
2.003375,0.128490017618192
2.0035,4.74575543678629e-13
2.003625,-0.128490017617754
2.00375,-0.181712325544963
2.003875,-0.128490017618383
2.004,-8.40268189554179e-14
2.004125,0.128490017618031
2.00425,0.181712325544963
2.004375,0.128490017618107
2.0045,2.401088889217e-14
2.004625,-0.128490017617839
2.00475,-0.181712325544963
2.004875,-0.128490017618065
2.005,-2.94527753488885e-13
2.005125,0.128490017617882
2.00525,0.181712325544963
2.005375,0.128490017618256
2.0055,2.34511823425637e-13
2.005625,-0.128490017617924
2.00575,-0.181712325544963
2.005875,-0.128490017618213
2.006,-5.05028688022353e-13
2.006125,0.128490017617733
2.00625,0.181712325544963
2.006375,0.128490017618405
2.0065,4.45012757959105e-13
2.006625,-0.128490017618009
2.00675,-0.181712325544963
2.006875,-0.128490017618129
2.007,-5.44640332358934e-14
2.007125,0.128490017617818
2.00725,0.181712325544963
2.007375,0.128490017618086
2.0075,3.24980897832609e-13
2.007625,-0.12849001761786
2.00775,-0.181712325544963
2.007875,-0.128490017618277
2.008,-2.64964967769361e-13
2.008125,0.128490017617903
2.00825,0.181712325544963
2.008375,0.128490017618235
2.0085,-1.2558375695385e-13
2.008625,-0.128490017617711
2.00875,-0.181712325544963
2.008875,-0.128490017617959
2.009,-4.75465902302828e-13
2.009125,0.128490017617988
2.00925,0.181712325544963
2.009375,0.12849001761815
2.0095,8.49171775796169e-14
2.009625,-0.12849001761803
2.00975,-0.181712325544963
2.009875,-0.128490017618108
2.01,-3.55434042176332e-13
2.010125,0.128490017617839
2.01025,0.181712325544963
2.010375,0.128490017618299
2.0105,2.95418112113084e-13
2.010625,-0.128490017617881
2.01075,-0.181712325544963
2.010875,-0.128490017618257
2.011,-2.35402182049836e-13
2.011125,0.12849001761769
2.01125,0.181712325544963
2.011375,0.12849001761798
2.0115,5.05919046646552e-13
2.011625,-0.128490017617966
2.01175,-0.181712325544963
2.011875,-0.128490017618405
2.012,-1.1537032192334e-13
2.012125,0.128490017618008
2.01225,0.181712325544963
2.012375,0.128490017618129
2.0125,5.53543918600923e-14
2.012625,-0.128490017617817
2.01275,-0.181712325544963
2.012875,-0.128490017618087
2.013,-3.25871256456808e-13
2.013125,0.12849001761786
2.01325,0.181712325544963
2.013375,0.128490017618278
2.0135,2.6585532639356e-13
2.013625,-0.128490017618136
2.01375,-0.181712325544963
2.013875,-0.128490017618236
2.014,-5.36372190990275e-13
2.014125,0.128490017617711
2.01425,0.181712325544963
2.014375,0.128490017618427
2.0145,1.45823466267064e-13
2.014625,-0.128490017617987
2.01475,-0.181712325544963
2.014875,-0.128490017618151
2.015,-8.58075362038158e-14
2.015125,0.128490017617796
2.01525,0.181712325544963
2.015375,0.128490017618108
2.0155,3.56324400800531e-13
2.015625,-0.128490017617838
2.01575,-0.181712325544963
2.015875,-0.1284900176183
2.016,-2.96308470737283e-13
2.016125,0.128490017617881
2.01625,0.181712325544963
2.016375,0.128490017618257
2.0165,-9.42402539859281e-14
2.016625,-0.128490017617689
2.01675,-0.181712325544963
2.016875,-0.128490017617981
2.017,-5.0680940527075e-13
2.017125,0.128490017617965
2.01725,0.181712325544963
2.017375,0.128490017618172
2.0175,1.16260680547539e-13
2.017625,-0.128490017617774
2.01775,-0.181712325544963
2.017875,-0.12849001761813
2.018,-3.86777545144254e-13
2.018125,0.128490017617817
2.01825,0.181712325544963
2.018375,0.128490017618321
2.0185,3.26761615081007e-13
2.018625,-0.128490017617859
2.01875,-0.181712325544963
2.018875,-0.128490017618279
2.019,6.37871096422047e-14
2.019125,0.128490017617668
2.01925,0.181712325544963
2.019375,0.128490017618003
2.0195,5.37262549614474e-13
2.019625,-0.128490017617944
2.01975,-0.181712325544963
2.019875,-0.128490017618194
2.02,-1.46713824891263e-13
2.020125,0.128490017617986
2.02025,0.181712325544963
2.020375,0.128490017618151
2.0205,8.66978948280147e-14
2.020625,-0.128490017617795
2.02075,-0.181712325544963
2.020875,-0.128490017618109
2.021,-3.5721475942473e-13
2.021125,0.128490017617837
2.02125,0.181712325544963
2.021375,0.1284900176183
2.0215,2.97198829361482e-13
2.021625,-0.128490017617646
2.02175,-0.181712325544963
2.021875,-0.128490017618024
2.022,-5.67715693958197e-13
2.022125,0.128490017617922
2.02225,0.181712325544963
2.022375,0.128490017618449
2.0225,1.77166969234986e-13
2.022625,-0.128490017617965
2.02275,-0.181712325544963
2.022875,-0.128490017618173
2.023,-1.17151039171738e-13
2.023125,0.128490017617774
2.02325,0.181712325544963
2.023375,0.12849001761813
2.0235,3.87667903768453e-13
2.023625,-0.128490017617816
2.02375,-0.181712325544963
2.023875,-0.128490017618322
2.024,-3.27651973705205e-13
2.024125,0.128490017618092
2.02425,0.181712325544963
2.024375,0.128490017618046
2.0245,-6.28967510180057e-14
2.024625,-0.128490017617667
2.02475,-0.181712325544963
2.024875,-0.128490017618003
2.025,-2.0762011357871e-13
2.025125,0.128490017617943
2.02525,0.181712325544963
2.025375,0.128490017618194
2.0255,1.47604183515462e-13
2.025625,-0.128490017617752
2.02575,-0.181712325544963
2.025875,-0.128490017618152
2.026,-4.18121048112177e-13
2.026125,0.128490017617794
2.02625,0.181712325544963
2.026375,0.128490017618343
2.0265,3.58105118048929e-13
2.026625,-0.128490017617837
2.02675,-0.181712325544963
2.026875,-0.128490017618301
2.027,3.24436066742823e-14
2.027125,0.128490017617646
2.02725,0.181712325544963
2.027375,0.128490017618025
2.0275,2.38073257922433e-13
2.027625,-0.128490017617922
2.02775,-0.181712325544963
2.027875,-0.128490017618216
2.028,-1.78057327859185e-13
2.028125,0.128490017617964
2.02825,0.181712325544963
2.028375,0.128490017618174
2.0285,1.18041397795937e-13
2.028625,-0.128490017617773
2.02875,-0.181712325544963
2.028875,-0.128490017618131
2.029,-3.88558262392652e-13
2.029125,0.128490017617815
2.02925,0.181712325544963
2.029375,0.128490017618322
2.0295,-1.99046233055884e-15
2.029625,-0.128490017617624
2.02975,-0.181712325544963
2.029875,-0.128490017618046
2.03,-5.9905919692612e-13
2.030125,0.1284900176179
2.03025,0.181712325544963
2.030375,0.128490017618238
2.0305,2.08510472202908e-13
2.030625,-0.128490017617943
2.03075,-0.181712325544963
2.030875,-0.128490017618195
2.031,-1.48494542139661e-13
2.031125,0.128490017617751
2.03125,0.181712325544963
2.031375,0.128490017618153
2.0315,4.19011406736376e-13
2.031625,-0.128490017617794
2.03175,-0.181712325544963
2.031875,-0.128490017618344
2.032,-3.58995476673128e-13
2.032125,0.12849001761807
2.03225,0.181712325544963
2.032375,0.128490017618068
2.0325,-3.15532480500834e-14
2.032625,-0.128490017617879
2.03275,-0.181712325544963
2.032875,-0.128490017618025
2.033,-2.38963616546632e-13
2.033125,0.128490017617921
2.03325,0.181712325544963
2.033375,0.128490017618217
2.0335,1.78947686483384e-13
2.033625,-0.12849001761773
2.03375,-0.181712325544963
2.033875,-0.128490017618174
2.034,-4.49464551080099e-13
2.034125,0.128490017617772
2.03425,0.181712325544963
2.034375,0.128490017618365
2.0345,3.89448621016851e-13
2.034625,-0.128490017618048
2.03475,-0.181712325544963
2.034875,-0.128490017618089
2.035,1.10010370635992e-15
2.035125,0.128490017617623
2.03525,0.181712325544963
2.035375,0.128490017618047
2.0355,2.69416760890355e-13
2.035625,-0.1284900176179
2.03575,-0.181712325544963
2.035875,-0.128490017618238
2.036,-2.09400830827107e-13
2.036125,0.128490017617942
2.03625,0.181712325544963
2.036375,0.128490017618196
2.0365,1.49384900763859e-13
2.036625,-0.128490017617751
2.03675,-0.181712325544963
2.036875,-0.12849001761792
2.037,-4.19901765360575e-13
2.037125,0.128490017618027
2.03725,0.181712325544963
2.037375,0.128490017618345
2.0375,2.93530406373635e-14
2.037625,-0.128490017617602
2.03775,-0.181712325544963
2.037875,-0.128490017618068
2.038,-2.99869905234079e-13
2.038125,0.128490017617878
2.03825,0.181712325544963
2.038375,0.12849001761826
2.0385,2.39853975170831e-13
2.038625,-0.12849001761792
2.03875,-0.181712325544963
2.038875,-0.128490017618217
2.039,-1.79838045107583e-13
2.039125,0.128490017617729
2.03925,0.181712325544963
2.039375,0.128490017618175
2.0395,4.50354909704298e-13
2.039625,-0.128490017617772
2.03975,-0.181712325544963
2.039875,-0.128490017618366
2.04,-5.9806184981087e-14
2.040125,0.128490017618048
2.04025,0.181712325544963
2.040375,0.12849001761809
2.0405,-2.09745082160989e-16
2.040625,-0.128490017617857
2.04075,-0.181712325544963
2.040875,-0.128490017618047
2.041,-2.70307119514554e-13
2.041125,0.128490017617899
2.04125,0.181712325544963
2.041375,0.128490017618239
2.0415,2.10291189451306e-13
2.041625,-0.128490017617708
2.04175,-0.181712325544963
2.041875,-0.128490017618196
2.042,-4.80808054048022e-13
2.042125,0.12849001761775
2.04225,0.181712325544963
2.042375,0.128490017618388
2.0425,4.20792123984774e-13
2.042625,-0.128490017618026
2.04275,-0.181712325544963
2.042875,-0.128490017618111
2.043,-3.02433992615625e-14
2.043125,0.128490017617835
2.04325,0.181712325544963
2.043375,0.128490017618069
2.0435,3.00760263858278e-13
2.043625,-0.128490017617877
2.04375,-0.181712325544963
2.043875,-0.12849001761826
2.044,-2.4074433379503e-13
2.044125,0.12849001761792
2.04425,0.181712325544963
2.044375,0.128490017618218
2.0445,-1.49804390928181e-13
2.044625,-0.128490017617729
2.04475,-0.181712325544963
2.044875,-0.128490017617942
2.045,-4.51245268328497e-13
2.045125,0.128490017618005
2.04525,0.181712325544963
2.045375,0.128490017618133
2.0455,6.06965436052859e-14
2.045625,-0.12849001761758
2.04575,-0.181712325544963
2.045875,-0.128490017618091
2.046,-3.31213408202001e-13
2.046125,0.128490017617856
2.04625,0.181712325544963
2.046375,0.128490017618282
2.0465,2.71197478138753e-13
2.046625,-0.128490017617898
2.04675,-0.181712325544963
2.046875,-0.128490017618239
2.047,-2.11181548075505e-13
2.047125,0.128490017617707
2.04725,0.181712325544963
2.047375,0.128490017617963
2.0475,4.81698412672221e-13
2.047625,-0.128490017617983
2.04775,-0.181712325544963
2.047875,-0.128490017618388
2.048,-9.11496879490093e-14
2.048125,0.128490017618026
2.04825,0.181712325544963
2.048375,0.128490017618112
2.0485,3.11337578857614e-14
2.048625,-0.128490017617834
2.04875,-0.181712325544963
2.048875,-0.128490017618303
2.049,-3.01650622482477e-13
2.049125,0.128490017617877
2.04925,0.181712325544963
2.049375,0.128490017618261
2.0495,2.41634692419229e-13
2.049625,-0.128490017617685
2.04975,-0.181712325544963
2.049875,-0.128490017617985
2.05,-5.12151557015944e-13
2.050125,0.128490017617728
2.05025,0.181712325544963
2.050375,0.12849001761841
2.0505,1.21602832292733e-13
2.050625,-0.128490017618004
2.05075,-0.181712325544963
2.050875,-0.128490017618134
2.051,-6.15869022294848e-14
2.051125,0.128490017617813
2.05125,0.181712325544963
2.051375,0.128490017618091
2.0515,3.321037668262e-13
2.051625,-0.128490017617855
2.05175,-0.181712325544963
2.051875,-0.128490017618282
2.052,-2.72087836762952e-13
2.052125,0.128490017617898
2.05225,0.181712325544963
2.052375,0.12849001761824
2.0525,-1.18460887960259e-13
2.052625,-0.128490017617706
2.05275,-0.181712325544963
2.052875,-0.128490017618431
2.053,-1.52055976636456e-13
2.053125,0.128490017617983
2.05325,0.181712325544963
2.053375,0.128490017618155
2.0535,9.20400465732083e-14
2.053625,-0.128490017617791
2.05375,-0.181712325544963
2.053875,-0.128490017618113
2.054,-3.62556911169924e-13
2.054125,0.128490017617834
2.05425,0.181712325544963
2.054375,0.128490017618304
2.0545,3.02540981106676e-13
2.054625,-0.128490017617876
2.05475,-0.181712325544963
2.054875,-0.128490017618262
2.055,8.80077436165356e-14
2.055125,0.128490017617685
2.05525,0.181712325544963
2.055375,0.128490017617985
2.0555,5.13041915640143e-13
2.055625,-0.128490017617961
2.05575,-0.181712325544963
2.055875,-0.128490017618177
2.056,-1.22493190916932e-13
2.056125,0.128490017618003
2.05625,0.181712325544963
2.056375,0.128490017618134
2.0565,6.24772608536838e-14
2.056625,-0.128490017617812
2.05675,-0.181712325544963
2.056875,-0.128490017618326
2.057,-3.32994125450399e-13
2.057125,0.128490017617855
2.05725,0.181712325544963
2.057375,0.128490017618283
2.0575,2.72978195387151e-13
2.057625,-0.128490017617663
2.05775,-0.181712325544963
2.057875,-0.128490017618007
2.058,-5.43495059983866e-13
2.058125,0.128490017617939
2.05825,0.181712325544963
2.058375,0.128490017618432
2.0585,1.52946335260655e-13
2.058625,-0.128490017617982
2.05875,-0.181712325544963
2.058875,-0.128490017618156
2.059,-9.29304051974072e-14
2.059125,0.128490017617791
2.05925,0.181712325544963
2.059375,0.128490017618113
2.0595,3.63447269794122e-13
2.059625,-0.128490017617833
2.05975,-0.181712325544963
2.059875,-0.128490017618305
2.06,-3.03431339730875e-13
2.060125,0.128490017618109
2.06025,0.181712325544963
2.060375,0.128490017618028
2.0605,-8.71173849923367e-14
2.060625,-0.128490017617684
2.06075,-0.181712325544963
2.060875,-0.128490017618453
2.061,-1.83399479604379e-13
2.061125,0.12849001761796
2.06125,0.181712325544963
2.061375,0.128490017618177
2.0615,1.23383549541131e-13
2.061625,-0.128490017617769
2.06175,-0.181712325544963
2.061875,-0.128490017618135
2.062,-3.93900414137846e-13
2.062125,0.128490017617812
2.06225,0.181712325544963
2.062375,0.128490017618326
2.0625,3.33884484074598e-13
2.062625,-0.128490017618088
2.06275,-0.181712325544963
2.062875,-0.128490017618284
2.063,5.66642406486132e-14
2.063125,0.128490017617663
2.06325,0.181712325544963
2.063375,0.128490017618008
2.0635,2.13852623948102e-13
2.063625,-0.128490017617939
2.06375,-0.181712325544963
2.063875,-0.128490017618199
2.064,-1.53836693884854e-13
2.064125,0.128490017617981
2.06425,0.181712325544963
2.064375,0.128490017618156
2.0645,4.24353558481569e-13
2.064625,-0.12849001761779
2.06475,-0.181712325544963
2.064875,-0.128490017618348
2.065,-3.64337628418321e-13
2.065125,0.128490017617832
2.06525,0.181712325544963
2.065375,0.128490017618305
2.0655,-2.62110963048898e-14
2.065625,-0.128490017617641
2.06575,-0.181712325544963
2.065875,-0.128490017618029
2.066,-5.74838562951789e-13
2.066125,0.128490017617917
2.06625,0.181712325544963
2.066375,0.12849001761822
2.0665,1.84289838228578e-13
2.066625,-0.12849001761796
2.06675,-0.181712325544963
2.066875,-0.128490017618178
2.067,-1.2427390816533e-13
2.067125,0.128490017617768
2.06725,0.181712325544963
2.067375,0.128490017618136
2.0675,3.94790772762045e-13
2.067625,-0.128490017617811
2.06775,-0.181712325544963
2.067875,-0.128490017618327
2.068,-3.34774842698797e-13
2.068125,0.128490017618087
2.06825,0.181712325544963
2.068375,0.128490017618051
2.0685,6.05291707295512e-13
2.068625,-0.128490017617896
2.06875,-0.181712325544963
2.068875,-0.128490017618242
2.069,-2.14742982572301e-13
2.069125,0.128490017617938
2.06925,0.181712325544963
2.069375,0.128490017618199
2.0695,1.54727052509053e-13
2.069625,-0.128490017617747
2.06975,-0.181712325544963
2.069875,-0.128490017618157
2.07,-4.25243917105768e-13
2.070125,0.128490017617789
2.07025,0.181712325544963
2.070375,0.128490017618348
2.0705,3.6522798704252e-13
2.070625,-0.128490017618066
2.07075,-0.181712325544963
2.070875,-0.128490017618072
2.071,2.53207376806909e-14
2.071125,0.128490017617641
2.07125,0.181712325544963
2.071375,0.12849001761803
2.0715,2.45196126916024e-13
2.071625,-0.128490017617917
2.07175,-0.181712325544963
2.071875,-0.128490017618221
2.072,-1.85180196852776e-13
2.072125,0.128490017617959
2.07225,0.181712325544963
2.072375,0.128490017618179
2.0725,4.55697061449492e-13
2.072625,-0.128490017617768
2.07275,-0.181712325544963
2.072875,-0.12849001761837
2.073,-3.95681131386244e-13
2.073125,0.128490017618044
2.07325,0.181712325544963
2.073375,0.128490017618327
2.0735,5.13240666303258e-15
2.073625,-0.128490017617619
2.07375,-0.181712325544963
2.073875,-0.128490017618051
2.074,-2.75649271259748e-13
2.074125,0.128490017617895
2.07425,0.181712325544963
2.074375,0.128490017618243
2.0745,2.156333411965e-13
2.074625,-0.128490017617938
2.07475,-0.181712325544963
2.074875,-0.1284900176182
2.075,-1.55617411133252e-13
2.075125,0.128490017617746
2.07525,0.181712325544963
2.075375,0.128490017617924
2.0755,4.26134275729967e-13
2.075625,-0.128490017617789
2.07575,-0.181712325544963
2.075875,-0.128490017618349
2.076,-3.5585551006756e-14
2.076125,0.128490017618065
2.07625,0.181712325544963
2.076375,0.128490017618073
2.0765,6.36635210263435e-13
2.076625,-0.128490017617874
2.07675,-0.181712325544963
2.076875,-0.128490017618264
2.077,-2.46086485540223e-13
2.077125,0.128490017617916
2.07725,0.181712325544963
2.077375,0.128490017618222
2.0775,1.86070555476975e-13
2.077625,-0.128490017617725
2.07775,-0.181712325544963
2.077875,-0.128490017618179
2.078,-4.56587420073691e-13
2.078125,0.128490017617767
2.07825,0.181712325544963
2.078375,0.128490017618371
2.0785,6.60386953504795e-14
2.078625,-0.128490017618043
2.07875,-0.181712325544963
2.078875,-0.128490017618094
2.079,-6.02276528723151e-15
2.079125,0.128490017617852
2.07925,0.181712325544963
2.079375,0.128490017618052
2.0795,2.76539629883947e-13
2.079625,-0.128490017617895
2.07975,-0.181712325544963
2.079875,-0.128490017618243
2.08,-2.16523699820699e-13
2.080125,0.128490017617703
2.08025,0.181712325544963
2.080375,0.128490017618201
2.0805,4.87040564417414e-13
2.080625,-0.128490017617746
2.08075,-0.181712325544963
2.080875,-0.128490017618392
2.081,-4.27024634354166e-13
2.081125,0.128490017618022
2.08125,0.181712325544963
2.081375,0.128490017618116
2.0815,3.6475909630955e-14
2.081625,-0.128490017617831
2.08175,-0.181712325544963
2.081875,-0.128490017618073
2.082,-3.0699277422767e-13
2.082125,0.128490017617873
2.08225,0.181712325544963
2.082375,0.128490017618265
2.0825,2.46976844164422e-13
2.082625,-0.128490017617915
2.08275,-0.181712325544963
2.082875,-0.128490017618222
2.083,-1.86960914101174e-13
2.083125,0.128490017617724
2.08325,0.181712325544963
2.083375,0.128490017617946
2.0835,4.5747777869789e-13
2.083625,-0.128490017618
2.08375,-0.181712325544963
2.083875,-0.128490017618371
2.084,-6.69290539746784e-14
2.084125,0.128490017617575
2.08425,0.181712325544963
2.084375,0.128490017618095
2.0845,3.37445918571394e-13
2.084625,-0.128490017617851
2.08475,-0.181712325544963
2.084875,-0.128490017618286
2.085,-2.77429988508146e-13
2.085125,0.128490017617894
2.08525,0.181712325544963
2.085375,0.128490017618244
2.0855,2.17414058444898e-13
2.085625,-0.128490017617703
2.08575,-0.181712325544963
2.085875,-0.128490017617968
2.086,-4.87930923041613e-13
2.086125,0.128490017617745
2.08625,0.181712325544963
2.086375,0.128490017618393
2.0865,9.73821983184018e-14
2.086625,-0.128490017618021
2.08675,-0.181712325544963
2.086875,-0.128490017618116
2.087,-3.73662682551539e-14
2.087125,0.12849001761783
2.08725,0.181712325544963
2.087375,0.128490017618074
2.0875,3.07883132851869e-13
2.087625,-0.128490017617872
2.08775,-0.181712325544963
2.087875,-0.128490017618265
2.088,-2.47867202788621e-13
2.088125,0.128490017617681
2.08825,0.181712325544963
2.088375,0.128490017618223
2.0885,5.18384067385336e-13
2.088625,-0.128490017617724
2.08875,-0.181712325544963
2.088875,-0.128490017618414
2.089,-1.27835342662125e-13
2.089125,0.128490017618
2.08925,0.181712325544963
2.089375,0.128490017618138
2.0895,6.78194125988773e-14
2.089625,-0.128490017617808
2.08975,-0.181712325544963
2.089875,-0.128490017618096
2.09,-3.38336277195593e-13
2.090125,0.128490017617851
2.09025,0.181712325544963
2.090375,0.128490017618287
2.0905,2.78320347132345e-13
2.090625,-0.128490017617893
2.09075,-0.181712325544963
2.090875,-0.128490017618244
2.091,1.12228377590867e-13
2.091125,0.128490017617702
2.09125,0.181712325544963
2.091375,0.128490017617968
2.0915,4.88821281665812e-13
2.091625,-0.128490017617978
2.09175,-0.181712325544963
2.091875,-0.12849001761816
2.092,-9.82725569426008e-14
2.092125,0.128490017617787
2.09225,0.181712325544963
2.092375,0.128490017618117
2.0925,3.68789421539316e-13
2.092625,-0.128490017617829
2.09275,-0.181712325544963
2.092875,-0.128490017618308
2.093,-3.08773491476068e-13
2.093125,0.128490017617872
2.09325,0.181712325544963
2.093375,0.128490017618266
2.0935,2.4875756141282e-13
2.093625,-0.12849001761768
2.09375,-0.181712325544963
2.093875,-0.12849001761799
2.094,-5.19274426009535e-13
2.094125,0.128490017617957
2.09425,0.181712325544963
2.094375,0.128490017618181
2.0945,1.28725701286324e-13
2.094625,-0.128490017617999
2.09475,-0.181712325544963
2.094875,-0.128490017618139
2.095,-6.87097712230762e-14
2.095125,0.128490017617808
2.09525,0.181712325544963
2.095375,0.128490017618096
2.0955,3.39226635819792e-13
2.095625,-0.12849001761785
2.09575,-0.181712325544963
2.095875,-0.128490017618288
2.096,-2.79210705756544e-13
2.096125,0.128490017617659
2.09625,0.181712325544963
2.096375,0.128490017618011
2.0965,5.49727570353259e-13
2.096625,-0.128490017617701
2.09675,-0.181712325544963
2.096875,-0.128490017618436
2.097,-1.59178845630048e-13
2.097125,0.128490017617978
2.09725,0.181712325544963
2.097375,0.12849001761816
2.0975,9.91629155667997e-14
2.097625,-0.128490017617786
2.09775,-0.181712325544963
2.097875,-0.128490017618118
2.098,-3.69679780163515e-13
2.098125,0.128490017617829
2.09825,0.181712325544963
2.098375,0.128490017618309
2.0985,3.09663850100267e-13
2.098625,-0.128490017618105
2.09875,-0.181712325544963
2.098875,-0.128490017618267
2.099,8.08848746229442e-14
2.099125,0.12849001761768
2.09925,0.181712325544963
2.099375,0.12849001761799
2.0995,1.89631989973771e-13
2.099625,-0.128490017617956
2.09975,-0.181712325544963
2.099875,-0.128490017618182
2.1,-1.29616059910523e-13
2.100125,0.128490017617765
2.10025,0.181712325544963
2.100375,0.128490017618139
2.1005,4.00132924507238e-13
2.100625,-0.128490017617807
2.10075,-0.181712325544963
2.100875,-0.128490017618331
2.101,-3.4011699444399e-13
2.101125,0.12849001761785
2.10125,0.181712325544963
2.101375,0.128490017618288
2.1015,-5.04317302792207e-14
2.101625,-0.128490017617658
2.10175,-0.181712325544963
2.101875,-0.128490017618012
2.102,-5.50617928977458e-13
2.102125,0.128490017617934
2.10225,0.181712325544963
2.102375,0.128490017618203
2.1025,1.60069204254247e-13
2.102625,-0.128490017617977
2.10275,-0.181712325544963
2.102875,-0.128490017618161
2.103,-1.00053274190999e-13
2.103125,0.128490017617786
2.10325,0.181712325544963
2.103375,0.128490017618118
2.1035,3.70570138787714e-13
2.103625,-0.128490017617828
2.10375,-0.181712325544963
2.103875,-0.12849001761831
2.104,1.99785859354973e-14
2.104125,0.128490017617637
2.10425,0.181712325544963
2.104375,0.128490017618034
2.1045,5.81071073321181e-13
2.104625,-0.128490017617913
2.10475,-0.181712325544963
2.104875,-0.128490017618225
2.105,-1.9052234859797e-13
2.105125,0.128490017617955
2.10525,0.181712325544963
2.105375,0.128490017618182
2.1055,1.30506418534722e-13
2.105625,-0.128490017617764
2.10575,-0.181712325544963
2.105875,-0.12849001761814
2.106,-4.01023283131437e-13
2.106125,0.128490017617807
2.10625,0.181712325544963
2.106375,0.128490017618331
2.1065,3.41007353068189e-13
2.106625,-0.128490017618083
2.10675,-0.181712325544963
2.106875,-0.128490017618055
2.107,4.95413716550218e-14
2.107125,0.128490017617891
2.10725,0.181712325544963
2.107375,0.128490017618013
2.1075,2.20975492941693e-13
2.107625,-0.128490017617934
2.10775,-0.181712325544963
2.107875,-0.128490017618204
2.108,-1.60959562878446e-13
2.108125,0.128490017617743
2.10825,0.181712325544963
2.108375,0.128490017618161
2.1085,4.31476427475161e-13
2.108625,-0.128490017617785
2.10875,-0.181712325544963
2.108875,-0.128490017618353
2.109,-3.71460497411913e-13
2.109125,0.128490017618061
2.10925,0.181712325544963
2.109375,0.12849001761831
2.1095,-1.90882273112984e-14
2.109625,-0.128490017617636
2.10975,-0.181712325544963
2.109875,-0.128490017618034
2.11,-2.51428637285417e-13
2.110125,0.128490017617912
2.11025,0.181712325544963
2.110375,0.128490017618225
2.1105,1.91412707222169e-13
2.110625,-0.128490017617955
2.11075,-0.181712325544963
2.110875,-0.128490017618183
2.111,-1.31396777158921e-13
2.111125,0.128490017617763
2.11125,0.181712325544963
2.111375,0.128490017618374
2.1115,4.01913641755636e-13
2.111625,-0.128490017617806
2.11175,-0.181712325544963
2.111875,-0.128490017618332
2.112,-1.13649170324251e-14
2.112125,0.128490017617615
2.11225,0.181712325544963
2.112375,0.128490017618056
2.1125,6.12414576289104e-13
2.112625,-0.128490017617891
2.11275,-0.181712325544963
2.112875,-0.128490017618247
2.113,-2.21865851565892e-13
2.113125,0.128490017617933
2.11325,0.181712325544963
2.113375,0.128490017618205
2.1135,1.61849921502644e-13
2.113625,-0.128490017617742
2.11375,-0.181712325544963
2.113875,-0.128490017618162
2.114,-4.3236678609936e-13
2.114125,0.128490017617784
2.11425,0.181712325544963
2.114375,0.128490017618353
2.1145,4.18180613761485e-14
2.114625,-0.128490017618061
2.11475,-0.181712325544963
2.114875,-0.128490017618077
2.115,1.81978686870994e-14
2.115125,0.128490017617869
2.11525,0.181712325544963
2.115375,0.128490017618268
2.1155,2.52318995909616e-13
2.115625,-0.128490017617912
2.11575,-0.181712325544963
2.115875,-0.128490017618226
2.116,-1.92303065846368e-13
2.116125,0.12849001761772
2.11625,0.181712325544963
2.116375,0.128490017618184
2.1165,4.62819930443083e-13
2.116625,-0.128490017617763
2.11675,-0.181712325544963
2.116875,-0.128490017618375
2.117,-4.02804000379835e-13
2.117125,0.128490017618039
2.11725,0.181712325544963
2.117375,0.128490017618099
2.1175,1.2255275656624e-14
2.117625,-0.128490017617848
2.11775,-0.181712325544963
2.117875,-0.128490017618056
2.118,-2.82772140253339e-13
2.118125,0.12849001761789
2.11825,0.181712325544963
2.118375,0.128490017618248
2.1185,2.22756210190091e-13
2.118625,-0.128490017617933
2.11875,-0.181712325544963
2.118875,-0.128490017618205
2.119,-1.62740280126843e-13
2.119125,0.128490017617741
2.11925,0.181712325544963
2.119375,0.128490017618396
2.1195,4.33257144723559e-13
2.119625,-0.128490017618017
2.11975,-0.181712325544963
2.119875,-0.12849001761812
2.12,-4.27084200003474e-14
2.120125,0.128490017617592
2.12025,0.181712325544963
2.120375,0.128490017618078
2.1205,3.13225284597063e-13
2.120625,-0.128490017617869
2.12075,-0.181712325544963
2.120875,-0.128490017618269
2.121,-2.53209354533815e-13
2.121125,0.128490017617911
2.12125,0.181712325544963
2.121375,0.128490017618227
2.1215,1.93193424470567e-13
2.121625,-0.12849001761772
2.12175,-0.181712325544963
2.121875,-0.128490017617951
2.122,-4.63710289067282e-13
2.122125,0.128490017617762
2.12225,0.181712325544963
2.122375,0.128490017618376
2.1225,7.31615643440709e-14
2.122625,-0.128490017618038
2.12275,-0.181712325544963
2.122875,-0.128490017618099
2.123,-1.31456342808229e-14
2.123125,0.128490017617847
2.12325,0.181712325544963
2.123375,0.128490017618291
2.1235,2.83662498877538e-13
2.123625,-0.12849001761789
2.12375,-0.181712325544963
2.123875,-0.128490017618248
2.124,-2.2364656881429e-13
2.124125,0.128490017617698
2.12425,0.181712325544963
2.124375,0.128490017618206
2.1245,4.94163433411006e-13
2.124625,-0.128490017617741
2.12475,-0.181712325544963
2.124875,-0.128490017618397
2.125,-1.03614708687794e-13
2.125125,0.128490017618017
2.12525,0.181712325544963
2.125375,0.128490017618121
2.1255,4.35987786245464e-14
2.125625,-0.128490017617826
2.12575,-0.181712325544963
2.125875,-0.128490017618078
2.126,-3.14115643221262e-13
2.126125,0.128490017617868
2.12625,0.181712325544963
2.126375,0.12849001761827
2.1265,2.54099713158014e-13
2.126625,-0.12849001761791
2.12675,-0.181712325544963
2.126875,-0.128490017618227
2.127,-5.24616577754729e-13
2.127125,0.128490017617719
2.12725,0.181712325544963
2.127375,0.128490017618419
2.1275,4.64600647691481e-13
2.127625,-0.128490017617995
2.12775,-0.181712325544963
2.127875,-0.128490017618142
2.128,-7.40519229682698e-14
2.128125,0.128490017617804
2.12825,0.181712325544963
2.128375,0.1284900176181
2.1285,3.44568787564985e-13
2.128625,-0.128490017617846
2.12875,-0.181712325544963
2.128875,-0.128490017618291
2.129,-2.84552857501737e-13
2.129125,0.128490017617889
2.12925,0.181712325544963
2.129375,0.128490017618249
2.1295,-1.05995867221474e-13
2.129625,-0.128490017617698
2.12975,-0.181712325544963
2.129875,-0.128490017617973
2.13,-4.95053792035204e-13
2.130125,0.128490017617974
2.13025,0.181712325544963
2.130375,0.128490017618164
2.1305,1.04505067311993e-13
2.130625,-0.128490017618016
2.13075,-0.181712325544963
2.130875,-0.128490017618122
2.131,-3.75021931908709e-13
2.131125,0.128490017617825
2.13125,0.181712325544963
2.131375,0.128490017618313
2.1315,3.15006001845461e-13
2.131625,-0.128490017617867
2.13175,-0.181712325544963
2.131875,-0.12849001761827
2.132,-2.54990071782213e-13
2.132125,0.128490017617676
2.13225,0.181712325544963
2.132375,0.128490017617994
2.1325,5.25506936378928e-13
2.132625,-0.128490017617952
2.13275,-0.181712325544963
2.132875,-0.128490017618419
2.133,-1.34958211655717e-13
2.133125,0.128490017617995
2.13325,0.181712325544963
2.133375,0.128490017618143
2.1335,7.49422815924688e-14
2.133625,-0.128490017617803
2.13375,-0.181712325544963
2.133875,-0.128490017618101
2.134,-3.45459146189184e-13
2.134125,0.128490017617846
2.13425,0.181712325544963
2.134375,0.128490017618292
2.1345,2.85443216125936e-13
2.134625,-0.128490017618122
2.13475,-0.181712325544963
2.134875,-0.128490017618249
2.135,-5.55960080722651e-13
2.135125,0.128490017617697
2.13525,0.181712325544963
2.135375,0.128490017618441
2.1355,1.6541135599944e-13
2.135625,-0.128490017617973
2.13575,-0.181712325544963
2.135875,-0.128490017618165
2.136,-1.05395425936192e-13
2.136125,0.128490017617782
2.13625,0.181712325544963
2.136375,0.128490017618122
2.1365,3.75912290532907e-13
2.136625,-0.128490017617824
2.13675,-0.181712325544963
2.136875,-0.128490017618313
2.137,-3.1589636046966e-13
2.137125,0.128490017617867
2.13725,0.181712325544963
2.137375,0.128490017618271
2.1375,-7.46523642535517e-14
2.137625,-0.128490017617675
2.13775,-0.181712325544963
2.137875,-0.128490017617995
2.138,-5.26397295003127e-13
2.138125,0.128490017617952
2.13825,0.181712325544963
2.138375,0.128490017618186
2.1385,1.35848570279916e-13
2.138625,-0.128490017617994
2.13875,-0.181712325544963
2.138875,-0.128490017618144
2.139,-4.06365434876631e-13
2.139125,0.128490017617803
2.13925,0.181712325544963
2.139375,0.128490017618335
2.1395,3.46349504813383e-13
2.139625,-0.128490017617845
2.13975,-0.181712325544963
2.139875,-0.128490017618293
2.14,4.41992199098282e-14
2.140125,0.128490017617654
2.14025,0.181712325544963
2.140375,0.128490017618016
2.1405,5.5685043934685e-13
2.140625,-0.12849001761793
2.14075,-0.181712325544963
2.140875,-0.128490017618208
2.141,-1.66301714623639e-13
2.141125,0.128490017617972
2.14125,0.181712325544963
2.141375,0.128490017618165
2.1415,1.06285784560391e-13
2.141625,-0.128490017617781
2.14175,-0.181712325544963
2.141875,-0.128490017618123
2.142,-3.76802649157106e-13
2.142125,0.128490017617824
2.14225,0.181712325544963
2.142375,0.128490017618314
2.1425,3.16786719093858e-13
2.142625,-0.128490017617632
2.14275,-0.181712325544963
2.142875,-0.128490017618038
2.143,-5.87303583690574e-13
2.143125,0.128490017617909
2.14325,0.181712325544963
2.143375,0.128490017618463
2.1435,1.96754858967363e-13
2.143625,-0.128490017617951
2.14375,-0.181712325544963
2.143875,-0.128490017618187
2.144,-1.36738928904115e-13
2.144125,0.12849001761776
2.14425,0.181712325544963
2.144375,0.128490017618144
2.1445,4.0725579350083e-13
2.144625,-0.128490017617802
2.14475,-0.181712325544963
2.144875,-0.128490017618336
2.145,-3.47239863437582e-13
2.145125,0.128490017618078
2.14525,0.181712325544963
2.145375,0.128490017618059
2.1455,-4.33088612856293e-14
2.145625,-0.128490017617653
2.14575,-0.181712325544963
2.145875,-0.128490017618017
2.146,-2.27208003311086e-13
2.146125,0.128490017617929
2.14625,0.181712325544963
2.146375,0.128490017618208
2.1465,1.67192073247838e-13
2.146625,-0.128490017617738
2.14675,-0.181712325544963
2.146875,-0.128490017618166
2.147,-4.37708937844553e-13
2.147125,0.128490017617781
2.14725,0.181712325544963
2.147375,0.128490017618357
2.1475,3.77693007781305e-13
2.147625,-0.128490017617823
2.14775,-0.181712325544963
2.147875,-0.128490017618315
2.148,1.28557169419059e-14
2.148125,0.128490017617632
2.14825,0.181712325544963
2.148375,0.128490017618039
2.1485,2.57661147654809e-13
2.148625,-0.128490017617908
2.14875,-0.181712325544963
2.148875,-0.12849001761823
2.149,-1.97645217591561e-13
2.149125,0.12849001761795
2.14925,0.181712325544963
2.149375,0.128490017618187
2.1495,1.37629287528313e-13
2.149625,-0.128490017617759
2.14975,-0.181712325544963
2.149875,-0.128490017618145
2.15,-4.08146152125029e-13
2.150125,0.128490017617801
2.15025,0.181712325544963
2.150375,0.128490017618336
2.1505,1.75974274018176e-14
2.150625,-0.12849001761761
2.15075,-0.181712325544963
2.150875,-0.12849001761806
2.151,-6.18647086658496e-13
2.151125,0.128490017617886
2.15125,0.181712325544963
2.151375,0.128490017618251
2.1515,2.28098361935285e-13
2.151625,-0.128490017617929
2.15175,-0.181712325544963
2.151875,-0.128490017618209
2.152,-1.68082431872037e-13
2.152125,0.128490017617738
2.15225,0.181712325544963
2.152375,0.128490017618167
2.1525,4.38599296468752e-13
2.152625,-0.12849001761778
2.15275,-0.181712325544963
2.152875,-0.128490017618358
2.153,-3.78583366405504e-13
2.153125,0.128490017618056
2.15325,0.181712325544963
2.153375,0.128490017618082
2.1535,-1.19653583177069e-14
2.153625,-0.128490017617865
2.15375,-0.181712325544963
2.153875,-0.128490017618039
2.154,-2.58551506279008e-13
2.154125,0.128490017617907
2.15425,0.181712325544963
2.154375,0.12849001761823
2.1545,1.9853557621576e-13
2.154625,-0.128490017617716
2.15475,-0.181712325544963
2.154875,-0.128490017618188
2.155,-4.69052440812476e-13
2.155125,0.128490017617758
2.15525,0.181712325544963
2.155375,0.128490017618379
2.1555,4.09036510749228e-13
2.155625,-0.128490017618035
2.15575,-0.181712325544963
2.155875,-0.128490017618103
2.156,-1.84877860260165e-14
2.156125,0.12849001761761
2.15625,0.181712325544963
2.156375,0.128490017618061
2.1565,2.89004650622732e-13
2.156625,-0.128490017617886
2.15675,-0.181712325544963
2.156875,-0.128490017618252
2.157,-2.28988720559484e-13
2.157125,0.128490017617928
2.15725,0.181712325544963
2.157375,0.12849001761821
2.1575,1.68972790496236e-13
2.157625,-0.128490017617737
2.15775,-0.181712325544963
2.157875,-0.128490017617933
2.158,-4.39489655092951e-13
2.158125,0.128490017618013
2.15825,0.181712325544963
2.158375,0.128490017618358
2.1585,4.89409303697399e-14
2.158625,-0.128490017617588
2.15875,-0.181712325544963
2.158875,-0.128490017618082
2.159,-3.19457794966455e-13
2.159125,0.128490017617864
2.15925,0.181712325544963
2.159375,0.128490017618274
2.1595,2.59441864903207e-13
2.159625,-0.128490017617907
2.15975,-0.181712325544963
2.159875,-0.128490017618231
2.16,-1.99425934839959e-13
2.160125,0.128490017617715
2.16025,0.181712325544963
2.160375,0.128490017618189
2.1605,4.69942799436675e-13
2.160625,-0.128490017617758
2.16075,-0.181712325544963
2.160875,-0.12849001761838
2.161,-7.93940747134634e-14
2.161125,0.128490017618034
2.16125,0.181712325544963
2.161375,0.128490017618104
2.1615,1.93781446502154e-14
2.161625,-0.128490017617843
2.16175,-0.181712325544963
2.161875,-0.128490017618061
2.162,-2.89895009246931e-13
2.162125,0.128490017617885
2.16225,0.181712325544963
2.162375,0.128490017618253
2.1625,2.29879079183683e-13
2.162625,-0.128490017617694
2.16275,-0.181712325544963
2.162875,-0.12849001761821
2.163,-5.00395943780398e-13
2.163125,0.128490017617736
2.16325,0.181712325544963
2.163375,0.128490017618401
2.1635,4.4038001371715e-13
2.163625,-0.128490017618012
2.16375,-0.181712325544963
2.163875,-0.128490017618125
2.164,-4.98312889939389e-14
2.164125,0.128490017617821
2.16425,0.181712325544963
2.164375,0.128490017618083
2.1645,3.20348153590654e-13
2.164625,-0.128490017617864
2.16475,-0.181712325544963
2.164875,-0.128490017618274
2.165,-2.60332223527406e-13
2.165125,0.128490017617906
2.16525,0.181712325544963
2.165375,0.128490017618232
2.1655,-1.30216501195805e-13
2.165625,-0.128490017617715
2.16575,-0.181712325544963
2.165875,-0.128490017617956
2.166,-4.70833158060873e-13
2.166125,0.128490017617991
2.16625,0.181712325544963
2.166375,0.128490017618147
2.1665,8.02844333376623e-14
2.166625,-0.128490017617566
2.16675,-0.181712325544963
2.166875,-0.128490017618104
2.167,-3.50801297934378e-13
2.167125,0.128490017617842
2.16725,0.181712325544963
2.167375,0.128490017618296
2.1675,2.9078536787113e-13
2.167625,-0.128490017617884
2.16775,-0.181712325544963
2.167875,-0.128490017618253
2.168,-2.30769437807882e-13
2.168125,0.128490017617693
2.16825,0.181712325544963
2.168375,0.128490017617977
2.1685,5.01286302404597e-13
2.168625,-0.128490017617969
2.16875,-0.181712325544963
2.168875,-0.128490017618402
2.169,-1.10737577681386e-13
2.169125,0.128490017618012
2.16925,0.181712325544963
2.169375,0.128490017618126
2.1695,5.07216476181378e-14
2.169625,-0.128490017617821
2.16975,-0.181712325544963
2.169875,-0.128490017618084
2.17,-3.21238512214853e-13
2.170125,0.128490017617863
2.17025,0.181712325544963
2.170375,0.128490017618275
2.1705,2.61222582151605e-13
2.170625,-0.128490017617672
2.17075,-0.181712325544963
2.170875,-0.128490017617999
2.171,-5.3173944674832e-13
2.171125,0.128490017617714
2.17125,0.181712325544963
2.171375,0.128490017618424
2.1715,1.41190722025109e-13
2.171625,-0.12849001761799
2.17175,-0.181712325544963
2.171875,-0.128490017618147
2.172,-8.11747919618612e-14
2.172125,0.128490017617799
2.17225,0.181712325544963
2.172375,0.128490017618105
2.1725,3.51691656558577e-13
2.172625,-0.128490017617841
2.17275,-0.181712325544963
2.172875,-0.128490017618296
2.173,-2.91675726495329e-13
2.173125,0.128490017617884
2.17325,0.181712325544963
2.173375,0.128490017618254
2.1735,-9.88729982278826e-14
2.173625,-0.128490017617693
2.17375,-0.181712325544963
2.173875,-0.128490017618445
2.174,-1.71643866368833e-13
2.174125,0.128490017617969
2.17425,0.181712325544963
2.174375,0.128490017618169
2.1745,1.11627936305585e-13
2.174625,-0.128490017617777
2.17475,-0.181712325544963
2.174875,-0.128490017618127
2.175,-3.821448009023e-13
2.175125,0.12849001761782
2.17525,0.181712325544963
2.175375,0.128490017618318
2.1755,3.22128870839052e-13
2.175625,-0.128490017617862
2.17575,-0.181712325544963
2.175875,-0.128490017618275
2.176,6.84198538841592e-14
2.176125,0.128490017617671
2.17625,0.181712325544963
2.176375,0.128490017617999
2.1765,5.32629805372519e-13
2.176625,-0.128490017617947
2.17675,-0.181712325544963
2.176875,-0.128490017618191
2.177,-1.42081080649308e-13
2.177125,0.12849001761799
2.17725,0.181712325544963
2.177375,0.128490017618148
2.1775,8.20651505860602e-14
2.177625,-0.128490017617798
2.17775,-0.181712325544963
2.177875,-0.128490017618339
2.178,-3.52582015182775e-13
2.178125,0.128490017617841
2.17825,0.181712325544963
2.178375,0.128490017618297
2.1785,2.92566085119527e-13
2.178625,-0.128490017617649
2.17875,-0.181712325544963
2.178875,-0.128490017618021
2.179,-5.63082949716243e-13
2.179125,0.128490017617926
2.17925,0.181712325544963
2.179375,0.128490017618446
2.1795,1.72534224993032e-13
2.179625,-0.128490017617968
2.17975,-0.181712325544963
2.179875,-0.12849001761817
2.18,-1.12518294929784e-13
2.180125,0.128490017617777
2.18025,0.181712325544963
2.180375,0.128490017618127
2.1805,3.83035159526499e-13
2.180625,-0.128490017617819
2.18075,-0.181712325544963
2.180875,-0.128490017618318
2.181,-3.23019229463251e-13
2.181125,0.128490017618095
2.18125,0.181712325544963
2.181375,0.128490017618042
2.1815,-6.75294952599603e-14
2.181625,-0.12849001761767
2.18175,-0.181712325544963
2.181875,-0.128490017618467
2.182,-2.02987369336755e-13
2.182125,0.128490017617947
2.18225,0.181712325544963
2.182375,0.128490017618191
2.1825,1.42971439273507e-13
2.182625,-0.128490017617755
2.18275,-0.181712325544963
2.182875,-0.128490017618149
2.183,-4.13488303870222e-13
2.183125,0.128490017617798
2.18325,0.181712325544963
2.183375,0.12849001761834
2.1835,3.53472373806974e-13
2.183625,-0.128490017618074
2.18375,-0.181712325544963
2.183875,-0.128490017618298
2.184,3.70763509162368e-14
2.184125,0.128490017617649
2.18425,0.181712325544963
2.184375,0.128490017618021
2.1845,2.33440513680478e-13
2.184625,-0.128490017617925
2.18475,-0.181712325544963
2.184875,-0.128490017618213
2.185,-1.7342458361723e-13
2.185125,0.128490017617967
2.18525,0.181712325544963
2.185375,0.12849001761817
2.1855,1.13408653553983e-13
2.185625,-0.128490017617776
2.18575,-0.181712325544963
2.185875,-0.128490017618362
2.186,-3.83925518150698e-13
2.186125,0.128490017617819
2.18625,0.181712325544963
2.186375,0.128490017618319
2.1865,-6.62320657251338e-15
2.186625,-0.128490017617627
2.18675,-0.181712325544963
2.186875,-0.128490017618043
2.187,-5.94426452684165e-13
2.187125,0.128490017617903
2.18725,0.181712325544963
2.187375,0.128490017618234
2.1875,2.03877727960954e-13
2.187625,-0.128490017617946
2.18775,-0.181712325544963
2.187875,-0.128490017618192
2.188,-1.43861797897706e-13
2.188125,0.128490017617755
2.18825,0.181712325544963
2.188375,0.128490017618149
2.1885,4.14378662494421e-13
2.188625,-0.128490017617797
2.18875,-0.181712325544963
2.188875,-0.128490017618341
2.189,-3.54362732431173e-13
2.189125,0.128490017618073
2.18925,0.181712325544963
2.189375,0.128490017618064
2.1895,6.24879597027889e-13
2.189625,-0.128490017617882
2.18975,-0.181712325544963
2.189875,-0.128490017618256
2.19,-2.34330872304677e-13
2.190125,0.128490017617924
2.19025,0.181712325544963
2.190375,0.128490017618213
2.1905,1.74314942241429e-13
2.190625,-0.128490017617733
2.19075,-0.181712325544963
2.190875,-0.128490017618171
2.191,-4.44831806838145e-13
2.191125,0.128490017617776
2.19125,0.181712325544963
2.191375,0.128490017618362
2.1915,3.84815876774897e-13
2.191625,-0.128490017618052
2.19175,-0.181712325544963
2.191875,-0.128490017618086
2.192,5.73284794831445e-15
2.192125,0.128490017617627
2.19225,0.181712325544963
2.192375,0.128490017618044
2.1925,2.64784016648401e-13
2.192625,-0.128490017617903
2.19275,-0.181712325544963
2.192875,-0.128490017618235
2.193,-2.04768086585153e-13
2.193125,0.128490017617945
2.19325,0.181712325544963
2.193375,0.128490017618192
2.1935,4.75284951181868e-13
2.193625,-0.128490017617754
2.19375,-0.181712325544963
2.193875,-0.128490017618384
2.194,-4.1526902111862e-13
2.194125,0.12849001761803
2.19425,0.181712325544963
2.194375,0.128490017618341
2.1945,2.4720296395409e-14
2.194625,-0.128490017617605
2.19475,-0.181712325544963
2.194875,-0.128490017618065
2.195,-2.95237160992124e-13
2.195125,0.128490017617881
2.19525,0.181712325544963
2.195375,0.128490017618256
2.1955,2.35221230928876e-13
2.195625,-0.128490017617924
2.19575,-0.181712325544963
2.195875,-0.128490017618214
2.196,-1.75205300865628e-13
2.196125,0.128490017617732
2.19625,0.181712325544963
2.196375,0.128490017617938
2.1965,4.45722165462344e-13
2.196625,-0.128490017617775
2.19675,-0.181712325544963
2.196875,-0.128490017618363
2.197,-5.51734407391324e-14
2.197125,0.128490017618051
2.19725,0.181712325544963
2.197375,0.128490017618087
2.1975,6.56223099995811e-13
2.197625,-0.12849001761786
2.19775,-0.181712325544963
2.197875,-0.128490017618278
2.198,-2.656743752726e-13
2.198125,0.128490017617902
2.19825,0.181712325544963
2.198375,0.128490017618236
2.1985,2.05658445209352e-13
2.198625,-0.128490017617711
2.19875,-0.181712325544963
2.198875,-0.128490017618193
2.199,-4.76175309806067e-13
2.199125,0.128490017617753
2.19925,0.181712325544963
2.199375,0.128490017618384
2.1995,8.56265850828559e-14
2.199625,-0.12849001761803
2.19975,-0.181712325544963
2.199875,-0.128490017618108
2.2,-2.56106550196079e-14
2.200125,0.128490017617838
2.20025,0.181712325544963
2.200375,0.128490017618066
2.2005,2.96127519616323e-13
2.200625,-0.128490017617881
2.20075,-0.181712325544963
2.200875,-0.128490017618257
2.201,-2.36111589553075e-13
2.201125,0.128490017617923
2.20125,0.181712325544963
2.201375,0.128490017618215
2.2015,5.0662845414979e-13
2.201625,-0.128490017617732
2.20175,-0.181712325544963
2.201875,-0.128490017618406
2.202,-4.46612524086543e-13
2.202125,0.128490017618008
2.20225,0.181712325544963
2.202375,0.12849001761813
2.2025,5.60637993633314e-14
2.202625,-0.128490017617817
2.20275,-0.181712325544963
2.202875,-0.128490017618087
2.203,-3.26580663960047e-13
2.203125,0.128490017617859
2.20325,0.181712325544963
2.203375,0.128490017618279
2.2035,2.66564733896799e-13
2.203625,-0.128490017617902
2.20375,-0.181712325544963
2.203875,-0.128490017618236
2.204,-2.06548803833551e-13
2.204125,0.12849001761771
2.20425,0.181712325544963
2.204375,0.12849001761796
2.2045,4.77065668430266e-13
2.204625,-0.128490017617986
2.20475,-0.181712325544963
2.204875,-0.128490017618385
2.205,-8.65169437070548e-14
2.205125,0.128490017617561
2.20525,0.181712325544963
2.205375,0.128490017618109
2.2055,3.5703380830377e-13
2.205625,-0.128490017617838
2.20575,-0.181712325544963
2.205875,-0.1284900176183
2.206,-2.97017878240522e-13
2.206125,0.12849001761788
2.20625,0.181712325544963
2.206375,0.128490017618258
2.2065,2.37001948177274e-13
2.206625,-0.128490017617689
2.20675,-0.181712325544963
2.206875,-0.128490017617982
2.207,-5.0751881277399e-13
2.207125,0.128490017617731
2.20725,0.181712325544963
2.207375,0.128490017618407
2.2075,1.16970088050778e-13
2.207625,-0.128490017618007
2.20775,-0.181712325544963
2.207875,-0.12849001761813
2.208,-5.69541579875303e-14
2.208125,0.128490017617816
2.20825,0.181712325544963
2.208375,0.128490017618088
2.2085,3.27471022584246e-13
2.208625,-0.128490017617859
2.20875,-0.181712325544963
2.208875,-0.128490017618279
2.209,-2.67455092520998e-13
2.209125,0.128490017617667
2.20925,0.181712325544963
2.209375,0.128490017618237
2.2095,5.37971957117713e-13
2.209625,-0.12849001761771
2.20975,-0.181712325544963
2.209875,-0.128490017618428
2.21,-1.47423232394502e-13
2.210125,0.128490017617986
2.21025,0.181712325544963
2.210375,0.128490017618152
2.2105,8.74073023312537e-14
2.210625,-0.128490017617795
2.21075,-0.181712325544963
2.210875,-0.128490017618109
2.211,-3.57924166927969e-13
2.211125,0.128490017617837
2.21125,0.181712325544963
2.211375,0.128490017618301
2.2115,2.97908236864721e-13
2.211625,-0.128490017617879
2.21175,-0.181712325544963
2.211875,-0.128490017618258
2.212,9.26404878584902e-14
2.212125,0.128490017617688
2.21225,0.181712325544963
2.212375,0.128490017617982
2.2125,5.08409171398188e-13
2.212625,-0.128490017617964
2.21275,-0.181712325544963
2.212875,-0.128490017618173
2.213,-1.17860446674977e-13
2.213125,0.128490017617773
2.21325,0.181712325544963
2.213375,0.128490017618131
2.2135,3.88377311271692e-13
2.213625,-0.128490017617815
2.21375,-0.181712325544963
2.213875,-0.128490017618322
2.214,-3.28361381208444e-13
2.214125,0.128490017617858
2.21425,0.181712325544963
2.214375,0.12849001761828
2.2145,2.68345451145197e-13
2.214625,-0.128490017617667
2.21475,-0.181712325544963
2.214875,-0.128490017618004
2.215,-5.38862315741912e-13
2.215125,0.128490017617943
2.21525,0.181712325544963
2.215375,0.128490017618195
2.2155,1.48313591018701e-13
2.215625,-0.128490017617985
2.21575,-0.181712325544963
2.215875,-0.128490017618153
2.216,-8.82976609554527e-14
2.216125,0.128490017617794
2.21625,0.181712325544963
2.216375,0.12849001761811
2.2165,3.58814525552168e-13
2.216625,-0.128490017617836
2.21675,-0.181712325544963
2.216875,-0.128490017618301
2.217,-2.9879859548892e-13
2.217125,0.128490017617645
2.21725,0.181712325544963
2.217375,0.128490017618025
2.2175,5.69315460085635e-13
2.217625,-0.128490017617687
2.21775,-0.181712325544963
2.217875,-0.12849001761845
2.218,-1.78766735362424e-13
2.218125,0.128490017617964
2.21825,0.181712325544963
2.218375,0.128490017618174
2.2185,1.18750805299176e-13
2.218625,-0.128490017617772
2.21875,-0.181712325544963
2.218875,-0.128490017618132
2.219,-3.89267669895891e-13
2.219125,0.128490017617815
2.21925,0.181712325544963
2.219375,0.128490017618323
2.2195,3.29251739832643e-13
2.219625,-0.128490017618091
2.21975,-0.181712325544963
2.219875,-0.12849001761828
2.22,6.12969848905678e-14
2.220125,0.128490017617666
2.22025,0.181712325544963
2.220375,0.128490017618004
2.2205,2.09219879706148e-13
2.220625,-0.128490017617942
2.22075,-0.181712325544963
2.220875,-0.128490017618196
2.221,-1.492039496429e-13
2.221125,0.128490017617751
2.22125,0.181712325544963
2.221375,0.128490017618153
2.2215,4.19720814239615e-13
2.221625,-0.128490017617793
2.22175,-0.181712325544963
2.221875,-0.128490017618344
2.222,-3.59704884176367e-13
2.222125,0.128490017617836
2.22225,0.181712325544963
2.222375,0.128490017618302
2.2225,-3.08438405468443e-14
2.222625,-0.128490017617644
2.22275,-0.181712325544963
2.222875,-0.128490017618026
2.223,-5.70205818709834e-13
2.223125,0.128490017617921
2.22325,0.181712325544963
2.223375,0.128490017618217
2.2235,1.79657093986623e-13
2.223625,-0.128490017617963
2.22375,-0.181712325544963
2.223875,-0.128490017618175
2.224,-1.19641163923375e-13
2.224125,0.128490017617772
2.22425,0.181712325544963
2.224375,0.128490017618132
2.2245,3.9015802852009e-13
2.224625,-0.128490017617814
2.22475,-0.181712325544963
2.224875,-0.128490017618324
2.225,3.90696203120884e-16
2.225125,0.128490017617623
2.22525,0.181712325544963
2.225375,0.128490017618047
2.2255,6.00658963053558e-13
2.225625,-0.128490017617899
2.22575,-0.181712325544963
2.225875,-0.128490017618239
2.226,-2.10110238330346e-13
2.226125,0.128490017617941
2.22625,0.181712325544963
2.226375,0.128490017618196
2.2265,1.50094308267098e-13
2.226625,-0.12849001761775
2.22675,-0.181712325544963
2.226875,-0.128490017618154
2.227,-4.20611172863814e-13
2.227125,0.128490017617793
2.22725,0.181712325544963
2.227375,0.128490017618345
2.2275,3.60595242800566e-13
2.227625,-0.128490017618069
2.22775,-0.181712325544963
2.227875,-0.128490017618069
2.228,2.99534819226454e-14
2.228125,0.128490017617878
2.22825,0.181712325544963
2.228375,0.128490017618026
2.2285,2.4056338267407e-13
2.228625,-0.12849001761792
2.22875,-0.181712325544963
2.228875,-0.128490017618218
2.229,-1.80547452610822e-13
2.229125,0.128490017617729
2.22925,0.181712325544963
2.229375,0.128490017618175
2.2295,4.51064317207537e-13
2.229625,-0.128490017617771
2.22975,-0.181712325544963
2.229875,-0.128490017618367
2.23,-3.91048387144289e-13
2.230125,0.128490017618047
2.23025,0.181712325544963
2.230375,0.128490017618324
2.2305,4.99662421078044e-16
2.230625,-0.128490017617622
2.23075,-0.181712325544963
2.230875,-0.128490017618048
2.231,-2.71016527017793e-13
2.231125,0.128490017617898
2.23125,0.181712325544963
2.231375,0.128490017618239
2.2315,2.11000596954545e-13
2.231625,-0.128490017617941
2.23175,-0.181712325544963
2.231875,-0.128490017618197
2.232,-1.50984666891297e-13
2.232125,0.12849001761775
2.23225,0.181712325544963
2.232375,0.128490017617921
2.2325,4.21501531488013e-13
2.232625,-0.128490017617792
2.23275,-0.181712325544963
2.232875,-0.128490017618346
2.233,-3.09528067648015e-14
2.233125,0.128490017617601
2.23325,0.181712325544963
2.233375,0.12849001761807
2.2335,6.3200246602148e-13
2.233625,-0.128490017617877
2.23375,-0.181712325544963
2.233875,-0.128490017618261
2.234,-2.41453741298269e-13
2.234125,0.128490017617919
2.23425,0.181712325544963
2.234375,0.128490017618218
2.2345,1.81437811235021e-13
2.234625,-0.128490017617728
2.23475,-0.181712325544963
2.234875,-0.128490017618176
2.235,-4.51954675831736e-13
2.235125,0.128490017617771
2.23525,0.181712325544963
2.235375,0.128490017618367
2.2355,6.14059511085249e-14
2.235625,-0.128490017618047
2.23575,-0.181712325544963
2.235875,-0.128490017618091
2.236,-1.39002104527697e-15
2.236125,0.128490017617855
2.23625,0.181712325544963
2.236375,0.128490017618282
2.2365,2.71906885641992e-13
2.236625,-0.128490017617898
2.23675,-0.181712325544963
2.236875,-0.12849001761824
2.237,-2.11890955578744e-13
2.237125,0.128490017617707
2.23725,0.181712325544963
2.237375,0.128490017618197
2.2375,4.8240782017546e-13
2.237625,-0.128490017617749
2.23775,-0.181712325544963
2.237875,-0.128490017618389
2.238,-4.22391890112212e-13
2.238125,0.128490017618025
2.23825,0.181712325544963
2.238375,0.128490017618113
2.2385,3.18431653890004e-14
2.238625,-0.128490017617834
2.23875,-0.181712325544963
2.238875,-0.12849001761807
2.239,-3.02360029985716e-13
2.239125,0.128490017617876
2.23925,0.181712325544963
2.239375,0.128490017618261
2.2395,2.42344099922468e-13
2.239625,-0.128490017617919
2.23975,-0.181712325544963
2.239875,-0.128490017618219
2.24,-1.8232816985922e-13
2.240125,0.128490017617727
2.24025,0.181712325544963
2.240375,0.12849001761841
2.2405,4.52845034455935e-13
2.240625,-0.128490017618004
2.24075,-0.181712325544963
2.240875,-0.128490017618134
2.241,-6.22963097327239e-14
2.241125,0.128490017617579
2.24125,0.181712325544963
2.241375,0.128490017618092
2.2415,3.32813174329439e-13
2.241625,-0.128490017617855
2.24175,-0.181712325544963
2.241875,-0.128490017618283
2.242,-2.72797244266191e-13
2.242125,0.128490017617897
2.24225,0.181712325544963
2.242375,0.128490017618241
2.2425,2.12781314202943e-13
2.242625,-0.128490017617706
2.24275,-0.181712325544963
2.242875,-0.128490017617964
2.243,-4.83298178799659e-13
2.243125,0.128490017617748
2.24325,0.181712325544963
2.243375,0.128490017618389
2.2435,9.27494540764473e-14
2.243625,-0.128490017618025
2.24375,-0.181712325544963
2.243875,-0.128490017618113
2.244,-3.27335240131993e-14
2.244125,0.128490017617833
2.24425,0.181712325544963
2.244375,0.128490017618305
2.2445,3.03250388609915e-13
2.244625,-0.128490017617876
2.24475,-0.181712325544963
2.244875,-0.128490017618262
2.245,-2.43234458546667e-13
2.245125,0.128490017617684
2.24525,0.181712325544963
2.245375,0.12849001761822
2.2455,5.13751323143382e-13
2.245625,-0.128490017617727
2.24575,-0.181712325544963
2.245875,-0.128490017618411
2.246,-1.23202598420171e-13
2.246125,0.128490017618003
2.24625,0.181712325544963
2.246375,0.128490017618135
2.2465,6.31866683569228e-14
2.246625,-0.128490017617812
2.24675,-0.181712325544963
2.246875,-0.128490017618092
2.247,-3.33703532953638e-13
2.247125,0.128490017617854
2.24725,0.181712325544963
2.247375,0.128490017618284
2.2475,2.7368760289039e-13
2.247625,-0.128490017617897
2.24775,-0.181712325544963
2.247875,-0.128490017618241
2.248,1.16861121832821e-13
2.248125,0.128490017617705
2.24825,0.181712325544963
2.248375,0.128490017618432
2.2485,4.84188537423857e-13
2.248625,-0.128490017617981
2.24875,-0.181712325544963
2.248875,-0.128490017618156
2.249,-9.36398127006462e-14
2.249125,0.12849001761779
2.24925,0.181712325544963
2.249375,0.128490017618114
2.2495,3.64156677297362e-13
2.249625,-0.128490017617833
2.24975,-0.181712325544963
2.249875,-0.128490017618305
2.25,-3.04140747234114e-13
2.250125,0.128490017617875
2.25025,0.181712325544963
2.250375,0.128490017618263
2.2505,-8.64079774890977e-14
2.250625,-0.128490017617684
2.25075,-0.181712325544963
2.250875,-0.128490017617987
2.251,-5.14641681767581e-13
2.251125,0.12849001761796
2.25125,0.181712325544963
2.251375,0.128490017618178
2.2515,1.2409295704437e-13
2.251625,-0.128490017618002
2.25175,-0.181712325544963
2.251875,-0.128490017618135
2.252,-3.94609821641085e-13
2.252125,0.128490017617811
2.25225,0.181712325544963
2.252375,0.128490017618327
2.2525,3.34593891577837e-13
2.252625,-0.128490017617853
2.25275,-0.181712325544963
2.252875,-0.128490017618284
2.253,-2.74577961514589e-13
2.253125,0.128490017617662
2.25325,0.181712325544963
2.253375,0.128490017618008
2.2535,5.45094826111304e-13
2.253625,-0.128490017617938
2.25375,-0.181712325544963
2.253875,-0.128490017618433
2.254,-1.54546101388093e-13
2.254125,0.128490017617981
2.25425,0.181712325544963
2.254375,0.128490017618157
2.2545,9.45301713248452e-14
2.254625,-0.128490017617789
2.25475,-0.181712325544963
2.254875,-0.128490017618114
2.255,-3.6504703592156e-13
2.255125,0.128490017617832
2.25525,0.181712325544963
2.255375,0.128490017618306
2.2555,3.05031105858313e-13
2.255625,-0.128490017618108
2.25575,-0.181712325544963
2.255875,-0.128490017618263
2.256,-5.75547970455028e-13
2.256125,0.128490017617683
2.25625,0.181712325544963
2.256375,0.128490017618455
2.2565,1.84999245731817e-13
2.256625,-0.128490017617959
2.25675,-0.181712325544963
2.256875,-0.128490017618178
2.257,-1.24983315668569e-13
2.257125,0.128490017617768
2.25725,0.181712325544963
2.257375,0.128490017618136
2.2575,3.95500180265284e-13
2.257625,-0.12849001761781
2.25775,-0.181712325544963
2.257875,-0.128490017618327
2.258,-3.35484250202036e-13
2.258125,0.128490017617853
2.25825,0.181712325544963
2.258375,0.128490017618285
2.2585,-5.50644745211753e-14
2.258625,-0.128490017617662
2.25875,-0.181712325544963
2.258875,-0.128490017618009
2.259,-5.45985184735503e-13
2.259125,0.128490017617938
2.25925,0.181712325544963
2.259375,0.1284900176182
2.2595,1.55436460012292e-13
2.259625,-0.12849001761798
2.25975,-0.181712325544963
2.259875,-0.128490017618158
2.26,-4.25953324609007e-13
2.260125,0.128490017617789
2.26025,0.181712325544963
2.260375,0.128490017618349
2.2605,3.65937394545759e-13
2.260625,-0.128490017617831
2.26075,-0.181712325544963
2.260875,-0.128490017618306
2.261,2.46113301774518e-14
2.261125,0.12849001761764
2.26125,0.181712325544963
2.261375,0.12849001761803
2.2615,5.76438329079227e-13
2.261625,-0.128490017617916
2.26175,-0.181712325544963
2.261875,-0.128490017618222
2.262,-1.85889604356015e-13
2.262125,0.128490017617959
2.26225,0.181712325544963
2.262375,0.128490017618179
2.2625,1.25873674292768e-13
2.262625,-0.128490017617767
2.26275,-0.181712325544963
2.262875,-0.128490017618137
2.263,-3.96390538889483e-13
2.263125,0.12849001761781
2.26325,0.181712325544963
2.263375,0.128490017618328
2.2635,3.36374608826235e-13
2.263625,-0.128490017618086
2.26375,-0.181712325544963
2.263875,-0.128490017618052
2.264,-6.0689147342295e-13
2.264125,0.128490017617895
2.26425,0.181712325544963
2.264375,0.128490017618477
2.2645,2.16342748699739e-13
2.264625,-0.128490017617937
2.26475,-0.181712325544963
2.264875,-0.128490017618201
2.265,-1.56326818636491e-13
2.265125,0.128490017617746
2.26525,0.181712325544963
2.265375,0.128490017618158
2.2655,4.26843683233206e-13
2.265625,-0.128490017617788
2.26575,-0.181712325544963
2.265875,-0.128490017618349
2.266,-3.66827753169958e-13
2.266125,0.128490017618064
2.26625,0.181712325544963
2.266375,0.128490017618073
2.2665,-2.37209715532529e-14
2.266625,-0.128490017617639
2.26675,-0.181712325544963
2.266875,-0.128490017618031
2.267,-2.46795893043462e-13
2.267125,0.128490017617916
2.26725,0.181712325544963
2.267375,0.128490017618222
2.2675,1.86779962980214e-13
2.267625,-0.128490017617724
2.26775,-0.181712325544963
2.267875,-0.12849001761818
2.268,-4.5729682757693e-13
2.268125,0.128490017617767
2.26825,0.181712325544963
2.268375,0.128490017618371
2.2685,3.97280897513682e-13
2.268625,-0.128490017617809
2.26875,-0.181712325544963
2.268875,-0.128490017618329
2.269,-6.73217279047054e-15
2.269125,0.128490017617618
2.26925,0.181712325544963
2.269375,0.128490017618052
2.2695,2.77249037387186e-13
2.269625,-0.128490017617894
2.26975,-0.181712325544963
2.269875,-0.128490017618244
2.27,-2.17233107323938e-13
2.270125,0.128490017617936
2.27025,0.181712325544963
2.270375,0.128490017618201
2.2705,1.5721717726069e-13
2.270625,-0.128490017617745
2.27075,-0.181712325544963
2.270875,-0.128490017618159
2.271,-4.27734041857405e-13
2.271125,0.128490017617788
2.27125,0.181712325544963
2.271375,0.12849001761835
2.2715,3.7185317134194e-14
2.271625,-0.128490017617596
2.27175,-0.181712325544963
2.271875,-0.128490017618074
2.272,-6.38234976390873e-13
2.272125,0.128490017617873
2.27225,0.181712325544963
2.272375,0.128490017618265
2.2725,2.47686251667661e-13
2.272625,-0.128490017617915
2.27275,-0.181712325544963
2.272875,-0.128490017618223
2.273,-1.87670321604413e-13
2.273125,0.128490017617724
2.27325,0.181712325544963
2.273375,0.12849001761818
2.2735,4.58187186201129e-13
2.273625,-0.128490017617766
2.27375,-0.181712325544963
2.273875,-0.128490017618372
2.274,-3.98171256137881e-13
2.274125,0.128490017618042
2.27425,0.181712325544963
2.274375,0.128490017618095
2.2745,7.62253141466947e-15
2.274625,-0.128490017617851
2.27475,-0.181712325544963
2.274875,-0.128490017618053
2.275,-2.78139396011385e-13
2.275125,0.128490017617893
2.27525,0.181712325544963
2.275375,0.128490017618244
2.2755,2.18123465948137e-13
2.275625,-0.128490017617702
2.27575,-0.181712325544963
2.275875,-0.128490017618202
2.276,-4.88640330544852e-13
2.276125,0.128490017617745
2.27625,0.181712325544963
2.276375,0.128490017618393
2.2765,4.28624400481604e-13
2.276625,-0.128490017618021
2.27675,-0.181712325544963
2.276875,-0.128490017618117
2.277,-3.80756757583929e-14
2.277125,0.128490017617596
2.27725,0.181712325544963
2.277375,0.128490017618075
2.2775,3.08592540355108e-13
2.277625,-0.128490017617872
2.27775,-0.181712325544963
2.277875,-0.128490017618266
2.278,-2.4857661029186e-13
2.278125,0.128490017617914
2.27825,0.181712325544963
2.278375,0.128490017618223
2.2785,1.88560680228612e-13
2.278625,-0.128490017617723
2.27875,-0.181712325544963
2.278875,-0.128490017617947
2.279,-4.59077544825328e-13
2.279125,0.128490017617999
2.27925,0.181712325544963
2.279375,0.128490017618372
2.2795,6.85288201021164e-14
2.279625,-0.128490017617574
2.27975,-0.181712325544963
2.279875,-0.128490017618096
2.28,-3.39045684698832e-13
2.280125,0.12849001761785
2.28025,0.181712325544963
2.280375,0.128490017618287
2.2805,2.79029754635584e-13
2.280625,-0.128490017617893
2.28075,-0.181712325544963
2.280875,-0.128490017618245
2.281,-2.19013824572336e-13
2.281125,0.128490017617701
2.28125,0.181712325544963
2.281375,0.128490017618203
2.2815,4.89530689169051e-13
2.281625,-0.128490017617744
2.28175,-0.181712325544963
2.281875,-0.128490017618394
2.282,-9.89819644458398e-14
2.282125,0.12849001761802
2.28225,0.181712325544963
2.282375,0.128490017618118
2.2825,3.89660343825918e-14
2.282625,-0.128490017617829
2.28275,-0.181712325544963
2.282875,-0.128490017618075
2.283,-3.09482898979307e-13
2.283125,0.128490017617871
2.28325,0.181712325544963
2.283375,0.128490017618266
2.2835,2.49466968916059e-13
2.283625,-0.12849001761768
2.28375,-0.181712325544963
2.283875,-0.128490017618224
2.284,-5.19983833512774e-13
2.284125,0.128490017617722
2.28425,0.181712325544963
2.284375,0.128490017618415
2.2845,4.59967903449527e-13
2.284625,-0.128490017617999
2.28475,-0.181712325544963
2.284875,-0.128490017618139
2.285,-6.94191787263153e-14
2.285125,0.128490017617807
2.28525,0.181712325544963
2.285375,0.128490017618097
2.2855,3.39936043323031e-13
2.285625,-0.12849001761785
2.28575,-0.181712325544963
2.285875,-0.128490017618288
2.286,-2.79920113259783e-13
2.286125,0.128490017617892
2.28625,0.181712325544963
2.286375,0.128490017618246
2.2865,-1.10628611463429e-13
2.286625,-0.128490017617701
2.28675,-0.181712325544963
2.286875,-0.128490017617969
2.287,-4.9042104779325e-13
2.287125,0.128490017617977
2.28725,0.181712325544963
2.287375,0.128490017618161
2.2875,9.98723230700387e-14
2.287625,-0.128490017617552
2.28775,-0.181712325544963
2.287875,-0.128490017618118
2.288,-3.70389187666754e-13
2.288125,0.128490017617828
2.28825,0.181712325544963
2.288375,0.12849001761831
2.2885,3.10373257603506e-13
2.288625,-0.128490017617871
2.28875,-0.181712325544963
2.288875,-0.128490017618267
2.289,-2.50357327540258e-13
2.289125,0.128490017617679
2.28925,0.181712325544963
2.289375,0.128490017617991
2.2895,5.20874192136973e-13
2.289625,-0.128490017617955
2.28975,-0.181712325544963
2.289875,-0.128490017618416
2.29,-1.30325467413762e-13
2.290125,0.128490017617998
2.29025,0.181712325544963
2.290375,0.12849001761814
2.2905,7.03095373505142e-14
2.290625,-0.128490017617807
2.29075,-0.181712325544963
2.290875,-0.128490017618097
2.291,-3.4082640194723e-13
2.291125,0.128490017617849
2.29125,0.181712325544963
2.291375,0.128490017618289
2.2915,2.80810471883982e-13
2.291625,-0.128490017617658
2.29175,-0.181712325544963
2.291875,-0.128490017618012
2.292,-5.51327336480697e-13
2.292125,0.1284900176177
2.29225,0.181712325544963
2.292375,0.128490017618437
2.2925,1.60778611757486e-13
2.292625,-0.128490017617976
2.29275,-0.181712325544963
2.292875,-0.128490017618161
2.293,-1.00762681694238e-13
2.293125,0.128490017617785
2.29325,0.181712325544963
2.293375,0.128490017618119
2.2935,3.71279546290953e-13
2.293625,-0.128490017617828
2.29375,-0.181712325544963
2.293875,-0.12849001761831
2.294,-3.11263616227705e-13
2.294125,0.12849001761787
2.29425,0.181712325544963
2.294375,0.128490017618268
2.2945,-7.92851084955062e-14
2.294625,-0.128490017617679
2.29475,-0.181712325544963
2.294875,-0.128490017617992
2.295,-1.91231756101209e-13
2.295125,0.128490017617955
2.29525,0.181712325544963
2.295375,0.128490017618183
2.2955,1.31215826037961e-13
2.295625,-0.128490017617764
2.29575,-0.181712325544963
2.295875,-0.12849001761814
2.296,-4.01732690634676e-13
2.296125,0.128490017617806
2.29625,0.181712325544963
2.296375,0.128490017618332
2.2965,3.41716760571428e-13
2.296625,-0.128490017617848
2.29675,-0.181712325544963
2.296875,-0.128490017618289
2.297,4.88319641517828e-14
2.297125,0.128490017617657
2.29725,0.181712325544963
2.297375,0.128490017618013
2.2975,5.52217695104896e-13
2.297625,-0.128490017617933
2.29775,-0.181712325544963
2.297875,-0.128490017618204
2.298,-1.61668970381685e-13
2.298125,0.128490017617976
2.29825,0.181712325544963
2.298375,0.128490017618162
2.2985,1.01653040318437e-13
2.298625,-0.128490017617784
2.29875,-0.181712325544963
2.298875,-0.128490017618353
2.299,-3.72169904915152e-13
2.299125,0.128490017617827
2.29925,0.181712325544963
2.299375,0.128490017618311
2.2995,3.12153974851904e-13
2.299625,-0.128490017617636
2.29975,-0.181712325544963
2.299875,-0.128490017618035
2.3,-5.82670839448619e-13
2.300125,0.128490017617912
2.30025,0.181712325544963
2.300375,0.12849001761846
2.3005,1.92122114725408e-13
2.300625,-0.128490017617954
2.30075,-0.181712325544963
2.300875,-0.128490017618183
2.301,-1.3210618466216e-13
2.301125,0.128490017617763
2.30125,0.181712325544963
2.301375,0.128490017618141
2.3015,4.02623049258875e-13
2.301625,-0.128490017617805
2.30175,-0.181712325544963
2.301875,-0.128490017618332
2.302,-3.42607119195627e-13
2.302125,0.128490017618082
2.30225,0.181712325544963
2.302375,0.128490017618056
2.3025,-4.79416055275839e-14
2.302625,-0.128490017617657
2.30275,-0.181712325544963
2.302875,-0.128490017618481
2.303,-2.22575259069131e-13
2.303125,0.128490017617933
2.30325,0.181712325544963
2.303375,0.128490017618205
2.3035,1.62559329005883e-13
2.303625,-0.128490017617741
2.30375,-0.181712325544963
2.303875,-0.128490017618163
2.304,-4.33076193602599e-13
2.304125,0.128490017617784
2.30425,0.181712325544963
2.304375,0.128490017618354
2.3045,3.73060263539351e-13
2.304625,-0.12849001761806
2.30475,-0.181712325544963
2.304875,-0.128490017618311
2.305,1.74884611838604e-14
2.305125,0.128490017617635
2.30525,0.181712325544963
2.305375,0.128490017618035
2.3055,2.53028403412855e-13
2.305625,-0.128490017617911
2.30575,-0.181712325544963
2.305875,-0.128490017618227
2.306,-1.93012473349607e-13
2.306125,0.128490017617954
2.30625,0.181712325544963
2.306375,0.128490017618184
2.3065,1.32996543286359e-13
2.306625,-0.128490017617762
2.30675,-0.181712325544963
2.306875,-0.128490017618375
2.307,-4.03513407883074e-13
2.307125,0.128490017617805
2.30725,0.181712325544963
2.307375,0.128490017618333
2.3075,1.2964683159863e-14
2.307625,-0.128490017617613
2.30775,-0.181712325544963
2.307875,-0.128490017618057
2.308,-6.14014342416542e-13
2.308125,0.12849001761789
2.30825,0.181712325544963
2.308375,0.128490017618248
2.3085,2.2346561769333e-13
2.308625,-0.128490017617932
2.30875,-0.181712325544963
2.308875,-0.128490017618206
2.309,-1.63449687630082e-13
2.309125,0.128490017617741
2.30925,0.181712325544963
2.309375,0.128490017618163
2.3095,4.33966552226798e-13
2.309625,-0.128490017617783
2.30975,-0.181712325544963
2.309875,-0.128490017618355
2.31,-3.7395062216355e-13
2.310125,0.128490017618059
2.31025,0.181712325544963
2.310375,0.128490017618078
2.3105,-1.65981025596615e-14
2.310625,-0.128490017617868
2.31075,-0.181712325544963
2.310875,-0.12849001761827
2.311,-2.53918762037054e-13
2.311125,0.128490017617911
2.31125,0.181712325544963
2.311375,0.128490017618227
2.3115,1.93902831973806e-13
2.311625,-0.128490017617719
2.31175,-0.181712325544963
2.311875,-0.128490017618185
2.312,-4.64419696570521e-13
2.312125,0.128490017617762
2.31225,0.181712325544963
2.312375,0.128490017618376
2.3125,4.04403766507273e-13
2.312625,-0.128490017618038
2.31275,-0.181712325544963
2.312875,-0.1284900176181
2.313,-1.3855041784062e-14
2.313125,0.128490017617613
2.31325,0.181712325544963
2.313375,0.128490017618057
2.3135,2.84371906380777e-13
2.313625,-0.128490017617889
2.31375,-0.181712325544963
2.313875,-0.128490017618249
2.314,-2.24355976317529e-13
2.314125,0.128490017617931
2.31425,0.181712325544963
2.314375,0.128490017618206
2.3145,4.94872840914245e-13
2.314625,-0.12849001761774
2.31475,-0.181712325544963
2.314875,-0.128490017618398
2.315,-4.34856910850997e-13
2.315125,0.128490017618016
2.31525,0.181712325544963
2.315375,0.128490017618355
2.3155,4.43081861277854e-14
2.315625,-0.128490017617591
2.31575,-0.181712325544963
2.315875,-0.128490017618079
2.316,-3.14825050724501e-13
2.316125,0.128490017617867
2.31625,0.181712325544963
2.316375,0.12849001761827
2.3165,2.54809120661253e-13
2.316625,-0.12849001761791
2.31675,-0.181712325544963
2.316875,-0.128490017618228
2.317,-1.94793190598005e-13
2.317125,0.128490017617719
2.31725,0.181712325544963
2.317375,0.128490017617952
2.3175,4.6531005519472e-13
2.317625,-0.128490017617761
2.31775,-0.181712325544963
2.317875,-0.128490017618377
2.318,-7.47613304715089e-14
2.318125,0.128490017618037
2.31825,0.181712325544963
2.318375,0.1284900176181
2.3185,6.75810989728187e-13
2.318625,-0.128490017617846
2.31875,-0.181712325544963
2.318875,-0.128490017618292
2.319,-2.85262265004976e-13
2.319125,0.128490017617888
2.31925,0.181712325544963
2.319375,0.128490017618249
2.3195,2.25246334941728e-13
2.319625,-0.128490017617697
2.31975,-0.181712325544963
2.319875,-0.128490017618207
2.32,-4.95763199538444e-13
2.320125,0.12849001761774
2.32025,0.181712325544963
2.320375,0.128490017618398
2.3205,1.05214474815232e-13
2.320625,-0.128490017618016
2.32075,-0.181712325544963
2.320875,-0.128490017618122
2.321,-4.51985447519843e-14
2.321125,0.128490017617824
2.32125,0.181712325544963
2.321375,0.12849001761808
2.3215,3.157154093487e-13
2.321625,-0.128490017617867
2.32175,-0.181712325544963
2.321875,-0.128490017618271
2.322,-2.55699479285452e-13
2.322125,0.128490017617909
2.32225,0.181712325544963
2.322375,0.128490017618228
2.3225,5.26216343882167e-13
2.322625,-0.128490017617718
2.32275,-0.181712325544963
2.322875,-0.12849001761842
2.323,-4.66200413818919e-13
2.323125,0.128490017617994
2.32325,0.181712325544963
2.323375,0.128490017618144
2.3235,7.56516890957078e-14
2.323625,-0.128490017617803
2.32375,-0.181712325544963
2.323875,-0.128490017618101
2.324,-3.46168553692423e-13
2.324125,0.128490017617845
2.32425,0.181712325544963
2.324375,0.128490017618292
2.3245,2.86152623629175e-13
2.324625,-0.128490017617888
2.32475,-0.181712325544963
2.324875,-0.12849001761825
2.325,-2.26136693565927e-13
2.325125,0.128490017617696
2.32525,0.181712325544963
2.325375,0.128490017617974
2.3255,4.96653558162642e-13
2.325625,-0.128490017617973
2.32575,-0.181712325544963
2.325875,-0.128490017618399
2.326,-1.06104833439431e-13
2.326125,0.128490017618015
2.32625,0.181712325544963
2.326375,0.128490017618123
2.3265,3.76621698036147e-13
2.326625,-0.128490017617824
2.32675,-0.181712325544963
2.326875,-0.128490017618314
2.327,-3.16605767972899e-13
2.327125,0.128490017617866
2.32725,0.181712325544963
2.327375,0.128490017618272
2.3275,2.56589837909651e-13
2.327625,-0.128490017617675
2.32775,-0.181712325544963
2.327875,-0.128490017617995
2.328,-5.27106702506366e-13
2.328125,0.128490017617717
2.32825,0.181712325544963
2.328375,0.12849001761842
2.3285,1.36557977783155e-13
2.328625,-0.128490017617994
2.32875,-0.181712325544963
2.328875,-0.128490017618144
2.329,-7.65420477199067e-14
2.329125,0.128490017617802
2.32925,0.181712325544963
2.329375,0.128490017618102
2.3295,3.47058912316622e-13
2.329625,-0.128490017617845
2.32975,-0.181712325544963
2.329875,-0.128490017618293
2.33,-2.87042982253374e-13
2.330125,0.128490017617653
2.33025,0.181712325544963
2.330375,0.128490017618251
2.3305,5.57559846850089e-13
2.330625,-0.128490017617696
2.33075,-0.181712325544963
2.330875,-0.128490017618442
2.331,-1.67011122126878e-13
2.331125,0.128490017617972
2.33125,0.181712325544963
2.331375,0.128490017618166
2.3315,1.0699519206363e-13
2.331625,-0.128490017617781
2.33175,-0.181712325544963
2.331875,-0.128490017618123
2.332,-3.77512056660345e-13
2.332125,0.128490017617823
2.33225,0.181712325544963
2.332375,0.128490017618315
2.3325,3.17496126597097e-13
2.332625,-0.128490017617866
2.33275,-0.181712325544963
2.332875,-0.128490017618272
2.333,7.30525981261137e-14
2.333125,0.128490017617674
2.33325,0.181712325544963
2.333375,0.128490017617996
2.3335,5.27997061130565e-13
2.333625,-0.12849001761795
2.33375,-0.181712325544963
2.333875,-0.128490017618187
2.334,-1.37448336407354e-13
2.334125,0.128490017617759
2.33425,0.181712325544963
2.334375,0.128490017618145
2.3345,4.07965201004069e-13
2.334625,-0.128490017617802
2.33475,-0.181712325544963
2.334875,-0.128490017618336
2.335,-3.47949270940821e-13
2.335125,0.128490017617844
2.33525,0.181712325544963
2.335375,0.128490017618294
2.3355,2.87933340877573e-13
2.335625,-0.128490017617653
2.33575,-0.181712325544963
2.335875,-0.128490017618018
2.336,-5.58450205474288e-13
2.336125,0.128490017617929
2.33625,0.181712325544963
2.336375,0.128490017618209
2.3365,1.67901480751077e-13
2.336625,-0.128490017617971
2.33675,-0.181712325544963
2.336875,-0.128490017618166
2.337,-1.07885550687829e-13
2.337125,0.12849001761778
2.33725,0.181712325544963
2.337375,0.128490017618124
2.3375,3.78402415284544e-13
2.337625,-0.128490017617822
2.33775,-0.181712325544963
2.337875,-0.128490017618315
2.338,-3.18386485221296e-13
2.338125,0.128490017617631
2.33825,0.181712325544963
2.338375,0.128490017618039
2.3385,5.88903349818012e-13
2.338625,-0.128490017617907
2.33875,-0.181712325544963
2.338875,-0.128490017618464
2.339,-1.983546250948e-13
2.339125,0.12849001761795
2.33925,0.181712325544963
2.339375,0.128490017618188
2.3395,1.38338695031553e-13
2.339625,-0.128490017617759
2.33975,-0.181712325544963
2.339875,-0.128490017618145
2.34,-4.08855559628268e-13
2.340125,0.128490017617801
2.34025,0.181712325544963
2.340375,0.128490017618337
2.3405,3.4883962956502e-13
2.340625,-0.128490017618077
2.34075,-0.181712325544963
2.340875,-0.128490017618294
2.341,4.17090951581914e-14
2.341125,0.128490017617652
2.34125,0.181712325544963
2.341375,0.128490017618018
2.3415,2.28807769438524e-13
2.341625,-0.128490017617928
2.34175,-0.181712325544963
2.341875,-0.128490017618209
2.342,-1.68791839375276e-13
2.342125,0.128490017617737
2.34225,0.181712325544963
2.342375,0.128490017618167
2.3425,4.39308703971991e-13
2.342625,-0.128490017617779
2.34275,-0.181712325544963
2.342875,-0.128490017618358
2.343,-3.79292773908743e-13
2.343125,0.128490017617822
2.34325,0.181712325544963
2.343375,0.128490017618316
2.3435,-1.12559508144679e-14
2.343625,-0.128490017617631
2.34375,-0.181712325544963
2.343875,-0.12849001761804
2.344,-5.89793708442211e-13
2.344125,0.128490017617907
2.34425,0.181712325544963
2.344375,0.128490017618231
2.3445,1.99244983718999e-13
2.344625,-0.128490017617949
2.34475,-0.181712325544963
2.344875,-0.128490017618189
2.345,-1.39229053655751e-13
2.345125,0.128490017617758
2.34525,0.181712325544963
2.345375,0.128490017618146
2.3455,4.09745918252467e-13
2.345625,-0.1284900176178
2.34575,-0.181712325544963
2.345875,-0.128490017618337
2.346,-1.91971935292555e-14
2.346125,0.128490017617609
2.34625,0.181712325544963
2.346375,0.128490017618061
2.3465,6.20246852785934e-13
2.346625,-0.128490017617885
2.34675,-0.181712325544963
2.346875,-0.128490017618253
2.347,-2.29698128062723e-13
2.347125,0.128490017617928
2.34725,0.181712325544963
2.347375,0.12849001761821
2.3475,1.69682197999475e-13
2.347625,-0.128490017617736
2.34775,-0.181712325544963
2.347875,-0.128490017618168
2.348,-4.4019906259619e-13
2.348125,0.128490017617779
2.34825,0.181712325544963
2.348375,0.128490017618359
2.3485,3.80183132532942e-13
2.348625,-0.128490017618055
2.34875,-0.181712325544963
2.348875,-0.128490017618083
2.349,1.0365592190269e-14
2.349125,0.128490017617864
2.34925,0.181712325544963
2.349375,0.12849001761804
2.3495,2.60151272406446e-13
2.349625,-0.128490017617906
2.34975,-0.181712325544963
2.349875,-0.128490017618232
2.35,-2.00135342343198e-13
2.350125,0.128490017617715
2.35025,0.181712325544963
2.350375,0.128490017618189
2.3505,4.70652206939914e-13
2.350625,-0.128490017617757
2.35075,-0.181712325544963
2.350875,-0.12849001761838
2.351,-4.10636276876666e-13
2.351125,0.128490017618033
2.35125,0.181712325544963
2.351375,0.128490017618104
2.3515,2.00875521534545e-14
2.351625,-0.128490017617608
2.35175,-0.181712325544963
2.351875,-0.128490017618062
2.352,-2.9060441675017e-13
2.352125,0.128490017617885
2.35225,0.181712325544963
2.352375,0.128490017618253
2.3525,2.30588486686922e-13
2.352625,-0.128490017617927
2.35275,-0.181712325544963
2.352875,-0.128490017618211
2.353,-1.70572556623674e-13
2.353125,0.128490017617736
2.35325,0.181712325544963
2.353375,0.128490017617935
2.3535,4.41089421220389e-13
2.353625,-0.128490017617778
2.35375,-0.181712325544963
2.353875,-0.12849001761836
2.354,-5.05406964971779e-14
2.354125,0.128490017617587
2.35425,0.181712325544963
2.354375,0.128490017618083
2.3545,3.21057561093893e-13
2.354625,-0.128490017617863
2.35475,-0.181712325544963
2.354875,-0.128490017618275
2.355,-2.61041631030645e-13
2.355125,0.128490017617905
2.35525,0.181712325544963
2.355375,0.128490017618232
2.3555,2.01025700967397e-13
2.355625,-0.128490017617714
2.35575,-0.181712325544963
2.355875,-0.12849001761819
2.356,-4.71542565564113e-13
2.356125,0.128490017617757
2.35625,0.181712325544963
2.356375,0.128490017618381
2.3565,8.09938408409013e-14
2.356625,-0.128490017618033
2.35675,-0.181712325544963
2.356875,-0.128490017618105
2.357,-2.09779107776534e-14
2.357125,0.128490017617842
2.35725,0.181712325544963
2.357375,0.128490017618062
2.3575,2.91494775374369e-13
2.357625,-0.128490017617884
2.35775,-0.181712325544963
2.357875,-0.128490017618254
2.358,-2.31478845311121e-13
2.358125,0.128490017617693
2.35825,0.181712325544963
2.358375,0.128490017618211
2.3585,5.01995709907836e-13
2.358625,-0.128490017617735
2.35875,-0.181712325544963
2.358875,-0.128490017618403
2.359,-4.41979779844588e-13
2.359125,0.128490017618011
2.35925,0.181712325544963
2.359375,0.128490017618126
2.3595,5.14310551213768e-14
2.359625,-0.12849001761782
2.35975,-0.181712325544963
2.359875,-0.128490017618084
2.36,-3.21947919718092e-13
2.360125,0.128490017617862
2.36025,0.181712325544963
2.360375,0.128490017618275
2.3605,2.61931989654844e-13
2.360625,-0.128490017617905
2.36075,-0.181712325544963
2.360875,-0.128490017618233
2.361,1.28616735068367e-13
2.361125,0.128490017617714
2.36125,0.181712325544963
2.361375,0.128490017618424
2.3615,4.72432924188311e-13
2.361625,-0.12849001761799
2.36175,-0.181712325544963
2.361875,-0.128490017618148
2.362,-8.18841994651003e-14
2.362125,0.128490017617565
2.36225,0.181712325544963
2.362375,0.128490017618106
2.3625,3.52401064061816e-13
2.362625,-0.128490017617841
2.36275,-0.181712325544963
2.362875,-0.128490017618297
2.363,-2.92385133998568e-13
2.363125,0.128490017617883
2.36325,0.181712325544963
2.363375,0.128490017618254
2.3635,2.3236920393532e-13
2.363625,-0.128490017617692
2.36375,-0.181712325544963
2.363875,-0.128490017617978
2.364,-5.02886068532035e-13
2.364125,0.128490017617968
2.36425,0.181712325544963
2.364375,0.128490017618403
2.3645,1.12337343808824e-13
2.364625,-0.128490017618011
2.36475,-0.181712325544963
2.364875,-0.128490017618127
2.365,-5.23214137455758e-14
2.365125,0.128490017617819
2.36525,0.181712325544963
2.365375,0.128490017618318
2.3655,3.22838278342291e-13
2.365625,-0.128490017617862
2.36575,-0.181712325544963
2.365875,-0.128490017618276
2.366,-2.62822348279043e-13
2.366125,0.128490017617671
2.36625,0.181712325544963
2.366375,0.128490017618233
2.3665,5.33339212875758e-13
2.366625,-0.128490017617713
2.36675,-0.181712325544963
2.366875,-0.128490017618425
2.367,-1.42790488152547e-13
2.367125,0.128490017617989
2.36725,0.181712325544963
2.367375,0.128490017618149
2.3675,8.27745580892992e-14
2.367625,-0.128490017617798
2.36775,-0.181712325544963
2.367875,-0.128490017618106
2.368,-3.53291422686015e-13
2.368125,0.12849001761784
2.36825,0.181712325544963
2.368375,0.128490017618297
2.3685,2.93275492622767e-13
2.368625,-0.128490017617883
2.36875,-0.181712325544963
2.368875,-0.128490017618255
2.369,9.72732321004447e-14
2.369125,0.128490017617691
2.36925,0.181712325544963
2.369375,0.128490017618446
2.3695,5.03776427156234e-13
2.369625,-0.128490017617968
2.36975,-0.181712325544963
2.369875,-0.12849001761817
2.37,-1.13227702433023e-13
2.370125,0.128490017617776
2.37025,0.181712325544963
2.370375,0.128490017618128
2.3705,3.83744567029738e-13
2.370625,-0.128490017617819
2.37075,-0.181712325544963
2.370875,-0.128490017618319
2.371,-3.2372863696649e-13
2.371125,0.128490017617861
2.37125,0.181712325544963
2.371375,0.128490017618277
2.3715,-6.68200877567212e-14
2.371625,-0.12849001761767
2.37175,-0.181712325544963
2.371875,-0.128490017618
2.372,-5.34229571499957e-13
2.372125,0.128490017617946
2.37225,0.181712325544963
2.372375,0.128490017618192
2.3725,1.43680846776746e-13
2.372625,-0.128490017617988
2.37275,-0.181712325544963
2.372875,-0.128490017618149
2.373,-8.36649167134981e-14
2.373125,0.128490017617797
2.37325,0.181712325544963
2.373375,0.128490017618341
2.3735,3.54181781310213e-13
2.373625,-0.12849001761784
2.37375,-0.181712325544963
2.373875,-0.128490017618298
2.374,-2.94165851246965e-13
2.374125,0.128490017617648
2.37425,0.181712325544963
2.374375,0.128490017618022
2.3745,5.64682715843681e-13
2.374625,-0.128490017617925
2.37475,-0.181712325544963
2.374875,-0.128490017618447
2.375,-1.7413399112047e-13
2.375125,0.128490017617967
2.37525,0.181712325544963
2.375375,0.128490017618171
2.3755,1.14118061057222e-13
2.375625,-0.128490017617776
2.37575,-0.181712325544963
2.375875,-0.128490017618128
2.376,-3.84634925653937e-13
2.376125,0.128490017617818
2.37625,0.181712325544963
2.376375,0.12849001761832
2.3765,3.24618995590689e-13
2.376625,-0.128490017618094
2.37675,-0.181712325544963
2.376875,-0.128490017618043
2.377,-5.95135860187404e-13
2.377125,0.128490017617669
2.37725,0.181712325544963
2.377375,0.128490017618468
2.3775,2.04587135464193e-13
2.377625,-0.128490017617945
2.37775,-0.181712325544963
2.377875,-0.128490017618192
2.378,-1.44571205400945e-13
2.378125,0.128490017617754
2.37825,0.181712325544963
2.378375,0.12849001761815
2.3785,4.1508806999766e-13
2.378625,-0.128490017617797
2.37875,-0.181712325544963
2.378875,-0.128490017618341
2.379,-3.55072139934412e-13
2.379125,0.128490017617839
2.37925,0.181712325544963
2.379375,0.128490017618299
2.3795,-3.54765847887989e-14
2.379625,-0.128490017617648
2.37975,-0.181712325544963
2.379875,-0.128490017618023
2.38,-2.35040279807916e-13
2.380125,0.128490017617924
2.38025,0.181712325544963
2.380375,0.128490017618214
2.3805,1.75024349744668e-13
2.380625,-0.128490017617966
2.38075,-0.181712325544963
2.380875,-0.128490017618171
2.381,-4.45541214341384e-13
2.381125,0.128490017617775
2.38125,0.181712325544963
2.381375,0.128490017618363
2.3815,3.85525284278136e-13
2.381625,-0.128490017617817
2.38175,-0.181712325544963
2.381875,-0.12849001761832
2.382,5.02344044507542e-15
2.382125,0.128490017617626
2.38225,0.181712325544963
2.382375,0.128490017618044
2.3825,5.96026218811603e-13
2.382625,-0.128490017617902
2.38275,-0.181712325544963
2.382875,-0.128490017618235
2.383,-2.05477494088392e-13
2.383125,0.128490017617945
2.38325,0.181712325544963
2.383375,0.128490017618193
2.3835,1.45461564025144e-13
2.383625,-0.128490017617753
2.38375,-0.181712325544963
2.383875,-0.128490017618151
2.384,-4.15978428621859e-13
2.384125,0.128490017617796
2.38425,0.181712325544963
2.384375,0.128490017618342
2.3845,3.55962498558611e-13
2.384625,-0.128490017618072
2.38475,-0.181712325544963
2.384875,-0.128490017618066
2.385,-6.26479363155327e-13
2.385125,0.128490017617881
2.38525,0.181712325544963
2.385375,0.128490017618491
2.3855,2.35930638432115e-13
2.385625,-0.128490017617923
2.38575,-0.181712325544963
2.385875,-0.128490017618214
2.386,-1.75914708368867e-13
2.386125,0.128490017617732
2.38625,0.181712325544963
2.386375,0.128490017618172
2.3865,4.46431572965583e-13
2.386625,-0.128490017617774
2.38675,-0.181712325544963
2.386875,-0.128490017618363
2.387,-3.86415642902335e-13
2.387125,0.128490017618051
2.38725,0.181712325544963
2.387375,0.128490017618087
2.3875,-4.13308182087649e-15
2.387625,-0.128490017617626
2.38775,-0.181712325544963
2.387875,-0.128490017618045
2.388,-2.66383782775839e-13
2.388125,0.128490017617902
2.38825,0.181712325544963
2.388375,0.128490017618236
2.3885,2.06367852712591e-13
2.388625,-0.128490017617944
2.38875,-0.181712325544963
2.388875,-0.128490017618194
2.389,-4.76884717309306e-13
2.389125,0.128490017617753
2.38925,0.181712325544963
2.389375,0.128490017618385
2.3895,4.16868787246058e-13
2.389625,-0.128490017618029
2.38975,-0.181712325544963
2.389875,-0.128490017618342
2.39,-2.6320062522847e-14
2.390125,0.128490017617604
2.39025,0.181712325544963
2.390375,0.128490017618066
2.3905,2.96836927119562e-13
2.390625,-0.12849001761788
2.39075,-0.181712325544963
2.390875,-0.128490017618258
2.391,-2.36820997056314e-13
2.391125,0.128490017617923
2.39125,0.181712325544963
2.391375,0.128490017618215
2.3915,1.76805066993066e-13
2.391625,-0.128490017617731
2.39175,-0.181712325544963
2.391875,-0.128490017618173
2.392,-4.47321931589782e-13
2.392125,0.128490017617774
2.39225,0.181712325544963
2.392375,0.128490017618364
2.3925,5.67732068665704e-14
2.392625,-0.128490017617582
2.39275,-0.181712325544963
2.392875,-0.128490017618088
2.393,-6.57822866123249e-13
2.393125,0.128490017617859
2.39325,0.181712325544963
2.393375,0.128490017618279
2.3935,2.67274141400038e-13
2.393625,-0.128490017617901
2.39375,-0.181712325544963
2.393875,-0.128490017618237
2.394,-2.0725821133679e-13
2.394125,0.12849001761771
2.39425,0.181712325544963
2.394375,0.128490017618194
2.3945,4.77775075933505e-13
2.394625,-0.128490017617752
2.39475,-0.181712325544963
2.394875,-0.128490017618385
2.395,-4.17759145870257e-13
2.395125,0.128490017618028
2.39525,0.181712325544963
2.395375,0.128490017618109
2.3955,2.72104211470459e-14
2.395625,-0.128490017617837
2.39575,-0.181712325544963
2.395875,-0.128490017618067
2.396,-2.97727285743761e-13
2.396125,0.12849001761788
2.39625,0.181712325544963
2.396375,0.128490017618258
2.3965,2.37711355680513e-13
2.396625,-0.128490017617688
2.39675,-0.181712325544963
2.396875,-0.128490017618216
2.397,-5.08228220277228e-13
2.397125,0.128490017617731
2.39725,0.181712325544963
2.397375,0.128490017618407
2.3975,4.48212290213981e-13
2.397625,-0.128490017618007
2.39775,-0.181712325544963
2.397875,-0.128490017618131
2.398,-5.76635654907693e-14
2.398125,0.128490017617582
2.39825,0.181712325544963
2.398375,0.128490017618088
2.3985,3.28180430087485e-13
2.398625,-0.128490017617858
2.39875,-0.181712325544963
2.398875,-0.12849001761828
2.399,-2.68164500024237e-13
2.399125,0.1284900176179
2.39925,0.181712325544963
2.399375,0.128490017618237
2.3995,2.08148569960989e-13
2.399625,-0.128490017617709
2.39975,-0.181712325544963
2.399875,-0.128490017617961
2.4,-4.78665434557704e-13
2.400125,0.128490017617985
2.40025,0.181712325544963
2.400375,0.128490017618386
2.4005,8.81167098344928e-14
2.400625,-0.12849001761756
2.40075,-0.181712325544963
2.400875,-0.12849001761811
2.401,-3.58633574431208e-13
2.401125,0.128490017617836
2.40125,0.181712325544963
2.401375,0.128490017618301
2.4015,2.9861764436796e-13
2.401625,-0.128490017617879
2.40175,-0.181712325544963
2.401875,-0.128490017618259
2.402,-2.38601714304712e-13
2.402125,0.128490017617688
2.40225,0.181712325544963
2.402375,0.128490017617983
2.4025,5.09118578901427e-13
2.402625,-0.12849001761773
2.40275,-0.181712325544963
2.402875,-0.128490017618408
2.403,-1.18569854178216e-13
2.403125,0.128490017618006
2.40325,0.181712325544963
2.403375,0.128490017618131
2.4035,5.85539241149683e-14
2.403625,-0.128490017617815
2.40375,-0.181712325544963
2.403875,-0.128490017618089
2.404,-3.29070788711684e-13
2.404125,0.128490017617857
2.40425,0.181712325544963
2.404375,0.12849001761828
2.4045,2.69054858648436e-13
2.404625,-0.128490017617666
2.40475,-0.181712325544963
2.404875,-0.128490017618238
2.405,-5.39571723245151e-13
2.405125,0.128490017617709
2.40525,0.181712325544963
2.405375,0.128490017618429
2.4055,1.4902299852194e-13
2.405625,-0.128490017617985
2.40575,-0.181712325544963
2.405875,-0.128490017618153
2.406,-8.90070684586917e-14
2.406125,0.128490017617793
2.40625,0.181712325544963
2.406375,0.128490017618111
2.4065,3.59523933055407e-13
2.406625,-0.128490017617836
2.40675,-0.181712325544963
2.406875,-0.128490017618302
2.407,-2.99508002992159e-13
2.407125,0.128490017617878
2.40725,0.181712325544963
2.407375,0.128490017618259
2.4075,-9.10407217310522e-14
2.407625,-0.128490017617687
2.40775,-0.181712325544963
2.407875,-0.128490017617983
2.408,-5.10008937525626e-13
2.408125,0.128490017617963
2.40825,0.181712325544963
2.408375,0.128490017618175
2.4085,1.19460212802415e-13
2.408625,-0.128490017617772
2.40875,-0.181712325544963
2.408875,-0.128490017618132
2.409,-3.8997707739913e-13
2.409125,0.128490017617814
2.40925,0.181712325544963
2.409375,0.128490017618323
2.4095,3.29961147335882e-13
2.409625,-0.128490017617857
2.40975,-0.181712325544963
2.409875,-0.128490017618281
2.41,-2.69945217272635e-13
2.410125,0.128490017617665
2.41025,0.181712325544963
2.410375,0.128490017618005
2.4105,5.4046208186935e-13
2.410625,-0.128490017617942
2.41075,-0.181712325544963
2.410875,-0.12849001761843
2.411,-1.49913357146139e-13
2.411125,0.128490017617984
2.41125,0.181712325544963
2.411375,0.128490017618154
2.4115,8.98974270828906e-14
2.411625,-0.128490017617793
2.41175,-0.181712325544963
2.411875,-0.128490017618111
2.412,-3.60414291679606e-13
2.412125,0.128490017617835
2.41225,0.181712325544963
2.412375,0.128490017618303
2.4125,3.00398361616358e-13
2.412625,-0.128490017617644
2.41275,-0.181712325544963
2.412875,-0.128490017618026
2.413,-5.70915226213073e-13
2.413125,0.128490017617686
2.41325,0.181712325544963
2.413375,0.128490017618451
2.4135,1.80366501489862e-13
2.413625,-0.128490017617963
2.41375,-0.181712325544963
2.413875,-0.128490017618175
2.414,-1.20350571426614e-13
2.414125,0.128490017617771
2.41425,0.181712325544963
2.414375,0.128490017618133
2.4145,3.90867436023329e-13
2.414625,-0.128490017617814
2.41475,-0.181712325544963
2.414875,-0.128490017618324
2.415,-3.30851505960081e-13
2.415125,0.12849001761809
2.41525,0.181712325544963
2.415375,0.128490017618282
2.4155,-5.96972187631298e-14
2.415625,-0.128490017617665
2.41575,-0.181712325544963
2.415875,-0.128490017618005
2.416,-2.10819645833585e-13
2.416125,0.128490017617941
2.41625,0.181712325544963
2.416375,0.128490017618197
2.4165,1.50803715770338e-13
2.416625,-0.12849001761775
2.41675,-0.181712325544963
2.416875,-0.128490017618154
2.417,-4.21320580367053e-13
2.417125,0.128490017617792
2.41725,0.181712325544963
2.417375,0.128490017618346
2.4175,3.61304650303805e-13
2.417625,-0.128490017617835
2.41775,-0.181712325544963
2.417875,-0.128490017618303
2.418,2.92440744194064e-14
2.418125,0.128490017617643
2.41825,0.181712325544963
2.418375,0.128490017618027
2.4185,5.71805584837272e-13
2.418625,-0.128490017617919
2.41875,-0.181712325544963
2.418875,-0.128490017618218
2.419,-1.81256860114061e-13
2.419125,0.128490017617962
2.41925,0.181712325544963
2.419375,0.128490017618176
2.4195,1.21240930050813e-13
2.419625,-0.128490017617771
2.41975,-0.181712325544963
2.419875,-0.128490017618133
2.42,-3.91757794647528e-13
2.420125,0.128490017617813
2.42025,0.181712325544963
2.420375,0.128490017618325
2.4205,3.3174186458428e-13
2.420625,-0.128490017617622
2.42075,-0.181712325544963
2.420875,-0.128490017618049
2.421,-6.02258729180996e-13
2.421125,0.128490017617898
2.42125,0.181712325544963
2.421375,0.12849001761824
2.4215,2.11710004457784e-13
2.421625,-0.12849001761794
2.42175,-0.181712325544963
2.421875,-0.128490017618197
2.422,-1.51694074394536e-13
2.422125,0.128490017617749
2.42225,0.181712325544963
2.422375,0.128490017618155
2.4225,4.22210938991252e-13
2.422625,-0.128490017617792
2.42275,-0.181712325544963
2.422875,-0.128490017618346
2.423,-3.62195008928004e-13
2.423125,0.128490017618068
2.42325,0.181712325544963
2.423375,0.12849001761807
2.4235,-2.83537157952074e-14
2.423625,-0.128490017617643
2.42375,-0.181712325544963
2.423875,-0.128490017618495
2.424,-2.42163148801508e-13
2.424125,0.128490017617919
2.42425,0.181712325544963
2.424375,0.128490017618219
2.4245,1.8214721873826e-13
2.424625,-0.128490017617728
2.42475,-0.181712325544963
2.424875,-0.128490017618176
2.425,-4.52664083334975e-13
2.425125,0.12849001761777
2.42525,0.181712325544963
2.425375,0.128490017618368
2.4255,3.92648153271727e-13
2.425625,-0.128490017618046
2.42575,-0.181712325544963
2.425875,-0.128490017618325
2.426,-2.09942854851601e-15
2.426125,0.128490017617621
2.42625,0.181712325544963
2.426375,0.128490017618049
2.4265,2.72616293145231e-13
2.426625,-0.128490017617897
2.42675,-0.181712325544963
2.426875,-0.12849001761824
2.427,-2.12600363081983e-13
2.427125,0.12849001761794
2.42725,0.181712325544963
2.427375,0.128490017618198
2.4275,1.52584433018735e-13
2.427625,-0.128490017617748
2.42775,-0.181712325544963
2.427875,-0.128490017618389
2.428,-4.23101297615451e-13
2.428125,0.128490017617791
2.42825,0.181712325544963
2.428375,0.128490017618347
2.4285,3.25525728922394e-14
2.428625,-0.1284900176176
2.42875,-0.181712325544963
2.428875,-0.128490017618071
2.429,-6.33602232148918e-13
2.429125,0.128490017617876
2.42925,0.181712325544963
2.429375,0.128490017618262
2.4295,2.43053507425707e-13
2.429625,-0.128490017617918
2.42975,-0.181712325544963
2.429875,-0.128490017618219
2.43,-1.83037577362459e-13
2.430125,0.128490017617727
2.43025,0.181712325544963
2.430375,0.128490017618177
2.4305,4.53554441959174e-13
2.430625,-0.128490017617769
2.43075,-0.181712325544963
2.430875,-0.128490017618368
2.431,-6.30057172359629e-14
2.431125,0.128490017618046
2.43125,0.181712325544963
2.431375,0.128490017618092
2.4315,2.98978717271493e-15
2.431625,-0.128490017617854
2.43175,-0.181712325544963
2.431875,-0.128490017618283
2.432,-2.7350665176943e-13
2.432125,0.128490017617897
2.43225,0.181712325544963
2.432375,0.128490017618241
2.4325,2.13490721706182e-13
2.432625,-0.128490017617705
2.43275,-0.181712325544963
2.432875,-0.128490017618199
2.433,-4.84007586302898e-13
2.433125,0.128490017617748
2.43325,0.181712325544963
2.433375,0.12849001761839
2.4335,4.2399165623965e-13
2.433625,-0.128490017618024
2.43375,-0.181712325544963
2.433875,-0.128490017618114
2.434,-3.34429315164384e-14
2.434125,0.128490017617833
2.43425,0.181712325544963
2.434375,0.128490017618071
2.4345,3.03959796113154e-13
2.434625,-0.128490017617875
2.43475,-0.181712325544963
2.434875,-0.128490017618263
2.435,-2.43943866049906e-13
2.435125,0.128490017617918
2.43525,0.181712325544963
2.435375,0.12849001761822
2.4355,1.83927935986658e-13
2.435625,-0.128490017617726
2.43575,-0.181712325544963
2.435875,-0.128490017618411
2.436,-4.54444800583373e-13
2.436125,0.128490017618002
2.43625,0.181712325544963
2.436375,0.128490017618369
2.4365,6.38960758601618e-14
2.436625,-0.128490017617577
2.43675,-0.181712325544963
2.436875,-0.128490017618093
2.437,-3.34412940456877e-13
2.437125,0.128490017617854
2.43725,0.181712325544963
2.437375,0.128490017618284
2.4375,2.74397010393629e-13
2.437625,-0.128490017617896
2.43775,-0.181712325544963
2.437875,-0.128490017618242
2.438,-2.14381080330381e-13
2.438125,0.128490017617705
2.43825,0.181712325544963
2.438375,0.128490017617965
2.4385,4.84897944927096e-13
2.438625,-0.128490017617747
2.43875,-0.181712325544963
2.438875,-0.128490017618391
2.439,-9.43492202038853e-14
2.439125,0.128490017618023
2.43925,0.181712325544963
2.439375,0.128490017618114
2.4395,6.95398879460564e-13
2.439625,-0.128490017617832
2.43975,-0.181712325544963
2.439875,-0.128490017618306
2.44,-3.04850154737353e-13
2.440125,0.128490017617875
2.44025,0.181712325544963
2.440375,0.128490017618263
2.4405,2.44834224674105e-13
2.440625,-0.128490017617683
2.44075,-0.181712325544963
2.440875,-0.128490017618221
2.441,-5.1535108927082e-13
2.441125,0.128490017617726
2.44125,0.181712325544963
2.441375,0.128490017618412
2.4415,1.24802364547609e-13
2.441625,-0.128490017618002
2.44175,-0.181712325544963
2.441875,-0.128490017618136
2.442,-6.47864344843608e-14
2.442125,0.128490017617811
2.44225,0.181712325544963
2.442375,0.128490017618093
2.4425,3.35303299081076e-13
2.442625,-0.128490017617853
2.44275,-0.181712325544963
2.442875,-0.128490017618285
2.443,-2.75287369017828e-13
2.443125,0.128490017617895
2.44325,0.181712325544963
2.443375,0.128490017618242
2.4435,5.45804233614543e-13
2.443625,-0.128490017617704
2.44375,-0.181712325544963
2.443875,-0.128490017618434
2.444,-4.85788303551295e-13
2.444125,0.12849001761798
2.44425,0.181712325544963
2.444375,0.128490017618157
2.4445,9.52395788280842e-14
2.444625,-0.128490017617789
2.44475,-0.181712325544963
2.444875,-0.128490017618115
2.445,-3.65756443424799e-13
2.445125,0.128490017617831
2.44525,0.181712325544963
2.445375,0.128490017618306
2.4455,3.05740513361552e-13
2.445625,-0.128490017617874
2.44575,-0.181712325544963
2.445875,-0.128490017618264
2.446,-2.45724583298304e-13
2.446125,0.128490017617683
2.44625,0.181712325544963
2.446375,0.128490017617988
2.4465,5.16241447895019e-13
2.446625,-0.128490017617959
2.44675,-0.181712325544963
2.446875,-0.128490017618179
2.447,-1.25692723171808e-13
2.447125,0.128490017618001
2.44725,0.181712325544963
2.447375,0.128490017618137
2.4475,3.96209587768523e-13
2.447625,-0.12849001761781
2.44775,-0.181712325544963
2.447875,-0.128490017618328
2.448,-3.36193657705275e-13
2.448125,0.128490017617852
2.44825,0.181712325544963
2.448375,0.128490017618285
2.4485,2.76177727642027e-13
2.448625,-0.128490017617661
2.44875,-0.181712325544963
2.448875,-0.128490017618009
2.449,-5.46694592238742e-13
2.449125,0.128490017617704
2.44925,0.181712325544963
2.449375,0.128490017618434
2.4495,1.56145867515531e-13
2.449625,-0.12849001761798
2.44975,-0.181712325544963
2.449875,-0.128490017618158
2.45,-9.61299374522831e-14
2.450125,0.128490017617788
2.45025,0.181712325544963
2.450375,0.128490017618116
2.4505,3.66646802048998e-13
2.450625,-0.128490017617831
2.45075,-0.181712325544963
2.450875,-0.128490017618307
2.451,-3.0663087198575e-13
2.451125,0.128490017618107
2.45125,0.181712325544963
2.451375,0.128490017618264
2.4515,5.77147736582466e-13
2.451625,-0.128490017617682
2.45175,-0.181712325544963
2.451875,-0.128490017618456
2.452,-1.86599011859255e-13
2.452125,0.128490017617958
2.45225,0.181712325544963
2.452375,0.12849001761818
2.4525,1.26583081796007e-13
2.452625,-0.128490017617767
2.45275,-0.181712325544963
2.452875,-0.128490017618137
2.453,-3.97099946392722e-13
2.453125,0.128490017617809
2.45325,0.181712325544963
2.453375,0.128490017618328
2.4535,3.37084016329474e-13
2.453625,-0.128490017617852
2.45375,-0.181712325544963
2.453875,-0.128490017618286
2.454,5.34647083937373e-14
2.454125,0.12849001761766
2.45425,0.181712325544963
2.454375,0.12849001761801
2.4545,5.47584950862941e-13
2.454625,-0.128490017617937
2.45475,-0.181712325544963
2.454875,-0.128490017618201
2.455,-1.5703622613973e-13
2.455125,0.128490017617745
2.45525,0.181712325544963
2.455375,0.128490017618159
2.4555,4.27553090736445e-13
2.455625,-0.128490017617788
2.45575,-0.181712325544963
2.455875,-0.12849001761835
2.456,-3.67537160673197e-13
2.456125,0.12849001761783
2.45625,0.181712325544963
2.456375,0.128490017618308
2.4565,-2.30115640500139e-14
2.456625,-0.128490017617639
2.45675,-0.181712325544963
2.456875,-0.128490017618031
2.457,-5.78038095206665e-13
2.457125,0.128490017617915
2.45725,0.181712325544963
2.457375,0.128490017618223
2.4575,1.87489370483453e-13
2.457625,-0.128490017617958
2.45775,-0.181712325544963
2.457875,-0.12849001761818
2.458,-1.27473440420206e-13
2.458125,0.128490017617766
2.45825,0.181712325544963
2.458375,0.128490017618138
2.4585,3.97990305016921e-13
2.458625,-0.128490017617809
2.45875,-0.181712325544963
2.458875,-0.128490017618329
2.459,-3.37974374953673e-13
2.459125,0.128490017617617
2.45925,0.181712325544963
2.459375,0.128490017618053
2.4595,6.08491239550388e-13
2.459625,-0.128490017617894
2.45975,-0.181712325544963
2.459875,-0.128490017618478
2.46,-2.17942514827177e-13
2.460125,0.128490017617936
2.46025,0.181712325544963
2.460375,0.128490017618202
2.4605,1.57926584763929e-13
2.460625,-0.128490017617745
2.46075,-0.181712325544963
2.460875,-0.128490017618159
2.461,-4.28443449360644e-13
2.461125,0.128490017617787
2.46125,0.181712325544963
2.461375,0.128490017618351
2.4615,3.68427519297396e-13
2.461625,-0.128490017618063
2.46175,-0.181712325544963
2.461875,-0.128490017618308
2.462,2.21212054258149e-14
2.462125,0.128490017617638
2.46225,0.181712325544963
2.462375,0.128490017618032
2.4625,2.483956591709e-13
2.462625,-0.128490017617914
2.46275,-0.181712325544963
2.462875,-0.128490017618223
2.463,-1.88379729107652e-13
2.463125,0.128490017617723
2.46325,0.181712325544963
2.463375,0.128490017618181
2.4635,4.58896593704368e-13
2.463625,-0.128490017617766
2.46375,-0.181712325544963
2.463875,-0.128490017618372
2.464,-3.9888066364112e-13
2.464125,0.128490017617808
2.46425,0.181712325544963
2.464375,0.12849001761833
2.4645,8.3319389179085e-15
2.464625,-0.128490017617617
2.46475,-0.181712325544963
2.464875,-0.128490017618054
2.465,-6.09381598174587e-13
2.465125,0.128490017617893
2.46525,0.181712325544963
2.465375,0.128490017618245
2.4655,2.18832873451376e-13
2.465625,-0.128490017617935
2.46575,-0.181712325544963
2.465875,-0.128490017618202
2.466,-1.58816943388128e-13
2.466125,0.128490017617744
2.46625,0.181712325544963
2.466375,0.12849001761816
2.4665,4.29333807984843e-13
2.466625,-0.128490017617787
2.46675,-0.181712325544963
2.466875,-0.128490017618351
2.467,-3.87850832616319e-14
2.467125,0.128490017617595
2.46725,0.181712325544963
2.467375,0.128490017618075
2.4675,6.39834742518311e-13
2.467625,-0.128490017617871
2.46775,-0.181712325544963
2.467875,-0.128490017618266
2.468,-2.49286017795099e-13
2.468125,0.128490017617914
2.46825,0.181712325544963
2.468375,0.128490017618224
2.4685,1.89270087731851e-13
2.468625,-0.128490017617723
2.46875,-0.181712325544963
2.468875,-0.128490017618181
2.469,-4.59786952328567e-13
2.469125,0.128490017617765
2.46925,0.181712325544963
2.469375,0.128490017618373
2.4695,3.99771022265319e-13
2.469625,-0.128490017618041
2.46975,-0.181712325544963
2.469875,-0.128490017618097
2.47,-9.22229754210743e-15
2.470125,0.12849001761785
2.47025,0.181712325544963
2.470375,0.128490017618054
2.4705,2.79739162138823e-13
2.470625,-0.128490017617892
2.47075,-0.181712325544963
2.470875,-0.128490017618245
2.471,-2.19723232075575e-13
2.471125,0.128490017617701
2.47125,0.181712325544963
2.471375,0.128490017618203
2.4715,4.9024009667229e-13
2.471625,-0.128490017617743
2.47175,-0.181712325544963
2.471875,-0.128490017618394
2.472,-4.30224166609042e-13
2.472125,0.12849001761802
2.47225,0.181712325544963
2.472375,0.128490017618118
2.4725,3.96754418858309e-14
2.472625,-0.128490017617595
2.47275,-0.181712325544963
2.472875,-0.128490017618076
2.473,-3.10192306482546e-13
2.473125,0.128490017617871
2.47325,0.181712325544963
2.473375,0.128490017618267
2.4735,2.50176376419298e-13
2.473625,-0.128490017617913
2.47375,-0.181712325544963
2.473875,-0.128490017618225
2.474,-1.9016044635605e-13
2.474125,0.128490017617722
2.47425,0.181712325544963
2.474375,0.128490017617948
2.4745,4.60677310952766e-13
2.474625,-0.128490017617764
2.47475,-0.181712325544963
2.474875,-0.128490017618373
2.475,-7.01285862295543e-14
2.475125,0.128490017617573
2.47525,0.181712325544963
2.475375,0.128490017618097
2.4755,3.4064545082627e-13
2.475625,-0.128490017617849
2.47575,-0.181712325544963
2.475875,-0.128490017618289
2.476,-2.80629520763022e-13
2.476125,0.128490017617892
2.47625,0.181712325544963
2.476375,0.128490017618246
2.4765,2.20613590699774e-13
2.476625,-0.1284900176177
2.47675,-0.181712325544963
2.476875,-0.128490017618204
2.477,-4.91130455296489e-13
2.477125,0.128490017617743
2.47725,0.181712325544963
2.477375,0.128490017618395
2.4775,1.00581730573278e-13
2.477625,-0.128490017618019
2.47775,-0.181712325544963
2.477875,-0.128490017618119
2.478,-4.05658005100298e-14
2.478125,0.128490017617828
2.47825,0.181712325544963
2.478375,0.128490017618076
2.4785,3.11082665106745e-13
2.478625,-0.12849001761787
2.47875,-0.181712325544963
2.478875,-0.128490017618268
2.479,-2.51066735043497e-13
2.479125,0.128490017617679
2.47925,0.181712325544963
2.479375,0.128490017618225
2.4795,5.21583599640212e-13
2.479625,-0.128490017617721
2.47975,-0.181712325544963
2.479875,-0.128490017618416
2.48,-4.61567669576964e-13
2.480125,0.128490017617997
2.48025,0.181712325544963
2.480375,0.12849001761814
2.4805,7.10189448537532e-14
2.480625,-0.128490017617806
2.48075,-0.181712325544963
2.480875,-0.128490017618098
2.481,-3.41535809450469e-13
2.481125,0.128490017617849
2.48125,0.181712325544963
2.481375,0.128490017618289
2.4815,2.81519879387221e-13
2.481625,-0.128490017617891
2.48175,-0.181712325544963
2.481875,-0.128490017618247
2.482,1.09028845335991e-13
2.482125,0.1284900176177
2.48225,0.181712325544963
2.482375,0.128490017617971
2.4825,4.92020813920688e-13
2.482625,-0.128490017617976
2.48275,-0.181712325544963
2.482875,-0.128490017618162
2.483,-1.01472089197477e-13
2.483125,0.128490017617551
2.48325,0.181712325544963
2.483375,0.128490017618119
2.4835,3.71988953794192e-13
2.483625,-0.128490017617827
2.48375,-0.181712325544963
2.483875,-0.128490017618311
2.484,-3.11973023730944e-13
2.484125,0.128490017617869
2.48425,0.181712325544963
2.484375,0.128490017618268
2.4845,2.51957093667696e-13
2.484625,-0.128490017617678
2.48475,-0.181712325544963
2.484875,-0.128490017617992
2.485,-5.22473958264411e-13
2.485125,0.128490017617954
2.48525,0.181712325544963
2.485375,0.128490017618417
2.4855,1.319252335412e-13
2.485625,-0.128490017617997
2.48575,-0.181712325544963
2.485875,-0.128490017618141
2.486,-7.19093034779522e-14
2.486125,0.128490017617806
2.48625,0.181712325544963
2.486375,0.128490017618332
2.4865,3.42426168074667e-13
2.486625,-0.128490017617848
2.48675,-0.181712325544963
2.486875,-0.12849001761829
2.487,-2.8241023801142e-13
2.487125,0.128490017617657
2.48725,0.181712325544963
2.487375,0.128490017618247
2.4875,5.52927102608135e-13
2.487625,-0.128490017617699
2.48775,-0.181712325544963
2.487875,-0.128490017618439
2.488,-1.62378377884924e-13
2.488125,0.128490017617975
2.48825,0.181712325544963
2.488375,0.128490017618162
2.4885,1.02362447821676e-13
2.488625,-0.128490017617784
2.48875,-0.181712325544963
2.488875,-0.12849001761812
2.489,-3.72879312418391e-13
2.489125,0.128490017617826
2.48925,0.181712325544963
2.489375,0.128490017618311
2.4895,3.12863382355143e-13
2.489625,-0.128490017617869
2.48975,-0.181712325544963
2.489875,-0.128490017618269
2.49,7.76853423680683e-14
2.490125,0.128490017617678
2.49025,0.181712325544963
2.490375,0.12849001761846
2.4905,5.2336431688861e-13
2.490625,-0.128490017617954
2.49075,-0.181712325544963
2.490875,-0.128490017618184
2.491,-1.32815592165399e-13
2.491125,0.128490017617762
2.49125,0.181712325544963
2.491375,0.128490017618142
2.4915,4.03332456762114e-13
2.491625,-0.128490017617805
2.49175,-0.181712325544963
2.491875,-0.128490017618333
2.492,-3.43316526698866e-13
2.492125,0.128490017617847
2.49225,0.181712325544963
2.492375,0.12849001761829
2.4925,-4.72321980243448e-14
2.492625,-0.128490017617656
2.49275,-0.181712325544963
2.492875,-0.128490017618014
2.493,-5.53817461232334e-13
2.493125,0.128490017617932
2.49325,0.181712325544963
2.493375,0.128490017618206
2.4935,1.63268736509123e-13
2.493625,-0.128490017617975
2.49375,-0.181712325544963
2.493875,-0.128490017618163
2.494,-1.03252806445875e-13
2.494125,0.128490017617783
2.49425,0.181712325544963
2.494375,0.128490017618354
2.4945,3.7376967104259e-13
2.494625,-0.128490017617826
2.49475,-0.181712325544963
2.494875,-0.128490017618312
2.495,-3.13753740979342e-13
2.495125,0.128490017617634
2.49525,0.181712325544963
2.495375,0.128490017618036
2.4955,5.84270605576057e-13
2.495625,-0.128490017617911
2.49575,-0.181712325544963
2.495875,-0.128490017618461
2.496,-1.93721880852846e-13
2.496125,0.128490017617953
2.49625,0.181712325544963
2.496375,0.128490017618185
2.4965,1.33705950789598e-13
2.496625,-0.128490017617762
2.49675,-0.181712325544963
2.496875,-0.128490017618142
2.497,-4.04222815386313e-13
2.497125,0.128490017617804
2.49725,0.181712325544963
2.497375,0.128490017618333
2.4975,3.44206885323065e-13
2.497625,-0.12849001761808
2.49775,-0.181712325544963
2.497875,-0.128490017618057
2.498,4.63418394001459e-14
2.498125,0.128490017617655
2.49825,0.181712325544963
2.498375,0.128490017618482
2.4985,2.24175025196569e-13
2.498625,-0.128490017617932
2.49875,-0.181712325544963
2.498875,-0.128490017618206
2.499,-1.64159095133321e-13
2.499125,0.12849001761774
2.49925,0.181712325544963
2.499375,0.128490017618164
2.4995,4.34675959730037e-13
2.499625,-0.128490017617783
2.49975,-0.181712325544963
2.499875,-0.128490017618355
2.5,-3.74660029666789e-13
2.500125,0.128490017617825
2.50025,0.181712325544963
2.500375,0.128490017618313
2.5005,-1.58886950564225e-14
2.500625,-0.128490017617634
2.50075,-0.181712325544963
2.500875,-0.128490017618036
2.501,-2.54628169540293e-13
2.501125,0.12849001761791
2.50125,0.181712325544963
2.501375,0.128490017618228
2.5015,1.94612239477045e-13
2.501625,-0.128490017617952
2.50175,-0.181712325544963
2.501875,-0.128490017618185
2.502,-4.6512910407376e-13
2.502125,0.128490017617761
2.50225,0.181712325544963
2.502375,0.128490017618377
2.5025,4.05113174010512e-13
2.502625,-0.128490017617804
2.50275,-0.181712325544963
2.502875,-0.128490017618334
2.503,-1.4564449287301e-14
2.503125,0.128490017617612
2.50325,0.181712325544963
2.503375,0.128490017618058
2.5035,6.1561410854398e-13
2.503625,-0.128490017617889
2.50375,-0.181712325544963
2.503875,-0.128490017618249
2.504,-2.25065383820768e-13
2.504125,0.128490017617931
2.50425,0.181712325544963
2.504375,0.128490017618207
2.5045,1.6504945375752e-13
2.504625,-0.12849001761774
2.50475,-0.181712325544963
2.504875,-0.128490017618164
2.505,-4.35566318354236e-13
2.505125,0.128490017617782
2.50525,0.181712325544963
2.505375,0.128490017618356
2.5055,3.75550388290988e-13
2.505625,-0.128490017618058
2.50575,-0.181712325544963
2.505875,-0.128490017618079
2.506,-6.46067252887703e-13
2.506125,0.128490017617867
2.50625,0.181712325544963
2.506375,0.128490017618504
2.5065,2.55518528164492e-13
2.506625,-0.128490017617909
2.50675,-0.181712325544963
2.506875,-0.128490017618228
2.507,-1.95502598101244e-13
2.507125,0.128490017617718
2.50725,0.181712325544963
2.507375,0.128490017618186
2.5075,4.66019462697959e-13
2.507625,-0.128490017617761
2.50775,-0.181712325544963
2.507875,-0.128490017618377
2.508,-4.06003532634711e-13
2.508125,0.128490017618037
2.50825,0.181712325544963
2.508375,0.128490017618101
2.5085,1.54548079114999e-14
2.508625,-0.128490017617612
2.50875,-0.181712325544963
2.508875,-0.128490017618059
2.509,-2.85971672508215e-13
2.509125,0.128490017617888
2.50925,0.181712325544963
2.509375,0.12849001761825
2.5095,2.25955742444967e-13
2.509625,-0.12849001761793
2.50975,-0.181712325544963
2.509875,-0.128490017618207
2.51,-4.96472607041683e-13
2.510125,0.128490017617739
2.51025,0.181712325544963
2.510375,0.128490017618399
2.5105,4.36456676978435e-13
2.510625,-0.128490017618015
2.51075,-0.181712325544963
2.510875,-0.128490017618356
2.511,-4.59079522552234e-14
2.511125,0.12849001761759
2.51125,0.181712325544963
2.511375,0.12849001761808
2.5115,3.16424816851939e-13
2.511625,-0.128490017617866
2.51175,-0.181712325544963
2.511875,-0.128490017618271
2.512,-2.56408886788691e-13
2.512125,0.128490017617909
2.51225,0.181712325544963
2.512375,0.128490017618229
2.5125,1.96392956725443e-13
2.512625,-0.128490017617718
2.51275,-0.181712325544963
2.512875,-0.128490017618187
2.513,-4.66909821322158e-13
2.513125,0.12849001761776
2.51325,0.181712325544963
2.513375,0.128490017618378
2.5135,7.63610965989468e-14
2.513625,-0.128490017618036
2.51375,-0.181712325544963
2.513875,-0.128490017618102
2.514,-6.77410755855625e-13
2.514125,0.128490017617845
2.51425,0.181712325544963
2.514375,0.128490017618293
2.5145,2.86862031132414e-13
2.514625,-0.128490017617887
2.51475,-0.181712325544963
2.514875,-0.12849001761825
2.515,-2.26846101069166e-13
2.515125,0.128490017617696
2.51525,0.181712325544963
2.515375,0.128490017618208
2.5155,4.97362965665881e-13
2.515625,-0.128490017617738
2.51575,-0.181712325544963
2.515875,-0.128490017618399
2.516,-4.37347035602634e-13
2.516125,0.128490017618015
2.51625,0.181712325544963
2.516375,0.128490017618123
2.5165,4.67983108794223e-14
2.516625,-0.128490017617823
2.51675,-0.181712325544963
2.516875,-0.128490017618081
2.517,-3.17315175476138e-13
2.517125,0.128490017617866
2.51725,0.181712325544963
2.517375,0.128490017618272
2.5175,2.5729924541289e-13
2.517625,-0.128490017617674
2.51775,-0.181712325544963
2.517875,-0.12849001761823
2.518,-5.27816110009605e-13
2.518125,0.128490017617717
2.51825,0.181712325544963
2.518375,0.128490017618421
2.5185,4.67800179946357e-13
2.518625,-0.128490017617993
2.51875,-0.181712325544963
2.518875,-0.128490017618145
2.519,-7.72514552231457e-14
2.519125,0.128490017617568
2.51925,0.181712325544963
2.519375,0.128490017618102
2.5195,3.47768319819861e-13
2.519625,-0.128490017617844
2.51975,-0.181712325544963
2.519875,-0.128490017618294
2.52,-2.87752389756613e-13
2.520125,0.128490017617887
2.52025,0.181712325544963
2.520375,0.128490017618251
2.5205,2.27736459693365e-13
2.520625,-0.128490017617695
2.52075,-0.181712325544963
2.520875,-0.128490017617975
2.521,-4.9825332429008e-13
2.521125,0.128490017617971
2.52125,0.181712325544963
2.521375,0.1284900176184
2.5215,1.07704599566869e-13
2.521625,-0.128490017617546
2.52175,-0.181712325544963
2.521875,-0.128490017618124
2.522,-3.78221464163584e-13
2.522125,0.128490017617823
2.52225,0.181712325544963
2.522375,0.128490017618315
2.5225,3.18205534100337e-13
2.522625,-0.128490017617865
2.52275,-0.181712325544963
2.522875,-0.128490017618273
2.523,-2.58189604037089e-13
2.523125,0.128490017617674
2.52325,0.181712325544963
2.523375,0.128490017617996
2.5235,5.28706468633804e-13
2.523625,-0.128490017617716
2.52375,-0.181712325544963
2.523875,-0.128490017618421
2.524,-1.38157743910593e-13
2.524125,0.128490017617992
2.52425,0.181712325544963
2.524375,0.128490017618145
2.5245,7.81418138473447e-14
2.524625,-0.128490017617801
2.52475,-0.181712325544963
2.524875,-0.128490017618103
2.525,-3.4865867844406e-13
2.525125,0.128490017617844
2.52525,0.181712325544963
2.525375,0.128490017618294
2.5255,2.88642748380812e-13
2.525625,-0.128490017617652
2.52575,-0.181712325544963
2.525875,-0.128490017618252
2.526,-5.59159612977527e-13
2.526125,0.128490017617695
2.52625,0.181712325544963
2.526375,0.128490017618443
2.5265,1.68610888254316e-13
2.526625,-0.128490017617971
2.52675,-0.181712325544963
2.526875,-0.128490017618167
2.527,-1.08594958191068e-13
2.527125,0.12849001761778
2.52725,0.181712325544963
2.527375,0.128490017618124
2.5275,3.79111822787783e-13
2.527625,-0.128490017617822
2.52775,-0.181712325544963
2.527875,-0.128490017618316
2.528,-3.19095892724535e-13
2.528125,0.128490017617864
2.52825,0.181712325544963
2.528375,0.128490017618273
2.5285,-7.14528319986758e-14
2.528625,-0.128490017617673
2.52875,-0.181712325544963
2.528875,-0.128490017617997
2.529,-5.29596827258003e-13
2.529125,0.128490017617949
2.52925,0.181712325544963
2.529375,0.128490017618188
2.5295,1.39048102534792e-13
2.529625,-0.128490017617758
2.52975,-0.181712325544963
2.529875,-0.128490017618146
2.53,-4.09564967131507e-13
2.530125,0.1284900176178
2.53025,0.181712325544963
2.530375,0.128490017618337
2.5305,3.49549037068259e-13
2.530625,-0.128490017617843
2.53075,-0.181712325544963
2.530875,-0.128490017618295
2.531,-2.89533107005011e-13
2.531125,0.128490017617652
2.53125,0.181712325544963
2.531375,0.128490017618019
2.5315,5.60049971601726e-13
2.531625,-0.128490017617928
2.53175,-0.181712325544963
2.531875,-0.128490017618444
2.532,-1.69501246878515e-13
2.532125,0.12849001761797
2.53225,0.181712325544963
2.532375,0.128490017618168
2.5325,1.09485316815267e-13
2.532625,-0.128490017617779
2.53275,-0.181712325544963
2.532875,-0.128490017618125
2.533,-3.80002181411982e-13
2.533125,0.128490017617821
2.53325,0.181712325544963
2.533375,0.128490017618316
2.5335,3.19986251348734e-13
2.533625,-0.12849001761763
2.53375,-0.181712325544963
2.533875,-0.12849001761804
2.534,-5.9050311594545e-13
2.534125,0.128490017617673
2.53425,0.181712325544963
2.534375,0.128490017618465
2.5345,1.99954391222238e-13
2.534625,-0.128490017617949
2.53475,-0.181712325544963
2.534875,-0.128490017618189
2.535,-1.3993846115899e-13
2.535125,0.128490017617757
2.53525,0.181712325544963
2.535375,0.128490017618147
2.5355,4.10455325755706e-13
2.535625,-0.1284900176178
2.53575,-0.181712325544963
2.535875,-0.128490017618338
2.536,-3.50439395692458e-13
2.536125,0.128490017618076
2.53625,0.181712325544963
2.536375,0.128490017618295
2.5365,-4.01093290307534e-14
2.536625,-0.128490017617651
2.53675,-0.181712325544963
2.536875,-0.128490017618019
2.537,-2.30407535565962e-13
2.537125,0.128490017617927
2.53725,0.181712325544963
2.537375,0.128490017618211
2.5375,1.70391605502714e-13
2.537625,-0.128490017617736
2.53775,-0.181712325544963
2.537875,-0.128490017618168
2.538,-4.40908470099429e-13
2.538125,0.128490017617778
2.53825,0.181712325544963
2.538375,0.128490017618359
2.5385,3.80892540036181e-13
2.538625,-0.128490017617821
2.53875,-0.181712325544963
2.538875,-0.128490017618317
2.539,9.65618468702995e-15
2.539125,0.128490017617629
2.53925,0.181712325544963
2.539375,0.128490017618041
2.5395,5.91393474569649e-13
2.539625,-0.128490017617906
2.53975,-0.181712325544963
2.539875,-0.128490017618232
2.54,-2.00844749846437e-13
2.540125,0.128490017617948
2.54025,0.181712325544963
2.540375,0.12849001761819
2.5405,1.40828819783189e-13
2.540625,-0.128490017617757
2.54075,-0.181712325544963
2.540875,-0.128490017618147
2.541,-4.11345684379905e-13
2.541125,0.128490017617799
2.54125,0.181712325544963
2.541375,0.128490017618339
2.5415,3.51329754316657e-13
2.541625,-0.128490017617608
2.54175,-0.181712325544963
2.541875,-0.128490017618062
2.542,-6.21846618913372e-13
2.542125,0.128490017617884
2.54225,0.181712325544963
2.542375,0.128490017618254
2.5425,2.31297894190161e-13
2.542625,-0.128490017617927
2.54275,-0.181712325544963
2.542875,-0.128490017618211
2.543,-1.71281964126913e-13
2.543125,0.128490017617735
2.54325,0.181712325544963
2.543375,0.128490017618169
2.5435,4.41798828723628e-13
2.543625,-0.128490017617778
2.54375,-0.181712325544963
2.543875,-0.12849001761836
2.544,-3.8178289866038e-13
2.544125,0.128490017618054
2.54425,0.181712325544963
2.544375,0.128490017618084
2.5445,-8.76582606283103e-15
2.544625,-0.128490017617629
2.54475,-0.181712325544963
2.544875,-0.128490017618041
2.545,-2.61751038533884e-13
2.545125,0.128490017617905
2.54525,0.181712325544963
2.545375,0.128490017618233
2.5455,2.01735108470636e-13
2.545625,-0.128490017617714
2.54575,-0.181712325544963
2.545875,-0.12849001761819
2.546,-4.72251973067352e-13
2.546125,0.128490017617756
2.54625,0.181712325544963
2.546375,0.128490017618382
2.5465,4.12236043004104e-13
2.546625,-0.128490017618032
2.54675,-0.181712325544963
2.546875,-0.128490017618339
2.547,-2.16873182808924e-14
2.547125,0.128490017617607
2.54725,0.181712325544963
2.547375,0.128490017618063
2.5475,2.92204182877608e-13
2.547625,-0.128490017617883
2.54775,-0.181712325544963
2.547875,-0.128490017618254
2.548,-2.3218825281436e-13
2.548125,0.128490017617926
2.54825,0.181712325544963
2.548375,0.128490017618212
2.5485,1.72172322751112e-13
2.548625,-0.128490017617735
2.54875,-0.181712325544963
2.548875,-0.128490017618403
2.549,-4.42689187347827e-13
2.549125,0.128490017617777
2.54925,0.181712325544963
2.549375,0.128490017618361
2.5495,5.21404626246159e-14
2.549625,-0.128490017617586
2.54975,-0.181712325544963
2.549875,-0.128490017618085
2.55,-6.53190121881294e-13
2.550125,0.128490017617862
2.55025,0.181712325544963
2.550375,0.128490017618276
2.5505,2.62641397158083e-13
2.550625,-0.128490017617904
2.55075,-0.181712325544963
2.550875,-0.128490017618233
2.551,-2.02625467094835e-13
2.551125,0.128490017617713
2.55125,0.181712325544963
2.551375,0.128490017618191
2.5515,4.73142331691551e-13
2.551625,-0.128490017617756
2.55175,-0.181712325544963
2.551875,-0.128490017618382
2.552,-8.25936069683393e-14
2.552125,0.128490017618032
2.55225,0.181712325544963
2.552375,0.128490017618106
2.5525,2.25776769050913e-14
2.552625,-0.12849001761784
2.55275,-0.181712325544963
2.552875,-0.128490017618297
2.553,-2.93094541501807e-13
2.553125,0.128490017617883
2.55325,0.181712325544963
2.553375,0.128490017618255
2.5535,2.33078611438559e-13
2.553625,-0.128490017617692
2.55375,-0.181712325544963
2.553875,-0.128490017618212
2.554,-5.03595476035274e-13
2.554125,0.128490017617734
2.55425,0.181712325544963
2.554375,0.128490017618404
2.5545,4.43579545972026e-13
2.554625,-0.12849001761801
2.55475,-0.181712325544963
2.554875,-0.128490017618128
2.555,-5.30308212488148e-14
2.555125,0.128490017617819
2.55525,0.181712325544963
2.555375,0.128490017618085
2.5555,3.2354768584553e-13
2.555625,-0.128490017617861
2.55575,-0.181712325544963
2.555875,-0.128490017618276
2.556,-2.63531755782282e-13
2.556125,0.128490017617904
2.55625,0.181712325544963
2.556375,0.128490017618234
2.5565,2.03515825719034e-13
2.556625,-0.128490017617712
2.55675,-0.181712325544963
2.556875,-0.128490017618425
2.557,-4.74032690315749e-13
2.557125,0.128490017617989
2.55725,0.181712325544963
2.557375,0.128490017618383
2.5575,8.34839655925382e-14
2.557625,-0.128490017617564
2.55775,-0.181712325544963
2.557875,-0.128490017618107
2.558,-3.54000830189253e-13
2.558125,0.12849001761784
2.55825,0.181712325544963
2.558375,0.128490017618298
2.5585,2.93984900126006e-13
2.558625,-0.128490017617882
2.55875,-0.181712325544963
2.558875,-0.128490017618256
2.559,-2.33968970062758e-13
2.559125,0.128490017617691
2.55925,0.181712325544963
2.559375,0.128490017617979
2.5595,5.04485834659473e-13
2.559625,-0.128490017617733
2.55975,-0.181712325544963
2.559875,-0.128490017618404
2.56,-1.13937109936262e-13
2.560125,0.12849001761801
2.56025,0.181712325544963
2.560375,0.128490017618128
2.5605,5.39211798730137e-14
2.560625,-0.128490017617818
2.56075,-0.181712325544963
2.560875,-0.128490017618319
2.561,-3.24438044469729e-13
2.561125,0.128490017617861
2.56125,0.181712325544963
2.561375,0.128490017618277
2.5615,2.64422114406481e-13
2.561625,-0.128490017617669
2.56175,-0.181712325544963
2.561875,-0.128490017618235
2.562,-5.34938979003196e-13
2.562125,0.128490017617712
2.56225,0.181712325544963
2.562375,0.128490017618426
2.5625,1.44390254279985e-13
2.562625,-0.128490017617988
2.56275,-0.181712325544963
2.562875,-0.12849001761815
2.563,-8.43743242167372e-14
2.563125,0.128490017617797
2.56325,0.181712325544963
2.563375,0.128490017618107
2.5635,3.54891188813452e-13
2.563625,-0.128490017617839
2.56375,-0.181712325544963
2.563875,-0.128490017618299
2.564,-2.94875258750204e-13
2.564125,0.128490017617882
2.56425,0.181712325544963
2.564375,0.128490017618256
2.5645,5.6539212334692e-13
2.564625,-0.12849001761769
2.56475,-0.181712325544963
2.564875,-0.128490017618447
2.565,-5.05376193283672e-13
2.565125,0.128490017617966
2.56525,0.181712325544963
2.565375,0.128490017618171
2.5655,1.14827468560461e-13
2.565625,-0.128490017617775
2.56575,-0.181712325544963
2.565875,-0.128490017618129
2.566,-3.85344333157176e-13
2.566125,0.128490017617818
2.56625,0.181712325544963
2.566375,0.12849001761832
2.5665,3.25328403093928e-13
2.566625,-0.12849001761786
2.56675,-0.181712325544963
2.566875,-0.128490017618278
2.567,-2.6531247303068e-13
2.567125,0.128490017617669
2.56725,0.181712325544963
2.567375,0.128490017618002
2.5675,5.35829337627395e-13
2.567625,-0.128490017617945
2.56775,-0.181712325544963
2.567875,-0.128490017618193
2.568,-1.45280612904184e-13
2.568125,0.128490017617987
2.56825,0.181712325544963
2.568375,0.12849001761815
2.5685,4.15797477500899e-13
2.568625,-0.128490017617796
2.56875,-0.181712325544963
2.568875,-0.128490017618342
2.569,-3.55781547437651e-13
2.569125,0.128490017617838
2.56925,0.181712325544963
2.569375,0.128490017618299
2.5695,2.95765617374403e-13
2.569625,-0.128490017617647
2.56975,-0.181712325544963
2.569875,-0.128490017618023
2.57,-5.66282481971119e-13
2.570125,0.12849001761769
2.57025,0.181712325544963
2.570375,0.128490017618448
2.5705,1.75733757247908e-13
2.570625,-0.128490017617966
2.57075,-0.181712325544963
2.570875,-0.128490017618172
2.571,-1.1571782718466e-13
2.571125,0.128490017617775
2.57125,0.181712325544963
2.571375,0.128490017618129
2.5715,3.86234691781375e-13
2.571625,-0.128490017617817
2.57175,-0.181712325544963
2.571875,-0.128490017618321
2.572,-3.26218761718127e-13
2.572125,0.128490017618093
2.57225,0.181712325544963
2.572375,0.128490017618278
2.5725,5.96735626314842e-13
2.572625,-0.128490017617668
2.57275,-0.181712325544963
2.572875,-0.12849001761847
2.573,-2.06186901591631e-13
2.573125,0.128490017617944
2.57325,0.181712325544963
2.573375,0.128490017618193
2.5735,1.46170971528383e-13
2.573625,-0.128490017617753
2.57375,-0.181712325544963
2.573875,-0.128490017618151
2.574,-4.16687836125098e-13
2.574125,0.128490017617795
2.57425,0.181712325544963
2.574375,0.128490017618342
2.5745,3.5667190606185e-13
2.574625,-0.128490017617838
2.57475,-0.181712325544963
2.574875,-0.1284900176183
2.575,3.38768186613609e-14
2.575125,0.128490017617647
2.57525,0.181712325544963
2.575375,0.128490017618024
2.5755,5.67172840595318e-13
2.575625,-0.128490017617923
2.57575,-0.181712325544963
2.575875,-0.128490017618215
2.576,-1.76624115872106e-13
2.576125,0.128490017617965
2.57625,0.181712325544963
2.576375,0.128490017618173
2.5765,4.47140980468822e-13
2.576625,-0.128490017617774
2.57675,-0.181712325544963
2.576875,-0.128490017618364
2.577,-3.87125050405574e-13
2.577125,0.128490017617816
2.57725,0.181712325544963
2.577375,0.128490017618321
2.5775,-3.42367431763746e-15
2.577625,-0.128490017617625
2.57775,-0.181712325544963
2.577875,-0.128490017618045
2.578,-5.97625984939041e-13
2.578125,0.128490017617901
2.57825,0.181712325544963
2.578375,0.128490017618237
2.5785,2.0707726021583e-13
2.578625,-0.128490017617944
2.57875,-0.181712325544963
2.578875,-0.128490017618194
2.579,-1.47061330152582e-13
2.579125,0.128490017617752
2.57925,0.181712325544963
2.579375,0.128490017618152
2.5795,4.17578194749297e-13
2.579625,-0.128490017617795
2.57975,-0.181712325544963
2.579875,-0.128490017618343
2.58,-3.57562264686049e-13
2.580125,0.128490017617604
2.58025,0.181712325544963
2.580375,0.128490017618067
2.5805,6.28079129282765e-13
2.580625,-0.12849001761788
2.58075,-0.181712325544963
2.580875,-0.128490017618492
2.581,-2.37530404559553e-13
2.581125,0.128490017617922
2.58125,0.181712325544963
2.581375,0.128490017618216
2.5815,1.77514474496305e-13
2.581625,-0.128490017617731
2.58175,-0.181712325544963
2.581875,-0.128490017618173
2.582,-4.48031339093021e-13
2.582125,0.128490017617773
2.58225,0.181712325544963
2.582375,0.128490017618364
2.5825,3.88015409029773e-13
2.582625,-0.128490017618049
2.58275,-0.181712325544963
2.582875,-0.128490017618322
2.583,2.53331569343853e-15
2.583125,0.128490017617624
2.58325,0.181712325544963
2.583375,0.128490017618046
2.5835,2.67983548903277e-13
2.583625,-0.128490017617901
2.58375,-0.181712325544963
2.583875,-0.128490017618237
2.584,-2.07967618840029e-13
2.584125,0.128490017617709
2.58425,0.181712325544963
2.584375,0.128490017618195
2.5845,4.78484483436744e-13
2.584625,-0.128490017617752
2.58475,-0.181712325544963
2.584875,-0.128490017618386
2.585,-4.18468553373496e-13
2.585125,0.128490017617794
2.58525,0.181712325544963
2.585375,0.128490017618344
2.5855,2.79198286502849e-14
2.585625,-0.128490017617603
2.58575,-0.181712325544963
2.585875,-0.128490017618067
2.586,-6.28969487906963e-13
2.586125,0.128490017617879
2.58625,0.181712325544963
2.586375,0.128490017618259
2.5865,2.38420763183752e-13
2.586625,-0.128490017617921
2.58675,-0.181712325544963
2.586875,-0.128490017618216
2.587,-1.78404833120504e-13
2.587125,0.12849001761773
2.58725,0.181712325544963
2.587375,0.128490017618174
2.5875,4.4892169771722e-13
2.587625,-0.128490017617773
2.58775,-0.181712325544963
2.587875,-0.128490017618365
2.588,-5.83729729940084e-14
2.588125,0.128490017617581
2.58825,0.181712325544963
2.588375,0.128490017618089
2.5885,6.59422632250687e-13
2.588625,-0.128490017617858
2.58875,-0.181712325544963
2.588875,-0.12849001761828
2.589,-2.68873907527476e-13
2.589125,0.1284900176179
2.58925,0.181712325544963
2.589375,0.128490017618238
2.5895,2.08857977464228e-13
2.589625,-0.128490017617709
2.58975,-0.181712325544963
2.589875,-0.128490017618195
2.59,-4.79374842060943e-13
2.590125,0.128490017617751
2.59025,0.181712325544963
2.590375,0.128490017618387
2.5905,4.19358911997695e-13
2.590625,-0.128490017618027
2.59075,-0.181712325544963
2.590875,-0.12849001761811
2.591,-2.88101872744838e-14
2.591125,0.128490017617836
2.59125,0.181712325544963
2.591375,0.128490017618068
2.5915,2.99327051871199e-13
2.591625,-0.128490017617878
2.59175,-0.181712325544963
2.591875,-0.128490017618259
2.592,-2.39311121807951e-13
2.592125,0.128490017617687
2.59225,0.181712325544963
2.592375,0.128490017618217
2.5925,5.09827986404666e-13
2.592625,-0.12849001761773
2.59275,-0.181712325544963
2.592875,-0.128490017618408
2.593,-4.49812056341419e-13
2.593125,0.128490017618006
2.59325,0.181712325544963
2.593375,0.128490017618132
2.5935,5.92633316182073e-14
2.593625,-0.128490017617581
2.59375,-0.181712325544963
2.593875,-0.12849001761809
2.594,-3.29780196214923e-13
2.594125,0.128490017617857
2.59425,0.181712325544963
2.594375,0.128490017618281
2.5945,2.69764266151675e-13
2.594625,-0.128490017617899
2.59475,-0.181712325544963
2.594875,-0.128490017618238
2.595,-2.09748336088427e-13
2.595125,0.128490017617708
2.59525,0.181712325544963
2.595375,0.128490017617962
2.5955,4.80265200685142e-13
2.595625,-0.128490017617751
2.59575,-0.181712325544963
2.595875,-0.128490017618387
2.596,-8.97164759619307e-14
2.596125,0.128490017617559
2.59625,0.181712325544963
2.596375,0.128490017618111
2.5965,3.60233340558646e-13
2.596625,-0.128490017617835
2.59675,-0.181712325544963
2.596875,-0.128490017618302
2.597,-3.00217410495398e-13
2.597125,0.128490017617878
2.59725,0.181712325544963
2.597375,0.12849001761826
2.5975,2.4020148043215e-13
2.597625,-0.128490017617686
2.59775,-0.181712325544963
2.597875,-0.128490017618217
2.598,-5.10718345028865e-13
2.598125,0.128490017617729
2.59825,0.181712325544963
2.598375,0.128490017618409
2.5985,1.20169620305654e-13
2.598625,-0.128490017618005
2.59875,-0.181712325544963
2.598875,-0.128490017618133
2.599,-6.01536902424062e-14
2.599125,0.128490017617814
2.59925,0.181712325544963
2.599375,0.12849001761809
2.5995,3.30670554839122e-13
2.599625,-0.128490017617856
2.59975,-0.181712325544963
2.599875,-0.128490017618281
2.6,-2.70654624775874e-13
2.600125,0.128490017617665
2.60025,0.181712325544963
2.600375,0.128490017618239
2.6005,5.41171489372589e-13
2.600625,-0.128490017617707
2.60075,-0.181712325544963
2.600875,-0.12849001761843
2.601,-4.81155559309341e-13
2.601125,0.128490017617984
2.60125,0.181712325544963
2.601375,0.128490017618154
2.6015,9.06068345861297e-14
2.601625,-0.128490017617792
2.60175,-0.181712325544963
2.601875,-0.128490017618112
2.602,-3.61123699182845e-13
2.602125,0.128490017617835
2.60225,0.181712325544963
2.602375,0.128490017618303
2.6025,3.01107769119597e-13
2.602625,-0.128490017617877
2.60275,-0.181712325544963
2.602875,-0.128490017618261
2.603,8.94409556036142e-14
2.603125,0.128490017617686
2.60325,0.181712325544963
2.603375,0.128490017617984
2.6035,5.11608703653064e-13
2.603625,-0.128490017617962
2.60375,-0.181712325544963
2.603875,-0.128490017618176
2.604,-1.21059978929853e-13
2.604125,0.128490017617537
2.60425,0.181712325544963
2.604375,0.128490017618133
2.6045,3.91576843526568e-13
2.604625,-0.128490017617813
2.60475,-0.181712325544963
2.604875,-0.128490017618325
2.605,-3.3156091346332e-13
2.605125,0.128490017617856
2.60525,0.181712325544963
2.605375,0.128490017618282
2.6055,2.71544983400072e-13
2.605625,-0.128490017617664
2.60575,-0.181712325544963
2.605875,-0.128490017618006
2.606,-5.42061847996788e-13
2.606125,0.12849001761794
2.60625,0.181712325544963
2.606375,0.128490017618431
2.6065,1.51513123273577e-13
2.606625,-0.128490017617983
2.60675,-0.181712325544963
2.606875,-0.128490017618155
2.607,-9.14971932103286e-14
2.607125,0.128490017617792
2.60725,0.181712325544963
2.607375,0.128490017618112
2.6075,3.62014057807044e-13
2.607625,-0.128490017617834
2.60775,-0.181712325544963
2.607875,-0.12849001761807
2.608,-3.01998127743796e-13
2.608125,0.128490017617643
2.60825,0.181712325544963
2.608375,0.128490017618261
2.6085,5.72514992340511e-13
2.608625,-0.128490017617919
2.60875,-0.181712325544963
2.608875,-0.128490017618452
2.609,-1.819662676173e-13
2.609125,0.128490017617728
2.60925,0.181712325544963
2.609375,0.128490017618176
2.6095,4.52483132214015e-13
2.609625,-0.128490017617536
2.60975,-0.181712325544963
2.609875,-0.1284900176179
2.61,-7.22999996810731e-13
2.610125,0.128490017617813
2.61025,0.181712325544963
2.610375,0.128490017618559
2.6105,3.32451272087519e-13
2.610625,-0.128490017618089
2.61075,-0.181712325544963
2.610875,-0.128490017618283
2.611,5.80974526356919e-14
2.611125,0.128490017617897
2.61125,0.181712325544963
2.611375,0.128490017618474
2.6115,2.12419411961023e-13
2.611625,-0.128490017617706
2.61175,-0.181712325544963
2.611875,-0.128490017618198
2.612,-4.82936276557739e-13
2.612125,0.128490017617515
2.61225,0.181712325544963
2.612375,0.128490017617922
2.6125,7.53453141154454e-13
2.612625,-0.128490017617791
2.61275,-0.181712325544963
2.612875,-0.12849001761858
2.613,-3.62904416431243e-13
2.613125,0.128490017618067
2.61325,0.181712325544963
2.613375,0.128490017618304
2.6135,-2.76443082919684e-14
2.613625,-0.128490017617876
2.61375,-0.181712325544963
2.613875,-0.128490017618028
2.614,-2.42872556304747e-13
2.614125,0.128490017617685
2.61425,0.181712325544963
2.614375,0.128490017618219
2.6145,5.13389420901462e-13
2.614625,-0.128490017617961
2.61475,-0.181712325544963
2.614875,-0.128490017618411
2.615,-1.22840696178251e-13
2.615125,0.128490017617769
2.61525,0.181712325544963
2.615375,0.128490017618602
2.6155,3.93357560774966e-13
2.615625,-0.128490017618046
2.61575,-0.181712325544963
2.615875,-0.128490017618326
2.616,-2.80883605175504e-15
2.616125,0.128490017617854
2.61625,0.181712325544963
2.616375,0.12849001761805
2.6165,2.7332570064847e-13
2.616625,-0.128490017617663
2.61675,-0.181712325544963
2.616875,-0.128490017618241
2.617,-5.43842565245186e-13
2.617125,0.128490017617939
2.61725,0.181712325544963
2.617375,0.128490017618432
2.6175,1.53293840521974e-13
2.617625,-0.128490017617748
2.61775,-0.181712325544963
2.617875,-0.128490017618156
2.618,-4.2381070511869e-13
2.618125,0.128490017618024
2.61825,0.181712325544963
2.618375,0.128490017618347
2.6185,3.32619803954785e-14
2.618625,-0.128490017617833
2.61875,-0.181712325544963
2.618875,-0.128490017618071
2.619,-3.03778844992194e-13
2.619125,0.128490017617642
2.61925,0.181712325544963
2.619375,0.128490017618262
2.6195,5.74295709588909e-13
2.619625,-0.128490017617918
2.61975,-0.181712325544963
2.619875,-0.128490017618454
2.62,-1.83746984865698e-13
2.620125,0.128490017617726
2.62025,0.181712325544963
2.620375,0.128490017618178
2.6205,4.54263849462413e-13
2.620625,-0.128490017618003
2.62075,-0.181712325544963
2.620875,-0.128490017618369
2.621,-6.37151247392019e-14
2.621125,0.128490017617811
2.62125,0.181712325544963
2.621375,0.128490017618093
2.6215,3.34231989335917e-13
2.621625,-0.12849001761762
2.62175,-0.181712325544963
2.621875,-0.128490017618284
2.622,-6.04748853932632e-13
2.622125,0.128490017617896
2.62225,0.181712325544963
2.622375,0.128490017618475
2.6225,2.14200129209421e-13
2.622625,-0.128490017618172
2.62275,-0.181712325544963
2.622875,-0.128490017618199
2.623,1.7634859551379e-13
2.623125,0.128490017617514
2.62325,0.181712325544963
2.623375,0.12849001761839
2.6235,9.41682690829254e-14
2.623625,-0.12849001761779
2.62375,-0.181712325544963
2.623875,-0.128490017618114
2.624,-3.64685133679641e-13
2.624125,0.128490017617598
2.62425,0.181712325544963
2.624375,0.128490017618306
2.6245,6.35201998276356e-13
2.624625,-0.128490017617875
2.62475,-0.181712325544963
2.624875,-0.128490017618497
2.625,-2.44653273553145e-13
2.625125,0.128490017618151
2.62525,0.181712325544963
2.625375,0.128490017618221
2.6255,-1.45895451170066e-13
2.625625,-0.128490017617492
2.62575,-0.181712325544963
2.625875,-0.128490017617944
2.626,-1.24621413426649e-13
2.626125,0.128490017617768
2.62625,0.181712325544963
2.626375,0.128490017618136
2.6265,3.95138278023364e-13
2.626625,-0.128490017618044
2.62675,-0.181712325544963
2.626875,-0.128490017618327
2.627,-6.65655142620079e-13
2.627125,0.128490017617853
2.62725,0.181712325544963
2.627375,0.128490017618518
2.6275,2.75106417896868e-13
2.627625,-0.128490017617662
2.62775,-0.181712325544963
2.627875,-0.128490017618242
2.628,1.15442306826343e-13
2.628125,0.128490017617471
2.62825,0.181712325544963
2.628375,0.128490017617966
2.6285,8.16140147090299e-13
2.628625,-0.128490017617747
2.62875,-0.181712325544963
2.628875,-0.128490017618157
2.629,-4.25591422367088e-13
2.629125,0.128490017618023
2.62925,0.181712325544963
2.629375,0.128490017618349
2.6295,3.50426976438763e-14
2.629625,-0.128490017617832
2.62975,-0.181712325544963
2.629875,-0.128490017618072
2.63,-3.05559562240592e-13
2.630125,0.12849001761764
2.63025,0.181712325544963
2.630375,0.128490017618264
2.6305,-8.49891624826196e-14
2.630625,-0.128490017617916
2.63075,-0.181712325544963
2.630875,-0.128490017617988
2.631,-8.46593291434022e-13
2.631125,0.128490017617725
2.63125,0.181712325544963
2.631375,0.128490017618179
2.6315,4.56044566710811e-13
2.631625,-0.128490017618001
2.63175,-0.181712325544963
2.631875,-0.12849001761837
2.632,-6.54958419875998e-14
2.632125,0.12849001761781
2.63225,0.181712325544963
2.632375,0.128490017618094
2.6325,3.36012706584315e-13
2.632625,-0.128490017617619
2.63275,-0.181712325544963
2.632875,-0.128490017618285
2.633,-6.0652957118103e-13
2.633125,0.128490017617895
2.63325,0.181712325544963
2.633375,0.128490017618009
2.6335,2.15980846457819e-13
2.633625,-0.128490017617704
2.63375,-0.181712325544963
2.633875,-0.1284900176182
2.634,-4.86497711054534e-13
2.634125,0.12849001761798
2.63425,0.181712325544963
2.634375,0.128490017618392
2.6345,9.59489863313232e-14
2.634625,-0.128490017617789
2.63475,-0.181712325544963
2.634875,-0.128490017618115
2.635,-3.66465850928039e-13
2.635125,0.128490017617597
2.63525,0.181712325544963
2.635375,0.128490017618307
2.6355,6.36982715524754e-13
2.635625,-0.128490017617873
2.63575,-0.181712325544963
2.635875,-0.128490017618498
2.636,-2.46433990801543e-13
2.636125,0.128490017617682
2.63625,0.181712325544963
2.636375,0.128490017618222
2.6365,5.16950855398258e-13
2.636625,-0.128490017617958
2.63675,-0.181712325544963
2.636875,-0.128490017618413
2.637,-1.26402130675047e-13
2.637125,0.128490017617767
2.63725,0.181712325544963
2.637375,0.128490017618137
2.6375,3.96918995271762e-13
2.637625,-0.128490017617576
2.63775,-0.181712325544963
2.637875,-0.128490017617861
2.638,-6.67435859868477e-13
2.638125,0.128490017617852
2.63825,0.181712325544963
2.638375,0.12849001761852
2.6385,2.76887135145266e-13
2.638625,-0.128490017618128
2.63875,-0.181712325544963
2.638875,-0.128490017618243
2.639,-5.47403999741981e-13
2.639125,0.128490017617937
2.63925,0.181712325544963
2.639375,0.128490017618435
2.6395,1.5685527501877e-13
2.639625,-0.128490017617745
2.63975,-0.181712325544963
2.639875,-0.128490017618159
2.64,-4.27372139615485e-13
2.640125,0.128490017617554
2.64025,0.181712325544963
2.640375,0.12849001761835
2.6405,6.97889004212201e-13
2.640625,-0.12849001761783
2.64075,-0.181712325544963
2.640875,-0.128490017618541
2.641,-3.07340279488989e-13
2.641125,0.128490017618106
2.64125,0.181712325544963
2.641375,0.128490017618265
2.6415,-8.32084452342217e-14
2.641625,-0.128490017617915
2.64175,-0.181712325544963
2.641875,-0.128490017617989
2.642,-1.87308419362494e-13
2.642125,0.128490017617724
2.64225,0.181712325544963
2.642375,0.12849001761818
2.6425,4.57825283959209e-13
2.642625,-0.128490017617533
2.64275,-0.181712325544963
2.642875,-0.128490017618371
2.643,-7.28342148555924e-13
2.643125,0.128490017617809
2.64325,0.181712325544963
2.643375,0.128490017618563
2.6435,3.37793423832713e-13
2.643625,-0.128490017618085
2.64375,-0.181712325544963
2.643875,-0.128490017618286
2.644,5.27553008904983e-14
2.644125,0.128490017617894
2.64425,0.181712325544963
2.644375,0.12849001761801
2.6445,2.17761563706217e-13
2.644625,-0.128490017617702
2.64475,-0.181712325544963
2.644875,-0.128490017618202
2.645,-4.88278428302932e-13
2.645125,0.128490017617979
2.64525,0.181712325544963
2.645375,0.128490017618393
2.6455,9.77297035797211e-14
2.645625,-0.128490017617787
2.64575,-0.181712325544963
2.645875,-0.128490017618117
2.646,-3.68246568176436e-13
2.646125,0.128490017618063
2.64625,0.181712325544963
2.646375,0.128490017618308
2.6465,-2.23021565467748e-14
2.646625,-0.128490017617405
2.64675,-0.181712325544963
2.646875,-0.128490017618032
2.647,-2.4821470804994e-13
2.647125,0.128490017617681
2.64725,0.181712325544963
2.647375,0.128490017618223
2.6475,5.18731572646656e-13
2.647625,-0.128490017617957
2.64775,-0.181712325544963
2.647875,-0.128490017618414
2.648,-1.28182847923445e-13
2.648125,0.128490017617766
2.64825,0.181712325544963
2.648375,0.128490017618138
2.6485,3.9869971252016e-13
2.648625,-0.128490017617574
2.64875,-0.181712325544963
2.648875,-0.12849001761833
2.649,-8.1509877969486e-15
2.649125,0.128490017617851
2.64925,0.181712325544963
2.649375,0.128490017618053
2.6495,2.78667852393664e-13
2.649625,-0.128490017617659
2.64975,-0.181712325544963
2.649875,-0.128490017618245
2.65,-5.49184716990379e-13
2.650125,0.128490017617935
2.65025,0.181712325544963
2.650375,0.128490017618436
2.6505,1.58635992267168e-13
2.650625,-0.128490017617744
2.65075,-0.181712325544963
2.650875,-0.12849001761816
2.651,-4.29152856863883e-13
2.651125,0.128490017617553
2.65125,0.181712325544963
2.651375,0.128490017618351
2.6515,3.86041321406721e-14
2.651625,-0.128490017617829
2.65175,-0.181712325544963
2.651875,-0.128490017618075
2.652,-3.09120996737387e-13
2.652125,0.128490017617638
2.65225,0.181712325544963
2.652375,0.128490017618266
2.6525,5.79637861334103e-13
2.652625,-0.128490017617914
2.65275,-0.181712325544963
2.652875,-0.128490017618458
2.653,-1.89089136610891e-13
2.653125,0.128490017617723
2.65325,0.181712325544963
2.653375,0.128490017618181
2.6535,-2.0145958811232e-13
2.653625,-0.128490017617531
2.65375,-0.181712325544963
2.653875,-0.128490017617905
2.654,-7.30122865804322e-13
2.654125,0.128490017617808
2.65425,0.181712325544963
2.654375,0.128490017618096
2.6545,3.39574141081111e-13
2.654625,-0.128490017617616
2.65475,-0.181712325544963
2.654875,-0.128490017618288
2.655,-6.10091005677826e-13
2.655125,0.128490017617892
2.65525,0.181712325544963
2.655375,0.128490017618479
2.6555,2.19542280954615e-13
2.655625,-0.128490017617701
2.65575,-0.181712325544963
2.655875,-0.128490017618203
2.656,1.71006443768596e-13
2.656125,0.12849001761751
2.65625,0.181712325544963
2.656375,0.128490017617927
2.6565,7.60576010148046e-13
2.656625,-0.128490017617786
2.65675,-0.181712325544963
2.656875,-0.128490017618118
2.657,-3.70027285424834e-13
2.657125,0.128490017618062
2.65725,0.181712325544963
2.657375,0.128490017618309
2.6575,-2.0521439298377e-14
2.657625,-0.128490017617871
2.65775,-0.181712325544963
2.657875,-0.128490017618033
2.658,-2.49995425298338e-13
2.658125,0.12849001761768
2.65825,0.181712325544963
2.658375,0.128490017618224
2.6585,5.20512289895054e-13
2.658625,-0.128490017617488
2.65875,-0.181712325544963
2.658875,-0.128490017617948
2.659,-7.91029154491769e-13
2.659125,0.128490017617764
2.65925,0.181712325544963
2.659375,0.128490017618607
2.6595,4.00480429768558e-13
2.659625,-0.128490017618041
2.65975,-0.181712325544963
2.659875,-0.128490017618331
2.66,-9.93170504534646e-15
2.660125,0.128490017617849
2.66025,0.181712325544963
2.660375,0.128490017618055
2.6605,2.80448569642062e-13
2.660625,-0.128490017617658
2.66075,-0.181712325544963
2.660875,-0.128490017618246
2.661,-5.50965434238777e-13
2.661125,0.128490017617934
2.66125,0.181712325544963
2.661375,0.128490017618437
2.6615,1.60416709515566e-13
2.661625,-0.128490017617743
2.66175,-0.181712325544963
2.661875,-0.128490017618161
2.662,-4.30933574112281e-13
2.662125,0.128490017618019
2.66225,0.181712325544963
2.662375,0.128490017618352
2.6625,4.03848493890699e-14
2.662625,-0.128490017617828
2.66275,-0.181712325544963
2.662875,-0.128490017618076
2.663,-3.10901713985785e-13
2.663125,0.128490017617637
2.66325,0.181712325544963
2.663375,0.128490017618267
2.6635,5.814185785825e-13
2.663625,-0.128490017617913
2.66375,-0.181712325544963
2.663875,-0.128490017618459
2.664,-1.90869853859289e-13
2.664125,0.128490017617721
2.66425,0.181712325544963
2.664375,0.128490017618183
2.6645,4.61386718456005e-13
2.664625,-0.128490017617998
2.66475,-0.181712325544963
2.664875,-0.128490017618374
2.665,-7.08379937327933e-14
2.665125,0.128490017617806
2.66525,0.181712325544963
2.665375,0.128490017618098
2.6655,3.41354858329509e-13
2.665625,-0.128490017617615
2.66575,-0.181712325544963
2.665875,-0.128490017618289
2.666,-6.11871722926224e-13
2.666125,0.128490017617891
2.66625,0.181712325544963
2.666375,0.12849001761848
2.6665,2.21322998203013e-13
2.666625,-0.1284900176177
2.66675,-0.181712325544963
2.666875,-0.128490017618204
2.667,-4.91839862799728e-13
2.667125,0.128490017617976
2.66725,0.181712325544963
2.667375,0.128490017618395
2.6675,1.01291138076517e-13
2.667625,-0.128490017617785
2.66775,-0.181712325544963
2.667875,-0.128490017618119
2.668,-3.71808002673232e-13
2.668125,0.128490017617593
2.66825,0.181712325544963
2.668375,0.128490017618311
2.6685,6.42324867269947e-13
2.668625,-0.12849001761787
2.66875,-0.181712325544963
2.668875,-0.128490017618502
2.669,-2.51776142546736e-13
2.669125,0.128490017618146
2.66925,0.181712325544963
2.669375,0.128490017618226
2.6695,-1.38772582176475e-13
2.669625,-0.128490017617955
2.66975,-0.181712325544963
2.669875,-0.12849001761795
2.67,-1.3174428242024e-13
2.670125,0.128490017617763
2.67025,0.181712325544963
2.670375,0.128490017618141
2.6705,4.02261147016956e-13
2.670625,-0.128490017617572
2.67075,-0.181712325544963
2.670875,-0.128490017618332
2.671,-6.72778011613671e-13
2.671125,0.128490017617848
2.67125,0.181712325544963
2.671375,0.128490017618523
2.6715,2.8222928689046e-13
2.671625,-0.128490017618124
2.67175,-0.181712325544963
2.671875,-0.128490017618247
2.672,1.08319437832752e-13
2.672125,0.128490017617466
2.67225,0.181712325544963
2.672375,0.128490017617971
2.6725,1.62197426763964e-13
2.672625,-0.128490017617742
2.67275,-0.181712325544963
2.672875,-0.128490017618162
2.673,-4.32714291360679e-13
2.673125,0.128490017618018
2.67325,0.181712325544963
2.673375,0.128490017618354
2.6735,4.21655666374678e-14
2.673625,-0.128490017617827
2.67375,-0.181712325544963
2.673875,-0.128490017618545
2.674,-3.12682431234183e-13
2.674125,0.128490017618103
2.67425,0.181712325544963
2.674375,0.128490017618269
2.6745,-7.78662934890282e-14
2.674625,-0.128490017617444
2.67475,-0.181712325544963
2.674875,-0.128490017617993
2.675,-1.92650571107687e-13
2.675125,0.12849001761772
2.67525,0.181712325544963
2.675375,0.128490017618184
2.6755,4.63167435704402e-13
2.675625,-0.128490017617996
2.67575,-0.181712325544963
2.675875,-0.128490017618375
2.676,-7.26187109811912e-14
2.676125,0.128490017617805
2.67625,0.181712325544963
2.676375,0.128490017618099
2.6765,3.43135575577906e-13
2.676625,-0.128490017617614
2.67675,-0.181712325544963
2.676875,-0.12849001761829
2.677,4.74131491453047e-14
2.677125,0.12849001761789
2.67725,0.181712325544963
2.677375,0.128490017618014
2.6775,2.23103715451411e-13
2.677625,-0.128490017617699
2.67775,-0.181712325544963
2.677875,-0.128490017618205
2.678,-4.93620580048126e-13
2.678125,0.128490017617975
2.67825,0.181712325544963
2.678375,0.128490017618397
2.6785,1.03071855324915e-13
2.678625,-0.128490017617783
2.67875,-0.181712325544963
2.678875,-0.128490017618121
2.679,-3.7358871992163e-13
2.679125,0.128490017617592
2.67925,0.181712325544963
2.679375,0.128490017618312
2.6795,6.44105584518345e-13
2.679625,-0.128490017617868
2.67975,-0.181712325544963
2.679875,-0.128490017618036
2.68,-2.53556859795134e-13
2.680125,0.128490017617677
2.68025,0.181712325544963
2.680375,0.128490017618227
2.6805,5.24073724391849e-13
2.680625,-0.128490017617953
2.68075,-0.181712325544963
2.680875,-0.128490017618418
2.681,-1.33524999668638e-13
2.681125,0.128490017617762
2.68125,0.181712325544963
2.681375,0.128490017618142
2.6815,-2.57023725054573e-13
2.681625,-0.128490017617571
2.68175,-0.181712325544963
2.681875,-0.128490017618333
2.682,-6.74558728862069e-13
2.682125,0.128490017617847
2.68225,0.181712325544963
2.682375,0.128490017618057
2.6825,2.84010004138857e-13
2.682625,-0.128490017617656
2.68275,-0.181712325544963
2.682875,-0.128490017618248
2.683,-5.54526868735573e-13
2.683125,0.128490017617932
2.68325,0.181712325544963
2.683375,0.12849001761844
2.6835,1.63978144012362e-13
2.683625,-0.12849001761774
2.68375,-0.181712325544963
2.683875,-0.128490017618164
2.684,-4.34495008609077e-13
2.684125,0.128490017617549
2.68425,0.181712325544963
2.684375,0.128490017617887
2.6845,7.05011873205792e-13
2.684625,-0.128490017617825
2.68475,-0.181712325544963
2.684875,-0.128490017618546
2.685,-3.14463148482581e-13
2.685125,0.128490017618101
2.68525,0.181712325544963
2.685375,0.12849001761827
2.6855,-7.60855762406303e-14
2.685625,-0.12849001761791
2.68575,-0.181712325544963
2.685875,-0.128490017618461
2.686,-1.94431288356085e-13
2.686125,0.128490017617719
2.68625,0.181712325544963
2.686375,0.128490017618185
2.6865,4.649481529528e-13
2.686625,-0.128490017617528
2.68675,-0.181712325544963
2.686875,-0.128490017617909
2.687,-7.35465017549516e-13
2.687125,0.128490017617804
2.68725,0.181712325544963
2.687375,0.128490017618568
2.6875,3.44916292826304e-13
2.687625,-0.12849001761808
2.68775,-0.181712325544963
2.687875,-0.128490017618292
2.688,4.56324318969069e-14
2.688125,0.128490017617889
2.68825,0.181712325544963
2.688375,0.128490017618015
2.6885,2.24884432699808e-13
2.688625,-0.128490017617697
2.68875,-0.181712325544963
2.688875,-0.128490017618207
2.689,-4.95401297296524e-13
2.689125,0.128490017617973
2.68925,0.181712325544963
2.689375,0.128490017618398
2.6895,7.65918161893239e-13
2.689625,-0.128490017617782
2.68975,-0.181712325544963
2.689875,-0.128490017618589
2.69,-3.75369437170028e-13
2.690125,0.128490017618058
2.69025,0.181712325544963
2.690375,0.128490017618313
2.6905,-1.51792875531834e-14
2.690625,-0.128490017617867
2.69075,-0.181712325544963
2.690875,-0.128490017618037
2.691,-2.55337577043532e-13
2.691125,0.128490017617676
2.69125,0.181712325544963
2.691375,0.128490017618228
2.6915,5.25854441640247e-13
2.691625,-0.128490017617952
2.69175,-0.181712325544963
2.691875,-0.128490017618419
2.692,-1.35305716917036e-13
2.692125,0.128490017617761
2.69225,0.181712325544963
2.692375,0.128490017618143
2.6925,4.05822581513751e-13
2.692625,-0.128490017618037
2.69275,-0.181712325544963
2.692875,-0.128490017618335
2.693,-1.527385679054e-14
2.693125,0.128490017617846
2.69325,0.181712325544963
2.693375,0.128490017618058
2.6935,2.85790721387255e-13
2.693625,-0.128490017617654
2.69375,-0.181712325544963
2.693875,-0.12849001761825
2.694,-5.56307585983971e-13
2.694125,0.12849001761793
2.69425,0.181712325544963
2.694375,0.128490017618441
2.6945,1.65758861260759e-13
2.694625,-0.128490017617739
2.69475,-0.181712325544963
2.694875,-0.128490017618165
2.695,-4.36275725857475e-13
2.695125,0.128490017618015
2.69525,0.181712325544963
2.695375,0.128490017618356
2.6955,4.57270011342635e-14
2.695625,-0.128490017617824
2.69575,-0.181712325544963
2.695875,-0.12849001761808
2.696,-3.16243865730979e-13
2.696125,0.128490017617633
2.69625,0.181712325544963
2.696375,0.128490017618271
2.6965,5.86760730327694e-13
2.696625,-0.128490017617909
2.69675,-0.181712325544963
2.696875,-0.128490017618463
2.697,-1.96212005604483e-13
2.697125,0.128490017618185
2.69725,0.181712325544963
2.697375,0.128490017618186
2.6975,4.66728870201198e-13
2.697625,-0.128490017617526
2.69775,-0.181712325544963
2.697875,-0.128490017618378
2.698,-7.61801454779869e-14
2.698125,0.128490017617802
2.69825,0.181712325544963
2.698375,0.128490017618101
2.6985,3.46697010074702e-13
2.698625,-0.128490017617611
2.69875,-0.181712325544963
2.698875,-0.128490017618293
2.699,-6.17213874671418e-13
2.699125,0.128490017617887
2.69925,0.181712325544963
2.699375,0.128490017618484
2.6995,2.26665149948206e-13
2.699625,-0.128490017618164
2.69975,-0.181712325544963
2.699875,-0.128490017618208
2.7,1.63883574775005e-13
2.700125,0.128490017617505
2.70025,0.181712325544963
2.700375,0.128490017617932
2.7005,1.0663328982171e-13
2.700625,-0.128490017617781
2.70075,-0.181712325544963
2.700875,-0.128490017618123
2.701,-3.77150154418426e-13
2.701125,0.128490017618057
2.70125,0.181712325544963
2.701375,0.128490017618314
2.7015,6.47667019015141e-13
2.701625,-0.128490017617866
2.70175,-0.181712325544963
2.701875,-0.128490017618506
2.702,-2.5711829429193e-13
2.702125,0.128490017617675
2.70225,0.181712325544963
2.702375,0.128490017618229
2.7025,-1.33430430431281e-13
2.702625,-0.128490017617483
2.70275,-0.181712325544963
2.702875,-0.128490017617953
2.703,-7.9815202348536e-13
2.703125,0.128490017617759
2.70325,0.181712325544963
2.703375,0.128490017618145
2.7035,4.07603298762149e-13
2.703625,-0.128490017618036
2.70375,-0.181712325544963
2.703875,-0.128490017618336
2.704,-1.70545740389379e-14
2.704125,0.128490017617844
2.70425,0.181712325544963
2.704375,0.12849001761806
2.7045,2.87571438635653e-13
2.704625,-0.128490017617653
2.70475,-0.181712325544963
2.704875,-0.128490017618251
2.705,-5.58088303232368e-13
2.705125,0.128490017617462
2.70525,0.181712325544963
2.705375,0.128490017617975
2.7055,8.28605167829084e-13
2.705625,-0.128490017617738
2.70575,-0.181712325544963
2.705875,-0.128490017618166
2.706,-4.38056443105873e-13
2.706125,0.128490017618014
2.70625,0.181712325544963
2.706375,0.128490017618357
2.7065,4.75077183826613e-14
2.706625,-0.128490017617823
2.70675,-0.181712325544963
2.706875,-0.128490017618081
2.707,-3.18024582979377e-13
2.707125,0.128490017617631
2.70725,0.181712325544963
2.707375,0.128490017618273
2.7075,5.88541447576092e-13
2.707625,-0.128490017617908
2.70775,-0.181712325544963
2.707875,-0.128490017617996
2.708,-1.97992722852881e-13
2.708125,0.128490017617716
2.70825,0.181712325544963
2.708375,0.128490017618188
2.7085,4.68509587449596e-13
2.708625,-0.128490017617993
2.70875,-0.181712325544963
2.708875,-0.128490017618379
2.709,-7.79608627263848e-14
2.709125,0.128490017617801
2.70925,0.181712325544963
2.709375,0.128490017618103
2.7095,3.484777273231e-13
2.709625,-0.12849001761761
2.70975,-0.181712325544963
2.709875,-0.128490017618294
2.71,-6.18994591919815e-13
2.710125,0.128490017617886
2.71025,0.181712325544963
2.710375,0.128490017618485
2.7105,2.28445867196604e-13
2.710625,-0.128490017617695
2.71075,-0.181712325544963
2.710875,-0.128490017618209
2.711,-4.98962731793319e-13
2.711125,0.128490017617971
2.71125,0.181712325544963
2.711375,0.1284900176184
2.7115,1.08414007070108e-13
2.711625,-0.12849001761778
2.71175,-0.181712325544963
2.711875,-0.128490017618124
2.712,-3.78930871666824e-13
2.712125,0.128490017617588
2.71225,0.181712325544963
2.712375,0.128490017617848
2.7125,6.49447736263539e-13
2.712625,-0.128490017617865
2.71275,-0.181712325544963
2.712875,-0.128490017618507
2.713,-2.58899011540328e-13
2.713125,0.128490017617673
2.71325,0.181712325544963
2.713375,0.128490017618231
2.7135,5.29415876137043e-13
2.713625,-0.128490017617949
2.71375,-0.181712325544963
2.713875,-0.128490017618422
2.714,-1.38867151413832e-13
2.714125,0.128490017617758
2.71425,0.181712325544963
2.714375,0.128490017618146
2.7145,4.09384016010547e-13
2.714625,-0.128490017617567
2.71475,-0.181712325544963
2.714875,-0.128490017618337
2.715,-6.79900880607262e-13
2.715125,0.128490017617843
2.71525,0.181712325544963
2.715375,0.128490017618528
2.7155,2.89352155884051e-13
2.715625,-0.128490017618119
2.71575,-0.181712325544963
2.715875,-0.128490017618252
2.716,1.0119656883916e-13
2.716125,0.128490017617928
2.71625,0.181712325544963
2.716375,0.128490017617976
2.7165,1.69320295757555e-13
2.716625,-0.128490017617737
2.71675,-0.181712325544963
2.716875,-0.128490017618167
2.717,-4.3983716035427e-13
2.717125,0.128490017617545
2.71725,0.181712325544963
2.717375,0.128490017618359
2.7175,7.10354024950986e-13
2.717625,-0.128490017617822
2.71775,-0.181712325544963
2.717875,-0.12849001761855
2.718,-3.19805300227774e-13
2.718125,0.128490017618098
2.71825,0.181712325544963
2.718375,0.128490017618274
2.7185,-7.07434244954367e-14
2.718625,-0.128490017617906
2.71875,-0.181712325544963
2.718875,-0.128490017617998
2.719,-1.99773440101279e-13
2.719125,0.128490017617715
2.71925,0.181712325544963
2.719375,0.128490017618189
2.7195,4.70290304697994e-13
2.719625,-0.128490017617991
2.71975,-0.181712325544963
2.719875,-0.12849001761838
2.72,-7.97415799747826e-14
2.720125,0.1284900176178
2.72025,0.181712325544963
2.720375,0.128490017618104
2.7205,3.50258444571498e-13
2.720625,-0.128490017618076
2.72075,-0.181712325544963
2.720875,-0.128490017618295
2.721,4.02902801517133e-14
2.721125,0.128490017617417
2.72125,0.181712325544963
2.721375,0.128490017618019
2.7215,2.30226584445002e-13
2.721625,-0.128490017617694
2.72175,-0.181712325544963
2.721875,-0.12849001761821
2.722,-5.00743449041717e-13
2.722125,0.12849001761797
2.72225,0.181712325544963
2.722375,0.128490017618402
2.7225,1.10194724318506e-13
2.722625,-0.128490017617778
2.72275,-0.181712325544963
2.722875,-0.128490017618126
2.723,-3.80711588915221e-13
2.723125,0.128490017617587
2.72325,0.181712325544963
2.723375,0.128490017618317
2.7235,-9.83713580798985e-15
2.723625,-0.128490017617863
2.72375,-0.181712325544963
2.723875,-0.128490017618041
2.724,-2.60679728788725e-13
2.724125,0.128490017617672
2.72425,0.181712325544963
2.724375,0.128490017618232
2.7245,5.31196593385441e-13
2.724625,-0.128490017617948
2.72475,-0.181712325544963
2.724875,-0.128490017618423
2.725,-1.4064786866223e-13
2.725125,0.128490017617757
2.72525,0.181712325544963
2.725375,0.128490017618147
2.7255,4.11164733258945e-13
2.725625,-0.128490017617566
2.72575,-0.181712325544963
2.725875,-0.128490017618338
2.726,-2.06160085357336e-14
2.726125,0.128490017617842
2.72625,0.181712325544963
2.726375,0.128490017618062
2.7265,2.91132873132449e-13
2.726625,-0.12849001761765
2.72675,-0.181712325544963
2.726875,-0.128490017618254
2.727,-5.61649737729164e-13
2.727125,0.128490017617927
2.72725,0.181712325544963
2.727375,0.128490017618445
2.7275,1.71101013005953e-13
2.727625,-0.128490017617735
2.72775,-0.181712325544963
2.727875,-0.128490017618169
2.728,2.19447711717258e-13
2.728125,0.128490017617544
2.72825,0.181712325544963
2.728375,0.128490017617892
2.7285,7.12134742199384e-13
2.728625,-0.12849001761782
2.72875,-0.181712325544963
2.728875,-0.128490017618084
2.729,-3.21586017476172e-13
2.729125,0.128490017617629
2.72925,0.181712325544963
2.729375,0.128490017618275
2.7295,5.92102882072888e-13
2.729625,-0.128490017617905
2.72975,-0.181712325544963
2.729875,-0.128490017618466
2.73,-2.01554157349676e-13
2.730125,0.128490017617714
2.73025,0.181712325544963
2.730375,0.12849001761819
2.7305,4.72071021946392e-13
2.730625,-0.128490017617523
2.73075,-0.181712325544963
2.730875,-0.128490017617914
2.731,-7.42587886543107e-13
2.731125,0.128490017617799
2.73125,0.181712325544963
2.731375,0.128490017618105
2.7315,3.52039161819896e-13
2.731625,-0.128490017618075
2.73175,-0.181712325544963
2.731875,-0.128490017618297
2.732,3.85095629033154e-14
2.732125,0.128490017617884
2.73225,0.181712325544963
2.732375,0.12849001761802
2.7325,2.320073016934e-13
2.732625,-0.128490017617692
2.73275,-0.181712325544963
2.732875,-0.128490017618212
2.733,-5.02524166290115e-13
2.733125,0.128490017617501
2.73325,0.181712325544963
2.733375,0.128490017617936
2.7335,7.7304103088683e-13
2.733625,-0.128490017617777
2.73375,-0.181712325544963
2.733875,-0.128490017618594
2.734,-3.82492306163619e-13
2.734125,0.128490017618053
2.73425,0.181712325544963
2.734375,0.128490017618318
2.7345,-8.05641855959199e-15
2.734625,-0.128490017617862
2.73475,-0.181712325544963
2.734875,-0.128490017618042
2.735,-2.62460446037123e-13
2.735125,0.128490017617671
2.73525,0.181712325544963
2.735375,0.128490017618233
2.7355,5.32977310633839e-13
2.735625,-0.128490017617947
2.73575,-0.181712325544963
2.735875,-0.128490017618425
2.736,-1.42428585910627e-13
2.736125,0.128490017617756
2.73625,0.181712325544963
2.736375,0.128490017618616
2.7365,4.12945450507343e-13
2.736625,-0.128490017618032
2.73675,-0.181712325544963
2.736875,-0.12849001761834
2.737,-2.23967257841315e-14
2.737125,0.128490017617841
2.73725,0.181712325544963
2.737375,0.128490017618063
2.7375,2.92913590380847e-13
2.737625,-0.128490017617649
2.73775,-0.181712325544963
2.737875,-0.128490017618255
2.738,-5.63430454977562e-13
2.738125,0.128490017617925
2.73825,0.181712325544963
2.738375,0.128490017618446
2.7385,1.72881730254351e-13
2.738625,-0.128490017617734
2.73875,-0.181712325544963
2.738875,-0.12849001761817
2.739,-4.43398594851066e-13
2.739125,0.12849001761801
2.73925,0.181712325544963
2.739375,0.128490017618361
2.7395,5.28498701278549e-14
2.739625,-0.128490017617819
2.73975,-0.181712325544963
2.739875,-0.128490017618085
2.74,-3.2336673472457e-13
2.740125,0.128490017617628
2.74025,0.181712325544963
2.740375,0.128490017618276
2.7405,5.93883599321285e-13
2.740625,-0.128490017617904
2.74075,-0.181712325544963
2.740875,-0.128490017618468
2.741,-2.03334874598074e-13
2.741125,0.128490017617713
2.74125,0.181712325544963
2.741375,0.128490017618191
2.7415,4.7385173919479e-13
2.741625,-0.128490017617989
2.74175,-0.181712325544963
2.741875,-0.128490017618383
2.742,-8.33030144715783e-14
2.742125,0.128490017617797
2.74225,0.181712325544963
2.742375,0.128490017618107
2.7425,3.53819879068294e-13
2.742625,-0.128490017617606
2.74275,-0.181712325544963
2.742875,-0.128490017618298
2.743,-6.24336743665009e-13
2.743125,0.128490017617882
2.74325,0.181712325544963
2.743375,0.128490017618489
2.7435,2.33788018941798e-13
2.743625,-0.128490017618158
2.74375,-0.181712325544963
2.743875,-0.128490017618213
2.744,1.56760705781414e-13
2.744125,0.128490017617967
2.74425,0.181712325544963
2.744375,0.128490017618404
2.7445,1.13756158815302e-13
2.744625,-0.128490017617776
2.74475,-0.181712325544963
2.744875,-0.128490017618128
2.745,-3.84273023412017e-13
2.745125,0.128490017617585
2.74525,0.181712325544963
2.745375,0.128490017618319
2.7455,6.54789888008732e-13
2.745625,-0.128490017617861
2.74575,-0.181712325544963
2.745875,-0.128490017618511
2.746,-2.64241163285521e-13
2.746125,0.128490017618137
2.74625,0.181712325544963
2.746375,0.128490017618234
2.7465,-1.2630756143769e-13
2.746625,-0.128490017617478
2.74675,-0.181712325544963
2.746875,-0.128490017617958
2.747,-1.44209303159025e-13
2.747125,0.128490017617754
2.74725,0.181712325544963
2.747375,0.12849001761815
2.7475,4.14726167755741e-13
2.747625,-0.128490017618031
2.74775,-0.181712325544963
2.747875,-0.128490017618341
2.748,-2.41774430325293e-14
2.748125,0.128490017617839
2.74825,0.181712325544963
2.748375,0.128490017618532
2.7485,2.94694307629245e-13
2.748625,-0.128490017617648
2.74875,-0.181712325544963
2.748875,-0.128490017618256
2.749,9.58544170939666e-14
2.749125,0.128490017617457
2.74925,0.181712325544963
2.749375,0.12849001761798
2.7495,8.35728036822675e-13
2.749625,-0.128490017617733
2.74975,-0.181712325544963
2.749875,-0.128490017618171
2.75,-4.45179312099464e-13
2.750125,0.128490017618009
2.75025,0.181712325544963
2.750375,0.128490017618362
2.7505,5.46305873762528e-14
2.750625,-0.128490017617818
2.75075,-0.181712325544963
2.750875,-0.128490017618086
2.751,-3.25147451972968e-13
2.751125,0.128490017617626
2.75125,0.181712325544963
2.751375,0.128490017618278
2.7515,-6.54012727502432e-14
2.751625,-0.128490017617903
2.75175,-0.181712325544963
2.751875,-0.128490017618001
2.752,-8.66181181166399e-13
2.752125,0.128490017617711
2.75225,0.181712325544963
2.752375,0.128490017618193
2.7525,4.75632456443187e-13
2.752625,-0.128490017617987
2.75275,-0.181712325544963
2.752875,-0.128490017618384
2.753,-8.50837317199762e-14
2.753125,0.128490017617796
2.75325,0.181712325544963
2.753375,0.128490017618108
2.7535,3.55600596316692e-13
2.753625,-0.128490017617605
2.75375,-0.181712325544963
2.753875,-0.128490017618299
2.754,-6.26117460913407e-13
2.754125,0.128490017617881
2.75425,0.181712325544963
2.754375,0.128490017618023
2.7545,2.35568736190196e-13
2.754625,-0.12849001761769
2.75475,-0.181712325544963
2.754875,-0.128490017618214
2.755,-5.06085600786911e-13
2.755125,0.128490017617966
2.75525,0.181712325544963
2.755375,0.128490017618406
2.7555,1.155368760637e-13
2.755625,-0.128490017617775
2.75575,-0.181712325544963
2.755875,-0.128490017618129
2.756,-3.86053740660415e-13
2.756125,0.128490017617583
2.75625,0.181712325544963
2.756375,0.128490017618321
2.7565,6.5657060525713e-13
2.756625,-0.12849001761786
2.75675,-0.181712325544963
2.756875,-0.128490017618044
2.757,-2.66021880533919e-13
2.757125,0.128490017617668
2.75725,0.181712325544963
2.757375,0.128490017618236
2.7575,5.36538745130634e-13
2.757625,-0.128490017617944
2.75775,-0.181712325544963
2.757875,-0.128490017618427
2.758,-1.45990020407423e-13
2.758125,0.128490017617753
2.75825,0.181712325544963
2.758375,0.128490017618151
2.7585,4.16506885004138e-13
2.758625,-0.128490017617562
2.75875,-0.181712325544963
2.758875,-0.128490017617875
2.759,-6.87023749600854e-13
2.759125,0.128490017617838
2.75925,0.181712325544963
2.759375,0.128490017618533
2.7595,2.96475024877642e-13
2.759625,-0.128490017618114
2.75975,-0.181712325544963
2.759875,-0.128490017618257
2.76,-5.66991889474358e-13
2.760125,0.128490017617923
2.76025,0.181712325544963
2.760375,0.128490017618449
2.7605,1.76443164751147e-13
2.760625,-0.128490017617732
2.76075,-0.181712325544963
2.760875,-0.128490017618172
2.761,-4.46960029347862e-13
2.761125,0.12849001761754
2.76125,0.181712325544963
2.761375,0.128490017618364
2.7615,7.17476893944577e-13
2.761625,-0.128490017617816
2.76175,-0.181712325544963
2.761875,-0.128490017618555
2.762,-3.26928169221366e-13
2.762125,0.128490017618093
2.76225,0.181712325544963
2.762375,0.128490017618279
2.7625,-6.36205555018453e-14
2.762625,-0.128490017617901
2.76275,-0.181712325544963
2.762875,-0.128490017618003
2.763,-2.0689630909487e-13
2.763125,0.12849001761771
2.76325,0.181712325544963
2.763375,0.128490017618194
2.7635,4.77413173691585e-13
2.763625,-0.128490017617986
2.76375,-0.181712325544963
2.763875,-0.128490017618385
2.764,-7.479300382883e-13
2.764125,0.128490017617795
2.76425,0.181712325544963
2.764375,0.128490017618577
2.7645,3.57381313565089e-13
2.764625,-0.128490017618071
2.76475,-0.181712325544963
2.764875,-0.1284900176183
2.765,3.31674111581219e-14
2.765125,0.12849001761788
2.76525,0.181712325544963
2.765375,0.128490017618024
2.7655,2.37349453438593e-13
2.765625,-0.128490017617689
2.76575,-0.181712325544963
2.765875,-0.128490017618215
2.766,-5.07866318035309e-13
2.766125,0.128490017617965
2.76625,0.181712325544963
2.766375,0.128490017618407
2.7665,1.17317593312098e-13
2.766625,-0.128490017617773
2.76675,-0.181712325544963
2.766875,-0.128490017618131
2.767,-3.87834457908813e-13
2.767125,0.12849001761805
2.76725,0.181712325544963
2.767375,0.128490017618322
2.7675,-2.71426681439842e-15
2.767625,-0.128490017617391
2.76775,-0.181712325544963
2.767875,-0.128490017618046
2.768,-2.67802597782317e-13
2.768125,0.128490017617667
2.76825,0.181712325544963
2.768375,0.128490017618237
2.7685,5.38319462379032e-13
2.768625,-0.128490017617943
2.76875,-0.181712325544963
2.768875,-0.128490017618428
2.769,-1.47770737655821e-13
2.769125,0.128490017617752
2.76925,0.181712325544963
2.769375,0.128490017618152
2.7695,4.18287602252536e-13
2.769625,-0.128490017618028
2.76975,-0.181712325544963
2.769875,-0.128490017618343
2.77,-2.7738877529325e-14
2.770125,0.128490017617837
2.77025,0.181712325544963
2.770375,0.128490017618067
2.7705,2.9825574212604e-13
2.770625,-0.128490017617645
2.77075,-0.181712325544963
2.770875,-0.128490017618259
2.771,-5.68772606722756e-13
2.771125,0.128490017617922
2.77125,0.181712325544963
2.771375,0.12849001761845
2.7715,1.78223881999544e-13
2.771625,-0.12849001761773
2.77175,-0.181712325544963
2.771875,-0.128490017618174
2.772,-4.4874074659626e-13
2.772125,0.128490017617539
2.77225,0.181712325544963
2.772375,0.128490017618365
2.7725,5.81920218730485e-14
2.772625,-0.128490017617815
2.77275,-0.181712325544963
2.772875,-0.128490017618089
2.773,-3.28708886469764e-13
2.773125,0.128490017617624
2.77325,0.181712325544963
2.773375,0.12849001761828
2.7735,5.99225751066479e-13
2.773625,-0.1284900176179
2.77375,-0.181712325544963
2.773875,-0.128490017618471
2.774,-2.08677026343268e-13
2.774125,0.128490017617709
2.77425,0.181712325544963
2.774375,0.128490017618195
2.7745,-1.81871698379943e-13
2.774625,-0.128490017617518
2.77475,-0.181712325544963
2.774875,-0.128490017617919
2.775,-7.49710755536698e-13
2.775125,0.128490017617794
2.77525,0.181712325544963
2.775375,0.12849001761811
2.7755,3.59162030813487e-13
2.775625,-0.128490017617602
2.77575,-0.181712325544963
2.775875,-0.128490017618302
2.776,-6.29678895410202e-13
2.776125,0.128490017617879
2.77625,0.181712325544963
2.776375,0.128490017618493
2.7765,2.39130170686991e-13
2.776625,-0.128490017617687
2.77675,-0.181712325544963
2.776875,-0.128490017618217
2.777,1.5141855403622e-13
2.777125,0.128490017617496
2.77725,0.181712325544963
2.777375,0.128490017617941
2.7775,7.80163899880422e-13
2.777625,-0.128490017617772
2.77775,-0.181712325544963
2.777875,-0.128490017618132
2.778,-3.89615175157211e-13
2.778125,0.128490017618048
2.77825,0.181712325544963
2.778375,0.128490017618323
2.7785,-9.33549566000569e-16
2.778625,-0.128490017617857
2.77875,-0.181712325544963
2.778875,-0.128490017618047
2.779,-2.69583315030715e-13
2.779125,0.128490017617666
2.77925,0.181712325544963
2.779375,0.128490017618238
2.7795,5.4010017962743e-13
2.779625,-0.128490017617474
2.77975,-0.181712325544963
2.779875,-0.128490017617962
2.78,-8.10617044224145e-13
2.780125,0.128490017617751
2.78025,0.181712325544963
2.780375,0.128490017618621
2.7805,4.20068319500934e-13
2.780625,-0.128490017618027
2.78075,-0.181712325544963
2.780875,-0.128490017618345
2.781,-2.95195947777229e-14
2.781125,0.128490017617835
2.78125,0.181712325544963
2.781375,0.128490017618069
2.7815,3.00036459374438e-13
2.781625,-0.128490017617644
2.78175,-0.181712325544963
2.781875,-0.12849001761826
2.782,-5.70553323971153e-13
2.782125,0.12849001761792
2.78225,0.181712325544963
2.782375,0.128490017617984
2.7825,1.80004599247942e-13
2.782625,-0.128490017617729
2.78275,-0.181712325544963
2.782875,-0.128490017618175
2.783,-4.50521463844657e-13
2.783125,0.128490017618005
2.78325,0.181712325544963
2.783375,0.128490017618366
2.7835,5.99727391214463e-14
2.783625,-0.128490017617814
2.78375,-0.181712325544963
2.783875,-0.12849001761809
2.784,-3.30489603718162e-13
2.784125,0.128490017617623
2.78425,0.181712325544963
2.784375,0.128490017618281
2.7845,6.01006468314877e-13
2.784625,-0.128490017617899
2.78475,-0.181712325544963
2.784875,-0.128490017618473
2.785,-2.10457743591666e-13
2.785125,0.128490017617708
2.78525,0.181712325544963
2.785375,0.128490017618196
2.7855,4.80974608188381e-13
2.785625,-0.128490017617984
2.78575,-0.181712325544963
2.785875,-0.128490017618388
2.786,-9.04258834651698e-14
2.786125,0.128490017617792
2.78625,0.181712325544963
2.786375,0.128490017618112
2.7865,3.60942748061885e-13
2.786625,-0.128490017617601
2.78675,-0.181712325544963
2.786875,-0.128490017618303
2.787,-6.314596126586e-13
2.787125,0.128490017617877
2.78725,0.181712325544963
2.787375,0.128490017618494
2.7875,2.40910887935389e-13
2.787625,-0.128490017617686
2.78775,-0.181712325544963
2.787875,-0.128490017618218
2.788,-5.11427752532104e-13
2.788125,0.128490017617962
2.78825,0.181712325544963
2.788375,0.128490017618409
2.7885,1.20879027808893e-13
2.788625,-0.128490017617771
2.78875,-0.181712325544963
2.788875,-0.128490017618133
2.789,-3.91395892405609e-13
2.789125,0.12849001761758
2.78925,0.181712325544963
2.789375,0.128490017618324
2.7895,6.61912757002324e-13
2.789625,-0.128490017617856
2.78975,-0.181712325544963
2.789875,-0.128490017618516
2.79,-2.71364032279113e-13
2.790125,0.128490017618132
2.79025,0.181712325544963
2.790375,0.128490017618239
2.7905,-1.19184692444099e-13
2.790625,-0.128490017617941
2.79075,-0.181712325544963
2.790875,-0.128490017617963
2.791,-1.51332172152617e-13
2.791125,0.128490017617749
2.79125,0.181712325544963
2.791375,0.128490017618155
2.7915,4.21849036749332e-13
2.791625,-0.128490017617558
2.79175,-0.181712325544963
2.791875,-0.128490017618346
2.792,-6.92365901346047e-13
2.792125,0.128490017617834
2.79225,0.181712325544963
2.792375,0.128490017618537
2.7925,3.01817176622836e-13
2.792625,-0.12849001761811
2.79275,-0.181712325544963
2.792875,-0.128490017618261
2.793,8.87315481003752e-14
2.793125,0.128490017617452
2.79325,0.181712325544963
2.793375,0.128490017617985
2.7935,1.8178531649634e-13
2.793625,-0.128490017617728
2.79375,-0.181712325544963
2.793875,-0.128490017618176
2.794,-4.52302181093055e-13
2.794125,0.128490017618004
2.79425,0.181712325544963
2.794375,0.128490017618367
2.7945,6.17534563698442e-14
2.794625,-0.128490017617813
2.79475,-0.181712325544963
2.794875,-0.128490017618091
2.795,-3.32270320966559e-13
2.795125,0.128490017618089
2.79525,0.181712325544963
2.795375,0.128490017618283
2.7955,-5.82784037566517e-14
2.795625,-0.12849001761743
2.79575,-0.181712325544963
2.795875,-0.128490017618006
2.796,-2.12238460840064e-13
2.796125,0.128490017617706
2.79625,0.181712325544963
2.796375,0.128490017618198
2.7965,4.82755325436779e-13
2.796625,-0.128490017617982
2.79675,-0.181712325544963
2.796875,-0.128490017618389
2.797,-9.22066007135676e-14
2.797125,0.128490017617791
2.79725,0.181712325544963
2.797375,0.128490017618113
2.7975,3.62723465310283e-13
2.797625,-0.1284900176176
2.79775,-0.181712325544963
2.797875,-0.128490017618304
2.798,2.78252594129283e-14
2.798125,0.128490017617876
2.79825,0.181712325544963
2.798375,0.128490017618028
2.7985,2.42691605183787e-13
2.798625,-0.128490017617685
2.79875,-0.181712325544963
2.798875,-0.128490017618219
2.799,-5.13208469780502e-13
2.799125,0.128490017617961
2.79925,0.181712325544963
2.799375,0.128490017618411
2.7995,1.22659745057291e-13
2.799625,-0.12849001761777
2.79975,-0.181712325544963
2.799875,-0.128490017618134
2.8,-3.93176609654006e-13
2.800125,0.128490017617578
2.80025,0.181712325544963
2.800375,0.128490017618326
2.8005,6.63693474250722e-13
2.800625,-0.128490017617855
2.80075,-0.181712325544963
2.800875,-0.128490017618049
2.801,-2.7314474952751e-13
2.801125,0.128490017617663
2.80125,0.181712325544963
2.801375,0.128490017618241
2.8015,5.43661614124226e-13
2.801625,-0.128490017617939
2.80175,-0.181712325544963
2.801875,-0.128490017618432
2.802,-1.53112889401014e-13
2.802125,0.128490017617748
2.80225,0.181712325544963
2.802375,0.128490017618156
2.8025,-2.37435835322197e-13
2.802625,-0.128490017617557
2.80275,-0.181712325544963
2.802875,-0.128490017618347
2.803,-6.94146618594445e-13
2.803125,0.128490017617833
2.80325,0.181712325544963
2.803375,0.128490017618071
2.8035,3.03597893871234e-13
2.803625,-0.128490017617642
2.80375,-0.181712325544963
2.803875,-0.128490017618262
2.804,-5.74114758467949e-13
2.804125,0.128490017617918
2.80425,0.181712325544963
2.804375,0.128490017618454
2.8045,1.83566033744738e-13
2.804625,-0.128490017617727
2.80475,-0.181712325544963
2.804875,-0.128490017618177
2.805,-4.54082898341453e-13
2.805125,0.128490017617535
2.80525,0.181712325544963
2.805375,0.128490017617901
2.8055,7.24599762938169e-13
2.805625,-0.128490017617811
2.80575,-0.181712325544963
2.805875,-0.12849001761856
2.806,-3.34051038214957e-13
2.806125,0.128490017618088
2.80625,0.181712325544963
2.806375,0.128490017618284
2.8065,-5.64976865082539e-14
2.806625,-0.128490017617896
2.80675,-0.181712325544963
2.806875,-0.128490017618475
2.807,-2.14019178088461e-13
2.807125,0.128490017617705
2.80725,0.181712325544963
2.807375,0.128490017618199
2.8075,4.84536042685177e-13
2.807625,-0.128490017617514
2.80775,-0.181712325544963
2.807875,-0.128490017617923
2.808,-7.55052907281892e-13
2.808125,0.12849001761779
2.80825,0.181712325544963
2.808375,0.128490017618582
2.8085,3.64504182558681e-13
2.808625,-0.128490017618066
2.80875,-0.181712325544963
2.808875,-0.128490017618305
2.809,2.60445421645304e-14
2.809125,0.128490017617875
2.80925,0.181712325544963
2.809375,0.128490017618029
2.8095,2.44472322432185e-13
2.809625,-0.128490017617683
2.80975,-0.181712325544963
2.809875,-0.128490017618221
2.81,-5.149891870289e-13
2.810125,0.12849001761796
2.81025,0.181712325544963
2.810375,0.128490017618412
2.8105,1.24440462305689e-13
2.810625,-0.128490017617768
2.81075,-0.181712325544963
2.810875,-0.128490017618603
2.811,-3.94957326902404e-13
2.811125,0.128490017618045
2.81125,0.181712325544963
2.811375,0.128490017618327
2.8115,4.408602179193e-15
2.811625,-0.128490017617853
2.81175,-0.181712325544963
2.811875,-0.128490017618051
2.812,-2.74925466775908e-13
2.812125,0.128490017617662
2.81225,0.181712325544963
2.812375,0.128490017618242
2.8125,5.45442331372624e-13
2.812625,-0.128490017617938
2.81275,-0.181712325544963
2.812875,-0.128490017618433
2.813,-1.54893606649412e-13
2.813125,0.128490017617747
2.81325,0.181712325544963
2.813375,0.128490017618157
2.8135,4.25410471246128e-13
2.813625,-0.128490017618023
2.81375,-0.181712325544963
2.813875,-0.128490017618348
2.814,-3.48617465229164e-14
2.814125,0.128490017617832
2.81425,0.181712325544963
2.814375,0.128490017618072
2.8145,3.05378611119632e-13
2.814625,-0.12849001761764
2.81475,-0.181712325544963
2.814875,-0.128490017618264
2.815,-5.75895475716347e-13
2.815125,0.128490017617917
2.81525,0.181712325544963
2.815375,0.128490017618455
2.8155,1.85346750993136e-13
2.815625,-0.128490017617725
2.81575,-0.181712325544963
2.815875,-0.128490017618179
2.816,-4.55863615589851e-13
2.816125,0.128490017618001
2.81625,0.181712325544963
2.816375,0.12849001761837
2.8165,6.53148908666399e-14
2.816625,-0.12849001761781
2.81675,-0.181712325544963
2.816875,-0.128490017618094
2.817,-3.35831755463355e-13
2.817125,0.128490017617619
2.81725,0.181712325544963
2.817375,0.128490017618285
2.8175,6.0634862006007e-13
2.817625,-0.128490017617895
2.81775,-0.181712325544963
2.817875,-0.128490017618476
2.818,-2.15799895336859e-13
2.818125,0.128490017618171
2.81825,0.181712325544963
2.818375,0.1284900176182
2.8185,4.86316759933575e-13
2.818625,-0.128490017617512
2.81875,-0.181712325544963
2.818875,-0.128490017618392
2.819,-9.57680352103633e-14
2.819125,0.128490017617789
2.81925,0.181712325544963
2.819375,0.128490017618115
2.8195,3.66284899807079e-13
2.819625,-0.128490017617597
2.81975,-0.181712325544963
2.819875,-0.128490017618307
2.82,-6.36801764403794e-13
2.820125,0.128490017617874
2.82025,0.181712325544963
2.820375,0.128490017618498
2.8205,2.46253039680583e-13
2.820625,-0.12849001761815
2.82075,-0.181712325544963
2.820875,-0.128490017618222
2.821,1.44295685042629e-13
2.821125,0.128490017617491
2.82125,0.181712325544963
2.821375,0.128490017617946
2.8215,1.26221179554087e-13
2.821625,-0.128490017617767
2.82175,-0.181712325544963
2.821875,-0.128490017618137
2.822,-3.96738044150802e-13
2.822125,0.128490017618043
2.82225,0.181712325544963
2.822375,0.128490017618328
2.8225,6.67254908747517e-13
2.822625,-0.128490017617852
2.82275,-0.181712325544963
2.822875,-0.128490017618519
2.823,-2.76706184024306e-13
2.823125,0.128490017617661
2.82325,0.181712325544963
2.823375,0.128490017618243
2.8235,-1.13842540698905e-13
2.823625,-0.128490017617469
2.82375,-0.181712325544963
2.823875,-0.128490017617967
2.824,-8.17739913217737e-13
2.824125,0.128490017617746
2.82425,0.181712325544963
2.824375,0.128490017618158
2.8245,4.27191188494525e-13
2.824625,-0.128490017618022
2.82475,-0.181712325544963
2.824875,-0.12849001761835
2.825,-3.66424637713143e-14
2.825125,0.12849001761783
2.82525,0.181712325544963
2.825375,0.128490017618074
2.8255,3.0715932836803e-13
2.825625,-0.128490017617639
2.82575,-0.181712325544963
2.825875,-0.128490017618265
2.826,-5.77676192964745e-13
2.826125,0.128490017617915
2.82625,0.181712325544963
2.826375,0.128490017617989
2.8265,8.4819305756146e-13
2.826625,-0.128490017617724
2.82675,-0.181712325544963
2.826875,-0.12849001761818
2.827,-4.57644332838249e-13
2.827125,0.128490017618
2.82725,0.181712325544963
2.827375,0.128490017618371
2.8275,6.70956081150377e-14
2.827625,-0.128490017617809
2.82775,-0.181712325544963
2.827875,-0.128490017618095
2.828,-3.37612472711753e-13
2.828125,0.128490017617618
2.82825,0.181712325544963
2.828375,0.128490017618286
2.8285,6.08129337308468e-13
2.828625,-0.128490017617894
2.82875,-0.181712325544963
2.828875,-0.12849001761801
2.829,-2.17580612585257e-13
2.829125,0.128490017617702
2.82925,0.181712325544963
2.829375,0.128490017618202
2.8295,4.88097477181972e-13
2.829625,-0.128490017617979
2.82975,-0.181712325544963
2.829875,-0.128490017618393
2.83,-9.75487524587612e-14
2.830125,0.128490017617787
2.83025,0.181712325544963
2.830375,0.128490017618117
2.8305,3.68065617055476e-13
2.830625,-0.128490017617596
2.83075,-0.181712325544963
2.830875,-0.128490017618308
2.831,-6.38582481652192e-13
2.831125,0.128490017617872
2.83125,0.181712325544963
2.831375,0.128490017618499
2.8315,2.48033756928981e-13
2.831625,-0.128490017617681
2.83175,-0.181712325544963
2.831875,-0.128490017618223
2.832,-5.18550621525696e-13
2.832125,0.128490017617957
2.83225,0.181712325544963
2.832375,0.128490017618414
2.8325,1.28001896802485e-13
2.832625,-0.128490017617766
2.83275,-0.181712325544963
2.832875,-0.128490017618138
2.833,-3.985187613992e-13
2.833125,0.128490017617575
2.83325,0.181712325544963
2.833375,0.128490017617862
2.8335,6.69035625995915e-13
2.833625,-0.128490017617851
2.83375,-0.181712325544963
2.833875,-0.128490017618521
2.834,-2.78486901272704e-13
2.834125,0.128490017617659
2.83425,0.181712325544963
2.834375,0.128490017618245
2.8345,5.49003765869419e-13
2.834625,-0.128490017617936
2.83475,-0.181712325544963
2.834875,-0.128490017618436
2.835,-1.58455041146208e-13
2.835125,0.128490017617744
2.83525,0.181712325544963
2.835375,0.12849001761816
2.8355,4.28971905742923e-13
2.835625,-0.128490017617553
2.83575,-0.181712325544963
2.835875,-0.128490017618351
2.836,-6.99488770339639e-13
2.836125,0.128490017617829
2.83625,0.181712325544963
2.836375,0.128490017618542
2.8365,3.08940045616427e-13
2.836625,-0.128490017618105
2.83675,-0.181712325544963
2.836875,-0.128490017618266
2.837,8.16086791067838e-14
2.837125,0.128490017617914
2.83725,0.181712325544963
2.837375,0.12849001761799
2.8375,1.88908185489932e-13
2.837625,-0.128490017617723
2.83775,-0.181712325544963
2.837875,-0.128490017618181
2.838,-4.59425050086647e-13
2.838125,0.128490017617531
2.83825,0.181712325544963
2.838375,0.128490017618373
2.8385,7.29941914683362e-13
2.838625,-0.128490017617808
2.83875,-0.181712325544963
2.838875,-0.128490017618564
2.839,-3.39393189960151e-13
2.839125,0.128490017618084
2.83925,0.181712325544963
2.839375,0.128490017618288
2.8395,-5.11555347630603e-14
2.839625,-0.128490017617893
2.83975,-0.181712325544963
2.839875,-0.128490017618011
2.84,-2.19361329833655e-13
2.840125,0.128490017617701
2.84025,0.181712325544963
2.840375,0.128490017618203
2.8405,4.8987819443037e-13
2.840625,-0.128490017617977
2.84075,-0.181712325544963
2.840875,-0.128490017618394
2.841,-9.9329469707159e-14
2.841125,0.128490017617786
2.84125,0.181712325544963
2.841375,0.128490017618118
2.8415,3.69846334303874e-13
2.841625,-0.128490017618062
2.84175,-0.181712325544963
2.841875,-0.128490017618309
2.842,2.07023904193369e-14
2.842125,0.128490017617404
2.84225,0.181712325544963
2.842375,0.128490017618033
2.8425,2.49814474177378e-13
2.842625,-0.12849001761768
2.84275,-0.181712325544963
2.842875,-0.128490017618224
2.843,-5.20331338774094e-13
2.843125,0.128490017617956
2.84325,0.181712325544963
2.843375,0.128490017618416
2.8435,1.29782614050882e-13
2.843625,-0.128490017617765
2.84375,-0.181712325544963
2.843875,-0.128490017618139
2.844,-4.00299478647598e-13
2.844125,0.128490017617573
2.84425,0.181712325544963
2.844375,0.128490017618331
2.8445,9.75075392438657e-15
2.844625,-0.128490017617849
2.84475,-0.181712325544963
2.844875,-0.128490017618055
2.845,-2.80267618521102e-13
2.845125,0.128490017617658
2.84525,0.181712325544963
2.845375,0.128490017618246
2.8455,5.50784483117817e-13
2.845625,-0.128490017617934
2.84575,-0.181712325544963
2.845875,-0.128490017618437
2.846,-1.60235758394606e-13
2.846125,0.128490017617743
2.84625,0.181712325544963
2.846375,0.128490017618161
2.8465,4.30752622991321e-13
2.846625,-0.128490017617552
2.84675,-0.181712325544963
2.846875,-0.128490017618352
2.847,-4.020389826811e-14
2.847125,0.128490017617828
2.84725,0.181712325544963
2.847375,0.128490017618076
2.8475,3.10720762864825e-13
2.847625,-0.128490017617637
2.84775,-0.181712325544963
2.847875,-0.128490017618267
2.848,-5.81237627461541e-13
2.848125,0.128490017617913
2.84825,0.181712325544963
2.848375,0.128490017618459
2.8485,1.90688902738329e-13
2.848625,-0.128490017617722
2.84875,-0.181712325544963
2.848875,-0.128490017618182
2.849,1.99859821984882e-13
2.849125,0.12849001761753
2.84925,0.181712325544963
2.849375,0.128490017617906
2.8495,7.3172263193176e-13
2.849625,-0.128490017617806
2.84975,-0.181712325544963
2.849875,-0.128490017618098
2.85,-3.41173907208549e-13
2.850125,0.128490017617615
2.85025,0.181712325544963
2.850375,0.128490017618289
2.8505,6.11690771805264e-13
2.850625,-0.128490017617891
2.85075,-0.181712325544963
2.850875,-0.12849001761848
2.851,-2.21142047082053e-13
2.851125,0.1284900176177
2.85125,0.181712325544963
2.851375,0.128490017618204
2.8515,4.91658911678768e-13
2.851625,-0.128490017617509
2.85175,-0.181712325544963
2.851875,-0.128490017617928
2.852,-7.62175776275483e-13
2.852125,0.128490017617785
2.85225,0.181712325544963
2.852375,0.128490017618119
2.8525,3.71627051552272e-13
2.852625,-0.128490017618061
2.85275,-0.181712325544963
2.852875,-0.12849001761831
2.853,1.8921673170939e-14
2.853125,0.12849001761787
2.85325,0.181712325544963
2.853375,0.128490017618034
2.8535,2.51595191425776e-13
2.853625,-0.128490017617678
2.85375,-0.181712325544963
2.853875,-0.128490017618226
2.854,-5.22112056022492e-13
2.854125,0.128490017617487
2.85425,0.181712325544963
2.854375,0.128490017617949
2.8545,7.92628920619207e-13
2.854625,-0.128490017617763
2.85475,-0.181712325544963
2.854875,-0.128490017618608
2.855,-4.02080195895996e-13
2.855125,0.128490017618039
2.85525,0.181712325544963
2.855375,0.128490017618332
2.8555,1.15314711727844e-14
2.855625,-0.128490017617848
2.85575,-0.181712325544963
2.855875,-0.128490017618056
2.856,-2.820483357695e-13
2.856125,0.128490017617657
2.85625,0.181712325544963
2.856375,0.128490017618247
2.8565,5.52565200366215e-13
2.856625,-0.128490017617933
2.85675,-0.181712325544963
2.856875,-0.128490017618438
2.857,-1.62016475643004e-13
2.857125,0.128490017617742
2.85725,0.181712325544963
2.857375,0.128490017618162
2.8575,4.32533340239719e-13
2.857625,-0.128490017618018
2.85775,-0.181712325544963
2.857875,-0.128490017618353
2.858,-4.19846155165079e-14
2.858125,0.128490017617827
2.85825,0.181712325544963
2.858375,0.128490017618077
2.8585,3.12501480113223e-13
2.858625,-0.128490017617635
2.85875,-0.181712325544963
2.858875,-0.128490017618269
2.859,-5.83018344709938e-13
2.859125,0.128490017617912
2.85925,0.181712325544963
2.859375,0.12849001761846
2.8595,1.92469619986727e-13
2.859625,-0.12849001761772
2.85975,-0.181712325544963
2.859875,-0.128490017618184
2.86,-4.62986484583443e-13
2.860125,0.128490017617996
2.86025,0.181712325544963
2.860375,0.128490017618375
2.8605,7.24377598602313e-14
2.860625,-0.128490017617805
2.86075,-0.181712325544963
2.860875,-0.128490017618099
2.861,-3.42954624456947e-13
2.861125,0.128490017617614
2.86125,0.181712325544963
2.861375,0.12849001761829
2.8615,6.13471489053662e-13
2.861625,-0.12849001761789
2.86175,-0.181712325544963
2.861875,-0.128490017618481
2.862,-2.22922764330451e-13
2.862125,0.128490017617699
2.86225,0.181712325544963
2.862375,0.128490017618205
2.8625,4.93439628927166e-13
2.862625,-0.128490017617975
2.86275,-0.181712325544963
2.862875,-0.128490017618397
2.863,-1.02890904203955e-13
2.863125,0.128490017617784
2.86325,0.181712325544963
2.863375,0.12849001761812
2.8635,3.7340776880067e-13
2.863625,-0.128490017617592
2.86375,-0.181712325544963
2.863875,-0.128490017618312
2.864,-6.43924633397385e-13
2.864125,0.128490017617868
2.86425,0.181712325544963
2.864375,0.128490017618503
2.8645,2.53375908674174e-13
2.864625,-0.128490017618145
2.86475,-0.181712325544963
2.864875,-0.128490017618227
2.865,1.37172816049037e-13
2.865125,0.128490017617953
2.86525,0.181712325544963
2.865375,0.128490017618418
2.8655,1.33344048547678e-13
2.865625,-0.128490017617762
2.86575,-0.181712325544963
2.865875,-0.128490017618142
2.866,-4.03860913144393e-13
2.866125,0.128490017617571
2.86625,0.181712325544963
2.866375,0.128490017618333
2.8665,6.74377777741109e-13
2.866625,-0.128490017617847
2.86675,-0.181712325544963
2.866875,-0.128490017618524
2.867,-2.83829053017898e-13
2.867125,0.128490017618123
2.86725,0.181712325544963
2.867375,0.128490017618248
2.8675,-1.06719671705314e-13
2.867625,-0.128490017617464
2.86775,-0.181712325544963
2.867875,-0.128490017617972
2.868,-1.63797192891402e-13
2.868125,0.128490017617741
2.86825,0.181712325544963
2.868375,0.128490017618163
2.8685,4.34314057488117e-13
2.868625,-0.128490017618017
2.86875,-0.181712325544963
2.868875,-0.128490017618355
2.869,-4.37653327649057e-14
2.869125,0.128490017617825
2.86925,0.181712325544963
2.869375,0.128490017618546
2.8695,3.14282197361621e-13
2.869625,-0.128490017617634
2.86975,-0.181712325544963
2.869875,-0.12849001761827
2.87,7.62665273615902e-14
2.870125,0.128490017617443
2.87025,0.181712325544963
2.870375,0.128490017617994
2.8705,8.55315926555052e-13
2.870625,-0.128490017617719
2.87075,-0.181712325544963
2.870875,-0.128490017618185
2.871,-4.6476720183184e-13
2.871125,0.128490017617995
2.87125,0.181712325544963
2.871375,0.128490017618376
2.8715,7.42184771086292e-14
2.871625,-0.128490017617804
2.87175,-0.181712325544963
2.871875,-0.1284900176181
2.872,-3.44735341705344e-13
2.872125,0.128490017617613
2.87225,0.181712325544963
2.872375,0.128490017618291
2.8725,-4.58133830178668e-14
2.872625,-0.128490017617889
2.87275,-0.181712325544963
2.872875,-0.128490017618015
2.873,-2.24703481578849e-13
2.873125,0.128490017617697
2.87325,0.181712325544963
2.873375,0.128490017618207
2.8735,4.95220346175564e-13
2.873625,-0.128490017617974
2.87375,-0.181712325544963
2.873875,-0.128490017618398
2.874,-1.04671621452353e-13
2.874125,0.128490017617782
2.87425,0.181712325544963
2.874375,0.128490017618122
2.8745,3.75188486049068e-13
2.874625,-0.128490017617591
2.87475,-0.181712325544963
2.874875,-0.128490017618313
2.875,-6.45705350645783e-13
2.875125,0.128490017617867
2.87525,0.181712325544963
2.875375,0.128490017618037
2.8755,2.55156625922572e-13
2.875625,-0.128490017617676
2.87575,-0.181712325544963
2.875875,-0.128490017618228
2.876,-5.25673490519287e-13
2.876125,0.128490017617952
2.87625,0.181712325544963
2.876375,0.128490017618419
2.8765,1.35124765796076e-13
2.876625,-0.128490017617761
2.87675,-0.181712325544963
2.876875,-0.128490017618143
2.877,-4.05641630392791e-13
2.877125,0.12849001761757
2.87725,0.181712325544963
2.877375,0.128490017618334
2.8775,6.76158494989507e-13
2.877625,-0.128490017617846
2.87775,-0.181712325544963
2.877875,-0.128490017618058
2.878,-2.85609770266295e-13
2.878125,0.128490017617654
2.87825,0.181712325544963
2.878375,0.12849001761825
2.8785,5.56126634863011e-13
2.878625,-0.128490017617931
2.87875,-0.181712325544963
2.878875,-0.128490017618441
2.879,-1.655779101398e-13
2.879125,0.128490017617739
2.87925,0.181712325544963
2.879375,0.128490017618165
2.8795,4.36094774736515e-13
2.879625,-0.128490017617548
2.87975,-0.181712325544963
2.879875,-0.128490017617889
2.88,-7.0661163933323e-13
2.880125,0.128490017617824
2.88025,0.181712325544963
2.880375,0.128490017618547
2.8805,3.16062914610019e-13
2.880625,-0.1284900176181
2.88075,-0.181712325544963
2.880875,-0.128490017618271
2.881,-5.86579779206734e-13
2.881125,0.128490017617909
2.88125,0.181712325544963
2.881375,0.128490017618462
2.8815,1.96031054483523e-13
2.881625,-0.128490017617718
2.88175,-0.181712325544963
2.881875,-0.128490017618186
2.882,-4.66547919080238e-13
2.882125,0.128490017617526
2.88225,0.181712325544963
2.882375,0.128490017618378
2.8825,7.37064783676954e-13
2.882625,-0.128490017617803
2.88275,-0.181712325544963
2.882875,-0.128490017618569
2.883,-3.46516058953742e-13
2.883125,0.128490017618079
2.88325,0.181712325544963
2.883375,0.128490017618293
2.8835,-4.40326657694689e-14
2.883625,-0.128490017617888
2.88375,-0.181712325544963
2.883875,-0.128490017618017
2.884,-2.26484198827246e-13
2.884125,0.128490017617696
2.88425,0.181712325544963
2.884375,0.128490017618208
2.8845,4.97001063423962e-13
2.884625,-0.128490017617972
2.88475,-0.181712325544963
2.884875,-0.128490017618399
2.885,-7.67517928020677e-13
2.885125,0.128490017617781
2.88525,0.181712325544963
2.885375,0.12849001761859
2.8855,3.76969203297466e-13
2.885625,-0.128490017618057
2.88575,-0.181712325544963
2.885875,-0.128490017618314
2.886,1.35795214257455e-14
2.886125,0.128490017617866
2.88625,0.181712325544963
2.886375,0.128490017618038
2.8865,2.5693734317097e-13
2.886625,-0.128490017617675
2.88675,-0.181712325544963
2.886875,-0.128490017618229
2.887,-5.27454207767685e-13
2.887125,0.128490017617951
2.88725,0.181712325544963
2.887375,0.128490017618421
2.8875,1.36905483044474e-13
2.887625,-0.12849001761776
2.88775,-0.181712325544963
2.887875,-0.128490017618144
2.888,-4.07422347641189e-13
2.888125,0.128490017618036
2.88825,0.181712325544963
2.888375,0.128490017618336
2.8885,1.6873622917978e-14
2.888625,-0.128490017617844
2.88875,-0.181712325544963
2.888875,-0.12849001761806
2.889,-2.87390487514693e-13
2.889125,0.128490017617653
2.88925,0.181712325544963
2.889375,0.128490017618251
2.8895,5.57907352111409e-13
2.889625,-0.128490017617929
2.88975,-0.181712325544963
2.889875,-0.128490017618442
2.89,-1.67358627388197e-13
2.890125,0.128490017617738
2.89025,0.181712325544963
2.890375,0.128490017618166
2.8905,4.37875491984913e-13
2.890625,-0.128490017618014
2.89075,-0.181712325544963
2.890875,-0.128490017618357
2.891,-4.73267672617014e-14
2.891125,0.128490017617823
2.89125,0.181712325544963
2.891375,0.128490017618081
2.8915,3.17843631858417e-13
2.891625,-0.128490017617632
2.89175,-0.181712325544963
2.891875,-0.128490017618272
2.892,-5.88360496455132e-13
2.892125,0.128490017617908
2.89225,0.181712325544963
2.892375,0.128490017618464
2.8925,1.97811771731921e-13
2.892625,-0.128490017617716
2.89275,-0.181712325544963
2.892875,-0.128490017618188
2.893,-4.68328636328636e-13
2.893125,0.128490017617525
2.89325,0.181712325544963
2.893375,0.128490017618379
2.8935,7.77799116054249e-14
2.893625,-0.128490017617801
2.89375,-0.181712325544963
2.893875,-0.128490017618103
2.894,-3.4829677620214e-13
2.894125,0.12849001761761
2.89425,0.181712325544963
2.894375,0.128490017618294
2.8945,6.18813640798855e-13
2.894625,-0.128490017617886
2.89475,-0.181712325544963
2.894875,-0.128490017618485
2.895,-2.28264916075644e-13
2.895125,0.128490017617695
2.89525,0.181712325544963
2.895375,0.128490017618209
2.8955,-1.62283808647567e-13
2.895625,-0.128490017617504
2.89575,-0.181712325544963
2.895875,-0.128490017617933
2.896,-7.69298645269075e-13
2.896125,0.12849001761778
2.89625,0.181712325544963
2.896375,0.128490017618124
2.8965,3.78749920545864e-13
2.896625,-0.128490017617589
2.89675,-0.181712325544963
2.896875,-0.128490017618315
2.897,-6.49266785142579e-13
2.897125,0.128490017617865
2.89725,0.181712325544963
2.897375,0.128490017618507
2.8975,2.58718060419368e-13
2.897625,-0.128490017617673
2.89775,-0.181712325544963
2.897875,-0.128490017618231
2.898,1.31830664303844e-13
2.898125,0.128490017617482
2.89825,0.181712325544963
2.898375,0.128490017617954
2.8985,7.99751789612798e-13
2.898625,-0.128490017617758
2.89875,-0.181712325544963
2.898875,-0.128490017618146
2.899,-4.09203064889587e-13
2.899125,0.128490017618034
2.89925,0.181712325544963
2.899375,0.128490017618337
2.8995,1.86543401663758e-14
2.899625,-0.128490017617843
2.89975,-0.181712325544963
2.899875,-0.128490017618061
2.9,-2.89171204763091e-13
2.900125,0.128490017617652
2.90025,0.181712325544963
2.900375,0.128490017618252
2.9005,5.59688069359806e-13
2.900625,-0.128490017617461
2.90075,-0.181712325544963
2.900875,-0.128490017617976
2.901,-8.30204933956522e-13
2.901125,0.128490017617737
2.90125,0.181712325544963
2.901375,0.128490017618635
2.9015,4.3965620923331e-13
2.901625,-0.128490017618013
2.90175,-0.181712325544963
2.901875,-0.128490017618359
2.902,-4.91074845100993e-14
2.902125,0.128490017617822
2.90225,0.181712325544963
2.902375,0.128490017618082
2.9025,3.19624349106815e-13
2.902625,-0.12849001761763
2.90275,-0.181712325544963
2.902875,-0.128490017618274
2.903,-5.9014121370353e-13
2.903125,0.128490017617906
2.90325,0.181712325544963
2.903375,0.128490017617997
2.9035,1.99592488980319e-13
2.903625,-0.128490017617715
2.90375,-0.181712325544963
2.903875,-0.128490017618189
2.904,-4.70109353577034e-13
2.904125,0.128490017617991
2.90425,0.181712325544963
2.904375,0.12849001761838
2.9045,7.95606288538227e-14
2.904625,-0.1284900176178
2.90475,-0.181712325544963
2.904875,-0.128490017618104
2.905,-3.50077493450538e-13
2.905125,0.128490017617609
2.90525,0.181712325544963
2.905375,0.128490017618295
2.9055,6.20594358047253e-13
2.905625,-0.128490017617885
2.90575,-0.181712325544963
2.905875,-0.128490017618486
2.906,-2.30045633324042e-13
2.906125,0.128490017617694
2.90625,0.181712325544963
2.906375,0.12849001761821
2.9065,5.00562497920757e-13
2.906625,-0.12849001761797
2.90675,-0.181712325544963
2.906875,-0.128490017618402
2.907,-1.10013773197546e-13
2.907125,0.128490017617779
2.90725,0.181712325544963
2.907375,0.128490017618125
2.9075,3.80530637794261e-13
2.907625,-0.128490017617587
2.90775,-0.181712325544963
2.907875,-0.128490017618317
2.908,-6.51047502390977e-13
2.908125,0.128490017617863
2.90825,0.181712325544963
2.908375,0.128490017618508
2.9085,2.60498777667766e-13
2.908625,-0.128490017617672
2.90875,-0.181712325544963
2.908875,-0.128490017618232
2.909,-5.31015642264481e-13
2.909125,0.128490017617948
2.90925,0.181712325544963
2.909375,0.128490017618423
2.9095,1.4046691754127e-13
2.909625,-0.128490017617757
2.90975,-0.181712325544963
2.909875,-0.128490017618147
2.91,-4.10983782137985e-13
2.910125,0.128490017617566
2.91025,0.181712325544963
2.910375,0.128490017618338
2.9105,6.815006467347e-13
2.910625,-0.128490017617842
2.91075,-0.181712325544963
2.910875,-0.12849001761853
2.911,-2.90951922011489e-13
2.911125,0.128490017618118
2.91125,0.181712325544963
2.911375,0.128490017618253
2.9115,-9.95968027117222e-14
2.911625,-0.128490017617927
2.91175,-0.181712325544963
2.911875,-0.128490017617977
2.912,-1.70920061884993e-13
2.912125,0.128490017617736
2.91225,0.181712325544963
2.912375,0.128490017618169
2.9125,4.41436926481708e-13
2.912625,-0.128490017617544
2.91275,-0.181712325544963
2.912875,-0.12849001761836
2.913,-7.11953791078424e-13
2.913125,0.12849001761782
2.91325,0.181712325544963
2.913375,0.128490017618551
2.9135,3.21405066355212e-13
2.913625,-0.128490017618097
2.91375,-0.181712325544963
2.913875,-0.128490017618275
2.914,6.91436583679988e-14
2.914125,0.128490017617438
2.91425,0.181712325544963
2.914375,0.128490017617999
2.9145,2.01373206228716e-13
2.914625,-0.128490017617714
2.91475,-0.181712325544963
2.914875,-0.12849001761819
2.915,-4.71890070825432e-13
2.915125,0.12849001761799
2.91525,0.181712325544963
2.915375,0.128490017618381
2.9155,8.13413461022206e-14
2.915625,-0.128490017617799
2.91575,-0.181712325544963
2.915875,-0.128490017618105
2.916,-3.51858210698936e-13
2.916125,0.128490017618075
2.91625,0.181712325544963
2.916375,0.128490017618296
2.9165,-3.86905140242753e-14
2.916625,-0.128490017617416
2.91675,-0.181712325544963
2.916875,-0.12849001761802
2.917,-2.3182635057244e-13
2.917125,0.128490017617692
2.91725,0.181712325544963
2.917375,0.128490017618212
2.9175,5.02343215169155e-13
2.917625,-0.128490017617969
2.91775,-0.181712325544963
2.917875,-0.128490017618403
2.918,-1.11794490445944e-13
2.918125,0.128490017617777
2.91825,0.181712325544963
2.918375,0.128490017618127
2.9185,3.82311355042659e-13
2.918625,-0.128490017617586
2.91875,-0.181712325544963
2.918875,-0.128490017618318
2.919,8.23736968055189e-15
2.919125,0.128490017617862
2.91925,0.181712325544963
2.919375,0.128490017618042
2.9195,2.62279494916163e-13
2.919625,-0.128490017617671
2.91975,-0.181712325544963
2.919875,-0.128490017618233
2.92,-5.32796359512879e-13
2.920125,0.128490017617947
2.92025,0.181712325544963
2.920375,0.128490017618424
2.9205,1.42247634789667e-13
2.920625,-0.128490017617756
2.92075,-0.181712325544963
2.920875,-0.128490017618148
2.921,-4.12764499386383e-13
2.921125,0.128490017617564
2.92125,0.181712325544963
2.921375,0.12849001761834
2.9215,6.83281363983098e-13
2.921625,-0.128490017617841
2.92175,-0.181712325544963
2.921875,-0.128490017618063
2.922,-2.92732639259887e-13
2.922125,0.128490017617649
2.92225,0.181712325544963
2.922375,0.128490017618255
2.9225,5.63249503856602e-13
2.922625,-0.128490017617926
2.92275,-0.181712325544963
2.922875,-0.128490017618446
2.923,-1.72700779133391e-13
2.923125,0.128490017617734
2.92325,0.181712325544963
2.923375,0.12849001761817
2.9235,-2.1784794558982e-13
2.923625,-0.128490017617543
2.92375,-0.181712325544963
2.923875,-0.128490017618361
2.924,-7.13734508326821e-13
2.924125,0.128490017617819
2.92425,0.181712325544963
2.924375,0.128490017618085
2.9245,3.2318578360361e-13
2.924625,-0.128490017617628
2.92475,-0.181712325544963
2.924875,-0.128490017618276
2.925,-5.93702648200326e-13
2.925125,0.128490017617904
2.92525,0.181712325544963
2.925375,0.128490017618467
2.9255,2.03153923477114e-13
2.925625,-0.128490017617713
2.92575,-0.181712325544963
2.925875,-0.128490017618191
2.926,-4.7367078807383e-13
2.926125,0.128490017617521
2.92625,0.181712325544963
2.926375,0.128490017617915
2.9265,7.44187652670545e-13
2.926625,-0.128490017617798
2.92675,-0.181712325544963
2.926875,-0.128490017618574
2.927,-3.53638927947334e-13
2.927125,0.128490017618074
2.92725,0.181712325544963
2.927375,0.128490017618298
2.9275,-3.69097967758775e-14
2.927625,-0.128490017617882
2.92775,-0.181712325544963
2.927875,-0.128490017618489
2.928,-2.33607067820838e-13
2.928125,0.128490017617691
2.92825,0.181712325544963
2.928375,0.128490017618213
2.9285,5.04123932417553e-13
2.928625,-0.1284900176175
2.92875,-0.181712325544963
2.928875,-0.128490017617937
2.929,-7.74640797014268e-13
2.929125,0.128490017617776
2.92925,0.181712325544963
2.929375,0.128490017618595
2.9295,3.84092072291057e-13
2.929625,-0.128490017618052
2.92975,-0.181712325544963
2.929875,-0.128490017618319
2.93,6.45665243215403e-15
2.930125,0.128490017617861
2.93025,0.181712325544963
2.930375,0.128490017618043
2.9305,2.64060212164561e-13
2.930625,-0.12849001761767
2.93075,-0.181712325544963
2.930875,-0.128490017618234
2.931,-5.34577076761276e-13
2.931125,0.128490017617946
2.93125,0.181712325544963
2.931375,0.128490017618426
2.9315,1.44028352038065e-13
2.931625,-0.128490017617754
2.93175,-0.181712325544963
2.931875,-0.128490017618617
2.932,-4.14545216634781e-13
2.932125,0.128490017618031
2.93225,0.181712325544963
2.932375,0.128490017618341
2.9325,2.39964919115694e-14
2.932625,-0.128490017617839
2.93275,-0.181712325544963
2.932875,-0.128490017618065
2.933,-2.94513356508285e-13
2.933125,0.128490017617648
2.93325,0.181712325544963
2.933375,0.128490017618256
2.9335,5.65030221105e-13
2.933625,-0.128490017617924
2.93375,-0.181712325544963
2.933875,-0.128490017618447
2.934,-1.74481496381789e-13
2.934125,0.128490017617733
2.93425,0.181712325544963
2.934375,0.128490017618171
2.9345,4.44998360978504e-13
2.934625,-0.128490017618009
2.93475,-0.181712325544963
2.934875,-0.128490017618362
2.935,-5.44496362552929e-14
2.935125,0.128490017617818
2.93525,0.181712325544963
2.935375,0.128490017618086
2.9355,3.24966500852008e-13
2.935625,-0.128490017617627
2.93575,-0.181712325544963
2.935875,-0.128490017618277
2.936,-5.95483365448723e-13
2.936125,0.128490017617903
2.93625,0.181712325544963
2.936375,0.128490017618469
2.9365,2.04934640725512e-13
2.936625,-0.128490017617711
2.93675,-0.181712325544963
2.936875,-0.128490017618193
2.937,-4.75451505322227e-13
2.937125,0.128490017617988
2.93725,0.181712325544963
2.937375,0.128490017618384
2.9375,8.49027805990163e-14
2.937625,-0.128490017617796
2.93775,-0.181712325544963
2.937875,-0.128490017618108
2.938,-3.55419645195732e-13
2.938125,0.128490017617605
2.93825,0.181712325544963
2.938375,0.128490017618299
2.9385,6.25936509792447e-13
2.938625,-0.128490017617881
2.93875,-0.181712325544963
2.938875,-0.12849001761849
2.939,-2.35387785069236e-13
2.939125,0.128490017618157
2.93925,0.181712325544963
2.939375,0.128490017618214
2.9395,5.05904649665951e-13
2.939625,-0.128490017617499
2.93975,-0.181712325544963
2.939875,-0.128490017618405
2.94,-1.1535592494274e-13
2.940125,0.128490017617775
2.94025,0.181712325544963
2.940375,0.128490017618129
2.9405,3.85872789539455e-13
2.940625,-0.128490017617584
2.94075,-0.181712325544963
2.940875,-0.12849001761832
2.941,-6.5638965413617e-13
2.941125,0.12849001761786
2.94125,0.181712325544963
2.941375,0.128490017618512
2.9415,2.65840929412959e-13
2.941625,-0.128490017618136
2.94175,-0.181712325544963
2.941875,-0.128490017618236
2.942,1.24707795310252e-13
2.942125,0.128490017617477
2.94225,0.181712325544963
2.942375,0.128490017617959
2.9425,1.45809069286463e-13
2.942625,-0.128490017617753
2.94275,-0.181712325544963
2.942875,-0.128490017618151
2.943,-4.16325933883179e-13
2.943125,0.128490017618029
2.94325,0.181712325544963
2.943375,0.128490017618342
2.9435,6.86842798479894e-13
2.943625,-0.128490017617838
2.94375,-0.181712325544963
2.943875,-0.128490017618533
2.944,-2.96294073756683e-13
2.944125,0.128490017617647
2.94425,0.181712325544963
2.944375,0.128490017618257
2.9445,-9.42546509665286e-14
2.944625,-0.128490017617456
2.94475,-0.181712325544963
2.944875,-0.128490017617981
2.945,-8.37327802950113e-13
2.945125,0.128490017617732
2.94525,0.181712325544963
2.945375,0.128490017618172
2.9455,4.46779078226902e-13
2.945625,-0.128490017618008
2.94575,-0.181712325544963
2.945875,-0.128490017618364
2.946,-5.62303535036907e-14
2.946125,0.128490017617817
2.94625,0.181712325544963
2.946375,0.128490017618087
2.9465,3.26747218100406e-13
2.946625,-0.128490017617625
2.94675,-0.181712325544963
2.946875,-0.128490017618279
2.947,-5.97264082697121e-13
2.947125,0.128490017617901
2.94725,0.181712325544963
2.947375,0.128490017618003
2.9475,8.67780947293837e-13
2.947625,-0.12849001761771
2.94775,-0.181712325544963
2.947875,-0.128490017618194
2.948,-4.77232222570625e-13
2.948125,0.128490017617986
2.94825,0.181712325544963
2.948375,0.128490017618385
2.9485,8.66834978474142e-14
2.948625,-0.128490017617795
2.94875,-0.181712325544963
2.948875,-0.128490017618109
2.949,-3.57200362444129e-13
2.949125,0.128490017617604
2.94925,0.181712325544963
2.949375,0.1284900176183
2.9495,6.27717227040845e-13
2.949625,-0.12849001761788
2.94975,-0.181712325544963
2.949875,-0.128490017618024
2.95,-2.37168502317633e-13
2.950125,0.128490017617689
2.95025,0.181712325544963
2.950375,0.128490017618215
2.9505,5.07685366914349e-13
2.950625,-0.128490017617965
2.95075,-0.181712325544963
2.950875,-0.128490017618407
2.951,-1.17136642191138e-13
2.951125,0.128490017617774
2.95125,0.181712325544963
2.951375,0.12849001761813
2.9515,3.87653506787853e-13
2.951625,-0.128490017617582
2.95175,-0.181712325544963
2.951875,-0.128490017618322
2.952,-6.58170371384568e-13
2.952125,0.128490017617858
2.95225,0.181712325544963
2.952375,0.128490017618513
2.9525,2.67621646661357e-13
2.952625,-0.128490017617667
2.95275,-0.181712325544963
2.952875,-0.128490017618237
2.953,-5.38138511258072e-13
2.953125,0.128490017617943
2.95325,0.181712325544963
2.953375,0.128490017618428
2.9535,1.47589786534861e-13
2.953625,-0.128490017617752
2.95375,-0.181712325544963
2.953875,-0.128490017618152
2.954,-4.18106651131576e-13
2.954125,0.128490017617561
2.95425,0.181712325544963
2.954375,0.128490017617876
2.9545,6.88623515728292e-13
2.954625,-0.128490017617837
2.95475,-0.181712325544963
2.954875,-0.128490017618535
2.955,-2.9807479100508e-13
2.955125,0.128490017617646
2.95525,0.181712325544963
2.955375,0.128490017618258
2.9555,5.68591655601796e-13
2.955625,-0.128490017617922
2.95575,-0.181712325544963
2.955875,-0.12849001761845
2.956,-1.78042930878584e-13
2.956125,0.12849001761773
2.95625,0.181712325544963
2.956375,0.128490017618174
2.9565,4.485597954753e-13
2.956625,-0.128490017617539
2.95675,-0.181712325544963
2.956875,-0.128490017618365
2.957,-7.19076660072015e-13
2.957125,0.128490017617815
2.95725,0.181712325544963
2.957375,0.128490017618556
2.9575,3.28527935348804e-13
2.957625,-0.128490017618092
2.95775,-0.181712325544963
2.957875,-0.12849001761828
2.958,6.20207893744073e-14
2.958125,0.1284900176179
2.95825,0.181712325544963
2.958375,0.128490017618004
2.9585,2.08496075222308e-13
2.958625,-0.128490017617709
2.95875,-0.181712325544963
2.958875,-0.128490017618195
2.959,-4.79012939819023e-13
2.959125,0.128490017617518
2.95925,0.181712325544963
2.959375,0.128490017618386
2.9595,7.49529804415739e-13
2.959625,-0.128490017617794
2.95975,-0.181712325544963
2.959875,-0.128490017618578
2.96,-3.58981079692527e-13
2.960125,0.12849001761807
2.96025,0.181712325544963
2.960375,0.128490017618301
2.9605,-3.15676450306839e-14
2.960625,-0.128490017617879
2.96075,-0.181712325544963
2.960875,-0.128490017618025
2.961,-2.38949219566031e-13
2.961125,0.128490017617687
2.96125,0.181712325544963
2.961375,0.128490017618217
2.9615,5.09466084162747e-13
2.961625,-0.128490017617964
2.96175,-0.181712325544963
2.961875,-0.128490017618408
2.962,-1.18917359439535e-13
2.962125,0.128490017617772
2.96225,0.181712325544963
2.962375,0.128490017618132
2.9625,3.89434224036251e-13
2.962625,-0.128490017618048
2.96275,-0.181712325544963
2.962875,-0.128490017618323
2.963,1.11450068696046e-15
2.963125,0.12849001761739
2.96325,0.181712325544963
2.963375,0.128490017618047
2.9635,2.69402363909755e-13
2.963625,-0.128490017617666
2.96375,-0.181712325544963
2.963875,-0.128490017618238
2.964,-5.3991922850647e-13
2.964125,0.128490017617942
2.96425,0.181712325544963
2.964375,0.128490017618429
2.9645,1.49370503783259e-13
2.964625,-0.128490017617751
2.96475,-0.181712325544963
2.964875,-0.128490017618153
2.965,-4.19887368379974e-13
2.965125,0.128490017617559
2.96525,0.181712325544963
2.965375,0.128490017618345
2.9655,2.9338643656763e-14
2.965625,-0.128490017617836
2.96575,-0.181712325544963
2.965875,-0.128490017618068
2.966,-2.99855508253478e-13
2.966125,0.128490017617644
2.96625,0.181712325544963
2.966375,0.12849001761826
2.9665,5.70372372850194e-13
2.966625,-0.128490017617921
2.96675,-0.181712325544963
2.966875,-0.128490017618451
2.967,-1.79823648126982e-13
2.967125,0.128490017617729
2.96725,0.181712325544963
2.967375,0.128490017618175
2.9675,4.50340512723698e-13
2.967625,-0.128490017617538
2.96775,-0.181712325544963
2.967875,-0.128490017618366
2.968,-5.97917880004864e-14
2.968125,0.128490017617814
2.96825,0.181712325544963
2.968375,0.12849001761809
2.9685,3.30308652597202e-13
2.968625,-0.128490017617623
2.96875,-0.181712325544963
2.968875,-0.128490017618281
2.969,-6.00825517193917e-13
2.969125,0.128490017617899
2.96925,0.181712325544963
2.969375,0.128490017618472
2.9695,2.10276792470706e-13
2.969625,-0.128490017617708
2.96975,-0.181712325544963
2.969875,-0.128490017618196
2.97,1.80271932252505e-13
2.970125,0.128490017617516
2.97025,0.181712325544963
2.970375,0.12849001761792
2.9705,7.51310521664136e-13
2.970625,-0.128490017617793
2.97075,-0.181712325544963
2.970875,-0.128490017618111
2.971,-3.60761796940925e-13
2.971125,0.128490017617601
2.97125,0.181712325544963
2.971375,0.128490017618303
2.9715,6.3127866153764e-13
2.971625,-0.128490017617877
2.97175,-0.181712325544963
2.971875,-0.128490017618494
2.972,-2.40729936814429e-13
2.972125,0.128490017617686
2.97225,0.181712325544963
2.972375,0.128490017618218
2.9725,5.11246801411145e-13
2.972625,-0.128490017617495
2.97275,-0.181712325544963
2.972875,-0.128490017617942
2.973,-7.8176366600786e-13
2.973125,0.128490017617771
2.97325,0.181712325544963
2.973375,0.128490017618133
2.9735,3.91214941284649e-13
2.973625,-0.128490017618047
2.97375,-0.181712325544963
2.973875,-0.128490017618324
2.974,-6.66216561437392e-16
2.974125,0.128490017617856
2.97425,0.181712325544963
2.974375,0.128490017618048
2.9745,2.71183081158153e-13
2.974625,-0.128490017617665
2.97475,-0.181712325544963
2.974875,-0.128490017618239
2.975,-5.41699945754868e-13
2.975125,0.128490017617473
2.97525,0.181712325544963
2.975375,0.128490017617963
2.9755,8.12216810351583e-13
2.975625,-0.128490017617749
2.97575,-0.181712325544963
2.975875,-0.128490017618622
2.976,-4.21668085628372e-13
2.976125,0.128490017618026
2.97625,0.181712325544963
2.976375,0.128490017618346
2.9765,3.11193609051608e-14
2.976625,-0.128490017617834
2.97675,-0.181712325544963
2.976875,-0.12849001761807
2.977,-3.01636225501876e-13
2.977125,0.128490017617643
2.97725,0.181712325544963
2.977375,0.128490017618261
2.9775,5.72153090098591e-13
2.977625,-0.128490017617919
2.97775,-0.181712325544963
2.977875,-0.128490017618452
2.978,-1.8160436537538e-13
2.978125,0.128490017617728
2.97825,0.181712325544963
2.978375,0.128490017618176
2.9785,4.52121229972096e-13
2.978625,-0.128490017618004
2.97875,-0.181712325544963
2.978875,-0.128490017618367
2.979,-6.15725052488843e-14
2.979125,0.128490017617813
2.97925,0.181712325544963
2.979375,0.128490017618091
2.9795,3.320893698456e-13
2.979625,-0.128490017617622
2.97975,-0.181712325544963
2.979875,-0.128490017618282
2.98,-6.02606234442315e-13
2.980125,0.128490017617898
2.98025,0.181712325544963
2.980375,0.128490017618474
2.9805,2.12057509719104e-13
2.980625,-0.128490017617706
2.98075,-0.181712325544963
2.980875,-0.128490017618198
2.981,-4.82574374315819e-13
2.981125,0.128490017617983
2.98125,0.181712325544963
2.981375,0.128490017618389
2.9815,9.20256495926077e-14
2.981625,-0.128490017617791
2.98175,-0.181712325544963
2.981875,-0.128490017618113
2.982,-3.62542514189323e-13
2.982125,0.1284900176176
2.98225,0.181712325544963
2.982375,0.128490017618304
2.9825,6.33059378786038e-13
2.982625,-0.128490017617876
2.98275,-0.181712325544963
2.982875,-0.128490017618495
2.983,-2.42510654062827e-13
2.983125,0.128490017617685
2.98325,0.181712325544963
2.983375,0.128490017618219
2.9835,5.13027518659542e-13
2.983625,-0.128490017617961
2.98375,-0.181712325544963
2.983875,-0.12849001761841
2.984,-1.22478793936331e-13
2.984125,0.12849001761777
2.98425,0.181712325544963
2.984375,0.128490017618134
2.9845,3.92995658533046e-13
2.984625,-0.128490017617578
2.98475,-0.181712325544963
2.984875,-0.128490017618326
2.985,-6.63512523129762e-13
2.985125,0.128490017617855
2.98525,0.181712325544963
2.985375,0.128490017618517
2.9855,2.72963798406551e-13
2.985625,-0.128490017618131
2.98575,-0.181712325544963
2.985875,-0.128490017618241
2.986,1.17584926316661e-13
2.986125,0.128490017617939
2.98625,0.181712325544963
2.986375,0.128490017618432
2.9865,1.52931938280055e-13
2.986625,-0.128490017617748
2.98675,-0.181712325544963
2.986875,-0.128490017618156
2.987,-4.2344880287677e-13
2.987125,0.128490017617557
2.98725,0.181712325544963
2.987375,0.128490017618347
2.9875,6.93965667473485e-13
2.987625,-0.128490017617833
2.98775,-0.181712325544963
2.987875,-0.128490017618538
2.988,-3.03416942750274e-13
2.988125,0.128490017618109
2.98825,0.181712325544963
2.988375,0.128490017618262
2.9885,-8.71317819729372e-14
2.988625,-0.128490017617451
2.98875,-0.181712325544963
2.988875,-0.128490017617986
2.989,-1.83385082623778e-13
2.989125,0.128490017617727
2.98925,0.181712325544963
2.989375,0.128490017618177
2.9895,4.53901947220493e-13
2.989625,-0.128490017618003
2.98975,-0.181712325544963
2.989875,-0.128490017618369
2.99,-6.33532224972821e-14
2.990125,0.128490017617812
2.99025,0.181712325544963
2.990375,0.12849001761856
2.9905,3.33870087093997e-13
2.990625,-0.12849001761762
2.99075,-0.181712325544963
2.990875,-0.128490017618284
2.991,5.66786376292138e-14
2.991125,0.128490017617429
2.99125,0.181712325544963
2.991375,0.128490017618008
2.9915,8.74903816287428e-13
2.991625,-0.128490017617705
2.99175,-0.181712325544963
2.991875,-0.128490017618199
2.992,-4.84355091564217e-13
2.992125,0.128490017617981
2.99225,0.181712325544963
2.992375,0.12849001761839
2.9925,9.38063668410056e-14
2.992625,-0.12849001761779
2.99275,-0.181712325544963
2.992875,-0.128490017618114
2.993,-3.64323231437721e-13
2.993125,0.128490017617599
2.99325,0.181712325544963
2.993375,0.128490017618305
2.9935,-2.62254932854903e-14
2.993625,-0.128490017617875
2.99375,-0.181712325544963
2.993875,-0.128490017618029
2.994,-2.44291371311225e-13
2.994125,0.128490017617684
2.99425,0.181712325544963
2.994375,0.12849001761822
2.9945,5.1480823590794e-13
2.994625,-0.12849001761796
2.99475,-0.181712325544963
2.994875,-0.128490017618412
2.995,-1.24259511184729e-13
2.995125,0.128490017617768
2.99525,0.181712325544963
2.995375,0.128490017618135
2.9955,3.94776375781444e-13
2.995625,-0.128490017617577
2.99575,-0.181712325544963
2.995875,-0.128490017618327
2.996,-6.6529324037816e-13
2.996125,0.128490017617853
2.99625,0.181712325544963
2.996375,0.128490017618051
2.9965,2.74744515654948e-13
2.996625,-0.128490017617662
2.99675,-0.181712325544963
2.996875,-0.128490017618242
2.997,-5.45261380251664e-13
2.997125,0.128490017617938
2.99725,0.181712325544963
2.997375,0.128490017618433
2.9975,1.54712655528452e-13
2.997625,-0.128490017617747
2.99775,-0.181712325544963
2.997875,-0.128490017618157
2.998,-4.25229520125168e-13
2.998125,0.128490017617556
2.99825,0.181712325544963
2.998375,0.128490017618348
2.9985,6.95746384721883e-13
2.998625,-0.128490017617832
2.99875,-0.181712325544963
2.998875,-0.128490017618072
2.999,-3.05197659998672e-13
2.999125,0.128490017617641
2.99925,0.181712325544963
2.999375,0.128490017618263
2.9995,5.75714524595387e-13
2.999625,-0.128490017617917
2.99975,-0.181712325544963
2.999875,-0.128490017618455
3,-1.85165799872176e-13
3.000125,0.128490017617725
3.00025,0.181712325544963
3.000375,0.128490017618179
3.0005,4.55682664468891e-13
3.000625,-0.128490017617534
3.00075,-0.181712325544963
3.000875,-0.128490017617902
3.001,-7.26199529065606e-13
3.001125,0.12849001761781
3.00125,0.181712325544963
3.001375,0.128490017618561
3.0015,3.35650804342395e-13
3.001625,-0.128490017618086
3.00175,-0.181712325544963
3.001875,-0.128490017618285
3.002,-6.06167668939111e-13
3.002125,0.128490017617895
3.00225,0.181712325544963
3.002375,0.128490017618476
3.0025,2.15618944215899e-13
3.002625,-0.128490017617704
3.00275,-0.181712325544963
3.002875,-0.1284900176182
3.003,-4.86135808812615e-13
3.003125,0.128490017617513
3.00325,0.181712325544963
3.003375,0.128490017618391
3.0035,7.5665267340933e-13
3.003625,-0.128490017617789
3.00375,-0.181712325544963
3.003875,-0.128490017618583
3.004,-3.66103948686119e-13
3.004125,0.128490017618065
3.00425,0.181712325544963
3.004375,0.128490017618307
3.0045,-2.44447760370925e-14
3.004625,-0.128490017617874
3.00475,-0.181712325544963
3.004875,-0.12849001761803
3.005,-2.46072088559623e-13
3.005125,0.128490017617682
3.00525,0.181712325544963
3.005375,0.128490017618222
3.0055,5.16588953156338e-13
3.005625,-0.128490017617959
3.00575,-0.181712325544963
3.005875,-0.128490017618413
3.006,-7.87105817753053e-13
3.006125,0.128490017617767
3.00625,0.181712325544963
3.006375,0.128490017618604
3.0065,3.96557093029842e-13
3.006625,-0.128490017618043
3.00675,-0.181712325544963
3.006875,-0.128490017618328
3.007,-6.00836830663096e-15
3.007125,0.128490017617852
3.00725,0.181712325544963
3.007375,0.128490017618052
3.0075,2.76525232903346e-13
3.007625,-0.128490017617661
3.00775,-0.181712325544963
3.007875,-0.128490017618243
3.008,-5.47042097500062e-13
3.008125,0.128490017617937
3.00825,0.181712325544963
3.008375,0.128490017618434
3.0085,1.5649337277685e-13
3.008625,-0.128490017617746
3.00875,-0.181712325544963
3.008875,-0.128490017618158
3.009,-4.27010237373566e-13
3.009125,0.128490017618022
3.00925,0.181712325544963
3.009375,0.12849001761835
3.0095,3.64615126503544e-14
3.009625,-0.128490017617831
3.00975,-0.181712325544963
3.009875,-0.128490017618073
3.01,-3.0697837724707e-13
3.010125,0.128490017617639
3.01025,0.181712325544963
3.010375,0.128490017618265
3.0105,5.77495241843785e-13
3.010625,-0.128490017617915
3.01075,-0.181712325544963
3.010875,-0.128490017618456
3.011,-1.86946517120574e-13
3.011125,0.128490017617724
3.01125,0.181712325544963
3.011375,0.12849001761818
3.0115,4.57463381717289e-13
3.011625,-0.128490017618
3.01175,-0.181712325544963
3.011875,-0.128490017618371
3.012,-6.69146569940778e-14
3.012125,0.128490017617809
3.01225,0.181712325544963
3.012375,0.128490017618095
3.0125,3.37431521590793e-13
3.012625,-0.128490017617618
3.01275,-0.181712325544963
3.012875,-0.128490017618286
3.013,-6.07948386187508e-13
3.013125,0.128490017617894
3.01325,0.181712325544963
3.013375,0.128490017618478
3.0135,2.17399661464297e-13
3.013625,-0.12849001761817
3.01375,-0.181712325544963
3.013875,-0.128490017618201
3.014,-4.87916526061013e-13
3.014125,0.128490017617511
3.01425,0.181712325544963
3.014375,0.128490017618393
3.0145,9.73678013378013e-14
3.014625,-0.128490017617787
3.01475,-0.181712325544963
3.014875,-0.128490017618116
3.015,-3.67884665934517e-13
3.015125,0.128490017617596
3.01525,0.181712325544963
3.015375,0.128490017618308
3.0155,6.38401530531232e-13
3.015625,-0.128490017617872
3.01575,-0.181712325544963
3.015875,-0.128490017618499
3.016,-2.47852805808021e-13
3.016125,0.128490017617681
3.01625,0.181712325544963
3.016375,0.128490017618223
3.0165,-1.42695918915191e-13
3.016625,-0.12849001761749
3.01675,-0.181712325544963
3.016875,-0.128490017617947
3.017,-7.88886535001451e-13
3.017125,0.128490017617766
3.01725,0.181712325544963
3.017375,0.128490017618138
3.0175,3.9833781027824e-13
3.017625,-0.128490017617575
3.01775,-0.181712325544963
3.017875,-0.128490017618329
3.018,-6.68854674874955e-13
3.018125,0.128490017617851
3.01825,0.181712325544963
3.018375,0.128490017618521
3.0185,2.78305950151744e-13
3.018625,-0.12849001761766
3.01875,-0.181712325544963
3.018875,-0.128490017618244
3.019,1.12242774571467e-13
3.019125,0.128490017617468
3.01925,0.181712325544963
3.019375,0.128490017617968
3.0195,8.19339679345175e-13
3.019625,-0.128490017617744
3.01975,-0.181712325544963
3.019875,-0.12849001761816
3.02,-4.28790954621963e-13
3.020125,0.128490017618021
3.02025,0.181712325544963
3.020375,0.128490017618351
3.0205,3.82422298987523e-14
3.020625,-0.128490017617829
3.02075,-0.181712325544963
3.020875,-0.128490017618075
3.021,-3.08759094495468e-13
3.021125,0.128490017617638
3.02125,0.181712325544963
3.021375,0.128490017618266
3.0215,5.79275959092183e-13
3.021625,-0.128490017617447
3.02175,-0.181712325544963
3.021875,-0.12849001761799
3.022,-8.49792823688898e-13
3.022125,0.128490017617723
3.02225,0.181712325544963
3.022375,0.128490017618649
3.0225,4.59244098965687e-13
3.022625,-0.128490017617999
3.02275,-0.181712325544963
3.022875,-0.128490017618372
3.023,-6.86953742424757e-14
3.023125,0.128490017617808
3.02325,0.181712325544963
3.023375,0.128490017618096
3.0235,3.39212238839191e-13
3.023625,-0.128490017617616
3.02375,-0.181712325544963
3.023875,-0.128490017618288
3.024,-6.09729103435906e-13
3.024125,0.128490017617893
3.02425,0.181712325544963
3.024375,0.128490017618011
3.0245,2.19180378712695e-13
3.024625,-0.128490017617701
3.02475,-0.181712325544963
3.024875,-0.128490017618203
3.025,-4.8969724330941e-13
3.025125,0.128490017617978
3.02525,0.181712325544963
3.025375,0.128490017618394
3.0255,9.91485185861991e-14
3.025625,-0.128490017617786
3.02575,-0.181712325544963
3.025875,-0.128490017618118
3.026,-3.69665383182914e-13
3.026125,0.128490017617595
3.02625,0.181712325544963
3.026375,0.128490017618309
3.0265,6.4018224777963e-13
3.026625,-0.128490017617871
3.02675,-0.181712325544963
3.026875,-0.1284900176185
3.027,-2.49633523056419e-13
3.027125,0.12849001761768
3.02725,0.181712325544963
3.027375,0.128490017618224
3.0275,5.20150387653134e-13
3.027625,-0.128490017617956
3.02775,-0.181712325544963
3.027875,-0.128490017618415
3.028,-1.29601662929923e-13
3.028125,0.128490017617765
3.02825,0.181712325544963
3.028375,0.128490017618139
3.0285,4.00118527526638e-13
3.028625,-0.128490017617573
3.02875,-0.181712325544963
3.028875,-0.128490017618331
3.029,-6.70635392123353e-13
3.029125,0.12849001761785
3.02925,0.181712325544963
3.029375,0.128490017618522
3.0295,2.80086667400142e-13
3.029625,-0.128490017617658
3.02975,-0.181712325544963
3.029875,-0.128490017618246
3.03,-5.50603531996857e-13
3.030125,0.128490017617934
3.03025,0.181712325544963
3.030375,0.128490017618437
3.0305,1.60054807273646e-13
3.030625,-0.128490017617743
3.03075,-0.181712325544963
3.030875,-0.128490017618161
3.031,-4.30571671870361e-13
3.031125,0.128490017617552
3.03125,0.181712325544963
3.031375,0.128490017618352
3.0315,7.01088536467077e-13
3.031625,-0.128490017617828
3.03175,-0.181712325544963
3.031875,-0.128490017618543
3.032,-3.10539811743865e-13
3.032125,0.128490017618104
3.03225,0.181712325544963
3.032375,0.128490017618267
3.0325,-8.00089129793458e-14
3.032625,-0.128490017617913
3.03275,-0.181712325544963
3.032875,-0.128490017617991
3.033,-1.90507951617369e-13
3.033125,0.128490017617722
3.03325,0.181712325544963
3.033375,0.128490017618182
3.0335,4.61024816214085e-13
3.033625,-0.12849001761753
3.03375,-0.181712325544963
3.033875,-0.128490017618374
3.034,-7.315416808108e-13
3.034125,0.128490017617807
3.03425,0.181712325544963
3.034375,0.128490017618565
3.0345,3.40992956087589e-13
3.034625,-0.128490017618083
3.03475,-0.181712325544963
3.034875,-0.128490017618289
3.035,4.95557686356224e-14
3.035125,0.128490017617424
3.03525,0.181712325544963
3.035375,0.128490017618013
3.0355,2.20961095961093e-13
3.035625,-0.1284900176177
3.03575,-0.181712325544963
3.035875,-0.128490017618204
3.036,-4.91477960557808e-13
3.036125,0.128490017617976
3.03625,0.181712325544963
3.036375,0.128490017618395
3.0365,1.00929235834597e-13
3.036625,-0.128490017617785
3.03675,-0.181712325544963
3.036875,-0.128490017618119
3.037,-3.71446100431312e-13
3.037125,0.128490017618061
3.03725,0.181712325544963
3.037375,0.12849001761831
3.0375,-1.91026242918989e-14
3.037625,-0.128490017617402
3.03775,-0.181712325544963
3.037875,-0.128490017618034
3.038,-2.51414240304816e-13
3.038125,0.128490017617679
3.03825,0.181712325544963
3.038375,0.128490017618225
3.0385,5.21931104901532e-13
3.038625,-0.128490017617955
3.03875,-0.181712325544963
3.038875,-0.128490017618417
3.039,-1.3138238017832e-13
3.039125,0.128490017617763
3.03925,0.181712325544963
3.039375,0.128490017618141
3.0395,4.01899244775036e-13
3.039625,-0.128490017617572
3.03975,-0.181712325544963
3.039875,-0.128490017618332
3.04,-1.13505200518245e-14
3.040125,0.128490017617848
3.04025,0.181712325544963
3.040375,0.128490017618056
3.0405,2.8186738464854e-13
3.040625,-0.128490017617657
3.04075,-0.181712325544963
3.040875,-0.128490017618247
3.041,-5.52384249245255e-13
3.041125,0.128490017617933
3.04125,0.181712325544963
3.041375,0.128490017618438
3.0415,1.61835524522044e-13
3.041625,-0.128490017617742
3.04175,-0.181712325544963
3.041875,-0.128490017618162
3.042,-4.32352389118759e-13
3.042125,0.128490017617551
3.04225,0.181712325544963
3.042375,0.128490017618353
3.0425,7.02869253715474e-13
3.042625,-0.128490017617827
3.04275,-0.181712325544963
3.042875,-0.128490017618077
3.043,-3.12320528992263e-13
3.043125,0.128490017617636
3.04325,0.181712325544963
3.043375,0.128490017618268
3.0435,5.82837393588979e-13
3.043625,-0.128490017617912
3.04375,-0.181712325544963
3.043875,-0.12849001761846
3.044,-1.92288668865767e-13
3.044125,0.12849001761772
3.04425,0.181712325544963
3.044375,0.128490017618184
3.0445,-1.98260055857444e-13
3.044625,-0.128490017617529
3.04475,-0.181712325544963
3.044875,-0.128490017617907
3.045,-7.33322398059198e-13
3.045125,0.128490017617805
3.04525,0.181712325544963
3.045375,0.128490017618099
3.0455,3.42773673335987e-13
3.045625,-0.128490017617614
3.04575,-0.181712325544963
3.045875,-0.12849001761829
3.046,-6.13290537932702e-13
3.046125,0.12849001761789
3.04625,0.181712325544963
3.046375,0.128490017618481
3.0465,2.22741813209491e-13
3.046625,-0.128490017617699
3.04675,-0.181712325544963
3.046875,-0.128490017618205
3.047,-4.93258677806206e-13
3.047125,0.128490017617508
3.04725,0.181712325544963
3.047375,0.128490017617929
3.0475,7.63775542402921e-13
3.047625,-0.128490017617784
3.04775,-0.181712325544963
3.047875,-0.128490017618588
3.048,-3.7322681767971e-13
3.048125,0.12849001761806
3.04825,0.181712325544963
3.048375,0.128490017618312
3.0485,-1.73219070435011e-14
3.048625,-0.128490017617869
3.04875,-0.181712325544963
3.048875,-0.128490017618503
3.049,-2.53194957553214e-13
3.049125,0.128490017617677
3.04925,0.181712325544963
3.049375,0.128490017618227
3.0495,5.2371182214993e-13
3.049625,-0.128490017617486
3.04975,-0.181712325544963
3.049875,-0.128490017617951
3.05,-7.94228686746645e-13
3.050125,0.128490017617762
3.05025,0.181712325544963
3.050375,0.128490017618609
3.0505,4.03679962023434e-13
3.050625,-0.128490017618038
3.05075,-0.181712325544963
3.050875,-0.128490017618333
3.051,-1.31312373002224e-14
3.051125,0.128490017617847
3.05125,0.181712325544963
3.051375,0.128490017618057
3.0515,2.83648101896938e-13
3.051625,-0.128490017617656
3.05175,-0.181712325544963
3.051875,-0.128490017618248
3.052,-5.54164966493653e-13
3.052125,0.128490017617932
3.05225,0.181712325544963
3.052375,0.12849001761844
3.0525,1.63616241770442e-13
3.052625,-0.128490017617741
3.05275,-0.181712325544963
3.052875,-0.128490017618631
3.053,-4.34133106367157e-13
3.053125,0.128490017618017
3.05325,0.181712325544963
3.053375,0.128490017618355
3.0535,4.35843816439458e-14
3.053625,-0.128490017617826
3.05375,-0.181712325544963
3.053875,-0.128490017618078
3.054,-3.14101246240661e-13
3.054125,0.128490017617634
3.05425,0.181712325544963
3.054375,0.12849001761827
3.0545,5.84618110837376e-13
3.054625,-0.12849001761791
3.05475,-0.181712325544963
3.054875,-0.128490017618461
3.055,-1.94069386114165e-13
3.055125,0.128490017617719
3.05525,0.181712325544963
3.055375,0.128490017618185
3.0555,4.6458625071088e-13
3.055625,-0.128490017617995
3.05575,-0.181712325544963
3.055875,-0.128490017618376
3.056,-7.40375259876693e-14
3.056125,0.128490017617804
3.05625,0.181712325544963
3.056375,0.1284900176181
3.0565,3.44554390584385e-13
3.056625,-0.128490017617613
3.05675,-0.181712325544963
3.056875,-0.128490017618291
3.057,-6.150712551811e-13
3.057125,0.128490017617889
3.05725,0.181712325544963
3.057375,0.128490017618483
3.0575,2.24522530457889e-13
3.057625,-0.128490017617698
3.05775,-0.181712325544963
3.057875,-0.128490017618206
3.058,-4.95039395054604e-13
3.058125,0.128490017617974
3.05825,0.181712325544963
3.058375,0.128490017618398
3.0585,1.04490670331393e-13
3.058625,-0.128490017617782
3.05875,-0.181712325544963
3.058875,-0.128490017618122
3.059,-3.75007534928108e-13
3.059125,0.128490017617591
3.05925,0.181712325544963
3.059375,0.128490017618313
3.0595,6.45524399524823e-13
3.059625,-0.128490017617867
3.05975,-0.181712325544963
3.059875,-0.128490017618504
3.06,-2.54975674801612e-13
3.060125,0.128490017618143
3.06025,0.181712325544963
3.060375,0.128490017618228
3.0605,-1.35573049921599e-13
3.060625,-0.128490017617485
3.06075,-0.181712325544963
3.060875,-0.128490017618419
3.061,-1.34943814675116e-13
3.061125,0.128490017617761
3.06125,0.181712325544963
3.061375,0.128490017618143
3.0615,4.05460679271831e-13
3.061625,-0.12849001761757
3.06175,-0.181712325544963
3.061875,-0.128490017618334
3.062,-6.75977543868547e-13
3.062125,0.128490017617846
3.06225,0.181712325544963
3.062375,0.128490017618526
3.0625,2.85428819145336e-13
3.062625,-0.128490017618122
3.06275,-0.181712325544963
3.062875,-0.128490017618249
3.063,1.05119905577876e-13
3.063125,0.128490017617463
3.06325,0.181712325544963
3.063375,0.128490017617973
3.0635,1.6539695901884e-13
3.063625,-0.128490017617739
3.06375,-0.181712325544963
3.063875,-0.128490017618165
3.064,-4.35913823615555e-13
3.064125,0.128490017618016
3.06425,0.181712325544963
3.064375,0.128490017618356
3.0645,7.0643068821227e-13
3.064625,-0.128490017617824
3.06475,-0.181712325544963
3.064875,-0.128490017618547
3.065,-3.15881963489059e-13
3.065125,0.128490017617633
3.06525,0.181712325544963
3.065375,0.128490017618271
3.0655,-7.46667612341522e-14
3.065625,-0.128490017617442
3.06575,-0.181712325544963
3.065875,-0.128490017617995
3.066,-8.5691569268249e-13
3.066125,0.128490017617718
3.06625,0.181712325544963
3.066375,0.128490017618186
3.0665,4.66366967959278e-13
3.066625,-0.128490017617994
3.06675,-0.181712325544963
3.066875,-0.128490017618377
3.067,-7.58182432360671e-14
3.067125,0.128490017617803
3.06725,0.181712325544963
3.067375,0.128490017618101
3.0675,3.46335107832782e-13
3.067625,-0.128490017617611
3.06775,-0.181712325544963
3.067875,-0.128490017618293
3.068,-6.16851972429498e-13
3.068125,0.128490017617888
3.06825,0.181712325544963
3.068375,0.128490017618016
3.0685,8.87368837026213e-13
3.068625,-0.128490017617696
3.06875,-0.181712325544963
3.068875,-0.128490017618208
3.069,-4.96820112303002e-13
3.069125,0.128490017617972
3.06925,0.181712325544963
3.069375,0.128490017618399
3.0695,1.06271387579791e-13
3.069625,-0.128490017617781
3.06975,-0.181712325544963
3.069875,-0.128490017618123
3.07,-3.76788252176506e-13
3.070125,0.12849001761759
3.07025,0.181712325544963
3.070375,0.128490017618314
3.0705,6.47305116773221e-13
3.070625,-0.128490017617866
3.07075,-0.181712325544963
3.070875,-0.128490017618038
3.071,-2.5675639205001e-13
3.071125,0.128490017617675
3.07125,0.181712325544963
3.071375,0.128490017618229
3.0715,5.27273256646725e-13
3.071625,-0.128490017617951
3.07175,-0.181712325544963
3.071875,-0.12849001761842
3.072,-1.36724531923514e-13
3.072125,0.12849001761776
3.07225,0.181712325544963
3.072375,0.128490017618144
3.0725,4.07241396520229e-13
3.072625,-0.128490017617568
3.07275,-0.181712325544963
3.072875,-0.128490017618336
3.073,-6.77758261116945e-13
3.073125,0.128490017617845
3.07325,0.181712325544963
3.073375,0.128490017618527
3.0735,2.87209536393733e-13
3.073625,-0.128490017617653
3.07375,-0.181712325544963
3.073875,-0.128490017618251
3.074,-5.57726400990449e-13
3.074125,0.128490017617929
3.07425,0.181712325544963
3.074375,0.128490017618442
3.0745,1.67177676267237e-13
3.074625,-0.128490017617738
3.07475,-0.181712325544963
3.074875,-0.128490017618166
3.075,-4.37694540863953e-13
3.075125,0.128490017617547
3.07525,0.181712325544963
3.075375,0.12849001761789
3.0755,7.08211405460668e-13
3.075625,-0.128490017617823
3.07575,-0.181712325544963
3.075875,-0.128490017618548
3.076,-3.17662680737457e-13
3.076125,0.128490017618099
3.07625,0.181712325544963
3.076375,0.128490017618272
3.0765,5.88179545334172e-13
3.076625,-0.128490017617908
3.07675,-0.181712325544963
3.076875,-0.128490017618464
3.077,-1.97630820610961e-13
3.077125,0.128490017617717
3.07725,0.181712325544963
3.077375,0.128490017618187
3.0775,4.68147685207676e-13
3.077625,-0.128490017617525
3.07775,-0.181712325544963
3.077875,-0.128490017618379
3.078,-7.38664549804391e-13
3.078125,0.128490017617801
3.07825,0.181712325544963
3.078375,0.12849001761857
3.0785,3.4811582508118e-13
3.078625,-0.128490017618078
3.07875,-0.181712325544963
3.078875,-0.128490017618294
3.079,4.24328996420309e-14
3.079125,0.128490017617886
3.07925,0.181712325544963
3.079375,0.128490017618018
3.0795,2.28083964954684e-13
3.079625,-0.128490017617695
3.07975,-0.181712325544963
3.079875,-0.128490017618209
3.08,-4.986008295514e-13
3.080125,0.128490017617504
3.08025,0.181712325544963
3.080375,0.1284900176184
3.0805,7.69117694148115e-13
3.080625,-0.12849001761778
3.08075,-0.181712325544963
3.080875,-0.128490017618591
3.081,-3.78568969424904e-13
3.081125,0.128490017618056
3.08125,0.181712325544963
3.081375,0.128490017618315
3.0815,-1.19797552983075e-14
3.081625,-0.128490017617865
3.08175,-0.181712325544963
3.081875,-0.128490017618039
3.082,-2.58537109298408e-13
3.082125,0.128490017617674
3.08225,0.181712325544963
3.082375,0.12849001761823
3.0825,5.29053973895123e-13
3.082625,-0.12849001761795
3.08275,-0.181712325544963
3.082875,-0.128490017618422
3.083,-1.38505249171912e-13
3.083125,0.128490017617758
3.08325,0.181712325544963
3.083375,0.128490017618146
3.0835,4.09022113768627e-13
3.083625,-0.128490017618035
3.08375,-0.181712325544963
3.083875,-0.128490017618337
3.084,-1.8473389045416e-14
3.084125,0.128490017617376
3.08425,0.181712325544963
3.084375,0.128490017618061
3.0845,2.88990253642131e-13
3.084625,-0.128490017617652
3.08475,-0.181712325544963
3.084875,-0.128490017618252
3.085,-5.59507118238847e-13
3.085125,0.128490017617928
3.08525,0.181712325544963
3.085375,0.128490017618443
3.0855,1.68958393515635e-13
3.085625,-0.128490017617737
3.08575,-0.181712325544963
3.085875,-0.128490017618167
3.086,-4.39475258112351e-13
3.086125,0.128490017617546
3.08625,0.181712325544963
3.086375,0.128490017618358
3.0865,4.89265333891394e-14
3.086625,-0.128490017617822
3.08675,-0.181712325544963
3.086875,-0.128490017618082
3.087,-3.19443397985855e-13
3.087125,0.12849001761763
3.08725,0.181712325544963
3.087375,0.128490017618274
3.0875,5.8996026258257e-13
3.087625,-0.128490017617907
3.08775,-0.181712325544963
3.087875,-0.128490017618465
3.088,-1.99411537859359e-13
3.088125,0.128490017617715
3.08825,0.181712325544963
3.088375,0.128490017618189
3.0885,4.69928402456074e-13
3.088625,-0.128490017617524
3.08875,-0.181712325544963
3.088875,-0.12849001761838
3.089,-7.93796777328628e-14
3.089125,0.1284900176178
3.08925,0.181712325544963
3.089375,0.128490017618104
3.0895,3.49896542329578e-13
3.089625,-0.128490017617609
3.08975,-0.181712325544963
3.089875,-0.128490017618295
3.09,-6.20413406926293e-13
3.090125,0.128490017617885
3.09025,0.181712325544963
3.090375,0.128490017618486
3.0905,2.29864682203082e-13
3.090625,-0.128490017617694
3.09075,-0.181712325544963
3.090875,-0.12849001761821
3.091,1.60684042520129e-13
3.091125,0.128490017617503
3.09125,0.181712325544963
3.091375,0.128490017617934
3.0915,7.70898411396513e-13
3.091625,-0.128490017617779
3.09175,-0.181712325544963
3.091875,-0.128490017618125
3.092,-3.80349686673302e-13
3.092125,0.128490017617587
3.09225,0.181712325544963
3.092375,0.128490017618317
3.0925,6.50866551270017e-13
3.092625,-0.128490017617864
3.09275,-0.181712325544963
3.092875,-0.128490017618508
3.093,-2.60317826546806e-13
3.093125,0.128490017617672
3.09325,0.181712325544963
3.093375,0.128490017618232
3.0935,5.30834691143521e-13
3.093625,-0.128490017617481
3.09375,-0.181712325544963
3.093875,-0.128490017617956
3.094,-8.01351555740236e-13
3.094125,0.128490017617757
3.09425,0.181712325544963
3.094375,0.128490017618147
3.0945,4.10802831017025e-13
3.094625,-0.128490017618033
3.09475,-0.181712325544963
3.094875,-0.128490017618338
3.095,-2.02541062938138e-14
3.095125,0.128490017617842
3.09525,0.181712325544963
3.095375,0.128490017618062
3.0955,2.90770970890529e-13
3.095625,-0.128490017617651
3.09575,-0.181712325544963
3.095875,-0.128490017618253
3.096,-5.61287835487244e-13
3.096125,0.128490017617459
3.09625,0.181712325544963
3.096375,0.128490017617977
3.0965,8.3180470008396e-13
3.096625,-0.128490017617736
3.09675,-0.181712325544963
3.096875,-0.128490017618636
3.097,-4.41255975360748e-13
3.097125,0.128490017618012
3.09725,0.181712325544963
3.097375,0.12849001761836
3.0975,5.07072506375372e-14
3.097625,-0.128490017617821
3.09775,-0.181712325544963
3.097875,-0.128490017618083
3.098,-3.21224115234253e-13
3.098125,0.128490017617629
3.09825,0.181712325544963
3.098375,0.128490017618275
3.0985,5.91740979830968e-13
3.098625,-0.128490017617905
3.09875,-0.181712325544963
3.098875,-0.128490017618466
3.099,-2.01192255107757e-13
3.099125,0.128490017617714
3.09925,0.181712325544963
3.099375,0.12849001761819
3.0995,4.71709119704472e-13
3.099625,-0.12849001761799
3.09975,-0.181712325544963
3.099875,-0.128490017618381
3.1,-8.11603949812607e-14
3.100125,0.128490017617799
3.10025,0.181712325544963
3.100375,0.128490017618105
3.1005,3.51677259577976e-13
3.100625,-0.128490017617608
3.10075,-0.181712325544963
3.100875,-0.128490017618296
3.101,-6.22194124174691e-13
3.101125,0.128490017617884
3.10125,0.181712325544963
3.101375,0.128490017618488
3.1015,2.3164539945148e-13
3.101625,-0.128490017617693
3.10175,-0.181712325544963
3.101875,-0.128490017618211
3.102,-5.02162264048195e-13
3.102125,0.128490017617969
3.10225,0.181712325544963
3.102375,0.128490017618403
3.1025,1.11613539324984e-13
3.102625,-0.128490017617777
3.10275,-0.181712325544963
3.102875,-0.128490017618127
3.103,-3.82130403921699e-13
3.103125,0.128490017617586
3.10325,0.181712325544963
3.103375,0.128490017618318
3.1035,6.52647268518415e-13
3.103625,-0.128490017617862
3.10375,-0.181712325544963
3.103875,-0.128490017618509
3.104,-2.62098543795204e-13
3.104125,0.128490017617671
3.10425,0.181712325544963
3.104375,0.128490017618233
3.1045,5.32615408391919e-13
3.104625,-0.128490017617947
3.10475,-0.181712325544963
3.104875,-0.128490017618424
3.105,-1.42066683668708e-13
3.105125,0.128490017617756
3.10525,0.181712325544963
3.105375,0.128490017618148
3.1055,4.12583548265423e-13
3.105625,-0.128490017617565
3.10575,-0.181712325544963
3.105875,-0.128490017618339
3.106,-6.83100412862138e-13
3.106125,0.128490017617841
3.10625,0.181712325544963
3.106375,0.128490017618531
3.1065,2.92551688138927e-13
3.106625,-0.128490017618117
3.10675,-0.181712325544963
3.106875,-0.128490017618255
3.107,9.79970365842843e-14
3.107125,0.128490017617926
3.10725,0.181712325544963
3.107375,0.128490017617978
3.1075,1.72519828012431e-13
3.107625,-0.128490017617734
3.10775,-0.181712325544963
3.107875,-0.12849001761817
3.108,-4.43036692609146e-13
3.108125,0.128490017617543
3.10825,0.181712325544963
3.108375,0.128490017618361
3.1085,7.13553557205862e-13
3.108625,-0.128490017617819
3.10875,-0.181712325544963
3.108875,-0.128490017618552
3.109,-3.2300483248265e-13
3.109125,0.128490017618095
3.10925,0.181712325544963
3.109375,0.128490017618276
3.1095,-6.75438922405608e-14
3.109625,-0.128490017617437
3.10975,-0.181712325544963
3.109875,-0.128490017618
3.11,-2.02972972356154e-13
3.110125,0.128490017617713
3.11025,0.181712325544963
3.110375,0.128490017618191
3.1105,4.7348983695287e-13
3.110625,-0.128490017617989
3.11075,-0.181712325544963
3.110875,-0.128490017618382
3.111,-8.29411122296586e-14
3.111125,0.128490017617798
3.11125,0.181712325544963
3.111375,0.128490017618574
3.1115,3.53457976826374e-13
3.111625,-0.128490017617606
3.11175,-0.181712325544963
3.111875,-0.128490017618298
3.112,3.70907478968374e-14
3.112125,0.128490017617415
3.11225,0.181712325544963
3.112375,0.128490017618021
3.1125,8.94491706019805e-13
3.112625,-0.128490017617691
3.11275,-0.181712325544963
3.112875,-0.128490017618213
3.113,-5.03942981296593e-13
3.113125,0.128490017617967
3.11325,0.181712325544963
3.113375,0.128490017618404
3.1135,1.13394256573382e-13
3.113625,-0.128490017617776
3.11375,-0.181712325544963
3.113875,-0.128490017618128
3.114,-3.83911121170097e-13
3.114125,0.128490017617585
3.11425,0.181712325544963
3.114375,0.128490017618319
3.1145,-6.63760355311393e-15
3.114625,-0.128490017617861
3.11475,-0.181712325544963
3.114875,-0.128490017618043
3.115,-2.63879261043601e-13
3.115125,0.12849001761767
3.11525,0.181712325544963
3.115375,0.128490017618234
3.1155,5.34396125640317e-13
3.115625,-0.128490017617946
3.11575,-0.181712325544963
3.115875,-0.128490017618426
3.116,-1.43847400917105e-13
3.116125,0.128490017617755
3.11625,0.181712325544963
3.116375,0.128490017618149
3.1165,4.14364265513821e-13
3.116625,-0.128490017617563
3.11675,-0.181712325544963
3.116875,-0.128490017618341
3.117,-6.84881130110536e-13
3.117125,0.12849001761784
3.11725,0.181712325544963
3.117375,0.128490017618064
3.1175,2.94332405387325e-13
3.117625,-0.128490017617648
3.11775,-0.181712325544963
3.117875,-0.128490017618256
3.118,-5.6484926998404e-13
3.118125,0.128490017617924
3.11825,0.181712325544963
3.118375,0.128490017618447
3.1185,1.74300545260829e-13
3.118625,-0.128490017617733
3.11875,-0.181712325544963
3.118875,-0.128490017618171
3.119,-4.44817409857544e-13
3.119125,0.128490017617542
3.11925,0.181712325544963
3.119375,0.128490017618362
3.1195,7.15334274454259e-13
3.119625,-0.128490017617818
3.11975,-0.181712325544963
3.119875,-0.128490017618086
3.12,-3.24785549731048e-13
3.120125,0.128490017617627
3.12025,0.181712325544963
3.120375,0.128490017618277
3.1205,5.95302414327764e-13
3.120625,-0.128490017617903
3.12075,-0.181712325544963
3.120875,-0.128490017618469
3.121,-2.04753689604552e-13
3.121125,0.128490017617712
3.12125,0.181712325544963
3.121375,0.128490017618192
3.1215,4.75270554201268e-13
3.121625,-0.12849001761752
3.12175,-0.181712325544963
3.121875,-0.128490017617916
3.122,-7.45787418797983e-13
3.122125,0.128490017617796
3.12225,0.181712325544963
3.122375,0.128490017618575
3.1225,3.55238694074772e-13
3.122625,-0.128490017618073
3.12275,-0.181712325544963
3.122875,-0.128490017618299
3.123,3.53100306484395e-14
3.123125,0.128490017617881
3.12325,0.181712325544963
3.123375,0.12849001761849
3.1235,2.35206833948276e-13
3.123625,-0.12849001761769
3.12375,-0.181712325544963
3.123875,-0.128490017618214
3.124,-5.05723698544991e-13
3.124125,0.128490017617499
3.12425,0.181712325544963
3.124375,0.128490017618405
3.1245,7.76240563141706e-13
3.124625,-0.128490017617775
3.12475,-0.181712325544963
3.124875,-0.128490017618597
3.125,-3.85691838418495e-13
3.125125,0.128490017618051
3.12525,0.181712325544963
3.125375,0.12849001761832
3.1255,-4.85688630471607e-15
3.125625,-0.12849001761786
3.12575,-0.181712325544963
3.125875,-0.128490017618044
3.126,-2.65659978291999e-13
3.126125,0.128490017617669
3.12625,0.181712325544963
3.126375,0.128490017618236
3.1265,5.36176842888714e-13
3.126625,-0.128490017617945
3.12675,-0.181712325544963
3.126875,-0.128490017618427
3.127,-8.0669370748543e-13
3.127125,0.128490017617753
3.12725,0.181712325544963
3.127375,0.128490017618618
3.1275,4.16144982762219e-13
3.127625,-0.12849001761803
3.12775,-0.181712325544963
3.127875,-0.128490017618342
3.128,-2.55962580390074e-14
3.128125,0.128490017617838
3.12825,0.181712325544963
3.128375,0.128490017618066
3.1285,2.96113122635723e-13
3.128625,-0.128490017617647
3.12875,-0.181712325544963
3.128875,-0.128490017618257
3.129,-5.66629987232438e-13
3.129125,0.128490017617923
3.12925,0.181712325544963
3.129375,0.128490017618448
3.1295,1.76081262509227e-13
3.129625,-0.128490017617732
3.12975,-0.181712325544963
3.129875,-0.128490017618172
3.13,-4.46598127105942e-13
3.130125,0.128490017618008
3.13025,0.181712325544963
3.130375,0.128490017618363
3.1305,5.60494023827308e-14
3.130625,-0.128490017617817
3.13075,-0.181712325544963
3.130875,-0.128490017618087
3.131,-3.26566266979446e-13
3.131125,0.128490017617625
3.13125,0.181712325544963
3.131375,0.128490017618279
3.1315,5.97083131576161e-13
3.131625,-0.128490017617902
3.13175,-0.181712325544963
3.131875,-0.12849001761847
3.132,-2.0653440685295e-13
3.132125,0.12849001761771
3.13225,0.181712325544963
3.132375,0.128490017618194
3.1325,4.77051271449665e-13
3.132625,-0.128490017617986
3.13275,-0.181712325544963
3.132875,-0.128490017618385
3.133,-8.65025467264543e-14
3.133125,0.128490017617795
3.13325,0.181712325544963
3.133375,0.128490017618109
3.1335,3.5701941132317e-13
3.133625,-0.128490017617604
3.13375,-0.181712325544963
3.133875,-0.1284900176183
3.134,-6.27536275919885e-13
3.134125,0.12849001761788
3.13425,0.181712325544963
3.134375,0.128490017618491
3.1345,2.36987551196674e-13
3.134625,-0.128490017618156
3.13475,-0.181712325544963
3.134875,-0.128490017618215
3.135,-5.07504415793389e-13
3.135125,0.128490017617497
3.13525,0.181712325544963
3.135375,0.128490017618407
3.1355,1.16955691070178e-13
3.135625,-0.128490017617774
3.13575,-0.181712325544963
3.135875,-0.12849001761813
3.136,-3.87472555666893e-13
3.136125,0.128490017617582
3.13625,0.181712325544963
3.136375,0.128490017618322
3.1365,6.57989420263608e-13
3.136625,-0.128490017617859
3.13675,-0.181712325544963
3.136875,-0.128490017618513
3.137,-2.67440695540397e-13
3.137125,0.128490017617667
3.13725,0.181712325544963
3.137375,0.128490017618237
3.1375,-1.23108029182814e-13
3.137625,-0.128490017617476
3.13775,-0.181712325544963
3.137875,-0.128490017617961
3.138,-8.08474424733828e-13
3.138125,0.128490017617752
3.13825,0.181712325544963
3.138375,0.128490017618152
3.1385,4.17925700010616e-13
3.138625,-0.128490017618028
3.13875,-0.181712325544963
3.138875,-0.128490017618343
3.139,-6.88442564607332e-13
3.139125,0.128490017617837
3.13925,0.181712325544963
3.139375,0.128490017618534
3.1395,2.97893839884121e-13
3.139625,-0.128490017617646
3.13975,-0.181712325544963
3.139875,-0.128490017618258
3.14,9.26548848390907e-14
3.140125,0.128490017617454
3.14025,0.181712325544963
3.140375,0.128490017617982
3.1405,8.38927569077551e-13
3.140625,-0.128490017617731
3.14075,-0.181712325544963
3.140875,-0.128490017618173
3.141,-4.4837884435434e-13
3.141125,0.128490017618007
3.14125,0.181712325544963
3.141375,0.128490017618365
3.1415,5.78301196311287e-14
3.141625,-0.128490017617815
3.14175,-0.181712325544963
3.141875,-0.128490017618089
3.142,-3.28346984227844e-13
3.142125,0.128490017617624
3.14225,0.181712325544963
3.142375,0.12849001761828
3.1425,5.98863848824559e-13
3.142625,-0.128490017617433
3.14275,-0.181712325544963
3.142875,-0.128490017618004
3.143,-8.69380713421275e-13
3.143125,0.128490017617709
3.14325,0.181712325544963
3.143375,0.128490017618662
3.1435,4.78831988698063e-13
3.143625,-0.128490017617985
3.14375,-0.181712325544963
3.143875,-0.128490017618386
3.144,-8.82832639748521e-14
3.144125,0.128490017617794
3.14425,0.181712325544963
3.144375,0.12849001761811
3.1445,3.58800128571567e-13
3.144625,-0.128490017617603
3.14475,-0.181712325544963
3.144875,-0.128490017618301
3.145,-6.29316993168283e-13
3.145125,0.128490017617879
3.14525,0.181712325544963
3.145375,0.128490017618025
3.1455,2.38768268445071e-13
3.145625,-0.128490017617688
3.14575,-0.181712325544963
3.145875,-0.128490017618216
3.146,-5.09285133041787e-13
3.146125,0.128490017617964
3.14625,0.181712325544963
3.146375,0.128490017618408
3.1465,1.18736408318576e-13
3.146625,-0.128490017617772
3.14675,-0.181712325544963
3.146875,-0.128490017618132
3.147,-3.89253272915291e-13
3.147125,0.128490017617581
3.14725,0.181712325544963
3.147375,0.128490017618323
3.1475,6.59770137512006e-13
3.147625,-0.128490017617857
3.14775,-0.181712325544963
3.147875,-0.128490017618514
3.148,-2.69221412788795e-13
3.148125,0.128490017617666
3.14825,0.181712325544963
3.148375,0.128490017618238
3.1485,5.3973827738551e-13
3.148625,-0.128490017617942
3.14875,-0.181712325544963
3.148875,-0.128490017618429
3.149,-1.49189552662299e-13
3.149125,0.128490017617751
3.14925,0.181712325544963
3.149375,0.128490017618153
3.1495,4.19706417259014e-13
3.149625,-0.12849001761756
3.14975,-0.181712325544963
3.149875,-0.128490017618344
3.15,-6.90223281855729e-13
3.150125,0.128490017617836
3.15025,0.181712325544963
3.150375,0.128490017618536
3.1505,2.99674557132518e-13
3.150625,-0.128490017617644
3.15075,-0.181712325544963
3.150875,-0.12849001761826
3.151,-5.70191421729234e-13
3.151125,0.128490017617921
3.15125,0.181712325544963
3.151375,0.128490017618451
3.1515,1.79642697006022e-13
3.151625,-0.128490017617729
3.15175,-0.181712325544963
3.151875,-0.128490017618175
3.152,-4.50159561602738e-13
3.152125,0.128490017617538
3.15225,0.181712325544963
3.152375,0.128490017618366
3.1525,7.20676426199453e-13
3.152625,-0.128490017617814
3.15275,-0.181712325544963
3.152875,-0.128490017618557
3.153,-3.30127701476242e-13
3.153125,0.12849001761809
3.15325,0.181712325544963
3.153375,0.128490017618281
3.1535,-6.04210232469694e-14
3.153625,-0.128490017617899
3.15375,-0.181712325544963
3.153875,-0.128490017618005
3.154,-2.10095841349746e-13
3.154125,0.128490017617708
3.15425,0.181712325544963
3.154375,0.128490017618196
3.1545,4.80612705946461e-13
3.154625,-0.128490017617517
3.15475,-0.181712325544963
3.154875,-0.128490017618387
3.155,-7.51129570543177e-13
3.155125,0.128490017617793
3.15525,0.181712325544963
3.155375,0.128490017618579
3.1555,3.60580845819965e-13
3.155625,-0.128490017618069
3.15575,-0.181712325544963
3.155875,-0.128490017618303
3.156,2.9967878903246e-14
3.156125,0.12849001761741
3.15625,0.181712325544963
3.156375,0.128490017618026
3.1565,2.40548985693469e-13
3.156625,-0.128490017617686
3.15675,-0.181712325544963
3.156875,-0.128490017618218
3.157,-5.11065850290185e-13
3.157125,0.128490017617962
3.15725,0.181712325544963
3.157375,0.128490017618409
3.1575,1.20517125566973e-13
3.157625,-0.128490017617771
3.15775,-0.181712325544963
3.157875,-0.128490017618133
3.158,-3.91033990163689e-13
3.158125,0.128490017618047
3.15825,0.181712325544963
3.158375,0.128490017618324
3.1585,4.85265440477498e-16
3.158625,-0.128490017617389
3.15875,-0.181712325544963
3.158875,-0.128490017618048
3.159,-2.71002130037193e-13
3.159125,0.128490017617665
3.15925,0.181712325544963
3.159375,0.128490017618239
3.1595,5.41518994633908e-13
3.159625,-0.128490017617941
3.15975,-0.181712325544963
3.159875,-0.128490017618431
3.16,-1.50970269910697e-13
3.160125,0.12849001761775
3.16025,0.181712325544963
3.160375,0.128490017618154
3.1605,4.21487134507412e-13
3.160625,-0.128490017617558
3.16075,-0.181712325544963
3.160875,-0.128490017618346
3.161,-3.09384097842009e-14
3.161125,0.128490017617834
3.16125,0.181712325544963
3.161375,0.12849001761807
3.1615,3.01455274380916e-13
3.161625,-0.128490017617643
3.16175,-0.181712325544963
3.161875,-0.128490017618261
3.162,-5.71972138977631e-13
3.162125,0.128490017617919
3.16225,0.181712325544963
3.162375,0.128490017618452
3.1625,1.8142341425442e-13
3.162625,-0.128490017617728
3.16275,-0.181712325544963
3.162875,-0.128490017618176
3.163,-4.51940278851136e-13
3.163125,0.128490017617537
3.16325,0.181712325544963
3.163375,0.128490017618367
3.1635,7.22457143447851e-13
3.163625,-0.128490017617813
3.16375,-0.181712325544963
3.163875,-0.128490017618091
3.164,-3.3190841872464e-13
3.164125,0.128490017617622
3.16425,0.181712325544963
3.164375,0.128490017618282
3.1645,6.02425283321355e-13
3.164625,-0.128490017617898
3.16475,-0.181712325544963
3.164875,-0.128490017618474
3.165,-2.11876558598144e-13
3.165125,0.128490017617707
3.16525,0.181712325544963
3.165375,0.128490017618197
3.1655,-1.78672166125067e-13
3.165625,-0.128490017617515
3.16575,-0.181712325544963
3.165875,-0.128490017617921
3.166,-7.52910287791574e-13
3.166125,0.128490017617791
3.16625,0.181712325544963
3.166375,0.128490017618113
3.1665,3.62361563068363e-13
3.166625,-0.1284900176176
3.16675,-0.181712325544963
3.166875,-0.128490017618304
3.167,-6.32878427665078e-13
3.167125,0.128490017617876
3.16725,0.181712325544963
3.167375,0.128490017618495
3.1675,2.42329702941867e-13
3.167625,-0.128490017617685
3.16775,-0.181712325544963
3.167875,-0.128490017618219
3.168,-5.12846567538583e-13
3.168125,0.128490017617494
3.16825,0.181712325544963
3.168375,0.128490017617943
3.1685,7.83363432135298e-13
3.168625,-0.12849001761777
3.16875,-0.181712325544963
3.168875,-0.128490017618602
3.169,-3.92814707412087e-13
3.169125,0.128490017618046
3.16925,0.181712325544963
3.169375,0.128490017618325
3.1695,2.26598268887535e-15
3.169625,-0.128490017617855
3.16975,-0.181712325544963
3.169875,-0.128490017618049
3.17,-2.72782847285591e-13
3.170125,0.128490017617663
3.17025,0.181712325544963
3.170375,0.128490017618241
3.1705,5.43299711882306e-13
3.170625,-0.128490017617472
3.17075,-0.181712325544963
3.170875,-0.128490017617964
3.171,-8.13816576479021e-13
3.171125,0.128490017617748
3.17125,0.181712325544963
3.171375,0.128490017618623
3.1715,4.2326785175581e-13
3.171625,-0.128490017618025
3.17175,-0.181712325544963
3.171875,-0.128490017618347
3.172,-3.27191270325988e-14
3.172125,0.128490017617833
3.17225,0.181712325544963
3.172375,0.128490017618071
3.1725,3.03235991629314e-13
3.172625,-0.128490017617642
3.17275,-0.181712325544963
3.172875,-0.128490017618262
3.173,-5.73752856226029e-13
3.173125,0.128490017617918
3.17325,0.181712325544963
3.173375,0.128490017618453
3.1735,1.83204131502818e-13
3.173625,-0.128490017617727
3.17375,-0.181712325544963
3.173875,-0.128490017618645
3.174,-4.53720996099533e-13
3.174125,0.128490017618003
3.17425,0.181712325544963
3.174375,0.128490017618368
3.1745,6.31722713763222e-14
3.174625,-0.128490017617812
3.17475,-0.181712325544963
3.174875,-0.128490017618092
3.175,-3.33689135973038e-13
3.175125,0.12849001761762
3.17525,0.181712325544963
3.175375,0.128490017618284
3.1755,6.04206000569753e-13
3.175625,-0.128490017617897
3.17575,-0.181712325544963
3.175875,-0.128490017618475
3.176,-2.13657275846542e-13
3.176125,0.128490017617705
3.17625,0.181712325544963
3.176375,0.128490017618199
3.1765,4.84174140443257e-13
3.176625,-0.128490017617981
3.17675,-0.181712325544963
3.176875,-0.12849001761839
3.177,-9.36254157200457e-14
3.177125,0.12849001761779
3.17725,0.181712325544963
3.177375,0.128490017618114
3.1775,3.64142280316761e-13
3.177625,-0.128490017617599
3.17775,-0.181712325544963
3.177875,-0.128490017618305
3.178,-6.34659144913476e-13
3.178125,0.128490017617875
3.17825,0.181712325544963
3.178375,0.128490017618496
3.1785,2.44110420190265e-13
3.178625,-0.128490017617684
3.17875,-0.181712325544963
3.178875,-0.12849001761822
3.179,-5.1462728478698e-13
3.179125,0.12849001761796
3.17925,0.181712325544963
3.179375,0.128490017618412
3.1795,1.24078560063769e-13
3.179625,-0.128490017617769
3.17975,-0.181712325544963
3.179875,-0.128490017618135
3.18,-3.94595424660484e-13
3.180125,0.128490017617577
3.18025,0.181712325544963
3.180375,0.128490017618327
3.1805,6.651122892572e-13
3.180625,-0.128490017617854
3.18075,-0.181712325544963
3.180875,-0.128490017618518
3.181,-2.74563564533988e-13
3.181125,0.12849001761813
3.18125,0.181712325544963
3.181375,0.128490017618242
3.1815,-1.15985160189223e-13
3.181625,-0.128490017617471
3.18175,-0.181712325544963
3.181875,-0.128490017618433
3.182,-1.54531704407493e-13
3.182125,0.128490017617747
3.18225,0.181712325544963
3.182375,0.128490017618157
3.1825,4.25048569004208e-13
3.182625,-0.128490017617556
3.18275,-0.181712325544963
3.182875,-0.128490017618348
3.183,-6.95565433600923e-13
3.183125,0.128490017617832
3.18325,0.181712325544963
3.183375,0.128490017618539
3.1835,3.05016708877712e-13
3.183625,-0.128490017618108
3.18375,-0.181712325544963
3.183875,-0.128490017618263
3.184,8.55320158454993e-14
3.184125,0.128490017617449
3.18425,0.181712325544963
3.184375,0.128490017617987
3.1845,1.84984848751216e-13
3.184625,-0.128490017617726
3.18475,-0.181712325544963
3.184875,-0.128490017618178
3.185,-4.55501713347931e-13
3.185125,0.128490017618002
3.18525,0.181712325544963
3.185375,0.12849001761837
3.1855,6.49529886247201e-14
3.185625,-0.12849001761781
3.18575,-0.181712325544963
3.185875,-0.128490017618561
3.186,-3.35469853221435e-13
3.186125,0.128490017617619
3.18625,0.181712325544963
3.186375,0.128490017618285
3.1865,-5.50788715017758e-14
3.186625,-0.128490017617428
3.18675,-0.181712325544963
3.186875,-0.128490017618009
3.187,-8.76503582414866e-13
3.187125,0.128490017617704
3.18725,0.181712325544963
3.187375,0.1284900176182
3.1875,4.85954857691655e-13
3.187625,-0.12849001761798
3.18775,-0.181712325544963
3.187875,-0.128490017618391
3.188,-9.54061329684435e-14
3.188125,0.128490017617789
3.18825,0.181712325544963
3.188375,0.128490017618115
3.1885,3.65922997565159e-13
3.188625,-0.128490017617598
3.18875,-0.181712325544963
3.188875,-0.128490017618306
3.189,-6.36439862161874e-13
3.189125,0.128490017617874
3.18925,0.181712325544963
3.189375,0.12849001761803
3.1895,9.06956726758589e-13
3.189625,-0.128490017617682
3.18975,-0.181712325544963
3.189875,-0.128490017618222
3.19,-5.16408002035378e-13
3.190125,0.128490017617959
3.19025,0.181712325544963
3.190375,0.128490017618413
3.1905,1.25859277312167e-13
3.190625,-0.128490017617767
3.19075,-0.181712325544963
3.190875,-0.128490017618137
3.191,-3.96376141908882e-13
3.191125,0.128490017617576
3.19125,0.181712325544963
3.191375,0.128490017618328
3.1915,6.66893006505598e-13
3.191625,-0.128490017617852
3.19175,-0.181712325544963
3.191875,-0.128490017618052
3.192,-2.76344281782386e-13
3.192125,0.128490017617661
3.19225,0.181712325544963
3.192375,0.128490017618243
3.1925,5.46861146379102e-13
3.192625,-0.128490017617937
3.19275,-0.181712325544963
3.192875,-0.128490017618434
3.193,-1.5631242165589e-13
3.193125,0.128490017617746
3.19325,0.181712325544963
3.193375,0.128490017618158
3.1935,4.26829286252606e-13
3.193625,-0.128490017617555
3.19375,-0.181712325544963
3.193875,-0.128490017618349
3.194,-6.97346150849321e-13
3.194125,0.128490017617831
3.19425,0.181712325544963
3.194375,0.128490017618541
3.1945,3.0679742612611e-13
3.194625,-0.128490017617639
3.19475,-0.181712325544963
3.194875,-0.128490017618265
3.195,-5.77314290722825e-13
3.195125,0.128490017617916
3.19525,0.181712325544963
3.195375,0.128490017618456
3.1955,1.86765565999614e-13
3.195625,-0.128490017617724
3.19575,-0.181712325544963
3.195875,-0.12849001761818
3.196,-4.57282430596329e-13
3.196125,0.128490017617533
3.19625,0.181712325544963
3.196375,0.128490017617904
3.1965,7.27799295193044e-13
3.196625,-0.128490017617809
3.19675,-0.181712325544963
3.196875,-0.128490017618562
3.197,-3.37250570469833e-13
3.197125,0.128490017618085
3.19725,0.181712325544963
3.197375,0.128490017618286
3.1975,6.07767435066549e-13
3.197625,-0.128490017617894
3.19775,-0.181712325544963
3.197875,-0.128490017618477
3.198,-2.17218710343337e-13
3.198125,0.128490017617703
3.19825,0.181712325544963
3.198375,0.128490017618201
3.1985,4.87735574940053e-13
3.198625,-0.128490017617511
3.19875,-0.181712325544963
3.198875,-0.128490017618393
3.199,-7.58252439536768e-13
3.199125,0.128490017617788
3.19925,0.181712325544963
3.199375,0.128490017618584
3.1995,3.67703714813557e-13
3.199625,-0.128490017618064
3.19975,-0.181712325544963
3.199875,-0.128490017618308
3.2,2.28450099096545e-14
3.200125,0.128490017617873
3.20025,0.181712325544963
3.200375,0.128490017618031
3.2005,2.47671854687061e-13
3.200625,-0.128490017617681
3.20075,-0.181712325544963
3.200875,-0.128490017618223
3.201,-5.18188719283776e-13
3.201125,0.128490017617957
3.20125,0.181712325544963
3.201375,0.128490017618414
3.2015,7.88705583880491e-13
3.201625,-0.128490017617766
3.20175,-0.181712325544963
3.201875,-0.128490017618605
3.202,-3.9815685915728e-13
3.202125,0.128490017618042
3.20225,0.181712325544963
3.202375,0.128490017618329
3.2025,7.60813443406892e-15
3.202625,-0.128490017617851
3.20275,-0.181712325544963
3.202875,-0.128490017618053
3.203,-2.78124999030784e-13
3.203125,0.12849001761766
3.20325,0.181712325544963
3.203375,0.128490017618244
3.2035,5.486418636275e-13
3.203625,-0.128490017617936
3.20375,-0.181712325544963
3.203875,-0.128490017618436
3.204,-1.58093138904288e-13
3.204125,0.128490017617745
3.20425,0.181712325544963
3.204375,0.128490017618159
3.2045,4.28610003501004e-13
3.204625,-0.128490017618021
3.20475,-0.181712325544963
3.204875,-0.128490017618351
3.205,-3.80612787777924e-14
3.205125,0.128490017617362
3.20525,0.181712325544963
3.205375,0.128490017618075
3.2055,3.08578143374508e-13
3.205625,-0.128490017617638
3.20575,-0.181712325544963
3.205875,-0.128490017618266
3.206,-5.79095007971223e-13
3.206125,0.128490017617914
3.20625,0.181712325544963
3.206375,0.128490017618457
3.2065,1.88546283248012e-13
3.206625,-0.128490017617723
3.20675,-0.181712325544963
3.206875,-0.128490017618181
3.207,-4.59063147844727e-13
3.207125,0.128490017617532
3.20725,0.181712325544963
3.207375,0.128490017618372
3.2075,6.85144231215158e-14
3.207625,-0.128490017617808
3.20775,-0.181712325544963
3.207875,-0.128490017618096
3.208,-3.39031287718231e-13
3.208125,0.128490017617617
3.20825,0.181712325544963
3.208375,0.128490017618287
3.2085,6.09548152314946e-13
3.208625,-0.128490017617893
3.20875,-0.181712325544963
3.208875,-0.128490017618479
3.209,-2.18999427591735e-13
3.209125,0.128490017617701
3.20925,0.181712325544963
3.209375,0.128490017618203
3.2095,4.8951629218845e-13
3.209625,-0.12849001761751
3.20975,-0.181712325544963
3.209875,-0.128490017618394
3.21,-9.89675674652393e-14
3.210125,0.128490017617786
3.21025,0.181712325544963
3.210375,0.128490017618118
3.2105,3.69484432061955e-13
3.210625,-0.128490017617595
3.21075,-0.181712325544963
3.210875,-0.128490017618309
3.211,-6.4000129665867e-13
3.211125,0.128490017617871
3.21125,0.181712325544963
3.211375,0.1284900176185
3.2115,2.49452571935459e-13
3.211625,-0.12849001761768
3.21175,-0.181712325544963
3.211875,-0.128490017618224
3.212,1.41096152787753e-13
3.212125,0.128490017617489
3.21225,0.181712325544963
3.212375,0.128490017617948
3.2125,7.90486301128889e-13
3.212625,-0.128490017617765
3.21275,-0.181712325544963
3.212875,-0.128490017618139
3.213,-3.99937576405678e-13
3.213125,0.128490017617574
3.21325,0.181712325544963
3.213375,0.12849001761833
3.2135,6.70454441002393e-13
3.213625,-0.12849001761785
3.21375,-0.181712325544963
3.213875,-0.128490017618522
3.214,-2.79905716279182e-13
3.214125,0.128490017617658
3.21425,0.181712325544963
3.214375,0.128490017618246
3.2145,5.50422580875897e-13
3.214625,-0.128490017617467
3.21475,-0.181712325544963
3.214875,-0.128490017617969
3.215,-8.20939445472613e-13
3.215125,0.128490017617743
3.21525,0.181712325544963
3.215375,0.128490017618161
3.2155,4.30390720749401e-13
3.215625,-0.128490017618019
3.21575,-0.181712325544963
3.215875,-0.128490017618352
3.216,-3.98419960261902e-14
3.216125,0.128490017617828
3.21625,0.181712325544963
3.216375,0.128490017618076
3.2165,3.10358860622906e-13
3.216625,-0.128490017617637
3.21675,-0.181712325544963
3.216875,-0.128490017618267
3.217,-5.80875725219621e-13
3.217125,0.128490017617446
3.21725,0.181712325544963
3.217375,0.128490017617991
3.2175,8.51392589816336e-13
3.217625,-0.128490017617722
3.21775,-0.181712325544963
3.217875,-0.12849001761865
3.218,-4.60843865093125e-13
3.218125,0.128490017617998
3.21825,0.181712325544963
3.218375,0.128490017618374
3.2185,7.02951403699137e-14
3.218625,-0.128490017617807
3.21875,-0.181712325544963
3.218875,-0.128490017618097
3.219,-3.40812004966629e-13
3.219125,0.128490017617615
3.21925,0.181712325544963
3.219375,0.128490017618289
3.2195,6.11328869563344e-13
3.219625,-0.128490017617892
3.21975,-0.181712325544963
3.219875,-0.12849001761848
3.22,-2.20780144840133e-13
3.220125,0.1284900176177
3.22025,0.181712325544963
3.220375,0.128490017618204
3.2205,4.91297009436848e-13
3.220625,-0.128490017617976
3.22075,-0.181712325544963
3.220875,-0.128490017618395
3.221,-1.00748284713637e-13
3.221125,0.128490017617785
3.22125,0.181712325544963
3.221375,0.128490017618119
3.2215,3.71265149310352e-13
3.221625,-0.128490017617594
3.22175,-0.181712325544963
3.221875,-0.12849001761831
3.222,-6.41782013907068e-13
3.222125,0.12849001761787
3.22225,0.181712325544963
3.222375,0.128490017618501
3.2225,2.51233289183857e-13
3.222625,-0.128490017617679
3.22275,-0.181712325544963
3.222875,-0.128490017618225
3.223,-5.21750153780572e-13
3.223125,0.128490017617955
3.22325,0.181712325544963
3.223375,0.128490017618417
3.2235,1.31201429057361e-13
3.223625,-0.128490017617764
3.22375,-0.181712325544963
3.223875,-0.12849001761814
3.224,-4.01718293654076e-13
3.224125,0.128490017617572
3.22425,0.181712325544963
3.224375,0.128490017618332
3.2245,6.72235158250791e-13
3.224625,-0.128490017617848
3.22475,-0.181712325544963
3.224875,-0.128490017618523
3.225,-2.8168643352758e-13
3.225125,0.128490017617657
3.22525,0.181712325544963
3.225375,0.128490017618247
3.2255,5.52203298124295e-13
3.225625,-0.128490017617933
3.22575,-0.181712325544963
3.225875,-0.128490017618438
3.226,-1.61654573401084e-13
3.226125,0.128490017617742
3.22625,0.181712325544963
3.226375,0.128490017618162
3.2265,4.32171437997799e-13
3.226625,-0.128490017617551
3.22675,-0.181712325544963
3.226875,-0.128490017618353
3.227,-7.02688302594515e-13
3.227125,0.128490017617827
3.22725,0.181712325544963
3.227375,0.128490017618545
3.2275,3.12139577871303e-13
3.227625,-0.128490017618103
3.22775,-0.181712325544963
3.227875,-0.128490017618268
3.228,7.84091468519078e-14
3.228125,0.128490017617912
3.22825,0.181712325544963
3.228375,0.128490017617992
3.2285,1.92107717744807e-13
3.228625,-0.128490017617721
3.22875,-0.181712325544963
3.228875,-0.128490017618183
3.229,-4.62624582341523e-13
3.229125,0.128490017617529
3.22925,0.181712325544963
3.229375,0.128490017618375
3.2295,7.33141446938238e-13
3.229625,-0.128490017617805
3.22975,-0.181712325544963
3.229875,-0.128490017618566
3.23,-3.42592722215027e-13
3.230125,0.128490017618082
3.23025,0.181712325544963
3.230375,0.12849001761829
3.2305,-4.79560025081844e-14
3.230625,-0.128490017617423
3.23075,-0.181712325544963
3.230875,-0.128490017618014
3.231,-2.22560862088531e-13
3.231125,0.128490017617699
3.23125,0.181712325544963
3.231375,0.128490017618205
3.2315,4.93077726685246e-13
3.231625,-0.128490017617975
3.23175,-0.181712325544963
3.231875,-0.128490017618396
3.232,-1.02529001962035e-13
3.232125,0.128490017617784
3.23225,0.181712325544963
3.232375,0.12849001761812
3.2325,3.7304586655875e-13
3.232625,-0.128490017617593
3.23275,-0.181712325544963
3.232875,-0.128490017618311
3.233,1.7502858164461e-14
3.233125,0.128490017617401
3.23325,0.181712325544963
3.233375,0.128490017618035
3.2335,9.14079595752181e-13
3.233625,-0.128490017617677
3.23375,-0.181712325544963
3.233875,-0.128490017618227
3.234,-5.2353087102897e-13
3.234125,0.128490017617954
3.23425,0.181712325544963
3.234375,0.128490017618418
3.2345,1.32982146305758e-13
3.234625,-0.128490017617762
3.23475,-0.181712325544963
3.234875,-0.128490017618142
3.235,-4.03499010902474e-13
3.235125,0.128490017617571
3.23525,0.181712325544963
3.235375,0.128490017618333
3.2355,1.29502861792625e-14
3.235625,-0.128490017617847
3.23575,-0.181712325544963
3.235875,-0.128490017618057
3.236,-2.83467150775978e-13
3.236125,0.128490017617656
3.23625,0.181712325544963
3.236375,0.128490017618248
3.2365,5.53984015372693e-13
3.236625,-0.128490017617932
3.23675,-0.181712325544963
3.236875,-0.128490017618439
3.237,-1.63435290649482e-13
3.237125,0.128490017617741
3.23725,0.181712325544963
3.237375,0.128490017618163
3.2375,4.33952155246197e-13
3.237625,-0.128490017617549
3.23775,-0.181712325544963
3.237875,-0.128490017618354
3.238,-7.04469019842912e-13
3.238125,0.128490017617826
3.23825,0.181712325544963
3.238375,0.128490017618078
3.2385,3.13920295119701e-13
3.238625,-0.128490017617634
3.23875,-0.181712325544963
3.238875,-0.12849001761827
3.239,-5.84437159716417e-13
3.239125,0.128490017617911
3.23925,0.181712325544963
3.239375,0.128490017618461
3.2395,1.93888434993205e-13
3.239625,-0.128490017617719
3.23975,-0.181712325544963
3.239875,-0.128490017618185
3.24,-4.64405299589921e-13
3.240125,0.128490017617528
3.24025,0.181712325544963
3.240375,0.128490017618376
3.2405,7.34922164186636e-13
3.240625,-0.128490017617804
3.24075,-0.181712325544963
3.240875,-0.1284900176181
3.241,-3.44373439463425e-13
3.241125,0.128490017617613
3.24125,0.181712325544963
3.241375,0.128490017618291
3.2415,6.1489030406014e-13
3.241625,-0.128490017617889
3.24175,-0.181712325544963
3.241875,-0.128490017618482
3.242,-2.24341579336929e-13
3.242125,0.128490017617698
3.24225,0.181712325544963
3.242375,0.128490017618206
3.2425,4.94858443933644e-13
3.242625,-0.128490017617506
3.24275,-0.181712325544963
3.242875,-0.12849001761793
3.243,-7.65375308530359e-13
3.243125,0.128490017617783
3.24325,0.181712325544963
3.243375,0.128490017618589
3.2435,3.74826583807148e-13
3.243625,-0.128490017618059
3.24375,-0.181712325544963
3.243875,-0.128490017618313
3.244,1.57221409160631e-14
3.244125,0.128490017617867
3.24425,0.181712325544963
3.244375,0.128490017618504
3.2445,2.54794723680652e-13
3.244625,-0.128490017617676
3.24475,-0.181712325544963
3.244875,-0.128490017618228
3.245,-5.25311588277367e-13
3.245125,0.128490017617485
3.24525,0.181712325544963
3.245375,0.128490017618419
3.2455,7.95828452874083e-13
3.245625,-0.128490017617761
3.24575,-0.181712325544963
3.245875,-0.12849001761861
3.246,-4.05279728150872e-13
3.246125,0.128490017618037
3.24625,0.181712325544963
3.246375,0.128490017618334
3.2465,1.47310034276603e-14
3.246625,-0.128490017617846
3.24675,-0.181712325544963
3.246875,-0.128490017618058
3.247,-2.85247868024376e-13
3.247125,0.128490017617655
3.24725,0.181712325544963
3.247375,0.128490017618249
3.2475,5.55764732621091e-13
3.247625,-0.128490017617931
3.24775,-0.181712325544963
3.247875,-0.128490017618441
3.248,-1.6521600789788e-13
3.248125,0.12849001761774
3.24825,0.181712325544963
3.248375,0.128490017618632
3.2485,4.35732872494595e-13
3.248625,-0.128490017618016
3.24875,-0.181712325544963
3.248875,-0.128490017618356
3.249,-4.51841477713838e-14
3.249125,0.128490017617824
3.24925,0.181712325544963
3.249375,0.12849001761808
3.2495,3.15701012368099e-13
3.249625,-0.128490017617633
3.24975,-0.181712325544963
3.249875,-0.128490017618271
3.25,-5.86217876964814e-13
3.250125,0.128490017617909
3.25025,0.181712325544963
3.250375,0.128490017618462
3.2505,1.95669152241603e-13
3.250625,-0.128490017617718
3.25075,-0.181712325544963
3.250875,-0.128490017618186
3.251,-4.66186016838318e-13
3.251125,0.128490017617994
3.25125,0.181712325544963
3.251375,0.128490017618377
3.2515,7.56372921151072e-14
3.251625,-0.128490017617803
3.25175,-0.181712325544963
3.251875,-0.128490017618101
3.252,-3.46154156711823e-13
3.252125,0.128490017617612
3.25225,0.181712325544963
3.252375,0.128490017618292
3.2525,6.16671021308538e-13
3.252625,-0.128490017617888
3.25275,-0.181712325544963
3.252875,-0.128490017618484
3.253,-2.26122296585327e-13
3.253125,0.128490017617696
3.25325,0.181712325544963
3.253375,0.128490017618208
3.2535,4.96639161182042e-13
3.253625,-0.128490017617973
3.25375,-0.181712325544963
3.253875,-0.128490017618399
3.254,-1.06090436458831e-13
3.254125,0.128490017617781
3.25425,0.181712325544963
3.254375,0.128490017618123
3.2545,3.76607301055546e-13
3.254625,-0.12849001761759
3.25475,-0.181712325544963
3.254875,-0.128490017618314
3.255,-6.47124165652261e-13
3.255125,0.128490017617866
3.25525,0.181712325544963
3.255375,0.128490017618505
3.2555,2.5657544092905e-13
3.255625,-0.128490017618142
3.25575,-0.181712325544963
3.255875,-0.128490017618229
3.256,-5.27092305525765e-13
3.256125,0.128490017617484
3.25625,0.181712325544963
3.256375,0.12849001761842
3.2565,1.36543580802554e-13
3.256625,-0.12849001761776
3.25675,-0.181712325544963
3.256875,-0.128490017618144
3.257,-4.07060445399269e-13
3.257125,0.128490017617569
3.25725,0.181712325544963
3.257375,0.128490017618335
3.2575,6.77577309995985e-13
3.257625,-0.128490017617845
3.25775,-0.181712325544963
3.257875,-0.128490017618527
3.258,-2.87028585272773e-13
3.258125,0.128490017617653
3.25825,0.181712325544963
3.258375,0.128490017618251
3.2585,-1.03520139450438e-13
3.258625,-0.128490017617462
3.25875,-0.181712325544963
3.258875,-0.128490017617974
3.259,-8.28062314466204e-13
3.259125,0.128490017617738
3.25925,0.181712325544963
3.259375,0.128490017618166
3.2595,4.37513589742993e-13
3.259625,-0.128490017618014
3.25975,-0.181712325544963
3.259875,-0.128490017618357
3.26,-7.08030454339708e-13
3.260125,0.128490017617823
3.26025,0.181712325544963
3.260375,0.128490017618548
3.2605,3.17481729616497e-13
3.260625,-0.128490017617632
3.26075,-0.181712325544963
3.260875,-0.128490017618272
3.261,7.30669951067143e-14
3.261125,0.128490017617441
3.26125,0.181712325544963
3.261375,0.128490017617996
3.2615,8.58515458809928e-13
3.261625,-0.128490017617717
3.26175,-0.181712325544963
3.261875,-0.128490017618187
3.262,-4.67966734086716e-13
3.262125,0.128490017617993
3.26225,0.181712325544963
3.262375,0.128490017618379
3.2625,7.74180093635051e-14
3.262625,-0.128490017617802
3.26275,-0.181712325544963
3.262875,-0.128490017618102
3.263,-3.4793487396022e-13
3.263125,0.12849001761761
3.26325,0.181712325544963
3.263375,0.128490017618294
3.2635,6.18451738556936e-13
3.263625,-0.128490017617886
3.26375,-0.181712325544963
3.263875,-0.128490017618018
3.264,-8.88968603153651e-13
3.264125,0.128490017617695
3.26425,0.181712325544963
3.264375,0.128490017618676
3.2645,4.9841987843044e-13
3.264625,-0.128490017617971
3.26475,-0.181712325544963
3.264875,-0.1284900176184
3.265,-1.07871153707229e-13
3.265125,0.12849001761778
3.26525,0.181712325544963
3.265375,0.128490017618124
3.2655,3.78388018303944e-13
3.265625,-0.128490017617589
3.26575,-0.181712325544963
3.265875,-0.128490017618315
3.266,-6.48904882900659e-13
3.266125,0.128490017617865
3.26625,0.181712325544963
3.266375,0.128490017618039
3.2665,2.58356158177448e-13
3.266625,-0.128490017617674
3.26675,-0.181712325544963
3.266875,-0.12849001761823
3.267,-5.28873022774163e-13
3.267125,0.12849001761795
3.26725,0.181712325544963
3.267375,0.128490017618422
3.2675,1.38324298050952e-13
3.267625,-0.128490017617759
3.26775,-0.181712325544963
3.267875,-0.128490017618145
3.268,-4.08841162647667e-13
3.268125,0.128490017617567
3.26825,0.181712325544963
3.268375,0.128490017618337
3.2685,6.79358027244383e-13
3.268625,-0.128490017617843
3.26875,-0.181712325544963
3.268875,-0.128490017618528
3.269,-2.88809302521171e-13
3.269125,0.128490017617652
3.26925,0.181712325544963
3.269375,0.128490017618252
3.2695,5.59326167117887e-13
3.269625,-0.128490017617928
3.26975,-0.181712325544963
3.269875,-0.128490017618443
3.27,-1.68777442394675e-13
3.270125,0.128490017617737
3.27025,0.181712325544963
3.270375,0.128490017618167
3.2705,4.39294306991391e-13
3.270625,-0.128490017617546
3.27075,-0.181712325544963
3.270875,-0.128490017618358
3.271,-7.09811171588106e-13
3.271125,0.128490017617822
3.27125,0.181712325544963
3.271375,0.12849001761855
3.2715,3.19262446864895e-13
3.271625,-0.128490017617631
3.27175,-0.181712325544963
3.271875,-0.128490017618273
3.272,-5.8977931146161e-13
3.272125,0.128490017617907
3.27225,0.181712325544963
3.272375,0.128490017618465
3.2725,1.99230586738399e-13
3.272625,-0.128490017617716
3.27275,-0.181712325544963
3.272875,-0.128490017618189
3.273,-4.69747451335114e-13
3.273125,0.128490017617524
3.27325,0.181712325544963
3.273375,0.12849001761838
3.2735,7.40264315931829e-13
3.273625,-0.1284900176178
3.27375,-0.181712325544963
3.273875,-0.128490017618571
3.274,-3.49715591208618e-13
3.274125,0.128490017618077
3.27425,0.181712325544963
3.274375,0.128490017618295
3.2745,-4.0833133514593e-14
3.274625,-0.128490017617885
3.27475,-0.181712325544963
3.274875,-0.128490017618019
3.275,-2.29683731082122e-13
3.275125,0.128490017617694
3.27525,0.181712325544963
3.275375,0.12849001761821
3.2755,5.00200595678838e-13
3.275625,-0.128490017617503
3.27575,-0.181712325544963
3.275875,-0.128490017618401
3.276,-7.70717460275553e-13
3.276125,0.128490017617779
3.27625,0.181712325544963
3.276375,0.128490017618593
3.2765,3.80168735552342e-13
3.276625,-0.128490017618055
3.27675,-0.181712325544963
3.276875,-0.128490017618316
3.277,1.03799891708695e-14
3.277125,0.128490017617396
3.27725,0.181712325544963
3.277375,0.12849001761804
3.2775,2.60136875425846e-13
3.277625,-0.128490017617672
3.27775,-0.181712325544963
3.277875,-0.128490017618232
3.278,-5.30653740022561e-13
3.278125,0.128490017617949
3.27825,0.181712325544963
3.278375,0.128490017618423
3.2785,1.4010501529935e-13
3.278625,-0.128490017617757
3.27875,-0.181712325544963
3.278875,-0.128490017618147
3.279,-4.10621879896065e-13
3.279125,0.128490017618033
3.27925,0.181712325544963
3.279375,0.128490017618338
3.2795,2.00731551728539e-14
3.279625,-0.128490017617375
3.27975,-0.181712325544963
3.279875,-0.128490017618062
3.28,-2.90590019769569e-13
3.280125,0.128490017617651
3.28025,0.181712325544963
3.280375,0.128490017618253
3.2805,5.61106884366284e-13
3.280625,-0.128490017617927
3.28075,-0.181712325544963
3.280875,-0.128490017618444
3.281,-1.70558159643073e-13
3.281125,0.128490017617736
3.28125,0.181712325544963
3.281375,0.128490017618168
3.2815,4.41075024239789e-13
3.281625,-0.128490017617544
3.28175,-0.181712325544963
3.281875,-0.12849001761836
3.282,-5.05262995165774e-14
3.282125,0.128490017617821
3.28225,0.181712325544963
3.282375,0.128490017618083
3.2825,3.21043164113293e-13
3.282625,-0.128490017617629
3.28275,-0.181712325544963
3.282875,-0.128490017618275
3.283,-5.91560028710008e-13
3.283125,0.128490017617906
3.28325,0.181712325544963
3.283375,0.128490017618466
3.2835,2.01011303986797e-13
3.283625,-0.128490017617714
3.28375,-0.181712325544963
3.283875,-0.12849001761819
3.284,-4.71528168583512e-13
3.284125,0.128490017617523
3.28425,0.181712325544963
3.284375,0.128490017618381
3.2845,7.42045033180227e-13
3.284625,-0.128490017617799
3.28475,-0.181712325544963
3.284875,-0.128490017618105
3.285,-3.51496308457016e-13
3.285125,0.128490017617608
3.28525,0.181712325544963
3.285375,0.128490017618296
3.2855,6.22013173053731e-13
3.285625,-0.128490017617884
3.28575,-0.181712325544963
3.285875,-0.128490017618487
3.286,-2.3146444833052e-13
3.286125,0.128490017617693
3.28625,0.181712325544963
3.286375,0.128490017618211
3.2865,-1.59084276392691e-13
3.286625,-0.128490017617501
3.28675,-0.181712325544963
3.286875,-0.128490017617935
3.287,-7.72498177523951e-13
3.287125,0.128490017617778
3.28725,0.181712325544963
3.287375,0.128490017618126
3.2875,3.8194945280074e-13
3.287625,-0.128490017617586
3.28775,-0.181712325544963
3.287875,-0.128490017618318
3.288,-6.52466317397455e-13
3.288125,0.128490017617862
3.28825,0.181712325544963
3.288375,0.128490017618509
3.2885,2.61917592674244e-13
3.288625,-0.128490017617671
3.28875,-0.181712325544963
3.288875,-0.128490017618233
3.289,-5.32434457270959e-13
3.289125,0.12849001761748
3.28925,0.181712325544963
3.289375,0.128490017617957
3.2895,8.02951321867674e-13
3.289625,-0.128490017617756
3.28975,-0.181712325544963
3.289875,-0.128490017618615
3.29,-4.12402597144463e-13
3.290125,0.128490017618032
3.29025,0.181712325544963
3.290375,0.128490017618339
3.2905,2.18538724212518e-14
3.290625,-0.128490017617841
3.29075,-0.181712325544963
3.290875,-0.128490017618063
3.291,-2.92370737017967e-13
3.291125,0.12849001761765
3.29125,0.181712325544963
3.291375,0.128490017618254
3.2915,5.62887601614682e-13
3.291625,-0.128490017617458
3.29175,-0.181712325544963
3.291875,-0.128490017617978
3.292,-8.33404466211398e-13
3.292125,0.128490017617734
3.29225,0.181712325544963
3.292375,0.128490017618637
3.2925,4.42855741488186e-13
3.292625,-0.128490017618011
3.29275,-0.181712325544963
3.292875,-0.128490017618361
3.293,-5.23070167649752e-14
3.293125,0.128490017617819
3.29325,0.181712325544963
3.293375,0.128490017618085
3.2935,3.2282388136169e-13
3.293625,-0.128490017617628
3.29375,-0.181712325544963
3.293875,-0.128490017618276
3.294,-5.93340745958406e-13
3.294125,0.128490017617904
3.29425,0.181712325544963
3.294375,0.128490017618467
3.2945,2.02792021235195e-13
3.294625,-0.128490017617713
3.29475,-0.181712325544963
3.294875,-0.128490017618191
3.295,-4.7330888583191e-13
3.295125,0.128490017617989
3.29525,0.181712325544963
3.295375,0.128490017618382
3.2955,8.27601611086987e-14
3.295625,-0.128490017617798
3.29575,-0.181712325544963
3.295875,-0.128490017618106
3.296,-3.53277025705414e-13
3.296125,0.128490017617607
3.29625,0.181712325544963
3.296375,0.128490017618297
3.2965,6.23793890302129e-13
3.296625,-0.128490017617883
3.29675,-0.181712325544963
3.296875,-0.128490017618489
3.297,-2.33245165578918e-13
3.297125,0.128490017617691
3.29725,0.181712325544963
3.297375,0.128490017618213
3.2975,5.03762030175633e-13
3.297625,-0.128490017617968
3.29775,-0.181712325544963
3.297875,-0.128490017618404
3.298,-1.13213305452422e-13
3.298125,0.128490017617776
3.29825,0.181712325544963
3.298375,0.128490017618128
3.2985,3.83730170049137e-13
3.298625,-0.128490017617585
3.29875,-0.181712325544963
3.298875,-0.128490017618319
3.299,-6.54247034645853e-13
3.299125,0.128490017617861
3.29925,0.181712325544963
3.299375,0.12849001761851
3.2995,2.63698309922641e-13
3.299625,-0.12849001761767
3.29975,-0.181712325544963
3.299875,-0.128490017618234
3.3,-5.34215174519357e-13
3.300125,0.128490017617946
3.30025,0.181712325544963
3.300375,0.128490017618425
3.3005,1.43666449796146e-13
3.300625,-0.128490017617755
3.30075,-0.181712325544963
3.300875,-0.128490017618149
3.301,-4.14183314392861e-13
3.301125,0.128490017617563
3.30125,0.181712325544963
3.301375,0.128490017618341
3.3015,6.84700178989576e-13
3.301625,-0.12849001761784
3.30175,-0.181712325544963
3.301875,-0.128490017618532
3.302,-2.94151454266365e-13
3.302125,0.128490017618116
3.30225,0.181712325544963
3.302375,0.128490017618256
3.3025,-9.63972704568463e-14
3.302625,-0.128490017617457
3.30275,-0.181712325544963
3.302875,-0.128490017618447
3.303,-1.74119594139869e-13
3.303125,0.128490017617733
3.30325,0.181712325544963
3.303375,0.128490017618171
3.3035,4.44636458736584e-13
3.303625,-0.128490017617542
3.30375,-0.181712325544963
3.303875,-0.128490017618362
3.304,-7.151533233333e-13
3.304125,0.128490017617818
3.30425,0.181712325544963
3.304375,0.128490017618553
3.3045,3.24604598610088e-13
3.304625,-0.128490017618094
3.30475,-0.181712325544963
3.304875,-0.128490017618277
3.305,6.59441261131229e-14
3.305125,0.128490017617436
3.30525,0.181712325544963
3.305375,0.128490017618001
3.3055,2.04572738483592e-13
3.305625,-0.128490017617712
3.30575,-0.181712325544963
3.305875,-0.128490017618192
3.306,-4.75089603080308e-13
3.306125,0.128490017617988
3.30625,0.181712325544963
3.306375,0.128490017618384
3.3065,8.45408783570965e-14
3.306625,-0.128490017617797
3.30675,-0.181712325544963
3.306875,-0.128490017618575
3.307,-3.55057742953812e-13
3.307125,0.128490017617605
3.30725,0.181712325544963
3.307375,0.128490017618299
3.3075,-3.54909817693994e-14
3.307625,-0.128490017617414
3.30775,-0.181712325544963
3.307875,-0.128490017618023
3.308,-8.96091472147242e-13
3.308125,0.12849001761769
3.30825,0.181712325544963
3.308375,0.128490017618214
3.3085,5.05542747424031e-13
3.308625,-0.128490017617966
3.30875,-0.181712325544963
3.308875,-0.128490017618405
3.309,-1.1499402270082e-13
3.309125,0.128490017617775
3.30925,0.181712325544963
3.309375,0.128490017618129
3.3095,3.85510887297535e-13
3.309625,-0.128490017617584
3.30975,-0.181712325544963
3.309875,-0.12849001761832
3.31,-6.56027751894251e-13
3.310125,0.12849001761786
3.31025,0.181712325544963
3.310375,0.128490017618044
3.3105,2.65479027171039e-13
3.310625,-0.128490017617669
3.31075,-0.181712325544963
3.310875,-0.128490017618235
3.311,-5.35995891767755e-13
3.311125,0.128490017617945
3.31125,0.181712325544963
3.311375,0.128490017618427
3.3115,1.45447167044543e-13
3.311625,-0.128490017617753
3.31175,-0.181712325544963
3.311875,-0.12849001761815
3.312,-4.15964031641259e-13
3.312125,0.128490017617562
3.31225,0.181712325544963
3.312375,0.128490017618342
3.3125,6.86480896237974e-13
3.312625,-0.128490017617838
3.31275,-0.181712325544963
3.312875,-0.128490017618066
3.313,-2.95932171514763e-13
3.313125,0.128490017617647
3.31325,0.181712325544963
3.313375,0.128490017618257
3.3135,5.66449036111478e-13
3.313625,-0.128490017617923
3.31375,-0.181712325544963
3.313875,-0.128490017618448
3.314,-1.75900311388267e-13
3.314125,0.128490017617732
3.31425,0.181712325544963
3.314375,0.128490017618172
3.3145,4.46417175984982e-13
3.314625,-0.128490017617541
3.31475,-0.181712325544963
3.314875,-0.128490017618363
3.315,-7.16934040581697e-13
3.315125,0.128490017617817
3.31525,0.181712325544963
3.315375,0.128490017618555
3.3155,3.26385315858486e-13
3.315625,-0.128490017617626
3.31575,-0.181712325544963
3.315875,-0.128490017618278
3.316,-5.96902180455201e-13
3.316125,0.128490017617902
3.31625,0.181712325544963
3.316375,0.12849001761847
3.3165,2.0635345573199e-13
3.316625,-0.12849001761771
3.31675,-0.181712325544963
3.316875,-0.128490017618194
3.317,-4.76870320328706e-13
3.317125,0.128490017617519
3.31725,0.181712325544963
3.317375,0.128490017617917
3.3175,7.47387184925421e-13
3.317625,-0.128490017617795
3.31775,-0.181712325544963
3.317875,-0.128490017618576
3.318,-3.5683846020221e-13
3.318125,0.128490017618071
3.31825,0.181712325544963
3.318375,0.1284900176183
3.3185,6.27355324798925e-13
3.318625,-0.12849001761788
3.31875,-0.181712325544963
3.318875,-0.128490017618491
3.319,-2.36806600075714e-13
3.319125,0.128490017617689
3.31925,0.181712325544963
3.319375,0.128490017618215
3.3195,5.07323464672429e-13
3.319625,-0.128490017617498
3.31975,-0.181712325544963
3.319875,-0.128490017618406
3.32,-7.77840329269144e-13
3.320125,0.128490017617774
3.32025,0.181712325544963
3.320375,0.128490017618598
3.3205,3.87291604545933e-13
3.320625,-0.12849001761805
3.32075,-0.181712325544963
3.320875,-0.128490017618321
3.321,3.25712017727811e-15
3.321125,0.128490017617859
3.32125,0.181712325544963
3.321375,0.128490017618045
3.3215,2.67259744419437e-13
3.321625,-0.128490017617667
3.32175,-0.181712325544963
3.321875,-0.128490017618237
3.322,-5.37776609016152e-13
3.322125,0.128490017617944
3.32225,0.181712325544963
3.322375,0.128490017618428
3.3225,8.08293473612868e-13
3.322625,-0.128490017617752
3.32275,-0.181712325544963
3.322875,-0.128490017618619
3.323,-4.17744748889657e-13
3.323125,0.128490017618028
3.32325,0.181712325544963
3.323375,0.128490017618343
3.3235,2.71960241664453e-14
3.323625,-0.128490017617837
3.32375,-0.181712325544963
3.323875,-0.128490017618067
3.324,-2.97712888763161e-13
3.324125,0.128490017617646
3.32425,0.181712325544963
3.324375,0.128490017618258
3.3245,5.68229753359876e-13
3.324625,-0.128490017617922
3.32475,-0.181712325544963
3.324875,-0.128490017618449
3.325,-1.77681028636665e-13
3.325125,0.128490017617731
3.32525,0.181712325544963
3.325375,0.128490017618173
3.3255,4.4819789323338e-13
3.325625,-0.128490017618007
3.32575,-0.181712325544963
3.325875,-0.128490017618365
3.326,-5.76491685101688e-14
3.326125,0.128490017617816
3.32625,0.181712325544963
3.326375,0.128490017618088
3.3265,3.28166033106884e-13
3.326625,-0.128490017617624
3.32675,-0.181712325544963
3.326875,-0.12849001761828
3.327,-5.98682897703599e-13
3.327125,0.1284900176179
3.32725,0.181712325544963
3.327375,0.128490017618471
3.3275,2.08134172980388e-13
3.327625,-0.128490017617709
3.32775,-0.181712325544963
3.327875,-0.128490017618195
3.328,-4.78651037577103e-13
3.328125,0.128490017617518
3.32825,0.181712325544963
3.328375,0.128490017618386
3.3285,8.81023128538922e-14
3.328625,-0.128490017617794
3.32875,-0.181712325544963
3.328875,-0.12849001761811
3.329,-3.58619177450608e-13
3.329125,0.128490017617603
3.32925,0.181712325544963
3.329375,0.128490017618301
3.3295,6.29136042047323e-13
3.329625,-0.128490017617879
3.32975,-0.181712325544963
3.329875,-0.128490017618493
3.33,-2.38587317324112e-13
3.330125,0.128490017617688
3.33025,0.181712325544963
3.330375,0.128490017618216
3.3305,5.09104181920827e-13
3.330625,-0.128490017617496
3.33075,-0.181712325544963
3.330875,-0.128490017618408
3.331,-1.18555457197616e-13
3.331125,0.128490017617773
3.33125,0.181712325544963
3.331375,0.128490017618131
3.3315,3.89072321794331e-13
3.331625,-0.128490017617581
3.33175,-0.181712325544963
3.331875,-0.128490017618323
3.332,-6.59589186391046e-13
3.332125,0.128490017617857
3.33225,0.181712325544963
3.332375,0.128490017618514
3.3325,2.69040461667835e-13
3.332625,-0.128490017617666
3.33275,-0.181712325544963
3.332875,-0.128490017618238
3.333,1.21508263055376e-13
3.333125,0.128490017617475
3.33325,0.181712325544963
3.333375,0.128490017617962
3.3335,8.10074190861266e-13
3.333625,-0.128490017617751
3.33375,-0.181712325544963
3.333875,-0.128490017618153
3.334,-4.19525466138054e-13
3.334125,0.12849001761756
3.33425,0.181712325544963
3.334375,0.128490017618344
3.3345,6.9004233073477e-13
3.334625,-0.128490017617836
3.33475,-0.181712325544963
3.334875,-0.128490017618536
3.335,-2.99493606011559e-13
3.335125,0.128490017617645
3.33525,0.181712325544963
3.335375,0.128490017618259
3.3355,5.70010470608274e-13
3.335625,-0.128490017617453
3.33575,-0.181712325544963
3.335875,-0.128490017617983
3.336,-8.40527335204989e-13
3.336125,0.128490017617729
3.33625,0.181712325544963
3.336375,0.128490017618175
3.3365,4.49978610481778e-13
3.336625,-0.128490017618006
3.33675,-0.181712325544963
3.336875,-0.128490017618366
3.337,-5.94298857585666e-14
3.337125,0.128490017617814
3.33725,0.181712325544963
3.337375,0.12849001761809
3.3375,3.29946750355282e-13
3.337625,-0.128490017617623
3.33775,-0.181712325544963
3.337875,-0.128490017618281
3.338,-6.00463614951997e-13
3.338125,0.128490017617432
3.33825,0.181712325544963
3.338375,0.128490017618005
3.3385,8.70980479548712e-13
3.338625,-0.128490017617708
3.33875,-0.181712325544963
3.338875,-0.128490017618664
3.339,-4.80431754825501e-13
3.339125,0.128490017617984
3.33925,0.181712325544963
3.339375,0.128490017618387
3.3395,8.98830301022901e-14
3.339625,-0.128490017617793
3.33975,-0.181712325544963
3.339875,-0.128490017618111
3.34,-3.60399894699005e-13
3.340125,0.128490017617602
3.34025,0.181712325544963
3.340375,0.128490017618302
3.3405,6.30916759295721e-13
3.340625,-0.128490017617878
3.34075,-0.181712325544963
3.340875,-0.128490017618494
3.341,-2.40368034572509e-13
3.341125,0.128490017617686
3.34125,0.181712325544963
3.341375,0.128490017618218
3.3415,5.10884899169225e-13
3.341625,-0.128490017617963
3.34175,-0.181712325544963
3.341875,-0.128490017618409
3.342,-1.20336174446014e-13
3.342125,0.128490017617771
3.34225,0.181712325544963
3.342375,0.128490017618133
3.3425,3.90853039042729e-13
3.342625,-0.12849001761758
3.34275,-0.181712325544963
3.342875,-0.128490017618324
3.343,-6.61369903639444e-13
3.343125,0.128490017617856
3.34325,0.181712325544963
3.343375,0.128490017618515
3.3435,2.70821178916233e-13
3.343625,-0.128490017617665
3.34375,-0.181712325544963
3.343875,-0.128490017618239
3.344,-5.41338043512948e-13
3.344125,0.128490017617941
3.34425,0.181712325544963
3.344375,0.12849001761843
3.3445,1.50789318789737e-13
3.344625,-0.12849001761775
3.34475,-0.181712325544963
3.344875,-0.128490017618154
3.345,-4.21306183386452e-13
3.345125,0.128490017617558
3.34525,0.181712325544963
3.345375,0.128490017618346
3.3455,6.91823047983168e-13
3.345625,-0.128490017617835
3.34575,-0.181712325544963
3.345875,-0.128490017618537
3.346,-3.01274323259956e-13
3.346125,0.128490017617643
3.34625,0.181712325544963
3.346375,0.128490017618261
3.3465,5.71791187856672e-13
3.346625,-0.128490017617919
3.34675,-0.181712325544963
3.346875,-0.128490017618452
3.347,-1.8124246313346e-13
3.347125,0.128490017617728
3.34725,0.181712325544963
3.347375,0.128490017618176
3.3475,4.51759327730176e-13
3.347625,-0.128490017617537
3.34775,-0.181712325544963
3.347875,-0.128490017618367
3.348,-7.22276192326891e-13
3.348125,0.128490017617813
3.34825,0.181712325544963
3.348375,0.128490017618558
3.3485,3.3172746760368e-13
3.348625,-0.128490017618089
3.34875,-0.181712325544963
3.348875,-0.128490017618282
3.349,5.88212571195314e-14
3.349125,0.128490017617898
3.34925,0.181712325544963
3.349375,0.128490017618006
3.3495,2.11695607477184e-13
3.349625,-0.128490017617707
3.34975,-0.181712325544963
3.349875,-0.128490017618197
3.35,-4.82212472073899e-13
3.350125,0.128490017617515
3.35025,0.181712325544963
3.350375,0.128490017618389
3.3505,7.52729336670615e-13
3.350625,-0.128490017617792
3.35075,-0.181712325544963
3.350875,-0.12849001761858
3.351,-3.62180611947403e-13
3.351125,0.128490017618068
3.35125,0.181712325544963
3.351375,0.128490017618304
3.3515,-2.8368112775808e-14
3.351625,-0.128490017617409
3.35175,-0.181712325544963
3.351875,-0.128490017618028
3.352,-2.42148751820907e-13
3.352125,0.128490017617685
3.35225,0.181712325544963
3.352375,0.128490017618219
3.3525,5.12665616417623e-13
3.352625,-0.128490017617961
3.35275,-0.181712325544963
3.352875,-0.12849001761841
3.353,-1.22116891694411e-13
3.353125,0.12849001761777
3.35325,0.181712325544963
3.353375,0.128490017618134
3.3535,3.92633756291127e-13
3.353625,-0.128490017617579
3.35375,-0.181712325544963
3.353875,-0.128490017618325
3.354,-2.08503156791546e-15
3.354125,0.128490017617387
3.35425,0.181712325544963
3.354375,0.128490017618049
3.3545,2.72601896164631e-13
3.354625,-0.128490017617664
3.35475,-0.181712325544963
3.354875,-0.12849001761824
3.355,-5.43118760761346e-13
3.355125,0.12849001761794
3.35525,0.181712325544963
3.355375,0.128490017618432
3.3555,1.52570036038135e-13
3.355625,-0.128490017617748
3.35575,-0.181712325544963
3.355875,-0.128490017618156
3.356,-4.2308690063485e-13
3.356125,0.128490017617557
3.35625,0.181712325544963
3.356375,0.128490017618347
3.3565,3.25381759116389e-14
3.356625,-0.128490017617833
3.35675,-0.181712325544963
3.356875,-0.128490017618071
3.357,-3.03055040508354e-13
3.357125,0.128490017617642
3.35725,0.181712325544963
3.357375,0.128490017618262
3.3575,5.73571905105069e-13
3.357625,-0.128490017617918
3.35775,-0.181712325544963
3.357875,-0.128490017618453
3.358,-1.83023180381858e-13
3.358125,0.128490017617727
3.35825,0.181712325544963
3.358375,0.128490017618177
3.3585,4.53540044978574e-13
3.358625,-0.128490017617536
3.35875,-0.181712325544963
3.358875,-0.128490017618368
3.359,-7.24056909575289e-13
3.359125,0.128490017617812
3.35925,0.181712325544963
3.359375,0.128490017618092
3.3595,3.33508184852078e-13
3.359625,-0.128490017617621
3.35975,-0.181712325544963
3.359875,-0.128490017618283
3.36,-6.04025049448793e-13
3.360125,0.128490017617897
3.36025,0.181712325544963
3.360375,0.128490017618475
3.3605,2.13476324725582e-13
3.360625,-0.128490017617705
3.36075,-0.181712325544963
3.360875,-0.128490017618199
3.361,1.7707239999763e-13
3.361125,0.128490017617514
3.36125,0.181712325544963
3.361375,0.12849001761839
3.3615,7.54510053919012e-13
3.361625,-0.12849001761779
3.36175,-0.181712325544963
3.361875,-0.128490017618114
3.362,-3.63961329195801e-13
3.362125,0.128490017617599
3.36225,0.181712325544963
3.362375,0.128490017618305
3.3625,6.34478193792516e-13
3.362625,-0.128490017617875
3.36275,-0.181712325544963
3.362875,-0.128490017618496
3.363,-2.43929469069305e-13
3.363125,0.128490017617684
3.36325,0.181712325544963
3.363375,0.12849001761822
3.3635,5.1444633366602e-13
3.363625,-0.128490017617493
3.36375,-0.181712325544963
3.363875,-0.128490017617944
3.364,-7.84963198262736e-13
3.364125,0.128490017617769
3.36425,0.181712325544963
3.364375,0.128490017618603
3.3645,3.94414473539525e-13
3.364625,-0.128490017618045
3.36475,-0.181712325544963
3.364875,-0.128490017618327
3.365,-3.86574881631331e-15
3.365125,0.128490017617854
3.36525,0.181712325544963
3.365375,0.128490017618518
3.3655,2.74382613413029e-13
3.365625,-0.128490017617662
3.36575,-0.181712325544963
3.365875,-0.128490017618242
3.366,-5.44899478009744e-13
3.366125,0.128490017617471
3.36625,0.181712325544963
3.366375,0.128490017618433
3.3665,8.15416342606459e-13
3.366625,-0.128490017617747
3.36675,-0.181712325544963
3.366875,-0.128490017618624
3.367,-4.24867617883248e-13
3.367125,0.128490017618023
3.36725,0.181712325544963
3.367375,0.128490017618348
3.3675,3.43188931600368e-14
3.367625,-0.128490017617832
3.36775,-0.181712325544963
3.367875,-0.128490017618072
3.368,-3.04835757756752e-13
3.368125,0.128490017617641
3.36825,0.181712325544963
3.368375,0.128490017618263
3.3685,5.75352622353467e-13
3.368625,-0.128490017617917
3.36875,-0.181712325544963
3.368875,-0.128490017618454
3.369,-1.84803897630256e-13
3.369125,0.128490017617726
3.36925,0.181712325544963
3.369375,0.128490017618646
3.3695,4.55320762226971e-13
3.369625,-0.128490017618002
3.36975,-0.181712325544963
3.369875,-0.12849001761837
3.37,-6.47720375037602e-14
3.370125,0.128490017617811
3.37025,0.181712325544963
3.370375,0.128490017618093
3.3705,3.35288902100475e-13
3.370625,-0.128490017617619
3.37075,-0.181712325544963
3.370875,-0.128490017618285
3.371,-6.05805766697191e-13
3.371125,0.128490017617895
3.37125,0.181712325544963
3.371375,0.128490017618476
3.3715,2.1525704197398e-13
3.371625,-0.128490017617704
3.37175,-0.181712325544963
3.371875,-0.1284900176182
3.372,-4.85773906570695e-13
3.372125,0.12849001761798
3.37225,0.181712325544963
3.372375,0.128490017618391
3.3725,9.52251818474837e-14
3.372625,-0.128490017617789
3.37275,-0.181712325544963
3.372875,-0.128490017618115
3.373,-3.65742046444199e-13
3.373125,0.128490017617598
3.37325,0.181712325544963
3.373375,0.128490017618306
3.3735,6.36258911040914e-13
3.373625,-0.128490017617874
3.37375,-0.181712325544963
3.373875,-0.128490017618498
3.374,-2.45710186317703e-13
3.374125,0.128490017617683
3.37425,0.181712325544963
3.374375,0.128490017618221
3.3745,5.16227050914418e-13
3.374625,-0.128490017617959
3.37475,-0.181712325544963
3.374875,-0.128490017618413
3.375,-1.25678326191207e-13
3.375125,0.128490017617767
3.37525,0.181712325544963
3.375375,0.128490017618136
3.3755,3.96195190787922e-13
3.375625,-0.128490017617576
3.37575,-0.181712325544963
3.375875,-0.128490017618328
3.376,-6.66712055384638e-13
3.376125,0.128490017617852
3.37625,0.181712325544963
3.376375,0.128490017618519
3.3765,2.76163330661426e-13
3.376625,-0.128490017618129
3.37675,-0.181712325544963
3.376875,-0.128490017618243
3.377,-5.46680195258142e-13
3.377125,0.12849001761747
3.37725,0.181712325544963
3.377375,0.128490017618434
3.3775,1.56131470534931e-13
3.377625,-0.128490017617746
3.37775,-0.181712325544963
3.377875,-0.128490017618158
3.378,-4.26648335131646e-13
3.378125,0.128490017617555
3.37825,0.181712325544963
3.378375,0.128490017618349
3.3785,6.97165199728361e-13
3.378625,-0.128490017617831
3.37875,-0.181712325544963
3.378875,-0.128490017618541
3.379,-3.0661647500515e-13
3.379125,0.12849001761764
3.37925,0.181712325544963
3.379375,0.128490017618264
3.3795,-8.39322497180613e-14
3.379625,-0.128490017617448
3.37975,-0.181712325544963
3.379875,-0.128490017617988
3.38,-1.86584614878654e-13
3.380125,0.128490017617724
3.38025,0.181712325544963
3.380375,0.12849001761818
3.3805,4.57101479475369e-13
3.380625,-0.128490017618001
3.38075,-0.181712325544963
3.380875,-0.128490017618371
3.381,-7.27618344072085e-13
3.381125,0.128490017617809
3.38125,0.181712325544963
3.381375,0.128490017618562
3.3815,3.37069619348873e-13
3.381625,-0.128490017617618
3.38175,-0.181712325544963
3.381875,-0.128490017618286
3.382,5.34791053743379e-14
3.382125,0.128490017617427
3.38225,0.181712325544963
3.382375,0.12849001761801
3.3825,8.78103348542304e-13
3.382625,-0.128490017617703
3.38275,-0.181712325544963
3.382875,-0.128490017618201
3.383,-4.87554623819093e-13
3.383125,0.128490017617979
3.38325,0.181712325544963
3.383375,0.128490017618392
3.3835,9.70058990958815e-14
3.383625,-0.128490017617788
3.38375,-0.181712325544963
3.383875,-0.128490017618116
3.384,-3.67522763692597e-13
3.384125,0.128490017617596
3.38425,0.181712325544963
3.384375,0.128490017618308
3.3845,6.38039628289312e-13
3.384625,-0.128490017617873
3.38475,-0.181712325544963
3.384875,-0.128490017618031
3.385,-9.08556492886027e-13
3.385125,0.128490017617681
3.38525,0.181712325544963
3.385375,0.12849001761869
3.3855,5.18007768162816e-13
3.385625,-0.128490017617958
3.38575,-0.181712325544963
3.385875,-0.128490017618414
3.386,-1.27459043439605e-13
3.386125,0.128490017617766
3.38625,0.181712325544963
3.386375,0.128490017618138
3.3865,3.9797590803632e-13
3.386625,-0.128490017617575
3.38675,-0.181712325544963
3.386875,-0.128490017618329
3.387,-6.68492772633035e-13
3.387125,0.128490017617851
3.38725,0.181712325544963
3.387375,0.128490017618053
3.3875,2.77944047909824e-13
3.387625,-0.12849001761766
3.38775,-0.181712325544963
3.387875,-0.128490017618244
3.388,-5.4846091250654e-13
3.388125,0.128490017617936
3.38825,0.181712325544963
3.388375,0.128490017618435
3.3885,1.57912187783328e-13
3.388625,-0.128490017617745
3.38875,-0.181712325544963
3.388875,-0.128490017618159
3.389,-4.28429052380044e-13
3.389125,0.128490017617553
3.38925,0.181712325544963
3.389375,0.128490017618351
3.3895,6.98945916976759e-13
3.389625,-0.12849001761783
3.38975,-0.181712325544963
3.389875,-0.128490017618542
3.39,-3.08397192253548e-13
3.390125,0.128490017617638
3.39025,0.181712325544963
3.390375,0.128490017618266
3.3905,5.78914056850263e-13
3.390625,-0.128490017617914
3.39075,-0.181712325544963
3.390875,-0.128490017618457
3.391,-1.88365332127052e-13
3.391125,0.128490017617723
3.39125,0.181712325544963
3.391375,0.128490017618181
3.3915,4.58882196723767e-13
3.391625,-0.128490017617532
3.39175,-0.181712325544963
3.391875,-0.128490017618372
3.392,-7.29399061320482e-13
3.392125,0.128490017617808
3.39225,0.181712325544963
3.392375,0.128490017618563
3.3925,3.38850336597271e-13
3.392625,-0.128490017617617
3.39275,-0.181712325544963
3.392875,-0.128490017618287
3.393,-6.09367201193987e-13
3.393125,0.128490017617893
3.39325,0.181712325544963
3.393375,0.128490017618479
3.3935,2.18818476470775e-13
3.393625,-0.128490017617702
3.39375,-0.181712325544963
3.393875,-0.128490017618202
3.394,-4.89335341067491e-13
3.394125,0.12849001761751
3.39425,0.181712325544963
3.394375,0.128490017618394
3.3945,7.59852205664206e-13
3.394625,-0.128490017617787
3.39475,-0.181712325544963
3.394875,-0.128490017618585
3.395,-3.69303480940995e-13
3.395125,0.128490017618063
3.39525,0.181712325544963
3.395375,0.128490017618309
3.3955,-2.12452437822166e-14
3.395625,-0.128490017617871
3.39575,-0.181712325544963
3.395875,-0.128490017618033
3.396,-2.49271620814499e-13
3.396125,0.12849001761768
3.39625,0.181712325544963
3.396375,0.128490017618224
3.3965,5.19788485411214e-13
3.396625,-0.128490017617489
3.39675,-0.181712325544963
3.396875,-0.128490017618415
3.397,-7.90305350007929e-13
3.397125,0.128490017617765
3.39725,0.181712325544963
3.397375,0.128490017618606
3.3975,3.99756625284718e-13
3.397625,-0.128490017618041
3.39775,-0.181712325544963
3.397875,-0.12849001761833
3.398,-9.20790056150688e-15
3.398125,0.128490017617382
3.39825,0.181712325544963
3.398375,0.128490017618054
3.3985,2.79724765158222e-13
3.398625,-0.128490017617659
3.39875,-0.181712325544963
3.398875,-0.128490017618245
3.399,-5.50241629754938e-13
3.399125,0.128490017617935
3.39925,0.181712325544963
3.399375,0.128490017618437
3.3995,1.59692905031726e-13
3.399625,-0.128490017617743
3.39975,-0.181712325544963
3.399875,-0.128490017618161
3.4,-4.30209769628442e-13
3.400125,0.12849001761802
3.40025,0.181712325544963
3.400375,0.128490017618352
3.4005,3.96610449052303e-14
3.400625,-0.128490017617361
3.40075,-0.181712325544963
3.400875,-0.128490017618076
3.401,-3.10177909501946e-13
3.401125,0.128490017617637
3.40125,0.181712325544963
3.401375,0.128490017618267
3.4015,5.80694774098661e-13
3.401625,-0.128490017617913
3.40175,-0.181712325544963
3.401875,-0.128490017618458
3.402,-1.9014604937545e-13
3.402125,0.128490017617722
3.40225,0.181712325544963
3.402375,0.128490017618182
3.4025,4.60662913972165e-13
3.402625,-0.128490017617531
3.40275,-0.181712325544963
3.402875,-0.128490017618373
3.403,-7.01141892489538e-14
3.403125,0.128490017617807
3.40325,0.181712325544963
3.403375,0.128490017618097
3.4035,3.40631053845669e-13
3.403625,-0.128490017617615
3.40375,-0.181712325544963
3.403875,-0.128490017618288
3.404,-6.11147918442384e-13
3.404125,0.128490017617892
3.40425,0.181712325544963
3.404375,0.12849001761848
3.4045,2.20599193719173e-13
3.404625,-0.1284900176177
3.40475,-0.181712325544963
3.404875,-0.128490017618204
3.405,-4.91116058315888e-13
3.405125,0.128490017617509
3.40525,0.181712325544963
3.405375,0.128490017618395
3.4055,1.00567333592677e-13
3.405625,-0.128490017617785
3.40575,-0.181712325544963
3.405875,-0.128490017618119
3.406,-3.71084198189392e-13
3.406125,0.128490017617594
3.40625,0.181712325544963
3.406375,0.12849001761831
3.4065,6.41601062786108e-13
3.406625,-0.12849001761787
3.40675,-0.181712325544963
3.406875,-0.128490017618501
3.407,-2.51052338062897e-13
3.407125,0.128490017617679
3.40725,0.181712325544963
3.407375,0.128490017618225
3.4075,-1.39496386660315e-13
3.407625,-0.128490017617488
3.40775,-0.181712325544963
3.407875,-0.128490017617949
3.408,-7.92086067256327e-13
3.408125,0.128490017617764
3.40825,0.181712325544963
3.408375,0.12849001761814
3.4085,4.01537342533116e-13
3.408625,-0.128490017617572
3.40875,-0.181712325544963
3.408875,-0.128490017618332
3.409,-6.72054207129831e-13
3.409125,0.128490017617849
3.40925,0.181712325544963
3.409375,0.128490017618523
3.4095,2.8150548240662e-13
3.409625,-0.128490017617657
3.40975,-0.181712325544963
3.409875,-0.128490017618247
3.41,-5.52022347003335e-13
3.410125,0.128490017617466
3.41025,0.181712325544963
3.410375,0.128490017617971
3.4105,8.22539211600051e-13
3.410625,-0.128490017617742
3.41075,-0.181712325544963
3.410875,-0.128490017618629
3.411,-4.31990486876839e-13
3.411125,0.128490017618018
3.41125,0.181712325544963
3.411375,0.128490017618353
3.4115,4.14417621536282e-14
3.411625,-0.128490017617827
3.41175,-0.181712325544963
3.411875,-0.128490017618077
3.412,-3.11958626750343e-13
3.412125,0.128490017617636
3.41225,0.181712325544963
3.412375,0.128490017618268
3.4125,5.82475491347059e-13
3.412625,-0.128490017617444
3.41275,-0.181712325544963
3.412875,-0.128490017617992
3.413,-8.52992355943774e-13
3.413125,0.128490017617721
3.41325,0.181712325544963
3.413375,0.128490017618651
3.4135,4.62443631220563e-13
3.413625,-0.128490017617997
3.41375,-0.181712325544963
3.413875,-0.128490017618375
3.414,-7.18949064973516e-14
3.414125,0.128490017617806
3.41425,0.181712325544963
3.414375,0.128490017618098
3.4145,3.42411771094067e-13
3.414625,-0.128490017617614
3.41475,-0.181712325544963
3.414875,-0.12849001761829
3.415,-6.12928635690782e-13
3.415125,0.12849001761789
3.41525,0.181712325544963
3.415375,0.128490017618481
3.4155,2.22379910967571e-13
3.415625,-0.128490017617699
3.41575,-0.181712325544963
3.415875,-0.128490017618205
3.416,-4.92896775564286e-13
3.416125,0.128490017617975
3.41625,0.181712325544963
3.416375,0.128490017618396
3.4165,1.02348050841075e-13
3.416625,-0.128490017617784
3.41675,-0.181712325544963
3.416875,-0.12849001761812
3.417,-3.7286491543779e-13
3.417125,0.128490017617593
3.41725,0.181712325544963
3.417375,0.128490017618311
3.4175,6.43381780034506e-13
3.417625,-0.128490017617869
3.41775,-0.181712325544963
3.417875,-0.128490017618503
3.418,-2.52833055311294e-13
3.418125,0.128490017617678
3.41825,0.181712325544963
3.418375,0.128490017618226
3.4185,5.2334991990801e-13
3.418625,-0.128490017617954
3.41875,-0.181712325544963
3.418875,-0.128490017618418
3.419,-1.32801195184799e-13
3.419125,0.128490017617762
3.41925,0.181712325544963
3.419375,0.128490017618142
3.4195,4.03318059781514e-13
3.419625,-0.128490017617571
3.41975,-0.181712325544963
3.419875,-0.128490017618333
3.42,-6.73834924378229e-13
3.420125,0.128490017617847
3.42025,0.181712325544963
3.420375,0.128490017618524
3.4205,2.83286199655018e-13
3.420625,-0.128490017617656
3.42075,-0.181712325544963
3.420875,-0.128490017618248
3.421,-5.53803064251733e-13
3.421125,0.128490017617932
3.42125,0.181712325544963
3.421375,0.128490017618439
3.4215,1.63254339528522e-13
3.421625,-0.128490017617741
3.42175,-0.181712325544963
3.421875,-0.128490017618163
3.422,-4.33771204125237e-13
3.422125,0.12849001761755
3.42225,0.181712325544963
3.422375,0.128490017618354
3.4225,7.04288068721953e-13
3.422625,-0.128490017617826
3.42275,-0.181712325544963
3.422875,-0.128490017618546
3.423,-3.13739343998741e-13
3.423125,0.128490017618102
3.42325,0.181712325544963
3.423375,0.12849001761827
3.4235,-7.68093807244699e-14
3.423625,-0.128490017617443
3.42375,-0.181712325544963
3.423875,-0.128490017618461
3.424,-1.93707483872245e-13
3.424125,0.128490017617719
3.42425,0.181712325544963
3.424375,0.128490017618185
3.4245,4.64224348468961e-13
3.424625,-0.128490017617528
3.42475,-0.181712325544963
3.424875,-0.128490017618376
3.425,-7.34741213065676e-13
3.425125,0.128490017617804
3.42525,0.181712325544963
3.425375,0.128490017618567
3.4255,3.44192488342465e-13
3.425625,-0.12849001761808
3.42575,-0.181712325544963
3.425875,-0.128490017618291
3.426,4.63562363807464e-14
3.426125,0.128490017617422
3.42625,0.181712325544963
3.426375,0.128490017618015
3.4265,2.24160628215969e-13
3.426625,-0.128490017617698
3.42675,-0.181712325544963
3.426875,-0.128490017618206
3.427,-4.94677492812684e-13
3.427125,0.128490017617974
3.42725,0.181712325544963
3.427375,0.128490017618397
3.4275,1.04128768089473e-13
3.427625,-0.128490017617783
3.42775,-0.181712325544963
3.427875,-0.128490017618589
3.428,-3.74645632686188e-13
3.428125,0.128490017617591
3.42825,0.181712325544963
3.428375,0.128490017618313
3.4285,-1.5903092037023e-14
3.428625,-0.1284900176174
3.42875,-0.181712325544963
3.428875,-0.128490017618036
3.429,-9.15679361879619e-13
3.429125,0.128490017617676
3.42925,0.181712325544963
3.429375,0.128490017618228
3.4295,5.25130637156408e-13
3.429625,-0.128490017617952
3.42975,-0.181712325544963
3.429875,-0.128490017618419
3.43,-1.34581912433196e-13
3.430125,0.128490017617761
3.43025,0.181712325544963
3.430375,0.128490017618143
3.4305,4.05098777029912e-13
3.430625,-0.12849001761757
3.43075,-0.181712325544963
3.430875,-0.128490017618334
3.431,-1.45500523067004e-14
3.431125,0.128490017617846
3.43125,0.181712325544963
3.431375,0.128490017618058
3.4315,2.85066916903416e-13
3.431625,-0.128490017617655
3.43175,-0.181712325544963
3.431875,-0.128490017618249
3.432,-5.55583781500131e-13
3.432125,0.128490017617931
3.43225,0.181712325544963
3.432375,0.128490017618441
3.4325,1.6503505677692e-13
3.432625,-0.12849001761774
3.43275,-0.181712325544963
3.432875,-0.128490017618164
3.433,-4.35551921373635e-13
3.433125,0.128490017617548
3.43325,0.181712325544963
3.433375,0.128490017618356
3.4335,7.0606878597035e-13
3.433625,-0.128490017617825
3.43375,-0.181712325544963
3.433875,-0.128490017618079
3.434,-3.15520061247139e-13
3.434125,0.128490017617633
3.43425,0.181712325544963
3.434375,0.128490017618271
3.4345,5.86036925843854e-13
3.434625,-0.128490017617909
3.43475,-0.181712325544963
3.434875,-0.128490017618462
3.435,-1.95488201120643e-13
3.435125,0.128490017617718
3.43525,0.181712325544963
3.435375,0.128490017618186
3.4355,4.66005065717359e-13
3.435625,-0.128490017617527
3.43575,-0.181712325544963
3.435875,-0.128490017618377
3.436,-7.36521930314074e-13
3.436125,0.128490017617803
3.43625,0.181712325544963
3.436375,0.128490017618568
3.4365,3.45973205590863e-13
3.436625,-0.128490017617612
3.43675,-0.181712325544963
3.436875,-0.128490017618292
3.437,-6.16490070187578e-13
3.437125,0.128490017617888
3.43725,0.181712325544963
3.437375,0.128490017618484
3.4375,2.25941345464367e-13
3.437625,-0.128490017617697
3.43775,-0.181712325544963
3.437875,-0.128490017618207
3.438,-4.96458210061082e-13
3.438125,0.128490017617505
3.43825,0.181712325544963
3.438375,0.128490017617931
3.4385,7.66975074657797e-13
3.438625,-0.128490017617781
3.43875,-0.181712325544963
3.438875,-0.12849001761859
3.439,-3.76426349934586e-13
3.439125,0.128490017618058
3.43925,0.181712325544963
3.439375,0.128490017618314
3.4395,6.46943214531301e-13
3.439625,-0.128490017617866
3.43975,-0.181712325544963
3.439875,-0.128490017618505
3.44,-2.5639448980809e-13
3.440125,0.128490017617675
3.44025,0.181712325544963
3.440375,0.128490017618229
3.4405,5.26911354404805e-13
3.440625,-0.128490017617484
3.44075,-0.181712325544963
3.440875,-0.12849001761842
3.441,-7.97428219001521e-13
3.441125,0.12849001761776
3.44125,0.181712325544963
3.441375,0.128490017618612
3.4415,4.0687949427831e-13
3.441625,-0.128490017618036
3.44175,-0.181712325544963
3.441875,-0.128490017618335
3.442,-1.63307695550983e-14
3.442125,0.128490017617845
3.44225,0.181712325544963
3.442375,0.128490017618059
3.4425,2.86847634151814e-13
3.442625,-0.128490017617654
3.44275,-0.181712325544963
3.442875,-0.12849001761825
3.443,-5.57364498748529e-13
3.443125,0.12849001761793
3.44325,0.181712325544963
3.443375,0.128490017618442
3.4435,8.27881363345244e-13
3.443625,-0.128490017617738
3.44375,-0.181712325544963
3.443875,-0.128490017618633
3.444,-4.37332638622033e-13
3.444125,0.128490017618015
3.44425,0.181712325544963
3.444375,0.128490017618357
3.4445,4.67839138988218e-14
3.444625,-0.128490017617823
3.44475,-0.181712325544963
3.444875,-0.128490017618081
3.445,-3.17300778495537e-13
3.445125,0.128490017617632
3.44525,0.181712325544963
3.445375,0.128490017618272
3.4455,5.87817643092252e-13
3.445625,-0.128490017617908
3.44575,-0.181712325544963
3.445875,-0.128490017618463
3.446,-1.97268918369041e-13
3.446125,0.128490017617717
3.44625,0.181712325544963
3.446375,0.128490017618187
3.4465,4.67785782965756e-13
3.446625,-0.128490017617993
3.44675,-0.181712325544963
3.446875,-0.128490017618378
3.447,-7.72370582425452e-14
3.447125,0.128490017617802
3.44725,0.181712325544963
3.447375,0.128490017618102
3.4475,3.4775392283926e-13
3.447625,-0.12849001761761
3.44775,-0.181712325544963
3.447875,-0.128490017618294
3.448,-6.18270787435976e-13
3.448125,0.128490017617887
3.44825,0.181712325544963
3.448375,0.128490017618485
3.4485,2.27722062712765e-13
3.448625,-0.128490017617695
3.44875,-0.181712325544963
3.448875,-0.128490017618209
3.449,-4.9823892730948e-13
3.449125,0.128490017617504
3.44925,0.181712325544963
3.449375,0.1284900176184
3.4495,1.07690202586269e-13
3.449625,-0.12849001761778
3.44975,-0.181712325544963
3.449875,-0.128490017618124
3.45,-3.78207067182984e-13
3.450125,0.128490017617589
3.45025,0.181712325544963
3.450375,0.128490017618315
3.4505,6.48723931779699e-13
3.450625,-0.128490017617865
3.45075,-0.181712325544963
3.450875,-0.128490017618506
3.451,-2.58175207056488e-13
3.451125,0.128490017618141
3.45125,0.181712325544963
3.451375,0.12849001761823
3.4515,5.28692071653203e-13
3.451625,-0.128490017617483
3.45175,-0.181712325544963
3.451875,-0.128490017618421
3.452,-1.38143346929992e-13
3.452125,0.128490017617759
3.45225,0.181712325544963
3.452375,0.128490017618145
3.4525,4.08660211526707e-13
3.452625,-0.128490017617567
3.45275,-0.181712325544963
3.452875,-0.128490017618337
3.453,-6.79177076123423e-13
3.453125,0.128490017617844
3.45325,0.181712325544963
3.453375,0.128490017618528
3.4535,2.88628351400211e-13
3.453625,-0.128490017617652
3.45375,-0.181712325544963
3.453875,-0.128490017618252
3.454,1.01920373323e-13
3.454125,0.128490017617461
3.45425,0.181712325544963
3.454375,0.128490017617976
3.4545,8.29662080593642e-13
3.454625,-0.128490017617737
3.45475,-0.181712325544963
3.454875,-0.128490017618167
3.455,-4.39113355870431e-13
3.455125,0.128490017617546
3.45525,0.181712325544963
3.455375,0.128490017618358
3.4555,7.09630220467146e-13
3.455625,-0.128490017617822
3.45575,-0.181712325544963
3.455875,-0.128490017618549
3.456,-3.19081495743935e-13
3.456125,0.128490017617631
3.45625,0.181712325544963
3.456375,0.128490017618273
3.4565,-7.14672289792763e-14
3.456625,-0.128490017617439
3.45675,-0.181712325544963
3.456875,-0.128490017617997
3.457,-8.60115224937365e-13
3.457125,0.128490017617716
3.45725,0.181712325544963
3.457375,0.128490017618188
3.4575,4.69566500214154e-13
3.457625,-0.128490017617992
3.45775,-0.181712325544963
3.457875,-0.12849001761838
3.458,-7.9017775490943e-14
3.458125,0.1284900176178
3.45825,0.181712325544963
3.458375,0.128490017618104
3.4585,3.49534640087658e-13
3.458625,-0.128490017617609
3.45875,-0.181712325544963
3.458875,-0.128490017618295
3.459,-6.20051504684374e-13
3.459125,0.128490017617418
3.45925,0.181712325544963
3.459375,0.128490017618019
3.4595,8.90568369281089e-13
3.459625,-0.128490017617694
3.45975,-0.181712325544963
3.459875,-0.128490017618677
3.46,-5.00019644557878e-13
3.460125,0.12849001761797
3.46025,0.181712325544963
3.460375,0.128490017618401
3.4605,1.09470919834666e-13
3.460625,-0.128490017617779
3.46075,-0.181712325544963
3.460875,-0.128490017618125
3.461,-3.79987784431382e-13
3.461125,0.128490017617588
3.46125,0.181712325544963
3.461375,0.128490017618316
3.4615,6.50504649028097e-13
3.461625,-0.128490017617864
3.46175,-0.181712325544963
3.461875,-0.128490017618508
3.462,-2.59955924304886e-13
3.462125,0.128490017617673
3.46225,0.181712325544963
3.462375,0.128490017618231
3.4625,5.30472788901601e-13
3.462625,-0.128490017617949
3.46275,-0.181712325544963
3.462875,-0.128490017618423
3.463,-1.3992406417839e-13
3.463125,0.128490017617757
3.46325,0.181712325544963
3.463375,0.128490017618147
3.4635,4.10440928775105e-13
3.463625,-0.128490017617566
3.46375,-0.181712325544963
3.463875,-0.128490017618338
3.464,-6.80957793371821e-13
3.464125,0.128490017617842
3.46425,0.181712325544963
3.464375,0.128490017618529
3.4645,2.90409068648609e-13
3.464625,-0.128490017617651
3.46475,-0.181712325544963
3.464875,-0.128490017618253
3.465,-5.60925933245325e-13
3.465125,0.128490017617927
3.46525,0.181712325544963
3.465375,0.128490017618444
3.4655,1.70377208522113e-13
3.465625,-0.128490017617736
3.46575,-0.181712325544963
3.465875,-0.128490017618168
3.466,-4.40894073118829e-13
3.466125,0.128490017617545
3.46625,0.181712325544963
3.466375,0.128490017618359
3.4665,7.11410937715544e-13
3.466625,-0.128490017617821
3.46675,-0.181712325544963
3.466875,-0.128490017618551
3.467,-3.20862212992333e-13
3.467125,0.128490017617629
3.46725,0.181712325544963
3.467375,0.128490017618275
3.4675,5.91379077589048e-13
3.467625,-0.128490017617906
3.46775,-0.181712325544963
3.467875,-0.128490017618466
3.468,-2.00830352865837e-13
3.468125,0.128490017617714
3.46825,0.181712325544963
3.468375,0.12849001761819
3.4685,4.71347217462552e-13
3.468625,-0.128490017617523
3.46875,-0.181712325544963
3.468875,-0.128490017618381
3.469,-7.41864082059267e-13
3.469125,0.128490017617799
3.46925,0.181712325544963
3.469375,0.128490017618572
3.4695,3.51315357336056e-13
3.469625,-0.128490017618075
3.46975,-0.181712325544963
3.469875,-0.128490017618296
3.47,3.9233367387155e-14
3.470125,0.128490017617884
3.47025,0.181712325544963
3.470375,0.12849001761802
3.4705,2.3128349720956e-13
3.470625,-0.128490017617693
3.47075,-0.181712325544963
3.470875,-0.128490017618211
3.471,-5.01800361806276e-13
3.471125,0.128490017617502
3.47125,0.181712325544963
3.471375,0.128490017618402
3.4715,7.72317226402991e-13
3.471625,-0.128490017617778
3.47175,-0.181712325544963
3.471875,-0.128490017618594
3.472,-3.8176850167978e-13
3.472125,0.128490017618054
3.47225,0.181712325544963
3.472375,0.128490017618318
3.4725,-8.78022304343157e-15
3.472625,-0.128490017617395
3.47275,-0.181712325544963
3.472875,-0.128490017618041
3.473,-2.61736641553284e-13
3.473125,0.128490017617671
3.47325,0.181712325544963
3.473375,0.128490017618233
3.4735,5.32253506149999e-13
3.473625,-0.128490017617947
3.47375,-0.181712325544963
3.473875,-0.128490017618424
3.474,-1.41704781426788e-13
3.474125,0.128490017617756
3.47425,0.181712325544963
3.474375,0.128490017618148
3.4745,4.12221646023503e-13
3.474625,-0.128490017617565
3.47475,-0.181712325544963
3.474875,-0.128490017618339
3.475,-2.16729213002919e-14
3.475125,0.128490017617374
3.47525,0.181712325544963
3.475375,0.128490017618063
3.4755,2.92189785897007e-13
3.475625,-0.12849001761765
3.47575,-0.181712325544963
3.475875,-0.128490017618254
3.476,-5.62706650493722e-13
3.476125,0.128490017617926
3.47625,0.181712325544963
3.476375,0.128490017618446
3.4765,1.72157925770511e-13
3.476625,-0.128490017617735
3.47675,-0.181712325544963
3.476875,-0.128490017618169
3.477,-4.42674790367227e-13
3.477125,0.128490017617543
3.47725,0.181712325544963
3.477375,0.128490017618361
3.4775,5.21260656440153e-14
3.477625,-0.12849001761782
3.47775,-0.181712325544963
3.477875,-0.128490017618084
3.478,-3.22642930240731e-13
3.478125,0.128490017617628
3.47825,0.181712325544963
3.478375,0.128490017618276
3.4785,5.93159794837446e-13
3.478625,-0.128490017617904
3.47875,-0.181712325544963
3.478875,-0.128490017618467
3.479,-2.02611070114235e-13
3.479125,0.128490017617713
3.47925,0.181712325544963
3.479375,0.128490017618191
3.4795,4.7312793471095e-13
3.479625,-0.128490017617522
3.47975,-0.181712325544963
3.479875,-0.128490017618382
3.48,-7.43644799307665e-13
3.480125,0.128490017617798
3.48025,0.181712325544963
3.480375,0.128490017618106
3.4805,3.53096074584454e-13
3.480625,-0.128490017617607
3.48075,-0.181712325544963
3.480875,-0.128490017618297
3.481,-6.23612939181169e-13
3.481125,0.128490017617883
3.48125,0.181712325544963
3.481375,0.128490017618489
3.4815,2.33064214457958e-13
3.481625,-0.128490017617692
3.48175,-0.181712325544963
3.481875,-0.128490017618212
3.482,1.57484510265253e-13
3.482125,0.1284900176175
3.48225,0.181712325544963
3.482375,0.128490017617936
3.4825,7.74097943651389e-13
3.482625,-0.128490017617776
3.48275,-0.181712325544963
3.482875,-0.128490017618128
3.483,-3.83549218928178e-13
3.483125,0.128490017617585
3.48325,0.181712325544963
3.483375,0.128490017618319
3.4835,6.54066083524893e-13
3.483625,-0.128490017617861
3.48375,-0.181712325544963
3.483875,-0.12849001761851
3.484,-2.63517358801682e-13
3.484125,0.12849001761767
3.48425,0.181712325544963
3.484375,0.128490017618234
3.4845,5.34034223398397e-13
3.484625,-0.128490017617479
3.48475,-0.181712325544963
3.484875,-0.128490017617958
3.485,-8.04551087995112e-13
3.485125,0.128490017617755
3.48525,0.181712325544963
3.485375,0.128490017618617
3.4855,4.14002363271901e-13
3.485625,-0.128490017618031
3.48575,-0.181712325544963
3.485875,-0.12849001761834
3.486,-2.34536385486897e-14
3.486125,0.12849001761784
3.48625,0.181712325544963
3.486375,0.128490017618532
3.4865,2.93970503145405e-13
3.486625,-0.128490017617648
3.48675,-0.181712325544963
3.486875,-0.128490017618256
3.487,-5.6448736774212e-13
3.487125,0.128490017617457
3.48725,0.181712325544963
3.487375,0.128490017618447
3.4875,8.35004232338836e-13
3.487625,-0.128490017617733
3.48775,-0.181712325544963
3.487875,-0.128490017618638
3.488,-4.44455507615624e-13
3.488125,0.12849001761801
3.48825,0.181712325544963
3.488375,0.128490017618362
3.4885,5.39067828924132e-14
3.488625,-0.128490017617818
3.48875,-0.181712325544963
3.488875,-0.128490017618086
3.489,-3.24423647489128e-13
3.489125,0.128490017617627
3.48925,0.181712325544963
3.489375,0.128490017618277
3.4895,5.94940512085844e-13
3.489625,-0.128490017617903
3.48975,-0.181712325544963
3.489875,-0.128490017618468
3.49,-2.04391787362633e-13
3.490125,0.128490017617712
3.49025,0.181712325544963
3.490375,0.12849001761866
3.4905,4.74908651959348e-13
3.490625,-0.128490017617988
3.49075,-0.181712325544963
3.490875,-0.128490017618383
3.491,-8.43599272361366e-14
3.491125,0.128490017617797
3.49125,0.181712325544963
3.491375,0.128490017618107
3.4915,3.54876791832852e-13
3.491625,-0.128490017617605
3.49175,-0.181712325544963
3.491875,-0.128490017618299
3.492,-6.25393656429567e-13
3.492125,0.128490017617882
3.49225,0.181712325544963
3.492375,0.12849001761849
3.4925,2.34844931706356e-13
3.492625,-0.12849001761769
3.49275,-0.181712325544963
3.492875,-0.128490017618214
3.493,-5.05361796303071e-13
3.493125,0.128490017617966
3.49325,0.181712325544963
3.493375,0.128490017618405
3.4935,1.1481307157986e-13
3.493625,-0.128490017617775
3.49375,-0.181712325544963
3.493875,-0.128490017618129
3.494,-3.85329936176575e-13
3.494125,0.128490017617584
3.49425,0.181712325544963
3.494375,0.12849001761832
3.4945,6.55846800773291e-13
3.494625,-0.12849001761786
3.49475,-0.181712325544963
3.494875,-0.128490017618511
3.495,-2.65298076050079e-13
3.495125,0.128490017617669
3.49525,0.181712325544963
3.495375,0.128490017618235
3.4955,5.35814940646795e-13
3.495625,-0.128490017617945
3.49575,-0.181712325544963
3.495875,-0.128490017618427
3.496,-1.45266215923584e-13
3.496125,0.128490017617754
3.49625,0.181712325544963
3.496375,0.12849001761815
3.4965,4.15783080520299e-13
3.496625,-0.128490017617562
3.49675,-0.181712325544963
3.496875,-0.128490017618342
3.497,-6.86299945117014e-13
3.497125,0.128490017617839
3.49725,0.181712325544963
3.497375,0.128490017618533
3.4975,2.95751220393803e-13
3.497625,-0.128490017618115
3.49775,-0.181712325544963
3.497875,-0.128490017618257
3.498,9.47975043294083e-14
3.498125,0.128490017617456
3.49825,0.181712325544963
3.498375,0.128490017618448
3.4985,1.75719360267307e-13
3.498625,-0.128490017617732
3.49875,-0.181712325544963
3.498875,-0.128490017618172
3.499,-4.46236224864022e-13
3.499125,0.128490017617541
3.49925,0.181712325544963
3.499375,0.128490017618363
3.4995,7.16753089460738e-13
3.499625,-0.128490017617817
3.49975,-0.181712325544963
3.499875,-0.128490017618554
3.5,-3.26204364737526e-13
3.500125,0.128490017617626
3.50025,0.181712325544963
3.500375,0.128490017618278
3.5005,-6.43443599856849e-14
3.500625,-0.128490017617434
3.50075,-0.181712325544963
3.500875,-0.128490017618002
3.501,-2.0617250461103e-13
3.501125,0.128490017617711
3.50125,0.181712325544963
3.501375,0.128490017618193
3.5015,4.76689369207746e-13
3.501625,-0.128490017617987
3.50175,-0.181712325544963
3.501875,-0.128490017618385
3.502,-7.47206233804461e-13
3.502125,0.128490017617795
3.50225,0.181712325544963
3.502375,0.128490017618576
3.5025,3.5665750908125e-13
3.502625,-0.128490017617604
3.50275,-0.181712325544963
3.502875,-0.1284900176183
3.503,3.38912156419614e-14
3.503125,0.128490017617413
3.50325,0.181712325544963
3.503375,0.128490017618024
3.5035,8.9769123827468e-13
3.503625,-0.128490017617689
3.50375,-0.181712325544963
3.503875,-0.128490017618215
3.504,-5.07142513551469e-13
3.504125,0.128490017617965
3.50425,0.181712325544963
3.504375,0.128490017618406
3.5045,1.16593788828258e-13
3.504625,-0.128490017617774
3.50475,-0.181712325544963
3.504875,-0.12849001761813
3.505,-3.87110653424973e-13
3.505125,0.128490017617583
3.50525,0.181712325544963
3.505375,0.128490017618321
3.5055,6.57627518021688e-13
3.505625,-0.128490017617859
3.50575,-0.181712325544963
3.505875,-0.128490017618045
3.506,-9.28144382618404e-13
3.506125,0.128490017617667
3.50625,0.181712325544963
3.506375,0.128490017618704
3.5065,5.37595657895193e-13
3.506625,-0.128490017617944
3.50675,-0.181712325544963
3.506875,-0.128490017618428
3.507,-1.47046933171981e-13
3.507125,0.128490017617752
3.50725,0.181712325544963
3.507375,0.128490017618152
3.5075,4.17563797768697e-13
3.507625,-0.128490017617561
3.50775,-0.181712325544963
3.507875,-0.128490017618343
3.508,-6.88080662365412e-13
3.508125,0.128490017617837
3.50825,0.181712325544963
3.508375,0.128490017618067
3.5085,2.97531937642201e-13
3.508625,-0.128490017617646
3.50875,-0.181712325544963
3.508875,-0.128490017618258
3.509,-5.68048802238916e-13
3.509125,0.128490017617922
3.50925,0.181712325544963
3.509375,0.128490017618449
3.5095,1.77500077515705e-13
3.509625,-0.128490017617731
3.50975,-0.181712325544963
3.509875,-0.128490017618173
3.51,-4.4801694211242e-13
3.510125,0.12849001761754
3.51025,0.181712325544963
3.510375,0.128490017618364
3.5105,7.18533806709135e-13
3.510625,-0.128490017617816
3.51075,-0.181712325544963
3.510875,-0.128490017618556
3.511,-3.27985081985924e-13
3.511125,0.128490017617624
3.51125,0.181712325544963
3.511375,0.12849001761828
3.5115,5.98501946582639e-13
3.511625,-0.128490017617901
3.51175,-0.181712325544963
3.511875,-0.128490017618471
3.512,-2.07953221859428e-13
3.512125,0.128490017617709
3.51225,0.181712325544963
3.512375,0.128490017618195
3.5125,4.78470086456144e-13
3.512625,-0.128490017617518
3.51275,-0.181712325544963
3.512875,-0.128490017618386
3.513,-7.48986951052859e-13
3.513125,0.128490017617794
3.51325,0.181712325544963
3.513375,0.128490017618577
3.5135,3.58438226329648e-13
3.513625,-0.12849001761807
3.51375,-0.181712325544963
3.513875,-0.128490017618301
3.514,-6.28955090926363e-13
3.514125,0.128490017617879
3.51425,0.181712325544963
3.514375,0.128490017618492
3.5145,2.38406366203152e-13
3.514625,-0.128490017617688
3.51475,-0.181712325544963
3.514875,-0.128490017618216
3.515,-5.08923230799867e-13
3.515125,0.128490017617497
3.51525,0.181712325544963
3.515375,0.128490017618408
3.5155,7.79440095396582e-13
3.515625,-0.128490017617773
3.51575,-0.181712325544963
3.515875,-0.128490017618599
3.516,-3.88891370673371e-13
3.516125,0.128490017618049
3.51625,0.181712325544963
3.516375,0.128490017618323
3.5165,-1.65735404984015e-15
3.516625,-0.128490017617858
3.51675,-0.181712325544963
3.516875,-0.128490017618046
3.517,-2.68859510546875e-13
3.517125,0.128490017617666
3.51725,0.181712325544963
3.517375,0.128490017618238
3.5175,5.3937637514359e-13
3.517625,-0.128490017617475
3.51775,-0.181712325544963
3.517875,-0.128490017618429
3.518,-8.09893239740306e-13
3.518125,0.128490017617751
3.51825,0.181712325544963
3.518375,0.12849001761862
3.5185,4.19344515017095e-13
3.518625,-0.128490017618027
3.51875,-0.181712325544963
3.518875,-0.128490017618344
3.519,-2.87957902938833e-14
3.519125,0.128490017617369
3.51925,0.181712325544963
3.519375,0.128490017618068
3.5195,2.99312654890599e-13
3.519625,-0.128490017617645
3.51975,-0.181712325544963
3.519875,-0.128490017618259
3.52,-5.69829519487314e-13
3.520125,0.128490017617921
3.52025,0.181712325544963
3.520375,0.128490017618451
3.5205,1.79280794764103e-13
3.520625,-0.12849001761773
3.52075,-0.181712325544963
3.520875,-0.128490017618174
3.521,-4.49797659360818e-13
3.521125,0.128490017618006
3.52125,0.181712325544963
3.521375,0.128490017618366
3.5215,5.92489346376067e-14
3.521625,-0.128490017617347
3.52175,-0.181712325544963
3.521875,-0.12849001761809
3.522,-3.29765799234322e-13
3.522125,0.128490017617623
3.52225,0.181712325544963
3.522375,0.128490017618281
3.5225,6.00282663831037e-13
3.522625,-0.128490017617899
3.52275,-0.181712325544963
3.522875,-0.128490017618472
3.523,-2.09733939107826e-13
3.523125,0.128490017617708
3.52325,0.181712325544963
3.523375,0.128490017618196
3.5235,4.80250803704541e-13
3.523625,-0.128490017617517
3.52375,-0.181712325544963
3.523875,-0.128490017618387
3.524,-8.97020789813302e-14
3.524125,0.128490017617793
3.52425,0.181712325544963
3.524375,0.128490017618111
3.5245,3.60218943578045e-13
3.524625,-0.128490017617602
3.52475,-0.181712325544963
3.524875,-0.128490017618302
3.525,-6.30735808174761e-13
3.525125,0.128490017617878
3.52525,0.181712325544963
3.525375,0.128490017618494
3.5255,2.4018708345155e-13
3.525625,-0.128490017617687
3.52575,-0.181712325544963
3.525875,-0.128490017618217
3.526,-5.10703948048265e-13
3.526125,0.128490017617495
3.52625,0.181712325544963
3.526375,0.128490017618409
3.5265,1.20155223325054e-13
3.526625,-0.128490017617771
3.52675,-0.181712325544963
3.526875,-0.128490017618133
3.527,-3.90672087921769e-13
3.527125,0.12849001761758
3.52725,0.181712325544963
3.527375,0.128490017618324
3.5275,6.61188952518484e-13
3.527625,-0.128490017617856
3.52775,-0.181712325544963
3.527875,-0.128490017618515
3.528,-2.70640227795273e-13
3.528125,0.128490017617665
3.52825,0.181712325544963
3.528375,0.128490017618239
3.5285,-1.19908496927938e-13
3.528625,-0.128490017617474
3.52875,-0.181712325544963
3.528875,-0.128490017617963
3.529,-8.11673956988703e-13
3.529125,0.12849001761775
3.52925,0.181712325544963
3.529375,0.128490017618154
3.5295,4.21125232265492e-13
3.529625,-0.128490017617559
3.52975,-0.181712325544963
3.529875,-0.128490017618345
3.53,-6.91642096862208e-13
3.530125,0.128490017617835
3.53025,0.181712325544963
3.530375,0.128490017618537
3.5305,3.01093372138996e-13
3.530625,-0.128490017617643
3.53075,-0.181712325544963
3.530875,-0.128490017618261
3.531,-5.71610236735712e-13
3.531125,0.128490017617452
3.53125,0.181712325544963
3.531375,0.128490017617984
3.5315,8.42127101332427e-13
3.531625,-0.128490017617728
3.53175,-0.181712325544963
3.531875,-0.128490017618643
3.532,-4.51578376609216e-13
3.532125,0.128490017618004
3.53225,0.181712325544963
3.532375,0.128490017618367
3.5325,6.10296518860046e-14
3.532625,-0.128490017617813
3.53275,-0.181712325544963
3.532875,-0.128490017618091
3.533,-3.3154651648272e-13
3.533125,0.128490017617622
3.53325,0.181712325544963
3.533375,0.128490017618282
3.5335,6.02063381079435e-13
3.533625,-0.128490017617431
3.53375,-0.181712325544963
3.533875,-0.128490017618006
3.534,-8.7258024567615e-13
3.534125,0.128490017617707
3.53425,0.181712325544963
3.534375,0.128490017618665
3.5345,4.82031520952939e-13
3.534625,-0.128490017617983
3.53475,-0.181712325544963
3.534875,-0.128490017618388
3.535,-9.1482796229728e-14
3.535125,0.128490017617792
3.53525,0.181712325544963
3.535375,0.128490017618112
3.5355,3.61999660826443e-13
3.535625,-0.1284900176176
3.53575,-0.181712325544963
3.535875,-0.128490017618304
3.536,-6.32516525423159e-13
3.536125,0.128490017617877
3.53625,0.181712325544963
3.536375,0.128490017618495
3.5365,2.41967800699947e-13
3.536625,-0.128490017617685
3.53675,-0.181712325544963
3.536875,-0.128490017618219
3.537,-5.12484665296663e-13
3.537125,0.128490017617961
3.53725,0.181712325544963
3.537375,0.12849001761841
3.5375,1.21935940573451e-13
3.537625,-0.12849001761777
3.53775,-0.181712325544963
3.537875,-0.128490017618134
3.538,-3.92452805170167e-13
3.538125,0.128490017617579
3.53825,0.181712325544963
3.538375,0.128490017618325
3.5385,6.62969669766882e-13
3.538625,-0.128490017617855
3.53875,-0.181712325544963
3.538875,-0.128490017618516
3.539,-2.72420945043671e-13
3.539125,0.128490017617664
3.53925,0.181712325544963
3.539375,0.12849001761824
3.5395,5.42937809640386e-13
3.539625,-0.12849001761794
3.53975,-0.181712325544963
3.539875,-0.128490017618432
3.54,-1.52389084917175e-13
3.540125,0.128490017617749
3.54025,0.181712325544963
3.540375,0.128490017618155
3.5405,4.2290594951389e-13
3.540625,-0.128490017617557
3.54075,-0.181712325544963
3.540875,-0.128490017618347
3.541,-6.93422814110606e-13
3.541125,0.128490017617833
3.54125,0.181712325544963
3.541375,0.128490017618538
3.5415,3.02874089387394e-13
3.541625,-0.128490017617642
3.54175,-0.181712325544963
3.541875,-0.128490017618262
3.542,-5.7339095398411e-13
3.542125,0.128490017617918
3.54225,0.181712325544963
3.542375,0.128490017618453
3.5425,1.82842229260898e-13
3.542625,-0.128490017617727
3.54275,-0.181712325544963
3.542875,-0.128490017618177
3.543,-4.53359093857614e-13
3.543125,0.128490017617536
3.54325,0.181712325544963
3.543375,0.128490017618368
3.5435,7.23875958454329e-13
3.543625,-0.128490017617812
3.54375,-0.181712325544963
3.543875,-0.128490017618559
3.544,-3.33327233731118e-13
3.544125,0.128490017618088
3.54425,0.181712325544963
3.544375,0.128490017618283
3.5445,-5.72214909920935e-14
3.544625,-0.128490017617429
3.54475,-0.181712325544963
3.544875,-0.128490017618007
3.545,-2.13295373604622e-13
3.545125,0.128490017617706
3.54525,0.181712325544963
3.545375,0.128490017618198
3.5455,4.83812238201337e-13
3.545625,-0.128490017617514
3.54575,-0.181712325544963
3.545875,-0.12849001761839
3.546,-7.54329102798052e-13
3.546125,0.12849001761779
3.54625,0.181712325544963
3.546375,0.128490017618581
3.5465,3.63780378074841e-13
3.546625,-0.128490017618067
3.54675,-0.181712325544963
3.546875,-0.128490017618305
3.547,2.676834664837e-14
3.547125,0.128490017617408
3.54725,0.181712325544963
3.547375,0.128490017618029
3.5475,2.43748517948345e-13
3.547625,-0.128490017617684
3.54775,-0.181712325544963
3.547875,-0.12849001761822
3.548,-5.14265382545061e-13
3.548125,0.12849001761796
3.54825,0.181712325544963
3.548375,0.128490017618411
3.5485,1.23716657821849e-13
3.548625,-0.128490017617769
3.54875,-0.181712325544963
3.548875,-0.128490017618603
3.549,-3.94233522418565e-13
3.549125,0.128490017617578
3.54925,0.181712325544963
3.549375,0.128490017618326
3.5495,3.68479769535342e-15
3.549625,-0.128490017617386
3.54975,-0.181712325544963
3.549875,-0.12849001761805
3.55,-9.35267251611995e-13
3.550125,0.128490017617662
3.55025,0.181712325544963
3.550375,0.128490017618242
3.5505,5.44718526888784e-13
3.550625,-0.128490017617939
3.55075,-0.181712325544963
3.550875,-0.128490017618433
3.551,-1.54169802165573e-13
3.551125,0.128490017617747
3.55125,0.181712325544963
3.551375,0.128490017618157
3.5515,4.24686666762288e-13
3.551625,-0.128490017617556
3.55175,-0.181712325544963
3.551875,-0.128490017618348
3.552,-3.41379420390769e-14
3.552125,0.128490017617832
3.55225,0.181712325544963
3.552375,0.128490017618072
3.5525,3.04654806635792e-13
3.552625,-0.128490017617641
3.55275,-0.181712325544963
3.552875,-0.128490017618263
3.553,-5.75171671232507e-13
3.553125,0.128490017617917
3.55325,0.181712325544963
3.553375,0.128490017618454
3.5535,1.84622946509296e-13
3.553625,-0.128490017617726
3.55375,-0.181712325544963
3.553875,-0.128490017618178
3.554,-4.55139811106012e-13
3.554125,0.128490017617535
3.55425,0.181712325544963
3.554375,0.128490017618369
3.5545,7.25656675702727e-13
3.554625,-0.128490017617811
3.55475,-0.181712325544963
3.554875,-0.128490017618093
3.555,-3.35107950979516e-13
3.555125,0.128490017617619
3.55525,0.181712325544963
3.555375,0.128490017618285
3.5555,6.05624815576231e-13
3.555625,-0.128490017617896
3.55575,-0.181712325544963
3.555875,-0.128490017618476
3.556,-2.1507609085302e-13
3.556125,0.128490017617704
3.55625,0.181712325544963
3.556375,0.1284900176182
3.5565,4.85592955449735e-13
3.556625,-0.128490017617513
3.55675,-0.181712325544963
3.556875,-0.128490017618391
3.557,-7.5610982004645e-13
3.557125,0.128490017617789
3.55725,0.181712325544963
3.557375,0.128490017618582
3.5575,3.65561095323239e-13
3.557625,-0.128490017617598
3.55775,-0.181712325544963
3.557875,-0.128490017618306
3.558,-6.36077959919954e-13
3.558125,0.128490017617874
3.55825,0.181712325544963
3.558375,0.128490017618497
3.5585,2.45529235196743e-13
3.558625,-0.128490017617683
3.55875,-0.181712325544963
3.558875,-0.128490017618221
3.559,-5.16046099793458e-13
3.559125,0.128490017617491
3.55925,0.181712325544963
3.559375,0.128490017617945
3.5595,7.86562964390174e-13
3.559625,-0.128490017617768
3.55975,-0.181712325544963
3.559875,-0.128490017618604
3.56,-3.96014239666963e-13
3.560125,0.128490017618044
3.56025,0.181712325544963
3.560375,0.128490017618328
3.5605,5.46551494375127e-15
3.560625,-0.128490017617853
3.56075,-0.181712325544963
3.560875,-0.128490017618519
3.561,-2.75982379540467e-13
3.561125,0.128490017617661
3.56125,0.181712325544963
3.561375,0.128490017618243
3.5615,5.46499244137182e-13
3.561625,-0.12849001761747
3.56175,-0.181712325544963
3.561875,-0.128490017618434
3.562,-8.17016108733897e-13
3.562125,0.128490017617746
3.56225,0.181712325544963
3.562375,0.128490017618625
3.5625,4.26467384010686e-13
3.562625,-0.128490017618022
3.56275,-0.181712325544963
3.562875,-0.128490017618349
3.563,-3.59186592874747e-14
3.563125,0.128490017617831
3.56325,0.181712325544963
3.563375,0.128490017618073
3.5635,3.0643552388419e-13
3.563625,-0.12849001761764
3.56375,-0.181712325544963
3.563875,-0.128490017618264
3.564,-5.76952388480905e-13
3.564125,0.128490017617916
3.56425,0.181712325544963
3.564375,0.128490017618456
3.5645,8.4746925307762e-13
3.564625,-0.128490017617725
3.56475,-0.181712325544963
3.564875,-0.128490017618647
3.565,-4.56920528354409e-13
3.565125,0.128490017618001
3.56525,0.181712325544963
3.565375,0.128490017618371
3.5655,6.63718036311982e-14
3.565625,-0.128490017617809
3.56575,-0.181712325544963
3.565875,-0.128490017618095
3.566,-3.36888668227913e-13
3.566125,0.128490017617618
3.56625,0.181712325544963
3.566375,0.128490017618286
3.5665,6.07405532824629e-13
3.566625,-0.128490017617894
3.56675,-0.181712325544963
3.566875,-0.128490017618477
3.567,-2.16856808101418e-13
3.567125,0.128490017617703
3.56725,0.181712325544963
3.567375,0.128490017618201
3.5675,4.87373672698133e-13
3.567625,-0.128490017617979
3.56775,-0.181712325544963
3.567875,-0.128490017618392
3.568,-9.68249479749216e-14
3.568125,0.128490017617788
3.56825,0.181712325544963
3.568375,0.128490017618116
3.5685,3.67341812571637e-13
3.568625,-0.128490017617597
3.56875,-0.181712325544963
3.568875,-0.128490017618307
3.569,-6.37858677168352e-13
3.569125,0.128490017617873
3.56925,0.181712325544963
3.569375,0.128490017618499
3.5695,2.47309952445141e-13
3.569625,-0.128490017617681
3.56975,-0.181712325544963
3.569875,-0.128490017618223
3.57,-5.17826817041856e-13
3.570125,0.12849001761749
3.57025,0.181712325544963
3.570375,0.128490017618414
3.5705,1.27278092318645e-13
3.570625,-0.128490017617766
3.57075,-0.181712325544963
3.570875,-0.128490017618138
3.571,-3.9779495691536e-13
3.571125,0.128490017617575
3.57125,0.181712325544963
3.571375,0.128490017618329
3.5715,6.68311821512076e-13
3.571625,-0.128490017617851
3.57175,-0.181712325544963
3.571875,-0.12849001761852
3.572,-2.77763096788864e-13
3.572125,0.128490017618127
3.57225,0.181712325544963
3.572375,0.128490017618244
3.5725,5.4827996138558e-13
3.572625,-0.128490017617469
3.57275,-0.181712325544963
3.572875,-0.128490017618435
3.573,-1.57731236662369e-13
3.573125,0.128490017617745
3.57325,0.181712325544963
3.573375,0.128490017618159
3.5735,4.28248101259084e-13
3.573625,-0.128490017617554
3.57375,-0.181712325544963
3.573875,-0.12849001761835
3.574,-6.98764965855799e-13
3.574125,0.12849001761783
3.57425,0.181712325544963
3.574375,0.128490017618542
3.5745,3.08216241132588e-13
3.574625,-0.128490017617638
3.57475,-0.181712325544963
3.574875,-0.128490017618266
3.575,8.23324835906233e-14
3.575125,0.128490017617447
3.57525,0.181712325544963
3.575375,0.128490017617989
3.5755,8.49249970326018e-13
3.575625,-0.128490017617723
3.57575,-0.181712325544963
3.575875,-0.128490017618181
3.576,-4.58701245602807e-13
3.576125,0.128490017617999
3.57625,0.181712325544963
3.576375,0.128490017618372
3.5765,7.29218110199523e-13
3.576625,-0.128490017617808
3.57675,-0.181712325544963
3.576875,-0.128490017618563
3.577,-3.38669385476311e-13
3.577125,0.128490017617617
3.57725,0.181712325544963
3.577375,0.128490017618287
3.5775,-5.18793392468999e-14
3.577625,-0.128490017617426
3.57775,-0.181712325544963
3.577875,-0.128490017618011
3.578,-8.79703114669742e-13
3.578125,0.128490017617702
3.57825,0.181712325544963
3.578375,0.128490017618202
3.5785,4.89154389946531e-13
3.578625,-0.128490017617978
3.57875,-0.181712325544963
3.578875,-0.128490017618394
3.579,-9.86056652233195e-14
3.579125,0.128490017617787
3.57925,0.181712325544963
3.579375,0.128490017618117
3.5795,3.69122529820035e-13
3.579625,-0.128490017617595
3.57975,-0.181712325544963
3.579875,-0.128490017618309
3.58,-6.3963939441675e-13
3.580125,0.128490017617404
3.58025,0.181712325544963
3.580375,0.128490017618032
3.5805,9.10156259013465e-13
3.580625,-0.12849001761768
3.58075,-0.181712325544963
3.580875,-0.128490017618691
3.581,-5.19607534290254e-13
3.581125,0.128490017617956
3.58125,0.181712325544963
3.581375,0.128490017618415
3.5815,1.29058809567043e-13
3.581625,-0.128490017617765
3.58175,-0.181712325544963
3.581875,-0.128490017618139
3.582,-3.99575674163758e-13
3.582125,0.128490017617574
3.58225,0.181712325544963
3.582375,0.12849001761833
3.5825,6.70092538760473e-13
3.582625,-0.12849001761785
3.58275,-0.181712325544963
3.582875,-0.128490017618521
3.583,-2.79543814037262e-13
3.583125,0.128490017617659
3.58325,0.181712325544963
3.583375,0.128490017618245
3.5835,5.50060678633978e-13
3.583625,-0.128490017617935
3.58375,-0.181712325544963
3.583875,-0.128490017618437
3.584,-1.59511953910766e-13
3.584125,0.128490017617744
3.58425,0.181712325544963
3.584375,0.12849001761816
3.5845,4.30028818507482e-13
3.584625,-0.128490017617552
3.58475,-0.181712325544963
3.584875,-0.128490017618352
3.585,-7.00545683104197e-13
3.585125,0.128490017617828
3.58525,0.181712325544963
3.585375,0.128490017618543
3.5855,3.09996958380986e-13
3.585625,-0.128490017617637
3.58575,-0.181712325544963
3.585875,-0.128490017618267
3.586,-5.80513822977701e-13
3.586125,0.128490017617913
3.58625,0.181712325544963
3.586375,0.128490017618458
3.5865,1.8996509825449e-13
3.586625,-0.128490017617722
3.58675,-0.181712325544963
3.586875,-0.128490017618182
3.587,-4.60481962851205e-13
3.587125,0.128490017617531
3.58725,0.181712325544963
3.587375,0.128490017618373
3.5875,7.3099882744792e-13
3.587625,-0.128490017617807
3.58775,-0.181712325544963
3.587875,-0.128490017618565
3.588,-3.40450102724709e-13
3.588125,0.128490017617616
3.58825,0.181712325544963
3.588375,0.128490017618288
3.5885,6.10966967321424e-13
3.588625,-0.128490017617892
3.58875,-0.181712325544963
3.588875,-0.12849001761848
3.589,-2.20418242598213e-13
3.589125,0.128490017617701
3.58925,0.181712325544963
3.589375,0.128490017618204
3.5895,4.90935107194929e-13
3.589625,-0.128490017617509
3.58975,-0.181712325544963
3.589875,-0.128490017618395
3.59,-7.61451971791644e-13
3.590125,0.128490017617785
3.59025,0.181712325544963
3.590375,0.128490017618586
3.5905,3.70903247068433e-13
3.590625,-0.128490017618062
3.59075,-0.181712325544963
3.590875,-0.12849001761831
3.591,1.96454776547786e-14
3.591125,0.12849001761787
3.59125,0.181712325544963
3.591375,0.128490017618034
3.5915,2.50871386941937e-13
3.591625,-0.128490017617679
3.59175,-0.181712325544963
3.591875,-0.128490017618225
3.592,-5.21388251538652e-13
3.592125,0.128490017617488
3.59225,0.181712325544963
3.592375,0.128490017618416
3.5925,7.91905116135367e-13
3.592625,-0.128490017617764
3.59275,-0.181712325544963
3.592875,-0.128490017618608
3.593,-4.01356391412156e-13
3.593125,0.12849001761804
3.59325,0.181712325544963
3.593375,0.128490017618331
3.5935,1.08076666889448e-14
3.593625,-0.128490017617381
3.59375,-0.181712325544963
3.593875,-0.128490017618055
3.594,-2.8132453128566e-13
3.594125,0.128490017617657
3.59425,0.181712325544963
3.594375,0.128490017618247
3.5945,5.51841395882375e-13
3.594625,-0.128490017617934
3.59475,-0.181712325544963
3.594875,-0.128490017618438
3.595,-1.61292671159164e-13
3.595125,0.128490017617742
3.59525,0.181712325544963
3.595375,0.128490017618162
3.5955,4.31809535755879e-13
3.595625,-0.128490017617551
3.59575,-0.181712325544963
3.595875,-0.128490017618353
3.596,-4.12608110326683e-14
3.596125,0.12849001761736
3.59625,0.181712325544963
3.596375,0.128490017618077
3.5965,3.11777675629384e-13
3.596625,-0.128490017617636
3.59675,-0.181712325544963
3.596875,-0.128490017618268
3.597,-5.82294540226099e-13
3.597125,0.128490017617912
3.59725,0.181712325544963
3.597375,0.128490017618459
3.5975,1.91745815502888e-13
3.597625,-0.128490017617721
3.59775,-0.181712325544963
3.597875,-0.128490017618183
3.598,-4.62262680099603e-13
3.598125,0.128490017617529
3.59825,0.181712325544963
3.598375,0.128490017618375
3.5985,7.17139553763917e-14
3.598625,-0.128490017617806
3.59875,-0.181712325544963
3.598875,-0.128490017618098
3.599,-3.42230819973107e-13
3.599125,0.128490017617614
3.59925,0.181712325544963
3.599375,0.12849001761829
3.5995,6.12747684569822e-13
3.599625,-0.128490017617891
3.59975,-0.181712325544963
3.599875,-0.128490017618481
3.6,-2.22198959846611e-13
3.600125,0.128490017617699
3.60025,0.181712325544963
3.600375,0.128490017618205
3.6005,4.92715824443326e-13
3.600625,-0.128490017617508
3.60075,-0.181712325544963
3.600875,-0.128490017618396
3.601,-7.63232689040042e-13
3.601125,0.128490017617784
3.60125,0.181712325544963
3.601375,0.12849001761812
3.6015,3.7268396431683e-13
3.601625,-0.128490017617593
3.60175,-0.181712325544963
3.601875,-0.128490017618311
3.602,-6.43200828913546e-13
3.602125,0.128490017617869
3.60225,0.181712325544963
3.602375,0.128490017618502
3.6025,2.52652104190335e-13
3.602625,-0.128490017617678
3.60275,-0.181712325544963
3.602875,-0.128490017618226
3.603,1.37896620532877e-13
3.603125,0.128490017617486
3.60325,0.181712325544963
3.603375,0.12849001761795
3.6035,7.93685833383765e-13
3.603625,-0.128490017617763
3.60375,-0.181712325544963
3.603875,-0.128490017618141
3.604,-4.03137108660554e-13
3.604125,0.128490017617571
3.60425,0.181712325544963
3.604375,0.128490017618333
3.6045,6.73653973257269e-13
3.604625,-0.128490017617847
3.60475,-0.181712325544963
3.604875,-0.128490017618524
3.605,-2.83105248534058e-13
3.605125,0.128490017617656
3.60525,0.181712325544963
3.605375,0.128490017618248
3.6055,5.53622113130773e-13
3.605625,-0.128490017617465
3.60575,-0.181712325544963
3.605875,-0.128490017617972
3.606,-8.24138977727488e-13
3.606125,0.128490017617741
3.60625,0.181712325544963
3.606375,0.12849001761863
3.6065,4.33590253004277e-13
3.606625,-0.128490017618017
3.60675,-0.181712325544963
3.606875,-0.128490017618354
3.607,-4.30415282810661e-14
3.607125,0.128490017617826
3.60725,0.181712325544963
3.607375,0.128490017618078
3.6075,3.13558392877781e-13
3.607625,-0.128490017617635
3.60775,-0.181712325544963
3.607875,-0.128490017618269
3.608,-5.84075257474497e-13
3.608125,0.128490017617443
3.60825,0.181712325544963
3.608375,0.128490017618461
3.6085,8.54592122071212e-13
3.608625,-0.128490017617719
3.60875,-0.181712325544963
3.608875,-0.128490017618652
3.609,-4.64043397348001e-13
3.609125,0.128490017617996
3.60925,0.181712325544963
3.609375,0.128490017618376
3.6095,7.34946726247896e-14
3.609625,-0.128490017617804
3.60975,-0.181712325544963
3.609875,-0.1284900176181
3.61,-3.44011537221505e-13
3.610125,0.128490017617613
3.61025,0.181712325544963
3.610375,0.128490017618291
3.6105,6.1452840181822e-13
3.610625,-0.128490017617889
3.61075,-0.181712325544963
3.610875,-0.128490017618482
3.611,-2.23979677095009e-13
3.611125,0.128490017617698
3.61125,0.181712325544963
3.611375,0.128490017618673
3.6115,4.94496541691724e-13
3.611625,-0.128490017617974
3.61175,-0.181712325544963
3.611875,-0.128490017618397
3.612,-1.03947816968513e-13
3.612125,0.128490017617783
3.61225,0.181712325544963
3.612375,0.128490017618121
3.6125,3.74464681565228e-13
3.612625,-0.128490017617592
3.61275,-0.181712325544963
3.612875,-0.128490017618312
3.613,-6.44981546161944e-13
3.613125,0.128490017617868
3.61325,0.181712325544963
3.613375,0.128490017618504
3.6135,2.54432821438732e-13
3.613625,-0.128490017617676
3.61375,-0.181712325544963
3.613875,-0.128490017618228
3.614,-5.24949686035448e-13
3.614125,0.128490017617953
3.61425,0.181712325544963
3.614375,0.128490017618419
3.6145,1.34400961312236e-13
3.614625,-0.128490017617761
3.61475,-0.181712325544963
3.614875,-0.128490017618143
3.615,-4.04917825908952e-13
3.615125,0.12849001761757
3.61525,0.181712325544963
3.615375,0.128490017618334
3.6155,6.75434690505667e-13
3.615625,-0.128490017617846
3.61575,-0.181712325544963
3.615875,-0.128490017618525
3.616,-2.84885965782456e-13
3.616125,0.128490017617655
3.61625,0.181712325544963
3.616375,0.128490017618249
3.6165,5.55402830379171e-13
3.616625,-0.128490017617931
3.61675,-0.181712325544963
3.616875,-0.12849001761844
3.617,-1.6485410565596e-13
3.617125,0.12849001761774
3.61725,0.181712325544963
3.617375,0.128490017618164
3.6175,4.35370970252675e-13
3.617625,-0.128490017617548
3.61775,-0.181712325544963
3.617875,-0.128490017618355
3.618,-7.0588783484939e-13
3.618125,0.128490017617825
3.61825,0.181712325544963
3.618375,0.128490017618547
3.6185,3.15339110126179e-13
3.618625,-0.128490017618101
3.61875,-0.181712325544963
3.618875,-0.128490017618271
3.619,7.52096145970319e-14
3.619125,0.128490017617442
3.61925,0.181712325544963
3.619375,0.128490017618462
3.6195,1.95307249999683e-13
3.619625,-0.128490017617718
3.61975,-0.181712325544963
3.619875,-0.128490017618186
3.62,-4.65824114596399e-13
3.620125,0.128490017617527
3.62025,0.181712325544963
3.620375,0.128490017618377
3.6205,7.36340979193114e-13
3.620625,-0.128490017617803
3.62075,-0.181712325544963
3.620875,-0.128490017618568
3.621,-3.45792254469903e-13
3.621125,0.128490017617612
3.62125,0.181712325544963
3.621375,0.128490017618292
3.6215,-4.47564702533085e-14
3.621625,-0.128490017617421
3.62175,-0.181712325544963
3.621875,-0.128490017618016
3.622,-2.25760394343407e-13
3.622125,0.128490017617697
3.62225,0.181712325544963
3.622375,0.128490017618207
3.6225,4.96277258940122e-13
3.622625,-0.128490017617973
3.62275,-0.181712325544963
3.622875,-0.128490017618399
3.623,-1.05728534216911e-13
3.623125,0.128490017617782
3.62325,0.181712325544963
3.623375,0.12849001761859
3.6235,3.76245398813626e-13
3.623625,-0.12849001761759
3.62375,-0.181712325544963
3.623875,-0.128490017618314
3.624,1.4303325909585e-14
3.624125,0.128490017617399
3.62425,0.181712325544963
3.624375,0.128490017618038
3.6245,9.17279128007057e-13
3.624625,-0.128490017617675
3.62475,-0.181712325544963
3.624875,-0.128490017618229
3.625,-5.26730403283846e-13
3.625125,0.128490017617951
3.62525,0.181712325544963
3.625375,0.12849001761842
3.6255,1.36181678560634e-13
3.625625,-0.12849001761776
3.62575,-0.181712325544963
3.625875,-0.128490017618144
3.626,-4.0669854315735e-13
3.626125,0.128490017617569
3.62625,0.181712325544963
3.626375,0.128490017618335
3.6265,6.77215407754065e-13
3.626625,-0.128490017617845
3.62675,-0.181712325544963
3.626875,-0.128490017618059
3.627,-9.4773227235078e-13
3.627125,0.128490017617654
3.62725,0.181712325544963
3.627375,0.128490017618718
3.6275,5.57183547627569e-13
3.627625,-0.12849001761793
3.62775,-0.181712325544963
3.627875,-0.128490017618442
3.628,-1.66634822904358e-13
3.628125,0.128490017617739
3.62825,0.181712325544963
3.628375,0.128490017618165
3.6285,4.37151687501073e-13
3.628625,-0.128490017617547
3.62875,-0.181712325544963
3.628875,-0.128490017618357
3.629,-7.07668552097788e-13
3.629125,0.128490017617823
3.62925,0.181712325544963
3.629375,0.128490017618081
3.6295,3.17119827374577e-13
3.629625,-0.128490017617632
3.62975,-0.181712325544963
3.629875,-0.128490017618272
3.63,-5.87636691971292e-13
3.630125,0.128490017617908
3.63025,0.181712325544963
3.630375,0.128490017618463
3.6305,1.97087967248081e-13
3.630625,-0.128490017617717
3.63075,-0.181712325544963
3.630875,-0.128490017618187
3.631,-4.67604831844796e-13
3.631125,0.128490017617526
3.63125,0.181712325544963
3.631375,0.128490017618378
3.6315,7.38121696441512e-13
3.631625,-0.128490017617802
3.63175,-0.181712325544963
3.631875,-0.12849001761857
3.632,-3.47572971718301e-13
3.632125,0.128490017617611
3.63225,0.181712325544963
3.632375,0.128490017618293
3.6325,6.18089836315016e-13
3.632625,-0.128490017617887
3.63275,-0.181712325544963
3.632875,-0.128490017618485
3.633,-2.27541111591805e-13
3.633125,0.128490017617695
3.63325,0.181712325544963
3.633375,0.128490017618209
3.6335,4.9805797618852e-13
3.633625,-0.128490017617504
3.63375,-0.181712325544963
3.633875,-0.1284900176184
3.634,-7.68574840785235e-13
3.634125,0.12849001761778
3.63425,0.181712325544963
3.634375,0.128490017618591
3.6345,3.78026116062024e-13
3.634625,-0.128490017618056
3.63475,-0.181712325544963
3.634875,-0.128490017618315
3.635,-6.48542980658739e-13
3.635125,0.128490017617865
3.63525,0.181712325544963
3.635375,0.128490017618506
3.6355,2.57994255935528e-13
3.635625,-0.128490017617674
3.63575,-0.181712325544963
3.635875,-0.12849001761823
3.636,-5.28511120532243e-13
3.636125,0.128490017617483
3.63625,0.181712325544963
3.636375,0.128490017618421
3.6365,7.99027985128959e-13
3.636625,-0.128490017617759
3.63675,-0.181712325544963
3.636875,-0.128490017618613
3.637,-4.08479260405747e-13
3.637125,0.128490017618035
3.63725,0.181712325544963
3.637375,0.128490017618336
3.6375,1.79305356825363e-14
3.637625,-0.128490017617844
3.63775,-0.181712325544963
3.637875,-0.12849001761806
3.638,-2.88447400279252e-13
3.638125,0.128490017617652
3.63825,0.181712325544963
3.638375,0.128490017618252
3.6385,5.58964264875967e-13
3.638625,-0.128490017617929
3.63875,-0.181712325544963
3.638875,-0.128490017618443
3.639,-8.29481129472682e-13
3.639125,0.128490017617737
3.63925,0.181712325544963
3.639375,0.128490017618634
3.6395,4.38932404749471e-13
3.639625,-0.128490017618013
3.63975,-0.181712325544963
3.639875,-0.128490017618358
3.64,-4.83836800262597e-14
3.640125,0.128490017617355
3.64025,0.181712325544963
3.640375,0.128490017618082
3.6405,3.18900544622975e-13
3.640625,-0.128490017617631
3.64075,-0.181712325544963
3.640875,-0.128490017618273
3.641,-5.8941740921969e-13
3.641125,0.128490017617907
3.64125,0.181712325544963
3.641375,0.128490017618464
3.6415,1.98868684496479e-13
3.641625,-0.128490017617716
3.64175,-0.181712325544963
3.641875,-0.128490017618188
3.642,-4.69385549093194e-13
3.642125,0.128490017617992
3.64225,0.181712325544963
3.642375,0.12849001761838
3.6425,7.88368243699832e-14
3.642625,-0.128490017617333
3.64275,-0.181712325544963
3.642875,-0.128490017618103
3.643,-3.49353688966698e-13
3.643125,0.128490017617609
3.64325,0.181712325544963
3.643375,0.128490017618295
3.6435,6.19870553563414e-13
3.643625,-0.128490017617886
3.64375,-0.181712325544963
3.643875,-0.128490017618486
3.644,-2.29321828840203e-13
3.644125,0.128490017617694
3.64425,0.181712325544963
3.644375,0.12849001761821
3.6445,4.99838693436918e-13
3.644625,-0.128490017617503
3.64475,-0.181712325544963
3.644875,-0.128490017618401
3.645,-1.09289968713707e-13
3.645125,0.128490017617779
3.64525,0.181712325544963
3.645375,0.128490017618125
3.6455,3.79806833310422e-13
3.645625,-0.128490017617588
3.64575,-0.181712325544963
3.645875,-0.128490017618316
3.646,-6.50323697907137e-13
3.646125,0.128490017617864
3.64625,0.181712325544963
3.646375,0.128490017618507
3.6465,2.59774973183926e-13
3.646625,-0.128490017617673
3.64675,-0.181712325544963
3.646875,-0.128490017618231
3.647,-5.30291837780641e-13
3.647125,0.128490017617481
3.64725,0.181712325544963
3.647375,0.128490017618423
3.6475,1.3974311305743e-13
3.647625,-0.128490017617758
3.64775,-0.181712325544963
3.647875,-0.128490017618146
3.648,-4.10259977654145e-13
3.648125,0.128490017617566
3.64825,0.181712325544963
3.648375,0.128490017618338
3.6485,6.80776842250861e-13
3.648625,-0.128490017617842
3.64875,-0.181712325544963
3.648875,-0.128490017618529
3.649,-2.90228117527649e-13
3.649125,0.128490017617651
3.64925,0.181712325544963
3.649375,0.128490017618253
3.6495,-1.00320607195562e-13
3.649625,-0.12849001761746
3.64975,-0.181712325544963
3.649875,-0.128490017617977
3.65,-8.3126184672108e-13
3.650125,0.128490017617736
3.65025,0.181712325544963
3.650375,0.128490017618168
3.6505,4.40713121997869e-13
3.650625,-0.128490017617545
3.65075,-0.181712325544963
3.650875,-0.128490017618359
3.651,-7.11229986594584e-13
3.651125,0.128490017617821
3.65125,0.181712325544963
3.651375,0.128490017618551
3.6515,3.20681261871373e-13
3.651625,-0.12849001761763
3.65175,-0.181712325544963
3.651875,-0.128490017618274
3.652,-5.91198126468088e-13
3.652125,0.128490017617438
3.65225,0.181712325544963
3.652375,0.128490017617998
3.6525,8.61714991064803e-13
3.652625,-0.128490017617714
3.65275,-0.181712325544963
3.652875,-0.128490017618657
3.653,-4.71166266341592e-13
3.653125,0.128490017617991
3.65325,0.181712325544963
3.653375,0.128490017618381
3.6535,8.0617541618381e-14
3.653625,-0.128490017617799
3.65375,-0.181712325544963
3.653875,-0.128490017618105
3.654,-3.51134406215096e-13
3.654125,0.128490017617608
3.65425,0.181712325544963
3.654375,0.128490017618296
3.6545,6.21651270811812e-13
3.654625,-0.128490017617417
3.65475,-0.181712325544963
3.654875,-0.12849001761802
3.655,-8.92168135408527e-13
3.655125,0.128490017617693
3.65525,0.181712325544963
3.655375,0.128490017618679
3.6555,5.01619410685316e-13
3.655625,-0.128490017617969
3.65575,-0.181712325544963
3.655875,-0.128490017618402
3.656,-1.11070685962104e-13
3.656125,0.128490017617778
3.65625,0.181712325544963
3.656375,0.128490017618126
3.6565,3.8158755055882e-13
3.656625,-0.128490017617587
3.65675,-0.181712325544963
3.656875,-0.128490017618317
3.657,-6.52104415155535e-13
3.657125,0.128490017617863
3.65725,0.181712325544963
3.657375,0.128490017618509
3.6575,2.61555690432324e-13
3.657625,-0.128490017617671
3.65775,-0.181712325544963
3.657875,-0.128490017618233
3.658,-5.32072555029039e-13
3.658125,0.128490017617948
3.65825,0.181712325544963
3.658375,0.128490017618424
3.6585,1.41523830305828e-13
3.658625,-0.128490017617756
3.65875,-0.181712325544963
3.658875,-0.128490017618148
3.659,-4.12040694902543e-13
3.659125,0.128490017617565
3.65925,0.181712325544963
3.659375,0.128490017618339
3.6595,6.82557559499259e-13
3.659625,-0.128490017617841
3.65975,-0.181712325544963
3.659875,-0.12849001761853
3.66,-2.92008834776047e-13
3.660125,0.12849001761765
3.66025,0.181712325544963
3.660375,0.128490017618254
3.6605,5.62525699372763e-13
3.660625,-0.128490017617926
3.66075,-0.181712325544963
3.660875,-0.128490017618445
3.661,-1.71976974649551e-13
3.661125,0.128490017617735
3.66125,0.181712325544963
3.661375,0.128490017618169
3.6615,4.42493839246267e-13
3.661625,-0.128490017617543
3.66175,-0.181712325544963
3.661875,-0.128490017618361
3.662,-7.13010703842982e-13
3.662125,0.12849001761782
3.66225,0.181712325544963
3.662375,0.128490017618552
3.6625,3.22461979119771e-13
3.662625,-0.128490017617628
3.66275,-0.181712325544963
3.662875,-0.128490017618276
3.663,-5.92978843716486e-13
3.663125,0.128490017617904
3.66325,0.181712325544963
3.663375,0.128490017618467
3.6635,2.02430118993275e-13
3.663625,-0.128490017617713
3.66375,-0.181712325544963
3.663875,-0.128490017618191
3.664,-4.7294698358999e-13
3.664125,0.128490017617522
3.66425,0.181712325544963
3.664375,0.128490017618382
3.6645,7.43463848186705e-13
3.664625,-0.128490017617798
3.66475,-0.181712325544963
3.664875,-0.128490017618573
3.665,-3.52915123463494e-13
3.665125,0.128490017618074
3.66525,0.181712325544963
3.665375,0.128490017618297
3.6655,-3.76336012597171e-14
3.665625,-0.128490017617416
3.66575,-0.181712325544963
3.665875,-0.128490017618021
3.666,-2.32883263336998e-13
3.666125,0.128490017617692
3.66625,0.181712325544963
3.666375,0.128490017618212
3.6665,5.03400127933714e-13
3.666625,-0.1284900176175
3.66675,-0.181712325544963
3.666875,-0.128490017618404
3.667,-7.73916992530429e-13
3.667125,0.128490017617777
3.66725,0.181712325544963
3.667375,0.128490017618595
3.6675,3.83368267807218e-13
3.667625,-0.128490017618053
3.66775,-0.181712325544963
3.667875,-0.128490017618319
3.668,7.18045691599361e-15
3.668125,0.128490017617394
3.66825,0.181712325544963
3.668375,0.128490017618043
3.6685,2.63336407680722e-13
3.668625,-0.12849001761767
3.66875,-0.181712325544963
3.668875,-0.128490017618234
3.669,-5.33853272277437e-13
3.669125,0.128490017617946
3.66925,0.181712325544963
3.669375,0.128490017618425
3.6695,1.43304547554226e-13
3.669625,-0.128490017617755
3.66975,-0.181712325544963
3.669875,-0.128490017618149
3.67,-4.13821412150941e-13
3.670125,0.128490017617564
3.67025,0.181712325544963
3.670375,0.12849001761834
3.6705,2.32726874277298e-14
3.670625,-0.128490017617372
3.67075,-0.181712325544963
3.670875,-0.128490017618064
3.671,-9.54855141344372e-13
3.671125,0.128490017617649
3.67125,0.181712325544963
3.671375,0.128490017618255
3.6715,5.6430641662116e-13
3.671625,-0.128490017617925
3.67175,-0.181712325544963
3.671875,-0.128490017618447
3.672,-1.73757691897949e-13
3.672125,0.128490017617733
3.67225,0.181712325544963
3.672375,0.12849001761817
3.6725,4.44274556494665e-13
3.672625,-0.128490017617542
3.67275,-0.181712325544963
3.672875,-0.128490017618362
3.673,-5.37258317714533e-14
3.673125,0.128490017617818
3.67325,0.181712325544963
3.673375,0.128490017618086
3.6735,3.24242696368169e-13
3.673625,-0.128490017617627
3.67375,-0.181712325544963
3.673875,-0.128490017618277
3.674,-5.94759560964884e-13
3.674125,0.128490017617903
3.67425,0.181712325544963
3.674375,0.128490017618468
3.6745,2.04210836241673e-13
3.674625,-0.128490017617712
3.67475,-0.181712325544963
3.674875,-0.128490017618192
3.675,-4.74727700838388e-13
3.675125,0.128490017617521
3.67525,0.181712325544963
3.675375,0.128490017618383
3.6755,7.45244565435103e-13
3.675625,-0.128490017617797
3.67575,-0.181712325544963
3.675875,-0.128490017618107
3.676,-3.54695840711892e-13
3.676125,0.128490017617606
3.67625,0.181712325544963
3.676375,0.128490017618298
3.6765,6.25212705308607e-13
3.676625,-0.128490017617882
3.67675,-0.181712325544963
3.676875,-0.12849001761849
3.677,-2.34663980585396e-13
3.677125,0.12849001761769
3.67725,0.181712325544963
3.677375,0.128490017618214
3.6775,5.05180845182111e-13
3.677625,-0.128490017617499
3.67775,-0.181712325544963
3.677875,-0.128490017618405
3.678,-7.75697709778827e-13
3.678125,0.128490017617775
3.67825,0.181712325544963
3.678375,0.128490017618596
3.6785,3.85148985055615e-13
3.678625,-0.128490017617584
3.67875,-0.181712325544963
3.678875,-0.12849001761832
3.679,-6.55665849652331e-13
3.679125,0.12849001761786
3.67925,0.181712325544963
3.679375,0.128490017618511
3.6795,2.6511712492912e-13
3.679625,-0.128490017617669
3.67975,-0.181712325544963
3.679875,-0.128490017618235
3.68,-5.35633989525835e-13
3.680125,0.128490017617478
3.68025,0.181712325544963
3.680375,0.128490017617959
3.6805,8.0615085412255e-13
3.680625,-0.128490017617754
3.68075,-0.181712325544963
3.680875,-0.128490017618618
3.681,-4.15602129399339e-13
3.681125,0.12849001761803
3.68125,0.181712325544963
3.681375,0.128490017618342
3.6815,2.50534046761277e-14
3.681625,-0.128490017617839
3.68175,-0.181712325544963
3.681875,-0.128490017618533
3.682,-2.95570269272843e-13
3.682125,0.128490017617647
3.68225,0.181712325544963
3.682375,0.128490017618257
3.6825,5.66087133869558e-13
3.682625,-0.128490017617456
3.68275,-0.181712325544963
3.682875,-0.128490017618448
3.683,-8.36603998466274e-13
3.683125,0.128490017617732
3.68325,0.181712325544963
3.683375,0.128490017618639
3.6835,4.46055273743062e-13
3.683625,-0.128490017618008
3.68375,-0.181712325544963
3.683875,-0.128490017618363
3.684,-5.55065490198511e-14
3.684125,0.128490017617817
3.68425,0.181712325544963
3.684375,0.128490017618087
3.6845,3.26023413616566e-13
3.684625,-0.128490017617626
3.68475,-0.181712325544963
3.684875,-0.128490017618278
3.685,-5.96540278213282e-13
3.685125,0.128490017617902
3.68525,0.181712325544963
3.685375,0.128490017618469
3.6855,2.05991553490071e-13
3.685625,-0.128490017617711
3.68575,-0.181712325544963
3.685875,-0.128490017618661
3.686,-4.76508418086786e-13
3.686125,0.128490017617987
3.68625,0.181712325544963
3.686375,0.128490017618385
3.6865,8.59596933635746e-14
3.686625,-0.128490017617796
3.68675,-0.181712325544963
3.686875,-0.128490017618108
3.687,-3.5647655796029e-13
3.687125,0.128490017617604
3.68725,0.181712325544963
3.687375,0.1284900176183
3.6875,6.26993422557005e-13
3.687625,-0.12849001761788
3.68775,-0.181712325544963
3.687875,-0.128490017618491
3.688,-2.36444697833794e-13
3.688125,0.128490017617689
3.68825,0.181712325544963
3.688375,0.128490017618215
3.6885,5.06961562430509e-13
3.688625,-0.128490017617965
3.68875,-0.181712325544963
3.688875,-0.128490017618406
3.689,-1.16412837707298e-13
3.689125,0.128490017617774
3.68925,0.181712325544963
3.689375,0.12849001761813
3.6895,3.86929702304013e-13
3.689625,-0.128490017617583
3.68975,-0.181712325544963
3.689875,-0.128490017618321
3.69,-6.57446566900729e-13
3.690125,0.128490017617859
3.69025,0.181712325544963
3.690375,0.128490017618513
3.6905,2.66897842177517e-13
3.690625,-0.128490017617668
3.69075,-0.181712325544963
3.690875,-0.128490017618236
3.691,-5.37414706774233e-13
3.691125,0.128490017617476
3.69125,0.181712325544963
3.691375,0.128490017618428
3.6915,1.46865982051021e-13
3.691625,-0.128490017617752
3.69175,-0.181712325544963
3.691875,-0.128490017618151
3.692,-4.17382846647737e-13
3.692125,0.128490017617561
3.69225,0.181712325544963
3.692375,0.128490017618343
3.6925,6.87899711244452e-13
3.692625,-0.128490017617837
3.69275,-0.181712325544963
3.692875,-0.128490017618534
3.693,-2.97350986521241e-13
3.693125,0.128490017618114
3.69325,0.181712325544963
3.693375,0.128490017618258
3.6935,5.67867851117956e-13
3.693625,-0.128490017617455
3.69375,-0.181712325544963
3.693875,-0.128490017618449
3.694,-1.77319126394745e-13
3.694125,0.128490017617731
3.69425,0.181712325544963
3.694375,0.128490017618173
3.6945,4.4783599099146e-13
3.694625,-0.12849001761754
3.69475,-0.181712325544963
3.694875,-0.128490017618364
3.695,-7.18352855588175e-13
3.695125,0.128490017617816
3.69525,0.181712325544963
3.695375,0.128490017618556
3.6955,3.27804130864964e-13
3.695625,-0.128490017617625
3.69575,-0.181712325544963
3.695875,-0.128490017618279
3.696,6.27445938582469e-14
3.696125,0.128490017617433
3.69625,0.181712325544963
3.696375,0.128490017618003
3.6965,8.68837860058395e-13
3.696625,-0.128490017617709
3.69675,-0.181712325544963
3.696875,-0.128490017618195
3.697,-4.78289135335184e-13
3.697125,0.128490017617986
3.69725,0.181712325544963
3.697375,0.128490017618386
3.6975,7.48805999931899e-13
3.697625,-0.128490017617794
3.69775,-0.181712325544963
3.697875,-0.128490017618577
3.698,-3.58257275208688e-13
3.698125,0.128490017617603
3.69825,0.181712325544963
3.698375,0.128490017618301
3.6985,-3.22914495145235e-14
3.698625,-0.128490017617412
3.69875,-0.181712325544963
3.698875,-0.128490017618025
3.699,-8.99291004402118e-13
3.699125,0.128490017617688
3.69925,0.181712325544963
3.699375,0.128490017618216
3.6995,5.08742279678907e-13
3.699625,-0.128490017617964
3.69975,-0.181712325544963
3.699875,-0.128490017618407
3.7,-1.18193554955696e-13
3.700125,0.128490017617773
3.70025,0.181712325544963
3.700375,0.128490017618131
3.7005,3.88710419552411e-13
3.700625,-0.128490017617581
3.70075,-0.181712325544963
3.700875,-0.128490017618323
3.701,-6.59227284149126e-13
3.701125,0.128490017617858
3.70125,0.181712325544963
3.701375,0.128490017618046
3.7015,9.29744148745842e-13
3.701625,-0.128490017617666
3.70175,-0.181712325544963
3.701875,-0.128490017618705
3.702,-5.39195424022631e-13
3.702125,0.128490017617943
3.70225,0.181712325544963
3.702375,0.128490017618429
3.7025,1.48646699299419e-13
3.702625,-0.128490017617751
3.70275,-0.181712325544963
3.702875,-0.128490017618153
3.703,-4.19163563896135e-13
3.703125,0.12849001761756
3.70325,0.181712325544963
3.703375,0.128490017618344
3.7035,6.8968042849285e-13
3.703625,-0.128490017617836
3.70375,-0.181712325544963
3.703875,-0.128490017618535
3.704,-2.99131703769639e-13
3.704125,0.128490017617645
3.70425,0.181712325544963
3.704375,0.128490017618259
3.7045,5.69648568366354e-13
3.704625,-0.128490017617921
3.70475,-0.181712325544963
3.704875,-0.12849001761845
3.705,-1.79099843643143e-13
3.705125,0.12849001761773
3.70525,0.181712325544963
3.705375,0.128490017618174
3.7055,4.49616708239858e-13
3.705625,-0.128490017617538
3.70575,-0.181712325544963
3.705875,-0.128490017618366
3.706,-7.20133572836573e-13
3.706125,0.128490017617815
3.70625,0.181712325544963
3.706375,0.128490017618557
3.7065,3.29584848113362e-13
3.706625,-0.128490017617623
3.70675,-0.181712325544963
3.706875,-0.128490017618281
3.707,-6.00101712710077e-13
3.707125,0.128490017617899
3.70725,0.181712325544963
3.707375,0.128490017618472
3.7075,2.09552987986866e-13
3.707625,-0.128490017617708
3.70775,-0.181712325544963
3.707875,-0.128490017618196
3.708,-4.80069852583582e-13
3.708125,0.128490017617517
3.70825,0.181712325544963
3.708375,0.128490017618387
3.7085,7.50586717180297e-13
3.708625,-0.128490017617793
3.70875,-0.181712325544963
3.708875,-0.128490017618578
3.709,-3.60037992457086e-13
3.709125,0.128490017617602
3.70925,0.181712325544963
3.709375,0.128490017618302
3.7095,6.30554857053801e-13
3.709625,-0.128490017617878
3.70975,-0.181712325544963
3.709875,-0.128490017618493
3.71,-2.4000613233059e-13
3.710125,0.128490017617687
3.71025,0.181712325544963
3.710375,0.128490017618217
3.7105,5.10522996927305e-13
3.710625,-0.128490017617495
3.71075,-0.181712325544963
3.710875,-0.128490017618409
3.711,-7.8103986152402e-13
3.711125,0.128490017617772
3.71125,0.181712325544963
3.711375,0.1284900176186
3.7115,3.90491136800809e-13
3.711625,-0.128490017618048
3.71175,-0.181712325544963
3.711875,-0.128490017618324
3.712,5.75879224021874e-17
3.712125,0.128490017617856
3.71225,0.181712325544963
3.712375,0.128490017618048
3.7125,2.70459276674313e-13
3.712625,-0.128490017617665
3.71275,-0.181712325544963
3.712875,-0.128490017618239
3.713,-5.40976141271028e-13
3.713125,0.128490017617474
3.71325,0.181712325544963
3.713375,0.12849001761843
3.7135,8.11493005867744e-13
3.713625,-0.12849001761775
3.71375,-0.181712325544963
3.713875,-0.128490017618621
3.714,-4.20944281144532e-13
3.714125,0.128490017618026
3.71425,0.181712325544963
3.714375,0.128490017618345
3.7145,3.03955564213213e-14
3.714625,-0.128490017617367
3.71475,-0.181712325544963
3.714875,-0.128490017618069
3.715,-3.00912421018037e-13
3.715125,0.128490017617644
3.71525,0.181712325544963
3.715375,0.12849001761826
3.7155,5.71429285614752e-13
3.715625,-0.12849001761792
3.71575,-0.181712325544963
3.715875,-0.128490017618452
3.716,-1.80880560891541e-13
3.716125,0.128490017617728
3.71625,0.181712325544963
3.716375,0.128490017618176
3.7165,4.51397425488256e-13
3.716625,-0.128490017617537
3.71675,-0.181712325544963
3.716875,-0.128490017618367
3.717,-6.08487007650447e-14
3.717125,0.128490017617346
3.71725,0.181712325544963
3.717375,0.128490017618091
3.7175,3.3136556536176e-13
3.717625,-0.128490017617622
3.71775,-0.181712325544963
3.717875,-0.128490017618282
3.718,-6.01882429958475e-13
3.718125,0.128490017617898
3.71825,0.181712325544963
3.718375,0.128490017618473
3.7185,2.11333705235264e-13
3.718625,-0.128490017617707
3.71875,-0.181712325544963
3.718875,-0.128490017618197
3.719,-4.81850569831979e-13
3.719125,0.128490017617516
3.71925,0.181712325544963
3.719375,0.128490017618388
3.7195,9.13018451087682e-14
3.719625,-0.128490017617792
3.71975,-0.181712325544963
3.719875,-0.128490017618112
3.72,-3.61818709705483e-13
3.720125,0.128490017617601
3.72025,0.181712325544963
3.720375,0.128490017618303
3.7205,6.32335574302199e-13
3.720625,-0.128490017617877
3.72075,-0.181712325544963
3.720875,-0.128490017618495
3.721,-2.41786849578988e-13
3.721125,0.128490017617685
3.72125,0.181712325544963
3.721375,0.128490017618219
3.7215,5.12303714175703e-13
3.721625,-0.128490017617494
3.72175,-0.181712325544963
3.721875,-0.12849001761841
3.722,-7.82820578772418e-13
3.722125,0.12849001761777
3.72225,0.181712325544963
3.722375,0.128490017618134
3.7225,3.92271854049207e-13
3.722625,-0.128490017617579
3.72275,-0.181712325544963
3.722875,-0.128490017618325
3.723,-6.62788718645922e-13
3.723125,0.128490017617855
3.72325,0.181712325544963
3.723375,0.128490017618516
3.7235,2.72239993922711e-13
3.723625,-0.128490017617664
3.72375,-0.181712325544963
3.723875,-0.12849001761824
3.724,1.183087308005e-13
3.724125,0.128490017617473
3.72425,0.181712325544963
3.724375,0.128490017617964
3.7245,8.13273723116142e-13
3.724625,-0.128490017617749
3.72475,-0.181712325544963
3.724875,-0.128490017618155
3.725,-4.2272499839293e-13
3.725125,0.128490017617557
3.72525,0.181712325544963
3.725375,0.128490017618347
3.7255,6.93241862989646e-13
3.725625,-0.128490017617834
3.72575,-0.181712325544963
3.725875,-0.128490017618538
3.726,-3.02693138266434e-13
3.726125,0.128490017617642
3.72625,0.181712325544963
3.726375,0.128490017618262
3.7265,5.7321000286315e-13
3.726625,-0.128490017617451
3.72675,-0.181712325544963
3.726875,-0.128490017617986
3.727,-8.43726867459865e-13
3.727125,0.128490017617727
3.72725,0.181712325544963
3.727375,0.128490017618644
3.7275,4.53178142736654e-13
3.727625,-0.128490017618003
3.72775,-0.181712325544963
3.727875,-0.128490017618368
3.728,-6.26294180134426e-14
3.728125,0.128490017617812
3.72825,0.181712325544963
3.728375,0.128490017618092
3.7285,3.33146282610158e-13
3.728625,-0.128490017617621
3.72875,-0.181712325544963
3.728875,-0.128490017618283
3.729,-6.03663147206873e-13
3.729125,0.12849001761743
3.72925,0.181712325544963
3.729375,0.128490017618475
3.7295,8.74180011803588e-13
3.729625,-0.128490017617706
3.72975,-0.181712325544963
3.729875,-0.128490017618666
3.73,-4.83631287080377e-13
3.730125,0.128490017617982
3.73025,0.181712325544963
3.730375,0.12849001761839
3.7305,9.3082562357166e-14
3.730625,-0.128490017617791
3.73075,-0.181712325544963
3.730875,-0.128490017618113
3.731,-3.63599426953881e-13
3.731125,0.128490017617599
3.73125,0.181712325544963
3.731375,0.128490017618305
3.7315,6.34116291550597e-13
3.731625,-0.128490017617875
3.73175,-0.181712325544963
3.731875,-0.128490017618496
3.732,-2.43567566827385e-13
3.732125,0.128490017617684
3.73225,0.181712325544963
3.732375,0.12849001761822
3.7325,5.14084431424101e-13
3.732625,-0.12849001761796
3.73275,-0.181712325544963
3.732875,-0.128490017618411
3.733,-1.23535706700889e-13
3.733125,0.128490017617769
3.73325,0.181712325544963
3.733375,0.128490017618135
3.7335,3.94052571297605e-13
3.733625,-0.128490017617578
3.73375,-0.181712325544963
3.733875,-0.128490017618326
3.734,-6.6456943589432e-13
3.734125,0.128490017617854
3.73425,0.181712325544963
3.734375,0.128490017618518
3.7345,2.74020711171109e-13
3.734625,-0.128490017617663
3.73475,-0.181712325544963
3.734875,-0.128490017618241
3.735,-5.44537575767824e-13
3.735125,0.128490017617939
3.73525,0.181712325544963
3.735375,0.128490017618433
3.7355,1.53988851044613e-13
3.735625,-0.128490017617747
3.73575,-0.181712325544963
3.735875,-0.128490017618157
3.736,-4.24505715641328e-13
3.736125,0.128490017617556
3.73625,0.181712325544963
3.736375,0.128490017618348
3.7365,6.95022580238043e-13
3.736625,-0.128490017617832
3.73675,-0.181712325544963
3.736875,-0.128490017618539
3.737,-3.04473855514832e-13
3.737125,0.128490017617641
3.73725,0.181712325544963
3.737375,0.128490017618263
3.7375,5.74990720111548e-13
3.737625,-0.128490017617917
3.73775,-0.181712325544963
3.737875,-0.128490017618454
3.738,-1.84441995388336e-13
3.738125,0.128490017617726
3.73825,0.181712325544963
3.738375,0.128490017618178
3.7385,4.54958859985052e-13
3.738625,-0.128490017617535
3.73875,-0.181712325544963
3.738875,-0.128490017618369
3.739,-7.25475724581767e-13
3.739125,0.128490017617811
3.73925,0.181712325544963
3.739375,0.128490017618561
3.7395,3.34926999858556e-13
3.739625,-0.128490017618087
3.73975,-0.181712325544963
3.739875,-0.128490017618284
3.74,5.56217248646555e-14
3.740125,0.128490017617428
3.74025,0.181712325544963
3.740375,0.128490017618476
3.7405,2.1489513973206e-13
3.740625,-0.128490017617704
3.74075,-0.181712325544963
3.740875,-0.1284900176182
3.741,-4.85412004328775e-13
3.741125,0.128490017617513
3.74125,0.181712325544963
3.741375,0.128490017618391
3.7415,7.5592886892549e-13
3.741625,-0.128490017617789
3.74175,-0.181712325544963
3.741875,-0.128490017618582
3.742,-3.65380144202279e-13
3.742125,0.128490017617598
3.74225,0.181712325544963
3.742375,0.128490017618306
3.7425,-2.51685805209321e-14
3.742625,-0.128490017617407
3.74275,-0.181712325544963
3.742875,-0.12849001761803
3.743,-2.45348284075783e-13
3.743125,0.128490017617683
3.74325,0.181712325544963
3.743375,0.128490017618221
3.7435,5.15865148672499e-13
3.743625,-0.128490017617959
3.74375,-0.181712325544963
3.743875,-0.128490017618412
3.744,-1.25316423949287e-13
3.744125,0.128490017617768
3.74425,0.181712325544963
3.744375,0.128490017618604
3.7445,3.95833288546003e-13
3.744625,-0.128490017617576
3.74475,-0.181712325544963
3.744875,-0.128490017618328
3.745,-5.28456382279138e-15
3.745125,0.128490017617385
3.74525,0.181712325544963
3.745375,0.128490017618051
3.7455,9.36867017739433e-13
3.745625,-0.128490017617661
3.74575,-0.181712325544963
3.745875,-0.128490017618243
3.746,-5.46318293016222e-13
3.746125,0.128490017617938
3.74625,0.181712325544963
3.746375,0.128490017618434
3.7465,1.55769568293011e-13
3.746625,-0.128490017617746
3.74675,-0.181712325544963
3.746875,-0.128490017618158
3.747,-4.26286432889726e-13
3.747125,0.128490017617555
3.74725,0.181712325544963
3.747375,0.128490017618349
3.7475,6.96803297486441e-13
3.747625,-0.128490017617831
3.74775,-0.181712325544963
3.747875,-0.128490017618073
3.748,-3.0625457276323e-13
3.748125,0.12849001761764
3.74825,0.181712325544963
3.748375,0.128490017618732
3.7485,5.76771437359945e-13
3.748625,-0.128490017617916
3.74875,-0.181712325544963
3.748875,-0.128490017618455
3.749,-1.86222712636734e-13
3.749125,0.128490017617725
3.74925,0.181712325544963
3.749375,0.128490017618179
3.7495,4.56739577233449e-13
3.749625,-0.128490017617533
3.74975,-0.181712325544963
3.749875,-0.128490017618371
3.75,-7.27256441830165e-13
3.750125,0.12849001761781
3.75025,0.181712325544963
3.750375,0.128490017618094
3.7505,3.36707717106954e-13
3.750625,-0.128490017617618
3.75075,-0.181712325544963
3.750875,-0.128490017618286
3.751,-6.07224581703669e-13
3.751125,0.128490017617894
3.75125,0.181712325544963
3.751375,0.128490017618477
3.7515,2.16675856980458e-13
3.751625,-0.128490017617703
3.75175,-0.181712325544963
3.751875,-0.128490017618201
3.752,-4.87192721577173e-13
3.752125,0.128490017617512
3.75225,0.181712325544963
3.752375,0.128490017618392
3.7525,7.57709586173888e-13
3.752625,-0.128490017617788
3.75275,-0.181712325544963
3.752875,-0.128490017618583
3.753,-3.67160861450677e-13
3.753125,0.128490017617597
3.75325,0.181712325544963
3.753375,0.128490017618307
3.7535,6.37677726047392e-13
3.753625,-0.128490017617873
3.75375,-0.181712325544963
3.753875,-0.128490017618499
3.754,-2.47129001324181e-13
3.754125,0.128490017617682
3.75425,0.181712325544963
3.754375,0.128490017618222
3.7545,5.17645865920896e-13
3.754625,-0.12849001761749
3.75475,-0.181712325544963
3.754875,-0.128490017618414
3.755,-7.88162730517612e-13
3.755125,0.128490017617766
3.75525,0.181712325544963
3.755375,0.128490017618605
3.7555,3.976140057944e-13
3.755625,-0.128490017618043
3.75575,-0.181712325544963
3.755875,-0.128490017618329
3.756,-6.68130870391116e-13
3.756125,0.128490017617851
3.75625,0.181712325544963
3.756375,0.12849001761852
3.7565,2.77582145667905e-13
3.756625,-0.12849001761766
3.75675,-0.181712325544963
3.756875,-0.128490017618244
3.757,-5.4809901026462e-13
3.757125,0.128490017617469
3.75725,0.181712325544963
3.757375,0.128490017618435
3.7575,8.18615874861335e-13
3.757625,-0.128490017617745
3.75775,-0.181712325544963
3.757875,-0.128490017618626
3.758,-4.28067150138124e-13
3.758125,0.128490017618021
3.75825,0.181712325544963
3.758375,0.12849001761835
3.7585,3.75184254149127e-14
3.758625,-0.12849001761783
3.75875,-0.181712325544963
3.758875,-0.128490017618074
3.759,-3.08035290011628e-13
3.759125,0.128490017617639
3.75925,0.181712325544963
3.759375,0.128490017618265
3.7595,5.78552154608343e-13
3.759625,-0.128490017617915
3.75975,-0.181712325544963
3.759875,-0.128490017618457
3.76,-8.49069019205059e-13
3.760125,0.128490017617723
3.76025,0.181712325544963
3.760375,0.128490017618648
3.7605,4.58520294481847e-13
3.760625,-0.128490017618
3.76075,-0.181712325544963
3.760875,-0.128490017618372
3.761,-6.79715697586361e-14
3.761125,0.128490017617341
3.76125,0.181712325544963
3.761375,0.128490017618096
3.7615,3.38488434355351e-13
3.761625,-0.128490017617617
3.76175,-0.181712325544963
3.761875,-0.128490017618287
3.762,-6.09005298952067e-13
3.762125,0.128490017617893
3.76225,0.181712325544963
3.762375,0.128490017618478
3.7625,2.18456574228855e-13
3.762625,-0.128490017617702
3.76275,-0.181712325544963
3.762875,-0.128490017618202
3.763,-4.88973438825571e-13
3.763125,0.128490017617978
3.76325,0.181712325544963
3.763375,0.128490017618393
3.7635,9.84247141023596e-14
3.763625,-0.128490017617787
3.76375,-0.181712325544963
3.763875,-0.128490017618117
3.764,-3.68941578699075e-13
3.764125,0.128490017617595
3.76425,0.181712325544963
3.764375,0.128490017618309
3.7645,6.3945844329579e-13
3.764625,-0.128490017617872
3.76475,-0.181712325544963
3.764875,-0.1284900176185
3.765,-2.48909718572579e-13
3.765125,0.12849001761768
3.76525,0.181712325544963
3.765375,0.128490017618224
3.7655,5.19426583169294e-13
3.765625,-0.128490017617489
3.76575,-0.181712325544963
3.765875,-0.128490017618415
3.766,-1.28877858446083e-13
3.766125,0.128490017617765
3.76625,0.181712325544963
3.766375,0.128490017618139
3.7665,3.99394723042798e-13
3.766625,-0.128490017617574
3.76675,-0.181712325544963
3.766875,-0.12849001761833
3.767,-6.69911587639514e-13
3.767125,0.12849001761785
3.76725,0.181712325544963
3.767375,0.128490017618521
3.7675,2.79362862916302e-13
3.767625,-0.128490017617659
3.76775,-0.181712325544963
3.767875,-0.128490017618245
3.768,-5.49879727513018e-13
3.768125,0.128490017617468
3.76825,0.181712325544963
3.768375,0.128490017618436
3.7685,1.59331002789806e-13
3.768625,-0.128490017617744
3.76875,-0.181712325544963
3.768875,-0.12849001761816
3.769,-4.29847867386522e-13
3.769125,0.128490017617552
3.76925,0.181712325544963
3.769375,0.128490017618352
3.7695,7.00364731983237e-13
3.769625,-0.128490017617829
3.76975,-0.181712325544963
3.769875,-0.128490017618543
3.77,-3.09816007260026e-13
3.770125,0.128490017617637
3.77025,0.181712325544963
3.770375,0.128490017618267
3.7705,-8.07327174631854e-14
3.770625,-0.128490017617446
3.77075,-0.181712325544963
3.770875,-0.128490017617991
3.771,-8.50849736453456e-13
3.771125,0.128490017617722
3.77125,0.181712325544963
3.771375,0.128490017618182
3.7715,4.60301011730245e-13
3.771625,-0.128490017617531
3.77175,-0.181712325544963
3.771875,-0.128490017618373
3.772,-7.3081787632696e-13
3.772125,0.128490017617807
3.77225,0.181712325544963
3.772375,0.128490017618564
3.7725,3.40269151603749e-13
3.772625,-0.128490017617616
3.77275,-0.181712325544963
3.772875,-0.128490017618288
3.773,-6.10786016200465e-13
3.773125,0.128490017617424
3.77325,0.181712325544963
3.773375,0.128490017618012
3.7735,8.8130288079718e-13
3.773625,-0.128490017617701
3.77375,-0.181712325544963
3.773875,-0.128490017618671
3.774,-4.90754156073969e-13
3.774125,0.128490017617977
3.77425,0.181712325544963
3.774375,0.128490017618395
3.7745,1.00205431350757e-13
3.774625,-0.128490017617786
3.77475,-0.181712325544963
3.774875,-0.128490017618118
3.775,-3.70722295947473e-13
3.775125,0.128490017617594
3.77525,0.181712325544963
3.775375,0.12849001761831
3.7755,6.41239160544188e-13
3.775625,-0.128490017617403
3.77575,-0.181712325544963
3.775875,-0.128490017618034
3.776,-9.11756025140903e-13
3.776125,0.128490017617679
3.77625,0.181712325544963
3.776375,0.128490017618692
3.7765,5.21207300417692e-13
3.776625,-0.128490017617955
3.77675,-0.181712325544963
3.776875,-0.128490017618416
3.777,-1.30658575694481e-13
3.777125,0.128490017617764
3.77725,0.181712325544963
3.777375,0.12849001761814
3.7775,4.01175440291196e-13
3.777625,-0.128490017617573
3.77775,-0.181712325544963
3.777875,-0.128490017618331
3.778,-6.71692304887911e-13
3.778125,0.128490017617849
3.77825,0.181712325544963
3.778375,0.128490017618523
3.7785,2.811435801647e-13
3.778625,-0.128490017617658
3.77875,-0.181712325544963
3.778875,-0.128490017618246
3.779,-5.51660444761416e-13
3.779125,0.128490017617934
3.77925,0.181712325544963
3.779375,0.128490017618438
3.7795,1.61111720038204e-13
3.779625,-0.128490017617742
3.77975,-0.181712325544963
3.779875,-0.128490017618162
3.78,-4.3162858463492e-13
3.780125,0.128490017617551
3.78025,0.181712325544963
3.780375,0.128490017618353
3.7805,7.02145449231635e-13
3.780625,-0.128490017617827
3.78075,-0.181712325544963
3.780875,-0.128490017618544
3.781,-3.11596724508424e-13
3.781125,0.128490017617636
3.78125,0.181712325544963
3.781375,0.128490017618268
3.7815,5.82113589105139e-13
3.781625,-0.128490017617912
3.78175,-0.181712325544963
3.781875,-0.128490017618459
3.782,-1.91564864381928e-13
3.782125,0.128490017617721
3.78225,0.181712325544963
3.782375,0.128490017618183
3.7825,4.62081728978643e-13
3.782625,-0.12849001761753
3.78275,-0.181712325544963
3.782875,-0.128490017618374
3.783,-7.32598593575358e-13
3.783125,0.128490017617806
3.78325,0.181712325544963
3.783375,0.128490017618566
3.7835,3.42049868852147e-13
3.783625,-0.128490017617614
3.78375,-0.181712325544963
3.783875,-0.12849001761829
3.784,-6.12566733448862e-13
3.784125,0.128490017617891
3.78425,0.181712325544963
3.784375,0.128490017618481
3.7845,2.22018008725651e-13
3.784625,-0.128490017617699
3.78475,-0.181712325544963
3.784875,-0.128490017618205
3.785,-4.92534873322366e-13
3.785125,0.128490017617508
3.78525,0.181712325544963
3.785375,0.128490017618396
3.7855,7.63051737919082e-13
3.785625,-0.128490017617784
3.78575,-0.181712325544963
3.785875,-0.128490017618587
3.786,-3.72503013195871e-13
3.786125,0.12849001761806
3.78625,0.181712325544963
3.786375,0.128490017618311
3.7865,-1.80457115273406e-14
3.786625,-0.128490017617402
3.78675,-0.181712325544963
3.786875,-0.128490017618035
3.787,-2.52471153069375e-13
3.787125,0.128490017617678
3.78725,0.181712325544963
3.787375,0.128490017618226
3.7875,5.2298801766609e-13
3.787625,-0.128490017617487
3.78775,-0.181712325544963
3.787875,-0.128490017618417
3.788,-7.93504882262805e-13
3.788125,0.128490017617763
3.78825,0.181712325544963
3.788375,0.128490017618609
3.7885,4.02956157539594e-13
3.788625,-0.128490017618039
3.78875,-0.181712325544963
3.788875,-0.128490017618333
3.789,-1.24074328163828e-14
3.789125,0.12849001761738
3.78925,0.181712325544963
3.789375,0.128490017618056
3.7895,2.82924297413098e-13
3.789625,-0.128490017617656
3.78975,-0.181712325544963
3.789875,-0.128490017618248
3.79,-5.53441162009813e-13
3.790125,0.128490017617932
3.79025,0.181712325544963
3.790375,0.128490017618439
3.7905,1.62892437286602e-13
3.790625,-0.128490017617741
3.79075,-0.181712325544963
3.790875,-0.128490017618163
3.791,-4.33409301883317e-13
3.791125,0.12849001761755
3.79125,0.181712325544963
3.791375,0.128490017618354
3.7915,4.28605771601062e-14
3.791625,-0.128490017617359
3.79175,-0.181712325544963
3.791875,-0.128490017618078
3.792,-9.74443031076748e-13
3.792125,0.128490017617635
3.79225,0.181712325544963
3.792375,0.128490017618269
3.7925,5.83894306353537e-13
3.792625,-0.128490017617911
3.79275,-0.181712325544963
3.792875,-0.128490017618461
3.793,-1.93345581630326e-13
3.793125,0.12849001761772
3.79325,0.181712325544963
3.793375,0.128490017618184
3.7935,4.63862446227041e-13
3.793625,-0.128490017617528
3.79375,-0.181712325544963
3.793875,-0.128490017618376
3.794,-7.33137215038297e-14
3.794125,0.128490017617805
3.79425,0.181712325544963
3.794375,0.128490017618099
3.7945,3.43830586100545e-13
3.794625,-0.128490017617613
3.79475,-0.181712325544963
3.794875,-0.128490017618291
3.795,-6.1434745069726e-13
3.795125,0.128490017617889
3.79525,0.181712325544963
3.795375,0.128490017618482
3.7955,2.23798725974049e-13
3.795625,-0.128490017617698
3.79575,-0.181712325544963
3.795875,-0.128490017618206
3.796,-4.94315590570764e-13
3.796125,0.128490017617507
3.79625,0.181712325544963
3.796375,0.128490017618397
3.7965,7.6483245516748e-13
3.796625,-0.128490017617783
3.79675,-0.181712325544963
3.796875,-0.128490017618121
3.797,-3.74283730444268e-13
3.797125,0.128490017617592
3.79725,0.181712325544963
3.797375,0.128490017618312
3.7975,6.44800595040984e-13
3.797625,-0.128490017617868
3.79775,-0.181712325544963
3.797875,-0.128490017618504
3.798,-2.54251870317772e-13
3.798125,0.128490017617677
3.79825,0.181712325544963
3.798375,0.128490017618227
3.7985,5.24768734914488e-13
3.798625,-0.128490017617485
3.79875,-0.181712325544963
3.798875,-0.128490017618419
3.799,-7.95285599511203e-13
3.799125,0.128490017617761
3.79925,0.181712325544963
3.799375,0.12849001761861
3.7995,4.04736874787992e-13
3.799625,-0.12849001761757
3.79975,-0.181712325544963
3.799875,-0.128490017618334
3.8,-6.75253739384707e-13
3.800125,0.128490017617846
3.80025,0.181712325544963
3.800375,0.128490017618525
3.8005,2.84705014661496e-13
3.800625,-0.128490017617655
3.80075,-0.181712325544963
3.800875,-0.128490017618249
3.801,-5.55221879258211e-13
3.801125,0.128490017617464
3.80125,0.181712325544963
3.801375,0.128490017617973
3.8015,8.25738743854926e-13
3.801625,-0.12849001761774
3.80175,-0.181712325544963
3.801875,-0.128490017618632
3.802,-4.35190019131715e-13
3.802125,0.128490017618016
3.80225,0.181712325544963
3.802375,0.128490017618355
3.8025,4.46412944085041e-14
3.802625,-0.128490017617825
3.80275,-0.181712325544963
3.802875,-0.128490017618547
3.803,-3.15158159005219e-13
3.803125,0.128490017617634
3.80325,0.181712325544963
3.803375,0.128490017618271
3.8035,5.85675023601935e-13
3.803625,-0.128490017617442
3.80375,-0.181712325544963
3.803875,-0.128490017618462
3.804,-8.5619188819865e-13
3.804125,0.128490017617718
3.80425,0.181712325544963
3.804375,0.128490017618653
3.8045,4.65643163475439e-13
3.804625,-0.128490017617995
3.80475,-0.181712325544963
3.804875,-0.128490017618377
3.805,-7.50944387522276e-14
3.805125,0.128490017617803
3.80525,0.181712325544963
3.805375,0.128490017618101
3.8055,3.45611303348943e-13
3.805625,-0.128490017617612
3.80575,-0.181712325544963
3.805875,-0.128490017618292
3.806,-6.16128167945658e-13
3.806125,0.128490017617888
3.80625,0.181712325544963
3.806375,0.128490017618483
3.8065,2.25579443222447e-13
3.806625,-0.128490017617697
3.80675,-0.181712325544963
3.806875,-0.128490017618675
3.807,-4.96096307819162e-13
3.807125,0.128490017617973
3.80725,0.181712325544963
3.807375,0.128490017618398
3.8075,1.05547583095951e-13
3.807625,-0.128490017617782
3.80775,-0.181712325544963
3.807875,-0.128490017618122
3.808,-3.76064447692666e-13
3.808125,0.12849001761759
3.80825,0.181712325544963
3.808375,0.128490017618314
3.8085,6.46581312289382e-13
3.808625,-0.128490017617867
3.80875,-0.181712325544963
3.808875,-0.128490017618505
3.809,-2.5603258756617e-13
3.809125,0.128490017617675
3.80925,0.181712325544963
3.809375,0.128490017618229
3.8095,5.26549452162886e-13
3.809625,-0.128490017617951
3.80975,-0.181712325544963
3.809875,-0.12849001761842
3.81,-1.36000727439674e-13
3.810125,0.12849001761776
3.81025,0.181712325544963
3.810375,0.128490017618144
3.8105,4.0651759203639e-13
3.810625,-0.128490017617569
3.81075,-0.181712325544963
3.810875,-0.128490017618335
3.811,-6.77034456633105e-13
3.811125,0.128490017617845
3.81125,0.181712325544963
3.811375,0.128490017618526
3.8115,2.86485731909894e-13
3.811625,-0.128490017617654
3.81175,-0.181712325544963
3.811875,-0.12849001761825
3.812,-5.57002596506609e-13
3.812125,0.128490017617462
3.81225,0.181712325544963
3.812375,0.128490017618442
3.8125,1.66453871783398e-13
3.812625,-0.128490017617739
3.81275,-0.181712325544963
3.812875,-0.128490017618165
3.813,-4.36970736380113e-13
3.813125,0.128490017617547
3.81325,0.181712325544963
3.813375,0.128490017618357
3.8135,7.07487600976828e-13
3.813625,-0.128490017617824
3.81375,-0.181712325544963
3.813875,-0.128490017618548
3.814,-3.16938876253617e-13
3.814125,0.1284900176181
3.81425,0.181712325544963
3.814375,0.128490017618272
3.8145,5.87455740850333e-13
3.814625,-0.128490017617441
3.81475,-0.181712325544963
3.814875,-0.128490017618463
3.815,-1.96907016127121e-13
3.815125,0.128490017617717
3.81525,0.181712325544963
3.815375,0.128490017618187
3.8155,4.67423880723837e-13
3.815625,-0.128490017617526
3.81575,-0.181712325544963
3.815875,-0.128490017618378
3.816,-7.37940745320552e-13
3.816125,0.128490017617802
3.81625,0.181712325544963
3.816375,0.128490017618569
3.8165,3.47392020597341e-13
3.816625,-0.128490017617611
3.81675,-0.181712325544963
3.816875,-0.128490017618293
3.817,4.31567041258705e-14
3.817125,0.128490017617419
3.81725,0.181712325544963
3.817375,0.128490017618017
3.8175,8.88425749790771e-13
3.817625,-0.128490017617696
3.81775,-0.181712325544963
3.817875,-0.128490017618208
3.818,-4.9787702506756e-13
3.818125,0.128490017617972
3.81825,0.181712325544963
3.818375,0.1284900176184
3.8185,7.68393889664275e-13
3.818625,-0.12849001761778
3.81875,-0.181712325544963
3.818875,-0.128490017618591
3.819,-3.77845164941064e-13
3.819125,0.128490017617589
3.81925,0.181712325544963
3.819375,0.128490017618315
3.8195,-1.27035597821471e-14
3.819625,-0.128490017617398
3.81975,-0.181712325544963
3.819875,-0.128490017618039
3.82,-9.18878894134495e-13
3.820125,0.128490017617674
3.82025,0.181712325544963
3.820375,0.12849001761823
3.8205,5.28330169411283e-13
3.820625,-0.12849001761795
3.82075,-0.181712325544963
3.820875,-0.128490017618421
3.821,-1.37781444688072e-13
3.821125,0.128490017617759
3.82125,0.181712325544963
3.821375,0.128490017618145
3.8215,4.08298309284788e-13
3.821625,-0.128490017617568
3.82175,-0.181712325544963
3.821875,-0.128490017618336
3.822,-6.78815173881503e-13
3.822125,0.128490017617844
3.82225,0.181712325544963
3.822375,0.12849001761806
3.8225,9.49332038478218e-13
3.822625,-0.128490017617653
3.82275,-0.181712325544963
3.822875,-0.128490017618719
3.823,-5.58783313755007e-13
3.823125,0.128490017617929
3.82325,0.181712325544963
3.823375,0.128490017618443
3.8235,1.68234589031796e-13
3.823625,-0.128490017617737
3.82375,-0.181712325544963
3.823875,-0.128490017618167
3.824,-4.38751453628511e-13
3.824125,0.128490017617546
3.82425,0.181712325544963
3.824375,0.128490017618358
3.8245,7.09268318225226e-13
3.824625,-0.128490017617822
3.82475,-0.181712325544963
3.824875,-0.128490017618549
3.825,-3.18719593502015e-13
3.825125,0.128490017617631
3.82525,0.181712325544963
3.825375,0.128490017618273
3.8255,5.8923645809873e-13
3.825625,-0.128490017617907
3.82575,-0.181712325544963
3.825875,-0.128490017618464
3.826,-1.98687733375519e-13
3.826125,0.128490017617716
3.82625,0.181712325544963
3.826375,0.128490017618188
3.8265,4.69204597972234e-13
3.826625,-0.128490017617525
3.82675,-0.181712325544963
3.826875,-0.128490017618379
3.827,-7.3972146256895e-13
3.827125,0.128490017617801
3.82725,0.181712325544963
3.827375,0.128490017618571
3.8275,3.49172737845739e-13
3.827625,-0.128490017617609
3.82775,-0.181712325544963
3.827875,-0.128490017618295
3.828,-6.19689602442454e-13
3.828125,0.128490017617886
3.82825,0.181712325544963
3.828375,0.128490017618486
3.8285,2.29140877719243e-13
3.828625,-0.128490017617694
3.82875,-0.181712325544963
3.828875,-0.12849001761821
3.829,-4.99657742315958e-13
3.829125,0.128490017617503
3.82925,0.181712325544963
3.829375,0.128490017618401
3.8295,7.70174606912673e-13
3.829625,-0.128490017617779
3.82975,-0.181712325544963
3.829875,-0.128490017618592
3.83,-3.79625882189462e-13
3.830125,0.128490017617588
3.83025,0.181712325544963
3.830375,0.128490017618316
3.8305,6.50142746786177e-13
3.830625,-0.128490017617864
3.83075,-0.181712325544963
3.830875,-0.128490017618507
3.831,-2.59594022062966e-13
3.831125,0.128490017617673
3.83125,0.181712325544963
3.831375,0.128490017618231
3.8315,5.30110886659681e-13
3.831625,-0.128490017617482
3.83175,-0.181712325544963
3.831875,-0.128490017618422
3.832,-8.00627751256397e-13
3.832125,0.128490017617758
3.83225,0.181712325544963
3.832375,0.128490017618614
3.8325,4.10079026533185e-13
3.832625,-0.128490017618034
3.83275,-0.181712325544963
3.832875,-0.128490017618338
3.833,-1.95303018099742e-14
3.833125,0.128490017617843
3.83325,0.181712325544963
3.833375,0.128490017618061
3.8335,2.9004716640669e-13
3.833625,-0.128490017617651
3.83375,-0.181712325544963
3.833875,-0.128490017618253
3.834,-5.60564031003405e-13
3.834125,0.12849001761746
3.83425,0.181712325544963
3.834375,0.128490017618444
3.8345,8.3108089560012e-13
3.834625,-0.128490017617736
3.83475,-0.181712325544963
3.834875,-0.128490017618635
3.835,-4.40532170876909e-13
3.835125,0.128490017618012
3.83525,0.181712325544963
3.835375,0.128490017618359
3.8355,4.99834461536977e-14
3.835625,-0.128490017617354
3.83575,-0.181712325544963
3.835875,-0.128490017618083
3.836,-3.20500310750413e-13
3.836125,0.12849001761763
3.83625,0.181712325544963
3.836375,0.128490017618274
3.8365,5.91017175347128e-13
3.836625,-0.128490017617906
3.83675,-0.181712325544963
3.836875,-0.128490017618466
3.837,-2.00468450623917e-13
3.837125,0.128490017617715
3.83725,0.181712325544963
3.837375,0.128490017618189
3.8375,4.70985315220632e-13
3.837625,-0.128490017617523
3.83775,-0.181712325544963
3.837875,-0.128490017618381
3.838,-8.04365904974211e-14
3.838125,0.128490017617332
3.83825,0.181712325544963
3.838375,0.128490017618105
3.8385,3.50953455094136e-13
3.838625,-0.128490017617608
3.83875,-0.181712325544963
3.838875,-0.128490017618296
3.839,-6.21470319690852e-13
3.839125,0.128490017617884
3.83925,0.181712325544963
3.839375,0.128490017618487
3.8395,2.30921594967641e-13
3.839625,-0.128490017617693
3.83975,-0.181712325544963
3.839875,-0.128490017618211
3.84,-5.01438459564356e-13
3.840125,0.128490017617502
3.84025,0.181712325544963
3.840375,0.128490017618402
3.8405,1.10889734841145e-13
3.840625,-0.128490017617778
3.84075,-0.181712325544963
3.840875,-0.128490017618126
3.841,-3.8140659943786e-13
3.841125,0.128490017617587
3.84125,0.181712325544963
3.841375,0.128490017618317
3.8415,6.51923464034575e-13
3.841625,-0.128490017617863
3.84175,-0.181712325544963
3.841875,-0.128490017618509
3.842,-2.61374739311364e-13
3.842125,0.128490017617672
3.84225,0.181712325544963
3.842375,0.128490017618232
3.8425,5.31891603908079e-13
3.842625,-0.12849001761748
3.84275,-0.181712325544963
3.842875,-0.128490017618424
3.843,-8.02408468504795e-13
3.843125,0.128490017617756
3.84325,0.181712325544963
3.843375,0.128490017618148
3.8435,4.11859743781583e-13
3.843625,-0.128490017617565
3.84375,-0.181712325544963
3.843875,-0.128490017618339
3.844,-6.82376608378298e-13
3.844125,0.128490017617841
3.84425,0.181712325544963
3.844375,0.12849001761853
3.8445,2.91827883655087e-13
3.844625,-0.12849001761765
3.84475,-0.181712325544963
3.844875,-0.128490017618254
3.845,9.87208410681238e-14
3.845125,0.128490017617459
3.84525,0.181712325544963
3.845375,0.128490017617978
3.8455,8.32861612848518e-13
3.845625,-0.128490017617735
3.84575,-0.181712325544963
3.845875,-0.128490017618169
3.846,-4.42312888125307e-13
3.846125,0.128490017617544
3.84625,0.181712325544963
3.846375,0.12849001761836
3.8465,7.12829752722022e-13
3.846625,-0.12849001761782
3.84675,-0.181712325544963
3.846875,-0.128490017618552
3.847,-3.22281027998811e-13
3.847125,0.128490017617628
3.84725,0.181712325544963
3.847375,0.128490017618276
3.8475,5.92797892595526e-13
3.847625,-0.128490017617437
3.84775,-0.181712325544963
3.847875,-0.128490017617999
3.848,-8.63314757192241e-13
3.848125,0.128490017617713
3.84825,0.181712325544963
3.848375,0.128490017618658
3.8485,4.7276603246903e-13
3.848625,-0.12849001761799
3.84875,-0.181712325544963
3.848875,-0.128490017618382
3.849,-8.2217307745819e-14
3.849125,0.128490017617798
3.84925,0.181712325544963
3.849375,0.128490017618106
3.8495,3.52734172342534e-13
3.849625,-0.128490017617607
3.84975,-0.181712325544963
3.849875,-0.128490017618297
3.85,-6.2325103693925e-13
3.850125,0.128490017617416
3.85025,0.181712325544963
3.850375,0.128490017618488
3.8505,8.93767901535965e-13
3.850625,-0.128490017617692
3.85075,-0.181712325544963
3.850875,-0.12849001761868
3.851,-5.03219176812754e-13
3.851125,0.128490017617968
3.85125,0.181712325544963
3.851375,0.128490017618403
3.8515,1.12670452089542e-13
3.851625,-0.128490017617777
3.85175,-0.181712325544963
3.851875,-0.128490017618127
3.852,-3.83187316686258e-13
3.852125,0.128490017617585
3.85225,0.181712325544963
3.852375,0.128490017618319
3.8525,6.53704181282973e-13
3.852625,-0.128490017617862
3.85275,-0.181712325544963
3.852875,-0.12849001761851
3.853,-2.63155456559762e-13
3.853125,0.12849001761767
3.85325,0.181712325544963
3.853375,0.128490017618234
3.8535,5.33672321156477e-13
3.853625,-0.128490017617946
3.85375,-0.181712325544963
3.853875,-0.128490017618425
3.854,-1.43123596433266e-13
3.854125,0.128490017617755
3.85425,0.181712325544963
3.854375,0.128490017618149
3.8545,4.13640461029981e-13
3.854625,-0.128490017617564
3.85475,-0.181712325544963
3.854875,-0.12849001761834
3.855,-6.84157325626696e-13
3.855125,0.12849001761784
3.85525,0.181712325544963
3.855375,0.128490017618531
3.8555,2.93608600903485e-13
3.855625,-0.128490017617649
3.85575,-0.181712325544963
3.855875,-0.128490017618255
3.856,-5.641254655002e-13
3.856125,0.128490017617925
3.85625,0.181712325544963
3.856375,0.128490017618447
3.8565,1.73576740776989e-13
3.856625,-0.128490017617734
3.85675,-0.181712325544963
3.856875,-0.12849001761817
3.857,-4.44093605373705e-13
3.857125,0.128490017617542
3.85725,0.181712325544963
3.857375,0.128490017618362
3.8575,7.1461046997042e-13
3.857625,-0.128490017617819
3.85775,-0.181712325544963
3.857875,-0.128490017618553
3.858,-3.24061745247209e-13
3.858125,0.128490017617627
3.85825,0.181712325544963
3.858375,0.128490017618277
3.8585,5.94578609843924e-13
3.858625,-0.128490017617903
3.85875,-0.181712325544963
3.858875,-0.128490017618468
3.859,-2.04029885120713e-13
3.859125,0.128490017617712
3.85925,0.181712325544963
3.859375,0.128490017618192
3.8595,4.74546749717428e-13
3.859625,-0.128490017617521
3.85975,-0.181712325544963
3.859875,-0.128490017618383
3.86,-7.45063614314143e-13
3.860125,0.128490017617797
3.86025,0.181712325544963
3.860375,0.128490017618574
3.8605,3.54514889590932e-13
3.860625,-0.128490017618073
3.86075,-0.181712325544963
3.860875,-0.128490017618298
3.861,3.60338351322791e-14
3.861125,0.128490017617414
3.86125,0.181712325544963
3.861375,0.12849001761849
3.8615,2.34483029464436e-13
3.861625,-0.128490017617691
3.86175,-0.181712325544963
3.861875,-0.128490017618213
3.862,-5.04999894061151e-13
3.862125,0.128490017617499
3.86225,0.181712325544963
3.862375,0.128490017618405
3.8625,7.75516758657867e-13
3.862625,-0.128490017617775
3.86275,-0.181712325544963
3.862875,-0.128490017618596
3.863,-3.84968033934656e-13
3.863125,0.128490017617584
3.86325,0.181712325544963
3.863375,0.12849001761832
3.8635,-5.58069078855565e-15
3.863625,-0.128490017617393
3.86375,-0.181712325544963
3.863875,-0.128490017618044
3.864,-2.6493617380816e-13
3.864125,0.128490017617669
3.86425,0.181712325544963
3.864375,0.128490017618235
3.8645,5.35453038404875e-13
3.864625,-0.128490017617945
3.86475,-0.181712325544963
3.864875,-0.128490017618426
3.865,-1.44904313681664e-13
3.865125,0.128490017617754
3.86525,0.181712325544963
3.865375,0.128490017618618
3.8655,4.15421178278379e-13
3.865625,-0.128490017617563
3.86575,-0.181712325544963
3.865875,-0.128490017618341
3.866,-2.48724535551678e-14
3.866125,0.128490017617371
3.86625,0.181712325544963
3.866375,0.128490017618065
3.8665,9.5645490747181e-13
3.866625,-0.128490017617647
3.86675,-0.181712325544963
3.866875,-0.128490017618257
3.867,-5.65906182748598e-13
3.867125,0.128490017617924
3.86725,0.181712325544963
3.867375,0.128490017618448
3.8675,1.75357458025387e-13
3.867625,-0.128490017617732
3.86775,-0.181712325544963
3.867875,-0.128490017618172
3.868,-4.45874322622102e-13
3.868125,0.128490017617541
3.86825,0.181712325544963
3.868375,0.128490017618363
3.8685,7.16391187218818e-13
3.868625,-0.128490017617817
3.86875,-0.181712325544963
3.868875,-0.128490017618087
3.869,-3.25842462495607e-13
3.869125,0.128490017617626
3.86925,0.181712325544963
3.869375,0.128490017618745
3.8695,5.96359327092322e-13
3.869625,-0.128490017617902
3.86975,-0.181712325544963
3.869875,-0.128490017618469
3.87,-2.05810602369111e-13
3.870125,0.128490017617711
3.87025,0.181712325544963
3.870375,0.128490017618193
3.8705,4.76327466965826e-13
3.870625,-0.12849001761752
3.87075,-0.181712325544963
3.870875,-0.128490017618384
3.871,-7.46844331562541e-13
3.871125,0.128490017617796
3.87125,0.181712325544963
3.871375,0.128490017618108
3.8715,3.5629560683933e-13
3.871625,-0.128490017617604
3.87175,-0.181712325544963
3.871875,-0.1284900176183
3.872,-6.26812471436045e-13
3.872125,0.128490017617881
3.87225,0.181712325544963
3.872375,0.128490017618491
3.8725,2.36263746712834e-13
3.872625,-0.128490017617689
3.87275,-0.181712325544963
3.872875,-0.128490017618215
3.873,-5.06780611309549e-13
3.873125,0.128490017617498
3.87325,0.181712325544963
3.873375,0.128490017618406
3.8735,7.77297475906265e-13
3.873625,-0.128490017617774
3.87375,-0.181712325544963
3.873875,-0.128490017618597
3.874,-3.86748751183053e-13
3.874125,0.128490017617583
3.87425,0.181712325544963
3.874375,0.128490017618321
3.8745,6.57265615779769e-13
3.874625,-0.128490017617859
3.87475,-0.181712325544963
3.874875,-0.128490017618512
3.875,-2.66716891056558e-13
3.875125,0.128490017617668
3.87525,0.181712325544963
3.875375,0.128490017618236
3.8755,5.37233755653273e-13
3.875625,-0.128490017617476
3.87575,-0.181712325544963
3.875875,-0.128490017618428
3.876,-8.07750620249988e-13
3.876125,0.128490017617753
3.87625,0.181712325544963
3.876375,0.128490017618619
3.8765,4.17201895526777e-13
3.876625,-0.128490017618029
3.87675,-0.181712325544963
3.876875,-0.128490017618343
3.877,-6.87718760123492e-13
3.877125,0.128490017617838
3.87725,0.181712325544963
3.877375,0.128490017618534
3.8775,2.97170035400281e-13
3.877625,-0.128490017617646
3.87775,-0.181712325544963
3.877875,-0.128490017618258
3.878,-5.67686899996996e-13
3.878125,0.128490017617455
3.87825,0.181712325544963
3.878375,0.128490017618449
3.8785,8.38203764593712e-13
3.878625,-0.128490017617731
3.87875,-0.181712325544963
3.878875,-0.12849001761864
3.879,-4.476550398705e-13
3.879125,0.128490017618007
3.87925,0.181712325544963
3.879375,0.128490017618364
3.8795,5.71063151472891e-14
3.879625,-0.128490017617816
3.87975,-0.181712325544963
3.879875,-0.128490017618088
3.88,-3.27623179744004e-13
3.880125,0.128490017617625
3.88025,0.181712325544963
3.880375,0.128490017618279
3.8805,5.9814004434072e-13
3.880625,-0.128490017617901
3.88075,-0.181712325544963
3.880875,-0.128490017618471
3.881,-8.68656908937435e-13
3.881125,0.12849001761771
3.88125,0.181712325544963
3.881375,0.128490017618662
3.8815,4.78108184214224e-13
3.881625,-0.128490017617986
3.88175,-0.181712325544963
3.881875,-0.128490017618386
3.882,-8.75594594910125e-14
3.882125,0.128490017617327
3.88225,0.181712325544963
3.882375,0.12849001761811
3.8825,3.58076324087728e-13
3.882625,-0.128490017617603
3.88275,-0.181712325544963
3.882875,-0.128490017618301
3.883,-6.28593188684443e-13
3.883125,0.128490017617879
3.88325,0.181712325544963
3.883375,0.128490017618492
3.8835,2.38044463961232e-13
3.883625,-0.128490017617688
3.88375,-0.181712325544963
3.883875,-0.128490017618216
3.884,-5.08561328557947e-13
3.884125,0.128490017617964
3.88425,0.181712325544963
3.884375,0.128490017618407
3.8845,1.18012603834736e-13
3.884625,-0.128490017617773
3.88475,-0.181712325544963
3.884875,-0.128490017618131
3.885,-3.88529468431451e-13
3.885125,0.128490017617582
3.88525,0.181712325544963
3.885375,0.128490017618322
3.8855,6.59046333028167e-13
3.885625,-0.128490017617858
3.88575,-0.181712325544963
3.885875,-0.128490017618514
3.886,-2.68497608304955e-13
3.886125,0.128490017617667
3.88625,0.181712325544963
3.886375,0.128490017618238
3.8865,5.39014472901671e-13
3.886625,-0.128490017617475
3.88675,-0.181712325544963
3.886875,-0.128490017618429
3.887,-1.48465748178459e-13
3.887125,0.128490017617751
3.88725,0.181712325544963
3.887375,0.128490017618153
3.8875,4.18982612775175e-13
3.887625,-0.12849001761756
3.88775,-0.181712325544963
3.887875,-0.128490017618344
3.888,-6.8949947737189e-13
3.888125,0.128490017617836
3.88825,0.181712325544963
3.888375,0.128490017618535
3.8885,2.98950752648679e-13
3.888625,-0.128490017617645
3.88875,-0.181712325544963
3.888875,-0.128490017618259
3.889,-5.69467617245394e-13
3.889125,0.128490017617454
3.88925,0.181712325544963
3.889375,0.12849001761845
3.8895,1.78918892522183e-13
3.889625,-0.12849001761773
3.88975,-0.181712325544963
3.889875,-0.128490017618174
3.89,-4.49435757118898e-13
3.890125,0.128490017617539
3.89025,0.181712325544963
3.890375,0.128490017618365
3.8905,7.19952621715613e-13
3.890625,-0.128490017617815
3.89075,-0.181712325544963
3.890875,-0.128490017618557
3.891,-3.29403896992402e-13
3.891125,0.128490017617623
3.89125,0.181712325544963
3.891375,0.128490017618281
3.8915,-6.1144827730809e-14
3.891625,-0.128490017617432
3.89175,-0.181712325544963
3.891875,-0.128490017618004
3.892,-8.70437626185833e-13
3.892125,0.128490017617708
3.89225,0.181712325544963
3.892375,0.128490017618196
3.8925,4.79888901462622e-13
3.892625,-0.128490017617517
3.89275,-0.181712325544963
3.892875,-0.128490017618387
3.893,-7.50405766059337e-13
3.893125,0.128490017617793
3.89325,0.181712325544963
3.893375,0.128490017618578
3.8935,3.59857041336126e-13
3.893625,-0.128490017617602
3.89375,-0.181712325544963
3.893875,-0.128490017618302
3.894,-6.30373905932841e-13
3.894125,0.128490017617411
3.89425,0.181712325544963
3.894375,0.128490017618026
3.8945,9.00890770529556e-13
3.894625,-0.128490017617687
3.89475,-0.181712325544963
3.894875,-0.128490017618685
3.895,-5.10342045806345e-13
3.895125,0.128490017617963
3.89525,0.181712325544963
3.895375,0.128490017618409
3.8955,1.19793321083134e-13
3.895625,-0.128490017617772
3.89575,-0.181712325544963
3.895875,-0.128490017618132
3.896,-3.90310185679849e-13
3.896125,0.12849001761758
3.89625,0.181712325544963
3.896375,0.128490017618324
3.8965,6.60827050276564e-13
3.896625,-0.128490017617389
3.89675,-0.181712325544963
3.896875,-0.128490017618047
3.897,-9.3134391487328e-13
3.897125,0.128490017617665
3.89725,0.181712325544963
3.897375,0.128490017618706
3.8975,5.40795190150069e-13
3.897625,-0.128490017617941
3.89775,-0.181712325544963
3.897875,-0.12849001761843
3.898,-1.50246465426857e-13
3.898125,0.12849001761775
3.89825,0.181712325544963
3.898375,0.128490017618154
3.8985,4.20763330023573e-13
3.898625,-0.128490017617559
3.89875,-0.181712325544963
3.898875,-0.128490017618345
3.899,-6.91280194620288e-13
3.899125,0.128490017617835
3.89925,0.181712325544963
3.899375,0.128490017618536
3.8995,3.00731469897077e-13
3.899625,-0.128490017617644
3.89975,-0.181712325544963
3.899875,-0.12849001761826
3.9,-5.71248334493792e-13
3.900125,0.12849001761792
3.90025,0.181712325544963
3.900375,0.128490017618452
3.9005,1.80699609770581e-13
3.900625,-0.128490017617729
3.90075,-0.181712325544963
3.900875,-0.128490017618175
3.901,-4.51216474367296e-13
3.901125,0.128490017617537
3.90125,0.181712325544963
3.901375,0.128490017618367
3.9015,7.21733338964011e-13
3.901625,-0.128490017617813
3.90175,-0.181712325544963
3.901875,-0.128490017618558
3.902,-3.311846142408e-13
3.902125,0.128490017617622
3.90225,0.181712325544963
3.902375,0.128490017618282
3.9025,6.01701478837515e-13
3.902625,-0.128490017617898
3.90275,-0.181712325544963
3.902875,-0.128490017618473
3.903,-2.11152754114304e-13
3.903125,0.128490017617707
3.90325,0.181712325544963
3.903375,0.128490017618197
3.9035,4.8166961871102e-13
3.903625,-0.128490017617516
3.90375,-0.181712325544963
3.903875,-0.128490017618388
3.904,-7.52186483307735e-13
3.904125,0.128490017617792
3.90425,0.181712325544963
3.904375,0.12849001761858
3.9045,3.61637758584524e-13
3.904625,-0.128490017617601
3.90475,-0.181712325544963
3.904875,-0.128490017618303
3.905,-6.32154623181239e-13
3.905125,0.128490017617877
3.90525,0.181712325544963
3.905375,0.128490017618495
3.9055,2.41605898458028e-13
3.905625,-0.128490017617685
3.90575,-0.181712325544963
3.905875,-0.128490017618218
3.906,-5.12122763054743e-13
3.906125,0.128490017617494
3.90625,0.181712325544963
3.906375,0.12849001761841
3.9065,7.82639627651458e-13
3.906625,-0.12849001761777
3.90675,-0.181712325544963
3.906875,-0.128490017618601
3.907,-3.92090902928247e-13
3.907125,0.128490017618047
3.90725,0.181712325544963
3.907375,0.128490017618325
3.9075,1.54217820503577e-15
3.907625,-0.128490017617388
3.90775,-0.181712325544963
3.907875,-0.128490017618049
3.908,-2.72059042801751e-13
3.908125,0.128490017617664
3.90825,0.181712325544963
3.908375,0.12849001761824
3.9085,5.42575907398466e-13
3.908625,-0.128490017617473
3.90875,-0.181712325544963
3.908875,-0.128490017618431
3.909,-8.13092771995182e-13
3.909125,0.128490017617749
3.90925,0.181712325544963
3.909375,0.128490017618623
3.9095,4.2254404727197e-13
3.909625,-0.128490017618025
3.90975,-0.181712325544963
3.909875,-0.128490017618346
3.91,-3.19953225487592e-14
3.910125,0.128490017617366
3.91025,0.181712325544963
3.910375,0.12849001761807
3.9105,3.02512187145474e-13
3.910625,-0.128490017617642
3.91075,-0.181712325544963
3.910875,-0.128490017618262
3.911,-5.7302905174219e-13
3.911125,0.128490017617919
3.91125,0.181712325544963
3.911375,0.128490017618453
3.9115,1.82480327018979e-13
3.911625,-0.128490017617727
3.91175,-0.181712325544963
3.911875,-0.128490017618177
3.912,-4.52997191615694e-13
3.912125,0.128490017617536
3.91225,0.181712325544963
3.912375,0.128490017618368
3.9125,6.24484668924827e-14
3.912625,-0.128490017617345
3.91275,-0.181712325544963
3.912875,-0.128490017618092
3.913,-9.94030920809124e-13
3.913125,0.128490017617621
3.91325,0.181712325544963
3.913375,0.128490017618283
3.9135,6.03482196085913e-13
3.913625,-0.128490017617897
3.91375,-0.181712325544963
3.913875,-0.128490017618474
3.914,-2.12933471362702e-13
3.914125,0.128490017617706
3.91425,0.181712325544963
3.914375,0.128490017618198
3.9145,4.83450335959417e-13
3.914625,-0.128490017617515
3.91475,-0.181712325544963
3.914875,-0.128490017618389
3.915,-9.29016112362061e-14
3.915125,0.128490017617791
3.91525,0.181712325544963
3.915375,0.128490017618113
3.9155,3.63418475832921e-13
3.915625,-0.128490017617599
3.91575,-0.181712325544963
3.915875,-0.128490017618305
3.916,-6.33935340429637e-13
3.916125,0.128490017617876
3.91625,0.181712325544963
3.916375,0.128490017618496
3.9165,2.43386615706425e-13
3.916625,-0.128490017617684
3.91675,-0.181712325544963
3.916875,-0.12849001761822
3.917,-5.13903480303141e-13
3.917125,0.128490017617493
3.91725,0.181712325544963
3.917375,0.128490017618411
3.9175,7.84420344899856e-13
3.917625,-0.128490017617769
3.91775,-0.181712325544963
3.917875,-0.128490017618135
3.918,-3.93871620176645e-13
3.918125,0.128490017617578
3.91825,0.181712325544963
3.918375,0.128490017618326
3.9185,6.6438848477336e-13
3.918625,-0.128490017617854
3.91875,-0.181712325544963
3.918875,-0.128490017618517
3.919,-2.73839760050149e-13
3.919125,0.128490017617663
3.91925,0.181712325544963
3.919375,0.128490017618241
3.9195,5.44356624646864e-13
3.919625,-0.128490017617471
3.91975,-0.181712325544963
3.919875,-0.128490017617965
3.92,-8.1487348924358e-13
3.920125,0.128490017617748
3.92025,0.181712325544963
3.920375,0.128490017618624
3.9205,4.24324764520368e-13
3.920625,-0.128490017617556
3.92075,-0.181712325544963
3.920875,-0.128490017618348
3.921,-6.94841629117084e-13
3.921125,0.128490017617832
3.92125,0.181712325544963
3.921375,0.128490017618539
3.9215,3.04292904393872e-13
3.921625,-0.128490017617641
3.92175,-0.181712325544963
3.921875,-0.128490017618263
3.922,-5.74809768990588e-13
3.922125,0.12849001761745
3.92225,0.181712325544963
3.922375,0.128490017617987
3.9225,8.45326633587303e-13
3.922625,-0.128490017617726
3.92275,-0.181712325544963
3.922875,-0.128490017618645
3.923,-4.54777908864092e-13
3.923125,0.128490017618002
3.92325,0.181712325544963
3.923375,0.128490017618369
3.9235,6.42291841408805e-14
3.923625,-0.128490017617811
3.92375,-0.181712325544963
3.923875,-0.12849001761856
3.924,-3.34746048737596e-13
3.924125,0.12849001761762
3.92425,0.181712325544963
3.924375,0.128490017618284
3.9245,6.05262913334311e-13
3.924625,-0.128490017617428
3.92475,-0.181712325544963
3.924875,-0.128490017618476
3.925,-8.75779777931026e-13
3.925125,0.128490017617705
3.92525,0.181712325544963
3.925375,0.128490017618667
3.9255,4.85231053207815e-13
3.925625,-0.128490017617981
3.92575,-0.181712325544963
3.925875,-0.128490017618391
3.926,-9.4682328484604e-14
3.926125,0.128490017617789
3.92625,0.181712325544963
3.926375,0.128490017618115
3.9265,3.65199193081319e-13
3.926625,-0.128490017617598
3.92675,-0.181712325544963
3.926875,-0.128490017618306
3.927,-6.35716057678035e-13
3.927125,0.128490017617874
3.92725,0.181712325544963
3.927375,0.128490017618497
3.9275,2.45167332954823e-13
3.927625,-0.128490017617683
3.92775,-0.181712325544963
3.927875,-0.128490017618688
3.928,-5.15684197551539e-13
3.928125,0.128490017617959
3.92825,0.181712325544963
3.928375,0.128490017618412
3.9285,1.25135472828327e-13
3.928625,-0.128490017617768
3.92875,-0.181712325544963
3.928875,-0.128490017618136
3.929,-3.95652337425043e-13
3.929125,0.128490017617577
3.92925,0.181712325544963
3.929375,0.128490017618327
3.9295,6.66169202021758e-13
3.929625,-0.128490017617853
3.92975,-0.181712325544963
3.929875,-0.128490017618519
3.93,-2.75620477298547e-13
3.930125,0.128490017617661
3.93025,0.181712325544963
3.930375,0.128490017618243
3.9305,5.46137341895262e-13
3.930625,-0.128490017617938
3.93075,-0.181712325544963
3.930875,-0.128490017618434
3.931,-1.55588617172051e-13
3.931125,0.128490017617746
3.93125,0.181712325544963
3.931375,0.128490017618158
3.9315,4.26105481768766e-13
3.931625,-0.128490017617555
3.93175,-0.181712325544963
3.931875,-0.128490017618349
3.932,-6.96622346365481e-13
3.932125,0.128490017617831
3.93225,0.181712325544963
3.932375,0.12849001761854
3.9325,3.0607362164227e-13
3.932625,-0.12849001761764
3.93275,-0.181712325544963
3.932875,-0.128490017618264
3.933,-5.76590486238986e-13
3.933125,0.128490017617449
3.93325,0.181712325544963
3.933375,0.128490017618455
3.9335,1.86041761515774e-13
3.933625,-0.128490017617725
3.93375,-0.181712325544963
3.933875,-0.128490017618179
3.934,-4.5655862611249e-13
3.934125,0.128490017617534
3.93425,0.181712325544963
3.934375,0.12849001761837
3.9345,7.27075490709205e-13
3.934625,-0.12849001761781
3.93475,-0.181712325544963
3.934875,-0.128490017618562
3.935,-3.36526765985994e-13
3.935125,0.128490017618086
3.93525,0.181712325544963
3.935375,0.128490017618286
3.9355,-5.40219587372175e-14
3.935625,-0.128490017617427
3.93575,-0.181712325544963
3.935875,-0.128490017618477
3.936,-2.16494905859498e-13
3.936125,0.128490017617703
3.93625,0.181712325544963
3.936375,0.128490017618201
3.9365,4.87011770456213e-13
3.936625,-0.128490017617512
3.93675,-0.181712325544963
3.936875,-0.128490017618392
3.937,-7.57528635052928e-13
3.937125,0.128490017617788
3.93725,0.181712325544963
3.937375,0.128490017618583
3.9375,3.66979910329717e-13
3.937625,-0.128490017617597
3.93775,-0.181712325544963
3.937875,-0.128490017618307
3.938,2.35688143934941e-14
3.938125,0.128490017617406
3.93825,0.181712325544963
3.938375,0.128490017618031
3.9385,9.08013639523148e-13
3.938625,-0.128490017617682
3.93875,-0.181712325544963
3.938875,-0.128490017618222
3.939,-5.17464914799937e-13
3.939125,0.128490017617958
3.93925,0.181712325544963
3.939375,0.128490017618414
3.9395,7.87981779396652e-13
3.939625,-0.128490017617767
3.93975,-0.181712325544963
3.939875,-0.128490017618605
3.94,-3.97433054673441e-13
3.940125,0.128490017617575
3.94025,0.181712325544963
3.940375,0.128490017618329
3.9405,6.88432995022934e-15
3.940625,-0.128490017617384
3.94075,-0.181712325544963
3.940875,-0.128490017618053
3.941,-9.38466783866871e-13
3.941125,0.12849001761766
3.94125,0.181712325544963
3.941375,0.128490017618244
3.9415,5.4791805914366e-13
3.941625,-0.128490017617936
3.94175,-0.181712325544963
3.941875,-0.128490017618435
3.942,-1.57369334420449e-13
3.942125,0.128490017617745
3.94225,0.181712325544963
3.942375,0.128490017618159
3.9425,4.27886199017164e-13
3.942625,-0.128490017617554
3.94275,-0.181712325544963
3.942875,-0.12849001761835
3.943,-6.98403063613879e-13
3.943125,0.12849001761783
3.94325,0.181712325544963
3.943375,0.128490017618074
3.9435,9.68919928210595e-13
3.943625,-0.128490017617639
3.94375,-0.181712325544963
3.943875,-0.128490017618733
3.944,-5.78371203487383e-13
3.944125,0.128490017617915
3.94425,0.181712325544963
3.944375,0.128490017618457
3.9445,1.87822478764172e-13
3.944625,-0.128490017617724
3.94475,-0.181712325544963
3.944875,-0.12849001761818
3.945,-4.58339343360887e-13
3.945125,0.128490017617532
3.94525,0.181712325544963
3.945375,0.128490017618372
3.9455,7.28856207957603e-13
3.945625,-0.128490017617808
3.94575,-0.181712325544963
3.945875,-0.128490017618563
3.946,-3.38307483234392e-13
3.946125,0.128490017617617
3.94625,0.181712325544963
3.946375,0.128490017618287
3.9465,6.08824347831107e-13
3.946625,-0.128490017617893
3.94675,-0.181712325544963
3.946875,-0.128490017618478
3.947,-2.18275623107896e-13
3.947125,0.128490017617702
3.94725,0.181712325544963
3.947375,0.128490017618202
3.9475,4.88792487704611e-13
3.947625,-0.128490017617511
3.94775,-0.181712325544963
3.947875,-0.128490017618393
3.948,-7.59309352301326e-13
3.948125,0.128490017617787
3.94825,0.181712325544963
3.948375,0.128490017618585
3.9485,3.68760627578115e-13
3.948625,-0.128490017617596
3.94875,-0.181712325544963
3.948875,-0.128490017618308
3.949,-6.3927749217483e-13
3.949125,0.128490017617872
3.94925,0.181712325544963
3.949375,0.1284900176185
3.9495,2.48728767451619e-13
3.949625,-0.12849001761768
3.94975,-0.181712325544963
3.949875,-0.128490017618224
3.95,-5.19245632048334e-13
3.950125,0.128490017617489
3.95025,0.181712325544963
3.950375,0.128490017618415
3.9505,7.8976249664505e-13
3.950625,-0.128490017617765
3.95075,-0.181712325544963
3.950875,-0.128490017618606
3.951,-3.99213771921838e-13
3.951125,0.128490017618041
3.95125,0.181712325544963
3.951375,0.12849001761833
3.9515,6.69730636518554e-13
3.951625,-0.12849001761785
3.95175,-0.181712325544963
3.951875,-0.128490017618521
3.952,-2.79181911795343e-13
3.952125,0.128490017617659
3.95225,0.181712325544963
3.952375,0.128490017618245
3.9525,5.49698776392058e-13
3.952625,-0.128490017617468
3.95275,-0.181712325544963
3.952875,-0.128490017618436
3.953,-8.20215640988773e-13
3.953125,0.128490017617744
3.95325,0.181712325544963
3.953375,0.128490017618628
3.9535,4.29666916265562e-13
3.953625,-0.12849001761802
3.95375,-0.181712325544963
3.953875,-0.128490017618351
3.954,-3.91181915423506e-14
3.954125,0.128490017617829
3.95425,0.181712325544963
3.954375,0.128490017618075
3.9545,3.09635056139066e-13
3.954625,-0.128490017617637
3.95475,-0.181712325544963
3.954875,-0.128490017618267
3.955,-5.80151920735781e-13
3.955125,0.128490017617446
3.95525,0.181712325544963
3.955375,0.128490017618458
3.9555,8.50668785332497e-13
3.955625,-0.128490017617722
3.95575,-0.181712325544963
3.955875,-0.128490017618649
3.956,-4.60120060609285e-13
3.956125,0.128490017617998
3.95625,0.181712325544963
3.956375,0.128490017618373
3.9565,6.95713358860741e-14
3.956625,-0.12849001761734
3.95675,-0.181712325544963
3.956875,-0.128490017618097
3.957,-3.40088200482789e-13
3.957125,0.128490017617616
3.95725,0.181712325544963
3.957375,0.128490017618288
3.9575,6.10605065079505e-13
3.957625,-0.128490017617892
3.95775,-0.181712325544963
3.957875,-0.128490017618479
3.958,-2.20056340356293e-13
3.958125,0.128490017617701
3.95825,0.181712325544963
3.958375,0.128490017618203
3.9585,4.90573204953009e-13
3.958625,-0.128490017617509
3.95875,-0.181712325544963
3.958875,-0.128490017618395
3.959,-1.00024480229798e-13
3.959125,0.128490017617318
3.95925,0.181712325544963
3.959375,0.128490017618118
3.9595,3.70541344826513e-13
3.959625,-0.128490017617594
3.95975,-0.181712325544963
3.959875,-0.12849001761831
3.96,-6.41058209423228e-13
3.960125,0.128490017617871
3.96025,0.181712325544963
3.960375,0.128490017618501
3.9605,2.50509484700017e-13
3.960625,-0.128490017617679
3.96075,-0.181712325544963
3.960875,-0.128490017618225
3.961,-5.21026349296732e-13
3.961125,0.128490017617488
3.96125,0.181712325544963
3.961375,0.128490017618416
3.9615,1.30477624573521e-13
3.961625,-0.128490017617764
3.96175,-0.181712325544963
3.961875,-0.12849001761814
3.962,-4.00994489170236e-13
3.962125,0.128490017617573
3.96225,0.181712325544963
3.962375,0.128490017618331
3.9625,6.71511353766952e-13
3.962625,-0.128490017617849
3.96275,-0.181712325544963
3.962875,-0.128490017618522
3.963,-2.8096262904374e-13
3.963125,0.128490017617658
3.96325,0.181712325544963
3.963375,0.128490017618246
3.9635,5.51479493640456e-13
3.963625,-0.128490017617466
3.96375,-0.181712325544963
3.963875,-0.128490017618438
3.964,-8.21996358237171e-13
3.964125,0.128490017617743
3.96425,0.181712325544963
3.964375,0.128490017618161
3.9645,4.3144763351396e-13
3.964625,-0.128490017617551
3.96475,-0.181712325544963
3.964875,-0.128490017618353
3.965,-7.01964498110675e-13
3.965125,0.128490017617827
3.96525,0.181712325544963
3.965375,0.128490017618544
3.9655,3.11415773387464e-13
3.965625,-0.128490017617636
3.96575,-0.181712325544963
3.965875,-0.128490017618268
3.966,7.91329513357474e-14
3.966125,0.128490017617445
3.96625,0.181712325544963
3.966375,0.128490017617992
3.9665,8.52449502580894e-13
3.966625,-0.128490017617721
3.96675,-0.181712325544963
3.966875,-0.128490017618183
3.967,-4.61900777857683e-13
3.967125,0.12849001761753
3.96725,0.181712325544963
3.967375,0.128490017618374
3.9675,7.32417642454398e-13
3.967625,-0.128490017617806
3.96775,-0.181712325544963
3.967875,-0.128490017618566
3.968,-3.41868917731187e-13
3.968125,0.128490017617615
3.96825,0.181712325544963
3.968375,0.128490017618289
3.9685,6.12385782327903e-13
3.968625,-0.128490017617423
3.96875,-0.181712325544963
3.968875,-0.128490017618013
3.969,-8.82902646924618e-13
3.969125,0.128490017617699
3.96925,0.181712325544963
3.969375,0.128490017618672
3.9695,4.92353922201407e-13
3.969625,-0.128490017617976
3.96975,-0.181712325544963
3.969875,-0.128490017618396
3.97,-1.01805197478195e-13
3.970125,0.128490017617784
3.97025,0.181712325544963
3.970375,0.12849001761812
3.9705,3.72322062074911e-13
3.970625,-0.128490017617593
3.97075,-0.181712325544963
3.970875,-0.128490017618311
3.971,-6.42838926671626e-13
3.971125,0.128490017617402
3.97125,0.181712325544963
3.971375,0.128490017618502
3.9715,9.13355791268341e-13
3.971625,-0.128490017617678
3.97175,-0.181712325544963
3.971875,-0.128490017618693
3.972,-5.2280706654513e-13
3.972125,0.128490017617954
3.97225,0.181712325544963
3.972375,0.128490017618417
3.9725,1.32258341821919e-13
3.972625,-0.128490017617763
3.97275,-0.181712325544963
3.972875,-0.128490017618141
3.973,-4.02775206418634e-13
3.973125,0.128490017617572
3.97325,0.181712325544963
3.973375,0.128490017618332
3.9735,6.73292071015349e-13
3.973625,-0.128490017617848
3.97375,-0.181712325544963
3.973875,-0.128490017618524
3.974,-2.82743346292138e-13
3.974125,0.128490017617656
3.97425,0.181712325544963
3.974375,0.128490017618248
3.9745,5.53260210888853e-13
3.974625,-0.128490017617933
3.97475,-0.181712325544963
3.974875,-0.128490017618439
3.975,-1.62711486165642e-13
3.975125,0.128490017617741
3.97525,0.181712325544963
3.975375,0.128490017618163
3.9755,4.33228350762358e-13
3.975625,-0.12849001761755
3.97575,-0.181712325544963
3.975875,-0.128490017618354
3.976,-7.03745215359073e-13
3.976125,0.128490017617826
3.97625,0.181712325544963
3.976375,0.128490017618545
3.9765,3.13196490635862e-13
3.976625,-0.128490017617635
3.97675,-0.181712325544963
3.976875,-0.128490017618269
3.977,-5.83713355232577e-13
3.977125,0.128490017617911
3.97725,0.181712325544963
3.977375,0.12849001761846
3.9775,1.93164630509366e-13
3.977625,-0.12849001761772
3.97775,-0.181712325544963
3.977875,-0.128490017618184
3.978,-4.63681495106081e-13
3.978125,0.128490017617528
3.97825,0.181712325544963
3.978375,0.128490017618376
3.9785,7.34198359702796e-13
3.978625,-0.128490017617805
3.97875,-0.181712325544963
3.978875,-0.128490017618567
3.979,-3.43649634979585e-13
3.979125,0.128490017617613
3.97925,0.181712325544963
3.979375,0.128490017618291
3.9795,6.141664995763e-13
3.979625,-0.12849001761789
3.97975,-0.181712325544963
3.979875,-0.128490017618482
3.98,-2.23617774853089e-13
3.980125,0.128490017617698
3.98025,0.181712325544963
3.980375,0.128490017618206
3.9805,4.94134639449804e-13
3.980625,-0.128490017617507
3.98075,-0.181712325544963
3.980875,-0.128490017618397
3.981,-7.6465150404652e-13
3.981125,0.128490017617783
3.98125,0.181712325544963
3.981375,0.128490017618588
3.9815,3.74102779323309e-13
3.981625,-0.128490017618059
3.98175,-0.181712325544963
3.981875,-0.128490017618312
3.982,1.64459453999027e-14
3.982125,0.128490017617401
3.98225,0.181712325544963
3.982375,0.128490017618036
3.9825,2.54070919196813e-13
3.982625,-0.128490017617677
3.98275,-0.181712325544963
3.982875,-0.128490017618227
3.983,-5.24587783793528e-13
3.983125,0.128490017617485
3.98325,0.181712325544963
3.983375,0.128490017618419
3.9835,7.95104648390243e-13
3.983625,-0.128490017617762
3.98375,-0.181712325544963
3.983875,-0.12849001761861
3.984,-4.04555923667032e-13
3.984125,0.12849001761757
3.98425,0.181712325544963
3.984375,0.128490017618334
3.9845,1.40071989438208e-14
3.984625,-0.128490017617379
3.98475,-0.181712325544963
3.984875,-0.128490017618058
3.985,-2.84524063540536e-13
3.985125,0.128490017617655
3.98525,0.181712325544963
3.985375,0.128490017618249
3.9855,5.55040928137251e-13
3.985625,-0.128490017617931
3.98575,-0.181712325544963
3.985875,-0.12849001761844
3.986,-1.6449220341404e-13
3.986125,0.12849001761774
3.98625,0.181712325544963
3.986375,0.128490017618631
3.9865,4.35009068010755e-13
3.986625,-0.128490017617549
3.98675,-0.181712325544963
3.986875,-0.128490017618355
3.987,-4.44603432875442e-14
3.987125,0.128490017617357
3.98725,0.181712325544963
3.987375,0.128490017618079
3.9875,9.76042797204186e-13
3.987625,-0.128490017617634
3.98775,-0.181712325544963
3.987875,-0.12849001761827
3.988,-5.85494072480975e-13
3.988125,0.12849001761791
3.98825,0.181712325544963
3.988375,0.128490017618462
3.9885,1.94945347757764e-13
3.988625,-0.128490017617719
3.98875,-0.181712325544963
3.988875,-0.128490017618185
3.989,-4.65462212354479e-13
3.989125,0.128490017617527
3.98925,0.181712325544963
3.989375,0.128490017618377
3.9895,7.35979076951194e-13
3.989625,-0.128490017617803
3.98975,-0.181712325544963
3.989875,-0.128490017618101
3.99,-3.45430352227983e-13
3.990125,0.128490017617612
3.99025,0.181712325544963
3.990375,0.128490017618292
3.9905,6.15947216824698e-13
3.990625,-0.128490017617888
3.99075,-0.181712325544963
3.990875,-0.128490017618483
3.991,-2.25398492101487e-13
3.991125,0.128490017617697
3.99125,0.181712325544963
3.991375,0.128490017618207
3.9915,4.95915356698202e-13
3.991625,-0.128490017617506
3.99175,-0.181712325544963
3.991875,-0.128490017618398
3.992,-7.66432221294918e-13
3.992125,0.128490017617782
3.99225,0.181712325544963
3.992375,0.128490017618122
3.9925,3.75883496571706e-13
3.992625,-0.128490017617591
3.99275,-0.181712325544963
3.992875,-0.128490017618313
3.993,-6.46400361168422e-13
3.993125,0.128490017617867
3.99325,0.181712325544963
3.993375,0.128490017618505
3.9935,2.5585163644521e-13
3.993625,-0.128490017617675
3.99375,-0.181712325544963
3.993875,-0.128490017618229
3.994,-5.26368501041926e-13
3.994125,0.128490017617484
3.99425,0.181712325544963
3.994375,0.12849001761842
3.9945,7.96885365638641e-13
3.994625,-0.12849001761776
3.99475,-0.181712325544963
3.994875,-0.128490017618611
3.995,-4.0633664091543e-13
3.995125,0.128490017617569
3.99525,0.181712325544963
3.995375,0.128490017618335
3.9955,6.76853505512145e-13
3.995625,-0.128490017617845
3.99575,-0.181712325544963
3.995875,-0.128490017618526
3.996,-2.86304780788934e-13
3.996125,0.128490017617654
3.99625,0.181712325544963
3.996375,0.12849001761825
3.9965,5.56821645385649e-13
3.996625,-0.128490017617463
3.99675,-0.181712325544963
3.996875,-0.128490017618441
3.997,-8.27338509982364e-13
3.997125,0.128490017617739
3.99725,0.181712325544963
3.997375,0.128490017618633
3.9975,4.36789785259153e-13
3.997625,-0.128490017618015
3.99775,-0.181712325544963
3.997875,-0.128490017618356
3.998,-4.62410605359421e-14
3.998125,0.128490017617824
3.99825,0.181712325544963
3.998375,0.128490017618548
3.9985,3.16757925132657e-13
3.998625,-0.128490017617632
3.99875,-0.181712325544963
3.998875,-0.128490017618272
3.999,-5.87274789729373e-13
3.999125,0.128490017617441
3.99925,0.181712325544963
3.999375,0.128490017618463
3.9995,8.57791654326088e-13
3.999625,-0.128490017617717
3.99975,-0.181712325544963
3.999875,-0.128490017618654
