time,pressure
0,0
0.000125,0.0599403337445708
0.00025,0.0847684329147417
0.000375,0.0599403337445708
0.0005,1.03811390037776e-17
0.000625,-0.0599403337445708
0.00075,-0.0847684329147417
0.000875,-0.0599403337445708
0.001,-2.07622780075551e-17
0.001125,0.0599403337445707
0.00125,0.0847684329147417
0.001375,0.0599403337445709
0.0015,3.11434170113327e-17
0.001625,-0.0599403337445707
0.00175,-0.0847684329147417
0.001875,-0.0599403337445709
0.002,-4.15245560151102e-17
0.002125,0.0599403337445708
0.00225,0.0847684329147417
0.002375,0.0599403337445709
0.0025,5.19056950188878e-17
0.002625,-0.0599403337445708
0.00275,-0.0847684329147417
0.002875,-0.0599403337445709
0.003,-6.22868340226653e-17
0.003125,0.0599403337445708
0.00325,0.0847684329147417
0.003375,0.0599403337445709
0.0035,7.26679730264429e-17
0.003625,-0.0599403337445708
0.00375,-0.0847684329147417
0.003875,-0.0599403337445709
0.004,-8.30491120302204e-17
0.004125,0.0599403337445708
0.00425,0.0847684329147417
0.004375,0.0599403337445709
0.0045,3.94588222180683e-16
0.004625,-0.0599403337445706
0.00475,-0.0847684329147417
0.004875,-0.0599403337445709
0.005,-1.03811390037776e-16
0.005125,0.0599403337445706
0.00525,0.0847684329147417
0.005375,0.0599403337445713
0.0055,4.15350500188238e-16
0.005625,-0.0599403337445703
0.00575,-0.0847684329147417
0.005875,-0.0599403337445711
0.006,-1.24573668045331e-16
0.006125,0.0599403337445705
0.00625,0.0847684329147417
0.006375,0.0599403337445714
0.0065,4.36112778195794e-16
0.006625,-0.0599403337445703
0.00675,-0.0847684329147417
0.006875,-0.0599403337445711
0.007,-1.45335946052886e-16
0.007125,0.0599403337445705
0.00725,0.0847684329147417
0.007375,0.0599403337445714
0.0075,4.56875056203349e-16
0.007625,-0.0599403337445703
0.00775,-0.0847684329147417
0.007875,-0.0599403337445712
0.008,-1.66098224060441e-16
0.008125,0.0599403337445705
0.00825,0.0847684329147417
0.008375,0.059940333744571
0.0085,-1.24678608082467e-16
0.008625,-0.0599403337445707
0.00875,-0.0847684329147417
0.008875,-0.0599403337445716
0.009,-7.89176444361367e-16
0.009125,0.0599403337445701
0.00925,0.0847684329147417
0.009375,0.0599403337445714
0.0095,4.98399612218459e-16
0.009625,-0.0599403337445703
0.00975,-0.0847684329147417
0.009875,-0.0599403337445712
0.01,-2.07622780075551e-16
0.010125,0.0599403337445705
0.01025,0.0847684329147417
0.010375,0.0599403337445706
0.0105,-8.31540520673568e-17
0.010625,-0.0599403337445707
0.01075,-0.0847684329147417
0.010875,-0.0599403337445712
0.011,-8.30701000376477e-16
0.011125,0.05994033374457
0.01125,0.0847684329147417
0.011375,0.059940333744571
0.0115,5.39924168233569e-16
0.011625,-0.0599403337445702
0.01175,-0.0847684329147417
0.011875,-0.0599403337445708
0.012,-2.49147336090661e-16
0.012125,0.0599403337445705
0.01225,0.0847684329147417
0.012375,0.0599403337445714
0.0125,-4.16294960522465e-17
0.012625,-0.0599403337445707
0.01275,-0.0847684329147417
0.012875,-0.0599403337445712
0.013,-8.72225556391587e-16
0.013125,0.05994033374457
0.01325,0.0847684329147417
0.013375,0.059940333744571
0.0135,5.81448724248679e-16
0.013625,-0.0599403337445702
0.01375,-0.0847684329147417
0.013875,-0.0599403337445708
0.014,-2.90671892105772e-16
0.014125,0.0599403337445704
0.01425,0.0847684329147417
0.014375,0.0599403337445715
0.0145,-1.04940037136329e-19
0.014625,-0.0599403337445706
0.01475,-0.0847684329147417
0.014875,-0.0599403337445713
0.015,-9.13750112406697e-16
0.015125,0.05994033374457
0.01525,0.0847684329147417
0.015375,0.0599403337445711
0.0155,6.2297328026379e-16
0.015625,-0.0599403337445702
0.01575,-0.0847684329147417
0.015875,-0.0599403337445717
0.016,-3.32196448120882e-16
0.016125,0.0599403337445704
0.01625,0.0847684329147417
0.016375,0.0599403337445715
0.0165,4.14196159779739e-17
0.016625,-0.0599403337445706
0.01675,-0.0847684329147417
0.016875,-0.0599403337445713
0.017,2.49357216164934e-16
0.017125,0.0599403337445708
0.01725,0.0847684329147417
0.017375,0.0599403337445711
0.0175,6.644978362789e-16
0.017625,-0.0599403337445693
0.01775,-0.0847684329147417
0.017875,-0.0599403337445717
0.018,-1.57835288872273e-15
0.018125,0.0599403337445695
0.01825,0.0847684329147417
0.018375,0.0599403337445715
0.0185,1.28757605657983e-15
0.018625,-0.0599403337445697
0.01875,-0.0847684329147417
0.018875,-0.0599403337445713
0.019,-9.96799224436918e-16
0.019125,0.0599403337445699
0.01925,0.0847684329147417
0.019375,0.059940333744572
0.0195,7.0602239229401e-16
0.019625,-0.0599403337445701
0.01975,-0.0847684329147417
0.019875,-0.0599403337445718
0.02,-4.15245560151102e-16
0.020125,0.0599403337445703
0.02025,0.0847684329147417
0.020375,0.0599403337445716
0.0205,1.32910061259494e-15
0.020625,-0.0599403337445697
0.02075,-0.0847684329147417
0.020875,-0.0599403337445705
0.021,1.66308104134714e-16
0.021125,0.0599403337445707
0.02125,0.0847684329147417
0.021375,0.0599403337445712
0.0215,3.1568107174826e-15
0.021625,-0.0599403337445701
0.02175,-0.0847684329147417
0.021875,-0.0599403337445718
0.022,-1.66140200075295e-15
0.022125,0.0599403337445695
0.02225,0.0847684329147417
0.022375,0.0599403337445724
0.0225,2.57525705319679e-15
0.022625,-0.0599403337445688
0.02275,-0.0847684329147417
0.022875,-0.0599403337445714
0.023,-1.07984833646714e-15
0.023125,0.0599403337445699
0.02325,0.0847684329147417
0.023375,0.059940333744572
0.0235,1.99370338891097e-15
0.023625,-0.0599403337445692
0.02375,-0.0847684329147417
0.023875,-0.059940333744571
0.024,-4.98294672181323e-16
0.024125,0.0599403337445703
0.02425,0.0847684329147417
0.024375,0.0599403337445716
0.0245,1.41214972462516e-15
0.024625,-0.0599403337445696
0.02475,-0.0847684329147417
0.024875,-0.0599403337445706
0.025,8.32589921044931e-17
0.025125,0.0599403337445707
0.02525,0.0847684329147417
0.025375,0.0599403337445712
0.0255,3.23985982951282e-15
0.025625,-0.05994033374457
0.02575,-0.0847684329147417
0.025875,-0.0599403337445719
0.026,-1.74445111278317e-15
0.026125,0.0599403337445694
0.02625,0.0847684329147417
0.026375,0.0599403337445725
0.0265,2.65830616522701e-15
0.026625,-0.0599403337445687
0.02675,-0.0847684329147417
0.026875,-0.0599403337445714
0.027,-1.16289744849736e-15
0.027125,0.0599403337445698
0.02725,0.0847684329147417
0.027375,0.0599403337445721
0.0275,2.07675250094119e-15
0.027625,-0.0599403337445692
0.02775,-0.0847684329147417
0.027875,-0.059940333744571
0.028,-5.81343784211543e-16
0.028125,0.0599403337445702
0.02825,0.0847684329147417
0.028375,0.0599403337445717
0.0285,1.49519883665538e-15
0.028625,-0.0599403337445696
0.02875,-0.0847684329147417
0.028875,-0.0599403337445706
0.029,2.09880074272657e-19
0.029125,0.0599403337445706
0.02925,0.0847684329147417
0.029375,0.059940333744573
0.0295,3.32290894154304e-15
0.029625,-0.0599403337445683
0.02975,-0.0847684329147417
0.029875,-0.0599403337445719
0.03,-1.82750022481339e-15
0.030125,0.0599403337445693
0.03025,0.0847684329147417
0.030375,0.0599403337445726
0.0305,2.74135527725723e-15
0.030625,-0.0599403337445687
0.03075,-0.0847684329147417
0.030875,-0.0599403337445715
0.031,-1.24594656052758e-15
0.031125,0.0599403337445697
0.03125,0.0847684329147417
0.031375,0.0599403337445722
0.0315,2.15980161297141e-15
0.031625,-0.0599403337445691
0.03175,-0.0847684329147417
0.031875,-0.0599403337445711
0.032,-6.64392896241764e-16
0.032125,0.0599403337445702
0.03225,0.0847684329147417
0.032375,0.0599403337445717
0.0325,1.5782479486856e-15
0.032625,-0.0599403337445695
0.03275,-0.0847684329147417
0.032875,-0.0599403337445707
0.033,-8.28392319559478e-17
0.033125,0.0599403337445706
0.03325,0.0847684329147417
0.033375,0.0599403337445713
0.0335,9.96694284399782e-16
0.033625,-0.0599403337445699
0.03375,-0.0847684329147417
0.033875,-0.059940333744572
0.034,4.98714432329868e-16
0.034125,0.059940333744571
0.03425,0.0847684329147417
0.034375,0.0599403337445709
0.0345,4.15140620113966e-16
0.034625,-0.0599403337445703
0.03475,-0.0847684329147417
0.034875,-0.0599403337445716
0.035,-1.3289956725578e-15
0.035125,0.0599403337445714
0.03525,0.0847684329147417
0.035375,0.0599403337445739
0.0355,4.65211449417512e-15
0.035625,-0.059940333744569
0.03575,-0.0847684329147417
0.035875,-0.0599403337445729
0.036,-3.15670577744547e-15
0.036125,0.0599403337445684
0.03625,0.0847684329147417
0.036375,0.0599403337445735
0.0365,4.0705608298893e-15
0.036625,-0.0599403337445677
0.03675,-0.0847684329147417
0.036875,-0.0599403337445724
0.037,-2.57515211315965e-15
0.037125,0.0599403337445688
0.03725,0.0847684329147417
0.037375,0.0599403337445731
0.0375,3.48900716560349e-15
0.037625,-0.0599403337445682
0.03775,-0.0847684329147417
0.037875,-0.059940333744572
0.038,-1.99359844887384e-15
0.038125,0.0599403337445692
0.03825,0.0847684329147417
0.038375,0.0599403337445727
0.0385,2.90745350131767e-15
0.038625,-0.0599403337445686
0.03875,-0.0847684329147417
0.038875,-0.0599403337445716
0.039,-1.41204478458802e-15
0.039125,0.0599403337445696
0.03925,0.0847684329147417
0.039375,0.0599403337445723
0.0395,2.32589983703185e-15
0.039625,-0.059940333744569
0.03975,-0.0847684329147417
0.039875,-0.0599403337445712
0.04,-8.30491120302204e-16
0.040125,0.05994033374457
0.04025,0.0847684329147417
0.040375,0.0599403337445719
0.0405,1.74434617274604e-15
0.040625,-0.0599403337445694
0.04075,-0.0847684329147417
0.040875,-0.0599403337445708
0.041,-2.65820122518987e-15
0.041125,0.0599403337445705
0.04125,0.0847684329147417
0.041375,0.0599403337445714
0.0415,-1.24647126071326e-15
0.041625,-0.0599403337445698
0.04175,-0.0847684329147417
0.041875,-0.0599403337445721
0.042,3.32616208269427e-16
0.042125,0.0599403337445692
0.04225,0.0847684329147417
0.042375,0.0599403337445727
0.0425,5.81238844174407e-16
0.042625,-0.0599403337445719
0.04275,-0.0847684329147417
0.042875,-0.05994033374457
0.043,-6.31362143496521e-15
0.043125,0.0599403337445679
0.04325,0.0847684329147417
0.043375,0.059940333744574
0.0435,2.40894894906207e-15
0.043625,-0.0599403337445672
0.04375,-0.0847684329147417
0.043875,-0.0599403337445747
0.044,-3.32280400150591e-15
0.044125,0.0599403337445666
0.04425,0.0847684329147417
0.044375,0.0599403337445719
0.0445,4.23665905394974e-15
0.044625,-0.0599403337445693
0.04475,-0.0847684329147417
0.044875,-0.0599403337445726
0.045,-5.15051410639358e-15
0.045125,0.0599403337445687
0.04525,0.0847684329147417
0.045375,0.0599403337445732
0.0455,1.24584162049044e-15
0.045625,-0.059940333744568
0.04575,-0.0847684329147417
0.045875,-0.0599403337445739
0.046,-2.15969667293428e-15
0.046125,0.0599403337445674
0.04625,0.0847684329147417
0.046375,0.0599403337445711
0.0465,3.07355172537811e-15
0.046625,-0.0599403337445702
0.04675,-0.0847684329147417
0.046875,-0.0599403337445717
0.047,-3.98740677782194e-15
0.047125,0.0599403337445695
0.04725,0.0847684329147417
0.047375,0.0599403337445724
0.0475,8.27342919188115e-17
0.047625,-0.0599403337445689
0.04775,-0.0847684329147417
0.047875,-0.059940333744573
0.048,-9.96589344362645e-16
0.048125,0.0599403337445682
0.04825,0.0847684329147417
0.048375,0.0599403337445737
0.0485,1.91044439680648e-15
0.048625,-0.059940333744571
0.04875,-0.0847684329147417
0.048875,-0.0599403337445709
0.049,-2.82429944925031e-15
0.049125,0.0599403337445703
0.04925,0.0847684329147417
0.049375,0.0599403337445716
0.0495,3.73815450169415e-15
0.049625,-0.0599403337445697
0.04975,-0.0847684329147417
0.049875,-0.0599403337445722
0.05,1.66517984208986e-16
0.050125,0.059940333744569
0.05025,0.0847684329147417
0.050375,0.0599403337445729
0.0505,7.47337068234848e-16
0.050625,-0.0599403337445684
0.05075,-0.0847684329147417
0.050875,-0.0599403337445735
0.051,-6.47971965902565e-15
0.051125,0.0599403337445677
0.05125,0.0847684329147417
0.051375,0.0599403337445742
0.0515,2.57504717312252e-15
0.051625,-0.0599403337445671
0.05175,-0.0847684329147417
0.051875,-0.0599403337445748
0.052,-3.48890222556635e-15
0.052125,0.0599403337445664
0.05225,0.0847684329147417
0.052375,0.059940333744572
0.0525,4.40275727801018e-15
0.052625,-0.0599403337445692
0.05275,-0.0847684329147417
0.052875,-0.0599403337445727
0.053,-5.31661233045402e-15
0.053125,0.0599403337445686
0.05325,0.0847684329147417
0.053375,0.0599403337445733
0.0535,1.41193984455088e-15
0.053625,-0.0599403337445679
0.05375,-0.0847684329147417
0.053875,-0.059940333744574
0.054,-2.32579489699472e-15
0.054125,0.0599403337445673
0.05425,0.0847684329147417
0.054375,0.0599403337445746
0.0545,3.23964994943855e-15
0.054625,-0.05994033374457
0.05475,-0.0847684329147417
0.054875,-0.0599403337445719
0.055,-4.15350500188239e-15
0.055125,0.0599403337445694
0.05525,0.0847684329147417
0.055375,0.0599403337445725
0.0555,2.48832515979252e-16
0.055625,-0.0599403337445687
0.05575,-0.0847684329147417
0.055875,-0.0599403337445732
0.056,-1.16268756842309e-15
0.056125,0.0599403337445681
0.05625,0.0847684329147417
0.056375,0.0599403337445738
0.0565,2.07654262086692e-15
0.056625,-0.0599403337445709
0.05675,-0.0847684329147417
0.056875,-0.059940333744571
0.057,-2.99039767331075e-15
0.057125,0.0599403337445702
0.05725,0.0847684329147417
0.057375,0.0599403337445717
0.0575,3.90425272575459e-15
0.057625,-0.0599403337445696
0.05775,-0.0847684329147417
0.057875,-0.0599403337445723
0.058,4.19760148545314e-19
0.058125,0.0599403337445689
0.05825,0.0847684329147417
0.058375,0.059940333744573
0.0585,9.13435292295289e-16
0.058625,-0.0599403337445683
0.05875,-0.0847684329147417
0.058875,-0.0599403337445736
0.059,-6.64581788308609e-15
0.059125,0.0599403337445676
0.05925,0.0847684329147417
0.059375,0.0599403337445743
0.0595,2.74114539718296e-15
0.059625,-0.059940333744567
0.05975,-0.0847684329147417
0.059875,-0.0599403337445749
0.06,-3.65500044962679e-15
0.060125,0.0599403337445663
0.06025,0.0847684329147417
0.060375,0.0599403337445722
0.0605,4.56885550207062e-15
0.060625,-0.0599403337445691
0.06075,-0.0847684329147417
0.060875,-0.0599403337445728
0.061,-5.48271055451446e-15
0.061125,0.0599403337445685
0.06125,0.0847684329147417
0.061375,0.0599403337445734
0.0615,1.57803806861132e-15
0.061625,-0.0599403337445678
0.06175,-0.0847684329147417
0.061875,-0.0599403337445741
0.062,-2.49189312105516e-15
0.062125,0.0599403337445672
0.06225,0.0847684329147417
0.062375,0.0599403337445747
0.0625,3.40574817349899e-15
0.062625,-0.0599403337445699
0.06275,-0.0847684329147417
0.062875,-0.059940333744572
0.063,-4.31960322594283e-15
0.063125,0.0599403337445693
0.06325,0.0847684329147417
0.063375,0.0599403337445726
0.0635,5.23345827838666e-15
0.063625,-0.0599403337445686
0.06375,-0.0847684329147417
0.063875,-0.0599403337445733
0.064,-1.32878579248353e-15
0.064125,0.059940333744568
0.06425,0.0847684329147417
0.064375,0.0599403337445739
0.0645,2.24264084492736e-15
0.064625,-0.0599403337445673
0.06475,-0.0847684329147417
0.064875,-0.0599403337445712
0.065,-3.15649589737119e-15
0.065125,0.0599403337445701
0.06525,0.0847684329147417
0.065375,0.0599403337445718
0.0655,4.07035094981503e-15
0.065625,-0.0599403337445694
0.06575,-0.0847684329147417
0.065875,-0.0599403337445724
0.066,-1.65678463911896e-16
0.066125,0.0599403337445688
0.06625,0.0847684329147417
0.066375,0.0599403337445731
0.0665,1.07953351635573e-15
0.066625,-0.0599403337445682
0.06675,-0.0847684329147417
0.066875,-0.0599403337445703
0.067,-1.99338856879956e-15
0.067125,0.0599403337445709
0.06725,0.0847684329147417
0.067375,0.059940333744571
0.0675,2.9072436212434e-15
0.067625,-0.0599403337445703
0.06775,-0.0847684329147417
0.067875,-0.0599403337445716
0.068,9.97428864659736e-16
0.068125,0.0599403337445696
0.06825,0.0847684329147417
0.068375,0.0599403337445723
0.0685,-8.35738122159021e-17
0.068625,-0.059940333744569
0.06875,-0.0847684329147417
0.068875,-0.0599403337445729
0.069,-8.30281240227932e-16
0.069125,0.0599403337445717
0.06925,0.0847684329147417
0.069375,0.0599403337445701
0.0695,1.74413629267177e-15
0.069625,-0.0599403337445711
0.06975,-0.0847684329147417
0.069875,-0.0599403337445708
0.07,-2.6579913451156e-15
0.070125,0.0599403337445705
0.07025,0.0847684329147417
0.070375,0.0599403337445749
0.0705,8.3903739359064e-15
0.070625,-0.0599403337445664
0.07075,-0.0847684329147417
0.070875,-0.0599403337445755
0.071,-9.30422898835023e-15
0.071125,0.0599403337445657
0.07125,0.0847684329147417
0.071375,0.0599403337445761
0.0715,5.3995565024471e-15
0.071625,-0.0599403337445651
0.07175,-0.0847684329147417
0.071875,-0.0599403337445768
0.072,-6.31341155489093e-15
0.072125,0.0599403337445645
0.07225,0.0847684329147417
0.072375,0.059940333744574
0.0725,7.22726660733477e-15
0.072625,-0.0599403337445672
0.07275,-0.0847684329147417
0.072875,-0.0599403337445747
0.073,-8.1411216597786e-15
0.073125,0.0599403337445666
0.07325,0.0847684329147417
0.073375,0.0599403337445753
0.0735,4.23644917387547e-15
0.073625,-0.0599403337445659
0.07375,-0.0847684329147417
0.073875,-0.059940333744576
0.074,-5.1503042263193e-15
0.074125,0.0599403337445653
0.07425,0.0847684329147417
0.074375,0.0599403337445732
0.0745,6.06415927876314e-15
0.074625,-0.059940333744568
0.07475,-0.0847684329147417
0.074875,-0.0599403337445739
0.075,-6.97801433120697e-15
0.075125,0.0599403337445674
0.07525,0.0847684329147417
0.075375,0.0599403337445745
0.0755,3.07334184530384e-15
0.075625,-0.0599403337445668
0.07575,-0.0847684329147417
0.075875,-0.0599403337445751
0.076,-3.98719689774767e-15
0.076125,0.0599403337445661
0.07625,0.0847684329147417
0.076375,0.0599403337445758
0.0765,4.90105195019151e-15
0.076625,-0.0599403337445689
0.07675,-0.0847684329147417
0.076875,-0.059940333744573
0.077,-5.81490700263534e-15
0.077125,0.0599403337445682
0.07725,0.0847684329147417
0.077375,0.0599403337445737
0.0775,6.72876205507917e-15
0.077625,-0.0599403337445676
0.07775,-0.0847684329147417
0.077875,-0.0599403337445743
0.078,-2.82408956917604e-15
0.078125,0.0599403337445669
0.07825,0.0847684329147417
0.078375,0.059940333744575
0.0785,3.73794462161987e-15
0.078625,-0.0599403337445663
0.07875,-0.0847684329147417
0.078875,-0.0599403337445722
0.079,-4.65179967406371e-15
0.079125,0.059940333744569
0.07925,0.0847684329147417
0.079375,0.0599403337445729
0.0795,5.56565472650754e-15
0.079625,-0.0599403337445684
0.07975,-0.0847684329147417
0.079875,-0.0599403337445735
0.08,-1.66098224060441e-15
0.080125,0.0599403337445677
0.08025,0.0847684329147417
0.080375,0.0599403337445742
0.0805,2.57483729304824e-15
0.080625,-0.0599403337445671
0.08075,-0.0847684329147417
0.080875,-0.0599403337445714
0.081,-3.48869234549208e-15
0.081125,0.0599403337445699
0.08125,0.0847684329147417
0.081375,0.059940333744572
0.0815,4.40254739793591e-15
0.081625,-0.0599403337445658
0.08175,-0.0847684329147417
0.081875,-0.0599403337445727
0.082,-5.31640245037974e-15
0.082125,0.059940333744572
0.08225,0.0847684329147417
0.082375,0.0599403337445733
0.0825,6.23025750282358e-15
0.082625,-0.0599403337445713
0.08275,-0.0847684329147417
0.082875,-0.059940333744574
0.083,2.49294252142652e-15
0.083125,0.0599403337445707
0.08325,0.0847684329147417
0.083375,0.0599403337445746
0.0835,-1.57908746898269e-15
0.083625,-0.05994033374457
0.08375,-0.0847684329147417
0.083875,-0.0599403337445753
0.084,6.65232416538854e-16
0.084125,0.0599403337445694
0.08425,0.0847684329147417
0.084375,0.0599403337445691
0.0845,2.4862263590498e-16
0.084625,-0.0599403337445687
0.08475,-0.0847684329147417
0.084875,-0.0599403337445697
0.085,-1.16247768834881e-15
0.085125,0.0599403337445681
0.08525,0.0847684329147417
0.085375,0.0599403337445704
0.0855,2.07633274079265e-15
0.085625,-0.0599403337445674
0.08575,-0.0847684329147417
0.085875,-0.059940333744571
0.086,-1.26272428699304e-14
0.086125,0.0599403337445668
0.08625,0.0847684329147417
0.086375,0.0599403337445785
0.0865,3.90404284568031e-15
0.086625,-0.0599403337445662
0.08675,-0.0847684329147417
0.086875,-0.0599403337445791
0.087,-4.81789789812415e-15
0.087125,0.0599403337445655
0.08725,0.0847684329147417
0.087375,0.059940333744573
0.0875,5.73175295056798e-15
0.087625,-0.0599403337445649
0.08775,-0.0847684329147417
0.087875,-0.0599403337445736
0.088,-6.64560800301182e-15
0.088125,0.0599403337445642
0.08825,0.0847684329147417
0.088375,0.0599403337445743
0.0885,7.55946305545565e-15
0.088625,-0.0599403337445636
0.08875,-0.0847684329147417
0.088875,-0.0599403337445749
0.089,-8.47331810789948e-15
0.089125,0.0599403337445629
0.08925,0.0847684329147417
0.089375,0.0599403337445756
0.0895,9.38717316034332e-15
0.089625,-0.0599403337445691
0.08975,-0.0847684329147417
0.089875,-0.0599403337445762
0.09,-1.03010282127872e-14
0.090125,0.0599403337445685
0.09025,0.0847684329147417
0.090375,0.0599403337445768
0.0905,1.1214883265231e-14
0.090625,-0.0599403337445678
0.09075,-0.0847684329147417
0.090875,-0.0599403337445775
0.091,-2.49168324098089e-15
0.091125,0.0599403337445672
0.09125,0.0847684329147417
0.091375,0.0599403337445781
0.0915,3.40553829342472e-15
0.091625,-0.0599403337445665
0.09175,-0.0847684329147417
0.091875,-0.059940333744572
0.092,-4.31939334586855e-15
0.092125,0.0599403337445659
0.09225,0.0847684329147417
0.092375,0.0599403337445726
0.0925,5.23324839831239e-15
0.092625,-0.0599403337445652
0.09275,-0.0847684329147417
0.092875,-0.0599403337445733
0.093,-6.14710345075622e-15
0.093125,0.0599403337445646
0.09325,0.0847684329147417
0.093375,0.0599403337445739
0.0935,7.06095850320006e-15
0.093625,-0.0599403337445639
0.09375,-0.0847684329147417
0.093875,-0.0599403337445746
0.094,-7.97481355564389e-15
0.094125,0.0599403337445701
0.09425,0.0847684329147417
0.094375,0.0599403337445752
0.0945,8.88866860808772e-15
0.094625,-0.0599403337445694
0.09475,-0.0847684329147417
0.094875,-0.0599403337445759
0.095,-1.65468583837623e-16
0.095125,0.0599403337445688
0.09525,0.0847684329147417
0.095375,0.0599403337445765
0.0955,1.07932363628146e-15
0.095625,-0.0599403337445682
0.09575,-0.0847684329147417
0.095875,-0.0599403337445771
0.096,-1.99317868872529e-15
0.096125,0.0599403337445675
0.09625,0.0847684329147417
0.096375,0.059940333744571
0.0965,2.90703374116912e-15
0.096625,-0.0599403337445669
0.09675,-0.0847684329147417
0.096875,-0.0599403337445716
0.097,-3.82088879361296e-15
0.097125,0.0599403337445662
0.09725,0.0847684329147417
0.097375,0.0599403337445723
0.0975,4.73474384605679e-15
0.097625,-0.0599403337445656
0.09775,-0.0847684329147417
0.097875,-0.0599403337445729
0.098,-5.64859889850063e-15
0.098125,0.0599403337445717
0.09825,0.0847684329147417
0.098375,0.0599403337445736
0.0985,6.56245395094446e-15
0.098625,-0.0599403337445711
0.09875,-0.0847684329147417
0.098875,-0.0599403337445742
0.099,-7.47630900338829e-15
0.099125,0.0599403337445705
0.09925,0.0847684329147417
0.099375,0.0599403337445749
0.0995,-1.24689102086181e-15
0.099625,-0.0599403337445698
0.09975,-0.0847684329147417
0.099875,-0.0599403337445755
0.1,3.33035968417972e-16
0.100125,0.0599403337445692
0.10025,0.0847684329147417
0.100375,0.0599403337445693
0.1005,5.80819084025861e-16
0.100625,-0.0599403337445685
0.10075,-0.0847684329147417
0.100875,-0.05994033374457
0.101,-1.4946741364697e-15
0.101125,0.0599403337445679
0.10125,0.0847684329147417
0.101375,0.0599403337445706
0.1015,2.40852918891353e-15
0.101625,-0.0599403337445672
0.10175,-0.0847684329147417
0.101875,-0.0599403337445781
0.102,-1.29594393180513e-14
0.102125,0.0599403337445666
0.10225,0.0847684329147417
0.102375,0.0599403337445787
0.1025,4.2362392938012e-15
0.102625,-0.0599403337445659
0.10275,-0.0847684329147417
0.102875,-0.0599403337445794
0.103,-5.15009434624503e-15
0.103125,0.0599403337445653
0.10325,0.0847684329147417
0.103375,0.05994033374458
0.1035,6.06394939868886e-15
0.103625,-0.0599403337445646
0.10375,-0.0847684329147417
0.103875,-0.0599403337445739
0.104,-6.9778044511327e-15
0.104125,0.059940333744564
0.10425,0.0847684329147417
0.104375,0.0599403337445745
0.1045,7.89165950357653e-15
0.104625,-0.0599403337445633
0.10475,-0.0847684329147417
0.104875,-0.0599403337445751
0.105,-8.80551455602037e-15
0.105125,0.0599403337445627
0.10525,0.0847684329147417
0.105375,0.0599403337445758
0.1055,9.7193696084642e-15
0.105625,-0.0599403337445689
0.10575,-0.0847684329147417
0.105875,-0.0599403337445764
0.106,-1.0633224660908e-14
0.106125,0.0599403337445682
0.10625,0.0847684329147417
0.106375,0.0599403337445771
0.1065,1.15470797133519e-14
0.106625,-0.0599403337445676
0.10675,-0.0847684329147417
0.106875,-0.0599403337445777
0.107,-2.82387968910177e-15
0.107125,0.0599403337445669
0.10725,0.0847684329147417
0.107375,0.0599403337445784
0.1075,3.7377347415456e-15
0.107625,-0.0599403337445663
0.10775,-0.0847684329147417
0.107875,-0.0599403337445722
0.108,-4.65158979398944e-15
0.108125,0.0599403337445656
0.10825,0.0847684329147417
0.108375,0.0599403337445729
0.1085,5.56544484643327e-15
0.108625,-0.059940333744565
0.10875,-0.0847684329147417
0.108875,-0.0599403337445735
0.109,-6.4792998988771e-15
0.109125,0.0599403337445643
0.10925,0.0847684329147417
0.109375,0.0599403337445742
0.1095,7.39315495132094e-15
0.109625,-0.0599403337445637
0.10975,-0.0847684329147417
0.109875,-0.0599403337445748
0.11,-8.30701000376477e-15
0.110125,0.0599403337445699
0.11025,0.0847684329147417
0.110375,0.0599403337445754
0.1105,9.2208650562086e-15
0.110625,-0.0599403337445692
0.11075,-0.0847684329147417
0.110875,-0.0599403337445761
0.111,-4.97665031958505e-16
0.111125,0.0599403337445686
0.11125,0.0847684329147417
0.111375,0.0599403337445767
0.1115,1.41152008440234e-15
0.111625,-0.0599403337445679
0.11175,-0.0847684329147417
0.111875,-0.0599403337445774
0.112,-2.32537513684617e-15
0.112125,0.0599403337445673
0.11225,0.0847684329147417
0.112375,0.0599403337445712
0.1125,3.23923018929001e-15
0.112625,-0.0599403337445666
0.11275,-0.0847684329147417
0.112875,-0.0599403337445719
0.113,-4.15308524173384e-15
0.113125,0.059940333744566
0.11325,0.0847684329147417
0.113375,0.0599403337445725
0.1135,5.06694029417767e-15
0.113625,-0.0599403337445653
0.11375,-0.0847684329147417
0.113875,-0.0599403337445732
0.114,-5.98079534662151e-15
0.114125,0.0599403337445647
0.11425,0.0847684329147417
0.114375,0.0599403337445738
0.1145,6.89465039906534e-15
0.114625,-0.0599403337445709
0.11475,-0.0847684329147417
0.114875,-0.0599403337445744
0.115,-7.80850545150918e-15
0.115125,0.0599403337445702
0.11525,0.0847684329147417
0.115375,0.0599403337445751
0.1155,-9.14694572740924e-16
0.115625,-0.0599403337445696
0.11575,-0.0847684329147417
0.115875,-0.0599403337445757
0.116,8.39520297090629e-19
0.116125,0.0599403337445689
0.11625,0.0847684329147417
0.116375,0.0599403337445696
0.1165,9.13015532146743e-16
0.116625,-0.0599403337445683
0.11675,-0.0847684329147417
0.116875,-0.0599403337445702
0.117,-1.82687058459058e-15
0.117125,0.0599403337445676
0.11725,0.0847684329147417
0.117375,0.0599403337445777
0.1175,1.23777807137283e-14
0.117625,-0.059940333744567
0.11775,-0.0847684329147417
0.117875,-0.0599403337445783
0.118,-1.32916357661722e-14
0.118125,0.0599403337445663
0.11825,0.0847684329147417
0.118375,0.059940333744579
0.1185,1.4205490818616e-14
0.118625,-0.0599403337445657
0.11875,-0.0847684329147417
0.118875,-0.0599403337445796
0.119,-5.48229079436591e-15
0.119125,0.059940333744565
0.11925,0.0847684329147417
0.119375,0.0599403337445803
0.1195,6.39614584680975e-15
0.119625,-0.0599403337445644
0.11975,-0.0847684329147417
0.119875,-0.0599403337445741
0.12,-7.31000089925358e-15
0.120125,0.0599403337445637
0.12025,0.0847684329147417
0.120375,0.0599403337445747
0.1205,8.22385595169741e-15
0.120625,-0.0599403337445631
0.12075,-0.0847684329147417
0.120875,-0.0599403337445754
0.121,-9.13771100414125e-15
0.121125,0.0599403337445625
0.12125,0.0847684329147417
0.121375,0.059940333744576
0.1215,1.00515660565851e-14
0.121625,-0.0599403337445618
0.12175,-0.0847684329147417
0.121875,-0.0599403337445767
0.122,-1.09654211090289e-14
0.122125,0.059940333744568
0.12225,0.0847684329147417
0.122375,0.0599403337445773
0.1225,1.18792761614727e-14
0.122625,-0.0599403337445673
0.12275,-0.0847684329147417
0.122875,-0.059940333744578
0.123,-3.15607613722265e-15
0.123125,0.0599403337445667
0.12325,0.0847684329147417
0.123375,0.0599403337445786
0.1235,4.06993118966648e-15
0.123625,-0.059940333744566
0.12375,-0.0847684329147417
0.123875,-0.0599403337445793
0.124,-4.98378624211032e-15
0.124125,0.0599403337445654
0.12425,0.0847684329147417
0.124375,0.0599403337445731
0.1245,5.89764129455415e-15
0.124625,-0.0599403337445647
0.12475,-0.0847684329147417
0.124875,-0.0599403337445737
0.125,-6.81149634699798e-15
0.125125,0.0599403337445641
0.12525,0.0847684329147417
0.125375,0.0599403337445812
0.1255,7.72535139944182e-15
0.125625,-0.0599403337445635
0.12575,-0.0847684329147417
0.125875,-0.0599403337445818
0.126,-8.63920645188565e-15
0.126125,0.0599403337445628
0.12625,0.0847684329147417
0.126375,0.0599403337445825
0.1265,9.55306150432949e-15
0.126625,-0.0599403337445622
0.12675,-0.0847684329147417
0.126875,-0.0599403337445831
0.127,-1.04669165567733e-14
0.127125,0.0599403337445615
0.12725,0.0847684329147417
0.127375,0.059940333744577
0.1275,1.74371653252322e-15
0.127625,-0.0599403337445609
0.12775,-0.0847684329147417
0.127875,-0.0599403337445776
0.128,-2.65757158496705e-15
0.128125,0.0599403337445602
0.12825,0.0847684329147417
0.128375,0.0599403337445783
0.1285,3.57142663741089e-15
0.128625,-0.0599403337445596
0.12875,-0.0847684329147417
0.128875,-0.0599403337445789
0.129,-4.48528168985472e-15
0.129125,0.0599403337445589
0.12925,0.0847684329147417
0.129375,0.0599403337445795
0.1295,5.39913674229855e-15
0.129625,-0.0599403337445651
0.12975,-0.0847684329147417
0.129875,-0.0599403337445802
0.13,-6.31299179474239e-15
0.130125,0.0599403337445645
0.13025,0.0847684329147417
0.130375,0.0599403337445808
0.1305,7.22684684718622e-15
0.130625,-0.0599403337445638
0.13075,-0.0847684329147417
0.130875,-0.0599403337445815
0.131,-8.14070189963006e-15
0.131125,0.0599403337445632
0.13125,0.0847684329147417
0.131375,0.0599403337445821
0.1315,-5.82498124620043e-16
0.131625,-0.0599403337445625
0.13175,-0.0847684329147417
0.131875,-0.059940333744576
0.132,-3.31356927823791e-16
0.132125,0.0599403337445619
0.13225,0.0847684329147417
0.132375,0.0599403337445766
0.1325,1.24521198026762e-15
0.132625,-0.0599403337445612
0.13275,-0.0847684329147417
0.132875,-0.0599403337445773
0.133,-2.15906703271146e-15
0.133125,0.0599403337445606
0.13325,0.0847684329147417
0.133375,0.0599403337445779
0.1335,3.07292208515529e-15
0.133625,-0.0599403337445599
0.13375,-0.0847684329147417
0.133875,-0.0599403337445786
0.134,-3.98677713759913e-15
0.134125,0.0599403337445661
0.13425,0.0847684329147417
0.134375,0.0599403337445792
0.1345,4.90063219004296e-15
0.134625,-0.0599403337445655
0.13475,-0.0847684329147417
0.134875,-0.0599403337445798
0.135,-5.81448724248679e-15
0.135125,0.0599403337445648
0.13525,0.0847684329147417
0.135375,0.0599403337445805
0.1355,6.72834229493063e-15
0.135625,-0.0599403337445642
0.13575,-0.0847684329147417
0.135875,-0.0599403337445743
0.136,1.99485772931947e-15
0.136125,0.0599403337445635
0.13625,0.0847684329147417
0.136375,0.059940333744575
0.1365,-1.08100267687564e-15
0.136625,-0.0599403337445629
0.13675,-0.0847684329147417
0.136875,-0.0599403337445756
0.137,1.67147624431804e-16
0.137125,0.0599403337445622
0.13725,0.0847684329147417
0.137375,0.0599403337445763
0.1375,7.4670742801203e-16
0.137625,-0.0599403337445616
0.13775,-0.0847684329147417
0.137875,-0.0599403337445769
0.138,-1.66056248045586e-15
0.138125,0.0599403337445677
0.13825,0.0847684329147417
0.138375,0.0599403337445776
0.1385,2.5744175328997e-15
0.138625,-0.0599403337445671
0.13875,-0.0847684329147417
0.138875,-0.0599403337445782
0.139,-3.48827258534353e-15
0.139125,0.0599403337445664
0.13925,0.0847684329147417
0.139375,0.0599403337445788
0.1395,4.40212763778736e-15
0.139625,-0.0599403337445658
0.13975,-0.0847684329147417
0.139875,-0.0599403337445795
0.14,-5.3159826902312e-15
0.140125,0.0599403337445652
0.14025,0.0847684329147417
0.140375,0.0599403337445733
0.1405,-3.4072173340189e-15
0.140625,-0.0599403337445645
0.14075,-0.0847684329147417
0.140875,-0.059940333744574
0.141,-1.67807478718128e-14
0.141125,0.0599403337445639
0.14125,0.0847684329147417
0.141375,0.0599403337445746
0.1415,1.76946029242566e-14
0.141625,-0.0599403337445632
0.14175,-0.0847684329147417
0.141875,-0.0599403337445753
0.142,-1.86084579767005e-14
0.142125,0.0599403337445626
0.14225,0.0847684329147417
0.142375,0.0599403337445759
0.1425,9.88525795245037e-15
0.142625,-0.0599403337445687
0.14275,-0.0847684329147417
0.142875,-0.0599403337445766
0.143,-1.07991130048942e-14
0.143125,0.0599403337445681
0.14325,0.0847684329147417
0.143375,0.0599403337445772
0.1435,1.1712968057338e-14
0.143625,-0.0599403337445674
0.14375,-0.0847684329147417
0.143875,-0.0599403337445778
0.144,-1.26268231097819e-14
0.144125,0.0599403337445668
0.14425,0.0847684329147417
0.144375,0.0599403337445785
0.1445,1.35406781622257e-14
0.144625,-0.0599403337445662
0.14475,-0.0847684329147417
0.144875,-0.0599403337445723
0.145,-1.44545332146695e-14
0.145125,0.0599403337445655
0.14525,0.0847684329147417
0.145375,0.059940333744573
0.1455,1.53683882671134e-14
0.145625,-0.0599403337445649
0.14575,-0.0847684329147417
0.145875,-0.0599403337445736
0.146,-1.62822433195572e-14
0.146125,0.0599403337445642
0.14625,0.0847684329147417
0.146375,0.0599403337445743
0.1465,1.7196098372001e-14
0.146625,-0.0599403337445704
0.14675,-0.0847684329147417
0.146875,-0.0599403337445749
0.147,-8.47289834775094e-15
0.147125,0.0599403337445697
0.14725,0.0847684329147417
0.147375,0.0599403337445756
0.1475,9.38675340019477e-15
0.147625,-0.0599403337445691
0.14775,-0.0847684329147417
0.147875,-0.0599403337445762
0.148,-1.03006084526386e-14
0.148125,0.0599403337445685
0.14825,0.0847684329147417
0.148375,0.0599403337445768
0.1485,1.12144635050824e-14
0.148625,-0.0599403337445678
0.14875,-0.0847684329147417
0.148875,-0.0599403337445707
0.149,-1.21283185575263e-14
0.149125,0.0599403337445672
0.14925,0.0847684329147417
0.149375,0.0599403337445713
0.1495,1.30421736099701e-14
0.149625,-0.0599403337445665
0.14975,-0.0847684329147417
0.149875,-0.059940333744572
0.15,-1.39560286624139e-14
0.150125,0.0599403337445659
0.15025,0.0847684329147417
0.150375,0.0599403337445726
0.1505,1.48698837148578e-14
0.150625,-0.0599403337445652
0.15075,-0.0847684329147417
0.150875,-0.0599403337445733
0.151,-6.14668369060768e-15
0.151125,0.0599403337445714
0.15125,0.0847684329147417
0.151375,0.0599403337445739
0.1515,7.06053874305151e-15
0.151625,-0.0599403337445707
0.15175,-0.0847684329147417
0.151875,-0.0599403337445746
0.152,-7.97439379549534e-15
0.152125,0.0599403337445701
0.15225,0.0847684329147417
0.152375,0.0599403337445752
0.1525,8.88824884793918e-15
0.152625,-0.0599403337445695
0.15275,-0.0847684329147417
0.152875,-0.0599403337445759
0.153,-9.80210390038301e-15
0.153125,0.0599403337445688
0.15325,0.0847684329147417
0.153375,0.0599403337445697
0.1535,1.07159589528268e-14
0.153625,-0.0599403337445682
0.15375,-0.0847684329147417
0.153875,-0.0599403337445703
0.154,-1.16298140052707e-14
0.154125,0.0599403337445675
0.15425,0.0847684329147417
0.154375,0.059940333744571
0.1545,1.25436690577145e-14
0.154625,-0.0599403337445669
0.15475,-0.0847684329147417
0.154875,-0.0599403337445716
0.155,-1.34575241101583e-14
0.155125,0.059940333744573
0.15525,0.0847684329147417
0.155375,0.0599403337445723
0.1555,4.73432408590825e-15
0.155625,-0.0599403337445724
0.15575,-0.0847684329147417
0.155875,-0.0599403337445729
0.156,-5.64817913835208e-15
0.156125,0.0599403337445717
0.15625,0.0847684329147417
0.156375,0.0599403337445804
0.1565,6.56203419079591e-15
0.156625,-0.0599403337445575
0.15675,-0.0847684329147417
0.156875,-0.059940333744581
0.157,-7.47588924323975e-15
0.157125,0.0599403337445568
0.15725,0.0847684329147417
0.157375,0.0599403337445817
0.1575,8.38974429568358e-15
0.157625,-0.059940333744563
0.15775,-0.0847684329147417
0.157875,-0.0599403337445823
0.158,-9.30359934812742e-15
0.158125,0.0599403337445623
0.15825,0.0847684329147417
0.158375,0.059940333744583
0.1585,1.02174544005712e-14
0.158625,-0.0599403337445617
0.15875,-0.0847684329147417
0.158875,-0.0599403337445836
0.159,-1.11313094530151e-14
0.159125,0.0599403337445611
0.15925,0.0847684329147417
0.159375,0.0599403337445843
0.1595,2.40810942876498e-15
0.159625,-0.0599403337445604
0.15975,-0.0847684329147417
0.159875,-0.0599403337445781
0.16,-3.32196448120882e-15
0.160125,0.0599403337445598
0.16025,0.0847684329147417
0.160375,0.0599403337445787
0.1605,4.23581953365265e-15
0.160625,-0.0599403337445591
0.16075,-0.0847684329147417
0.160875,-0.0599403337445794
0.161,-5.14967458609648e-15
0.161125,0.0599403337445585
0.16125,0.0847684329147417
0.161375,0.05994033374458
0.1615,6.06352963854032e-15
0.161625,-0.0599403337445578
0.16175,-0.0847684329147417
0.161875,-0.0599403337445807
0.162,-6.97738469098415e-15
0.162125,0.059940333744564
0.16225,0.0847684329147417
0.162375,0.0599403337445813
0.1625,7.89123974342799e-15
0.162625,-0.0599403337445633
0.16275,-0.0847684329147417
0.162875,-0.059940333744582
0.163,-8.80509479587182e-15
0.163125,0.0599403337445559
0.16325,0.0847684329147417
0.163375,0.0599403337445758
0.1635,8.18947716217208e-17
0.163625,-0.059940333744562
0.16375,-0.0847684329147417
0.163875,-0.0599403337445832
0.164,-1.06328049007595e-14
0.164125,0.0599403337445682
0.16425,0.0847684329147417
0.164375,0.0599403337445771
0.1645,1.90960487650939e-15
0.164625,-0.0599403337445608
0.16475,-0.0847684329147417
0.164875,-0.0599403337445845
0.165,-1.24605150056472e-14
0.165125,0.0599403337445669
0.16525,0.0847684329147417
0.165375,0.0599403337445784
0.1655,3.73731498139706e-15
0.165625,-0.0599403337445595
0.16575,-0.0847684329147417
0.165875,-0.0599403337445858
0.166,4.98588504285304e-15
0.166125,0.0599403337445656
0.16625,0.0847684329147417
0.166375,0.0599403337445797
0.1665,5.56502508628472e-15
0.166625,-0.0599403337445582
0.16675,-0.0847684329147417
0.166875,-0.0599403337445735
0.167,3.15817493796538e-15
0.167125,0.0599403337445643
0.16725,0.0847684329147417
0.167375,0.059940333744581
0.1675,7.39273519117239e-15
0.167625,-0.0599403337445569
0.16775,-0.0847684329147417
0.167875,-0.0599403337445748
0.168,1.33046483307771e-15
0.168125,0.059940333744563
0.16825,0.0847684329147417
0.168375,0.0599403337445823
0.1685,9.22044529606006e-15
0.168625,-0.0599403337445692
0.16875,-0.0847684329147417
0.168875,-0.0599403337445761
0.169,-4.97245271809959e-16
0.169125,0.0599403337445618
0.16925,0.0847684329147417
0.169375,0.0599403337445835
0.1695,1.10481554009477e-14
0.169625,-0.0599403337445679
0.16975,-0.0847684329147417
0.169875,-0.0599403337445774
0.17,-2.32495537669763e-15
0.170125,0.0599403337445605
0.17025,0.0847684329147417
0.170375,0.0599403337445712
0.1705,-6.39824464755247e-15
0.170625,-0.0599403337445666
0.17075,-0.0847684329147417
0.170875,-0.0599403337445787
0.171,-4.15266548158529e-15
0.171125,0.0599403337445592
0.17125,0.0847684329147417
0.171375,0.0599403337445725
0.1715,-4.5705345426648e-15
0.171625,-0.0599403337445653
0.17175,-0.0847684329147417
0.171875,-0.05994033374458
0.172,-2.52544857398608e-14
0.172125,0.0599403337445579
0.17225,0.0847684329147417
0.172375,0.0599403337445738
0.1725,1.65312857156107e-14
0.172625,-0.059940333744564
0.17275,-0.0847684329147417
0.172875,-0.0599403337445813
0.173,-7.80808569136063e-15
0.173125,0.0599403337445702
0.17325,0.0847684329147417
0.173375,0.0599403337445751
0.1735,1.83589958204984e-14
0.173625,-0.0599403337445628
0.17375,-0.0847684329147417
0.173875,-0.0599403337445826
0.174,-9.6357957962483e-15
0.174125,0.0599403337445689
0.17425,0.0847684329147417
0.174375,0.0599403337445764
0.1745,2.01867059253861e-14
0.174625,-0.0599403337445615
0.17475,-0.0847684329147417
0.174875,-0.0599403337445702
0.175,-1.1463505901136e-14
0.175125,0.0599403337445676
0.17525,0.0847684329147417
0.175375,0.0599403337445777
0.1755,2.20144160302737e-14
0.175625,-0.0599403337445602
0.17575,-0.0847684329147417
0.175875,-0.0599403337445715
0.176,-1.32912160060236e-14
0.176125,0.0599403337445663
0.17625,0.0847684329147417
0.176375,0.059940333744579
0.1765,2.38421261351614e-14
0.176625,-0.0599403337445589
0.17675,-0.0847684329147417
0.176875,-0.0599403337445728
0.177,-1.51189261109113e-14
0.177125,0.059940333744565
0.17725,0.0847684329147417
0.177375,0.0599403337445803
0.1775,6.3957260866612e-15
0.177625,-0.0599403337445712
0.17775,-0.0847684329147417
0.177875,-0.0599403337445741
0.178,-1.6946636215799e-14
0.178125,0.0599403337445637
0.17825,0.0847684329147417
0.178375,0.0599403337445815
0.1785,8.22343619154887e-15
0.178625,-0.0599403337445699
0.17875,-0.0847684329147417
0.178875,-0.0599403337445754
0.179,-1.87743463206866e-14
0.179125,0.0599403337445625
0.17925,0.0847684329147417
0.179375,0.0599403337445692
0.1795,1.00511462964365e-14
0.179625,-0.0599403337445686
0.17975,-0.0847684329147417
0.179875,-0.0599403337445767
0.18,-2.06020564255743e-14
0.180125,0.0599403337445612
0.18025,0.0847684329147417
0.180375,0.0599403337445705
0.1805,1.18788564013242e-14
0.180625,-0.0599403337445673
0.18075,-0.0847684329147417
0.180875,-0.059940333744578
0.181,-2.2429766530462e-14
0.181125,0.0599403337445735
0.18125,0.0847684329147417
0.181375,0.0599403337445718
0.1815,1.37065665062119e-14
0.181625,-0.059940333744566
0.18175,-0.0847684329147417
0.181875,-0.0599403337445793
0.182,-4.98336648196177e-15
0.182125,0.0599403337445722
0.18225,0.0847684329147417
0.182375,0.0599403337445731
0.1825,1.55342766110995e-14
0.182625,-0.0599403337445647
0.18275,-0.0847684329147417
0.182875,-0.0599403337445805
0.183,-6.81107658684944e-15
0.183125,0.0599403337445709
0.18325,0.0847684329147417
0.183375,0.0599403337445744
0.1835,1.73619867159872e-14
0.183625,-0.0599403337445635
0.18375,-0.0847684329147417
0.183875,-0.0599403337445682
0.184,-8.63878669173711e-15
0.184125,0.0599403337445696
0.18425,0.0847684329147417
0.184375,0.0599403337445757
0.1845,1.91896968208749e-14
0.184625,-0.0599403337445622
0.18475,-0.0847684329147417
0.184875,-0.0599403337445695
0.185,-1.04664967966248e-14
0.185125,0.0599403337445683
0.18525,0.0847684329147417
0.185375,0.059940333744577
0.1855,1.74329677237467e-15
0.185625,-0.0599403337445745
0.18575,-0.0847684329147417
0.185875,-0.0599403337445708
0.186,-1.22942069015124e-14
0.186125,0.059940333744567
0.18625,0.0847684329147417
0.186375,0.0599403337445783
0.1865,3.57100687726234e-15
0.186625,-0.0599403337445732
0.18675,-0.0847684329147417
0.186875,-0.0599403337445721
0.187,-1.41219170064001e-14
0.187125,0.0599403337445657
0.18725,0.0847684329147417
0.187375,0.0599403337445795
0.1875,5.39871698215001e-15
0.187625,-0.0599403337445583
0.18775,-0.0847684329147417
0.187875,-0.059940333744587
0.188,-1.59496271112878e-14
0.188125,0.0599403337445645
0.18825,0.0847684329147417
0.188375,0.0599403337445808
0.1885,7.22642708703768e-15
0.188625,-0.059940333744557
0.18875,-0.0847684329147417
0.188875,-0.0599403337445883
0.189,-1.77773372161754e-14
0.189125,0.0599403337445632
0.18925,0.0847684329147417
0.189375,0.0599403337445821
0.1895,9.05413719192535e-15
0.189625,-0.0599403337445557
0.18975,-0.0847684329147417
0.189875,-0.059940333744576
0.19,-3.30937167675246e-16
0.190125,0.0599403337445619
0.19025,0.0847684329147417
0.190375,0.0599403337445834
0.1905,1.0881847296813e-14
0.190625,-0.0599403337445544
0.19075,-0.0847684329147417
0.190875,-0.0599403337445773
0.191,-2.15864727256291e-15
0.191125,0.0599403337445606
0.19125,0.0847684329147417
0.191375,0.0599403337445847
0.1915,1.27095574017007e-14
0.191625,-0.0599403337445531
0.19175,-0.0847684329147417
0.191875,-0.0599403337445786
0.192,-3.98635737745058e-15
0.192125,0.0599403337445593
0.19225,0.0847684329147417
0.192375,0.059940333744586
0.1925,1.45372675065883e-14
0.192625,-0.0599403337445655
0.19275,-0.0847684329147417
0.192875,-0.0599403337445798
0.193,-5.81406748233825e-15
0.193125,0.059940333744558
0.19325,0.0847684329147417
0.193375,0.0599403337445873
0.1935,1.6364977611476e-14
0.193625,-0.0599403337445642
0.19375,-0.0847684329147417
0.193875,-0.0599403337445811
0.194,-7.64177758722592e-15
0.194125,0.0599403337445567
0.19425,0.0847684329147417
0.194375,0.059940333744575
0.1945,-1.08142243702418e-15
0.194625,-0.0599403337445629
0.19475,-0.0847684329147417
0.194875,-0.0599403337445824
0.195,-9.46948769211358e-15
0.195125,0.0599403337445554
0.19525,0.0847684329147417
0.195375,0.0599403337445763
0.1955,7.46287667863484e-16
0.195625,-0.0599403337445616
0.19575,-0.0847684329147417
0.195875,-0.0599403337445837
0.196,-1.12971977970013e-14
0.196125,0.0599403337445541
0.19625,0.0847684329147417
0.196375,0.0599403337445776
0.1965,2.57399777275115e-15
0.196625,-0.0599403337445603
0.19675,-0.0847684329147417
0.196875,-0.059940333744585
0.197,-1.31249079018889e-14
0.197125,0.0599403337445664
0.19725,0.0847684329147417
0.197375,0.0599403337445788
0.1975,4.40170787763882e-15
0.197625,-0.059940333744559
0.19775,-0.0847684329147417
0.197875,-0.0599403337445863
0.198,-1.49526180067766e-14
0.198125,0.0599403337445652
0.19825,0.0847684329147417
0.198375,0.0599403337445801
0.1985,6.22941798252649e-15
0.198625,-0.0599403337445577
0.19875,-0.0847684329147417
0.198875,-0.059940333744574
0.199,2.49378204172361e-15
0.199125,0.0599403337445639
0.19925,0.0847684329147417
0.199375,0.0599403337445814
0.1995,8.05712808741415e-15
0.199625,-0.0599403337445564
0.19975,-0.0847684329147417
0.199875,-0.0599403337445753
0.2,6.66071936835945e-16
0.200125,0.0599403337445626
0.20025,0.0847684329147417
0.200375,0.0599403337445827
0.2005,9.88483819230182e-15
0.200625,-0.0599403337445687
0.20075,-0.0847684329147417
0.200875,-0.0599403337445766
0.201,-1.16163816805172e-15
0.201125,0.0599403337445613
0.20125,0.0847684329147417
0.201375,0.059940333744584
0.2015,1.17125482971895e-14
0.201625,-0.0599403337445674
0.20175,-0.0847684329147417
0.201875,-0.0599403337445778
0.202,-2.98934827293939e-15
0.202125,0.05994033374456
0.20225,0.0847684329147417
0.202375,0.0599403337445853
0.2025,1.35402584020772e-14
0.202625,-0.0599403337445662
0.20275,-0.0847684329147417
0.202875,-0.0599403337445791
0.203,-4.81705837782706e-15
0.203125,0.0599403337445587
0.20325,0.0847684329147417
0.203375,0.059940333744573
0.2035,1.53679685069648e-14
0.203625,-0.0599403337445649
0.20375,-0.0847684329147417
0.203875,-0.0599403337445804
0.204,-2.59188786361026e-14
0.204125,0.0599403337445574
0.20425,0.0847684329147417
0.204375,0.0599403337445743
0.2045,1.71956786118525e-14
0.204625,-0.0599403337445636
0.20475,-0.0847684329147417
0.204875,-0.0599403337445817
0.205,-8.47247858760239e-15
0.205125,0.0599403337445697
0.20525,0.0847684329147417
0.205375,0.0599403337445756
0.2055,1.90233887167402e-14
0.205625,-0.0599403337445623
0.20575,-0.0847684329147417
0.205875,-0.059940333744583
0.206,-1.03001886924901e-14
0.206125,0.0599403337445685
0.20625,0.0847684329147417
0.206375,0.0599403337445768
0.2065,2.08510988216278e-14
0.206625,-0.059940333744561
0.20675,-0.0847684329147417
0.206875,-0.0599403337445843
0.207,-1.21278987973777e-14
0.207125,0.0599403337445672
0.20725,0.0847684329147417
0.207375,0.0599403337445781
0.2075,2.26788089265155e-14
0.207625,-0.0599403337445597
0.20775,-0.0847684329147417
0.207875,-0.059940333744572
0.208,-1.39556089022654e-14
0.208125,0.0599403337445659
0.20825,0.0847684329147417
0.208375,0.0599403337445794
0.2085,2.45065190314032e-14
0.208625,-0.0599403337445584
0.20875,-0.0847684329147417
0.208875,-0.0599403337445733
0.209,-1.57833190071531e-14
0.209125,0.0599403337445646
0.20925,0.0847684329147417
0.209375,0.0599403337445807
0.2095,7.06011898290296e-15
0.209625,-0.0599403337445707
0.20975,-0.0847684329147417
0.209875,-0.0599403337445746
0.21,-1.76110291120407e-14
0.210125,0.0599403337445633
0.21025,0.0847684329147417
0.210375,0.059940333744582
0.2105,8.88782908779063e-15
0.210625,-0.0599403337445695
0.21075,-0.0847684329147417
0.210875,-0.0599403337445759
0.211,-1.94387392169284e-14
0.211125,0.059940333744562
0.21125,0.0847684329147417
0.211375,0.0599403337445697
0.2115,1.07155391926783e-14
0.211625,-0.0599403337445682
0.21175,-0.0847684329147417
0.211875,-0.0599403337445771
0.212,-2.12664493218161e-14
0.212125,0.0599403337445607
0.21225,0.0847684329147417
0.212375,0.059940333744571
0.2125,1.2543249297566e-14
0.212625,-0.0599403337445669
0.21275,-0.0847684329147417
0.212875,-0.0599403337445784
0.213,-2.30941594267037e-14
0.213125,0.0599403337445594
0.21325,0.0847684329147417
0.213375,0.0599403337445723
0.2135,1.43709594024536e-14
0.213625,-0.0599403337445656
0.21375,-0.0847684329147417
0.213875,-0.0599403337445797
0.214,-5.64775937820354e-15
0.214125,0.0599403337445717
0.21425,0.0847684329147417
0.214375,0.0599403337445736
0.2145,1.61986695073413e-14
0.214625,-0.0599403337445643
0.21475,-0.0847684329147417
0.214875,-0.059940333744581
0.215,-7.4754694830912e-15
0.215125,0.0599403337445705
0.21525,0.0847684329147417
0.215375,0.0599403337445749
0.2155,1.8026379612229e-14
0.215625,-0.059940333744563
0.21575,-0.0847684329147417
0.215875,-0.0599403337445687
0.216,-9.30317958797887e-15
0.216125,0.0599403337445692
0.21625,0.0847684329147417
0.216375,0.0599403337445761
0.2165,1.98540897171166e-14
0.216625,-0.0599403337445617
0.21675,-0.0847684329147417
0.216875,-0.05994033374457
0.217,-1.11308896928665e-14
0.217125,0.0599403337445679
0.21725,0.0847684329147417
0.217375,0.0599403337445774
0.2175,2.16817998220043e-14
0.217625,-0.059940333744574
0.21775,-0.0847684329147417
0.217875,-0.0599403337445713
0.218,-1.29585997977542e-14
0.218125,0.0599403337445666
0.21825,0.0847684329147417
0.218375,0.0599403337445787
0.2185,4.23539977350411e-15
0.218625,-0.0599403337445727
0.21875,-0.0847684329147417
0.218875,-0.0599403337445862
0.219,-1.47863099026419e-14
0.219125,0.0599403337445516
0.21925,0.0847684329147417
0.219375,0.05994033374458
0.2195,6.06310987839177e-15
0.219625,-0.0599403337445578
0.21975,-0.0847684329147417
0.219875,-0.0599403337445875
0.22,-1.66140200075295e-14
0.220125,0.059940333744564
0.22025,0.0847684329147417
0.220375,0.0599403337445813
0.2205,7.89081998327944e-15
0.220625,-0.0599403337445565
0.22075,-0.0847684329147417
0.220875,-0.0599403337445888
0.221,-1.84417301124172e-14
0.221125,0.0599403337445627
0.22125,0.0847684329147417
0.221375,0.0599403337445826
0.2215,9.71853008816711e-15
0.221625,-0.0599403337445552
0.22175,-0.0847684329147417
0.221875,-0.0599403337445901
0.222,-9.95330063917009e-16
0.222125,0.0599403337445614
0.22225,0.0847684329147417
0.222375,0.0599403337445839
0.2225,1.15462401930548e-14
0.222625,-0.0599403337445539
0.22275,-0.0847684329147417
0.222875,-0.0599403337445777
0.223,-2.82304016880468e-15
0.223125,0.0599403337445601
0.22325,0.0847684329147417
0.223375,0.0599403337445852
0.2235,1.33739502979424e-14
0.223625,-0.0599403337445527
0.22375,-0.0847684329147417
0.223875,-0.059940333744579
0.224,-4.65075027369234e-15
0.224125,0.0599403337445588
0.22425,0.0847684329147417
0.224375,0.0599403337445865
0.2245,1.52016604028301e-14
0.224625,-0.059940333744565
0.22475,-0.0847684329147417
0.224875,-0.0599403337445803
0.225,-6.47846037858001e-15
0.225125,0.0599403337445575
0.22525,0.0847684329147417
0.225375,0.0599403337445878
0.2255,1.70293705077178e-14
0.225625,-0.0599403337445637
0.22575,-0.0847684329147417
0.225875,-0.0599403337445816
0.226,-8.30617048346768e-15
0.226125,0.0599403337445562
0.22625,0.0847684329147417
0.226375,0.0599403337445754
0.2265,-4.1702954078242e-16
0.226625,-0.0599403337445624
0.22675,-0.0847684329147417
0.226875,-0.0599403337445829
0.227,-1.01338805883553e-14
0.227125,0.0599403337445549
0.22725,0.0847684329147417
0.227375,0.0599403337445767
0.2275,1.41068056410525e-15
0.227625,-0.0599403337445611
0.22775,-0.0847684329147417
0.227875,-0.0599403337445842
0.228,-1.1961590693243e-14
0.228125,0.0599403337445537
0.22825,0.0847684329147417
0.228375,0.059940333744578
0.2285,3.23839066899292e-15
0.228625,-0.0599403337445598
0.22875,-0.0847684329147417
0.228875,-0.0599403337445855
0.229,-1.37893007981307e-14
0.229125,0.059940333744566
0.22925,0.0847684329147417
0.229375,0.0599403337445793
0.2295,5.06610077388058e-15
0.229625,-0.0599403337445585
0.22975,-0.0847684329147417
0.229875,-0.0599403337445868
0.23,-1.56170109030184e-14
0.230125,0.0599403337445647
0.23025,0.0847684329147417
0.230375,0.0599403337445806
0.2305,6.89381087876825e-15
0.230625,-0.0599403337445572
0.23075,-0.0847684329147417
0.230875,-0.0599403337445744
0.231,1.82938914548185e-15
0.231125,0.0599403337445634
0.23125,0.0847684329147417
0.231375,0.0599403337445819
0.2315,8.72152098365592e-15
0.231625,-0.0599403337445559
0.23175,-0.0847684329147417
0.231875,-0.0599403337445757
0.232,1.67904059418126e-18
0.232125,0.0599403337445621
0.23225,0.0847684329147417
0.232375,0.0599403337445832
0.2325,1.05492310885436e-14
0.232625,-0.0599403337445546
0.23275,-0.0847684329147417
0.232875,-0.059940333744577
0.233,-1.82603106429349e-15
0.233125,0.0599403337445608
0.23325,0.0847684329147417
0.233375,0.0599403337445845
0.2335,1.23769411934313e-14
0.233625,-0.059940333744567
0.23375,-0.0847684329147417
0.233875,-0.0599403337445783
0.234,-3.65374116918115e-15
0.234125,0.0599403337445595
0.23425,0.0847684329147417
0.234375,0.0599403337445858
0.2345,1.42046512983189e-14
0.234625,-0.0599403337445657
0.23475,-0.0847684329147417
0.234875,-0.0599403337445796
0.235,-2.47555614274567e-14
0.235125,0.0599403337445582
0.23525,0.0847684329147417
0.235375,0.0599403337445734
0.2355,1.60323614032066e-14
0.235625,-0.0599403337445644
0.23575,-0.0847684329147417
0.235875,-0.0599403337445809
0.236,-2.65832715323444e-14
0.236125,0.0599403337445569
0.23625,0.0847684329147417
0.236375,0.0599403337445747
0.2365,1.78600715080943e-14
0.236625,-0.0599403337445631
0.23675,-0.0847684329147417
0.236875,-0.0599403337445822
0.237,-2.8410981637232e-14
0.237125,0.0599403337445693
0.23725,0.0847684329147417
0.237375,0.059940333744576
0.2375,1.96877816129819e-14
0.237625,-0.0599403337445618
0.23775,-0.0847684329147417
0.237875,-0.0599403337445835
0.238,-1.09645815887318e-14
0.238125,0.059940333744568
0.23825,0.0847684329147417
0.238375,0.0599403337445773
0.2385,2.15154917178696e-14
0.238625,-0.0599403337445605
0.23875,-0.0847684329147417
0.238875,-0.0599403337445848
0.239,-1.27922916936195e-14
0.239125,0.0599403337445667
0.23925,0.0847684329147417
0.239375,0.0599403337445786
0.2395,2.33432018227573e-14
0.239625,-0.0599403337445592
0.23975,-0.0847684329147417
0.239875,-0.0599403337445724
0.24,-1.46200017985072e-14
0.240125,0.0599403337445654
0.24025,0.0847684329147417
0.240375,0.0599403337445799
0.2405,2.51709119276449e-14
0.240625,-0.0599403337445579
0.24075,-0.0847684329147417
0.240875,-0.0599403337445737
0.241,-1.64477119033948e-14
0.241125,0.0599403337445641
0.24125,0.0847684329147417
0.241375,0.0599403337445812
0.2415,7.72451187914473e-15
0.241625,-0.0599403337445703
0.24175,-0.0847684329147417
0.241875,-0.059940333744575
0.242,-1.82754220082825e-14
0.242125,0.0599403337445628
0.24225,0.0847684329147417
0.242375,0.0599403337445825
0.2425,9.5522219840324e-15
0.242625,-0.059940333744569
0.24275,-0.0847684329147417
0.242875,-0.0599403337445763
0.243,-2.01031321131702e-14
0.243125,0.0599403337445615
0.24325,0.0847684329147417
0.243375,0.0599403337445838
0.2435,1.13799320889201e-14
0.243625,-0.0599403337445677
0.24375,-0.0847684329147417
0.243875,-0.0599403337445776
0.244,-2.19308422180578e-14
0.244125,0.0599403337445602
0.24425,0.0847684329147417
0.244375,0.0599403337445714
0.2445,1.32076421938077e-14
0.244625,-0.0599403337445664
0.24475,-0.0847684329147417
0.244875,-0.0599403337445789
0.245,-2.37585523229455e-14
0.245125,0.0599403337445589
0.24525,0.0847684329147417
0.245375,0.0599403337445727
0.2455,1.50353522986954e-14
0.245625,-0.0599403337445651
0.24575,-0.0847684329147417
0.245875,-0.0599403337445802
0.246,-6.3121522744453e-15
0.246125,0.0599403337445713
0.24625,0.0847684329147417
0.246375,0.059940333744574
0.2465,1.68630624035831e-14
0.246625,-0.0599403337445638
0.24675,-0.0847684329147417
0.246875,-0.0599403337445815
0.247,-8.13986237933297e-15
0.247125,0.05994033374457
0.24725,0.0847684329147417
0.247375,0.0599403337445753
0.2475,1.86907725084707e-14
0.247625,-0.0599403337445625
0.24775,-0.0847684329147417
0.247875,-0.0599403337445692
0.248,-9.96757248422063e-15
0.248125,0.0599403337445687
0.24825,0.0847684329147417
0.248375,0.0599403337445766
0.2485,2.05184826133584e-14
0.248625,-0.0599403337445612
0.24875,-0.0847684329147417
0.248875,-0.0599403337445704
0.249,-1.17952825891083e-14
0.249125,0.0599403337445674
0.24925,0.0847684329147417
0.249375,0.0599403337445779
0.2495,2.23461927182461e-14
0.249625,-0.0599403337445599
0.24975,-0.0847684329147417
0.249875,-0.0599403337445717
0.25,-1.3622992693996e-14
0.250125,0.0599403337445525
0.25025,0.0847684329147417
0.250375,0.0599403337445792
0.2505,4.89979266974587e-15
0.250625,-0.0599403337445586
0.25075,-0.0847684329147417
0.250875,-0.059940333744573
0.251,-1.54507027988836e-14
0.251125,0.0599403337445512
0.25125,0.0847684329147417
0.251375,0.0599403337445805
0.2515,6.72750277463354e-15
0.251625,-0.0599403337445574
0.25175,-0.0847684329147417
0.251875,-0.0599403337445743
0.252,-1.72784129037713e-14
0.252125,0.0599403337445499
0.25225,0.0847684329147417
0.252375,0.0599403337445682
0.2525,8.5552128795212e-15
0.252625,-0.0599403337445561
0.25275,-0.0847684329147417
0.252875,-0.0599403337445756
0.253,-1.9106123008659e-14
0.253125,0.0599403337445622
0.25325,0.0847684329147417
0.253375,0.0599403337445694
0.2535,1.03829229844089e-14
0.253625,-0.0599403337445548
0.25375,-0.0847684329147417
0.253875,-0.0599403337445769
0.254,-2.09338331135466e-14
0.254125,0.0599403337445609
0.25425,0.0847684329147417
0.254375,0.0599403337445707
0.2545,1.22106330892965e-14
0.254625,-0.0599403337445535
0.25475,-0.0847684329147417
0.254875,-0.0599403337445782
0.255,-3.48743306504644e-15
0.255125,0.0599403337445596
0.25525,0.0847684329147417
0.255375,0.059940333744572
0.2555,1.40383431941842e-14
0.255625,-0.0599403337445522
0.25575,-0.0847684329147417
0.255875,-0.0599403337445795
0.256,-5.31514316993411e-15
0.256125,0.0599403337445584
0.25625,0.0847684329147417
0.256375,0.0599403337445733
0.2565,1.58660532990719e-14
0.256625,-0.0599403337445645
0.25675,-0.0847684329147417
0.256875,-0.0599403337445672
0.257,-7.14285327482178e-15
0.257125,0.0599403337445571
0.25725,0.0847684329147417
0.257375,0.0599403337445746
0.2575,1.76937634039595e-14
0.257625,-0.0599403337445632
0.25775,-0.0847684329147417
0.257875,-0.0599403337445684
0.258,-8.97056337970944e-15
0.258125,0.0599403337445558
0.25825,0.0847684329147417
0.258375,0.0599403337445759
0.2585,1.95214735088472e-14
0.258625,-0.0599403337445619
0.25875,-0.0847684329147417
0.258875,-0.0599403337445697
0.259,-1.07982734845971e-14
0.259125,0.0599403337445545
0.25925,0.0847684329147417
0.259375,0.0599403337445772
0.2595,2.07507346034701e-15
0.259625,-0.0599403337445606
0.25975,-0.0847684329147417
0.259875,-0.059940333744571
0.26,-1.26259835894848e-14
0.260125,0.0599403337445532
0.26025,0.0847684329147417
0.260375,0.0599403337445785
0.2605,3.90278356523468e-15
0.260625,-0.0599403337445593
0.26075,-0.0847684329147417
0.260875,-0.0599403337445723
0.261,-1.44536936943724e-14
0.261125,0.0599403337445655
0.26125,0.0847684329147417
0.261375,0.0599403337445662
0.2615,5.73049367012235e-15
0.261625,-0.0599403337445581
0.26175,-0.0847684329147417
0.261875,-0.0599403337445736
0.262,-1.62814037992601e-14
0.262125,0.0599403337445642
0.26225,0.0847684329147417
0.262375,0.0599403337445674
0.2625,7.55820377501001e-15
0.262625,-0.0599403337445568
0.26275,-0.0847684329147417
0.262875,-0.0599403337445749
0.263,1.16499624924009e-15
0.263125,0.0599403337445629
0.26325,0.0847684329147417
0.263375,0.0599403337445687
0.2635,9.38591387989768e-15
0.263625,-0.0599403337445555
0.26375,-0.0847684329147417
0.263875,-0.0599403337445762
0.264,-6.62713855647582e-16
0.264125,0.0599403337445616
0.26425,0.0847684329147417
0.264375,0.05994033374457
0.2645,1.12136239847854e-14
0.264625,-0.0599403337445542
0.26475,-0.0847684329147417
0.264875,-0.0599403337445775
0.265,-2.49042396053525e-15
0.265125,0.0599403337445603
0.26525,0.0847684329147417
0.265375,0.0599403337445713
0.2655,1.3041334089673e-14
0.265625,-0.0599403337445665
0.26575,-0.0847684329147417
0.265875,-0.0599403337445924
0.266,-4.31813406542292e-15
0.266125,0.0599403337445591
0.26625,0.0847684329147417
0.266375,0.0599403337445863
0.2665,1.48690441945607e-14
0.266625,-0.0599403337445652
0.26675,-0.0847684329147417
0.266875,-0.0599403337445937
0.267,-6.14584417031059e-15
0.267125,0.0599403337445578
0.26725,0.0847684329147417
0.267375,0.0599403337445875
0.2675,-2.57735585393951e-15
0.267625,-0.0599403337445639
0.26775,-0.0847684329147417
0.267875,-0.059940333744595
0.268,-7.97355427519825e-15
0.268125,0.0599403337445565
0.26825,0.0847684329147417
0.268375,0.0599403337445888
0.2685,-7.49645749051847e-16
0.268625,-0.0599403337445626
0.26875,-0.0847684329147417
0.268875,-0.0599403337445963
0.269,-9.80126438008592e-15
0.269125,0.0599403337445552
0.26925,0.0847684329147417
0.269375,0.0599403337445901
0.2695,1.07806435583582e-15
0.269625,-0.0599403337445613
0.26975,-0.0847684329147417
0.269875,-0.059940333744584
0.27,-1.16289744849736e-14
0.270125,0.0599403337445675
0.27025,0.0847684329147417
0.270375,0.0599403337445914
0.2705,2.90577446072349e-15
0.270625,-0.0599403337445601
0.27075,-0.0847684329147417
0.270875,-0.0599403337445853
0.271,-1.34566845898613e-14
0.271125,0.0599403337445662
0.27125,0.0847684329147417
0.271375,0.0599403337445927
0.2715,4.73348456561116e-15
0.271625,-0.0599403337445588
0.27175,-0.0847684329147417
0.271875,-0.0599403337445865
0.272,3.98971545863894e-15
0.272125,0.0599403337445649
0.27225,0.0847684329147417
0.272375,0.059940333744594
0.2725,6.56119467049882e-15
0.272625,-0.0599403337445575
0.27275,-0.0847684329147417
0.272875,-0.0599403337445878
0.273,2.16200535375128e-15
0.273125,0.0599403337445636
0.27325,0.0847684329147417
0.273375,0.0599403337445953
0.2735,8.38890477538649e-15
0.273625,-0.0599403337445562
0.27375,-0.0847684329147417
0.273875,-0.0599403337445891
0.274,3.34295248863608e-16
0.274125,0.0599403337445623
0.27425,0.0847684329147417
0.274375,0.059940333744583
0.2745,1.02166148802742e-14
0.274625,-0.0599403337445685
0.27475,-0.0847684329147417
0.274875,-0.0599403337445904
0.275,-1.49341485602406e-15
0.275125,0.0599403337445611
0.27525,0.0847684329147417
0.275375,0.0599403337445843
0.2755,1.20443249851618e-14
0.275625,-0.0599403337445672
0.27575,-0.0847684329147417
0.275875,-0.0599403337445917
0.276,-3.32112496091173e-15
0.276125,0.0599403337445598
0.27625,0.0847684329147417
0.276375,0.0599403337445855
0.2765,-5.40207506333837e-15
0.276625,-0.0599403337445659
0.27675,-0.0847684329147417
0.276875,-0.059940333744593
0.277,-5.14883506579939e-15
0.277125,0.0599403337445585
0.27725,0.0847684329147417
0.277375,0.0599403337445868
0.2775,-3.5743649584507e-15
0.277625,-0.0599403337445646
0.27775,-0.0847684329147417
0.277875,-0.0599403337445943
0.278,-6.97654517068706e-15
0.278125,0.0599403337445708
0.27825,0.0847684329147417
0.278375,0.0599403337445881
0.2785,-1.74665485356304e-15
0.278625,-0.0599403337445633
0.27875,-0.0847684329147417
0.278875,-0.059940333744582
0.279,-8.80425527557473e-15
0.279125,0.0599403337445695
0.27925,0.0847684329147417
0.279375,0.0599403337445894
0.2795,8.10552513246302e-17
0.279625,-0.059940333744562
0.27975,-0.0847684329147417
0.279875,-0.0599403337445832
0.28,-1.06319653804624e-14
0.280125,0.0599403337445682
0.28025,0.0847684329147417
0.280375,0.0599403337445907
0.2805,1.9087653562123e-15
0.280625,-0.0599403337445608
0.28075,-0.0847684329147417
0.280875,-0.0599403337445845
0.281,6.8144346680378e-15
0.281125,0.0599403337445669
0.28125,0.0847684329147417
0.281375,0.059940333744592
0.2815,2.30105856144878e-14
0.281625,-0.0599403337445595
0.28175,-0.0847684329147417
0.281875,-0.0599403337445858
0.282,-3.35614957436256e-14
0.282125,0.0599403337445656
0.28225,0.0847684329147417
0.282375,0.0599403337445933
0.2825,2.48382957193755e-14
0.282625,-0.0599403337445718
0.28275,-0.0847684329147417
0.282875,-0.0599403337445871
0.283,-3.53892058485133e-14
0.283125,0.0599403337445643
0.28325,0.0847684329147417
0.283375,0.059940333744581
0.2835,2.66660058242632e-14
0.283625,-0.0599403337445705
0.28375,-0.0847684329147417
0.283875,-0.0599403337445884
0.284,-3.72169159534009e-14
0.284125,0.059940333744563
0.28425,0.0847684329147417
0.284375,0.0599403337445823
0.2845,2.84937159291508e-14
0.284625,-0.0599403337445692
0.28475,-0.0847684329147417
0.284875,-0.0599403337445897
0.285,-1.97705159049007e-14
0.285125,0.0599403337445618
0.28525,0.0847684329147417
0.285375,0.0599403337445835
0.2855,3.03214260340385e-14
0.285625,-0.0599403337445679
0.28575,-0.0847684329147417
0.285875,-0.059940333744591
0.286,-2.15982260097884e-14
0.286125,0.0599403337445605
0.28625,0.0847684329147417
0.286375,0.0599403337445848
0.2865,3.21491361389262e-14
0.286625,-0.0599403337445666
0.28675,-0.0847684329147417
0.286875,-0.0599403337445787
0.287,-2.34259361146761e-14
0.287125,0.0599403337445728
0.28725,0.0847684329147417
0.287375,0.0599403337445861
0.2875,3.39768462438138e-14
0.287625,-0.0599403337445653
0.28775,-0.0847684329147417
0.287875,-0.05994033374458
0.288,-2.52536462195637e-14
0.288125,0.0599403337445715
0.28825,0.0847684329147417
0.288375,0.0599403337445874
0.2885,3.58045563487015e-14
0.288625,-0.059940333744564
0.28875,-0.0847684329147417
0.288875,-0.0599403337445813
0.289,-2.70813563244514e-14
0.289125,0.0599403337445702
0.28925,0.0847684329147417
0.289375,0.0599403337445887
0.2895,1.83581563002013e-14
0.289625,-0.0599403337445628
0.28975,-0.0847684329147417
0.289875,-0.0599403337445825
0.29,-2.89090664293391e-14
0.290125,0.0599403337445689
0.29025,0.0847684329147417
0.290375,0.05994033374459
0.2905,2.0185866405089e-14
0.290625,-0.0599403337445615
0.29075,-0.0847684329147417
0.290875,-0.0599403337445838
0.291,-3.07367765342267e-14
0.291125,0.0599403337445676
0.29125,0.0847684329147417
0.291375,0.0599403337445777
0.2915,2.20135765099766e-14
0.291625,-0.0599403337445738
0.29175,-0.0847684329147417
0.291875,-0.0599403337445851
0.292,-3.25644866391144e-14
0.292125,0.0599403337445663
0.29225,0.0847684329147417
0.292375,0.059940333744579
0.2925,2.38412866148643e-14
0.292625,-0.0599403337445725
0.29275,-0.0847684329147417
0.292875,-0.0599403337445864
0.293,-3.43921967440021e-14
0.293125,0.059940333744565
0.29325,0.0847684329147417
0.293375,0.0599403337445803
0.2935,2.5668996719752e-14
0.293625,-0.0599403337445712
0.29375,-0.0847684329147417
0.293875,-0.0599403337445877
0.294,-1.69457966955019e-14
0.294125,0.0599403337445637
0.29425,0.0847684329147417
0.294375,0.0599403337445815
0.2945,2.74967068246396e-14
0.294625,-0.0599403337445699
0.29475,-0.0847684329147417
0.294875,-0.059940333744589
0.295,-1.87735068003895e-14
0.295125,0.0599403337445761
0.29525,0.0847684329147417
0.295375,0.0599403337445828
0.2955,2.93244169295273e-14
0.295625,-0.0599403337445686
0.29575,-0.0847684329147417
0.295875,-0.0599403337445767
0.296,-2.06012169052772e-14
0.296125,0.0599403337445748
0.29625,0.0847684329147417
0.296375,0.0599403337445841
0.2965,3.1152127034415e-14
0.296625,-0.0599403337445673
0.29675,-0.0847684329147417
0.296875,-0.059940333744578
0.297,-2.24289270101649e-14
0.297125,0.0599403337445462
0.29725,0.0847684329147417
0.297375,0.0599403337445854
0.2975,1.37057269859148e-14
0.297625,-0.0599403337445524
0.29775,-0.0847684329147417
0.297875,-0.0599403337445793
0.298,-2.42566371150525e-14
0.298125,0.059940333744545
0.29825,0.0847684329147417
0.298375,0.0599403337445867
0.2985,1.55334370908024e-14
0.298625,-0.0599403337445511
0.29875,-0.0847684329147417
0.298875,-0.0599403337445805
0.299,-2.60843472199402e-14
0.299125,0.0599403337445437
0.29925,0.0847684329147417
0.299375,0.059940333744588
0.2995,1.73611471956901e-14
0.299625,-0.0599403337445498
0.29975,-0.0847684329147417
0.299875,-0.0599403337445818
0.3,-2.79120573248279e-14
0.300125,0.059940333744556
0.30025,0.0847684329147417
0.300375,0.0599403337445757
0.3005,1.91888573005778e-14
0.300625,-0.0599403337445485
0.30075,-0.0847684329147417
0.300875,-0.0599403337445831
0.301,-2.97397674297155e-14
0.301125,0.0599403337445547
0.30125,0.0847684329147417
0.301375,0.059940333744577
0.3015,2.10165674054655e-14
0.301625,-0.0599403337445472
0.30175,-0.0847684329147417
0.301875,-0.0599403337445844
0.302,-1.22933673812154e-14
0.302125,0.0599403337445534
0.30225,0.0847684329147417
0.302375,0.0599403337445783
0.3025,2.28442775103531e-14
0.302625,-0.059940333744546
0.30275,-0.0847684329147417
0.302875,-0.0599403337445857
0.303,-1.4121077486103e-14
0.303125,0.0599403337445521
0.30325,0.0847684329147417
0.303375,0.0599403337445795
0.3035,2.46719876152408e-14
0.303625,-0.0599403337445447
0.30375,-0.0847684329147417
0.303875,-0.0599403337445734
0.304,-1.59487875909907e-14
0.304125,0.0599403337445508
0.30425,0.0847684329147417
0.304375,0.0599403337445808
0.3045,2.64996977201285e-14
0.304625,-0.059940333744557
0.30475,-0.0847684329147417
0.304875,-0.0599403337445747
0.305,-1.77764976958784e-14
0.305125,0.0599403337445495
0.30525,0.0847684329147417
0.305375,0.0599403337445821
0.3055,2.83274078250161e-14
0.305625,-0.0599403337445557
0.30575,-0.0847684329147417
0.305875,-0.059940333744576
0.306,-1.9604207800766e-14
0.306125,0.0599403337445482
0.30625,0.0847684329147417
0.306375,0.0599403337445834
0.3065,1.08810077765159e-14
0.306625,-0.0599403337445544
0.30675,-0.0847684329147417
0.306875,-0.0599403337445773
0.307,-2.14319179056537e-14
0.307125,0.059940333744547
0.30725,0.0847684329147417
0.307375,0.0599403337445847
0.3075,1.27087178814036e-14
0.307625,-0.0599403337445531
0.30775,-0.0847684329147417
0.307875,-0.0599403337445786
0.308,-2.32596280105414e-14
0.308125,0.0599403337445457
0.30825,0.0847684329147417
0.308375,0.0599403337445724
0.3085,1.45364279862913e-14
0.308625,-0.0599403337445518
0.30875,-0.0847684329147417
0.308875,-0.0599403337445798
0.309,-2.5087338115429e-14
0.309125,0.059940333744558
0.30925,0.0847684329147417
0.309375,0.0599403337445737
0.3095,1.63641380911789e-14
0.309625,-0.0599403337445505
0.30975,-0.0847684329147417
0.309875,-0.0599403337445811
0.31,-2.69150482203167e-14
0.310125,0.0599403337445567
0.31025,0.0847684329147417
0.310375,0.059940333744575
0.3105,1.81918481960666e-14
0.310625,-0.0599403337445492
0.31075,-0.0847684329147417
0.310875,-0.0599403337445824
0.311,-9.46864817181649e-15
0.311125,0.0599403337445554
0.31125,0.0847684329147417
0.311375,0.0599403337445763
0.3115,2.00195583009543e-14
0.311625,-0.0599403337445479
0.31175,-0.0847684329147417
0.311875,-0.0599403337445837
0.312,-1.12963582767042e-14
0.312125,0.0599403337445541
0.31225,0.0847684329147417
0.312375,0.0599403337445776
0.3125,2.18472684058419e-14
0.312625,-0.0599403337445603
0.31275,-0.0847684329147417
0.312875,-0.0599403337445714
0.313,-1.31240683815918e-14
0.313125,0.0599403337445528
0.31325,0.0847684329147417
0.313375,0.0599403337445788
0.3135,2.36749785107296e-14
0.313625,-0.059940333744559
0.31375,-0.0847684329147417
0.313875,-0.0599403337445727
0.314,-1.49517784864795e-14
0.314125,0.0599403337445515
0.31425,0.0847684329147417
0.314375,0.0599403337445801
0.3145,2.55026886156173e-14
0.314625,-0.0599403337445577
0.31475,-0.0847684329147417
0.314875,-0.059940333744574
0.315,-1.67794885913672e-14
0.315125,0.0599403337445502
0.31525,0.0847684329147417
0.315375,0.0599403337445814
0.3155,8.05628856711706e-15
0.315625,-0.0599403337445564
0.31575,-0.0847684329147417
0.315875,-0.0599403337445753
0.316,-1.86071986962548e-14
0.316125,0.0599403337445489
0.31625,0.0847684329147417
0.316375,0.0599403337445827
0.3165,9.88399867200473e-15
0.316625,-0.0599403337445551
0.31675,-0.0847684329147417
0.316875,-0.0599403337445766
0.317,-2.04349088011425e-14
0.317125,0.0599403337445613
0.31725,0.0847684329147417
0.317375,0.0599403337445704
0.3175,1.17117087768924e-14
0.317625,-0.0599403337445538
0.31775,-0.0847684329147417
0.317875,-0.0599403337445778
0.318,-2.22626189060302e-14
0.318125,0.05994033374456
0.31825,0.0847684329147417
0.318375,0.0599403337445717
0.3185,1.35394188817801e-14
0.318625,-0.0599403337445525
0.31875,-0.0847684329147417
0.318875,-0.0599403337445791
0.319,-4.81621885752997e-15
0.319125,0.0599403337445587
0.31925,0.0847684329147417
0.319375,0.059940333744573
0.3195,1.53671289866677e-14
0.319625,-0.0599403337445512
0.31975,-0.0847684329147417
0.319875,-0.0599403337445804
0.32,-6.64392896241764e-15
0.320125,0.0599403337445574
0.32025,0.0847684329147417
0.320375,0.0599403337445743
0.3205,1.71948390915554e-14
0.320625,-0.0599403337445499
0.32075,-0.0847684329147417
0.320875,-0.0599403337445817
0.321,-8.4716390673053e-15
0.321125,0.0599403337445561
0.32125,0.0847684329147417
0.321375,0.0599403337445756
0.3215,1.90225491964431e-14
0.321625,-0.0599403337445623
0.32175,-0.0847684329147417
0.321875,-0.0599403337445694
0.322,-1.0299349172193e-14
0.322125,0.0599403337445548
0.32225,0.0847684329147417
0.322375,0.0599403337445768
0.3225,2.08502593013307e-14
0.322625,-0.059940333744561
0.32275,-0.0847684329147417
0.322875,-0.0599403337445707
0.323,-1.21270592770806e-14
0.323125,0.0599403337445535
0.32325,0.0847684329147417
0.323375,0.0599403337445781
0.3235,3.40385925283054e-15
0.323625,-0.0599403337445597
0.32375,-0.0847684329147417
0.323875,-0.059940333744572
0.324,-1.39547693819683e-14
0.324125,0.0599403337445522
0.32425,0.0847684329147417
0.324375,0.0599403337445794
0.3245,5.23156935771821e-15
0.324625,-0.0599403337445584
0.32475,-0.0847684329147417
0.324875,-0.0599403337445733
0.325,-1.5782479486856e-14
0.325125,0.0599403337445509
0.32525,0.0847684329147417
0.325375,0.0599403337445671
0.3255,7.05927946260587e-15
0.325625,-0.0599403337445571
0.32575,-0.0847684329147417
0.325875,-0.0599403337445746
0.326,-1.76101895917436e-14
0.326125,0.0599403337445633
0.32625,0.0847684329147417
0.326375,0.0599403337445684
0.3265,2.81610997208814e-14
0.326625,-0.0599403337445558
0.32675,-0.0847684329147417
0.326875,-0.0599403337445759
0.327,-1.63789543243442e-16
0.327125,0.0599403337445484
0.32725,0.0847684329147417
0.327375,0.0599403337445833
0.3275,1.07146996723812e-14
0.327625,-0.0599403337445682
0.32775,-0.0847684329147417
0.327875,-0.0599403337445635
0.328,-2.1265609801519e-14
0.328125,0.0599403337445607
0.32825,0.0847684329147417
0.328375,0.0599403337445982
0.3285,-6.73170037611899e-15
0.328625,-0.0599403337445532
0.32875,-0.0847684329147417
0.328875,-0.0599403337446057
0.329,-3.81920975301878e-15
0.329125,0.0599403337445458
0.32925,0.0847684329147417
0.329375,0.0599403337445859
0.3295,1.43701198821565e-14
0.329625,-0.0599403337445656
0.32975,-0.0847684329147417
0.329875,-0.0599403337445934
0.33,-2.49210300112943e-14
0.330125,0.0599403337445581
0.33025,0.0847684329147417
0.330375,0.0599403337446008
0.3305,-3.07628016634365e-15
0.330625,-0.0599403337445506
0.33075,-0.0847684329147417
0.330875,-0.059940333744581
0.331,-7.47462996279411e-15
0.331125,0.0599403337445705
0.33125,0.0847684329147417
0.331375,0.0599403337445885
0.3315,1.80255400919319e-14
0.331625,-0.059940333744563
0.33175,-0.0847684329147417
0.331875,-0.0599403337445959
0.332,9.97177008570609e-15
0.332125,0.0599403337445555
0.33225,0.0847684329147417
0.332375,0.0599403337446034
0.3325,5.7914004343168e-16
0.332625,-0.0599403337445481
0.33275,-0.0847684329147417
0.332875,-0.0599403337445836
0.333,-1.11300501725694e-14
0.333125,0.0599403337445679
0.33325,0.0847684329147417
0.333375,0.0599403337445911
0.3335,2.16809603017072e-14
0.333625,-0.0599403337445604
0.33375,-0.0847684329147417
0.333875,-0.0599403337445985
0.334,6.31634987593075e-15
0.334125,0.0599403337445529
0.33425,0.0847684329147417
0.334375,0.0599403337445787
0.3345,4.23456025320702e-15
0.334625,-0.0599403337445727
0.33475,-0.0847684329147417
0.334875,-0.0599403337445862
0.335,-1.47854703823448e-14
0.335125,0.0599403337445653
0.33525,0.0847684329147417
0.335375,0.0599403337445936
0.3355,2.53363805114825e-14
0.335625,-0.0599403337445578
0.33575,-0.0847684329147417
0.335875,-0.0599403337446011
0.336,2.66092966615542e-15
0.336125,0.0599403337445504
0.33625,0.0847684329147417
0.336375,0.0599403337445813
0.3365,7.88998046298235e-15
0.336625,-0.0599403337445702
0.33675,-0.0847684329147417
0.336875,-0.0599403337445888
0.337,-1.84408905921201e-14
0.337125,0.0599403337445627
0.33725,0.0847684329147417
0.337375,0.0599403337445962
0.3375,-9.55641958551785e-15
0.337625,-0.0599403337445552
0.33775,-0.0847684329147417
0.337875,-0.0599403337446037
0.338,-9.94490543619919e-16
0.338125,0.0599403337445478
0.33825,0.0847684329147417
0.338375,0.0599403337445839
0.3385,1.15454006727577e-14
0.338625,-0.0599403337445676
0.33875,-0.0847684329147417
0.338875,-0.0599403337445914
0.339,-2.20963108018955e-14
0.339125,0.0599403337445601
0.33925,0.0847684329147417
0.339375,0.0599403337445988
0.3395,-5.90099937574251e-15
0.339625,-0.0599403337445527
0.33975,-0.0847684329147417
0.339875,-0.059940333744579
0.34,-4.64991075339525e-15
0.340125,0.0599403337445724
0.34025,0.0847684329147417
0.340375,0.0599403337445865
0.3405,1.5200820882533e-14
0.340625,-0.059940333744565
0.34075,-0.0847684329147417
0.340875,-0.0599403337445939
0.341,1.27964892951049e-14
0.341125,0.0599403337445575
0.34125,0.0847684329147417
0.341375,0.0599403337446014
0.3415,-2.24557916596718e-15
0.341625,-0.0599403337445501
0.34175,-0.0847684329147417
0.341875,-0.0599403337445816
0.342,-8.30533096317059e-15
0.342125,0.0599403337445699
0.34225,0.0847684329147417
0.342375,0.0599403337445891
0.3425,1.88562410923084e-14
0.342625,-0.0599403337445624
0.34275,-0.0847684329147417
0.342875,-0.0599403337445965
0.343,9.14106908532961e-15
0.343125,0.0599403337445549
0.34325,0.0847684329147417
0.343375,0.0599403337445767
0.3435,1.40984104380816e-15
0.343625,-0.0599403337445747
0.34375,-0.0847684329147417
0.343875,-0.0599403337445842
0.344,-5.05089714797217e-14
0.344125,0.0599403337445673
0.34425,0.0847684329147417
0.344375,0.0599403337445917
0.3445,2.25116613020837e-14
0.344625,-0.0599403337445598
0.34475,-0.0847684329147417
0.344875,-0.0599403337445991
0.345,-3.30625714312215e-14
0.345125,0.0599403337445524
0.34525,0.0847684329147417
0.345375,0.0599403337445793
0.3455,4.36134815603592e-14
0.345625,-0.0599403337445722
0.34575,-0.0847684329147417
0.345875,-0.0599403337445868
0.346,-1.56161713827213e-14
0.346125,0.0599403337445647
0.34625,0.0847684329147417
0.346375,0.0599403337445942
0.3465,2.6167081511859e-14
0.346625,-0.0599403337445572
0.34675,-0.0847684329147417
0.346875,-0.0599403337446017
0.347,-3.67179916409968e-14
0.347125,0.059940333744577
0.34725,0.0847684329147417
0.347375,0.0599403337445819
0.3475,4.72689017701346e-14
0.347625,-0.0599403337445696
0.34775,-0.0847684329147417
0.347875,-0.0599403337445894
0.348,-1.92715915924966e-14
0.348125,0.0599403337445621
0.34825,0.0847684329147417
0.348375,0.0599403337445968
0.3485,2.98225017216344e-14
0.348625,-0.0599403337445546
0.34875,-0.0847684329147417
0.348875,-0.059940333744577
0.349,-4.03734118507721e-14
0.349125,0.0599403337445744
0.34925,0.0847684329147417
0.349375,0.0599403337445845
0.3495,1.23761016731342e-14
0.349625,-0.059940333744567
0.34975,-0.0847684329147417
0.349875,-0.0599403337445919
0.35,-2.29270118022719e-14
0.350125,0.0599403337445595
0.35025,0.0847684329147417
0.350375,0.0599403337445994
0.3505,3.34779219314097e-14
0.350625,-0.0599403337445521
0.35075,-0.0847684329147417
0.350875,-0.0599403337445796
0.351,-4.40288320605475e-14
0.351125,0.0599403337445719
0.35125,0.0847684329147417
0.351375,0.0599403337445871
0.3515,1.60315218829095e-14
0.351625,-0.0599403337445644
0.35175,-0.0847684329147417
0.351875,-0.0599403337445945
0.352,-2.65824320120473e-14
0.352125,0.0599403337445569
0.35225,0.0847684329147417
0.352375,0.0599403337445747
0.3525,3.7133342141185e-14
0.352625,-0.0599403337445767
0.35275,-0.0847684329147417
0.352875,-0.0599403337445822
0.353,-4.76842522703228e-14
0.353125,0.0599403337445693
0.35325,0.0847684329147417
0.353375,0.0599403337445897
0.3535,1.96869420926848e-14
0.353625,-0.0599403337445618
0.35375,-0.0847684329147417
0.353875,-0.0599403337445971
0.354,-3.02378522218226e-14
0.354125,0.0599403337445543
0.35425,0.0847684329147417
0.354375,0.0599403337445773
0.3545,4.07887623509604e-14
0.354625,-0.0599403337445742
0.35475,-0.0847684329147417
0.354875,-0.0599403337445848
0.355,-1.27914521733224e-14
0.355125,0.0599403337445667
0.35525,0.0847684329147417
0.355375,0.0599403337445922
0.3555,2.33423623024602e-14
0.355625,-0.0599403337445592
0.35575,-0.0847684329147417
0.355875,-0.0599403337445724
0.356,-3.38932724315979e-14
0.356125,0.059940333744579
0.35625,0.0847684329147417
0.356375,0.0599403337445799
0.3565,4.44441825607357e-14
0.356625,-0.0599403337445716
0.35675,-0.0847684329147417
0.356875,-0.0599403337445874
0.357,-1.64468723830977e-14
0.357125,0.0599403337445641
0.35725,0.0847684329147417
0.357375,0.0599403337445948
0.3575,2.69977825122355e-14
0.357625,-0.0599403337445566
0.35775,-0.0847684329147417
0.357875,-0.059940333744575
0.358,-3.75486926413733e-14
0.358125,0.0599403337445764
0.35825,0.0847684329147417
0.358375,0.0599403337445825
0.3585,9.55138246373531e-15
0.358625,-0.059940333744569
0.35875,-0.0847684329147417
0.358875,-0.05994033374459
0.359,-2.01022925928731e-14
0.359125,0.0599403337445615
0.35925,0.0847684329147417
0.359375,0.0599403337445974
0.3595,3.06532027220108e-14
0.359625,-0.0599403337445541
0.35975,-0.0847684329147417
0.359875,-0.0599403337445776
0.36,-4.12041128511486e-14
0.360125,0.0599403337445466
0.36025,0.0847684329147417
0.360375,0.0599403337445851
0.3605,1.32068026735106e-14
0.360625,-0.0599403337445391
0.36075,-0.0847684329147417
0.360875,-0.0599403337445925
0.361,-2.37577128026484e-14
0.361125,0.0599403337445589
0.36125,0.0847684329147417
0.361375,0.0599403337445727
0.3615,3.43086229317862e-14
0.361625,-0.0599403337445515
0.36175,-0.0847684329147417
0.361875,-0.0599403337445802
0.362,-4.48595330609239e-14
0.362125,0.059940333744544
0.36225,0.0847684329147417
0.362375,0.0599403337445877
0.3625,1.6862222883286e-14
0.362625,-0.0599403337445365
0.36275,-0.0847684329147417
0.362875,-0.0599403337445951
0.363,-2.74131330124237e-14
0.363125,0.0599403337445564
0.36325,0.0847684329147417
0.363375,0.0599403337445753
0.3635,3.79640431415615e-14
0.363625,-0.0599403337445489
0.36375,-0.0847684329147417
0.363875,-0.0599403337445828
0.364,-9.96673296392354e-15
0.364125,0.0599403337445414
0.36425,0.0847684329147417
0.364375,0.0599403337445902
0.3645,2.05176430930613e-14
0.364625,-0.0599403337445612
0.36475,-0.0847684329147417
0.364875,-0.0599403337445704
0.365,-3.10685532221991e-14
0.365125,0.0599403337445538
0.36525,0.0847684329147417
0.365375,0.0599403337445779
0.3655,4.16194633513368e-14
0.365625,-0.0599403337445463
0.36575,-0.0847684329147417
0.365875,-0.0599403337445854
0.366,-1.36221531736989e-14
0.366125,0.0599403337445388
0.36625,0.0847684329147417
0.366375,0.0599403337445928
0.3665,2.41730633028366e-14
0.366625,-0.0599403337445586
0.36675,-0.0847684329147417
0.366875,-0.059940333744573
0.367,-3.47239734319744e-14
0.367125,0.0599403337445512
0.36725,0.0847684329147417
0.367375,0.0599403337445805
0.3675,6.72666325433645e-15
0.367625,-0.0599403337445437
0.36775,-0.0847684329147417
0.367875,-0.0599403337445879
0.368,-1.72775733834742e-14
0.368125,0.0599403337445363
0.36825,0.0847684329147417
0.368375,0.0599403337445954
0.3685,2.7828483512612e-14
0.368625,-0.0599403337445561
0.36875,-0.0847684329147417
0.368875,-0.0599403337445756
0.369,-3.83793936417497e-14
0.369125,0.0599403337445486
0.36925,0.0847684329147417
0.369375,0.0599403337445831
0.3695,1.03820834641118e-14
0.369625,-0.0599403337445411
0.36975,-0.0847684329147417
0.369875,-0.0599403337445905
0.37,-2.09329935932495e-14
0.370125,0.0599403337445609
0.37025,0.0847684329147417
0.370375,0.0599403337445707
0.3705,3.14839037223873e-14
0.370625,-0.0599403337445535
0.37075,-0.0847684329147417
0.370875,-0.0599403337445782
0.371,-3.48659354474935e-15
0.371125,0.059940333744546
0.37125,0.0847684329147417
0.371375,0.0599403337445857
0.3715,1.40375036738871e-14
0.371625,-0.0599403337445386
0.37175,-0.0847684329147417
0.371875,-0.0599403337445931
0.372,-2.45884138030249e-14
0.372125,0.0599403337445584
0.37225,0.0847684329147417
0.372375,0.0599403337445733
0.3725,3.51393239321626e-14
0.372625,-0.0599403337445509
0.37275,-0.0847684329147417
0.372875,-0.0599403337445808
0.373,-7.14201375452469e-15
0.373125,0.0599403337445434
0.37325,0.0847684329147417
0.373375,0.0599403337445882
0.3735,1.76929238836625e-14
0.373625,-0.0599403337445632
0.37375,-0.0847684329147417
0.373875,-0.0599403337445684
0.374,-2.82438340128002e-14
0.374125,0.0599403337445558
0.37425,0.0847684329147417
0.374375,0.0599403337445759
0.3745,3.8794744141938e-14
0.374625,-0.0599403337445483
0.37475,-0.0847684329147417
0.374875,-0.0599403337445834
0.375,-1.07974339643e-14
0.375125,0.0599403337445408
0.37525,0.0847684329147417
0.375375,0.0599403337445908
0.3755,2.13483440934378e-14
0.375625,-0.0599403337445606
0.37575,-0.0847684329147417
0.375875,-0.059940333744571
0.376,-3.18992542225756e-14
0.376125,0.0599403337445532
0.37625,0.0847684329147417
0.376375,0.0599403337445785
0.3765,3.90194404493759e-15
0.376625,-0.0599403337445457
0.37675,-0.0847684329147417
0.376875,-0.059940333744586
0.377,-1.44528541740754e-14
0.377125,0.0599403337445383
0.37725,0.0847684329147417
0.377375,0.0599403337445662
0.3775,2.50037643032131e-14
0.377625,-0.0599403337445581
0.37775,-0.0847684329147417
0.377875,-0.0599403337445736
0.378,-3.55546744323509e-14
0.378125,0.0599403337445506
0.37825,0.0847684329147417
0.378375,0.0599403337445811
0.3785,7.55736425471292e-15
0.378625,-0.0599403337445431
0.37875,-0.0847684329147417
0.378875,-0.0599403337445885
0.379,-1.81082743838507e-14
0.379125,0.0599403337445629
0.37925,0.0847684329147417
0.379375,0.0599403337445687
0.3795,2.86591845129885e-14
0.379625,-0.0599403337445555
0.37975,-0.0847684329147417
0.379875,-0.0599403337445762
0.38,-6.61874335350492e-16
0.380125,0.059940333744548
0.38025,0.0847684329147417
0.380375,0.0599403337445837
0.3805,1.12127844644883e-14
0.380625,-0.0599403337445406
0.38075,-0.0847684329147417
0.380875,-0.0599403337445911
0.381,-2.1763694593626e-14
0.381125,0.0599403337445603
0.38125,0.0847684329147417
0.381375,0.0599403337445713
0.3815,3.23146047227638e-14
0.381625,-0.0599403337445529
0.38175,-0.0847684329147417
0.381875,-0.0599403337445788
0.382,-4.31729454512583e-15
0.382125,0.0599403337445454
0.38225,0.0847684329147417
0.382375,0.0599403337445863
0.3825,1.48682046742636e-14
0.382625,-0.0599403337445652
0.38275,-0.0847684329147417
0.382875,-0.0599403337445664
0.383,-2.54191148034014e-14
0.383125,0.0599403337445578
0.38325,0.0847684329147417
0.383375,0.0599403337445739
0.3835,3.59700249325391e-14
0.383625,-0.0599403337445503
0.38375,-0.0847684329147417
0.383875,-0.0599403337445814
0.384,-7.97271475490116e-15
0.384125,0.0599403337445428
0.38425,0.0847684329147417
0.384375,0.0599403337445888
0.3845,1.85236248840389e-14
0.384625,-0.0599403337445626
0.38475,-0.0847684329147417
0.384875,-0.059940333744569
0.385,-2.90745350131767e-14
0.385125,0.0599403337445552
0.38525,0.0847684329147417
0.385375,0.0599403337445765
0.3855,1.07722483553873e-15
0.385625,-0.0599403337445477
0.38575,-0.0847684329147417
0.385875,-0.059940333744584
0.386,-1.16281349646765e-14
0.386125,0.0599403337445675
0.38625,0.0847684329147417
0.386375,0.0599403337445642
0.3865,2.21790450938143e-14
0.386625,-0.0599403337445601
0.38675,-0.0847684329147417
0.386875,-0.0599403337445716
0.387,-3.2729955222952e-14
0.387125,0.0599403337445526
0.38725,0.0847684329147417
0.387375,0.0599403337445791
0.3875,4.73264504531407e-15
0.387625,-0.0599403337445451
0.38775,-0.0847684329147417
0.387875,-0.0599403337445865
0.388,-1.52835551744518e-14
0.388125,0.0599403337445649
0.38825,0.0847684329147417
0.388375,0.0599403337445667
0.3885,2.58344653035896e-14
0.388625,-0.0599403337445575
0.38875,-0.0847684329147417
0.388875,-0.0599403337445742
0.389,2.16284487404837e-15
0.389125,0.05994033374455
0.38925,0.0847684329147417
0.389375,0.0599403337445817
0.3895,8.3880652550894e-15
0.389625,-0.0599403337445425
0.38975,-0.0847684329147417
0.389875,-0.0599403337445891
0.39,-1.89389753842272e-14
0.390125,0.0599403337445623
0.39025,0.0847684329147417
0.390375,0.0599403337445693
0.3905,2.94898855133649e-14
0.390625,-0.0599403337445549
0.39075,-0.0847684329147417
0.390875,-0.0599403337446041
0.391,-1.49257533572697e-15
0.391125,0.0599403337445474
0.39125,0.0847684329147417
0.391375,0.0599403337445842
0.3915,1.20434854648647e-14
0.391625,-0.0599403337445672
0.39175,-0.0847684329147417
0.391875,-0.0599403337445917
0.392,-2.25943955940025e-14
0.392125,0.0599403337445598
0.39225,0.0847684329147417
0.392375,0.0599403337445992
0.3925,-5.40291458363546e-15
0.392625,-0.0599403337445523
0.39275,-0.0847684329147417
0.392875,-0.0599403337446066
0.393,-5.1479955455023e-15
0.393125,0.0599403337445448
0.39325,0.0847684329147417
0.393375,0.0599403337445868
0.3935,1.56989056746401e-14
0.393625,-0.0599403337445646
0.39375,-0.0847684329147417
0.393875,-0.0599403337445943
0.394,-2.62498158037778e-14
0.394125,0.0599403337445572
0.39425,0.0847684329147417
0.394375,0.0599403337446018
0.3945,-1.74749437386013e-15
0.394625,-0.0599403337445497
0.39475,-0.0847684329147417
0.394875,-0.059940333744582
0.395,-8.80341575527764e-15
0.395125,0.0599403337445695
0.39525,0.0847684329147417
0.395375,0.0599403337445894
0.3955,1.93543258844154e-14
0.395625,-0.059940333744562
0.39575,-0.0847684329147417
0.395875,-0.0599403337445969
0.396,-2.99052360135532e-14
0.396125,0.0599403337445546
0.39625,0.0847684329147417
0.396375,0.0599403337446043
0.3965,1.90792583591521e-15
0.396625,-0.0599403337445471
0.39675,-0.0847684329147417
0.396875,-0.0599403337445845
0.397,-1.2458835965053e-14
0.397125,0.0599403337445669
0.39725,0.0847684329147417
0.397375,0.059940333744592
0.3975,2.30097460941907e-14
0.397625,-0.0599403337445595
0.39775,-0.0847684329147417
0.397875,-0.0599403337445995
0.398,4.98756408344722e-15
0.398125,0.059940333744552
0.39825,0.0847684329147417
0.398375,0.0599403337446069
0.3985,5.56334604569054e-15
0.398625,-0.0599403337445445
0.39875,-0.0847684329147417
0.398875,-0.0599403337445871
0.399,-1.61142561748283e-14
0.399125,0.0599403337445643
0.39925,0.0847684329147417
0.399375,0.0599403337445946
0.3995,2.66651663039661e-14
0.399625,-0.0599403337445569
0.39975,-0.0847684329147417
0.399875,-0.0599403337446021
0.4,1.33214387367189e-15
0.400125,0.0599403337445494
0.40025,0.0847684329147417
0.400375,0.0599403337445823
0.4005,9.21876625546588e-15
0.400625,-0.0599403337445692
0.40075,-0.0847684329147417
0.400875,-0.0599403337445897
0.401,-1.97696763846036e-14
0.401125,0.0599403337445618
0.40125,0.0847684329147417
0.401375,0.0599403337445972
0.4015,-8.22763379303432e-15
0.401625,-0.0599403337445543
0.40175,-0.0847684329147417
0.401875,-0.0599403337446046
0.402,-2.32327633610345e-15
0.402125,0.0599403337445468
0.40225,0.0847684329147417
0.402375,0.0599403337445848
0.4025,1.28741864652412e-14
0.402625,-0.0599403337445666
0.40275,-0.0847684329147417
0.402875,-0.0599403337445923
0.403,-2.3425096594379e-14
0.403125,0.0599403337445592
0.40325,0.0847684329147417
0.403375,0.0599403337445998
0.4035,-4.57221358325899e-15
0.403625,-0.0599403337445517
0.40375,-0.0847684329147417
0.403875,-0.05994033374458
0.404,-5.97869654587878e-15
0.404125,0.0599403337445715
0.40425,0.0847684329147417
0.404375,0.0599403337445874
0.4045,1.65296066750165e-14
0.404625,-0.059940333744564
0.40475,-0.0847684329147417
0.404875,-0.0599403337445949
0.405,-2.70805168041543e-14
0.405125,0.0599403337445566
0.40525,0.0847684329147417
0.405375,0.0599403337446023
0.4055,-9.16793373483651e-16
0.405625,-0.0599403337445491
0.40575,-0.0847684329147417
0.405875,-0.0599403337445825
0.406,-9.63411675565412e-15
0.406125,0.0599403337445689
0.40625,0.0847684329147417
0.406375,0.05994033374459
0.4065,2.01850268847919e-14
0.406625,-0.0599403337445615
0.40675,-0.0847684329147417
0.406875,-0.0599403337445975
0.407,-3.07359370139297e-14
0.407125,0.059940333744554
0.40725,0.0847684329147417
0.407375,0.0599403337446049
0.4075,4.12868471430674e-14
0.407625,-0.0599403337445738
0.40775,-0.0847684329147417
0.407875,-0.0599403337445851
0.408,-5.18377572722052e-14
0.408125,0.0599403337445663
0.40825,0.0847684329147417
0.408375,0.0599403337445926
0.4085,2.38404470945672e-14
0.408625,-0.0599403337445589
0.40875,-0.0847684329147417
0.408875,-0.0599403337446
0.409,-3.4391357223705e-14
0.409125,0.0599403337445514
0.40925,0.0847684329147417
0.409375,0.0599403337445803
0.4095,4.49422673528428e-14
0.409625,-0.0599403337445712
0.40975,-0.0847684329147417
0.409875,-0.0599403337445877
0.41,-1.69449571752048e-14
0.410125,0.0599403337445637
0.41025,0.0847684329147417
0.410375,0.0599403337445952
0.4105,2.74958673043426e-14
0.410625,-0.0599403337445563
0.41075,-0.0847684329147417
0.410875,-0.0599403337446026
0.411,-3.80467774334803e-14
0.411125,0.0599403337445488
0.41125,0.0847684329147417
0.411375,0.0599403337445828
0.4115,4.85976875626181e-14
0.411625,-0.0599403337445686
0.41175,-0.0847684329147417
0.411875,-0.0599403337445903
0.412,-2.06003773849801e-14
0.412125,0.0599403337445612
0.41225,0.0847684329147417
0.412375,0.0599403337445978
0.4125,3.11512875141179e-14
0.412625,-0.0599403337445537
0.41275,-0.0847684329147417
0.412875,-0.059940333744578
0.413,-4.17021976432557e-14
0.413125,0.0599403337445735
0.41325,0.0847684329147417
0.413375,0.0599403337445854
0.4135,5.22531077723934e-14
0.413625,-0.059940333744566
0.41375,-0.0847684329147417
0.413875,-0.0599403337445929
0.414,-2.42557975947555e-14
0.414125,0.0599403337445586
0.41425,0.0847684329147417
0.414375,0.0599403337446004
0.4145,3.48067077238932e-14
0.414625,-0.0599403337445511
0.41475,-0.0847684329147417
0.414875,-0.0599403337445805
0.415,-4.5357617853031e-14
0.415125,0.0599403337445709
0.41525,0.0847684329147417
0.415375,0.059940333744588
0.4155,1.7360307675393e-14
0.415625,-0.0599403337445635
0.41575,-0.0847684329147417
0.415875,-0.0599403337445955
0.416,-2.79112178045308e-14
0.416125,0.059940333744556
0.41625,0.0847684329147417
0.416375,0.0599403337445757
0.4165,3.84621279336686e-14
0.416625,-0.0599403337445758
0.41675,-0.0847684329147417
0.416875,-0.0599403337445831
0.417,-4.90130380628063e-14
0.417125,0.0599403337445683
0.41725,0.0847684329147417
0.417375,0.0599403337445906
0.4175,2.10157278851684e-14
0.417625,-0.0599403337445609
0.41775,-0.0847684329147417
0.417875,-0.0599403337445981
0.418,-3.15666380143061e-14
0.418125,0.0599403337445534
0.41825,0.0847684329147417
0.418375,0.0599403337445783
0.4185,4.21175481434439e-14
0.418625,-0.0599403337445732
0.41875,-0.0847684329147417
0.418875,-0.0599403337445857
0.419,-1.41202379658059e-14
0.419125,0.0599403337445658
0.41925,0.0847684329147417
0.419375,0.0599403337445932
0.4195,2.46711480949437e-14
0.419625,-0.0599403337445583
0.41975,-0.0847684329147417
0.419875,-0.0599403337446006
0.42,-3.52220582240815e-14
0.420125,0.0599403337445781
0.42025,0.0847684329147417
0.420375,0.0599403337445808
0.4205,4.57729683532192e-14
0.420625,-0.0599403337445706
0.42075,-0.0847684329147417
0.420875,-0.0599403337445883
0.421,-1.77756581755813e-14
0.421125,0.0599403337445632
0.42125,0.0847684329147417
0.421375,0.0599403337445958
0.4215,2.8326568304719e-14
0.421625,-0.0599403337445557
0.42175,-0.0847684329147417
0.421875,-0.059940333744576
0.422,-3.88774784338568e-14
0.422125,0.0599403337445482
0.42225,0.0847684329147417
0.422375,0.0599403337445834
0.4225,1.08801682562188e-14
0.422625,-0.0599403337445408
0.42275,-0.0847684329147417
0.422875,-0.0599403337445909
0.423,-2.14310783853566e-14
0.423125,0.0599403337445333
0.42325,0.0847684329147417
0.423375,0.0599403337445983
0.4235,3.19819885144944e-14
0.423625,-0.0599403337445531
0.42375,-0.0847684329147417
0.423875,-0.0599403337445786
0.424,-4.25328986436321e-14
0.424125,0.0599403337445457
0.42425,0.0847684329147417
0.424375,0.059940333744586
0.4245,1.45355884659942e-14
0.424625,-0.0599403337445382
0.42475,-0.0847684329147417
0.424875,-0.0599403337445935
0.425,-2.50864985951319e-14
0.425125,0.059940333744558
0.42525,0.0847684329147417
0.425375,0.0599403337445737
0.4255,3.56374087242697e-14
0.425625,-0.0599403337445505
0.42575,-0.0847684329147417
0.425875,-0.0599403337445811
0.426,-4.61883188534075e-14
0.426125,0.0599403337445431
0.42625,0.0847684329147417
0.426375,0.0599403337445886
0.4265,1.81910086757695e-14
0.426625,-0.0599403337445356
0.42675,-0.0847684329147417
0.426875,-0.0599403337445961
0.427,-2.87419188049073e-14
0.427125,0.0599403337445554
0.42725,0.0847684329147417
0.427375,0.0599403337445763
0.4275,3.9292828934045e-14
0.427625,-0.0599403337445479
0.42775,-0.0847684329147417
0.427875,-0.0599403337445837
0.428,-1.12955187564071e-14
0.428125,0.0599403337445405
0.42825,0.0847684329147417
0.428375,0.0599403337445912
0.4285,2.18464288855448e-14
0.428625,-0.059940333744533
0.42875,-0.0847684329147417
0.428875,-0.0599403337445714
0.429,-3.23973390146826e-14
0.429125,0.0599403337445528
0.42925,0.0847684329147417
0.429375,0.0599403337445788
0.4295,4.29482491438204e-14
0.429625,-0.0599403337445454
0.42975,-0.0847684329147417
0.429875,-0.0599403337445863
0.43,-1.49509389661824e-14
0.430125,0.0599403337445379
0.43025,0.0847684329147417
0.430375,0.0599403337445938
0.4305,2.55018490953202e-14
0.430625,-0.0599403337445577
0.43075,-0.0847684329147417
0.430875,-0.059940333744574
0.431,-3.60527592244579e-14
0.431125,0.0599403337445502
0.43125,0.0847684329147417
0.431375,0.0599403337445814
0.4315,8.05544904681997e-15
0.431625,-0.0599403337445428
0.43175,-0.0847684329147417
0.431875,-0.0599403337445889
0.432,-1.86063591759577e-14
0.432125,0.0599403337445353
0.43225,0.0847684329147417
0.432375,0.0599403337445963
0.4325,2.91572693050955e-14
0.432625,-0.0599403337445551
0.43275,-0.0847684329147417
0.432875,-0.0599403337445766
0.433,-3.97081794342333e-14
0.433125,0.0599403337445477
0.43325,0.0847684329147417
0.433375,0.059940333744584
0.4335,1.17108692565953e-14
0.433625,-0.0599403337445402
0.43375,-0.0847684329147417
0.433875,-0.0599403337445915
0.434,-2.22617793857331e-14
0.434125,0.05994033374456
0.43425,0.0847684329147417
0.434375,0.0599403337445717
0.4345,3.28126895148708e-14
0.434625,-0.0599403337445525
0.43475,-0.0847684329147417
0.434875,-0.0599403337445791
0.435,-4.33635996440086e-14
0.435125,0.0599403337445451
0.43525,0.0847684329147417
0.435375,0.0599403337445866
0.4355,1.53662894663706e-14
0.435625,-0.0599403337445376
0.43575,-0.0847684329147417
0.435875,-0.0599403337445941
0.436,-2.59171995955084e-14
0.436125,0.0599403337445574
0.43625,0.0847684329147417
0.436375,0.0599403337445743
0.4365,3.64681097246462e-14
0.436625,-0.0599403337445499
0.43675,-0.0847684329147417
0.436875,-0.0599403337445817
0.437,-8.47079954700821e-15
0.437125,0.0599403337445425
0.43725,0.0847684329147417
0.437375,0.0599403337445892
0.4375,1.9021709676146e-14
0.437625,-0.0599403337445623
0.43775,-0.0847684329147417
0.437875,-0.0599403337445694
0.438,-2.95726198052837e-14
0.438125,0.0599403337445548
0.43825,0.0847684329147417
0.438375,0.0599403337445768
0.4385,4.01235299344215e-14
0.438625,-0.0599403337445474
0.43875,-0.0847684329147417
0.438875,-0.0599403337445843
0.439,-1.21262197567835e-14
0.439125,0.0599403337445399
0.43925,0.0847684329147417
0.439375,0.0599403337445918
0.4395,2.26771298859213e-14
0.439625,-0.0599403337445597
0.43975,-0.0847684329147417
0.439875,-0.059940333744572
0.44,-3.32280400150591e-14
0.440125,0.0599403337445522
0.44025,0.0847684329147417
0.440375,0.0599403337445794
0.4405,5.23072983742112e-15
0.440625,-0.0599403337445448
0.44075,-0.0847684329147417
0.440875,-0.0599403337445869
0.441,-1.57816399665589e-14
0.441125,0.0599403337445373
0.44125,0.0847684329147417
0.441375,0.0599403337445944
0.4415,2.63325500956966e-14
0.441625,-0.0599403337445571
0.44175,-0.0847684329147417
0.441875,-0.0599403337445746
0.442,-3.68834602248344e-14
0.442125,0.0599403337445496
0.44225,0.0847684329147417
0.442375,0.059940333744582
0.4425,8.88615004719645e-15
0.442625,-0.0599403337445422
0.44275,-0.0847684329147417
0.442875,-0.0599403337445895
0.443,-1.94370601763342e-14
0.443125,0.059940333744562
0.44325,0.0847684329147417
0.443375,0.0599403337445697
0.4435,2.9987970305472e-14
0.443625,-0.0599403337445545
0.44375,-0.0847684329147417
0.443875,-0.0599403337445771
0.444,-1.99066012783402e-15
0.444125,0.0599403337445471
0.44425,0.0847684329147417
0.444375,0.0599403337445846
0.4445,1.25415702569718e-14
0.444625,-0.0599403337445396
0.44475,-0.0847684329147417
0.444875,-0.0599403337445921
0.445,-2.30924803861096e-14
0.445125,0.0599403337445594
0.44525,0.0847684329147417
0.445375,0.0599403337445723
0.4455,3.36433905152473e-14
0.445625,-0.0599403337445519
0.44575,-0.0847684329147417
0.445875,-0.0599403337445797
0.446,-5.64608033760935e-15
0.446125,0.0599403337445445
0.44625,0.0847684329147417
0.446375,0.0599403337445872
0.4465,1.61969904667471e-14
0.446625,-0.0599403337445643
0.44675,-0.0847684329147417
0.446875,-0.0599403337445674
0.447,-2.67479005958849e-14
0.447125,0.0599403337445568
0.44725,0.0847684329147417
0.447375,0.0599403337445749
0.4475,3.72988107250227e-14
0.447625,-0.0599403337445494
0.44775,-0.0847684329147417
0.447875,-0.0599403337445823
0.448,-9.30150054738469e-15
0.448125,0.0599403337445419
0.44825,0.0847684329147417
0.448375,0.0599403337445898
0.4485,1.98524106765225e-14
0.448625,-0.0599403337445617
0.44875,-0.0847684329147417
0.448875,-0.05994033374457
0.449,-3.04033208056602e-14
0.449125,0.0599403337445542
0.44925,0.0847684329147417
0.449375,0.0599403337445774
0.4495,2.40601062802226e-15
0.449625,-0.0599403337445468
0.44975,-0.0847684329147417
0.449875,-0.0599403337445849
0.45,-1.295692075716e-14
0.450125,0.0599403337445393
0.45025,0.0847684329147417
0.450375,0.0599403337445651
0.4505,2.35078308862978e-14
0.450625,-0.0599403337445591
0.45075,-0.0847684329147417
0.450875,-0.0599403337445726
0.451,-3.40587410154356e-14
0.451125,0.0599403337445516
0.45125,0.0847684329147417
0.451375,0.05994033374458
0.4515,6.06143083779759e-15
0.451625,-0.0599403337445442
0.45175,-0.0847684329147417
0.451875,-0.0599403337445875
0.452,-1.66123409669354e-14
0.452125,0.059940333744564
0.45225,0.0847684329147417
0.452375,0.0599403337445677
0.4525,2.71632510960731e-14
0.452625,-0.0599403337445565
0.45275,-0.0847684329147417
0.452875,-0.0599403337445751
0.453,8.3405908156484e-16
0.453125,0.0599403337445491
0.45325,0.0847684329147417
0.453375,0.0599403337446099
0.4535,9.71685104757293e-15
0.453625,-0.0599403337445416
0.45375,-0.0847684329147417
0.453875,-0.0599403337445901
0.454,-2.02677611767107e-14
0.454125,0.0599403337445614
0.45425,0.0847684329147417
0.454375,0.0599403337445975
0.4545,3.08186713058485e-14
0.454625,-0.0599403337445539
0.45475,-0.0847684329147417
0.454875,-0.059940333744605
0.455,-2.8213611282105e-15
0.455125,0.0599403337445465
0.45525,0.0847684329147417
0.455375,0.0599403337445852
0.4555,1.33722712573483e-14
0.455625,-0.0599403337445663
0.45575,-0.0847684329147417
0.455875,-0.0599403337445926
0.456,-2.3923181386486e-14
0.456125,0.0599403337445588
0.45625,0.0847684329147417
0.456375,0.0599403337446001
0.4565,3.44740915156238e-14
0.456625,-0.0599403337445514
0.45675,-0.0847684329147417
0.456875,-0.0599403337446076
0.457,-6.47678133798583e-15
0.457125,0.0599403337445439
0.45725,0.0847684329147417
0.457375,0.0599403337445878
0.4575,1.70276914671236e-14
0.457625,-0.0599403337445637
0.45775,-0.0847684329147417
0.457875,-0.0599403337445952
0.458,-2.75786015962614e-14
0.458125,0.0599403337445562
0.45825,0.0847684329147417
0.458375,0.0599403337446027
0.4585,-4.18708581376601e-16
0.458625,-0.0599403337445488
0.45875,-0.0847684329147417
0.458875,-0.0599403337446102
0.459,-1.01322015477612e-14
0.459125,0.0599403337445686
0.45925,0.0847684329147417
0.459375,0.0599403337445904
0.4595,2.06831116768989e-14
0.459625,-0.0599403337445611
0.45975,-0.0847684329147417
0.459875,-0.0599403337445978
0.46,-3.12340218060367e-14
0.460125,0.0599403337445537
0.46025,0.0847684329147417
0.460375,0.0599403337446053
0.4605,3.23671162839873e-15
0.460625,-0.0599403337445462
0.46075,-0.0847684329147417
0.460875,-0.0599403337445855
0.461,-1.37876217575365e-14
0.461125,0.059940333744566
0.46125,0.0847684329147417
0.461375,0.0599403337445929
0.4615,2.43385318866743e-14
0.461625,-0.0599403337445585
0.46175,-0.0847684329147417
0.461875,-0.0599403337446004
0.462,3.6587782909637e-15
0.462125,0.0599403337445511
0.46225,0.0847684329147417
0.462375,0.0599403337446079
0.4625,6.89213183817407e-15
0.462625,-0.0599403337445436
0.46275,-0.0847684329147417
0.462875,-0.0599403337445881
0.463,-1.74430419673118e-14
0.463125,0.0599403337445634
0.46325,0.0847684329147417
0.463375,0.0599403337445955
0.4635,2.79939520964496e-14
0.463625,-0.0599403337445559
0.46375,-0.0847684329147417
0.463875,-0.059940333744603
0.464,3.35808118836252e-18
0.464125,0.0599403337445485
0.46425,0.0847684329147417
0.464375,0.0599403337445832
0.4645,1.05475520479494e-14
0.464625,-0.0599403337445683
0.46475,-0.0847684329147417
0.464875,-0.0599403337445907
0.465,-2.10984621770872e-14
0.465125,0.0599403337445608
0.46525,0.0847684329147417
0.465375,0.0599403337445981
0.4655,-6.89884800055079e-15
0.465625,-0.0599403337445534
0.46575,-0.0847684329147417
0.465875,-0.0599403337446056
0.466,-3.65206212858697e-15
0.466125,0.0599403337445459
0.46625,0.0847684329147417
0.466375,0.0599403337445858
0.4665,1.42029722577247e-14
0.466625,-0.0599403337445657
0.46675,-0.0847684329147417
0.466875,-0.0599403337445932
0.467,-2.47538823868625e-14
0.467125,0.0599403337445582
0.46725,0.0847684329147417
0.467375,0.0599403337446007
0.4675,-3.24342779077546e-15
0.467625,-0.0599403337445508
0.46775,-0.0847684329147417
0.467875,-0.0599403337445809
0.468,-7.30748233836231e-15
0.468125,0.0599403337445706
0.46825,0.0847684329147417
0.468375,0.0599403337445884
0.4685,1.78583924675001e-14
0.468625,-0.0599403337445631
0.46875,-0.0847684329147417
0.468875,-0.0599403337445958
0.469,-2.84093025966378e-14
0.469125,0.0599403337445556
0.46925,0.0847684329147417
0.469375,0.0599403337446033
0.4695,3.89602127257756e-14
0.469625,-0.0599403337445482
0.46975,-0.0847684329147417
0.469875,-0.0599403337445835
0.47,-4.95111228549134e-14
0.470125,0.059940333744568
0.47025,0.0847684329147417
0.470375,0.0599403337445909
0.4705,2.15138126772754e-14
0.470625,-0.0599403337445605
0.47075,-0.0847684329147417
0.470875,-0.0599403337445984
0.471,-3.20647228064132e-14
0.471125,0.0599403337445531
0.47125,0.0847684329147417
0.471375,0.0599403337446059
0.4715,4.26156329355509e-14
0.471625,-0.0599403337445456
0.47175,-0.0847684329147417
0.471875,-0.0599403337445861
0.472,-5.31665430646887e-14
0.472125,0.0599403337445654
0.47225,0.0847684329147417
0.472375,0.0599403337445935
0.4725,2.51692328870507e-14
0.472625,-0.0599403337445579
0.47275,-0.0847684329147417
0.472875,-0.059940333744601
0.473,-3.57201430161885e-14
0.473125,0.0599403337445505
0.47325,0.0847684329147417
0.473375,0.0599403337445812
0.4735,4.62710531453263e-14
0.473625,-0.0599403337445703
0.47375,-0.0847684329147417
0.473875,-0.0599403337445887
0.474,-5.6821963274464e-14
0.474125,0.0599403337445628
0.47425,0.0847684329147417
0.474375,0.0599403337445961
0.4745,2.88246530968261e-14
0.474625,-0.0599403337445553
0.47475,-0.0847684329147417
0.474875,-0.0599403337446036
0.475,-3.93755632259638e-14
0.475125,0.0599403337445479
0.47525,0.0847684329147417
0.475375,0.0599403337445838
0.4755,4.99264733551016e-14
0.475625,-0.0599403337445677
0.47575,-0.0847684329147417
0.475875,-0.0599403337445912
0.476,-2.19291631774636e-14
0.476125,0.0599403337445602
0.47625,0.0847684329147417
0.476375,0.0599403337445987
0.4765,3.24800733066014e-14
0.476625,-0.0599403337445528
0.47675,-0.0847684329147417
0.476875,-0.0599403337445789
0.477,-4.30309834357392e-14
0.477125,0.0599403337445726
0.47725,0.0847684329147417
0.477375,0.0599403337445864
0.4775,5.35818935648769e-14
0.477625,-0.0599403337445651
0.47775,-0.0847684329147417
0.477875,-0.0599403337445938
0.478,-2.5584583387239e-14
0.478125,0.0599403337445576
0.47825,0.0847684329147417
0.478375,0.0599403337446013
0.4785,3.61354935163768e-14
0.478625,-0.0599403337445502
0.47875,-0.0847684329147417
0.478875,-0.0599403337445815
0.479,-4.66864036455145e-14
0.479125,0.05994033374457
0.47925,0.0847684329147417
0.479375,0.059940333744589
0.4795,1.86890934678766e-14
0.479625,-0.0599403337445625
0.47975,-0.0847684329147417
0.479875,-0.0599403337445964
0.48,-2.92400035970143e-14
0.480125,0.0599403337445551
0.48025,0.0847684329147417
0.480375,0.0599403337446039
0.4805,3.97909137261521e-14
0.480625,-0.0599403337445749
0.48075,-0.0847684329147417
0.480875,-0.0599403337445841
0.481,-5.03418238552899e-14
0.481125,0.0599403337445674
0.48125,0.0847684329147417
0.481375,0.0599403337445915
0.4815,2.23445136776519e-14
0.481625,-0.0599403337445599
0.48175,-0.0847684329147417
0.481875,-0.059940333744599
0.482,-3.28954238067897e-14
0.482125,0.0599403337445525
0.48225,0.0847684329147417
0.482375,0.0599403337445792
0.4825,4.34463339359274e-14
0.482625,-0.0599403337445723
0.48275,-0.0847684329147417
0.482875,-0.0599403337445867
0.483,-1.54490237582895e-14
0.483125,0.0599403337445648
0.48325,0.0847684329147417
0.483375,0.0599403337445941
0.4835,2.59999338874272e-14
0.483625,-0.0599403337445574
0.48375,-0.0847684329147417
0.483875,-0.0599403337446016
0.484,-3.6550844016565e-14
0.484125,0.0599403337445499
0.48425,0.0847684329147417
0.484375,0.0599403337445818
0.4845,4.71017541457028e-14
0.484625,-0.0599403337445424
0.48475,-0.0847684329147417
0.484875,-0.0599403337445892
0.485,-1.91044439680648e-14
0.485125,0.059940333744535
0.48525,0.0847684329147417
0.485375,0.0599403337445967
0.4855,2.96553540972026e-14
0.485625,-0.0599403337445548
0.48575,-0.0847684329147417
0.485875,-0.0599403337445769
0.486,-4.02062642263403e-14
0.486125,0.0599403337445473
0.48625,0.0847684329147417
0.486375,0.0599403337445844
0.4865,5.07571743554781e-14
0.486625,-0.0599403337445398
0.48675,-0.0847684329147417
0.486875,-0.0599403337445918
0.487,-2.27598641778401e-14
0.487125,0.0599403337445324
0.48725,0.0847684329147417
0.487375,0.0599403337445993
0.4875,3.33107743069779e-14
0.487625,-0.0599403337445522
0.48775,-0.0847684329147417
0.487875,-0.0599403337445795
0.488,-4.38616844361157e-14
0.488125,0.0599403337445447
0.48825,0.0847684329147417
0.488375,0.0599403337445869
0.4885,1.58643742584777e-14
0.488625,-0.0599403337445373
0.48875,-0.0847684329147417
0.488875,-0.0599403337445944
0.489,-2.64152843876155e-14
0.489125,0.0599403337445298
0.48925,0.0847684329147417
0.489375,0.0599403337445746
0.4895,3.69661945167532e-14
0.489625,-0.0599403337445496
0.48975,-0.0847684329147417
0.489875,-0.0599403337445821
0.49,-4.7517104645891e-14
0.490125,0.0599403337445421
0.49025,0.0847684329147417
0.490375,0.0599403337445895
0.4905,1.9519794468253e-14
0.490625,-0.0599403337445347
0.49075,-0.0847684329147417
0.490875,-0.059940333744597
0.491,-3.00707045973908e-14
0.491125,0.0599403337445545
0.49125,0.0847684329147417
0.491375,0.0599403337445772
0.4915,4.06216147265286e-14
0.491625,-0.059940333744547
0.49175,-0.0847684329147417
0.491875,-0.0599403337445847
0.492,-1.26243045488906e-14
0.492125,0.0599403337445396
0.49225,0.0847684329147417
0.492375,0.0599403337445921
0.4925,2.31752146780284e-14
0.492625,-0.0599403337445321
0.49275,-0.0847684329147417
0.492875,-0.0599403337445996
0.493,-3.37261248071661e-14
0.493125,0.0599403337445519
0.49325,0.0847684329147417
0.493375,0.0599403337445798
0.4935,4.42770349363039e-14
0.493625,-0.0599403337445444
0.49375,-0.0847684329147417
0.493875,-0.0599403337445873
0.494,-1.62797247586659e-14
0.494125,0.059940333744537
0.49425,0.0847684329147417
0.494375,0.0599403337445947
0.4945,2.68306348878037e-14
0.494625,-0.0599403337445568
0.49475,-0.0847684329147417
0.494875,-0.0599403337445749
0.495,-3.73815450169415e-14
0.495125,0.0599403337445493
0.49525,0.0847684329147417
0.495375,0.0599403337445824
0.4955,4.79324551460792e-14
0.495625,-0.0599403337445418
0.49575,-0.0847684329147417
0.495875,-0.0599403337445898
0.496,-1.99351449684413e-14
0.496125,0.0599403337445344
0.49625,0.0847684329147417
0.496375,0.0599403337445973
0.4965,3.0486055097579e-14
0.496625,-0.0599403337445542
0.49675,-0.0847684329147417
0.496875,-0.0599403337445775
0.497,-4.10369652267168e-14
0.497125,0.0599403337445467
0.49725,0.0847684329147417
0.497375,0.059940333744585
0.4975,1.30396550490788e-14
0.497625,-0.0599403337445393
0.49775,-0.0847684329147417
0.497875,-0.0599403337445924
0.498,-2.35905651782166e-14
0.498125,0.0599403337445591
0.49825,0.0847684329147417
0.498375,0.0599403337445726
0.4985,3.41414753073544e-14
0.498625,-0.0599403337445516
0.49875,-0.0847684329147417
0.498875,-0.0599403337445801
0.499,-4.46923854364921e-14
0.499125,0.0599403337445441
0.49925,0.0847684329147417
0.499375,0.0599403337445875
0.4995,1.66950752588542e-14
0.499625,-0.0599403337445367
0.49975,-0.0847684329147417
0.499875,-0.059940333744595
0.5,-2.72459853879919e-14
0.500125,0.0599403337445565
0.50025,0.0847684329147417
0.500375,0.0599403337445752
0.5005,3.77968955171297e-14
0.500625,-0.059940333744549
0.50075,-0.0847684329147417
0.500875,-0.0599403337446099
0.501,-9.79958533949174e-15
0.501125,0.0599403337445688
0.50125,0.0847684329147417
0.501375,0.0599403337445901
0.5015,5.88987157754052e-14
0.501625,-0.0599403337445341
0.50175,-0.0847684329147417
0.501875,-0.0599403337445976
0.502,-3.09014055977673e-14
0.502125,0.0599403337445811
0.50225,0.0847684329147417
0.502375,0.0599403337445778
0.5025,4.1452315726905e-14
0.502625,-0.0599403337445464
0.50275,-0.0847684329147417
0.502875,-0.0599403337446125
0.503,-1.34550055492671e-14
0.503125,0.0599403337445662
0.50325,0.0847684329147417
0.503375,0.0599403337445927
0.5035,6.25541359851806e-14
0.503625,-0.0599403337445588
0.50375,-0.0847684329147417
0.503875,-0.0599403337446002
0.504,-3.45568258075426e-14
0.504125,0.0599403337445786
0.50425,0.0847684329147417
0.504375,0.0599403337445804
0.5045,4.51077359366804e-14
0.504625,-0.0599403337445438
0.50475,-0.0847684329147417
0.504875,-0.0599403337446151
0.505,-1.71104257590424e-14
0.505125,0.0599403337445636
0.50525,0.0847684329147417
0.505375,0.0599403337445953
0.5055,6.62095561949559e-14
0.505625,-0.0599403337445562
0.50575,-0.0847684329147417
0.505875,-0.0599403337446028
0.506,-3.82122460173179e-14
0.506125,0.059940333744576
0.50625,0.0847684329147417
0.506375,0.059940333744583
0.5065,4.87631561464557e-14
0.506625,-0.0599403337445413
0.50675,-0.0847684329147417
0.506875,-0.0599403337445904
0.507,-2.07658459688177e-14
0.507125,0.0599403337445611
0.50725,0.0847684329147417
0.507375,0.0599403337445706
0.5075,6.98649764047313e-14
0.507625,-0.0599403337445536
0.50775,-0.0847684329147417
0.507875,-0.0599403337446053
0.508,-4.18676662270933e-14
0.508125,0.0599403337445734
0.50825,0.0847684329147417
0.508375,0.0599403337445855
0.5085,5.2418576356231e-14
0.508625,-0.0599403337445387
0.50875,-0.0847684329147417
0.508875,-0.059940333744593
0.509,-2.44212661785931e-14
0.509125,0.0599403337445585
0.50925,0.0847684329147417
0.509375,0.0599403337445732
0.5095,3.49721763077308e-14
0.509625,-0.059940333744551
0.50975,-0.0847684329147417
0.509875,-0.0599403337446079
0.51,-6.97486613009288e-15
0.510125,0.0599403337445708
0.51025,0.0847684329147417
0.510375,0.0599403337445881
0.5105,5.60739965660064e-14
0.510625,-0.0599403337445361
0.51075,-0.0847684329147417
0.510875,-0.0599403337445956
0.511,-2.80766863883684e-14
0.511125,0.0599403337445831
0.51125,0.0847684329147417
0.511375,0.0599403337445758
0.5115,3.86275965175062e-14
0.511625,-0.0599403337445484
0.51175,-0.0847684329147417
0.511875,-0.0599403337446105
0.512,-1.06302863398682e-14
0.512125,0.0599403337445682
0.51225,0.0847684329147417
0.512375,0.0599403337445907
0.5125,5.97294167757817e-14
0.512625,-0.0599403337445608
0.51275,-0.0847684329147417
0.512875,-0.0599403337445982
0.513,-3.17321065981437e-14
0.513125,0.0599403337445806
0.51325,0.0847684329147417
0.513375,0.0599403337445784
0.5135,4.22830167272815e-14
0.513625,-0.0599403337445458
0.51375,-0.0847684329147417
0.513875,-0.0599403337446131
0.514,-1.42857065496436e-14
0.514125,0.0599403337445656
0.51425,0.0847684329147417
0.514375,0.0599403337445933
0.5145,6.33848369855571e-14
0.514625,-0.0599403337445582
0.51475,-0.0847684329147417
0.514875,-0.0599403337446008
0.515,-3.53875268079191e-14
0.515125,0.059940333744578
0.51525,0.0847684329147417
0.515375,0.059940333744581
0.5155,4.59384369370569e-14
0.515625,-0.0599403337445433
0.51575,-0.0847684329147417
0.515875,-0.0599403337445884
0.516,-1.79411267594189e-14
0.516125,0.0599403337445358
0.51625,0.0847684329147417
0.516375,0.0599403337445686
0.5165,6.70402571953324e-14
0.516625,-0.0599403337445556
0.51675,-0.0847684329147417
0.516875,-0.0599403337446033
0.517,-3.90429470176944e-14
0.517125,0.0599403337445209
0.51725,0.0847684329147417
0.517375,0.0599403337445835
0.5175,4.95938571468322e-14
0.517625,-0.0599403337445407
0.51775,-0.0847684329147417
0.517875,-0.059940333744591
0.518,-2.15965469691942e-14
0.518125,0.0599403337445332
0.51825,0.0847684329147417
0.518375,0.0599403337445712
0.5185,3.2147457098332e-14
0.518625,-0.059940333744553
0.51875,-0.0847684329147417
0.518875,-0.0599403337446059
0.519,-4.15014692069402e-15
0.519125,0.0599403337445183
0.51925,0.0847684329147417
0.519375,0.0599403337445861
0.5195,5.32492773566075e-14
0.519625,-0.0599403337445653
0.51975,-0.0847684329147417
0.519875,-0.0599403337445936
0.52,-2.52519671789696e-14
0.520125,0.0599403337445306
0.52025,0.0847684329147417
0.520375,0.0599403337445738
0.5205,3.58028773081073e-14
0.520625,-0.0599403337445504
0.52075,-0.0847684329147417
0.520875,-0.0599403337446085
0.521,-7.80556713046936e-15
0.521125,0.059940333744543
0.52125,0.0847684329147417
0.521375,0.0599403337445887
0.5215,5.69046975663829e-14
0.521625,-0.0599403337445628
0.52175,-0.0847684329147417
0.521875,-0.0599403337445962
0.522,-2.89073873887449e-14
0.522125,0.059940333744528
0.52225,0.0847684329147417
0.522375,0.0599403337445764
0.5225,3.94582975178827e-14
0.522625,-0.0599403337445478
0.52275,-0.0847684329147417
0.522875,-0.0599403337446111
0.523,-1.14609873402447e-14
0.523125,0.0599403337445404
0.52325,0.0847684329147417
0.523375,0.0599403337445913
0.5235,6.05601177761582e-14
0.523625,-0.0599403337445602
0.52375,-0.0847684329147417
0.523875,-0.0599403337445988
0.524,-3.25628075985202e-14
0.524125,0.0599403337445255
0.52425,0.0847684329147417
0.524375,0.059940333744579
0.5245,4.3113717727658e-14
0.524625,-0.0599403337445453
0.52475,-0.0847684329147417
0.524875,-0.0599403337445864
0.525,-1.511640755002e-14
0.525125,0.0599403337445378
0.52525,0.0847684329147417
0.525375,0.0599403337445666
0.5255,6.42155379859335e-14
0.525625,-0.0599403337445576
0.52575,-0.0847684329147417
0.525875,-0.0599403337446013
0.526,2.32999249848017e-15
0.526125,0.0599403337445229
0.52625,0.0847684329147417
0.526375,0.0599403337445815
0.5265,4.67691379374333e-14
0.526625,-0.0599403337445427
0.52675,-0.0847684329147417
0.526875,-0.059940333744589
0.527,-1.87718277597954e-14
0.527125,0.0599403337445352
0.52725,0.0847684329147417
0.527375,0.0599403337445692
0.5275,2.93227378889331e-14
0.527625,-0.059940333744555
0.52775,-0.0847684329147417
0.527875,-0.0599403337446039
0.528,-1.32542771129516e-15
0.528125,0.0599403337445203
0.52825,0.0847684329147417
0.528375,0.0599403337445841
0.5285,5.04245581472087e-14
0.528625,-0.0599403337445673
0.52875,-0.0847684329147417
0.528875,-0.0599403337445916
0.529,-2.24272479695707e-14
0.529125,0.0599403337445326
0.52925,0.0847684329147417
0.529375,0.0599403337445718
0.5295,3.29781580987085e-14
0.529625,-0.0599403337445524
0.52975,-0.0847684329147417
0.529875,-0.0599403337446065
0.53,-4.9808479210705e-15
0.530125,0.059940333744545
0.53025,0.0847684329147417
0.530375,0.0599403337445867
0.5305,5.4079978356984e-14
0.530625,-0.0599403337445647
0.53075,-0.0847684329147417
0.530875,-0.0599403337445942
0.531,-2.6082668179346e-14
0.531125,0.05994033374453
0.53125,0.0847684329147417
0.531375,0.0599403337445744
0.5315,3.66335783084838e-14
0.531625,-0.0599403337445498
0.53175,-0.0847684329147417
0.531875,-0.0599403337446091
0.532,-8.63626813084584e-15
0.532125,0.0599403337445424
0.53225,0.0847684329147417
0.532375,0.059940333744562
0.5325,5.77353985667593e-14
0.532625,-0.0599403337445622
0.53275,-0.0847684329147417
0.532875,-0.0599403337445968
0.533,-2.97380883891214e-14
0.533125,0.0599403337445275
0.53325,0.0847684329147417
0.533375,0.059940333744577
0.5335,4.02889985182591e-14
0.533625,-0.0599403337445472
0.53375,-0.0847684329147417
0.533875,-0.0599403337445844
0.534,-1.22916883406212e-14
0.534125,0.0599403337445398
0.53425,0.0847684329147417
0.534375,0.0599403337445646
0.5345,6.13908187765347e-14
0.534625,-0.0599403337445596
0.53475,-0.0847684329147417
0.534875,-0.0599403337445993
0.535,5.15471170787903e-15
0.535125,0.0599403337445249
0.53525,0.0847684329147417
0.535375,0.0599403337445795
0.5355,4.39444187280345e-14
0.535625,-0.0599403337445447
0.53575,-0.0847684329147417
0.535875,-0.059940333744587
0.536,-1.59471085503965e-14
0.536125,0.0599403337445372
0.53625,0.0847684329147417
0.536375,0.0599403337445672
0.5365,2.64980186795343e-14
0.536625,-0.059940333744557
0.53675,-0.0847684329147417
0.536875,-0.0599403337446019
0.537,1.49929149810369e-15
0.537125,0.0599403337445495
0.53725,0.0847684329147417
0.537375,0.0599403337445821
0.5375,4.75998389378098e-14
0.537625,-0.0599403337445693
0.53775,-0.0847684329147417
0.537875,-0.0599403337445896
0.538,-1.96025287601718e-14
0.538125,0.0599403337445346
0.53825,0.0847684329147417
0.538375,0.0599403337445698
0.5385,3.01534388893096e-14
0.538625,-0.0599403337445544
0.53875,-0.0847684329147417
0.538875,-0.0599403337446045
0.539,-2.15612871167164e-15
0.539125,0.059940333744547
0.53925,0.0847684329147417
0.539375,0.0599403337445847
0.5395,5.12552591475851e-14
0.539625,-0.0599403337445668
0.53975,-0.0847684329147417
0.539875,-0.0599403337445922
0.54,-2.32579489699472e-14
0.540125,0.059940333744532
0.54025,0.0847684329147417
0.540375,0.0599403337445724
0.5405,3.38088590990849e-14
0.540625,-0.0599403337445518
0.54075,-0.0847684329147417
0.540875,-0.0599403337446071
0.541,-5.81154892144698e-15
0.541125,0.0599403337445444
0.54125,0.0847684329147417
0.541375,0.0599403337445601
0.5415,5.49106793573605e-14
0.541625,-0.0599403337445642
0.54175,-0.0847684329147417
0.541875,-0.0599403337445948
0.542,-2.69133691797225e-14
0.542125,0.0599403337445294
0.54225,0.0847684329147417
0.542375,0.059940333744575
0.5425,3.74642793088603e-14
0.542625,-0.0599403337445492
0.54275,-0.0847684329147417
0.542875,-0.0599403337445824
0.543,-9.46696913122231e-15
0.543125,0.0599403337445418
0.54325,0.0847684329147417
0.543375,0.0599403337445626
0.5435,2.00178792603601e-14
0.543625,-0.0599403337445616
0.54375,-0.0847684329147417
0.543875,-0.0599403337445973
0.544,7.97943091727789e-15
0.544125,0.0599403337445269
0.54425,0.0847684329147417
0.544375,0.0599403337445776
0.5445,4.11196995186356e-14
0.544625,-0.0599403337445467
0.54475,-0.0847684329147417
0.544875,-0.059940333744585
0.545,-1.31223893409976e-14
0.545125,0.0599403337445392
0.54525,0.0847684329147417
0.545375,0.0599403337445652
0.5455,2.36732994701354e-14
0.545625,-0.059940333744559
0.54575,-0.0847684329147417
0.545875,-0.0599403337445999
0.546,4.32401070750255e-15
0.546125,0.0599403337445515
0.54625,0.0847684329147417
0.546375,0.0599403337445801
0.5465,4.47751197284109e-14
0.546625,-0.0599403337445713
0.54675,-0.0847684329147417
0.546875,-0.0599403337445876
0.547,-1.6777809550773e-14
0.547125,0.0599403337445366
0.54725,0.0847684329147417
0.547375,0.0599403337446223
0.5475,2.73287196799108e-14
0.547625,-0.0599403337445564
0.54775,-0.0847684329147417
0.547875,-0.0599403337446025
0.548,6.68590497727217e-16
0.548125,0.059940333744549
0.54825,0.0847684329147417
0.548375,0.05994033374461
0.5485,4.84305399381863e-14
0.548625,-0.0599403337445687
0.54875,-0.0847684329147417
0.548875,-0.0599403337445902
0.549,-2.04332297605483e-14
0.549125,0.059940333744534
0.54925,0.0847684329147417
0.549375,0.0599403337446249
0.5495,3.09841398896861e-14
0.549625,-0.0599403337445538
0.54975,-0.0847684329147417
0.549875,-0.0599403337445778
0.55,-2.98682971204812e-15
0.550125,0.0599403337445464
0.55025,0.0847684329147417
0.550375,0.0599403337446126
0.5505,5.20859601479616e-14
0.550625,-0.0599403337445662
0.55075,-0.0847684329147417
0.550875,-0.0599403337445928
0.551,-2.40886499703237e-14
0.551125,0.0599403337445314
0.55125,0.0847684329147417
0.551375,0.0599403337446002
0.5515,3.46395600994614e-14
0.551625,-0.0599403337445512
0.55175,-0.0847684329147417
0.551875,-0.0599403337445804
0.552,-6.64224992182345e-15
0.552125,0.0599403337445438
0.55225,0.0847684329147417
0.552375,0.0599403337446152
0.5525,1.71931600509612e-14
0.552625,-0.0599403337445636
0.55275,-0.0847684329147417
0.552875,-0.0599403337445953
0.553,1.08041501266767e-14
0.553125,0.0599403337445289
0.55325,0.0847684329147417
0.553375,0.0599403337446028
0.5535,3.82949803092368e-14
0.553625,-0.0599403337445487
0.55375,-0.0847684329147417
0.553875,-0.059940333744583
0.554,-1.02976701315988e-14
0.554125,0.0599403337445412
0.55425,0.0847684329147417
0.554375,0.0599403337446177
0.5545,2.08485802607366e-14
0.554625,-0.059940333744561
0.55475,-0.0847684329147417
0.554875,-0.0599403337445979
0.555,7.14872991690141e-15
0.555125,0.0599403337445535
0.55525,0.0847684329147417
0.555375,0.0599403337446054
0.5555,4.19504005190121e-14
0.555625,-0.0599403337445733
0.55575,-0.0847684329147417
0.555875,-0.0599403337445856
0.556,-1.39530903413741e-14
0.556125,0.0599403337445386
0.55625,0.0847684329147417
0.556375,0.0599403337446203
0.5565,2.45040004705119e-14
0.556625,-0.0599403337445584
0.55675,-0.0847684329147417
0.556875,-0.0599403337446005
0.557,3.49330970712607e-15
0.557125,0.0599403337445509
0.55725,0.0847684329147417
0.557375,0.059940333744608
0.5575,4.56058207287874e-14
0.557625,-0.0599403337445707
0.55775,-0.0847684329147417
0.557875,-0.0599403337445882
0.558,-1.76085105511495e-14
0.558125,0.059940333744536
0.55825,0.0847684329147417
0.558375,0.0599403337446229
0.5585,2.81594206802872e-14
0.558625,-0.0599403337445558
0.55875,-0.0847684329147417
0.558875,-0.0599403337445759
0.559,-1.6211050264926e-16
0.559125,0.0599403337445484
0.55925,0.0847684329147417
0.559375,0.0599403337446106
0.5595,4.92612409385628e-14
0.559625,-0.0599403337445682
0.55975,-0.0847684329147417
0.559875,-0.0599403337445908
0.56,-2.12639307609248e-14
0.560125,0.0599403337445334
0.56025,0.0847684329147417
0.560375,0.0599403337445982
0.5605,3.18148408900626e-14
0.560625,-0.0599403337445532
0.56075,-0.0847684329147417
0.560875,-0.0599403337445784
0.561,-3.8175307124246e-15
0.561125,0.0599403337445458
0.56125,0.0847684329147417
0.561375,0.0599403337446131
0.5615,1.43684408415624e-14
0.561625,-0.0599403337445656
0.56175,-0.0847684329147417
0.561875,-0.0599403337445934
0.562,1.36288693360756e-14
0.562125,0.0599403337445309
0.56225,0.0847684329147417
0.562375,0.0599403337446008
0.5625,3.54702610998379e-14
0.562625,-0.0599403337445779
0.56275,-0.0847684329147417
0.562875,-0.059940333744581
0.563,-4.60211712289757e-14
0.563125,0.0599403337445432
0.56325,0.0847684329147417
0.563375,0.0599403337446157
0.5635,1.80238610513377e-14
0.563625,-0.059940333744563
0.56375,-0.0847684329147417
0.563875,-0.0599403337445959
0.564,-6.71229914872512e-14
0.564125,0.0599403337445555
0.56425,0.0847684329147417
0.564375,0.0599403337446034
0.5645,3.91256813096132e-14
0.564625,-0.0599403337445753
0.56475,-0.0847684329147417
0.564875,-0.0599403337445836
0.565,-4.9676591438751e-14
0.565125,0.0599403337445406
0.56525,0.0847684329147417
0.565375,0.0599403337446183
0.5655,2.1679281261113e-14
0.565625,-0.0599403337445604
0.56575,-0.0847684329147417
0.565875,-0.0599403337445985
0.566,-7.07784116970265e-14
0.566125,0.0599403337445529
0.56625,0.0847684329147417
0.566375,0.059940333744606
0.5665,4.27811015193886e-14
0.566625,-0.0599403337445727
0.56675,-0.0847684329147417
0.566875,-0.0599403337445862
0.567,-5.33320116485263e-14
0.567125,0.059940333744538
0.56725,0.0847684329147417
0.567375,0.0599403337445936
0.5675,2.53347014708884e-14
0.567625,-0.0599403337445578
0.56775,-0.0847684329147417
0.567875,-0.0599403337445738
0.568,-7.44338319068019e-14
0.568125,0.0599403337445504
0.56825,0.0847684329147417
0.568375,0.0599403337446086
0.5685,4.64365217291639e-14
0.568625,-0.0599403337445702
0.56875,-0.0847684329147417
0.568875,-0.0599403337445888
0.569,-5.69874318583017e-14
0.569125,0.0599403337445354
0.56925,0.0847684329147417
0.569375,0.0599403337445962
0.5695,2.89901216806637e-14
0.569625,-0.0599403337445552
0.56975,-0.0847684329147417
0.569875,-0.0599403337445764
0.57,-3.95410318098015e-14
0.570125,0.0599403337445478
0.57025,0.0847684329147417
0.570375,0.0599403337446112
0.5705,1.15437216321635e-14
0.570625,-0.0599403337445676
0.57075,-0.0847684329147417
0.570875,-0.0599403337445914
0.571,-6.0642852068077e-14
0.571125,0.0599403337445329
0.57125,0.0847684329147417
0.571375,0.0599403337445988
0.5715,3.2645541890439e-14
0.571625,-0.0599403337445799
0.57175,-0.0847684329147417
0.571875,-0.059940333744579
0.572,-4.31964520195768e-14
0.572125,0.0599403337445452
0.57225,0.0847684329147417
0.572375,0.0599403337446137
0.5725,1.51991418419388e-14
0.572625,-0.059940333744565
0.57275,-0.0847684329147417
0.572875,-0.0599403337445939
0.573,-6.42982722778523e-14
0.573125,0.0599403337445575
0.57325,0.0847684329147417
0.573375,0.0599403337446014
0.5735,3.63009621002144e-14
0.573625,-0.0599403337445773
0.57375,-0.0847684329147417
0.573875,-0.0599403337445816
0.574,-4.68518722293521e-14
0.574125,0.0599403337445426
0.57425,0.0847684329147417
0.574375,0.0599403337446163
0.5745,1.88545620517142e-14
0.574625,-0.0599403337445624
0.57475,-0.0847684329147417
0.574875,-0.0599403337445965
0.575,-6.79536924876277e-14
0.575125,0.0599403337445549
0.57525,0.0847684329147417
0.575375,0.059940333744604
0.5755,3.99563823099897e-14
0.575625,-0.0599403337445747
0.57575,-0.0847684329147417
0.575875,-0.0599403337445842
0.576,-5.05072924391275e-14
0.576125,0.05994033374454
0.57625,0.0847684329147417
0.576375,0.0599403337445917
0.5765,2.25099822614895e-14
0.576625,-0.0599403337445598
0.57675,-0.0847684329147417
0.576875,-0.0599403337445719
0.577,-7.1609112697403e-14
0.577125,0.0599403337445524
0.57725,0.0847684329147417
0.577375,0.0599403337446066
0.5775,4.3611802519765e-14
0.577625,-0.0599403337445722
0.57775,-0.0847684329147417
0.577875,-0.0599403337445868
0.578,-5.41627126489028e-14
0.578125,0.0599403337445374
0.57825,0.0847684329147417
0.578375,0.0599403337445942
0.5785,2.61654024712648e-14
0.578625,-0.05994033374453
0.57875,-0.0847684329147417
0.578875,-0.0599403337445744
0.579,-3.67163126004026e-14
0.579125,0.0599403337445498
0.57925,0.0847684329147417
0.579375,0.0599403337446092
0.5795,8.71900242276465e-15
0.579625,-0.0599403337445151
0.57975,-0.0847684329147417
0.579875,-0.0599403337445894
0.58,-5.78181328586781e-14
0.580125,0.0599403337445621
0.58025,0.0847684329147417
0.580375,0.0599403337445968
0.5805,2.98208226810402e-14
0.580625,-0.0599403337445274
0.58075,-0.0847684329147417
0.580875,-0.059940333744577
0.581,-4.03717328101779e-14
0.581125,0.0599403337445472
0.58125,0.0847684329147417
0.581375,0.0599403337446117
0.5815,1.237442263254e-14
0.581625,-0.0599403337445397
0.58175,-0.0847684329147417
0.581875,-0.0599403337445919
0.582,-6.14735530684535e-14
0.582125,0.0599403337445595
0.58225,0.0847684329147417
0.582375,0.0599403337445994
0.5825,3.34762428908155e-14
0.582625,-0.0599403337445248
0.58275,-0.0847684329147417
0.582875,-0.0599403337445796
0.583,-4.40271530199533e-14
0.583125,0.0599403337445446
0.58325,0.0847684329147417
0.583375,0.0599403337446143
0.5835,1.60298428423153e-14
0.583625,-0.0599403337445371
0.58375,-0.0847684329147417
0.583875,-0.0599403337445945
0.584,-6.51289732782288e-14
0.584125,0.0599403337445569
0.58425,0.0847684329147417
0.584375,0.059940333744602
0.5845,3.71316631005908e-14
0.584625,-0.0599403337445222
0.58475,-0.0847684329147417
0.584875,-0.0599403337445822
0.585,-4.76825732297286e-14
0.585125,0.059940333744542
0.58525,0.0847684329147417
0.585375,0.0599403337445897
0.5855,1.96852630520907e-14
0.585625,-0.0599403337445346
0.58575,-0.0847684329147417
0.585875,-0.0599403337445699
0.586,-6.87843934880042e-14
0.586125,0.0599403337445544
0.58625,0.0847684329147417
0.586375,0.0599403337446046
0.5865,2.23886300359045e-15
0.586625,-0.0599403337445196
0.58675,-0.0847684329147417
0.586875,-0.0599403337445848
0.587,-5.1337993439504e-14
0.587125,0.0599403337445394
0.58725,0.0847684329147417
0.587375,0.0599403337445922
0.5875,2.3340683261866e-14
0.587625,-0.059940333744532
0.58775,-0.0847684329147417
0.587875,-0.0599403337445724
0.588,-3.38915933910038e-14
0.588125,0.0599403337445518
0.58825,0.0847684329147417
0.588375,0.0599403337446072
0.5885,5.89428321336579e-15
0.588625,-0.0599403337445443
0.58875,-0.0847684329147417
0.588875,-0.0599403337445874
0.589,-5.49934136492793e-14
0.589125,0.0599403337445641
0.58925,0.0847684329147417
0.589375,0.0599403337445948
0.5895,2.69961034716413e-14
0.589625,-0.0599403337445294
0.58975,-0.0847684329147417
0.589875,-0.059940333744575
0.59,-3.75470136007791e-14
0.590125,0.0599403337445492
0.59025,0.0847684329147417
0.590375,0.0599403337446098
0.5905,9.54970342314112e-15
0.590625,-0.0599403337445417
0.59075,-0.0847684329147417
0.590875,-0.05994033374459
0.591,-5.86488338590546e-14
0.591125,0.0599403337445615
0.59125,0.0847684329147417
0.591375,0.0599403337445974
0.5915,3.06515236814167e-14
0.591625,-0.0599403337445268
0.59175,-0.0847684329147417
0.591875,-0.0599403337445776
0.592,-4.12024338105544e-14
0.592125,0.0599403337445466
0.59225,0.0847684329147417
0.592375,0.0599403337446123
0.5925,1.32051236329165e-14
0.592625,-0.0599403337445391
0.59275,-0.0847684329147417
0.592875,-0.0599403337445653
0.593,-6.230425406883e-14
0.593125,0.0599403337445589
0.59325,0.0847684329147417
0.593375,0.0599403337446
0.5935,3.4306943891192e-14
0.593625,-0.0599403337445242
0.59375,-0.0847684329147417
0.593875,-0.0599403337445802
0.594,-4.48578540203298e-14
0.594125,0.059940333744544
0.59425,0.0847684329147417
0.594375,0.0599403337445877
0.5945,1.68605438426918e-14
0.594625,-0.0599403337445365
0.59475,-0.0847684329147417
0.594875,-0.0599403337445679
0.595,-2.74114539718296e-14
0.595125,0.0599403337445564
0.59525,0.0847684329147417
0.595375,0.0599403337446026
0.5955,-5.85856205808405e-16
0.595625,-0.0599403337445216
0.59575,-0.0847684329147417
0.595875,-0.0599403337445828
0.596,-4.85132742301051e-14
0.596125,0.0599403337445414
0.59625,0.0847684329147417
0.596375,0.0599403337445902
0.5965,2.05159640524671e-14
0.596625,-0.059940333744534
0.59675,-0.0847684329147417
0.596875,-0.0599403337445704
0.597,-3.10668741816049e-14
0.597125,0.0599403337445538
0.59725,0.0847684329147417
0.597375,0.0599403337446052
0.5975,3.06956400396693e-15
0.597625,-0.0599403337445463
0.59775,-0.0847684329147417
0.597875,-0.0599403337445854
0.598,-5.21686944398804e-14
0.598125,0.0599403337445661
0.59825,0.0847684329147417
0.598375,0.0599403337445928
0.5985,2.41713842622425e-14
0.598625,-0.0599403337445314
0.59875,-0.0847684329147417
0.598875,-0.059940333744573
0.599,-3.47222943913802e-14
0.599125,0.0599403337445512
0.59925,0.0847684329147417
0.599375,0.0599403337446077
0.5995,6.72498421374227e-15
0.599625,-0.0599403337445437
0.59975,-0.0847684329147417
0.599875,-0.0599403337445879
0.6,-5.58241146496558e-14
0.600125,0.0599403337445635
0.60025,0.0847684329147417
0.600375,0.0599403337445954
0.6005,2.78268044720178e-14
0.600625,-0.0599403337445288
0.60075,-0.0847684329147417
0.600875,-0.0599403337445756
0.601,-3.83777146011556e-14
0.601125,0.0599403337445486
0.60125,0.0847684329147417
0.601375,0.0599403337445831
0.6015,1.03804044235176e-14
0.601625,-0.0599403337445411
0.60175,-0.0847684329147417
0.601875,-0.0599403337445633
0.602,-5.94795348594311e-14
0.602125,0.0599403337445609
0.60225,0.0847684329147417
0.602375,0.059940333744598
0.6025,3.14822246817931e-14
0.602625,-0.0599403337445262
0.60275,-0.0847684329147417
0.602875,-0.0599403337445782
0.603,-4.20331348109309e-14
0.603125,0.059940333744546
0.60325,0.0847684329147417
0.603375,0.0599403337445857
0.6035,1.40358246332929e-14
0.603625,-0.0599403337445386
0.60375,-0.0847684329147417
0.603875,-0.0599403337445659
0.604,-2.45867347624307e-14
0.604125,0.0599403337445584
0.60425,0.0847684329147417
0.604375,0.0599403337446006
0.6045,-3.41057541520726e-15
0.604625,-0.0599403337445236
0.60475,-0.0847684329147417
0.604875,-0.0599403337445808
0.605,-4.56885550207062e-14
0.605125,0.0599403337445434
0.60525,0.0847684329147417
0.605375,0.0599403337445882
0.6055,1.76912448430683e-14
0.605625,-0.059940333744536
0.60575,-0.0847684329147417
0.605875,-0.0599403337445684
0.606,-2.8242154972206e-14
0.606125,0.0599403337445558
0.60625,0.0847684329147417
0.606375,0.0599403337446032
0.6065,2.44844794568072e-16
0.606625,-0.0599403337445483
0.60675,-0.0847684329147417
0.606875,-0.0599403337445834
0.607,-4.93439752304816e-14
0.607125,0.0599403337445681
0.60725,0.0847684329147417
0.607375,0.0599403337445908
0.6075,2.13466650528436e-14
0.607625,-0.0599403337445334
0.60775,-0.0847684329147417
0.607875,-0.059940333744571
0.608,-3.18975751819814e-14
0.608125,0.0599403337445532
0.60825,0.0847684329147417
0.608375,0.0599403337446058
0.6085,3.90026500434341e-15
0.608625,-0.0599403337445457
0.60875,-0.0847684329147417
0.608875,-0.059940333744586
0.609,-5.29993954402569e-14
0.609125,0.0599403337445655
0.60925,0.0847684329147417
0.609375,0.0599403337445934
0.6095,2.50020852626189e-14
0.609625,-0.0599403337445308
0.60975,-0.0847684329147417
0.609875,-0.0599403337446281
0.61,-3.55529953917567e-14
0.610125,0.0599403337445506
0.61025,0.0847684329147417
0.610375,0.0599403337445811
0.6105,7.55568521411874e-15
0.610625,-0.0599403337445431
0.61075,-0.0847684329147417
0.610875,-0.0599403337446158
0.611,-5.66548156500322e-14
0.611125,0.0599403337445629
0.61125,0.0847684329147417
0.611375,0.059940333744596
0.6115,2.86575054723943e-14
0.611625,-0.0599403337445282
0.61175,-0.0847684329147417
0.611875,-0.0599403337446035
0.612,-3.9208415601532e-14
0.612125,0.059940333744548
0.61225,0.0847684329147417
0.612375,0.0599403337445837
0.6125,1.12111054238941e-14
0.612625,-0.0599403337445406
0.61275,-0.0847684329147417
0.612875,-0.0599403337446184
0.613,-2.17620155530318e-14
0.613125,0.0599403337445603
0.61325,0.0847684329147417
0.613375,0.0599403337445986
0.6135,-6.23529462460612e-15
0.613625,-0.0599403337445256
0.61375,-0.0847684329147417
0.613875,-0.059940333744606
0.614,-4.28638358113074e-14
0.614125,0.0599403337445727
0.61425,0.0847684329147417
0.614375,0.0599403337445863
0.6145,1.48665256336694e-14
0.614625,-0.059940333744538
0.61475,-0.0847684329147417
0.614875,-0.059940333744621
0.615,-2.54174357628072e-14
0.615125,0.0599403337445578
0.61525,0.0847684329147417
0.615375,0.0599403337446012
0.6155,-2.57987441483079e-15
0.615625,-0.0599403337445503
0.61575,-0.0847684329147417
0.615875,-0.0599403337446086
0.616,-4.65192560210827e-14
0.616125,0.0599403337445701
0.61625,0.0847684329147417
0.616375,0.0599403337445888
0.6165,1.85219458434447e-14
0.616625,-0.0599403337445354
0.61675,-0.0847684329147417
0.616875,-0.0599403337446235
0.617,-2.90728559725825e-14
0.617125,0.0599403337445552
0.61725,0.0847684329147417
0.617375,0.0599403337446038
0.6175,1.07554579494455e-15
0.617625,-0.0599403337445477
0.61775,-0.0847684329147417
0.617875,-0.0599403337446112
0.618,-5.0174676230858e-14
0.618125,0.0599403337445675
0.61825,0.0847684329147417
0.618375,0.0599403337445914
0.6185,2.21773660532201e-14
0.618625,-0.0599403337445328
0.61875,-0.0847684329147417
0.618875,-0.0599403337445989
0.619,-3.27282761823578e-14
0.619125,0.0599403337445526
0.61925,0.0847684329147417
0.619375,0.0599403337445791
0.6195,4.73096600471988e-15
0.619625,-0.0599403337445451
0.61975,-0.0847684329147417
0.619875,-0.0599403337446138
0.62,-5.38300964406334e-14
0.620125,0.0599403337445649
0.62025,0.0847684329147417
0.620375,0.059940333744594
0.6205,-1.27154340437803e-14
0.620625,-0.0599403337445302
0.62075,-0.0847684329147417
0.620875,-0.0599403337446015
0.621,-3.63836963921332e-14
0.621125,0.05994033374455
0.62125,0.0847684329147417
0.621375,0.0599403337445817
0.6215,8.38638621449522e-15
0.621625,-0.0599403337445425
0.62175,-0.0847684329147417
0.621875,-0.0599403337446164
0.622,-1.8937296343633e-14
0.622125,0.0599403337445623
0.62225,0.0847684329147417
0.622375,0.0599403337445966
0.6225,-9.06001383400498e-15
0.622625,-0.0599403337445276
0.62275,-0.0847684329147417
0.622875,-0.0599403337446041
0.623,-4.00391166019085e-14
0.623125,0.0599403337445747
0.62325,0.0847684329147417
0.623375,0.0599403337445842
0.6235,1.20418064242706e-14
0.623625,-0.05994033374454
0.62375,-0.0847684329147417
0.623875,-0.059940333744619
0.624,-2.25927165534083e-14
0.624125,0.0599403337445598
0.62425,0.0847684329147417
0.624375,0.0599403337445992
0.6245,-5.40459362422964e-15
0.624625,-0.0599403337445523
0.62475,-0.0847684329147417
0.624875,-0.0599403337446066
0.625,-4.36945368116839e-14
0.625125,0.0599403337445721
0.62525,0.0847684329147417
0.625375,0.0599403337445868
0.6255,5.42454469408216e-14
0.625625,-0.0599403337445374
0.62575,-0.0847684329147417
0.625875,-0.0599403337446216
0.626,-2.62481367631837e-14
0.626125,0.0599403337445572
0.62625,0.0847684329147417
0.626375,0.0599403337446018
0.6265,7.53472671990972e-14
0.626625,-0.0599403337445497
0.62675,-0.0847684329147417
0.626875,-0.0599403337446092
0.627,-4.73499570214592e-14
0.627125,0.0599403337445695
0.62725,0.0847684329147417
0.627375,0.0599403337445894
0.6275,5.7900867150597e-14
0.627625,-0.0599403337445348
0.62775,-0.0847684329147417
0.627875,-0.0599403337445969
0.628,-2.9903556972959e-14
0.628125,0.0599403337445546
0.62825,0.0847684329147417
0.628375,0.0599403337445771
0.6285,7.90026874088725e-14
0.628625,-0.0599403337445471
0.62875,-0.0847684329147417
0.628875,-0.0599403337446118
0.629,-5.10053772312345e-14
0.629125,0.0599403337445669
0.62925,0.0847684329147417
0.629375,0.059940333744592
0.6295,6.15562873603723e-14
0.629625,-0.0599403337445322
0.62975,-0.0847684329147417
0.629875,-0.0599403337445995
0.63,-3.35589771827343e-14
0.630125,0.059940333744552
0.63025,0.0847684329147417
0.630375,0.0599403337445797
0.6305,4.41098873118721e-14
0.630625,-0.0599403337445445
0.63075,-0.0847684329147417
0.630875,-0.0599403337446144
0.631,-1.61125771342341e-14
0.631125,0.0599403337445643
0.63125,0.0847684329147417
0.631375,0.0599403337445946
0.6315,6.52117075701476e-14
0.631625,-0.0599403337445569
0.63175,-0.0847684329147417
0.631875,-0.059940333744602
0.632,-3.72143973925097e-14
0.632125,0.0599403337445767
0.63225,0.0847684329147417
0.632375,0.0599403337445823
0.6325,4.77653075216474e-14
0.632625,-0.059940333744542
0.63275,-0.0847684329147417
0.632875,-0.059940333744617
0.633,-1.97679973440095e-14
0.633125,0.0599403337445618
0.63325,0.0847684329147417
0.633375,0.0599403337445972
0.6335,6.8867127779923e-14
0.633625,-0.0599403337445543
0.63375,-0.0847684329147417
0.633875,-0.0599403337446046
0.634,-4.0869817602285e-14
0.634125,0.0599403337445741
0.63425,0.0847684329147417
0.634375,0.0599403337445848
0.6345,5.14207277314228e-14
0.634625,-0.0599403337445394
0.63475,-0.0847684329147417
0.634875,-0.0599403337446196
0.635,-2.34234175537848e-14
0.635125,0.0599403337445592
0.63525,0.0847684329147417
0.635375,0.0599403337445998
0.6355,7.25225479896983e-14
0.635625,-0.0599403337445517
0.63575,-0.0847684329147417
0.635875,-0.0599403337446072
0.636,-4.45252378120603e-14
0.636125,0.0599403337445715
0.63625,0.0847684329147417
0.636375,0.0599403337445874
0.6365,5.50761479411981e-14
0.636625,-0.0599403337445368
0.63675,-0.0847684329147417
0.636875,-0.0599403337445949
0.637,-2.70788377635601e-14
0.637125,0.0599403337445566
0.63725,0.0847684329147417
0.637375,0.0599403337445751
0.6375,7.61779681994736e-14
0.637625,-0.0599403337445491
0.63775,-0.0847684329147417
0.637875,-0.0599403337446098
0.638,-9.63243771505993e-15
0.638125,0.0599403337445689
0.63825,0.0847684329147417
0.638375,0.05994033374459
0.6385,5.87315681509734e-14
0.638625,-0.0599403337445342
0.63875,-0.0847684329147417
0.638875,-0.0599403337445975
0.639,-3.07342579733355e-14
0.639125,0.059940333744554
0.63925,0.0847684329147417
0.639375,0.0599403337445777
0.6395,4.12851681024732e-14
0.639625,-0.0599403337445465
0.63975,-0.0847684329147417
0.639875,-0.0599403337446124
0.64,-1.32878579248353e-14
0.640125,0.0599403337445663
0.64025,0.0847684329147417
0.640375,0.0599403337445926
0.6405,6.23869883607488e-14
0.640625,-0.0599403337445589
0.64075,-0.0847684329147417
0.640875,-0.0599403337446
0.641,-3.43896781831108e-14
0.641125,0.0599403337445242
0.64125,0.0847684329147417
0.641375,0.0599403337445803
0.6415,4.49405883122486e-14
0.641625,-0.059940333744544
0.64175,-0.0847684329147417
0.641875,-0.059940333744615
0.642,-1.69432781346106e-14
0.642125,0.0599403337445365
0.64225,0.0847684329147417
0.642375,0.0599403337445952
0.6425,6.60424085705241e-14
0.642625,-0.0599403337445563
0.64275,-0.0847684329147417
0.642875,-0.0599403337446026
0.643,-3.80450983928861e-14
0.643125,0.0599403337445216
0.64325,0.0847684329147417
0.643375,0.0599403337445828
0.6435,4.85960085220239e-14
0.643625,-0.0599403337445414
0.64375,-0.0847684329147417
0.643875,-0.0599403337446176
0.644,-2.05986983443859e-14
0.644125,0.0599403337445339
0.64425,0.0847684329147417
0.644375,0.0599403337445705
0.6445,6.96978287802994e-14
0.644625,-0.0599403337445537
0.64475,-0.0847684329147417
0.644875,-0.0599403337446052
0.645,-4.17005186026615e-14
0.645125,0.059940333744519
0.64525,0.0847684329147417
0.645375,0.0599403337445854
0.6455,5.22514287317992e-14
0.645625,-0.0599403337445388
0.64575,-0.0847684329147417
0.645875,-0.0599403337445929
0.646,-2.42541185541613e-14
0.646125,0.0599403337445313
0.64625,0.0847684329147417
0.646375,0.0599403337445731
0.6465,7.33532489900748e-14
0.646625,-0.0599403337445511
0.64675,-0.0847684329147417
0.646875,-0.0599403337446078
0.647,-6.80771850566108e-15
0.647125,0.0599403337445164
0.64725,0.0847684329147417
0.647375,0.059940333744588
0.6475,5.59068489415746e-14
0.647625,-0.0599403337445362
0.64775,-0.0847684329147417
0.647875,-0.0599403337445955
0.648,-2.79095387639366e-14
0.648125,0.0599403337445287
0.64825,0.0847684329147417
0.648375,0.0599403337445757
0.6485,3.84604488930744e-14
0.648625,-0.0599403337445485
0.64875,-0.0847684329147417
0.648875,-0.0599403337446104
0.649,-1.04631387154364e-14
0.649125,0.0599403337445411
0.64925,0.0847684329147417
0.649375,0.0599403337445906
0.6495,5.95622691513499e-14
0.649625,-0.0599403337445609
0.64975,-0.0847684329147417
0.649875,-0.0599403337445981
0.65,-3.15649589737119e-14
0.650125,0.0599403337445262
0.65025,0.0847684329147417
0.650375,0.0599403337445783
0.6505,4.21158691028497e-14
0.650625,-0.059940333744546
0.65075,-0.0847684329147417
0.650875,-0.059940333744613
0.651,-1.41185589252117e-14
0.651125,0.0599403337445385
0.65125,0.0847684329147417
0.651375,0.0599403337445932
0.6515,6.32176893611252e-14
0.651625,-0.0599403337445583
0.65175,-0.0847684329147417
0.651875,-0.0599403337446006
0.652,-3.52203791834873e-14
0.652125,0.0599403337445236
0.65225,0.0847684329147417
0.652375,0.0599403337446081
0.6525,8.43195096194008e-14
0.652625,-0.0599403337445434
0.65275,-0.0847684329147417
0.652875,-0.0599403337445883
0.653,-5.63221994417628e-14
0.653125,0.0599403337445086
0.65325,0.0847684329147417
0.653375,0.0599403337445685
0.6535,2.83248892641248e-14
0.653625,-0.0599403337445285
0.65375,-0.0847684329147417
0.653875,-0.0599403337446032
0.654,-3.27579086486883e-16
0.654125,0.0599403337445482
0.65425,0.0847684329147417
0.654375,0.0599403337445834
0.6545,4.94267095224004e-14
0.654625,-0.059940333744568
0.65475,-0.0847684329147417
0.654875,-0.0599403337446181
0.655,-2.14293993447624e-14
0.655125,0.0599403337445333
0.65525,0.0847684329147417
0.655375,0.0599403337445983
0.6555,7.05285297806759e-14
0.655625,-0.0599403337445531
0.65575,-0.0847684329147417
0.655875,-0.0599403337445786
0.656,-4.2531219603038e-14
0.656125,0.0599403337445184
0.65625,0.0847684329147417
0.656375,0.0599403337445588
0.6565,1.45339094254e-14
0.656625,-0.0599403337445382
0.65675,-0.0847684329147417
0.656875,-0.0599403337445935
0.657,1.3463400752238e-14
0.657125,0.0599403337445035
0.65725,0.0847684329147417
0.657375,0.0599403337445737
0.6575,3.56357296836755e-14
0.657625,-0.0599403337445778
0.65775,-0.0847684329147417
0.657875,-0.0599403337446084
0.658,-7.63841950603755e-15
0.658125,0.0599403337445431
0.65825,0.0847684329147417
0.658375,0.0599403337445886
0.6585,5.67375499419511e-14
0.658625,-0.0599403337445629
0.65875,-0.0847684329147417
0.658875,-0.0599403337446233
0.659,-2.87402397643131e-14
0.659125,0.0599403337445282
0.65925,0.0847684329147417
0.659375,0.0599403337446035
0.6595,7.78393702002266e-14
0.659625,-0.0599403337445479
0.65975,-0.0847684329147417
0.659875,-0.0599403337445837
0.66,-4.98420600225886e-14
0.660125,0.0599403337445132
0.66025,0.0847684329147417
0.660375,0.0599403337445639
0.6605,2.18447498449507e-14
0.660625,-0.059940333744533
0.66075,-0.0847684329147417
0.660875,-0.0599403337445986
0.661,6.15256033268731e-15
0.661125,0.0599403337445528
0.66125,0.0847684329147417
0.661375,0.0599403337445788
0.6615,4.29465701032262e-14
0.661625,-0.0599403337445726
0.66175,-0.0847684329147417
0.661875,-0.0599403337446136
0.662,-1.49492599255882e-14
0.662125,0.0599403337445379
0.66225,0.0847684329147417
0.662375,0.0599403337445938
0.6625,6.40483903615017e-14
0.662625,-0.0599403337445577
0.66275,-0.0847684329147417
0.662875,-0.059940333744574
0.663,-3.60510801838638e-14
0.663125,0.059940333744523
0.66325,0.0847684329147417
0.663375,0.0599403337445542
0.6635,8.51502106197772e-14
0.663625,-0.0599403337445428
0.66375,-0.0847684329147417
0.663875,-0.0599403337445889
0.664,1.99435401714122e-14
0.664125,0.0599403337445081
0.66425,0.0847684329147417
0.664375,0.0599403337445691
0.6645,2.91555902645013e-14
0.664625,-0.0599403337445279
0.66475,-0.0847684329147417
0.664875,-0.0599403337446038
0.665,-1.15828008686336e-15
0.665125,0.0599403337445477
0.66525,0.0847684329147417
0.665375,0.059940333744584
0.6655,5.02574105227769e-14
0.665625,-0.0599403337445675
0.66575,-0.0847684329147417
0.665875,-0.0599403337446187
0.666,-2.22601003451389e-14
0.666125,0.0599403337445327
0.66625,0.0847684329147417
0.666375,0.0599403337445989
0.6665,7.13592307810524e-14
0.666625,-0.0599403337445525
0.66675,-0.0847684329147417
0.666875,-0.0599403337445791
0.667,-4.33619206034144e-14
0.667125,0.0599403337445178
0.66725,0.0847684329147417
0.667375,0.0599403337445593
0.6675,1.53646104257765e-14
0.667625,-0.0599403337445376
0.66775,-0.0847684329147417
0.667875,-0.0599403337445941
0.668,1.26326997518615e-14
0.668125,0.0599403337445574
0.66825,0.0847684329147417
0.668375,0.0599403337445743
0.6685,3.6466430684052e-14
0.668625,-0.0599403337445772
0.66875,-0.0847684329147417
0.668875,-0.059940333744609
0.669,-8.46912050641403e-15
0.669125,0.0599403337445425
0.66925,0.0847684329147417
0.669375,0.0599403337445892
0.6695,5.75682509423275e-14
0.669625,-0.0599403337445623
0.66975,-0.0847684329147417
0.669875,-0.0599403337446239
0.67,-2.95709407646896e-14
0.670125,0.0599403337445276
0.67025,0.0847684329147417
0.670375,0.0599403337445496
0.6705,7.86700712006031e-14
0.670625,-0.0599403337445474
0.67075,-0.0847684329147417
0.670875,-0.0599403337445843
0.671,-5.06727610229651e-14
0.671125,0.0599403337445126
0.67125,0.0847684329147417
0.671375,0.0599403337445645
0.6715,2.26754508453271e-14
0.671625,-0.0599403337445324
0.67175,-0.0847684329147417
0.671875,-0.0599403337445992
0.672,5.32185933231083e-15
0.672125,0.0599403337445522
0.67225,0.0847684329147417
0.672375,0.059940333744634
0.6725,4.37772711036027e-14
0.672625,-0.059940333744572
0.67275,-0.0847684329147417
0.672875,-0.0599403337446141
0.673,-1.57799609259647e-14
0.673125,0.0599403337445373
0.67325,0.0847684329147417
0.673375,0.0599403337445944
0.6735,6.48790913618782e-14
0.673625,-0.0599403337445571
0.67375,-0.0847684329147417
0.673875,-0.0599403337445746
0.674,-3.68817811842402e-14
0.674125,0.0599403337445224
0.67425,0.0847684329147417
0.674375,0.0599403337446093
0.6745,8.88447100660227e-15
0.674625,-0.0599403337445422
0.67475,-0.0847684329147417
0.674875,-0.0599403337445895
0.675,1.91128391710357e-14
0.675125,0.059940333744562
0.67525,0.0847684329147417
0.675375,0.0599403337446242
0.6755,2.99862912648778e-14
0.675625,-0.0599403337445818
0.67575,-0.0847684329147417
0.675875,-0.0599403337446044
0.676,-1.98898108723984e-15
0.676125,0.0599403337445471
0.67625,0.0847684329147417
0.676375,0.0599403337446391
0.6765,5.10881115231533e-14
0.676625,-0.0599403337445669
0.67675,-0.0847684329147417
0.676875,-0.0599403337446193
0.677,-2.30908013455154e-14
0.677125,0.0599403337445321
0.67725,0.0847684329147417
0.677375,0.0599403337445995
0.6775,7.21899317814289e-14
0.677625,-0.0599403337445519
0.67775,-0.0847684329147417
0.677875,-0.0599403337445797
0.678,-4.41926216037909e-14
0.678125,0.0599403337445172
0.67825,0.0847684329147417
0.678375,0.0599403337446144
0.6785,1.61953114261529e-14
0.678625,-0.059940333744537
0.67875,-0.0847684329147417
0.678875,-0.0599403337445946
0.679,1.1801998751485e-14
0.679125,0.0599403337445568
0.67925,0.0847684329147417
0.679375,0.0599403337446294
0.6795,3.72971316844285e-14
0.679625,-0.0599403337445766
0.67975,-0.0847684329147417
0.679875,-0.0599403337446096
0.68,-9.29982150679051e-15
0.680125,0.0599403337445419
0.68025,0.0847684329147417
0.680375,0.0599403337445898
0.6805,5.8398951942704e-14
0.680625,-0.0599403337445617
0.68075,-0.0847684329147417
0.680875,-0.05994033374457
0.681,-3.0401641765066e-14
0.681125,0.059940333744527
0.68125,0.0847684329147417
0.681375,0.0599403337446047
0.6815,2.40433158742808e-15
0.681625,-0.0599403337445468
0.68175,-0.0847684329147417
0.681875,-0.0599403337445849
0.682,2.55929785902099e-14
0.682125,0.0599403337445121
0.68225,0.0847684329147417
0.682375,0.0599403337446196
0.6825,2.35061518457036e-14
0.682625,-0.0599403337445319
0.68275,-0.0847684329147417
0.682875,-0.0599403337445998
0.683,4.49115833193436e-15
0.683125,0.0599403337445517
0.68325,0.0847684329147417
0.683375,0.0599403337446345
0.6835,4.46079721039791e-14
0.683625,-0.0599403337445714
0.68375,-0.0847684329147417
0.683875,-0.0599403337446147
0.684,-1.66106619263412e-14
0.684125,0.0599403337445367
0.68425,0.0847684329147417
0.684375,0.0599403337445949
0.6845,6.57097923622547e-14
0.684625,-0.0599403337445565
0.68475,-0.0847684329147417
0.684875,-0.0599403337445751
0.685,-3.77124821846167e-14
0.685125,0.0599403337445218
0.68525,0.0847684329147417
0.685375,0.0599403337446099
0.6855,9.71517200697875e-15
0.685625,-0.0599403337445416
0.68575,-0.0847684329147417
0.685875,-0.0599403337445901
0.686,1.82821381706592e-14
0.686125,0.0599403337445614
0.68625,0.0847684329147417
0.686375,0.0599403337446248
0.6865,3.08169922652543e-14
0.686625,-0.0599403337445812
0.68675,-0.0847684329147417
0.686875,-0.059940333744605
0.687,-2.81968208761631e-15
0.687125,0.0599403337445465
0.68725,0.0847684329147417
0.687375,0.0599403337446397
0.6875,5.19188125235298e-14
0.687625,-0.0599403337445663
0.68775,-0.0847684329147417
0.687875,-0.0599403337445654
0.688,-1.01017942959443e-13
0.688125,0.0599403337445316
0.68825,0.0847684329147417
0.688375,0.0599403337446001
0.6885,7.30206327818053e-14
0.688625,-0.0599403337445514
0.68875,-0.0847684329147417
0.688875,-0.0599403337445803
0.689,-4.50233226041674e-14
0.689125,0.0599403337445166
0.68925,0.0847684329147417
0.689375,0.059940333744615
0.6895,1.70260124265294e-14
0.689625,-0.0599403337445364
0.68975,-0.0847684329147417
0.689875,-0.0599403337445952
0.69,-6.61251428624429e-14
0.690125,0.0599403337445562
0.69025,0.0847684329147417
0.690375,0.0599403337446299
0.6905,3.81278326848049e-14
0.690625,-0.059940333744576
0.69075,-0.0847684329147417
0.690875,-0.0599403337446102
0.691,-8.72269631207184e-14
0.691125,0.0599403337445413
0.69125,0.0847684329147417
0.691375,0.0599403337445904
0.6915,5.92296529430805e-14
0.691625,-0.0599403337445611
0.69175,-0.0847684329147417
0.691875,-0.0599403337445706
0.692,-3.12323427654425e-14
0.692125,0.0599403337445264
0.69225,0.0847684329147417
0.692375,0.0599403337446053
0.6925,3.23503258780455e-15
0.692625,-0.0599403337445462
0.69275,-0.0847684329147417
0.692875,-0.0599403337445855
0.693,-5.23341630237181e-14
0.693125,0.059940333744566
0.69325,0.0847684329147417
0.693375,0.0599403337446202
0.6935,2.43368528460801e-14
0.693625,-0.0599403337445858
0.69375,-0.0847684329147417
0.693875,-0.0599403337446004
0.694,-7.34359832819936e-14
0.694125,0.0599403337445511
0.69425,0.0847684329147417
0.694375,0.0599403337446351
0.6945,4.54386731043556e-14
0.694625,-0.0599403337445709
0.69475,-0.0847684329147417
0.694875,-0.0599403337446153
0.695,-9.45378035402691e-14
0.695125,0.0599403337445361
0.69525,0.0847684329147417
0.695375,0.0599403337445955
0.6955,6.65404933626312e-14
0.695625,-0.0599403337445559
0.69575,-0.0847684329147417
0.695875,-0.0599403337445757
0.696,-3.85431831849932e-14
0.696125,0.0599403337445212
0.69625,0.0847684329147417
0.696375,0.0599403337446104
0.6965,1.05458730073552e-14
0.696625,-0.059940333744541
0.69675,-0.0847684329147417
0.696875,-0.0599403337445907
0.697,-5.96450034432687e-14
0.697125,0.0599403337445608
0.69725,0.0847684329147417
0.697375,0.0599403337446254
0.6975,3.16476932656308e-14
0.697625,-0.0599403337445806
0.69775,-0.0847684329147417
0.697875,-0.0599403337446056
0.698,-8.07468237015443e-14
0.698125,0.0599403337445459
0.69825,0.0847684329147417
0.698375,0.0599403337445858
0.6985,5.27495135239063e-14
0.698625,-0.0599403337445657
0.69875,-0.0847684329147417
0.698875,-0.059940333744566
0.699,-2.47522033462683e-14
0.699125,0.059940333744531
0.69925,0.0847684329147417
0.699375,0.0599403337446007
0.6995,-3.24510683136964e-15
0.699625,-0.0599403337445508
0.69975,-0.0847684329147417
0.699875,-0.0599403337445809
0.7,-4.58540236045439e-14
0.700125,0.0599403337445161
0.70025,0.0847684329147417
0.700375,0.0599403337446156
0.7005,1.78567134269059e-14
0.700625,-0.0599403337445904
0.70075,-0.0847684329147417
0.700875,-0.0599403337445958
0.701,-6.69558438628194e-14
0.701125,0.0599403337445556
0.70125,0.0847684329147417
0.701375,0.0599403337446305
0.7015,3.89585336851814e-14
0.701625,-0.0599403337445754
0.70175,-0.0847684329147417
0.701875,-0.0599403337446107
0.702,-8.80576641210949e-14
0.702125,0.0599403337445407
0.70225,0.0847684329147417
0.702375,0.0599403337445909
0.7025,6.0060353943457e-14
0.702625,-0.0599403337445605
0.70275,-0.0847684329147417
0.702875,-0.0599403337445711
0.703,-3.2063043765819e-14
0.703125,0.0599403337445258
0.70325,0.0847684329147417
0.703375,0.0599403337446059
0.7035,4.06573358818103e-15
0.703625,-0.0599403337445456
0.70375,-0.0847684329147417
0.703875,-0.0599403337445861
0.704,-5.31648640240945e-14
0.704125,0.0599403337445654
0.70425,0.0847684329147417
0.704375,0.0599403337446208
0.7045,2.51675538464566e-14
0.704625,-0.0599403337445307
0.70475,-0.0847684329147417
0.704875,-0.059940333744601
0.705,-7.42666842823701e-14
0.705125,0.0599403337445505
0.70525,0.0847684329147417
0.705375,0.0599403337445812
0.7055,4.62693741047321e-14
0.705625,-0.0599403337445158
0.70575,-0.0847684329147417
0.705875,-0.0599403337445614
0.706,-9.53685045406456e-14
0.706125,0.0599403337445356
0.70625,0.0847684329147417
0.706375,0.0599403337445961
0.7065,6.73711943630076e-14
0.706625,-0.0599403337445008
0.70675,-0.0847684329147417
0.706875,-0.0599403337445763
0.707,-3.93738841853697e-14
0.707125,0.0599403337445206
0.70725,0.0847684329147417
0.707375,0.059940333744611
0.7075,1.13765740077317e-14
0.707625,-0.0599403337445404
0.70775,-0.0847684329147417
0.707875,-0.0599403337445912
0.708,-6.04757044436452e-14
0.708125,0.0599403337445602
0.70825,0.0847684329147417
0.708375,0.059940333744626
0.7085,3.24783942660072e-14
0.708625,-0.0599403337445255
0.70875,-0.0847684329147417
0.708875,-0.0599403337446062
0.709,-8.15775247019207e-14
0.709125,0.0599403337445453
0.70925,0.0847684329147417
0.709375,0.0599403337445864
0.7095,5.35802145242828e-14
0.709625,-0.0599403337445106
0.70975,-0.0847684329147417
0.709875,-0.0599403337445666
0.71,-2.55829043466448e-14
0.710125,0.0599403337445304
0.71025,0.0847684329147417
0.710375,0.0599403337446013
0.7105,-2.41440583099316e-15
0.710625,-0.0599403337445502
0.71075,-0.0847684329147417
0.710875,-0.0599403337445815
0.711,-4.66847246049203e-14
0.711125,0.05994033374457
0.71125,0.0847684329147417
0.711375,0.0599403337446162
0.7115,1.86874144272824e-14
0.711625,-0.0599403337445353
0.71175,-0.0847684329147417
0.711875,-0.0599403337445964
0.712,-6.77865448631959e-14
0.712125,0.0599403337445551
0.71225,0.0847684329147417
0.712375,0.0599403337446311
0.7125,3.97892346855579e-14
0.712625,-0.0599403337445203
0.71275,-0.0847684329147417
0.712875,-0.0599403337446113
0.713,-8.88883651214714e-14
0.713125,0.0599403337445401
0.71325,0.0847684329147417
0.713375,0.0599403337445915
0.7135,6.08910549438334e-14
0.713625,-0.0599403337445054
0.71375,-0.0847684329147417
0.713875,-0.0599403337445717
0.714,-3.28937447661955e-14
0.714125,0.0599403337445252
0.71425,0.0847684329147417
0.714375,0.0599403337446065
0.7145,4.89643458855751e-15
0.714625,-0.059940333744545
0.71475,-0.0847684329147417
0.714875,-0.0599403337445867
0.715,-5.3995565024471e-14
0.715125,0.0599403337445648
0.71525,0.0847684329147417
0.715375,0.0599403337446214
0.7155,2.5998254846833e-14
0.715625,-0.0599403337445301
0.71575,-0.0847684329147417
0.715875,-0.0599403337446016
0.716,-7.50973852827465e-14
0.716125,0.0599403337445499
0.71625,0.0847684329147417
0.716375,0.0599403337445818
0.7165,4.71000751051086e-14
0.716625,-0.0599403337445152
0.71675,-0.0847684329147417
0.716875,-0.059940333744562
0.717,-1.91027649274706e-14
0.717125,0.059940333744535
0.71725,0.0847684329147417
0.717375,0.0599403337445967
0.7175,-8.89454525016736e-15
0.717625,-0.0599403337445003
0.71775,-0.0847684329147417
0.717875,-0.0599403337445769
0.718,-4.02045851857461e-14
0.718125,0.0599403337445746
0.71825,0.0847684329147417
0.718375,0.0599403337446116
0.7185,1.22072750081082e-14
0.718625,-0.0599403337445398
0.71875,-0.0847684329147417
0.718875,-0.0599403337445918
0.719,-6.13064054440217e-14
0.719125,0.0599403337445596
0.71925,0.0847684329147417
0.719375,0.0599403337446266
0.7195,3.33090952663837e-14
0.719625,-0.0599403337445249
0.71975,-0.0847684329147417
0.719875,-0.0599403337446067
0.72,-8.24082257022972e-14
0.720125,0.0599403337445447
0.72025,0.0847684329147417
0.720375,0.0599403337445869
0.7205,5.44109155246592e-14
0.720625,-0.05994033374451
0.72075,-0.0847684329147417
0.720875,-0.0599403337445672
0.721,-2.64136053470213e-14
0.721125,0.0599403337445298
0.72125,0.0847684329147417
0.721375,0.0599403337446019
0.7215,-1.58370483061669e-15
0.721625,-0.0599403337445496
0.72175,-0.0847684329147417
0.721875,-0.0599403337445821
0.722,-4.75154256052968e-14
0.722125,0.0599403337445694
0.72225,0.0847684329147417
0.722375,0.0599403337446168
0.7225,1.95181154276588e-14
0.722625,-0.0599403337445347
0.72275,-0.0847684329147417
0.722875,-0.059940333744597
0.723,-6.86172458635723e-14
0.723125,0.0599403337445545
0.72325,0.0847684329147417
0.723375,0.0599403337445772
0.7235,4.06199356859344e-14
0.723625,-0.0599403337445197
0.72375,-0.0847684329147417
0.723875,-0.0599403337445574
0.724,-8.97190661218479e-14
0.724125,0.0599403337445396
0.72425,0.0847684329147417
0.724375,0.0599403337445921
0.7245,-1.53746846693415e-14
0.724625,-0.0599403337445048
0.72475,-0.0847684329147417
0.724875,-0.0599403337445723
0.725,-3.3724445766572e-14
0.725125,0.0599403337445246
0.72525,0.0847684329147417
0.725375,0.059940333744607
0.7255,5.72713558893398e-15
0.725625,-0.0599403337445444
0.72575,-0.0847684329147417
0.725875,-0.0599403337445873
0.726,-5.48262660248475e-14
0.726125,0.0599403337445642
0.72625,0.0847684329147417
0.726375,0.059940333744622
0.7265,2.68289558472095e-14
0.726625,-0.0599403337445295
0.72675,-0.0847684329147417
0.726875,-0.0599403337446022
0.727,-7.5928086283123e-14
0.727125,0.0599403337445493
0.72725,0.0847684329147417
0.727375,0.0599403337445824
0.7275,4.79307761054851e-14
0.727625,-0.0599403337445146
0.72775,-0.0847684329147417
0.727875,-0.0599403337445626
0.728,-1.99334659278471e-14
0.728125,0.0599403337445344
0.72825,0.0847684329147417
0.728375,0.0599403337445973
0.7285,-8.06384424979088e-15
0.728625,-0.0599403337445542
0.72875,-0.0847684329147417
0.728875,-0.0599403337445775
0.729,-4.10352861861226e-14
0.729125,0.059940333744574
0.72925,0.0847684329147417
0.729375,0.0599403337446122
0.7295,1.30379760084847e-14
0.729625,-0.0599403337445393
0.72975,-0.0847684329147417
0.729875,-0.0599403337445924
0.73,-6.21371064443982e-14
0.730125,0.0599403337445591
0.73025,0.0847684329147417
0.730375,0.0599403337446271
0.7305,3.41397962667602e-14
0.730625,-0.0599403337445243
0.73075,-0.0847684329147417
0.730875,-0.0599403337445528
0.731,-8.32389267026737e-14
0.731125,0.0599403337445441
0.73125,0.0847684329147417
0.731375,0.0599403337445875
0.7315,5.52416165250357e-14
0.731625,-0.0599403337445094
0.73175,-0.0847684329147417
0.731875,-0.0599403337445677
0.732,-2.72443063473978e-14
0.732125,0.0599403337445292
0.73225,0.0847684329147417
0.732375,0.0599403337446025
0.7325,-7.53003830240209e-16
0.732625,-0.059940333744549
0.73275,-0.0847684329147417
0.732875,-0.0599403337445827
0.733,-4.83461266056733e-14
0.733125,0.0599403337445688
0.73325,0.0847684329147417
0.733375,0.0599403337446174
0.7335,2.03488164280353e-14
0.733625,-0.0599403337445341
0.73375,-0.0847684329147417
0.733875,-0.0599403337445976
0.734,-6.94479468639488e-14
0.734125,0.0599403337445539
0.73425,0.0847684329147417
0.734375,0.0599403337445778
0.7345,4.14506366863109e-14
0.734625,-0.0599403337445192
0.73475,-0.0847684329147417
0.734875,-0.0599403337446125
0.735,-1.34533265086729e-14
0.735125,0.059940333744539
0.73525,0.0847684329147417
0.735375,0.0599403337445927
0.7355,-1.45439836689651e-14
0.735625,-0.0599403337445588
0.73575,-0.0847684329147417
0.735875,-0.0599403337446274
0.736,-3.45551467669484e-14
0.736125,0.0599403337445786
0.73625,0.0847684329147417
0.736375,0.0599403337446076
0.7365,6.55783658931046e-15
0.736625,-0.0599403337445438
0.73675,-0.0847684329147417
0.736875,-0.0599403337446424
0.737,-5.5656967025224e-14
0.737125,0.0599403337445636
0.73725,0.0847684329147417
0.737375,0.0599403337446225
0.7375,2.7659656847586e-14
0.737625,-0.0599403337445289
0.73775,-0.0847684329147417
0.737875,-0.0599403337446028
0.738,-7.67587872834995e-14
0.738125,0.0599403337445487
0.73825,0.0847684329147417
0.738375,0.059940333744583
0.7385,4.87614771058615e-14
0.738625,-0.059940333744514
0.73875,-0.0847684329147417
0.738875,-0.0599403337446177
0.739,-2.07641669282236e-14
0.739125,0.0599403337445338
0.73925,0.0847684329147417
0.739375,0.0599403337445979
0.7395,-7.2331432494144e-15
0.739625,-0.0599403337445536
0.73975,-0.0847684329147417
0.739875,-0.0599403337446326
0.74,-4.18659871864991e-14
0.740125,0.0599403337445734
0.74025,0.0847684329147417
0.740375,0.0599403337446128
0.7405,1.38686770088611e-14
0.740625,-0.0599403337445387
0.74075,-0.0847684329147417
0.740875,-0.059940333744593
0.741,-6.29678074447746e-14
0.741125,0.0599403337445585
0.74125,0.0847684329147417
0.741375,0.0599403337445732
0.7415,3.49704972671367e-14
0.741625,-0.0599403337445238
0.74175,-0.0847684329147417
0.741875,-0.0599403337446079
0.742,-6.9731870894987e-15
0.742125,0.0599403337445435
0.74225,0.0847684329147417
0.742375,0.0599403337445881
0.7425,-2.10241230881393e-14
0.742625,-0.0599403337445088
0.74275,-0.0847684329147417
0.742875,-0.0599403337446228
0.743,-2.80750073477742e-14
0.743125,0.0599403337445286
0.74325,0.0847684329147417
0.743375,0.0599403337446031
0.7435,7.76971701362677e-17
0.743625,-0.0599403337445484
0.74375,-0.0847684329147417
0.743875,-0.0599403337446378
0.744,-4.91768276060498e-14
0.744125,0.0599403337445682
0.74425,0.0847684329147417
0.744375,0.059940333744618
0.7445,2.11795174284118e-14
0.744625,-0.0599403337445335
0.74475,-0.0847684329147417
0.744875,-0.0599403337445982
0.745,-7.02786478643253e-14
0.745125,0.0599403337445533
0.74525,0.0847684329147417
0.745375,0.0599403337445784
0.7455,4.22813376866873e-14
0.745625,-0.0599403337445186
0.74575,-0.0847684329147417
0.745875,-0.0599403337446131
0.746,-1.42840275090494e-14
0.746125,0.0599403337445384
0.74625,0.0847684329147417
0.746375,0.0599403337445933
0.7465,-1.37132826685886e-14
0.746625,-0.0599403337445582
0.74675,-0.0847684329147417
0.746875,-0.059940333744628
0.747,-3.53858477673249e-14
0.747125,0.059940333744578
0.74725,0.0847684329147417
0.747375,0.0599403337446082
0.7475,7.38853758968694e-15
0.747625,-0.0599403337445433
0.74775,-0.0847684329147417
0.747875,-0.0599403337446429
0.748,-5.64876680256004e-14
0.748125,0.059940333744563
0.74825,0.0847684329147417
0.748375,0.0599403337445686
0.7485,2.84903578479625e-14
0.748625,-0.0599403337445283
0.74875,-0.0847684329147417
0.748875,-0.0599403337446033
0.749,-7.7589488283876e-14
0.749125,0.0599403337445481
0.74925,0.0847684329147417
0.749375,0.0599403337445835
0.7495,4.9592178106238e-14
0.749625,-0.0599403337445134
0.74975,-0.0847684329147417
0.749875,-0.0599403337446183
0.75,-2.15948679286e-14
0.750125,0.0599403337445332
0.75025,0.0847684329147417
0.750375,0.0599403337445985
0.7505,7.06939983645135e-14
0.750625,-0.059940333744553
0.75075,-0.0847684329147417
0.750875,-0.0599403337446332
0.751,-4.26966881868756e-14
0.751125,0.0599403337445728
0.75125,0.0847684329147417
0.751375,0.0599403337446134
0.7515,9.17958186227891e-14
0.751625,-0.0599403337445381
0.75175,-0.0847684329147417
0.751875,-0.0599403337445936
0.752,-6.37985084451511e-14
0.752125,0.0599403337445579
0.75225,0.0847684329147417
0.752375,0.0599403337445738
0.7525,3.58011982675131e-14
0.752625,-0.0599403337445232
0.75275,-0.0847684329147417
0.752875,-0.0599403337446085
0.753,-7.80388808987518e-15
0.753125,0.059940333744543
0.75325,0.0847684329147417
0.753375,0.0599403337445887
0.7535,5.69030185257887e-14
0.753625,-0.0599403337445628
0.75375,-0.0847684329147417
0.753875,-0.0599403337446234
0.754,-2.89057083481507e-14
0.754125,0.0599403337445826
0.75425,0.0847684329147417
0.754375,0.0599403337446036
0.7545,7.80048387840642e-14
0.754625,-0.0599403337445478
0.75475,-0.0847684329147417
0.754875,-0.0599403337446383
0.755,-5.00075286064262e-14
0.755125,0.0599403337445676
0.75525,0.0847684329147417
0.755375,0.0599403337446186
0.7555,9.91066590423397e-14
0.755625,-0.0599403337445329
0.75575,-0.0847684329147417
0.755875,-0.0599403337445988
0.756,-7.11093488647018e-14
0.756125,0.0599403337445527
0.75625,0.0847684329147417
0.756375,0.059940333744579
0.7565,4.31120386870638e-14
0.756625,-0.059940333744518
0.75675,-0.0847684329147417
0.756875,-0.0599403337446137
0.757,-1.51147285094258e-14
0.757125,0.0599403337445378
0.75725,0.0847684329147417
0.757375,0.0599403337445939
0.7575,6.42138589453394e-14
0.757625,-0.0599403337445576
0.75775,-0.0847684329147417
0.757875,-0.0599403337446286
0.758,-3.62165487677014e-14
0.758125,0.0599403337445774
0.75825,0.0847684329147417
0.758375,0.0599403337446088
0.7585,8.53156792036149e-14
0.758625,-0.0599403337445427
0.75875,-0.0847684329147417
0.758875,-0.059940333744589
0.759,-5.73183690259769e-14
0.759125,0.0599403337445625
0.75925,0.0847684329147417
0.759375,0.0599403337445692
0.7595,2.9321058848339e-14
0.759625,-0.0599403337445277
0.75975,-0.0847684329147417
0.759875,-0.0599403337446039
0.76,-1.32374867070098e-15
0.760125,0.0599403337445475
0.76025,0.0847684329147417
0.760375,0.0599403337445841
0.7605,5.04228791066145e-14
0.760625,-0.0599403337445128
0.76075,-0.0847684329147417
0.760875,-0.0599403337446189
0.761,-2.24255689289765e-14
0.761125,0.0599403337445871
0.76125,0.0847684329147417
0.761375,0.059940333744599
0.7615,7.152469936489e-14
0.761625,-0.0599403337445524
0.76175,-0.0847684329147417
0.761875,-0.0599403337446338
0.762,-4.35273891872521e-14
0.762125,0.0599403337445722
0.76225,0.0847684329147417
0.762375,0.059940333744614
0.7625,9.26265196231656e-14
0.762625,-0.0599403337445375
0.76275,-0.0847684329147417
0.762875,-0.0599403337445942
0.763,-6.46292094455276e-14
0.763125,0.0599403337445573
0.76325,0.0847684329147417
0.763375,0.0599403337445744
0.7635,3.66318992678896e-14
0.763625,-0.0599403337445226
0.76375,-0.0847684329147417
0.763875,-0.0599403337446091
0.764,-8.63458909025165e-15
0.764125,0.0599403337445424
0.76425,0.0847684329147417
0.764375,0.0599403337445893
0.7645,5.77337195261652e-14
0.764625,-0.0599403337445622
0.76475,-0.0847684329147417
0.764875,-0.059940333744624
0.765,-2.97364093485272e-14
0.765125,0.059940333744582
0.76525,0.0847684329147417
0.765375,0.0599403337446042
0.7655,7.88355397844407e-14
0.765625,-0.0599403337445472
0.76575,-0.0847684329147417
0.765875,-0.0599403337445844
0.766,-5.08382296068027e-14
0.766125,0.0599403337445125
0.76625,0.0847684329147417
0.766375,0.0599403337445646
0.7665,9.99373600427162e-14
0.766625,-0.0599403337445323
0.76675,-0.0847684329147417
0.766875,-0.0599403337445993
0.767,-7.19400498650783e-14
0.767125,0.0599403337444976
0.76725,0.0847684329147417
0.767375,0.0599403337445795
0.7675,4.39427396874403e-14
0.767625,-0.0599403337445174
0.76775,-0.0847684329147417
0.767875,-0.0599403337446143
0.768,-1.59454295098023e-14
0.768125,0.0599403337445372
0.76825,0.0847684329147417
0.768375,0.0599403337445945
0.7685,6.50445599457158e-14
0.768625,-0.059940333744557
0.76875,-0.0847684329147417
0.768875,-0.0599403337446292
0.769,-3.70472497680779e-14
0.769125,0.0599403337445223
0.76925,0.0847684329147417
0.769375,0.0599403337446094
0.7695,8.61463802039914e-14
0.769625,-0.0599403337445421
0.76975,-0.0847684329147417
0.769875,-0.0599403337445896
0.77,-5.81490700263534e-14
0.770125,0.0599403337445074
0.77025,0.0847684329147417
0.770375,0.0599403337445698
0.7705,3.01517598487154e-14
0.770625,-0.0599403337445272
0.77075,-0.0847684329147417
0.770875,-0.0599403337446045
0.771,-2.15444967107746e-15
0.771125,0.059940333744547
0.77125,0.0847684329147417
0.771375,0.0599403337445847
0.7715,5.1253580106991e-14
0.771625,-0.0599403337445668
0.77175,-0.0847684329147417
0.771875,-0.0599403337446194
0.772,-2.3256269929353e-14
0.772125,0.059940333744532
0.77225,0.0847684329147417
0.772375,0.0599403337445996
0.7725,7.23554003652665e-14
0.772625,-0.0599403337445518
0.77275,-0.0847684329147417
0.772875,-0.0599403337446344
0.773,-4.43580901876285e-14
0.773125,0.0599403337445171
0.77325,0.0847684329147417
0.773375,0.0599403337446146
0.7735,9.3457220623542e-14
0.773625,-0.0599403337445369
0.77375,-0.0847684329147417
0.773875,-0.0599403337445948
0.774,-6.54599104459041e-14
0.774125,0.0599403337445022
0.77425,0.0847684329147417
0.774375,0.059940333744575
0.7745,3.74626002682661e-14
0.774625,-0.059940333744522
0.77475,-0.0847684329147417
0.774875,-0.0599403337446097
0.775,-9.46529009062813e-15
0.775125,0.0599403337445418
0.77525,0.0847684329147417
0.775375,0.0599403337445899
0.7755,5.85644205265416e-14
0.775625,-0.0599403337445616
0.77575,-0.0847684329147417
0.775875,-0.0599403337446246
0.776,-3.05671103489037e-14
0.776125,0.0599403337445269
0.77625,0.0847684329147417
0.776375,0.0599403337446048
0.7765,7.96662407848172e-14
0.776625,-0.0599403337445467
0.77675,-0.0847684329147417
0.776875,-0.059940333744585
0.777,-5.16689306071792e-14
0.777125,0.0599403337445119
0.77725,0.0847684329147417
0.777375,0.0599403337445652
0.7775,2.36716204295412e-14
0.777625,-0.0599403337445317
0.77775,-0.0847684329147417
0.777875,-0.0599403337445999
0.778,4.32568974809673e-15
0.778125,0.059940333744497
0.77825,0.0847684329147417
0.778375,0.0599403337445801
0.7785,4.47734406878168e-14
0.778625,-0.0599403337445713
0.77875,-0.0847684329147417
0.778875,-0.0599403337446149
0.779,-1.67761305101788e-14
0.779125,0.0599403337445366
0.77925,0.0847684329147417
0.779375,0.0599403337445951
0.7795,6.58752609460923e-14
0.779625,-0.0599403337445564
0.77975,-0.0847684329147417
0.779875,-0.0599403337446298
0.78,-3.78779507684543e-14
0.780125,0.0599403337445217
0.78025,0.0847684329147417
0.780375,0.05994033374461
0.7805,8.69770812043678e-14
0.780625,-0.0599403337445415
0.78075,-0.0847684329147417
0.780875,-0.0599403337445902
0.781,-5.89797710267299e-14
0.781125,0.0599403337445068
0.78125,0.0847684329147417
0.781375,0.0599403337445704
0.7815,3.09824608490919e-14
0.781625,-0.0599403337445266
0.78175,-0.0847684329147417
0.781875,-0.0599403337446051
0.782,-2.98515067145394e-15
0.782125,0.0599403337445464
0.78225,0.0847684329147417
0.782375,0.0599403337445853
0.7825,5.20842811073674e-14
0.782625,-0.0599403337445662
0.78275,-0.0847684329147417
0.782875,-0.05994033374462
0.783,-2.40869709297295e-14
0.783125,0.0599403337445314
0.78325,0.0847684329147417
0.783375,0.0599403337446002
0.7835,7.3186101365643e-14
0.783625,-0.0599403337445512
0.78375,-0.0847684329147417
0.783875,-0.0599403337445804
0.784,-4.5188791188005e-14
0.784125,0.0599403337445165
0.78425,0.0847684329147417
0.784375,0.0599403337445606
0.7845,9.42879216239185e-14
0.784625,-0.0599403337445363
0.78475,-0.0847684329147417
0.784875,-0.0599403337445953
0.785,1.08058291672709e-14
0.785125,0.0599403337445016
0.78525,0.0847684329147417
0.785375,0.0599403337445756
0.7855,3.82933012686426e-14
0.785625,-0.0599403337445214
0.78575,-0.0847684329147417
0.785875,-0.0599403337446103
0.786,-1.02959910910046e-14
0.786125,0.0599403337445412
0.78625,0.0847684329147417
0.786375,0.0599403337445905
0.7865,5.93951215269181e-14
0.786625,-0.059940333744561
0.78675,-0.0847684329147417
0.786875,-0.0599403337446252
0.787,-3.13978113492801e-14
0.787125,0.0599403337445263
0.78725,0.0847684329147417
0.787375,0.0599403337446054
0.7875,8.04969417851936e-14
0.787625,-0.0599403337445461
0.78775,-0.0847684329147417
0.787875,-0.0599403337445856
0.788,-5.24996316075557e-14
0.788125,0.0599403337445114
0.78825,0.0847684329147417
0.788375,0.0599403337445658
0.7885,2.45023214299177e-14
0.788625,-0.0599403337445312
0.78875,-0.0847684329147417
0.788875,-0.0599403337446005
0.789,3.49498874772026e-15
0.789125,0.0599403337445509
0.78925,0.0847684329147417
0.789375,0.0599403337445807
0.7895,4.56041416881932e-14
0.789625,-0.0599403337445707
0.78975,-0.0847684329147417
0.789875,-0.0599403337446154
0.79,-1.76068315105553e-14
0.790125,0.059940333744536
0.79025,0.0847684329147417
0.790375,0.0599403337445956
0.7905,6.67059619464688e-14
0.790625,-0.0599403337445558
0.79075,-0.0847684329147417
0.790875,-0.0599403337446304
0.791,-3.87086517688308e-14
0.791125,0.0599403337445211
0.79125,0.0847684329147417
0.791375,0.0599403337445561
0.7915,8.78077822047443e-14
0.791625,-0.0599403337445409
0.79175,-0.0847684329147417
0.791875,-0.0599403337445908
0.792,-5.98104720271063e-14
0.792125,0.0599403337445062
0.79225,0.0847684329147417
0.792375,0.059940333744571
0.7925,3.18131618494684e-14
0.792625,-0.059940333744526
0.79275,-0.0847684329147417
0.792875,-0.0599403337446057
0.793,-3.81585167183041e-15
0.793125,0.0599403337445458
0.79325,0.0847684329147417
0.793375,0.0599403337445859
0.7935,5.29149821077439e-14
0.793625,-0.0599403337445656
0.79375,-0.0847684329147417
0.793875,-0.0599403337446206
0.794,-2.49176719301059e-14
0.794125,0.0599403337445309
0.79425,0.0847684329147417
0.794375,0.0599403337446008
0.7945,7.40168023660194e-14
0.794625,-0.0599403337445506
0.79475,-0.0847684329147417
0.794875,-0.059940333744581
0.795,-4.60194921883815e-14
0.795125,0.0599403337445159
0.79525,0.0847684329147417
0.795375,0.0599403337445612
0.7955,1.80221820107435e-14
0.795625,-0.0599403337445357
0.79575,-0.0847684329147417
0.795875,-0.0599403337445959
0.796,9.97512816689445e-15
0.796125,0.0599403337445555
0.79625,0.0847684329147417
0.796375,0.0599403337445761
0.7965,3.91240022690191e-14
0.796625,-0.0599403337445753
0.79675,-0.0847684329147417
0.796875,-0.0599403337446109
0.797,-1.11266920913811e-14
0.797125,0.0599403337445406
0.79725,0.0847684329147417
0.797375,0.0599403337446456
0.7975,6.02258225272946e-14
0.797625,-0.0599403337445604
0.79775,-0.0847684329147417
0.797875,-0.0599403337446258
0.798,-3.22285123496566e-14
0.798125,0.0599403337445257
0.79825,0.0847684329147417
0.798375,0.059940333744606
0.7985,8.13276427855701e-14
0.798625,-0.0599403337445455
0.79875,-0.0847684329147417
0.798875,-0.0599403337445862
0.799,-5.33303326079321e-14
0.799125,0.0599403337445108
0.79925,0.0847684329147417
0.799375,0.0599403337446209
0.7995,2.53330224302942e-14
0.799625,-0.0599403337445306
0.79975,-0.0847684329147417
0.799875,-0.0599403337446011
0.8,2.66428774734378e-15
0.800125,0.0599403337445504
0.80025,0.0847684329147417
0.800375,0.0599403337446358
0.8005,4.64348426885697e-14
0.800625,-0.0599403337445702
0.80075,-0.0847684329147417
0.800875,-0.059940333744616
0.801,-1.84375325109318e-14
0.801125,0.0599403337445354
0.80125,0.0847684329147417
0.801375,0.0599403337445962
0.8015,6.75366629468453e-14
0.801625,-0.0599403337445552
0.80175,-0.0847684329147417
0.801875,-0.0599403337445764
0.802,-3.95393527692073e-14
0.802125,0.0599403337445205
0.80225,0.0847684329147417
0.802375,0.0599403337446112
0.8025,1.15420425915693e-14
0.802625,-0.0599403337445403
0.80275,-0.0847684329147417
0.802875,-0.0599403337445914
0.803,1.64552675860686e-14
0.803125,0.0599403337445056
0.80325,0.0847684329147417
0.803375,0.0599403337446261
0.8035,3.26438628498449e-14
0.803625,-0.0599403337445254
0.80375,-0.0847684329147417
0.803875,-0.0599403337446063
0.804,-4.64655267220689e-15
0.804125,0.0599403337445452
0.80425,0.0847684329147417
0.804375,0.059940333744641
0.8045,5.37456831081204e-14
0.804625,-0.059940333744565
0.80475,-0.0847684329147417
0.804875,-0.0599403337446212
0.805,-2.57483729304824e-14
0.805125,0.0599403337445303
0.80525,0.0847684329147417
0.805375,0.0599403337446014
0.8055,7.48475033663959e-14
0.805625,-0.0599403337445501
0.80575,-0.0847684329147417
0.805875,-0.0599403337445816
0.806,-4.6850193188758e-14
0.806125,0.0599403337445154
0.80625,0.0847684329147417
0.806375,0.0599403337446163
0.8065,1.885288301112e-14
0.806625,-0.0599403337445351
0.80675,-0.0847684329147417
0.806875,-0.0599403337445965
0.807,9.14442716651797e-15
0.807125,0.0599403337445549
0.80725,0.0847684329147417
0.807375,0.0599403337446312
0.8075,3.99547032693955e-14
0.807625,-0.0599403337445747
0.80775,-0.0847684329147417
0.807875,-0.0599403337446114
0.808,-1.19573930917576e-14
0.808125,0.05994033374454
0.80825,0.0847684329147417
0.808375,0.0599403337446462
0.8085,6.10565235276711e-14
0.808625,-0.0599403337445598
0.80875,-0.0847684329147417
0.808875,-0.0599403337445719
0.809,-3.30592133500331e-14
0.809125,0.0599403337445251
0.80925,0.0847684329147417
0.809375,0.0599403337446066
0.8095,8.21583437859466e-14
0.809625,-0.0599403337445449
0.80975,-0.0847684329147417
0.809875,-0.0599403337445868
0.81,-5.41610336083086e-14
0.810125,0.0599403337445102
0.81025,0.0847684329147417
0.810375,0.0599403337446215
0.8105,2.61637234306707e-14
0.810625,-0.05994033374453
0.81075,-0.0847684329147417
0.810875,-0.0599403337446017
0.811,1.8335867469673e-15
0.811125,0.0599403337445498
0.81125,0.0847684329147417
0.811375,0.0599403337446364
0.8115,4.72655436889462e-14
0.811625,-0.0599403337445696
0.81175,-0.0847684329147417
0.811875,-0.0599403337446166
0.812,-1.92682335113082e-14
0.812125,0.0599403337445349
0.81225,0.0847684329147417
0.812375,0.0599403337445968
0.8125,6.83673639472217e-14
0.812625,-0.0599403337445546
0.81275,-0.0847684329147417
0.812875,-0.059940333744577
0.813,-4.03700537695838e-14
0.813125,0.0599403337445199
0.81325,0.0847684329147417
0.813375,0.0599403337446117
0.8135,1.23727435919458e-14
0.813625,-0.0599403337445397
0.81375,-0.0847684329147417
0.813875,-0.0599403337445919
0.814,-6.14718740278593e-14
0.814125,0.0599403337445595
0.81425,0.0847684329147417
0.814375,0.0599403337446267
0.8145,3.34745638502213e-14
0.814625,-0.0599403337445793
0.81475,-0.0847684329147417
0.814875,-0.0599403337446069
0.815,-8.25736942861348e-14
0.815125,0.0599403337445446
0.81525,0.0847684329147417
0.815375,0.0599403337446416
0.8155,5.45763841084969e-14
0.815625,-0.0599403337445644
0.81575,-0.0847684329147417
0.815875,-0.0599403337446218
0.816,-1.0367551454441e-13
0.816125,0.0599403337445297
0.81625,0.0847684329147417
0.816375,0.059940333744602
0.8165,7.56782043667724e-14
0.816625,-0.0599403337445495
0.81675,-0.0847684329147417
0.816875,-0.0599403337445822
0.817,-4.76808941891344e-14
0.817125,0.0599403337445148
0.81725,0.0847684329147417
0.817375,0.0599403337446169
0.8175,1.96835840114965e-14
0.817625,-0.0599403337445346
0.81775,-0.0847684329147417
0.817875,-0.0599403337445971
0.818,-6.878271444741e-14
0.818125,0.0599403337445544
0.81825,0.0847684329147417
0.818375,0.0599403337446318
0.8185,4.0785404269772e-14
0.818625,-0.0599403337445742
0.81875,-0.0847684329147417
0.818875,-0.059940333744612
0.819,-8.98845347056855e-14
0.819125,0.0599403337445394
0.81925,0.0847684329147417
0.819375,0.0599403337445922
0.8195,6.18872245280475e-14
0.819625,-0.0599403337445592
0.81975,-0.0847684329147417
0.819875,-0.0599403337445724
0.82,-3.38899143504096e-14
0.820125,0.0599403337445245
0.82025,0.0847684329147417
0.820375,0.0599403337446072
0.8205,5.89260417277161e-15
0.820625,-0.0599403337445443
0.82075,-0.0847684329147417
0.820875,-0.0599403337445874
0.821,-5.49917346086851e-14
0.821125,0.0599403337445096
0.82125,0.0847684329147417
0.821375,0.0599403337446221
0.8215,2.69944244310471e-14
0.821625,-0.0599403337445839
0.82175,-0.0847684329147417
0.821875,-0.0599403337446023
0.822,-7.60935548669606e-14
0.822125,0.0599403337445492
0.82225,0.0847684329147417
0.822375,0.059940333744637
0.8225,4.80962446893227e-14
0.822625,-0.059940333744569
0.82275,-0.0847684329147417
0.822875,-0.0599403337446172
0.823,-9.71953751252362e-14
0.823125,0.0599403337445343
0.82325,0.0847684329147417
0.823375,0.0599403337445974
0.8235,6.91980649475982e-14
0.823625,-0.0599403337445541
0.82375,-0.0847684329147417
0.823875,-0.0599403337445776
0.824,-4.12007547699602e-14
0.824125,0.0599403337445193
0.82425,0.0847684329147417
0.824375,0.0599403337446123
0.8245,1.32034445923223e-14
0.824625,-0.0599403337445391
0.82475,-0.0847684329147417
0.824875,-0.0599403337445925
0.825,-6.23025750282358e-14
0.825125,0.0599403337445589
0.82525,0.0847684329147417
0.825375,0.0599403337446272
0.8255,3.43052648505978e-14
0.825625,-0.0599403337445787
0.82575,-0.0847684329147417
0.825875,-0.0599403337446075
0.826,-8.34043952865113e-14
0.826125,0.059940333744544
0.82625,0.0847684329147417
0.826375,0.0599403337445877
0.8265,5.54070851088734e-14
0.826625,-0.0599403337445638
0.82675,-0.0847684329147417
0.826875,-0.0599403337445679
0.827,-1.04506215544787e-13
0.827125,0.0599403337445291
0.82725,0.0847684329147417
0.827375,0.0599403337446026
0.8275,7.65089053671489e-14
0.827625,-0.0599403337445489
0.82775,-0.0847684329147417
0.827875,-0.0599403337445828
0.828,-4.85115951895109e-14
0.828125,0.0599403337445142
0.82825,0.0847684329147417
0.828375,0.0599403337446175
0.8285,2.05142850118729e-14
0.828625,-0.059940333744534
0.82875,-0.0847684329147417
0.828875,-0.0599403337445977
0.829,-6.96134154477864e-14
0.829125,0.0599403337445538
0.82925,0.0847684329147417
0.829375,0.0599403337446324
0.8295,4.16161052701485e-14
0.829625,-0.059940333744519
0.82975,-0.0847684329147417
0.829875,-0.0599403337446126
0.83,-9.0715235706062e-14
0.830125,0.0599403337445388
0.83025,0.0847684329147417
0.830375,0.0599403337445928
0.8305,6.2717925528424e-14
0.830625,-0.0599403337445041
0.83075,-0.0847684329147417
0.830875,-0.059940333744573
0.831,-3.47206153507861e-14
0.831125,0.0599403337445239
0.83125,0.0847684329147417
0.831375,0.0599403337446077
0.8315,6.72330517314808e-15
0.831625,-0.0599403337445437
0.83175,-0.0847684329147417
0.831875,-0.0599403337445879
0.832,-5.58224356090616e-14
0.832125,0.0599403337445635
0.83225,0.0847684329147417
0.832375,0.0599403337446227
0.8325,2.78251254314236e-14
0.832625,-0.0599403337445288
0.83275,-0.0847684329147417
0.832875,-0.0599403337446029
0.833,-7.69242558673371e-14
0.833125,0.0599403337445486
0.83325,0.0847684329147417
0.833375,0.0599403337446376
0.8335,4.89269456896992e-14
0.833625,-0.0599403337445139
0.83375,-0.0847684329147417
0.833875,-0.0599403337446178
0.834,-9.80260761256127e-14
0.834125,0.0599403337445337
0.83425,0.0847684329147417
0.834375,0.059940333744598
0.8345,7.00287659479747e-14
0.834625,-0.059940333744499
0.83475,-0.0847684329147417
0.834875,-0.0599403337445782
0.835,-4.20314557703367e-14
0.835125,0.0599403337445188
0.83525,0.0847684329147417
0.835375,0.0599403337446129
0.8355,1.40341455926988e-14
0.835625,-0.0599403337445386
0.83575,-0.0847684329147417
0.835875,-0.0599403337445931
0.836,-6.31332760286123e-14
0.836125,0.0599403337445584
0.83625,0.0847684329147417
0.836375,0.0599403337446278
0.8365,3.51359658509743e-14
0.836625,-0.0599403337445236
0.83675,-0.0847684329147417
0.836875,-0.059940333744608
0.837,-8.42350962868878e-14
0.837125,0.0599403337445434
0.83725,0.0847684329147417
0.837375,0.0599403337445882
0.8375,5.62377861092498e-14
0.837625,-0.0599403337445087
0.83775,-0.0847684329147417
0.837875,-0.0599403337445684
0.838,-2.82404759316119e-14
0.838125,0.0599403337445285
0.83825,0.0847684329147417
0.838375,0.0599403337446032
0.8385,2.43165753973891e-16
0.838625,-0.0599403337445483
0.83875,-0.0847684329147417
0.838875,-0.0599403337445834
0.839,-4.93422961898874e-14
0.839125,0.0599403337445681
0.83925,0.0847684329147417
0.839375,0.0599403337446181
0.8395,2.13449860122494e-14
0.839625,-0.0599403337445334
0.83975,-0.0847684329147417
0.839875,-0.0599403337445983
0.84,-7.04441164481629e-14
0.840125,0.0599403337445532
0.84025,0.0847684329147417
0.840375,0.059940333744633
0.8405,4.2446806270525e-14
0.840625,-0.0599403337445185
0.84075,-0.0847684329147417
0.840875,-0.0599403337446132
0.841,-9.15459367064385e-14
0.841125,0.0599403337445383
0.84125,0.0847684329147417
0.841375,0.0599403337445934
0.8415,6.35486265288005e-14
0.841625,-0.0599403337445035
0.84175,-0.0847684329147417
0.841875,-0.0599403337445736
0.842,-3.55513163511625e-14
0.842125,0.0599403337445233
0.84225,0.0847684329147417
0.842375,0.0599403337446083
0.8425,7.55400617352456e-15
0.842625,-0.0599403337445431
0.84275,-0.0847684329147417
0.842875,-0.0599403337445885
0.843,-5.66531366094381e-14
0.843125,0.0599403337445629
0.84325,0.0847684329147417
0.843375,0.0599403337446233
0.8435,2.86558264318001e-14
0.843625,-0.0599403337445282
0.84375,-0.0847684329147417
0.843875,-0.0599403337446035
0.844,-7.77549568677136e-14
0.844125,0.059940333744548
0.84425,0.0847684329147417
0.844375,0.0599403337445837
0.8445,4.97576466900756e-14
0.844625,-0.0599403337445133
0.84475,-0.0847684329147417
0.844875,-0.0599403337445639
0.845,-2.17603365124377e-14
0.845125,0.0599403337445331
0.84525,0.0847684329147417
0.845375,0.0599403337445986
0.8455,-6.2369736652003e-15
0.845625,-0.0599403337444984
0.84575,-0.0847684329147417
0.845875,-0.0599403337445788
0.846,-4.28621567707132e-14
0.846125,0.0599403337445182
0.84625,0.0847684329147417
0.846375,0.0599403337446135
0.8465,1.48648465930752e-14
0.846625,-0.059940333744538
0.84675,-0.0847684329147417
0.846875,-0.0599403337445937
0.847,-6.39639770289887e-14
0.847125,0.0599403337445578
0.84725,0.0847684329147417
0.847375,0.0599403337446284
0.8475,3.59666668513508e-14
0.847625,-0.059940333744523
0.84775,-0.0847684329147417
0.847875,-0.0599403337446086
0.848,-8.50657972872643e-14
0.848125,0.0599403337445428
0.84825,0.0847684329147417
0.848375,0.0599403337445888
0.8485,5.70684871096263e-14
0.848625,-0.0599403337445081
0.84875,-0.0847684329147417
0.848875,-0.059940333744569
0.849,-2.90711769319883e-14
0.849125,0.0599403337445279
0.84925,0.0847684329147417
0.849375,0.0599403337446037
0.8495,1.07386675435037e-15
0.849625,-0.0599403337445477
0.84975,-0.0847684329147417
0.849875,-0.059940333744584
0.85,-5.01729971902639e-14
0.850125,0.0599403337445675
0.85025,0.0847684329147417
0.850375,0.0599403337446187
0.8505,2.21756870126259e-14
0.850625,-0.0599403337445328
0.85075,-0.0847684329147417
0.850875,-0.0599403337445989
0.851,-7.12748174485394e-14
0.851125,0.0599403337445526
0.85125,0.0847684329147417
0.851375,0.0599403337445791
0.8515,4.32775072709014e-14
0.851625,-0.0599403337445179
0.85175,-0.0847684329147417
0.851875,-0.0599403337445593
0.852,-9.23766377068149e-14
0.852125,0.0599403337445377
0.85225,0.0847684329147417
0.852375,0.059940333744594
0.8525,6.4379327529177e-14
0.852625,-0.059940333744503
0.85275,-0.0847684329147417
0.852875,-0.0599403337445742
0.853,-3.6382017351539e-14
0.853125,0.0599403337445227
0.85325,0.0847684329147417
0.853375,0.0599403337446089
0.8535,8.38470717390104e-15
0.853625,-0.0599403337445425
0.85375,-0.0847684329147417
0.853875,-0.0599403337445891
0.854,-5.74838376098145e-14
0.854125,0.0599403337445623
0.85425,0.0847684329147417
0.854375,0.0599403337446238
0.8545,2.94865274321766e-14
0.854625,-0.0599403337445276
0.85475,-0.0847684329147417
0.854875,-0.0599403337446041
0.855,-7.85856578680901e-14
0.855125,0.0599403337445474
0.85525,0.0847684329147417
0.855375,0.0599403337445842
0.8555,5.05883476904521e-14
0.855625,-0.0599403337445127
0.85575,-0.0847684329147417
0.855875,-0.0599403337445645
0.856,-2.25910375128141e-14
0.856125,0.0599403337445325
0.85625,0.0847684329147417
0.856375,0.0599403337445992
0.8565,-5.40627266482383e-15
0.856625,-0.0599403337445523
0.85675,-0.0847684329147417
0.856875,-0.0599403337445794
0.857,-4.36928577710897e-14
0.857125,0.0599403337445721
0.85725,0.0847684329147417
0.857375,0.0599403337446141
0.8575,1.56955475934517e-14
0.857625,-0.0599403337445374
0.85775,-0.0847684329147417
0.857875,-0.0599403337445943
0.858,-6.47946780293652e-14
0.858125,0.0599403337445572
0.85825,0.0847684329147417
0.858375,0.059940333744629
0.8585,3.67973678517272e-14
0.858625,-0.0599403337445225
0.85875,-0.0847684329147417
0.858875,-0.0599403337446092
0.859,-8.58964982876408e-14
0.859125,0.0599403337445423
0.85925,0.0847684329147417
0.859375,0.0599403337445894
0.8595,5.78991881100028e-14
0.859625,-0.0599403337445075
0.85975,-0.0847684329147417
0.859875,-0.0599403337446241
0.86,-2.99018779323648e-14
0.860125,0.0599403337445273
0.86025,0.0847684329147417
0.860375,0.0599403337446043
0.8605,1.90456775472684e-15
0.860625,-0.0599403337445471
0.86075,-0.0847684329147417
0.860875,-0.0599403337446391
0.861,-5.10036981906403e-14
0.861125,0.0599403337445669
0.86125,0.0847684329147417
0.861375,0.0599403337446193
0.8615,2.30063880130024e-14
0.861625,-0.0599403337445322
0.86175,-0.0847684329147417
0.861875,-0.0599403337445995
0.862,-7.21055184489159e-14
0.862125,0.059940333744552
0.86225,0.0847684329147417
0.862375,0.0599403337445797
0.8625,4.41082082712779e-14
0.862625,-0.0599403337445173
0.86275,-0.0847684329147417
0.862875,-0.0599403337446144
0.863,-1.61108980936399e-14
0.863125,0.0599403337445371
0.86325,0.0847684329147417
0.863375,0.0599403337445946
0.8635,-1.1886412083998e-14
0.863625,-0.0599403337445024
0.86375,-0.0847684329147417
0.863875,-0.0599403337446293
0.864,-3.72127183519155e-14
0.864125,0.0599403337445767
0.86425,0.0847684329147417
0.864375,0.0599403337446095
0.8645,9.21540817427752e-15
0.864625,-0.059940333744542
0.86475,-0.0847684329147417
0.864875,-0.0599403337446442
0.865,-5.8314538610191e-14
0.865125,0.0599403337445618
0.86525,0.0847684329147417
0.865375,0.0599403337446244
0.8655,3.0317228432553e-14
0.865625,-0.059940333744527
0.86575,-0.0847684329147417
0.865875,-0.0599403337446046
0.866,-7.94163588684666e-14
0.866125,0.0599403337445468
0.86625,0.0847684329147417
0.866375,0.0599403337445848
0.8665,5.14190486908286e-14
0.866625,-0.0599403337445121
0.86675,-0.0847684329147417
0.866875,-0.0599403337446196
0.867,-2.34217385131906e-14
0.867125,0.0599403337445319
0.86725,0.0847684329147417
0.867375,0.0599403337445998
0.8675,-4.57557166444735e-15
0.867625,-0.0599403337445517
0.86775,-0.0847684329147417
0.867875,-0.0599403337446345
0.868,-4.45235587714662e-14
0.868125,0.0599403337445715
0.86825,0.0847684329147417
0.868375,0.0599403337446147
0.8685,1.65262485938282e-14
0.868625,-0.0599403337445368
0.86875,-0.0847684329147417
0.868875,-0.0599403337445949
0.869,-6.56253790297417e-14
0.869125,0.0599403337445566
0.86925,0.0847684329147417
0.869375,0.0599403337445751
0.8695,3.76280688521037e-14
0.869625,-0.0599403337445219
0.86975,-0.0847684329147417
0.869875,-0.0599403337446098
0.87,-8.67271992880172e-14
0.870125,0.0599403337445417
0.87025,0.0847684329147417
0.870375,0.05994033374459
0.8705,-1.83665515031722e-14
0.870625,-0.059940333744507
0.87075,-0.0847684329147417
0.870875,-0.0599403337446247
0.871,-3.07325789327413e-14
0.871125,0.0599403337445267
0.87125,0.0847684329147417
0.871375,0.0599403337446049
0.8715,2.73526875510332e-15
0.871625,-0.0599403337445465
0.87175,-0.0847684329147417
0.871875,-0.0599403337446396
0.872,-5.18343991910168e-14
0.872125,0.0599403337445663
0.87225,0.0847684329147417
0.872375,0.0599403337446199
0.8725,2.38370890133789e-14
0.872625,-0.0599403337445316
0.87275,-0.0847684329147417
0.872875,-0.0599403337446
0.873,-7.29362194492924e-14
0.873125,0.0599403337445514
0.87325,0.0847684329147417
0.873375,0.0599403337445803
0.8735,4.49389092716544e-14
0.873625,-0.0599403337445167
0.87375,-0.0847684329147417
0.873875,-0.059940333744615
0.874,-1.69415990940164e-14
0.874125,0.0599403337445365
0.87425,0.0847684329147417
0.874375,0.0599403337445952
0.8745,-1.10557110836215e-14
0.874625,-0.0599403337445563
0.87475,-0.0847684329147417
0.874875,-0.0599403337446299
0.875,-3.8043419352292e-14
0.875125,0.0599403337445761
0.87525,0.0847684329147417
0.875375,0.0599403337446101
0.8755,8.71425497882055e-14
0.875625,-0.0599403337445414
0.87575,-0.0847684329147417
0.875875,-0.0599403337446448
0.876,-5.91452396105675e-14
0.876125,0.0599403337445612
0.87625,0.0847684329147417
0.876375,0.059940333744625
0.8765,1.08244370046481e-13
0.876625,-0.0599403337445265
0.87675,-0.0847684329147417
0.876875,-0.0599403337446052
0.877,-8.0247059868843e-14
0.877125,0.0599403337445463
0.87725,0.0847684329147417
0.877375,0.0599403337445854
0.8775,5.22497496912051e-14
0.877625,-0.0599403337445115
0.87775,-0.0847684329147417
0.877875,-0.0599403337446201
0.878,-2.42524395135671e-14
0.878125,0.0599403337445313
0.87825,0.0847684329147417
0.878375,0.0599403337446004
0.8785,7.33515699494806e-14
0.878625,-0.0599403337445511
0.87875,-0.0847684329147417
0.878875,-0.0599403337446351
0.879,-4.53542597718426e-14
0.879125,0.0599403337445709
0.87925,0.0847684329147417
0.879375,0.0599403337446153
0.8795,9.44533902077561e-14
0.879625,-0.0599403337445362
0.87975,-0.0847684329147417
0.879875,-0.0599403337445955
0.88,-6.64560800301182e-14
0.880125,0.059940333744556
0.88025,0.0847684329147417
0.880375,0.0599403337445757
0.8805,3.84587698524802e-14
0.880625,-0.0599403337445213
0.88075,-0.0847684329147417
0.880875,-0.0599403337446104
0.881,-1.04614596748422e-14
0.881125,0.0599403337445411
0.88125,0.0847684329147417
0.881375,0.0599403337445906
0.8815,5.95605901107557e-14
0.881625,-0.0599403337445609
0.88175,-0.0847684329147417
0.881875,-0.0599403337446253
0.882,-3.15632799331178e-14
0.882125,0.0599403337445807
0.88225,0.0847684329147417
0.882375,0.0599403337446055
0.8825,8.06624103690313e-14
0.882625,-0.059940333744546
0.88275,-0.0847684329147417
0.882875,-0.0599403337446402
0.883,-5.26651001913933e-14
0.883125,0.0599403337445658
0.88325,0.0847684329147417
0.883375,0.0599403337446204
0.8835,1.01764230627307e-13
0.883625,-0.059940333744531
0.88375,-0.0847684329147417
0.883875,-0.0599403337446006
0.884,-7.37669204496688e-14
0.884125,0.0599403337445508
0.88425,0.0847684329147417
0.884375,0.0599403337445808
0.8845,4.57696102720309e-14
0.884625,-0.0599403337445161
0.88475,-0.0847684329147417
0.884875,-0.0599403337446156
0.885,-1.77723000943929e-14
0.885125,0.0599403337445359
0.88525,0.0847684329147417
0.885375,0.0599403337445958
0.8855,6.68714305303064e-14
0.885625,-0.0599403337445557
0.88575,-0.0847684329147417
0.885875,-0.0599403337446305
0.886,-3.88741203526684e-14
0.886125,0.0599403337445755
0.88625,0.0847684329147417
0.886375,0.0599403337446107
0.8865,8.79732507885819e-14
0.886625,-0.0599403337445408
0.88675,-0.0847684329147417
0.886875,-0.0599403337445909
0.887,-5.9975940610944e-14
0.887125,0.0599403337445606
0.88725,0.0847684329147417
0.887375,0.0599403337445711
0.8875,1.09075071046857e-13
0.887625,-0.0599403337445259
0.88775,-0.0847684329147417
0.887875,-0.0599403337446058
0.888,-3.98132025566804e-15
0.888125,0.0599403337445457
0.88825,0.0847684329147417
0.888375,0.059940333744586
0.8885,5.30804506915815e-14
0.888625,-0.0599403337445109
0.88875,-0.0847684329147417
0.888875,-0.0599403337446207
0.889,-2.50831405139436e-14
0.889125,0.0599403337445307
0.88925,0.0847684329147417
0.889375,0.0599403337446009
0.8895,7.41822709498571e-14
0.889625,-0.0599403337445505
0.88975,-0.0847684329147417
0.889875,-0.0599403337446357
0.89,-4.61849607722191e-14
0.890125,0.0599403337445703
0.89025,0.0847684329147417
0.890375,0.0599403337446159
0.8905,9.52840912081326e-14
0.890625,-0.0599403337445356
0.89075,-0.0847684329147417
0.890875,-0.0599403337445961
0.891,-6.72867810304946e-14
0.891125,0.0599403337445009
0.89125,0.0847684329147417
0.891375,0.0599403337445763
0.8915,3.92894708528567e-14
0.891625,-0.0599403337445207
0.89175,-0.0847684329147417
0.891875,-0.059940333744611
0.892,-1.12921606752187e-14
0.892125,0.0599403337445405
0.89225,0.0847684329147417
0.892375,0.0599403337445912
0.8925,6.03912911111322e-14
0.892625,-0.0599403337445603
0.89275,-0.0847684329147417
0.892875,-0.0599403337446259
0.893,-3.23939809334942e-14
0.893125,0.0599403337445256
0.89325,0.0847684329147417
0.893375,0.0599403337446061
0.8935,8.14931113694077e-14
0.893625,-0.0599403337445454
0.89375,-0.0847684329147417
0.893875,-0.0599403337446408
0.894,-5.34958011917698e-14
0.894125,0.0599403337445107
0.89425,0.0847684329147417
0.894375,0.0599403337445665
0.8945,1.02594931627683e-13
0.894625,-0.0599403337445304
0.89475,-0.0847684329147417
0.894875,-0.0599403337446012
0.895,-7.45976214500453e-14
0.895125,0.0599403337444957
0.89525,0.0847684329147417
0.895375,0.0599403337445814
0.8955,4.66003112724073e-14
0.895625,-0.0599403337445155
0.89575,-0.0847684329147417
0.895875,-0.0599403337446162
0.896,-1.86030010947694e-14
0.896125,0.0599403337445353
0.89625,0.0847684329147417
0.896375,0.0599403337445963
0.8965,6.77021315306829e-14
0.896625,-0.0599403337445551
0.89675,-0.0847684329147417
0.896875,-0.0599403337446311
0.897,-3.97048213530449e-14
0.897125,0.0599403337445204
0.89725,0.0847684329147417
0.897375,0.0599403337446113
0.8975,8.88039517889584e-14
0.897625,-0.0599403337445402
0.89775,-0.0847684329147417
0.897875,-0.0599403337445915
0.898,-6.08066416113205e-14
0.898125,0.0599403337445055
0.89825,0.0847684329147417
0.898375,0.0599403337445717
0.8985,3.28093314336825e-14
0.898625,-0.0599403337445253
0.89875,-0.0847684329147417
0.898875,-0.0599403337446064
0.899,-4.81202125604451e-15
0.899125,0.0599403337445451
0.89925,0.0847684329147417
0.899375,0.0599403337445866
0.8995,5.3911151691958e-14
0.899625,-0.0599403337445649
0.89975,-0.0847684329147417
0.899875,-0.0599403337446213
0.9,-2.591384151432e-14
0.900125,0.0599403337445302
0.90025,0.0847684329147417
0.900375,0.0599403337446015
0.9005,7.50129719502336e-14
0.900625,-0.05994033374455
0.90075,-0.0847684329147417
0.900875,-0.0599403337446362
0.901,-4.70156617725956e-14
0.901125,0.0599403337445152
0.90125,0.0847684329147417
0.901375,0.0599403337446164
0.9015,9.61147922085091e-14
0.901625,-0.059940333744535
0.90175,-0.0847684329147417
0.901875,-0.0599403337445966
0.902,-6.81174820308711e-14
0.902125,0.0599403337445003
0.90225,0.0847684329147417
0.902375,0.0599403337445768
0.9025,4.01201718532332e-14
0.902625,-0.0599403337445201
0.90275,-0.0847684329147417
0.902875,-0.0599403337446116
0.903,-1.21228616755952e-14
0.903125,0.0599403337445399
0.90325,0.0847684329147417
0.903375,0.0599403337445918
0.9035,6.12219921115087e-14
0.903625,-0.0599403337445597
0.90375,-0.0847684329147417
0.903875,-0.0599403337446265
0.904,-3.32246819338707e-14
0.904125,0.059940333744525
0.90425,0.0847684329147417
0.904375,0.0599403337446067
0.9045,8.23238123697842e-14
0.904625,-0.0599403337445448
0.90475,-0.0847684329147417
0.904875,-0.0599403337445869
0.905,-5.43265021921463e-14
0.905125,0.0599403337445101
0.90525,0.0847684329147417
0.905375,0.0599403337445671
0.9055,2.63291920145083e-14
0.905625,-0.0599403337445299
0.90575,-0.0847684329147417
0.905875,-0.0599403337446018
0.906,1.66811816312968e-15
0.906125,0.0599403337444951
0.90625,0.0847684329147417
0.906375,0.059940333744582
0.9065,4.74310122727838e-14
0.906625,-0.0599403337445149
0.90675,-0.0847684329147417
0.906875,-0.0599403337446167
0.907,-1.94337020951459e-14
0.907125,0.0599403337445347
0.90725,0.0847684329147417
0.907375,0.0599403337445969
0.9075,6.85328325310594e-14
0.907625,-0.0599403337445545
0.90775,-0.0847684329147417
0.907875,-0.0599403337446317
0.908,-4.05355223534214e-14
0.908125,0.0599403337445198
0.90825,0.0847684329147417
0.908375,0.0599403337446119
0.9085,8.96346527893349e-14
0.908625,-0.0599403337445396
0.90875,-0.0847684329147417
0.908875,-0.0599403337445921
0.909,-6.16373426116969e-14
0.909125,0.0599403337445049
0.90925,0.0847684329147417
0.909375,0.0599403337445723
0.9095,3.3640032434059e-14
0.909625,-0.0599403337445247
0.90975,-0.0847684329147417
0.909875,-0.059940333744607
0.91,-5.64272225642099e-15
0.910125,0.0599403337445445
0.91025,0.0847684329147417
0.910375,0.0599403337445872
0.9105,5.47418526923345e-14
0.910625,-0.0599403337445643
0.91075,-0.0847684329147417
0.910875,-0.0599403337446219
0.911,-2.67445425146965e-14
0.911125,0.0599403337445296
0.91125,0.0847684329147417
0.911375,0.0599403337446021
0.9115,7.584367295061e-14
0.911625,-0.0599403337445494
0.91175,-0.0847684329147417
0.911875,-0.0599403337445823
0.912,-4.78463627729721e-14
0.912125,0.0599403337445146
0.91225,0.0847684329147417
0.912375,0.0599403337445625
0.9125,9.69454932088855e-14
0.912625,-0.0599403337445344
0.91275,-0.0847684329147417
0.912875,-0.0599403337445972
0.913,-6.89481830312476e-14
0.913125,0.0599403337444997
0.91325,0.0847684329147417
0.913375,0.0599403337445774
0.9135,4.09508728536096e-14
0.913625,-0.0599403337445195
0.91375,-0.0847684329147417
0.913875,-0.0599403337446121
0.914,-1.29535626759717e-14
0.914125,0.0599403337445393
0.91425,0.0847684329147417
0.914375,0.0599403337445924
0.9145,6.20526931118852e-14
0.914625,-0.0599403337445591
0.91475,-0.0847684329147417
0.914875,-0.0599403337446271
0.915,-3.40553829342472e-14
0.915125,0.0599403337445244
0.91525,0.0847684329147417
0.915375,0.0599403337446073
0.9155,8.31545133701607e-14
0.915625,-0.0599403337445442
0.91575,-0.0847684329147417
0.915875,-0.0599403337445875
0.916,-5.51572031925227e-14
0.916125,0.0599403337445095
0.91625,0.0847684329147417
0.916375,0.0599403337445677
0.9165,2.71598930148848e-14
0.916625,-0.0599403337445293
0.91675,-0.0847684329147417
0.916875,-0.0599403337446024
0.917,8.37417162753202e-16
0.917125,0.0599403337445491
0.91725,0.0847684329147417
0.917375,0.0599403337445826
0.9175,4.82617132731603e-14
0.917625,-0.0599403337445689
0.91775,-0.0847684329147417
0.917875,-0.0599403337446173
0.918,-2.02644030955223e-14
0.918125,0.0599403337445341
0.91825,0.0847684329147417
0.918375,0.0599403337445975
0.9185,6.93635335314358e-14
0.918625,-0.0599403337445539
0.91875,-0.0847684329147417
0.918875,-0.0599403337446322
0.919,-4.13662233537979e-14
0.919125,0.0599403337445192
0.91925,0.0847684329147417
0.919375,0.0599403337446124
0.9195,9.04653537897114e-14
0.919625,-0.059940333744539
0.91975,-0.0847684329147417
0.919875,-0.0599403337445926
0.92,-6.24680436120734e-14
0.920125,0.0599403337445043
0.92025,0.0847684329147417
0.920375,0.0599403337445729
0.9205,3.44707334344354e-14
0.920625,-0.0599403337445241
0.92075,-0.0847684329147417
0.920875,-0.0599403337446076
0.921,-6.47342325679747e-15
0.921125,0.0599403337445439
0.92125,0.0847684329147417
0.921375,0.0599403337445878
0.9215,5.5572553692711e-14
0.921625,-0.0599403337445637
0.92175,-0.0847684329147417
0.921875,-0.0599403337446225
0.922,-2.7575243515073e-14
0.922125,0.059940333744529
0.92225,0.0847684329147417
0.922375,0.0599403337446027
0.9225,7.66743739509865e-14
0.922625,-0.0599403337445488
0.92275,-0.0847684329147417
0.922875,-0.0599403337445829
0.923,-4.86770637733485e-14
0.923125,0.0599403337445141
0.92325,0.0847684329147417
0.923375,0.0599403337446176
0.9235,2.06797535957106e-14
0.923625,-0.0599403337445338
0.92375,-0.0847684329147417
0.923875,-0.0599403337445978
0.924,7.3175565819274e-15
0.924125,0.0599403337444991
0.92425,0.0847684329147417
0.924375,0.0599403337446325
0.9245,4.17815738539861e-14
0.924625,-0.0599403337445734
0.92475,-0.0847684329147417
0.924875,-0.0599403337446127
0.925,-1.37842636763481e-14
0.925125,0.0599403337445387
0.92525,0.0847684329147417
0.925375,0.0599403337446475
0.9255,6.28833941122616e-14
0.925625,-0.0599403337445585
0.92575,-0.0847684329147417
0.925875,-0.0599403337446277
0.926,-3.48860839346237e-14
0.926125,0.0599403337445238
0.92625,0.0847684329147417
0.926375,0.0599403337446079
0.9265,8.39852143705372e-14
0.926625,-0.0599403337445436
0.92675,-0.0847684329147417
0.926875,-0.0599403337445881
0.927,-5.59879041928992e-14
0.927125,0.0599403337445089
0.92725,0.0847684329147417
0.927375,0.0599403337446228
0.9275,2.79905940152612e-14
0.927625,-0.0599403337445287
0.92775,-0.0847684329147417
0.927875,-0.059940333744603
0.928,6.71616237672503e-18
0.928125,0.0599403337445485
0.92825,0.0847684329147417
0.928375,0.0599403337446377
0.9285,4.90924142735368e-14
0.928625,-0.0599403337445683
0.92875,-0.0847684329147417
0.928875,-0.0599403337446179
0.929,-2.10951040958988e-14
0.929125,0.0599403337445336
0.92925,0.0847684329147417
0.929375,0.0599403337445981
0.9295,7.01942345318123e-14
0.929625,-0.0599403337445534
0.92975,-0.0847684329147417
0.929875,-0.0599403337445783
0.93,-4.21969243541743e-14
0.930125,0.0599403337445186
0.93025,0.0847684329147417
0.930375,0.059940333744613
0.9305,9.12960547900878e-14
0.930625,-0.0599403337445384
0.93075,-0.0847684329147417
0.930875,-0.0599403337445932
0.931,1.37976960011016e-14
0.931125,0.0599403337445037
0.93125,0.0847684329147417
0.931375,0.059940333744628
0.9315,3.53014344348119e-14
0.931625,-0.0599403337445235
0.93175,-0.0847684329147417
0.931875,-0.0599403337446082
0.932,-7.30412425717395e-15
0.932125,0.0599403337445433
0.93225,0.0847684329147417
0.932375,0.0599403337446429
0.9325,5.64032546930874e-14
0.932625,-0.0599403337445631
0.93275,-0.0847684329147417
0.932875,-0.0599403337446231
0.933,-2.84059445154495e-14
0.933125,0.0599403337445284
0.93325,0.0847684329147417
0.933375,0.0599403337446033
0.9335,7.7505074951363e-14
0.933625,-0.0599403337445482
0.93375,-0.0847684329147417
0.933875,-0.0599403337445835
0.934,-4.9507764773725e-14
0.934125,0.0599403337445135
0.93425,0.0847684329147417
0.934375,0.0599403337446182
0.9345,2.1510454596087e-14
0.934625,-0.0599403337445333
0.93475,-0.0847684329147417
0.934875,-0.0599403337445984
0.935,6.48685558155092e-15
0.935125,0.0599403337445531
0.93525,0.0847684329147417
0.935375,0.0599403337446331
0.9355,4.26122748543626e-14
0.935625,-0.0599403337445729
0.93575,-0.0847684329147417
0.935875,-0.0599403337446133
0.936,-1.46149646767246e-14
0.936125,0.0599403337445381
0.93625,0.0847684329147417
0.936375,0.059940333744648
0.9365,6.37140951126381e-14
0.936625,-0.0599403337445579
0.93675,-0.0847684329147417
0.936875,-0.0599403337446282
0.937,-3.57167849350001e-14
0.937125,0.0599403337445232
0.93725,0.0847684329147417
0.937375,0.0599403337446084
0.9375,8.48159153709136e-14
0.937625,-0.059940333744543
0.93775,-0.0847684329147417
0.937875,-0.0599403337445887
0.938,-5.68186051932757e-14
0.938125,0.0599403337445083
0.93825,0.0847684329147417
0.938375,0.0599403337446234
0.9385,2.88212950156377e-14
0.938625,-0.0599403337445281
0.93875,-0.0847684329147417
0.938875,-0.0599403337446036
0.939,-7.79204254515512e-14
0.939125,0.0599403337445479
0.93925,0.0847684329147417
0.939375,0.0599403337446383
0.9395,4.99231152739132e-14
0.939625,-0.0599403337445677
0.93975,-0.0847684329147417
0.939875,-0.0599403337446185
0.94,-9.90222457098268e-14
0.940125,0.059940333744533
0.94025,0.0847684329147417
0.940375,0.0599403337445987
0.9405,7.10249355321888e-14
0.940625,-0.0599403337445528
0.94075,-0.0847684329147417
0.940875,-0.0599403337445789
0.941,-4.30276253545508e-14
0.941125,0.059940333744518
0.94125,0.0847684329147417
0.941375,0.0599403337446136
0.9415,1.50303151769129e-14
0.941625,-0.0599403337445379
0.94175,-0.0847684329147417
0.941875,-0.0599403337445938
0.942,-6.41294456128264e-14
0.942125,0.0599403337445577
0.94225,0.0847684329147417
0.942375,0.0599403337446285
0.9425,3.61321354351884e-14
0.942625,-0.0599403337445774
0.94275,-0.0847684329147417
0.942875,-0.0599403337446087
0.943,-8.52312658711019e-14
0.943125,0.0599403337445427
0.94325,0.0847684329147417
0.943375,0.0599403337446435
0.9435,5.72339556934639e-14
0.943625,-0.0599403337445625
0.94375,-0.0847684329147417
0.943875,-0.0599403337446237
0.944,-1.06333086129377e-13
0.944125,0.0599403337445278
0.94425,0.0847684329147417
0.944375,0.0599403337446039
0.9445,7.83357759517394e-14
0.944625,-0.0599403337445476
0.94475,-0.0847684329147417
0.944875,-0.0599403337445841
0.945,-5.03384657741015e-14
0.945125,0.0599403337445129
0.94525,0.0847684329147417
0.945375,0.0599403337446188
0.9455,2.23411555964635e-14
0.945625,-0.0599403337445327
0.94575,-0.0847684329147417
0.945875,-0.059940333744599
0.946,-7.1440286032377e-14
0.946125,0.0599403337445525
0.94625,0.0847684329147417
0.946375,0.0599403337446337
0.9465,4.34429758547391e-14
0.946625,-0.0599403337445723
0.94675,-0.0847684329147417
0.946875,-0.0599403337446139
0.947,-9.25421062906526e-14
0.947125,0.0599403337445376
0.94725,0.0847684329147417
0.947375,0.0599403337445941
0.9475,6.45447961130146e-14
0.947625,-0.0599403337445574
0.94775,-0.0847684329147417
0.947875,-0.0599403337445743
0.948,-1.13643926548928e-13
0.948125,0.0599403337445226
0.94825,0.0847684329147417
0.948375,0.059940333744609
0.9485,8.55017575773866e-15
0.948625,-0.0599403337445424
0.94875,-0.0847684329147417
0.948875,-0.0599403337445892
0.949,-5.76493061936522e-14
0.949125,0.0599403337445077
0.94925,0.0847684329147417
0.949375,0.059940333744624
0.9495,2.96519960160142e-14
0.949625,-0.0599403337445275
0.94975,-0.0847684329147417
0.949875,-0.0599403337446042
0.95,-7.87511264519277e-14
0.950125,0.0599403337445473
0.95025,0.0847684329147417
0.950375,0.0599403337446389
0.9505,5.07538162742897e-14
0.950625,-0.0599403337445671
0.95075,-0.0847684329147417
0.950875,-0.0599403337446191
0.951,-9.98529467102032e-14
0.951125,0.0599403337445324
0.95125,0.0847684329147417
0.951375,0.0599403337445993
0.9515,7.18556365325653e-14
0.951625,-0.0599403337445522
0.95175,-0.0847684329147417
0.951875,-0.0599403337445795
0.952,-4.38583263549273e-14
0.952125,0.0599403337445175
0.95225,0.0847684329147417
0.952375,0.0599403337446142
0.9525,1.58610161772893e-14
0.952625,-0.0599403337445373
0.95275,-0.0847684329147417
0.952875,-0.0599403337445944
0.953,-6.49601466132028e-14
0.953125,0.0599403337445571
0.95325,0.0847684329147417
0.953375,0.0599403337446291
0.9535,3.69628364355649e-14
0.953625,-0.0599403337445223
0.95375,-0.0847684329147417
0.953875,-0.0599403337446093
0.954,-8.60619668714784e-14
0.954125,0.0599403337445421
0.95425,0.0847684329147417
0.954375,0.059940333744644
0.9545,5.80646566938404e-14
0.954625,-0.0599403337445074
0.95475,-0.0847684329147417
0.954875,-0.0599403337445697
0.955,-1.07163787129754e-13
0.955125,0.0599403337445272
0.95525,0.0847684329147417
0.955375,0.0599403337446045
0.9555,7.91664769521159e-14
0.955625,-0.0599403337444925
0.95575,-0.0847684329147417
0.955875,-0.0599403337445847
0.956,-5.1169166774478e-14
0.956125,0.0599403337445123
0.95625,0.0847684329147417
0.956375,0.0599403337446194
0.9565,2.317185659684e-14
0.956625,-0.0599403337445321
0.95675,-0.0847684329147417
0.956875,-0.0599403337445996
0.957,-7.22709870327535e-14
0.957125,0.0599403337445519
0.95725,0.0847684329147417
0.957375,0.0599403337446343
0.9575,4.42736768551155e-14
0.957625,-0.0599403337445172
0.95775,-0.0847684329147417
0.957875,-0.0599403337446145
0.958,-9.3372807291029e-14
0.958125,0.059940333744537
0.95825,0.0847684329147417
0.958375,0.0599403337445947
0.9585,6.53754971133911e-14
0.958625,-0.0599403337445022
0.95875,-0.0847684329147417
0.958875,-0.0599403337445749
0.959,-3.73781869357531e-14
0.959125,0.059940333744522
0.95925,0.0847684329147417
0.959375,0.0599403337446096
0.9595,9.38087675811514e-15
0.959625,-0.0599403337445418
0.95975,-0.0847684329147417
0.959875,-0.0599403337445898
0.96,-5.84800071940286e-14
0.960125,0.0599403337445616
0.96025,0.0847684329147417
0.960375,0.0599403337446245
0.9605,3.04826970163907e-14
0.960625,-0.0599403337445269
0.96075,-0.0847684329147417
0.960875,-0.0599403337446048
0.961,-7.95818274523042e-14
0.961125,0.0599403337445467
0.96125,0.0847684329147417
0.961375,0.0599403337446395
0.9615,5.15845172746662e-14
0.961625,-0.059940333744512
0.96175,-0.0847684329147417
0.961875,-0.0599403337446197
0.962,-1.0068364771058e-13
0.962125,0.0599403337445318
0.96225,0.0847684329147417
0.962375,0.0599403337445999
0.9625,7.26863375329417e-14
0.962625,-0.0599403337444971
0.96275,-0.0847684329147417
0.962875,-0.0599403337445801
0.963,-4.46890273553038e-14
0.963125,0.0599403337445169
0.96325,0.0847684329147417
0.963375,0.0599403337446148
0.9635,1.66917171776658e-14
0.963625,-0.0599403337445367
0.96375,-0.0847684329147417
0.963875,-0.059940333744595
0.964,-6.57908476135793e-14
0.964125,0.0599403337445565
0.96425,0.0847684329147417
0.964375,0.0599403337446297
0.9645,3.77935374359413e-14
0.964625,-0.0599403337445218
0.96475,-0.0847684329147417
0.964875,-0.0599403337446099
0.965,-8.68926678718548e-14
0.965125,0.0599403337445416
0.96525,0.0847684329147417
0.965375,0.0599403337445901
0.9655,5.88953576942169e-14
0.965625,-0.0599403337445068
0.96575,-0.0847684329147417
0.965875,-0.0599403337445703
0.966,-3.08980475165789e-14
0.966125,0.0599403337445266
0.96625,0.0847684329147417
0.966375,0.059940333744605
0.9665,2.90073733894094e-15
0.966625,-0.0599403337444919
0.96675,-0.0847684329147417
0.966875,-0.0599403337445852
0.967,-5.19998677748545e-14
0.967125,0.0599403337445117
0.96725,0.0847684329147417
0.967375,0.05994033374462
0.9675,2.40025575972165e-14
0.967625,-0.0599403337445315
0.96775,-0.0847684329147417
0.967875,-0.0599403337446002
0.968,-7.310168803313e-14
0.968125,0.0599403337445513
0.96825,0.0847684329147417
0.968375,0.0599403337446349
0.9685,4.5104377855492e-14
0.968625,-0.0599403337445166
0.96875,-0.0847684329147417
0.968875,-0.0599403337446151
0.969,-9.42035082914055e-14
0.969125,0.0599403337445364
0.96925,0.0847684329147417
0.969375,0.0599403337445953
0.9695,6.62061981137676e-14
0.969625,-0.0599403337445017
0.96975,-0.0847684329147417
0.969875,-0.0599403337445755
0.97,-3.82088879361296e-14
0.970125,0.0599403337445215
0.97025,0.0847684329147417
0.970375,0.0599403337446102
0.9705,1.02115777584916e-14
0.970625,-0.0599403337445413
0.97075,-0.0847684329147417
0.970875,-0.0599403337445904
0.971,-5.93107081944051e-14
0.971125,0.0599403337445611
0.97125,0.0847684329147417
0.971375,0.0599403337446251
0.9715,3.13133980167672e-14
0.971625,-0.0599403337445263
0.97175,-0.0847684329147417
0.971875,-0.0599403337446053
0.972,-8.04125284526807e-14
0.972125,0.0599403337445461
0.97225,0.0847684329147417
0.972375,0.0599403337445855
0.9725,5.24152182750427e-14
0.972625,-0.0599403337445114
0.97275,-0.0847684329147417
0.972875,-0.0599403337445657
0.973,-1.01514348710956e-13
0.973125,0.0599403337445312
0.97325,0.0847684329147417
0.973375,0.0599403337446005
0.9735,7.35170385333182e-14
0.973625,-0.0599403337444965
0.97375,-0.0847684329147417
0.973875,-0.0599403337445807
0.974,-4.55197283556803e-14
0.974125,0.0599403337445163
0.97425,0.0847684329147417
0.974375,0.0599403337446154
0.9745,1.75224181780423e-14
0.974625,-0.0599403337445361
0.97475,-0.0847684329147417
0.974875,-0.0599403337445956
0.975,-6.66215486139558e-14
0.975125,0.0599403337445559
0.97525,0.0847684329147417
0.975375,0.0599403337446303
0.9755,3.86242384363178e-14
0.975625,-0.0599403337445212
0.97575,-0.0847684329147417
0.975875,-0.0599403337446105
0.976,-8.77233688722313e-14
0.976125,0.059940333744541
0.97625,0.0847684329147417
0.976375,0.0599403337445907
0.9765,5.97260586945934e-14
0.976625,-0.0599403337445062
0.97675,-0.0847684329147417
0.976875,-0.0599403337445709
0.977,-3.17287485169554e-14
0.977125,0.059940333744526
0.97725,0.0847684329147417
0.977375,0.0599403337446056
0.9775,3.73143833931742e-15
0.977625,-0.0599403337445458
0.97775,-0.0847684329147417
0.977875,-0.0599403337445858
0.978,-5.28305687752309e-14
0.978125,0.0599403337445656
0.97825,0.0847684329147417
0.978375,0.0599403337446205
0.9785,2.4833258597593e-14
0.978625,-0.0599403337445309
0.97875,-0.0847684329147417
0.978875,-0.0599403337446008
0.979,-7.39323890335065e-14
0.979125,0.0599403337445507
0.97925,0.0847684329147417
0.979375,0.0599403337446355
0.9795,4.59350788558685e-14
0.979625,-0.059940333744516
0.97975,-0.0847684329147417
0.979875,-0.0599403337446157
0.98,-9.5034209291782e-14
0.980125,0.0599403337445358
0.98025,0.0847684329147417
0.980375,0.0599403337445959
0.9805,6.7036899114144e-14
0.980625,-0.0599403337445011
0.98075,-0.0847684329147417
0.980875,-0.0599403337445761
0.981,-3.90395889365061e-14
0.981125,0.0599403337445209
0.98125,0.0847684329147417
0.981375,0.0599403337446108
0.9815,1.10422787588681e-14
0.981625,-0.0599403337445407
0.98175,-0.0847684329147417
0.981875,-0.059940333744591
0.982,-6.01414091947816e-14
0.982125,0.0599403337445605
0.98225,0.0847684329147417
0.982375,0.0599403337446257
0.9825,3.21440990171436e-14
0.982625,-0.0599403337445257
0.98275,-0.0847684329147417
0.982875,-0.0599403337446059
0.983,-8.12432294530571e-14
0.983125,0.0599403337445455
0.98325,0.0847684329147417
0.983375,0.0599403337445861
0.9835,5.32459192754192e-14
0.983625,-0.0599403337445108
0.98375,-0.0847684329147417
0.983875,-0.0599403337445663
0.984,-2.52486090977812e-14
0.984125,0.0599403337445306
0.98425,0.0847684329147417
0.984375,0.059940333744601
0.9845,-2.74870107985677e-15
0.984625,-0.0599403337444959
0.98475,-0.0847684329147417
0.984875,-0.0599403337446358
0.985,-4.63504293560567e-14
0.985125,0.0599403337445702
0.98525,0.0847684329147417
0.985375,0.059940333744616
0.9855,1.83531191784188e-14
0.985625,-0.0599403337445355
0.98575,-0.0847684329147417
0.985875,-0.0599403337446507
0.986,-6.74522496143323e-14
0.986125,0.0599403337445553
0.98625,0.0847684329147417
0.986375,0.0599403337446309
0.9865,3.94549394366943e-14
0.986625,-0.0599403337445206
0.98675,-0.0847684329147417
0.986875,-0.0599403337446111
0.987,-8.85540698726078e-14
0.987125,0.0599403337445404
0.98725,0.0847684329147417
0.987375,0.0599403337445913
0.9875,6.05567596949698e-14
0.987625,-0.0599403337445057
0.98775,-0.0847684329147417
0.987875,-0.059940333744626
0.988,-3.25594495173319e-14
0.988125,0.0599403337445255
0.98825,0.0847684329147417
0.988375,0.0599403337446062
0.9885,4.5621393396939e-15
0.988625,-0.0599403337445453
0.98875,-0.0847684329147417
0.988875,-0.0599403337446409
0.989,-5.36612697756074e-14
0.989125,0.059940333744565
0.98925,0.0847684329147417
0.989375,0.0599403337446211
0.9895,2.56639595979694e-14
0.989625,-0.0599403337445303
0.98975,-0.0847684329147417
0.989875,-0.0599403337446013
0.99,-7.47630900338829e-14
0.990125,0.0599403337445501
0.99025,0.0847684329147417
0.990375,0.0599403337445815
0.9905,4.6765779856245e-14
0.990625,-0.0599403337445154
0.99075,-0.0847684329147417
0.990875,-0.0599403337446163
0.991,-9.58649102921585e-14
0.991125,0.0599403337445352
0.99125,0.0847684329147417
0.991375,0.0599403337445965
0.9915,-9.22884049903096e-15
0.991625,-0.0599403337445005
0.99175,-0.0847684329147417
0.991875,-0.0599403337446312
0.992,-3.98702899368825e-14
0.992125,0.0599403337445203
0.99225,0.0847684329147417
0.992375,0.0599403337446114
0.9925,1.18729797592446e-14
0.992625,-0.0599403337445401
0.99275,-0.0847684329147417
0.992875,-0.0599403337446461
0.993,-6.09721101951581e-14
0.993125,0.0599403337445599
0.99325,0.0847684329147417
0.993375,0.0599403337446263
0.9935,3.29748000175201e-14
0.993625,-0.0599403337445252
0.99375,-0.0847684329147417
0.993875,-0.0599403337446065
0.994,-8.20739304534336e-14
0.994125,0.059940333744545
0.99425,0.0847684329147417
0.994375,0.0599403337445867
0.9945,5.40766202757956e-14
0.994625,-0.0599403337445102
0.99475,-0.0847684329147417
0.994875,-0.0599403337446214
0.995,-2.60793100981577e-14
0.995125,0.05994033374453
0.99525,0.0847684329147417
0.995375,0.0599403337446016
0.9955,-1.91800007948029e-15
0.995625,-0.0599403337445498
0.99575,-0.0847684329147417
0.995875,-0.0599403337446364
0.996,-4.71811303564332e-14
0.996125,0.0599403337445696
0.99625,0.0847684329147417
0.996375,0.0599403337446166
0.9965,1.91838201787952e-14
0.996625,-0.0599403337445349
0.99675,-0.0847684329147417
0.996875,-0.0599403337446513
0.997,-6.82829506147087e-14
0.997125,0.0599403337445547
0.99725,0.0847684329147417
0.997375,0.0599403337446315
0.9975,4.02856404370708e-14
0.997625,-0.05994033374452
0.99775,-0.0847684329147417
0.997875,-0.0599403337446117
0.998,-8.93847708729843e-14
0.998125,0.0599403337445398
0.99825,0.0847684329147417
0.998375,0.0599403337445919
0.9985,6.13874606953463e-14
0.998625,-0.0599403337445051
0.99875,-0.0847684329147417
0.998875,-0.0599403337446266
0.999,-3.33901505177083e-14
0.999125,0.0599403337445249
0.99925,0.0847684329147417
0.999375,0.0599403337446068
0.9995,5.39284034007038e-15
0.999625,-0.0599403337445447
0.99975,-0.0847684329147417
0.999875,-0.0599403337446415
1,-5.44919707759839e-14
1.000125,0.0599403337445099
1.00025,0.0847684329147417
1.000375,0.0599403337446217
1.0005,1.03591101211897e-13
1.000625,-0.0599403337445843
1.00075,-0.0847684329147417
1.000875,-0.0599403337446019
1.001,-7.55937910342594e-14
1.001125,0.0599403337445495
1.00125,0.0847684329147417
1.001375,0.0599403337446366
1.0015,4.75964808566214e-14
1.001625,-0.0599403337445148
1.00175,-0.0847684329147417
1.001875,-0.0599403337445623
1.002,-1.95991706789835e-14
1.002125,0.0599403337444801
1.00225,0.0847684329147417
1.002375,0.0599403337445971
1.0025,6.8698301114897e-14
1.002625,-0.0599403337445544
1.00275,-0.0847684329147417
1.002875,-0.0599403337446318
1.003,-1.1779743155081e-13
1.003125,0.0599403337445742
1.00325,0.0847684329147417
1.003375,0.0599403337446665
1.0035,1.2703680759621e-14
1.003625,-0.0599403337445395
1.00375,-0.0847684329147417
1.003875,-0.0599403337445922
1.004,-6.18028111955345e-14
1.004125,0.0599403337445048
1.00425,0.0847684329147417
1.004375,0.0599403337446269
1.0045,1.10901941631448e-13
1.004625,-0.0599403337445791
1.00475,-0.0847684329147417
1.004875,-0.0599403337446071
1.005,-8.29046314538101e-14
1.005125,0.0599403337445444
1.00525,0.0847684329147417
1.005375,0.0599403337446418
1.0055,5.49073212761721e-14
1.005625,-0.0599403337445097
1.00575,-0.0847684329147417
1.005875,-0.0599403337445675
1.006,-2.69100110985341e-14
1.006125,0.0599403337445294
1.00625,0.0847684329147417
1.006375,0.0599403337446022
1.0065,7.60091415344477e-14
1.006625,-0.0599403337445492
1.00675,-0.0847684329147417
1.006875,-0.0599403337446369
1.007,-1.25108271970361e-13
1.007125,0.0599403337445691
1.00725,0.0847684329147417
1.007375,0.0599403337446171
1.0075,2.00145211791717e-14
1.007625,-0.0599403337445343
1.00775,-0.0847684329147417
1.007875,-0.0599403337445973
1.008,-6.91136516150852e-14
1.008125,0.0599403337444996
1.00825,0.0847684329147417
1.008375,0.0599403337445776
1.0085,1.18212782050999e-13
1.008625,-0.0599403337445739
1.00875,-0.0847684329147417
1.008875,-0.0599403337446123
1.009,-9.02154718733607e-14
1.009125,0.0599403337445392
1.00925,0.0847684329147417
1.009375,0.059940333744647
1.0095,-1.48782789178287e-14
1.009625,-0.0599403337445045
1.00975,-0.0847684329147417
1.009875,-0.0599403337445727
1.01,-3.42208515180848e-14
1.010125,0.0599403337445243
1.01025,0.0847684329147417
1.010375,0.0599403337446074
1.0105,8.33199819539983e-14
1.010625,-0.0599403337445986
1.01075,-0.0847684329147417
1.010875,-0.0599403337446421
1.011,-1.32419112389912e-13
1.011125,0.0599403337445639
1.01125,0.0847684329147417
1.011375,0.0599403337446223
1.0115,2.73253615987224e-14
1.011625,-0.0599403337445292
1.01175,-0.0847684329147417
1.011875,-0.0599403337446025
1.012,-7.64244920346359e-14
1.012125,0.0599403337444944
1.01225,0.0847684329147417
1.012375,0.0599403337445827
1.0125,4.84271818569979e-14
1.012625,-0.0599403337445687
1.01275,-0.0847684329147417
1.012875,-0.0599403337446174
1.013,-9.75263122929114e-14
1.013125,0.059940333744534
1.01325,0.0847684329147417
1.013375,0.0599403337446522
1.0135,-7.56743849827801e-15
1.013625,-0.0599403337445538
1.01375,-0.0847684329147417
1.013875,-0.0599403337445778
1.014,-4.15316919376355e-14
1.014125,0.0599403337445191
1.01425,0.0847684329147417
1.014375,0.0599403337446126
1.0145,9.0630822373549e-14
1.014625,-0.0599403337445934
1.01475,-0.0847684329147417
1.014875,-0.0599403337446473
1.015,-1.39729952809463e-13
1.015125,0.0599403337445587
1.01525,0.0847684329147417
1.015375,0.0599403337446275
1.0155,3.46362020182731e-14
1.015625,-0.059940333744524
1.01575,-0.0847684329147417
1.015875,-0.0599403337445532
1.016,-8.37353324541866e-14
1.016125,0.0599403337444893
1.01625,0.0847684329147417
1.016375,0.0599403337445879
1.0165,5.57380222765486e-14
1.016625,-0.0599403337445091
1.01675,-0.0847684329147417
1.016875,-0.0599403337446226
1.017,-1.04837152712462e-13
1.017125,0.0599403337445289
1.01725,0.0847684329147417
1.017375,0.0599403337446573
1.0175,-2.56598078727341e-16
1.017625,-0.0599403337445487
1.01775,-0.0847684329147417
1.017875,-0.059940333744583
1.018,-4.88425323571862e-14
1.018125,0.0599403337445139
1.01825,0.0847684329147417
1.018375,0.0599403337446177
1.0185,9.79416627930997e-14
1.018625,-0.0599403337444792
1.01875,-0.0847684329147417
1.018875,-0.0599403337445979
1.019,-6.99443526154617e-14
1.019125,0.0599403337445535
1.01925,0.0847684329147417
1.019375,0.0599403337446327
1.0195,4.19470424378237e-14
1.019625,-0.0599403337445188
1.01975,-0.0847684329147417
1.019875,-0.0599403337445583
1.02,-1.39497322601858e-14
1.020125,0.0599403337445386
1.02025,0.0847684329147417
1.020375,0.0599403337445931
1.0205,6.30488626960993e-14
1.020625,-0.0599403337445039
1.02075,-0.0847684329147417
1.020875,-0.0599403337446278
1.021,-1.12147993132013e-13
1.021125,0.0599403337445782
1.02125,0.0847684329147417
1.021375,0.0599403337446625
1.0215,7.05424234082333e-15
1.021625,-0.0599403337445435
1.02175,-0.0847684329147417
1.021875,-0.0599403337445882
1.022,-5.61533727767368e-14
1.022125,0.0599403337445088
1.02225,0.0847684329147417
1.022375,0.0599403337446229
1.0225,1.0525250321265e-13
1.022625,-0.0599403337444741
1.02275,-0.0847684329147417
1.022875,-0.0599403337446031
1.023,-7.72551930350124e-14
1.023125,0.0599403337445484
1.02325,0.0847684329147417
1.023375,0.0599403337446378
1.0235,4.92578828573744e-14
1.023625,-0.0599403337445136
1.02375,-0.0847684329147417
1.023875,-0.0599403337445635
1.024,-2.12605726797364e-14
1.024125,0.0599403337445334
1.02425,0.0847684329147417
1.024375,0.0599403337445982
1.0245,7.03597031156499e-14
1.024625,-0.0599403337444987
1.02475,-0.0847684329147417
1.024875,-0.059940333744633
1.025,-1.19458833551563e-13
1.025125,0.059940333744573
1.02525,0.0847684329147417
1.025375,0.0599403337446131
1.0255,1.4365082760374e-14
1.025625,-0.0599403337445383
1.02575,-0.0847684329147417
1.025875,-0.0599403337445934
1.026,-6.34642131962875e-14
1.026125,0.0599403337445036
1.02625,0.0847684329147417
1.026375,0.0599403337445736
1.0265,3.54669030186495e-14
1.026625,-0.0599403337444689
1.02675,-0.0847684329147417
1.026875,-0.0599403337446083
1.027,-8.4566033454563e-14
1.027125,0.0599403337445432
1.02725,0.0847684329147417
1.027375,0.059940333744643
1.0275,-2.05277173366264e-14
1.027625,-0.0599403337445085
1.02775,-0.0847684329147417
1.027875,-0.0599403337445687
1.028,-2.85714130992871e-14
1.028125,0.0599403337445283
1.02825,0.0847684329147417
1.028375,0.0599403337446034
1.0285,7.76705435352006e-14
1.028625,-0.0599403337444935
1.02875,-0.0847684329147417
1.028875,-0.0599403337446381
1.029,-1.26769673971114e-13
1.029125,0.0599403337445679
1.02925,0.0847684329147417
1.029375,0.0599403337446183
1.0295,2.16759231799247e-14
1.029625,-0.0599403337445332
1.02975,-0.0847684329147417
1.029875,-0.0599403337445985
1.03,-7.07750536158382e-14
1.030125,0.0599403337444984
1.03025,0.0847684329147417
1.030375,0.0599403337445787
1.0305,4.27777434382002e-14
1.030625,-0.0599403337445182
1.03075,-0.0847684329147417
1.030875,-0.0599403337446134
1.031,-9.18768738741137e-14
1.031125,0.059940333744538
1.03125,0.0847684329147417
1.031375,0.0599403337446482
1.0315,-1.32168769170757e-14
1.031625,-0.0599403337445578
1.03175,-0.0847684329147417
1.031875,-0.0599403337445738
1.032,-3.58822535188378e-14
1.032125,0.0599403337445231
1.03225,0.0847684329147417
1.032375,0.0599403337446086
1.0325,8.49813839547513e-14
1.032625,-0.0599403337444884
1.03275,-0.0847684329147417
1.032875,-0.0599403337445888
1.033,-1.34080514390665e-13
1.033125,0.0599403337445627
1.03325,0.0847684329147417
1.033375,0.0599403337446235
1.0335,2.89867635994753e-14
1.033625,-0.059940333744528
1.03375,-0.0847684329147417
1.033875,-0.0599403337445492
1.034,-7.80858940353888e-14
1.034125,0.0599403337444933
1.03425,0.0847684329147417
1.034375,0.0599403337445839
1.0345,5.00885838577509e-14
1.034625,-0.0599403337445131
1.03475,-0.0847684329147417
1.034875,-0.0599403337446186
1.035,-9.91877142936644e-14
1.035125,0.0599403337445329
1.03525,0.0847684329147417
1.035375,0.0599403337446533
1.0355,-5.90603649752506e-15
1.035625,-0.0599403337445527
1.03575,-0.0847684329147417
1.035875,-0.059940333744579
1.036,-4.31930939383884e-14
1.036125,0.0599403337445179
1.03625,0.0847684329147417
1.036375,0.0599403337446137
1.0365,9.22922243743019e-14
1.036625,-0.0599403337444832
1.03675,-0.0847684329147417
1.036875,-0.0599403337445939
1.037,-6.4294914196664e-14
1.037125,0.0599403337445575
1.03725,0.0847684329147417
1.037375,0.0599403337446287
1.0375,3.6297604019026e-14
1.037625,-0.0599403337445228
1.03775,-0.0847684329147417
1.037875,-0.0599403337445543
1.038,-8.30029384138805e-15
1.038125,0.0599403337445426
1.03825,0.0847684329147417
1.038375,0.0599403337445891
1.0385,5.73994242773015e-14
1.038625,-0.0599403337445079
1.03875,-0.0847684329147417
1.038875,-0.0599403337446238
1.039,-1.06498554713215e-13
1.039125,0.0599403337445822
1.03925,0.0847684329147417
1.039375,0.0599403337446585
1.0395,1.40480392202561e-15
1.039625,-0.0599403337445475
1.03975,-0.0847684329147417
1.039875,-0.0599403337445842
1.04,-5.05039343579391e-14
1.040125,0.0599403337445128
1.04025,0.0847684329147417
1.040375,0.0599403337446189
1.0405,9.96030647938526e-14
1.040625,-0.059940333744478
1.04075,-0.0847684329147417
1.040875,-0.0599403337445991
1.041,-7.16057546162146e-14
1.041125,0.0599403337445524
1.04125,0.0847684329147417
1.041375,0.0599403337446338
1.0415,4.36084444385767e-14
1.041625,-0.0599403337445176
1.04175,-0.0847684329147417
1.041875,-0.0599403337445595
1.042,-1.56111342609387e-14
1.042125,0.0599403337445374
1.04225,0.0847684329147417
1.042375,0.0599403337445942
1.0425,6.47102646968522e-14
1.042625,-0.0599403337445027
1.04275,-0.0847684329147417
1.042875,-0.0599403337446289
1.043,-1.13809395132766e-13
1.043125,0.059940333744577
1.04325,0.0847684329147417
1.043375,0.0599403337446092
1.0435,8.71564434157628e-15
1.043625,-0.0599403337445423
1.04375,-0.0847684329147417
1.043875,-0.0599403337445894
1.044,-5.78147747774898e-14
1.044125,0.0599403337445076
1.04425,0.0847684329147417
1.044375,0.0599403337445696
1.0445,2.98174645998518e-14
1.044625,-0.0599403337444729
1.04475,-0.0847684329147417
1.044875,-0.0599403337446043
1.045,-7.89165950357653e-14
1.045125,0.0599403337445472
1.04525,0.0847684329147417
1.045375,0.059940333744639
1.0455,-2.61771557554241e-14
1.045625,-0.059940333744567
1.04575,-0.0847684329147417
1.045875,-0.0599403337445647
1.046,-2.29219746804894e-14
1.046125,0.0599403337445323
1.04625,0.0847684329147417
1.046375,0.0599403337445994
1.0465,7.20211051164029e-14
1.046625,-0.0599403337444976
1.04675,-0.0847684329147417
1.046875,-0.0599403337446341
1.047,-1.21120235552316e-13
1.047125,0.0599403337445719
1.04725,0.0847684329147417
1.047375,0.0599403337446143
1.0475,1.6026484761127e-14
1.047625,-0.0599403337445371
1.04775,-0.0847684329147417
1.047875,-0.059940333744649
1.048,-6.51256151970405e-14
1.048125,0.0599403337445024
1.04825,0.0847684329147417
1.048375,0.0599403337445747
1.0485,3.71283050194025e-14
1.048625,-0.0599403337445222
1.04875,-0.0847684329147417
1.048875,-0.0599403337446094
1.049,-8.6227435455316e-14
1.049125,0.059940333744542
1.04925,0.0847684329147417
1.049375,0.0599403337446442
1.0495,-1.88663153358734e-14
1.049625,-0.0599403337445618
1.04975,-0.0847684329147417
1.049875,-0.0599403337446789
1.05,-3.02328151000401e-14
1.050125,0.0599403337445271
1.05025,0.0847684329147417
1.050375,0.0599403337446046
1.0505,7.93319455359536e-14
1.050625,-0.0599403337444924
1.05075,-0.0847684329147417
1.050875,-0.0599403337445848
1.051,-1.28431075971867e-13
1.051125,0.0599403337445667
1.05125,0.0847684329147417
1.051375,0.0599403337446195
1.0515,2.33373251806776e-14
1.051625,-0.059940333744532
1.05175,-0.0847684329147417
1.051875,-0.0599403337446542
1.052,4.65998499696034e-15
1.052125,0.0599403337444973
1.05225,0.0847684329147417
1.052375,0.0599403337445799
1.0525,4.44391454389532e-14
1.052625,-0.0599403337445171
1.05275,-0.0847684329147417
1.052875,-0.0599403337446146
1.053,-9.35382758748667e-14
1.053125,0.0599403337445369
1.05325,0.0847684329147417
1.053375,0.0599403337446493
1.0535,-1.15554749163228e-14
1.053625,-0.0599403337445566
1.05375,-0.0847684329147417
1.053875,-0.0599403337446295
1.054,-3.75436555195907e-14
1.054125,0.0599403337445219
1.05425,0.0847684329147417
1.054375,0.0599403337446097
1.0545,8.66427859555042e-14
1.054625,-0.0599403337444872
1.05475,-0.0847684329147417
1.054875,-0.05994033374459
1.055,-5.86454757778663e-14
1.055125,0.0599403337445615
1.05525,0.0847684329147417
1.055375,0.0599403337446247
1.0555,3.06481656002283e-14
1.055625,-0.0599403337445268
1.05575,-0.0847684329147417
1.055875,-0.0599403337446594
1.056,-2.65085542259033e-15
1.056125,0.0599403337445466
1.05625,0.0847684329147417
1.056375,0.0599403337445851
1.0565,5.17499858585038e-14
1.056625,-0.0599403337445119
1.05675,-0.0847684329147417
1.056875,-0.0599403337446198
1.057,-1.00849116294417e-13
1.057125,0.0599403337445862
1.05725,0.0847684329147417
1.057375,0.0599403337446545
1.0575,-4.2446344967721e-15
1.057625,-0.0599403337445515
1.05775,-0.0847684329147417
1.057875,-0.0599403337446347
1.058,-4.48544959391414e-14
1.058125,0.0599403337445168
1.05825,0.0847684329147417
1.058375,0.0599403337445604
1.0585,9.39536263750549e-14
1.058625,-0.059940333744482
1.05875,-0.0847684329147417
1.058875,-0.0599403337445951
1.059,-6.59563161974169e-14
1.059125,0.0599403337445564
1.05925,0.0847684329147417
1.059375,0.0599403337446298
1.0595,3.7959006019779e-14
1.059625,-0.0599403337445216
1.05975,-0.0847684329147417
1.059875,-0.0599403337446646
1.06,-9.961695842141e-15
1.060125,0.0599403337445414
1.06025,0.0847684329147417
1.060375,0.0599403337445902
1.0605,5.90608262780545e-14
1.060625,-0.0599403337445067
1.06075,-0.0847684329147417
1.060875,-0.059940333744625
1.061,-1.08159956713968e-13
1.061125,0.059940333744581
1.06125,0.0847684329147417
1.061375,0.0599403337446052
1.0615,3.06620592277857e-15
1.061625,-0.0599403337445463
1.06175,-0.0847684329147417
1.061875,-0.0599403337446399
1.062,-5.21653363586921e-14
1.062125,0.0599403337445116
1.06225,0.0847684329147417
1.062375,0.0599403337445656
1.0625,2.41680261810541e-14
1.062625,-0.0599403337444769
1.06275,-0.0847684329147417
1.062875,-0.0599403337446003
1.063,-7.32671566169676e-14
1.063125,0.0599403337445512
1.06325,0.0847684329147417
1.063375,0.059940333744635
1.0635,1.22366287052881e-13
1.063625,-0.059940333744571
1.06375,-0.0847684329147417
1.063875,-0.0599403337446697
1.064,-1.72725362616917e-14
1.064125,0.0599403337445363
1.06425,0.0847684329147417
1.064375,0.0599403337445954
1.0645,6.63716666976052e-14
1.064625,-0.0599403337445015
1.06475,-0.0847684329147417
1.064875,-0.0599403337446301
1.065,-1.15470797133519e-13
1.065125,0.0599403337445759
1.06525,0.0847684329147417
1.065375,0.0599403337446103
1.0655,8.74734869558807e-14
1.065625,-0.0599403337445411
1.06575,-0.0847684329147417
1.065875,-0.0599403337446451
1.066,-5.94761767782427e-14
1.066125,0.0599403337445064
1.06625,0.0847684329147417
1.066375,0.0599403337445707
1.0665,3.14788666006048e-14
1.066625,-0.0599403337445262
1.06675,-0.0847684329147417
1.066875,-0.0599403337446055
1.067,-8.05779970365183e-14
1.067125,0.059940333744546
1.06725,0.0847684329147417
1.067375,0.0599403337446402
1.0675,1.29677127472432e-13
1.067625,-0.0599403337445658
1.06775,-0.0847684329147417
1.067875,-0.0599403337446204
1.068,-2.45833766812423e-14
1.068125,0.0599403337445311
1.06825,0.0847684329147417
1.068375,0.0599403337446006
1.0685,7.36825071171558e-14
1.068625,-0.0599403337444964
1.06875,-0.0847684329147417
1.068875,-0.0599403337445808
1.069,-1.22781637553069e-13
1.069125,0.0599403337445707
1.06925,0.0847684329147417
1.069375,0.0599403337446155
1.0695,9.47843273754314e-14
1.069625,-0.059940333744536
1.06975,-0.0847684329147417
1.069875,-0.0599403337446502
1.07,1.03094234157581e-14
1.070125,0.0599403337445013
1.07025,0.0847684329147417
1.070375,0.0599403337445759
1.0705,3.87897070201554e-14
1.070625,-0.0599403337445211
1.07075,-0.0847684329147417
1.070875,-0.0599403337446106
1.071,-8.78888374560689e-14
1.071125,0.0599403337445954
1.07125,0.0847684329147417
1.071375,0.0599403337446453
1.0715,1.36987967891982e-13
1.071625,-0.0599403337445606
1.07175,-0.0847684329147417
1.071875,-0.0599403337446255
1.072,-3.1894217100793e-14
1.072125,0.0599403337445259
1.07225,0.0847684329147417
1.072375,0.0599403337446058
1.0725,8.09933475367065e-14
1.072625,-0.0599403337444912
1.07275,-0.0847684329147417
1.072875,-0.059940333744586
1.073,-5.29960373590685e-14
1.073125,0.0599403337445655
1.07325,0.0847684329147417
1.073375,0.0599403337446207
1.0735,1.02095167794982e-13
1.073625,-0.0599403337445308
1.07375,-0.0847684329147417
1.073875,-0.0599403337446554
1.074,2.99858299620739e-15
1.074125,0.0599403337445506
1.07425,0.0847684329147417
1.074375,0.0599403337445811
1.0745,4.61005474397061e-14
1.074625,-0.0599403337445159
1.07475,-0.0847684329147417
1.074875,-0.0599403337446158
1.075,-9.51996778756196e-14
1.075125,0.0599403337445902
1.07525,0.0847684329147417
1.075375,0.0599403337446505
1.0755,1.44298808311533e-13
1.075625,-0.0599403337445555
1.07575,-0.0847684329147417
1.075875,-0.0599403337446307
1.076,-3.92050575203437e-14
1.076125,0.0599403337445208
1.07625,0.0847684329147417
1.076375,0.0599403337445564
1.0765,8.83041879562572e-14
1.076625,-0.059940333744486
1.07675,-0.0847684329147417
1.076875,-0.0599403337445911
1.077,-6.03068777786192e-14
1.077125,0.0599403337445603
1.07725,0.0847684329147417
1.077375,0.0599403337446258
1.0775,1.09406008214533e-13
1.077625,-0.0599403337445256
1.07775,-0.0847684329147417
1.077875,-0.0599403337446606
1.078,-4.31225742334328e-15
1.078125,0.0599403337445454
1.07825,0.0847684329147417
1.078375,0.0599403337445862
1.0785,5.34113878592568e-14
1.078625,-0.0599403337445107
1.07875,-0.0847684329147417
1.078875,-0.059940333744621
1.079,-1.0251051829517e-13
1.079125,0.059940333744476
1.07925,0.0847684329147417
1.079375,0.0599403337446012
1.0795,7.45132081175323e-14
1.079625,-0.0599403337445503
1.07975,-0.0847684329147417
1.079875,-0.0599403337446359
1.08,-4.65158979398944e-14
1.080125,0.0599403337445156
1.08025,0.0847684329147417
1.080375,0.0599403337445616
1.0805,1.85185877622564e-14
1.080625,-0.0599403337445354
1.08075,-0.0847684329147417
1.080875,-0.0599403337445963
1.081,-6.76177181981699e-14
1.081125,0.0599403337445007
1.08125,0.0847684329147417
1.081375,0.059940333744631
1.0815,1.16716848634083e-13
1.081625,-0.059940333744575
1.08175,-0.0847684329147417
1.081875,-0.0599403337446657
1.082,-1.1623097842894e-14
1.082125,0.0599403337445403
1.08225,0.0847684329147417
1.082375,0.0599403337445914
1.0825,6.07222282788074e-14
1.082625,-0.0599403337445055
1.08275,-0.0847684329147417
1.082875,-0.0599403337446261
1.083,-1.09821358714721e-13
1.083125,0.0599403337444708
1.08325,0.0847684329147417
1.083375,0.0599403337446063
1.0835,8.1824048537083e-14
1.083625,-0.0599403337445451
1.08375,-0.0847684329147417
1.083875,-0.0599403337446411
1.084,-5.3826738359445e-14
1.084125,0.0599403337445104
1.08425,0.0847684329147417
1.084375,0.0599403337445667
1.0845,2.58294281818071e-14
1.084625,-0.0599403337445302
1.08475,-0.0847684329147417
1.084875,-0.0599403337446015
1.085,-7.49285586177206e-14
1.085125,0.0599403337444955
1.08525,0.0847684329147417
1.085375,0.0599403337446362
1.0855,1.24027689053634e-13
1.085625,-0.0599403337445698
1.08575,-0.0847684329147417
1.085875,-0.0599403337446164
1.086,-1.89339382624446e-14
1.086125,0.0599403337445351
1.08625,0.0847684329147417
1.086375,0.0599403337445966
1.0865,6.80330686983581e-14
1.086625,-0.0599403337445004
1.08675,-0.0847684329147417
1.086875,-0.0599403337445768
1.087,-4.00357585207202e-14
1.087125,0.0599403337444657
1.08725,0.0847684329147417
1.087375,0.0599403337446115
1.0875,8.91348889566337e-14
1.087625,-0.05994033374454
1.08775,-0.0847684329147417
1.087875,-0.0599403337446462
1.088,1.59588618345558e-14
1.088125,0.0599403337445052
1.08825,0.0847684329147417
1.088375,0.0599403337445719
1.0885,3.31402686013577e-14
1.088625,-0.059940333744525
1.08875,-0.0847684329147417
1.088875,-0.0599403337446066
1.089,-8.22393990372712e-14
1.089125,0.0599403337444903
1.08925,0.0847684329147417
1.089375,0.0599403337446413
1.0895,1.31338529473185e-13
1.089625,-0.0599403337445646
1.08975,-0.0847684329147417
1.089875,-0.0599403337446215
1.09,-2.62447786819953e-14
1.090125,0.0599403337445299
1.09025,0.0847684329147417
1.090375,0.0599403337446018
1.0905,7.53439091179088e-14
1.090625,-0.0599403337444952
1.09075,-0.0847684329147417
1.090875,-0.059940333744582
1.091,-4.73465989402708e-14
1.091125,0.059940333744515
1.09125,0.0847684329147417
1.091375,0.0599403337446167
1.0915,9.64457293761843e-14
1.091625,-0.0599403337445348
1.09175,-0.0847684329147417
1.091875,-0.0599403337446514
1.092,8.6480214150051e-15
1.092125,0.0599403337445546
1.09225,0.0847684329147417
1.092375,0.0599403337445771
1.0925,4.04511090209084e-14
1.092625,-0.0599403337445199
1.09275,-0.0847684329147417
1.092875,-0.0599403337446118
1.093,-8.95502394568219e-14
1.093125,0.0599403337444852
1.09325,0.0847684329147417
1.093375,0.059940333744592
1.0935,1.38649369892735e-13
1.093625,-0.0599403337445595
1.09375,-0.0847684329147417
1.093875,-0.0599403337446267
1.094,-3.3555619101546e-14
1.094125,0.0599403337445248
1.09425,0.0847684329147417
1.094375,0.0599403337445524
1.0945,8.26547495374595e-14
1.094625,-0.05994033374449
1.09475,-0.0847684329147417
1.094875,-0.0599403337445871
1.095,-5.46574393598215e-14
1.095125,0.0599403337445098
1.09525,0.0847684329147417
1.095375,0.0599403337446218
1.0955,1.03756569795735e-13
1.095625,-0.0599403337445296
1.09575,-0.0847684329147417
1.095875,-0.0599403337446566
1.096,1.33718099545443e-15
1.096125,0.0599403337445494
1.09625,0.0847684329147417
1.096375,0.0599403337445823
1.0965,4.77619494404591e-14
1.096625,-0.0599403337445147
1.09675,-0.0847684329147417
1.096875,-0.059940333744617
1.097,-9.68610798763726e-14
1.097125,0.05994033374448
1.09725,0.0847684329147417
1.097375,0.0599403337445972
1.0975,6.88637696987346e-14
1.097625,-0.0599403337445543
1.09775,-0.0847684329147417
1.097875,-0.0599403337446319
1.098,-4.08664595210966e-14
1.098125,0.0599403337445196
1.09825,0.0847684329147417
1.098375,0.0599403337445576
1.0985,1.28691493434587e-14
1.098625,-0.0599403337445394
1.09875,-0.0847684329147417
1.098875,-0.0599403337445923
1.099,-6.19682797793722e-14
1.099125,0.0599403337445047
1.09925,0.0847684329147417
1.099375,0.059940333744627
1.0995,1.11067410215286e-13
1.099625,-0.059940333744579
1.09975,-0.0847684329147417
1.099875,-0.0599403337446617
1.1,-5.97365942409624e-15
1.100125,0.0599403337445443
1.10025,0.0847684329147417
1.100375,0.0599403337445874
1.1005,5.50727898600097e-14
1.100625,-0.0599403337445095
1.10075,-0.0847684329147417
1.100875,-0.0599403337446221
1.101,-1.04171920295923e-13
1.101125,0.0599403337444748
1.10125,0.0847684329147417
1.101375,0.0599403337446023
1.1015,7.61746101182853e-14
1.101625,-0.0599403337445491
1.10175,-0.0847684329147417
1.101875,-0.0599403337446371
1.102,-4.81772999406473e-14
1.102125,0.0599403337445144
1.10225,0.0847684329147417
1.102375,0.0599403337445627
1.1025,2.01799897630093e-14
1.102625,-0.0599403337445342
1.10275,-0.0847684329147417
1.102875,-0.0599403337445975
1.103,-6.92791201989228e-14
1.103125,0.0599403337444995
1.10325,0.0847684329147417
1.103375,0.0599403337446322
1.1035,1.18378250634836e-13
1.103625,-0.0599403337445738
1.10375,-0.0847684329147417
1.103875,-0.0599403337446124
1.104,-1.32844998436469e-14
1.104125,0.0599403337445391
1.10425,0.0847684329147417
1.104375,0.0599403337445926
1.1045,6.23836302795604e-14
1.104625,-0.0599403337445044
1.10475,-0.0847684329147417
1.104875,-0.0599403337445728
1.105,-3.43863201019224e-14
1.105125,0.0599403337444696
1.10525,0.0847684329147417
1.105375,0.0599403337446075
1.1055,8.34854505378359e-14
1.105625,-0.059940333744544
1.10575,-0.0847684329147417
1.105875,-0.0599403337446422
1.106,2.16083002533535e-14
1.106125,0.0599403337445638
1.10625,0.0847684329147417
1.106375,0.0599403337445679
1.1065,2.749083018256e-14
1.106625,-0.059940333744529
1.10675,-0.0847684329147417
1.106875,-0.0599403337446026
1.107,-7.65899606184735e-14
1.107125,0.0599403337444943
1.10725,0.0847684329147417
1.107375,0.0599403337446374
1.1075,1.25689091054387e-13
1.107625,-0.0599403337445686
1.10775,-0.0847684329147417
1.107875,-0.0599403337446176
1.108,-2.05953402631976e-14
1.108125,0.0599403337445339
1.10825,0.0847684329147417
1.108375,0.0599403337445978
1.1085,6.96944706991111e-14
1.108625,-0.0599403337444992
1.10875,-0.0847684329147417
1.108875,-0.059940333744578
1.109,-4.16971605214731e-14
1.109125,0.059940333744519
1.10925,0.0847684329147417
1.109375,0.0599403337446127
1.1095,9.07962909573866e-14
1.109625,-0.0599403337445388
1.10975,-0.0847684329147417
1.109875,-0.0599403337446474
1.11,1.42974598338028e-14
1.110125,0.0599403337445586
1.11025,0.0847684329147417
1.110375,0.0599403337446821
1.1105,3.48016706021107e-14
1.110625,-0.0599403337445239
1.11075,-0.0847684329147417
1.110875,-0.0599403337446078
1.111,-8.39008010380242e-14
1.111125,0.0599403337444891
1.11125,0.0847684329147417
1.111375,0.059940333744588
1.1115,1.32999931473938e-13
1.111625,-0.0599403337445635
1.11175,-0.0847684329147417
1.111875,-0.0599403337446227
1.112,-2.79061806827482e-14
1.112125,0.0599403337445287
1.11225,0.0847684329147417
1.112375,0.0599403337446574
1.1125,-9.11294948897177e-17
1.112625,-0.059940333744494
1.11275,-0.0847684329147417
1.112875,-0.0599403337445831
1.113,-4.90080009410238e-14
1.113125,0.0599403337445138
1.11325,0.0847684329147417
1.113375,0.0599403337446179
1.1135,9.81071313769373e-14
1.113625,-0.0599403337445336
1.11375,-0.0847684329147417
1.113875,-0.0599403337446526
1.114,6.98661941425215e-15
1.114125,0.0599403337445534
1.11425,0.0847684329147417
1.114375,0.0599403337446328
1.1145,4.21125110216613e-14
1.114625,-0.0599403337445187
1.11475,-0.0847684329147417
1.114875,-0.059940333744613
1.115,-9.12116414575749e-14
1.115125,0.059940333744484
1.11525,0.0847684329147417
1.115375,0.0599403337445932
1.1155,6.32143312799369e-14
1.115625,-0.0599403337445583
1.11575,-0.0847684329147417
1.115875,-0.0599403337446279
1.116,-3.52170211022989e-14
1.116125,0.0599403337445236
1.11625,0.0847684329147417
1.116375,0.0599403337446626
1.1165,7.21971092466095e-15
1.116625,-0.0599403337445434
1.11675,-0.0847684329147417
1.116875,-0.0599403337445883
1.117,-5.63188413605744e-14
1.117125,0.0599403337445087
1.11725,0.0847684329147417
1.117375,0.059940333744623
1.1175,1.05417971796488e-13
1.117625,-0.059940333744583
1.11775,-0.0847684329147417
1.117875,-0.0599403337446577
1.118,-3.24221005298521e-16
1.118125,0.0599403337445482
1.11825,0.0847684329147417
1.118375,0.0599403337446379
1.1185,4.9423351441212e-14
1.118625,-0.0599403337445135
1.11875,-0.0847684329147417
1.118875,-0.0599403337445636
1.119,-9.85224818771255e-14
1.119125,0.0599403337444788
1.11925,0.0847684329147417
1.119375,0.0599403337445983
1.1195,7.05251716994876e-14
1.119625,-0.0599403337445531
1.11975,-0.0847684329147417
1.119875,-0.0599403337446331
1.12,-4.25278615218496e-14
1.120125,0.0599403337445184
1.12025,0.0847684329147417
1.120375,0.0599403337446678
1.1205,1.45305513442116e-14
1.120625,-0.0599403337445382
1.12075,-0.0847684329147417
1.120875,-0.0599403337445935
1.121,-6.36296817801251e-14
1.121125,0.0599403337445035
1.12125,0.0847684329147417
1.121375,0.0599403337446282
1.1215,1.12728812216039e-13
1.121625,-0.0599403337445778
1.12175,-0.0847684329147417
1.121875,-0.0599403337446084
1.122,-7.63506142484919e-15
1.122125,0.0599403337445431
1.12225,0.0847684329147417
1.122375,0.0599403337446431
1.1225,5.67341918607627e-14
1.122625,-0.0599403337445084
1.12275,-0.0847684329147417
1.122875,-0.0599403337445688
1.123,-2.87368816831247e-14
1.123125,0.0599403337444736
1.12325,0.0847684329147417
1.123375,0.0599403337446035
1.1235,7.78360121190382e-14
1.123625,-0.059940333744548
1.12375,-0.0847684329147417
1.123875,-0.0599403337446382
1.124,2.72577386721512e-14
1.124125,0.0599403337445677
1.12425,0.0847684329147417
1.124375,0.0599403337446729
1.1245,2.18413917637623e-14
1.124625,-0.059940333744533
1.12475,-0.0847684329147417
1.124875,-0.0599403337445986
1.125,-7.09405221996758e-14
1.125125,0.0599403337444983
1.12525,0.0847684329147417
1.125375,0.0599403337446334
1.1255,1.20039652635589e-13
1.125625,-0.0599403337445726
1.12575,-0.0847684329147417
1.125875,-0.0599403337446136
1.126,-9.20423424579513e-14
1.126125,0.0599403337445379
1.12625,0.0847684329147417
1.126375,0.0599403337446483
1.1265,6.40450322803134e-14
1.126625,-0.0599403337445032
1.12675,-0.0847684329147417
1.126875,-0.059940333744574
1.127,-3.60477221026754e-14
1.127125,0.059940333744523
1.12725,0.0847684329147417
1.127375,0.0599403337446087
1.1275,8.51468525385889e-14
1.127625,-0.0599403337445428
1.12775,-0.0847684329147417
1.127875,-0.0599403337446434
1.128,-1.34245982974502e-13
1.128125,0.0599403337445626
1.12825,0.0847684329147417
1.128375,0.0599403337446236
1.1285,2.9152232183313e-14
1.128625,-0.0599403337445279
1.12875,-0.0847684329147417
1.128875,-0.0599403337446038
1.129,-7.82513626192265e-14
1.129125,0.0599403337444931
1.12925,0.0847684329147417
1.129375,0.059940333744584
1.1295,1.2735049305514e-13
1.129625,-0.0599403337445675
1.12975,-0.0847684329147417
1.129875,-0.0599403337446187
1.13,-9.9353182877502e-14
1.130125,0.0599403337445327
1.13025,0.0847684329147417
1.130375,0.0599403337446534
1.1305,-5.74056791368743e-15
1.130625,-0.059940333744498
1.13075,-0.0847684329147417
1.130875,-0.0599403337445791
1.131,-4.33585625222261e-14
1.131125,0.0599403337445178
1.13125,0.0847684329147417
1.131375,0.0599403337446139
1.1315,9.24576929581396e-14
1.131625,-0.0599403337445921
1.13175,-0.0847684329147417
1.131875,-0.0599403337446486
1.132,-1.41556823394053e-13
1.132125,0.0599403337445574
1.13225,0.0847684329147417
1.132375,0.0599403337446288
1.1325,3.64630726028636e-14
1.132625,-0.0599403337445227
1.13275,-0.0847684329147417
1.132875,-0.059940333744609
1.133,-8.55622030387771e-14
1.133125,0.059940333744488
1.13325,0.0847684329147417
1.133375,0.0599403337445892
1.1335,5.75648928611392e-14
1.133625,-0.0599403337445623
1.13375,-0.0847684329147417
1.133875,-0.0599403337446239
1.134,-1.06664023297053e-13
1.134125,0.0599403337445276
1.13425,0.0847684329147417
1.134375,0.0599403337446586
1.1345,1.57027250586324e-15
1.134625,-0.0599403337445474
1.13475,-0.0847684329147417
1.134875,-0.0599403337445843
1.135,-5.06694029417767e-14
1.135125,0.0599403337445126
1.13525,0.0847684329147417
1.135375,0.059940333744619
1.1355,9.97685333776902e-14
1.135625,-0.059940333744587
1.13575,-0.0847684329147417
1.135875,-0.0599403337446537
1.136,-1.48867663813604e-13
1.136125,0.0599403337445522
1.13625,0.0847684329147417
1.136375,0.059940333744634
1.1365,4.37739130224143e-14
1.136625,-0.0599403337445175
1.13675,-0.0847684329147417
1.136875,-0.0599403337445596
1.137,-9.28730434583278e-14
1.137125,0.0599403337444828
1.13725,0.0847684329147417
1.137375,0.0599403337445944
1.1375,6.48757332806898e-14
1.137625,-0.0599403337445571
1.13775,-0.0847684329147417
1.137875,-0.0599403337446291
1.138,-1.13974863716603e-13
1.138125,0.0599403337445224
1.13825,0.0847684329147417
1.138375,0.0599403337446638
1.1385,8.88111292541391e-15
1.138625,-0.0599403337445422
1.13875,-0.0847684329147417
1.138875,-0.0599403337445895
1.139,-5.79802433613274e-14
1.139125,0.0599403337445075
1.13925,0.0847684329147417
1.139375,0.0599403337446242
1.1395,1.07079373797241e-13
1.139625,-0.0599403337445818
1.13975,-0.0847684329147417
1.139875,-0.0599403337446044
1.14,-7.90820636196029e-14
1.140125,0.0599403337445471
1.14025,0.0847684329147417
1.140375,0.0599403337446391
1.1405,5.1084753441965e-14
1.140625,-0.0599403337445124
1.14075,-0.0847684329147417
1.140875,-0.0599403337445648
1.141,-2.3087443264327e-14
1.141125,0.0599403337445321
1.14125,0.0847684329147417
1.141375,0.0599403337445995
1.1415,7.21865737002405e-14
1.141625,-0.0599403337444974
1.14175,-0.0847684329147417
1.141875,-0.0599403337446342
1.142,-1.21285704136154e-13
1.142125,0.0599403337445717
1.14225,0.0847684329147417
1.142375,0.059940333744669
1.1425,1.61919533449646e-14
1.142625,-0.059940333744537
1.14275,-0.0847684329147417
1.142875,-0.0599403337445946
1.143,-6.52910837808781e-14
1.143125,0.0599403337445023
1.14325,0.0847684329147417
1.143375,0.0599403337446294
1.1435,1.14390214216792e-13
1.143625,-0.0599403337444676
1.14375,-0.0847684329147417
1.143875,-0.0599403337446096
1.144,-8.63929040391536e-14
1.144125,0.0599403337445419
1.14425,0.0847684329147417
1.144375,0.0599403337446443
1.1445,5.83955938615157e-14
1.144625,-0.0599403337445072
1.14475,-0.0847684329147417
1.144875,-0.05994033374457
1.145,-3.03982836838777e-14
1.145125,0.059940333744527
1.14525,0.0847684329147417
1.145375,0.0599403337446047
1.1455,7.94974141197912e-14
1.145625,-0.0599403337444923
1.14575,-0.0847684329147417
1.145875,-0.0599403337446394
1.146,-1.28596544555705e-13
1.146125,0.0599403337445666
1.14625,0.0847684329147417
1.146375,0.0599403337446196
1.1465,2.35027937645152e-14
1.146625,-0.0599403337445319
1.14675,-0.0847684329147417
1.146875,-0.0599403337445998
1.147,-7.26019242004288e-14
1.147125,0.0599403337444971
1.14725,0.0847684329147417
1.147375,0.05994033374458
1.1475,4.46046140227908e-14
1.147625,-0.0599403337444624
1.14775,-0.0847684329147417
1.147875,-0.0599403337446147
1.148,-9.37037444587043e-14
1.148125,0.0599403337445367
1.14825,0.0847684329147417
1.148375,0.0599403337446494
1.1485,-1.13900063324852e-14
1.148625,-0.059940333744502
1.14875,-0.0847684329147417
1.148875,-0.0599403337445751
1.149,-3.77091241034284e-14
1.149125,0.0599403337445218
1.14925,0.0847684329147417
1.149375,0.0599403337446099
1.1495,8.68082545393419e-14
1.149625,-0.0599403337444871
1.14975,-0.0847684329147417
1.149875,-0.0599403337446446
1.15,-1.35907384975255e-13
1.150125,0.0599403337445614
1.15025,0.0847684329147417
1.150375,0.0599403337446248
1.1505,3.08136341840659e-14
1.150625,-0.0599403337445267
1.15075,-0.0847684329147417
1.150875,-0.059940333744605
1.151,-7.99127646199794e-14
1.151125,0.059940333744492
1.15125,0.0847684329147417
1.151375,0.0599403337445852
1.1515,5.19154544423415e-14
1.151625,-0.0599403337445118
1.15175,-0.0847684329147417
1.151875,-0.0599403337446199
1.152,-1.01014584878255e-13
1.152125,0.0599403337445316
1.15225,0.0847684329147417
1.152375,0.0599403337446546
1.1525,-4.07916591293448e-15
1.152625,-0.0599403337445514
1.15275,-0.0847684329147417
1.152875,-0.0599403337445803
1.153,-4.5019964522979e-14
1.153125,0.0599403337445166
1.15325,0.0847684329147417
1.153375,0.059940333744615
1.1535,9.41190949588925e-14
1.153625,-0.0599403337444819
1.15375,-0.0847684329147417
1.153875,-0.0599403337445952
1.154,-1.43218225394806e-13
1.154125,0.0599403337445562
1.15425,0.0847684329147417
1.154375,0.0599403337446299
1.1545,3.81244746036166e-14
1.154625,-0.0599403337445215
1.15475,-0.0847684329147417
1.154875,-0.0599403337445556
1.155,-8.72236050395301e-14
1.155125,0.0599403337444868
1.15525,0.0847684329147417
1.155375,0.0599403337445904
1.1555,5.92262948618921e-14
1.155625,-0.0599403337445066
1.15575,-0.0847684329147417
1.155875,-0.0599403337446251
1.156,-1.08325425297806e-13
1.156125,0.0599403337445264
1.15625,0.0847684329147417
1.156375,0.0599403337446598
1.1565,3.23167450661619e-15
1.156625,-0.0599403337445462
1.15675,-0.0847684329147417
1.156875,-0.0599403337445855
1.157,-5.23308049425297e-14
1.157125,0.0599403337445115
1.15725,0.0847684329147417
1.157375,0.0599403337446202
1.1575,1.01429935378443e-13
1.157625,-0.0599403337444767
1.15775,-0.0847684329147417
1.157875,-0.0599403337446004
1.158,-7.34326252008052e-14
1.158125,0.0599403337445511
1.15825,0.0847684329147417
1.158375,0.0599403337446351
1.1585,4.54353150231673e-14
1.158625,-0.0599403337445163
1.15875,-0.0847684329147417
1.158875,-0.0599403337445608
1.159,-1.74380048455293e-14
1.159125,0.0599403337445361
1.15925,0.0847684329147417
1.159375,0.0599403337445955
1.1595,6.65371352814428e-14
1.159625,-0.0599403337445014
1.15975,-0.0847684329147417
1.159875,-0.0599403337446302
1.16,-1.15636265717356e-13
1.160125,0.0599403337445757
1.16025,0.0847684329147417
1.160375,0.059940333744665
1.1605,1.05425149261669e-14
1.160625,-0.059940333744541
1.16075,-0.0847684329147417
1.160875,-0.0599403337445906
1.161,-5.96416453620804e-14
1.161125,0.0599403337445063
1.16125,0.0847684329147417
1.161375,0.0599403337446254
1.1615,1.08740775797994e-13
1.161625,-0.0599403337444716
1.16175,-0.0847684329147417
1.161875,-0.0599403337446056
1.162,-8.07434656203559e-14
1.162125,0.0599403337445459
1.16225,0.0847684329147417
1.162375,0.0599403337446403
1.1625,5.27461554427179e-14
1.162625,-0.0599403337445112
1.16275,-0.0847684329147417
1.162875,-0.059940333744566
1.163,-2.474884526508e-14
1.163125,0.059940333744531
1.16325,0.0847684329147417
1.163375,0.0599403337446007
1.1635,7.38479757009935e-14
1.163625,-0.0599403337444963
1.16375,-0.0847684329147417
1.163875,-0.0599403337446354
1.164,-1.22947106136907e-13
1.164125,0.0599403337445706
1.16425,0.0847684329147417
1.164375,0.0599403337446156
1.1645,1.78533553457175e-14
1.164625,-0.0599403337445359
1.16475,-0.0847684329147417
1.164875,-0.0599403337445958
1.165,-6.6952485781631e-14
1.165125,0.0599403337445011
1.16525,0.0847684329147417
1.165375,0.059940333744576
1.1655,3.89551756039931e-14
1.165625,-0.0599403337444664
1.16575,-0.0847684329147417
1.165875,-0.0599403337446107
1.166,-8.80543060399066e-14
1.166125,0.0599403337445407
1.16625,0.0847684329147417
1.166375,0.0599403337446455
1.1665,-1.70394447512829e-14
1.166625,-0.0599403337445605
1.16675,-0.0847684329147417
1.166875,-0.0599403337445711
1.167,-3.20596856846306e-14
1.167125,0.0599403337445258
1.16725,0.0847684329147417
1.167375,0.0599403337446059
1.1675,8.11588161205441e-14
1.167625,-0.0599403337444911
1.16775,-0.0847684329147417
1.167875,-0.0599403337446406
1.168,-1.30257946556458e-13
1.168125,0.0599403337445654
1.16825,0.0847684329147417
1.168375,0.0599403337446208
1.1685,2.51641957652682e-14
1.168625,-0.0599403337445307
1.16875,-0.0847684329147417
1.168875,-0.059940333744601
1.169,-7.42633262011817e-14
1.169125,0.059940333744496
1.16925,0.0847684329147417
1.169375,0.0599403337445812
1.1695,4.62660160235437e-14
1.169625,-0.0599403337445158
1.16975,-0.0847684329147417
1.169875,-0.0599403337446159
1.17,-9.53651464594572e-14
1.170125,0.0599403337445356
1.17025,0.0847684329147417
1.170375,0.0599403337446506
1.1705,-9.7286043317322e-15
1.170625,-0.0599403337445554
1.17075,-0.0847684329147417
1.170875,-0.0599403337445763
1.171,-3.93705261041813e-14
1.171125,0.0599403337445206
1.17125,0.0847684329147417
1.171375,0.059940333744611
1.1715,8.84696565400948e-14
1.171625,-0.0599403337444859
1.17175,-0.0847684329147417
1.171875,-0.0599403337445912
1.172,-1.37568786976008e-13
1.172125,0.0599403337445602
1.17225,0.0847684329147417
1.172375,0.059940333744626
1.1725,3.24750361848189e-14
1.172625,-0.0599403337445255
1.17275,-0.0847684329147417
1.172875,-0.0599403337446607
1.173,-4.47772600718091e-15
1.173125,0.0599403337444908
1.17325,0.0847684329147417
1.173375,0.0599403337445864
1.1735,5.35768564430944e-14
1.173625,-0.0599403337445106
1.17375,-0.0847684329147417
1.173875,-0.0599403337446211
1.174,-1.02675986879008e-13
1.174125,0.0599403337445849
1.17425,0.0847684329147417
1.174375,0.0599403337446558
1.1745,-2.41776391218153e-15
1.174625,-0.0599403337445502
1.17475,-0.0847684329147417
1.174875,-0.059940333744636
1.175,-4.6681366523732e-14
1.175125,0.0599403337445155
1.17525,0.0847684329147417
1.175375,0.0599403337446162
1.1755,9.57804969596455e-14
1.175625,-0.0599403337444808
1.17575,-0.0847684329147417
1.175875,-0.0599403337445964
1.176,-6.77831867820075e-14
1.176125,0.0599403337445551
1.17625,0.0847684329147417
1.176375,0.0599403337446311
1.1765,3.97858766043695e-14
1.176625,-0.0599403337445203
1.17675,-0.0847684329147417
1.176875,-0.0599403337446658
1.177,-1.17885664267316e-14
1.177125,0.0599403337445401
1.17725,0.0847684329147417
1.177375,0.0599403337445915
1.1775,6.08876968626451e-14
1.177625,-0.0599403337445054
1.17775,-0.0847684329147417
1.177875,-0.0599403337446262
1.178,-1.09986827298559e-13
1.178125,0.0599403337445797
1.17825,0.0847684329147417
1.178375,0.059940333744661
1.1785,4.89307650736914e-15
1.178625,-0.059940333744545
1.17875,-0.0847684329147417
1.178875,-0.0599403337446412
1.179,-5.39922069432826e-14
1.179125,0.0599403337445103
1.17925,0.0847684329147417
1.179375,0.0599403337445669
1.1795,1.03091337379196e-13
1.179625,-0.0599403337444756
1.17975,-0.0847684329147417
1.179875,-0.0599403337446016
1.18,-7.50940272015582e-14
1.180125,0.0599403337445499
1.18025,0.0847684329147417
1.180375,0.0599403337446363
1.1805,-2.99997235896313e-14
1.180625,-0.0599403337445152
1.18075,-0.0847684329147417
1.180875,-0.059940333744671
1.181,-1.90994068462822e-14
1.181125,0.059940333744535
1.18125,0.0847684329147417
1.181375,0.0599403337445967
1.1815,6.81985372821957e-14
1.181625,-0.0599403337445003
1.18175,-0.0847684329147417
1.181875,-0.0599403337446314
1.182,-1.17297667718109e-13
1.182125,0.0599403337445746
1.18225,0.0847684329147417
1.182375,0.0599403337446116
1.1825,1.22039169269198e-14
1.182625,-0.0599403337445398
1.18275,-0.0847684329147417
1.182875,-0.0599403337446463
1.183,-6.13030473628333e-14
1.183125,0.0599403337445051
1.18325,0.0847684329147417
1.183375,0.059940333744572
1.1835,3.33057371851953e-14
1.183625,-0.0599403337445249
1.18375,-0.0847684329147417
1.183875,-0.0599403337446067
1.184,-8.24048676211088e-14
1.184125,0.0599403337445447
1.18425,0.0847684329147417
1.184375,0.0599403337446415
1.1845,-2.26888831700806e-14
1.184625,-0.0599403337445645
1.18475,-0.0847684329147417
1.184875,-0.0599403337446762
1.185,-2.64102472658329e-14
1.185125,0.0599403337445298
1.18525,0.0847684329147417
1.185375,0.0599403337446019
1.1855,7.55093777017464e-14
1.185625,-0.0599403337444951
1.18575,-0.0847684329147417
1.185875,-0.0599403337446366
1.186,-1.2460850813766e-13
1.186125,0.0599403337445694
1.18625,0.0847684329147417
1.186375,0.0599403337446168
1.1865,1.95147573464705e-14
1.186625,-0.0599403337445347
1.18675,-0.0847684329147417
1.186875,-0.0599403337446515
1.187,-6.8613887782384e-14
1.187125,0.0599403337445
1.18725,0.0847684329147417
1.187375,0.0599403337445772
1.1875,4.0616577604746e-14
1.187625,-0.0599403337445197
1.18775,-0.0847684329147417
1.187875,-0.0599403337446119
1.188,-8.97157080406595e-14
1.188125,0.0599403337445396
1.18825,0.0847684329147417
1.188375,0.0599403337446466
1.1885,1.38814838476573e-13
1.188625,-0.0599403337445594
1.18875,-0.0847684329147417
1.188875,-0.0599403337446268
1.189,-3.37210876853836e-14
1.189125,0.0599403337445246
1.18925,0.0847684329147417
1.189375,0.059940333744607
1.1895,8.28202181212971e-14
1.189625,-0.0599403337444899
1.18975,-0.0847684329147417
1.189875,-0.0599403337445872
1.19,-5.48229079436591e-14
1.190125,0.0599403337445642
1.19025,0.0847684329147417
1.190375,0.059940333744622
1.1905,1.03922038379573e-13
1.190625,-0.0599403337445295
1.19075,-0.0847684329147417
1.190875,-0.0599403337446567
1.191,1.17171241161681e-15
1.191125,0.0599403337444948
1.19125,0.0847684329147417
1.191375,0.0599403337445824
1.1915,4.79274180242967e-14
1.191625,-0.0599403337445146
1.19175,-0.0847684329147417
1.191875,-0.0599403337446171
1.192,-9.70265484602102e-14
1.192125,0.0599403337445889
1.19225,0.0847684329147417
1.192375,0.0599403337446518
1.1925,1.46125678896124e-13
1.192625,-0.0599403337445542
1.19275,-0.0847684329147417
1.192875,-0.059940333744632
1.193,-4.10319281049343e-14
1.193125,0.0599403337445195
1.19325,0.0847684329147417
1.193375,0.0599403337446122
1.1935,9.01310585408478e-14
1.193625,-0.0599403337444847
1.19375,-0.0847684329147417
1.193875,-0.0599403337445924
1.194,-6.21337483632098e-14
1.194125,0.0599403337445591
1.19425,0.0847684329147417
1.194375,0.0599403337446271
1.1945,1.11232878799123e-13
1.194625,-0.0599403337445243
1.19475,-0.0847684329147417
1.194875,-0.0599403337446619
1.195,-6.13912800793386e-15
1.195125,0.0599403337445441
1.19525,0.0847684329147417
1.195375,0.0599403337445875
1.1955,5.52382584438474e-14
1.195625,-0.0599403337445094
1.19575,-0.0847684329147417
1.195875,-0.0599403337446223
1.196,-1.04337388879761e-13
1.196125,0.0599403337445837
1.19625,0.0847684329147417
1.196375,0.0599403337446025
1.1965,1.53436519315674e-13
1.196625,-0.059940333744549
1.19675,-0.0847684329147417
1.196875,-0.0599403337446372
1.197,-4.83427685244849e-14
1.197125,0.0599403337445143
1.19725,0.0847684329147417
1.197375,0.0599403337445629
1.1975,9.74418989603984e-14
1.197625,-0.0599403337444796
1.19775,-0.0847684329147417
1.197875,-0.0599403337445976
1.198,-6.94445887827605e-14
1.198125,0.0599403337445539
1.19825,0.0847684329147417
1.198375,0.0599403337446323
1.1985,1.18543719218674e-13
1.198625,-0.0599403337445192
1.19875,-0.0847684329147417
1.198875,-0.059940333744667
1.199,-1.34499684274845e-14
1.199125,0.059940333744539
1.19925,0.0847684329147417
1.199375,0.0599403337445927
1.1995,6.2549098863398e-14
1.199625,-0.0599403337445043
1.19975,-0.0847684329147417
1.199875,-0.0599403337446274
1.2,-1.11648229299312e-13
1.200125,0.0599403337445786
1.20025,0.0847684329147417
1.200375,0.0599403337446076
1.2005,8.36509191216736e-14
1.200625,-0.0599403337445438
1.20075,-0.0847684329147417
1.200875,-0.0599403337446423
1.201,-5.56536089440356e-14
1.201125,0.0599403337445091
1.20125,0.0847684329147417
1.201375,0.059940333744568
1.2015,2.76562987663976e-14
1.201625,-0.0599403337445289
1.20175,-0.0847684329147417
1.201875,-0.0599403337446028
1.202,-7.67554292023111e-14
1.202125,0.0599403337445487
1.20225,0.0847684329147417
1.202375,0.0599403337446375
1.2025,1.25854559638225e-13
1.202625,-0.0599403337445685
1.20275,-0.0847684329147417
1.202875,-0.0599403337446722
1.203,-2.07608088470352e-14
1.203125,0.0599403337445338
1.20325,0.0847684329147417
1.203375,0.0599403337445979
1.2035,6.98599392829487e-14
1.203625,-0.0599403337444991
1.20375,-0.0847684329147417
1.203875,-0.0599403337446326
1.204,-1.18959069718862e-13
1.204125,0.0599403337444644
1.20425,0.0847684329147417
1.204375,0.0599403337446128
1.2045,9.09617595412242e-14
1.204625,-0.0599403337445387
1.20475,-0.0847684329147417
1.204875,-0.0599403337446475
1.205,-6.29644493635863e-14
1.205125,0.059940333744504
1.20525,0.0847684329147417
1.205375,0.0599403337445732
1.2055,3.49671391859483e-14
1.205625,-0.0599403337445238
1.20575,-0.0847684329147417
1.205875,-0.0599403337446079
1.206,-8.40662696218618e-14
1.206125,0.059940333744489
1.20625,0.0847684329147417
1.206375,0.0599403337446426
1.2065,1.33165400057775e-13
1.206625,-0.0599403337445633
1.20675,-0.0847684329147417
1.206875,-0.0599403337446228
1.207,-2.80716492665859e-14
1.207125,0.0599403337445286
1.20725,0.0847684329147417
1.207375,0.059940333744603
1.2075,7.71707797024994e-14
1.207625,-0.0599403337444939
1.20775,-0.0847684329147417
1.207875,-0.0599403337445832
1.208,-4.91734695248614e-14
1.208125,0.0599403337444592
1.20825,0.0847684329147417
1.208375,0.059940333744618
1.2085,9.82725999607749e-14
1.208625,-0.0599403337445335
1.20875,-0.0847684329147417
1.208875,-0.0599403337446527
1.209,6.82115083041453e-15
1.209125,0.0599403337445533
1.20925,0.0847684329147417
1.209375,0.0599403337445784
1.2095,4.2277979605499e-14
1.209625,-0.0599403337445186
1.20975,-0.0847684329147417
1.209875,-0.0599403337446131
1.21,-9.13771100414125e-14
1.210125,0.0599403337444839
1.21025,0.0847684329147417
1.210375,0.0599403337446478
1.2105,1.40476240477326e-13
1.210625,-0.0599403337445582
1.21075,-0.0847684329147417
1.210875,-0.059940333744628
1.211,-3.53824896861365e-14
1.211125,0.0599403337445235
1.21125,0.0847684329147417
1.211375,0.0599403337446082
1.2115,8.448162012205e-14
1.211625,-0.0599403337444887
1.21175,-0.0847684329147417
1.211875,-0.0599403337445884
1.212,-5.64843099444121e-14
1.212125,0.0599403337445085
1.21225,0.0847684329147417
1.212375,0.0599403337446231
1.2125,1.05583440380326e-13
1.212625,-0.0599403337445283
1.21275,-0.0847684329147417
1.212875,-0.0599403337446579
1.213,-4.89689589136144e-16
1.213125,0.0599403337445481
1.21325,0.0847684329147417
1.213375,0.0599403337445835
1.2135,4.95888200250496e-14
1.213625,-0.0599403337445134
1.21375,-0.0847684329147417
1.213875,-0.0599403337446183
1.214,-9.86879504609632e-14
1.214125,0.0599403337444787
1.21425,0.0847684329147417
1.214375,0.0599403337445985
1.2145,1.47787080896877e-13
1.214625,-0.059940333744553
1.21475,-0.0847684329147417
1.214875,-0.0599403337446332
1.215,-4.26933301056872e-14
1.215125,0.0599403337445183
1.21525,0.0847684329147417
1.215375,0.0599403337445589
1.2155,1.46960199280492e-14
1.215625,-0.0599403337444836
1.21575,-0.0847684329147417
1.215875,-0.0599403337445936
1.216,-6.37951503639627e-14
1.216125,0.0599403337445034
1.21625,0.0847684329147417
1.216375,0.0599403337446283
1.2165,1.12894280799876e-13
1.216625,-0.0599403337445232
1.21675,-0.0847684329147417
1.216875,-0.059940333744663
1.217,-7.80053000868681e-15
1.217125,0.059940333744543
1.21725,0.0847684329147417
1.217375,0.0599403337445887
1.2175,5.68996604446003e-14
1.217625,-0.0599403337445082
1.21775,-0.0847684329147417
1.217875,-0.0599403337446234
1.218,-1.05998790880514e-13
1.218125,0.0599403337444735
1.21825,0.0847684329147417
1.218375,0.0599403337446036
1.2185,7.80014807028758e-14
1.218625,-0.0599403337445478
1.21875,-0.0847684329147417
1.218875,-0.0599403337446383
1.219,-5.00041705252379e-14
1.219125,0.0599403337445131
1.21925,0.0847684329147417
1.219375,0.059940333744564
1.2195,2.20068603475999e-14
1.219625,-0.0599403337445329
1.21975,-0.0847684329147417
1.219875,-0.0599403337445988
1.22,-7.11059907835134e-14
1.220125,0.0599403337444982
1.22025,0.0847684329147417
1.220375,0.0599403337446335
1.2205,1.20205121219427e-13
1.220625,-0.0599403337445725
1.22075,-0.0847684329147417
1.220875,-0.0599403337446682
1.221,-1.51113704282375e-14
1.221125,0.0599403337445378
1.22125,0.0847684329147417
1.221375,0.0599403337445939
1.2215,6.4210500864151e-14
1.221625,-0.0599403337445031
1.22175,-0.0847684329147417
1.221875,-0.0599403337445741
1.222,-1.13309631300064e-13
1.222125,0.0599403337444684
1.22225,0.0847684329147417
1.222375,0.0599403337446088
1.2225,8.53123211224265e-14
1.222625,-0.0599403337445427
1.22275,-0.0847684329147417
1.222875,-0.0599403337446435
1.223,-5.73150109447886e-14
1.223125,0.059940333744508
1.22325,0.0847684329147417
1.223375,0.0599403337445692
1.2235,2.93177007671506e-14
1.223625,-0.0599403337445277
1.22375,-0.0847684329147417
1.223875,-0.0599403337446039
1.224,-7.84168312030641e-14
1.224125,0.059940333744493
1.22425,0.0847684329147417
1.224375,0.0599403337446386
1.2245,1.27515961638978e-13
1.224625,-0.0599403337445673
1.22475,-0.0847684329147417
1.224875,-0.0599403337446189
1.225,-2.24222108477882e-14
1.225125,0.0599403337445326
1.22525,0.0847684329147417
1.225375,0.059940333744599
1.2255,7.15213412837017e-14
1.225625,-0.0599403337444979
1.22575,-0.0847684329147417
1.225875,-0.0599403337445793
1.226,-4.35240311060637e-14
1.226125,0.0599403337444632
1.22625,0.0847684329147417
1.226375,0.059940333744614
1.2265,9.26231615419772e-14
1.226625,-0.0599403337445375
1.22675,-0.0847684329147417
1.226875,-0.0599403337446487
1.227,1.24705892492122e-14
1.227125,0.0599403337445573
1.22725,0.0847684329147417
1.227375,0.0599403337445744
1.2275,3.66285411867013e-14
1.227625,-0.0599403337445226
1.22775,-0.0847684329147417
1.227875,-0.0599403337446091
1.228,-8.57276716226148e-14
1.228125,0.0599403337444879
1.22825,0.0847684329147417
1.228375,0.0599403337446438
1.2285,1.34826802058528e-13
1.228625,-0.0599403337445622
1.22875,-0.0847684329147417
1.228875,-0.059940333744624
1.229,-2.97330512673388e-14
1.229125,0.0599403337445275
1.22925,0.0847684329147417
1.229375,0.0599403337446042
1.2295,7.88321817032523e-14
1.229625,-0.0599403337444927
1.22975,-0.0847684329147417
1.229875,-0.0599403337445844
1.23,-5.08348715256144e-14
1.230125,0.0599403337445125
1.23025,0.0847684329147417
1.230375,0.0599403337446191
1.2305,9.99340019615279e-14
1.230625,-0.0599403337445323
1.23075,-0.0847684329147417
1.230875,-0.0599403337446539
1.231,5.15974882966157e-15
1.231125,0.0599403337445521
1.23125,0.0847684329147417
1.231375,0.0599403337445795
1.2315,4.39393816062519e-14
1.231625,-0.0599403337445174
1.23175,-0.0847684329147417
1.231875,-0.0599403337446143
1.232,-9.30385120421654e-14
1.232125,0.0599403337444827
1.23225,0.0847684329147417
1.232375,0.0599403337445945
1.2325,1.42137642478079e-13
1.232625,-0.059940333744557
1.23275,-0.0847684329147417
1.232875,-0.0599403337446292
1.233,-3.70438916868895e-14
1.233125,0.0599403337445223
1.23325,0.0847684329147417
1.233375,0.0599403337445549
1.2335,9.04658150925153e-15
1.233625,-0.0599403337444876
1.23375,-0.0847684329147417
1.233875,-0.0599403337445896
1.234,-5.8145711945165e-14
1.234125,0.0599403337445074
1.23425,0.0847684329147417
1.234375,0.0599403337446243
1.2345,1.07244842381079e-13
1.234625,-0.0599403337445817
1.23475,-0.0847684329147417
1.234875,-0.059940333744659
1.235,-2.1510915898891e-15
1.235125,0.059940333744547
1.23525,0.0847684329147417
1.235375,0.0599403337446392
1.2355,5.12502220258026e-14
1.235625,-0.0599403337445122
1.23575,-0.0847684329147417
1.235875,-0.0599403337446194
1.236,-1.00349352461716e-13
1.236125,0.0599403337444775
1.23625,0.0847684329147417
1.236375,0.0599403337445996
1.2365,7.23520422840781e-14
1.236625,-0.0599403337445518
1.23675,-0.0847684329147417
1.236875,-0.0599403337446344
1.237,-4.43547321064402e-14
1.237125,0.0599403337445171
1.23725,0.0847684329147417
1.237375,0.0599403337446691
1.2375,1.63574219288022e-14
1.237625,-0.0599403337445369
1.23775,-0.0847684329147417
1.237875,-0.0599403337445948
1.238,-6.54565523647157e-14
1.238125,0.0599403337445022
1.23825,0.0847684329147417
1.238375,0.0599403337446295
1.2385,1.14555682800629e-13
1.238625,-0.0599403337445765
1.23875,-0.0847684329147417
1.238875,-0.0599403337446642
1.239,-9.46193200943977e-15
1.239125,0.0599403337445418
1.23925,0.0847684329147417
1.239375,0.0599403337446444
1.2395,5.85610624453533e-14
1.239625,-0.0599403337445071
1.23975,-0.0847684329147417
1.239875,-0.0599403337445701
1.24,-1.07660192881267e-13
1.240125,0.0599403337444724
1.24025,0.0847684329147417
1.240375,0.0599403337446048
1.2405,7.96628827036288e-14
1.240625,-0.0599403337445467
1.24075,-0.0847684329147417
1.240875,-0.0599403337446395
1.241,2.54308680875606e-14
1.241125,0.0599403337445119
1.24125,0.0847684329147417
1.241375,0.0599403337446742
1.2415,2.36682623483529e-14
1.241625,-0.0599403337445317
1.24175,-0.0847684329147417
1.241875,-0.0599403337445999
1.242,-7.27673927842664e-14
1.242125,0.059940333744497
1.24225,0.0847684329147417
1.242375,0.0599403337446346
1.2425,1.2186652322018e-13
1.242625,-0.0599403337445713
1.24275,-0.0847684329147417
1.242875,-0.0599403337446149
1.243,-1.67727724289904e-14
1.243125,0.0599403337445366
1.24325,0.0847684329147417
1.243375,0.0599403337446496
1.2435,6.58719028649039e-14
1.243625,-0.0599403337445019
1.24375,-0.0847684329147417
1.243875,-0.0599403337445753
1.244,-3.7874592687266e-14
1.244125,0.0599403337445217
1.24425,0.0847684329147417
1.244375,0.05994033374461
1.2445,8.69737231231795e-14
1.244625,-0.0599403337445415
1.24475,-0.0847684329147417
1.244875,-0.0599403337446447
1.245,1.812002766801e-14
1.245125,0.0599403337445613
1.24525,0.0847684329147417
1.245375,0.0599403337446794
1.2455,3.09791027679035e-14
1.245625,-0.0599403337445266
1.24575,-0.0847684329147417
1.245875,-0.0599403337446051
1.246,-8.00782332038171e-14
1.246125,0.0599403337444918
1.24625,0.0847684329147417
1.246375,0.0599403337446398
1.2465,1.29177363639731e-13
1.246625,-0.0599403337445662
1.24675,-0.0847684329147417
1.246875,-0.05994033374462
1.247,-2.40836128485411e-14
1.247125,0.0599403337445314
1.24725,0.0847684329147417
1.247375,0.0599403337446547
1.2475,7.31827432844546e-14
1.247625,-0.0599403337444967
1.24775,-0.0847684329147417
1.247875,-0.0599403337445804
1.248,-4.51854331068166e-14
1.248125,0.0599403337445165
1.24825,0.0847684329147417
1.248375,0.0599403337446151
1.2485,9.42845635427301e-14
1.248625,-0.0599403337445363
1.24875,-0.0847684329147417
1.248875,-0.0599403337446499
1.249,1.08091872484593e-14
1.249125,0.0599403337445561
1.24925,0.0847684329147417
1.249375,0.0599403337446301
1.2495,3.82899431874542e-14
1.249625,-0.0599403337445214
1.24975,-0.0847684329147417
1.249875,-0.0599403337446103
1.25,-8.73890736233677e-14
1.250125,0.0599403337444867
1.25025,0.0847684329147417
1.250375,0.0599403337445905
1.2505,5.93917634457297e-14
1.250625,-0.059940333744561
1.25075,-0.0847684329147417
1.250875,-0.0599403337446252
1.251,-1.08490893881643e-13
1.251125,0.0599403337445263
1.25125,0.0847684329147417
1.251375,0.0599403337446599
1.2515,3.39714309045381e-15
1.251625,-0.0599403337444916
1.25175,-0.0847684329147417
1.251875,-0.0599403337445856
1.252,-5.24962735263673e-14
1.252125,0.0599403337445114
1.25225,0.0847684329147417
1.252375,0.0599403337446203
1.2525,1.01595403962281e-13
1.252625,-0.0599403337445857
1.25275,-0.0847684329147417
1.252875,-0.059940333744655
1.253,-1.50694534398194e-13
1.253125,0.0599403337445509
1.25325,0.0847684329147417
1.253375,0.0599403337446352
1.2535,4.56007836070049e-14
1.253625,-0.0599403337445162
1.25375,-0.0847684329147417
1.253875,-0.0599403337446154
1.254,-9.46999140429184e-14
1.254125,0.0599403337444815
1.25425,0.0847684329147417
1.254375,0.0599403337445956
1.2545,6.67026038652804e-14
1.254625,-0.0599403337445558
1.25475,-0.0847684329147417
1.254875,-0.0599403337446304
1.255,-1.15801734301194e-13
1.255125,0.0599403337445211
1.25525,0.0847684329147417
1.255375,0.0599403337446651
1.2555,1.07079835100045e-14
1.255625,-0.0599403337445409
1.25575,-0.0847684329147417
1.255875,-0.0599403337445908
1.256,-5.9807113945918e-14
1.256125,0.0599403337445062
1.25625,0.0847684329147417
1.256375,0.0599403337446255
1.2565,1.08906244381831e-13
1.256625,-0.0599403337445805
1.25675,-0.0847684329147417
1.256875,-0.0599403337446057
1.257,-1.58005374817745e-13
1.257125,0.0599403337445458
1.25725,0.0847684329147417
1.257375,0.0599403337446404
1.2575,5.29116240265555e-14
1.257625,-0.0599403337445111
1.25775,-0.0847684329147417
1.257875,-0.0599403337445661
1.258,-1.02010754462469e-13
1.258125,0.0599403337444763
1.25825,0.0847684329147417
1.258375,0.0599403337446008
1.2585,7.40134442848311e-14
1.258625,-0.0599403337445507
1.25875,-0.0847684329147417
1.258875,-0.0599403337446355
1.259,-1.23112574720745e-13
1.259125,0.0599403337445159
1.25925,0.0847684329147417
1.259375,0.0599403337446702
1.2595,1.80188239295552e-14
1.259625,-0.0599403337445357
1.25975,-0.0847684329147417
1.259875,-0.0599403337445959
1.26,-6.71179543654687e-14
1.260125,0.059940333744501
1.26025,0.0847684329147417
1.260375,0.0599403337446307
1.2605,1.16217084801382e-13
1.260625,-0.0599403337445753
1.26075,-0.0847684329147417
1.260875,-0.0599403337446109
1.261,-8.82197746237442e-14
1.261125,0.0599403337445406
1.26125,0.0847684329147417
1.261375,0.0599403337446456
1.2615,6.02224644461062e-14
1.261625,-0.0599403337445059
1.26175,-0.0847684329147417
1.261875,-0.0599403337445713
1.262,-3.22251542684683e-14
1.262125,0.0599403337445257
1.26225,0.0847684329147417
1.262375,0.059940333744606
1.2625,8.13242847043818e-14
1.262625,-0.0599403337445455
1.26275,-0.0847684329147417
1.262875,-0.0599403337446407
1.263,-1.30423415140295e-13
1.263125,0.0599403337445653
1.26325,0.0847684329147417
1.263375,0.0599403337446754
1.2635,2.53296643491058e-14
1.263625,-0.0599403337445306
1.26375,-0.0847684329147417
1.263875,-0.0599403337446011
1.264,-7.44287947850193e-14
1.264125,0.0599403337444958
1.26425,0.0847684329147417
1.264375,0.0599403337446358
1.2645,1.23527925220933e-13
1.264625,-0.0599403337445702
1.26475,-0.0847684329147417
1.264875,-0.059940333744616
1.265,-9.55306150432949e-14
1.265125,0.0599403337445354
1.26525,0.0847684329147417
1.265375,0.0599403337446507
1.2655,6.75333048656569e-14
1.265625,-0.0599403337445007
1.26575,-0.0847684329147417
1.265875,-0.0599403337445764
1.266,-3.95359946880189e-14
1.266125,0.0599403337445205
1.26625,0.0847684329147417
1.266375,0.0599403337446112
1.2665,8.86351251239324e-14
1.266625,-0.0599403337444858
1.26675,-0.0847684329147417
1.266875,-0.0599403337446459
1.267,-1.37734255559846e-13
1.267125,0.0599403337445601
1.26725,0.0847684329147417
1.267375,0.0599403337446261
1.2675,3.26405047686565e-14
1.267625,-0.0599403337445254
1.26775,-0.0847684329147417
1.267875,-0.0599403337446063
1.268,-8.173963520457e-14
1.268125,0.0599403337444907
1.26825,0.0847684329147417
1.268375,0.0599403337445865
1.2685,5.3742325026932e-14
1.268625,-0.059940333744456
1.26875,-0.0847684329147417
1.268875,-0.0599403337446212
1.269,-1.02841455462846e-13
1.269125,0.0599403337445303
1.26925,0.0847684329147417
1.269375,0.0599403337446559
1.2695,-2.2522953283439e-15
1.269625,-0.0599403337445501
1.26975,-0.0847684329147417
1.269875,-0.0599403337445816
1.27,-4.68468351075696e-14
1.270125,0.0599403337445154
1.27025,0.0847684329147417
1.270375,0.0599403337446163
1.2705,9.59459655434831e-14
1.270625,-0.0599403337444806
1.27075,-0.0847684329147417
1.270875,-0.059940333744651
1.271,-1.45045095979397e-13
1.271125,0.059940333744555
1.27125,0.0847684329147417
1.271375,0.0599403337446312
1.2715,3.99513451882072e-14
1.271625,-0.0599403337445202
1.27175,-0.0847684329147417
1.271875,-0.0599403337446114
1.272,-8.90504756241207e-14
1.272125,0.0599403337444855
1.27225,0.0847684329147417
1.272375,0.0599403337445916
1.2725,6.10531654464827e-14
1.272625,-0.0599403337445053
1.27275,-0.0847684329147417
1.272875,-0.0599403337446264
1.273,-1.10152295882396e-13
1.273125,0.0599403337445251
1.27325,0.0847684329147417
1.273375,0.0599403337446611
1.2735,5.05854509120677e-15
1.273625,-0.0599403337445449
1.27375,-0.0847684329147417
1.273875,-0.0599403337445868
1.274,-5.41576755271203e-14
1.274125,0.0599403337445102
1.27425,0.0847684329147417
1.274375,0.0599403337446215
1.2745,1.03256805963034e-13
1.274625,-0.0599403337444755
1.27475,-0.0847684329147417
1.274875,-0.0599403337446017
1.275,-1.52355936398947e-13
1.275125,0.0599403337445498
1.27525,0.0847684329147417
1.275375,0.0599403337446364
1.2755,4.72621856077578e-14
1.275625,-0.0599403337445151
1.27575,-0.0847684329147417
1.275875,-0.0599403337445621
1.276,-1.92648754301199e-14
1.276125,0.0599403337444803
1.27625,0.0847684329147417
1.276375,0.0599403337445968
1.2765,6.83640058660334e-14
1.276625,-0.0599403337445001
1.27675,-0.0847684329147417
1.276875,-0.0599403337446315
1.277,-1.17463136301947e-13
1.277125,0.0599403337445199
1.27725,0.0847684329147417
1.277375,0.0599403337446663
1.2775,1.23693855107574e-14
1.277625,-0.0599403337445397
1.27775,-0.0847684329147417
1.277875,-0.0599403337445919
1.278,-6.14685159466709e-14
1.278125,0.059940333744505
1.27825,0.0847684329147417
1.278375,0.0599403337446267
1.2785,1.10567646382584e-13
1.278625,-0.0599403337444703
1.27875,-0.0847684329147417
1.278875,-0.0599403337446069
1.279,-8.25703362049465e-14
1.279125,0.0599403337445446
1.27925,0.0847684329147417
1.279375,0.0599403337446416
1.2795,5.45730260273085e-14
1.279625,-0.0599403337445099
1.27975,-0.0847684329147417
1.279875,-0.0599403337445673
1.28,-2.65757158496705e-14
1.280125,0.0599403337445297
1.28025,0.0847684329147417
1.280375,0.059940333744602
1.2805,7.5674846285584e-14
1.280625,-0.059940333744495
1.28075,-0.0847684329147417
1.280875,-0.0599403337446367
1.281,-1.24773976721498e-13
1.281125,0.0599403337445693
1.28125,0.0847684329147417
1.281375,0.0599403337446714
1.2815,1.96802259303081e-14
1.281625,-0.0599403337445346
1.28175,-0.0847684329147417
1.281875,-0.0599403337445971
1.282,-6.87793563662216e-14
1.282125,0.0599403337444998
1.28225,0.0847684329147417
1.282375,0.0599403337445773
1.2825,1.17878486802135e-13
1.282625,-0.0599403337444651
1.28275,-0.0847684329147417
1.282875,-0.059940333744612
1.283,-8.98811766244971e-14
1.283125,0.0599403337445394
1.28325,0.0847684329147417
1.283375,0.0599403337446468
1.2835,6.18838664468592e-14
1.283625,-0.0599403337445047
1.28375,-0.0847684329147417
1.283875,-0.0599403337445724
1.284,-3.38865562692212e-14
1.284125,0.0599403337445245
1.28425,0.0847684329147417
1.284375,0.0599403337446072
1.2845,8.29856867051347e-14
1.284625,-0.0599403337444898
1.28475,-0.0847684329147417
1.284875,-0.0599403337446419
1.285,-1.32084817141048e-13
1.285125,0.0599403337445641
1.28525,0.0847684329147417
1.285375,0.0599403337446221
1.2855,2.69910663498588e-14
1.285625,-0.0599403337445294
1.28575,-0.0847684329147417
1.285875,-0.0599403337446023
1.286,-7.60901967857723e-14
1.286125,0.0599403337444947
1.28625,0.0847684329147417
1.286375,0.0599403337445825
1.2865,4.80928866081343e-14
1.286625,-0.05994033374446
1.28675,-0.0847684329147417
1.286875,-0.0599403337446172
1.287,-9.71920170440478e-14
1.287125,0.0599403337445343
1.28725,0.0847684329147417
1.287375,0.0599403337446519
1.2875,-7.90173374714162e-15
1.287625,-0.0599403337445541
1.28775,-0.0847684329147417
1.287875,-0.0599403337445776
1.288,-4.11973966887719e-14
1.288125,0.0599403337445193
1.28825,0.0847684329147417
1.288375,0.0599403337446123
1.2885,9.02965271246854e-14
1.288625,-0.0599403337444846
1.28875,-0.0847684329147417
1.288875,-0.0599403337446471
1.289,-1.39395657560599e-13
1.289125,0.0599403337445589
1.28925,0.0847684329147417
1.289375,0.0599403337446272
1.2895,3.43019067694095e-14
1.289625,-0.0599403337445242
1.28975,-0.0847684329147417
1.289875,-0.0599403337446074
1.29,-8.3401037205323e-14
1.290125,0.0599403337444895
1.29025,0.0847684329147417
1.290375,0.0599403337445877
1.2905,5.5403727027685e-14
1.290625,-0.0599403337445093
1.29075,-0.0847684329147417
1.290875,-0.0599403337446224
1.291,-1.04502857463598e-13
1.291125,0.0599403337445291
1.29125,0.0847684329147417
1.291375,0.0599403337446571
1.2915,-5.90893327590949e-16
1.291625,-0.0599403337445489
1.29175,-0.0847684329147417
1.291875,-0.0599403337445828
1.292,-4.85082371083226e-14
1.292125,0.0599403337445142
1.29225,0.0847684329147417
1.292375,0.0599403337446175
1.2925,9.7607367544236e-14
1.292625,-0.0599403337444795
1.29275,-0.0847684329147417
1.292875,-0.0599403337445977
1.293,-1.4670649798015e-13
1.293125,0.0599403337445538
1.29325,0.0847684329147417
1.293375,0.0599403337446324
1.2935,4.16127471889601e-14
1.293625,-0.0599403337445191
1.29375,-0.0847684329147417
1.293875,-0.0599403337445581
1.294,-1.36154370113222e-14
1.294125,0.0599403337444843
1.29425,0.0847684329147417
1.294375,0.0599403337445928
1.2945,6.27145674472356e-14
1.294625,-0.0599403337445041
1.29475,-0.0847684329147417
1.294875,-0.0599403337446275
1.295,-1.11813697883149e-13
1.295125,0.0599403337445784
1.29525,0.0847684329147417
1.295375,0.0599403337446623
1.2955,6.71994709195972e-15
1.295625,-0.0599403337445437
1.29575,-0.0847684329147417
1.295875,-0.0599403337445879
1.296,-5.58190775278732e-14
1.296125,0.059940333744509
1.29625,0.0847684329147417
1.296375,0.0599403337446227
1.2965,1.04918207963787e-13
1.296625,-0.0599403337444743
1.29675,-0.0847684329147417
1.296875,-0.0599403337446029
1.297,-7.69208977861488e-14
1.297125,0.0599403337445486
1.29725,0.0847684329147417
1.297375,0.0599403337446376
1.2975,4.89235876085108e-14
1.297625,-0.0599403337445139
1.29775,-0.0847684329147417
1.297875,-0.0599403337446723
1.298,-2.09262774308728e-14
1.298125,0.0599403337445337
1.29825,0.0847684329147417
1.298375,0.059940333744598
1.2985,7.00254078667863e-14
1.298625,-0.059940333744499
1.29875,-0.0847684329147417
1.298875,-0.0599403337446327
1.299,-1.191245383027e-13
1.299125,0.0599403337445733
1.29925,0.0847684329147417
1.299375,0.0599403337446674
1.2995,1.40307875115104e-14
1.299625,-0.0599403337445386
1.29975,-0.0847684329147417
1.299875,-0.0599403337446476
1.3,-6.31299179474239e-14
1.300125,0.0599403337445038
1.30025,0.0847684329147417
1.300375,0.0599403337445733
1.3005,1.12229048383337e-13
1.300625,-0.0599403337444691
1.30075,-0.0847684329147417
1.300875,-0.059940333744608
1.301,-8.42317382056994e-14
1.301125,0.0599403337445434
1.30125,0.0847684329147417
1.301375,0.0599403337446428
1.3015,-2.086201258549e-14
1.301625,-0.0599403337445087
1.30175,-0.0847684329147417
1.301875,-0.0599403337446775
1.302,-2.82371178504235e-14
1.302125,0.0599403337445285
1.30225,0.0847684329147417
1.302375,0.0599403337446032
1.3025,7.7336248286337e-14
1.302625,-0.0599403337444938
1.30275,-0.0847684329147417
1.302875,-0.0599403337446379
1.303,-1.2643537872225e-13
1.303125,0.0599403337445681
1.30325,0.0847684329147417
1.303375,0.0599403337446181
1.3035,2.13416279310611e-14
1.303625,-0.0599403337445334
1.30375,-0.0847684329147417
1.303875,-0.0599403337446528
1.304,-7.04407583669746e-14
1.304125,0.0599403337445532
1.30425,0.0847684329147417
1.304375,0.059940333744633
1.3045,4.24434481893366e-14
1.304625,-0.059940333744464
1.30475,-0.0847684329147417
1.304875,-0.0599403337446132
1.305,-1.68639019238802e-13
1.305125,0.0599403337445928
1.30525,0.0847684329147417
1.305375,0.0599403337445934
1.3055,-1.35511721659393e-14
1.305625,-0.0599403337445035
1.30575,-0.0847684329147417
1.305875,-0.0599403337446826
1.306,-1.12644398883526e-13
1.306125,0.0599403337445233
1.30625,0.0847684329147417
1.306375,0.0599403337445538
1.3065,8.46470887058877e-14
1.306625,-0.0599403337445431
1.30675,-0.0847684329147417
1.306875,-0.059940333744643
1.307,-5.66497785282497e-14
1.307125,0.0599403337445629
1.30725,0.0847684329147417
1.307375,0.0599403337446233
1.3075,2.86524683506117e-14
1.307625,-0.0599403337445827
1.30775,-0.0847684329147417
1.307875,-0.0599403337447125
1.308,-6.55158172973767e-16
1.308125,0.0599403337444935
1.30825,0.0847684329147417
1.308375,0.0599403337445837
1.3085,1.26850729222439e-13
1.308625,-0.0599403337445133
1.30875,-0.0847684329147417
1.308875,-0.0599403337445639
1.309,-9.88534190448008e-14
1.309125,0.0599403337445331
1.30925,0.0847684329147417
1.309375,0.0599403337446531
1.3095,7.08561088671628e-14
1.309625,-0.0599403337445529
1.30975,-0.0847684329147417
1.309875,-0.0599403337446333
1.31,-4.28587986895248e-14
1.310125,0.0599403337444637
1.31025,0.0847684329147417
1.310375,0.0599403337446135
1.3105,1.48614885118869e-14
1.310625,-0.0599403337444835
1.31075,-0.0847684329147417
1.310875,-0.0599403337445937
1.311,-1.41057059561352e-13
1.311125,0.0599403337445032
1.31125,0.0847684329147417
1.311375,0.0599403337446829
1.3115,-4.11331318433891e-14
1.311625,-0.059940333744523
1.31175,-0.0847684329147417
1.311875,-0.0599403337446631
1.312,-8.50624392060759e-14
1.312125,0.0599403337445428
1.31225,0.0847684329147417
1.312375,0.0599403337446433
1.3125,5.70651290284379e-14
1.312625,-0.0599403337444536
1.31275,-0.0847684329147417
1.312875,-0.0599403337446235
1.313,-2.90678188508e-14
1.313125,0.0599403337445824
1.31325,0.0847684329147417
1.313375,0.0599403337446037
1.3135,1.55263389900265e-13
1.313625,-0.0599403337444932
1.31375,-0.0847684329147417
1.313875,-0.059940333744693
1.314,2.6926801504476e-14
1.314125,0.059940333744513
1.31425,0.0847684329147417
1.314375,0.0599403337445642
1.3145,9.9268769544989e-14
1.314625,-0.0599403337445328
1.31475,-0.0847684329147417
1.314875,-0.0599403337446534
1.315,-7.1271459367351e-14
1.315125,0.0599403337445526
1.31525,0.0847684329147417
1.315375,0.0599403337446336
1.3155,1.97467030416816e-13
1.315625,-0.0599403337445724
1.31575,-0.0847684329147417
1.315875,-0.0599403337446138
1.316,-1.52768390120751e-14
1.316125,0.0599403337444832
1.31625,0.0847684329147417
1.316375,0.059940333744594
1.3165,1.4147241006154e-13
1.316625,-0.059940333744503
1.31675,-0.0847684329147417
1.316875,-0.0599403337445742
1.317,-1.13475099883902e-13
1.317125,0.0599403337445228
1.31725,0.0847684329147417
1.317375,0.0599403337446634
1.3175,8.54777897062641e-14
1.317625,-0.0599403337445425
1.31775,-0.0847684329147417
1.317875,-0.0599403337446436
1.318,-5.74804795286262e-14
1.318125,0.0599403337445623
1.31825,0.0847684329147417
1.318375,0.0599403337446238
1.3185,2.94831693509882e-14
1.318625,-0.0599403337444731
1.31875,-0.0847684329147417
1.318875,-0.059940333744604
1.319,-1.55678740400453e-13
1.319125,0.0599403337446019
1.31925,0.0847684329147417
1.319375,0.0599403337445842
1.3195,1.27681430222815e-13
1.319625,-0.0599403337445127
1.31975,-0.0847684329147417
1.319875,-0.0599403337446735
1.32,-9.96841200451772e-14
1.320125,0.0599403337445325
1.32025,0.0847684329147417
1.320375,0.0599403337445447
1.3205,7.16868098675393e-14
1.320625,-0.0599403337444433
1.32075,-0.0847684329147417
1.320875,-0.0599403337446339
1.321,-4.36894996899013e-14
1.321125,0.0599403337445721
1.32125,0.0847684329147417
1.321375,0.0599403337446141
1.3215,1.69885070739366e-13
1.321625,-0.0599403337445919
1.32175,-0.0847684329147417
1.321875,-0.0599403337447033
1.322,1.23051206653746e-14
1.322125,0.0599403337445027
1.32225,0.0847684329147417
1.322375,0.0599403337445745
1.3225,1.1389045038409e-13
1.322625,-0.0599403337445225
1.32275,-0.0847684329147417
1.322875,-0.0599403337446637
1.323,-8.58931402064524e-14
1.323125,0.0599403337445423
1.32325,0.0847684329147417
1.323375,0.0599403337446439
1.3235,5.78958300288144e-14
1.323625,-0.0599403337445621
1.32375,-0.0847684329147417
1.323875,-0.0599403337446241
1.324,-2.98985198511764e-14
1.324125,0.0599403337444728
1.32425,0.0847684329147417
1.324375,0.0599403337446043
1.3245,1.90120967353848e-15
1.324625,-0.0599403337444926
1.32475,-0.0847684329147417
1.324875,-0.0599403337445845
1.325,-1.28096780723003e-13
1.325125,0.0599403337445124
1.32525,0.0847684329147417
1.325375,0.0599403337446738
1.3255,1.00099470545365e-13
1.325625,-0.0599403337445322
1.32575,-0.0847684329147417
1.325875,-0.059940333744654
1.326,-7.21021603677275e-14
1.326125,0.059940333744552
1.32625,0.0847684329147417
1.326375,0.0599403337446342
1.3265,4.41048501900895e-14
1.326625,-0.0599403337444628
1.32675,-0.0847684329147417
1.326875,-0.0599403337446144
1.327,-1.70300421239554e-13
1.327125,0.0599403337445916
1.32725,0.0847684329147417
1.327375,0.0599403337445946
1.3275,1.42303111061917e-13
1.327625,-0.0599403337445024
1.32775,-0.0847684329147417
1.327875,-0.0599403337446838
1.328,3.98870803428244e-14
1.328125,0.0599403337445222
1.32825,0.0847684329147417
1.328375,0.059940333744555
1.3285,8.63084907066406e-14
1.328625,-0.059940333744542
1.32875,-0.0847684329147417
1.328875,-0.0599403337446442
1.329,-5.83111805290027e-14
1.329125,0.0599403337444527
1.32925,0.0847684329147417
1.329375,0.0599403337446244
1.3295,1.84506751578468e-13
1.329625,-0.0599403337445816
1.32975,-0.0847684329147417
1.329875,-0.0599403337446046
1.33,-2.31656017372672e-15
1.330125,0.0599403337444923
1.33025,0.0847684329147417
1.330375,0.0599403337445848
1.3305,1.28512131223192e-13
1.330625,-0.0599403337445121
1.33075,-0.0847684329147417
1.330875,-0.059940333744565
1.331,-1.00514821045554e-13
1.331125,0.0599403337445319
1.33125,0.0847684329147417
1.331375,0.0599403337446543
1.3315,7.25175108679158e-14
1.331625,-0.0599403337445517
1.33175,-0.0847684329147417
1.331875,-0.0599403337446345
1.332,-4.45202006902778e-14
1.332125,0.0599403337445715
1.33225,0.0847684329147417
1.332375,0.0599403337446147
1.3325,1.65228905126398e-14
1.332625,-0.0599403337444823
1.33275,-0.0847684329147417
1.332875,-0.0599403337445949
1.333,-1.42718461562105e-13
1.333125,0.0599403337445021
1.33325,0.0847684329147417
1.333375,0.0599403337446841
1.3335,1.14721151384467e-13
1.333625,-0.0599403337445219
1.33375,-0.0847684329147417
1.333875,-0.0599403337446643
1.334,-8.67238412068289e-14
1.334125,0.0599403337445417
1.33425,0.0847684329147417
1.334375,0.0599403337445355
1.3345,5.87265310291909e-14
1.334625,-0.0599403337444524
1.33475,-0.0847684329147417
1.334875,-0.0599403337446247
1.335,-3.07292208515529e-14
1.335125,0.0599403337444722
1.33525,0.0847684329147417
1.335375,0.0599403337446049
1.3355,1.56924791901018e-13
1.335625,-0.059940333744492
1.33575,-0.0847684329147417
1.335875,-0.0599403337446942
1.336,2.5265399503723e-14
1.336125,0.0599403337445118
1.33625,0.0847684329147417
1.336375,0.0599403337445653
1.3365,1.00930171545742e-13
1.336625,-0.0599403337445316
1.33675,-0.0847684329147417
1.336875,-0.0599403337446546
1.337,-7.2932861368104e-14
1.337125,0.0599403337444424
1.33725,0.0847684329147417
1.337375,0.0599403337446348
1.3375,4.4935551190466e-14
1.337625,-0.0599403337445712
1.33775,-0.0847684329147417
1.337875,-0.059940333744615
1.338,-1.69382410128281e-14
1.338125,0.059940333744482
1.33825,0.0847684329147417
1.338375,0.0599403337445952
1.3385,-1.10590691648099e-14
1.338625,-0.0599403337445018
1.33875,-0.0847684329147417
1.338875,-0.0599403337445754
1.339,-1.15136501884655e-13
1.339125,0.0599403337445216
1.33925,0.0847684329147417
1.339375,0.0599403337446646
1.3395,8.71391917070171e-14
1.339625,-0.0599403337445414
1.33975,-0.0847684329147417
1.339875,-0.0599403337446448
1.34,-5.91418815293791e-14
1.340125,0.0599403337445612
1.34025,0.0847684329147417
1.340375,0.059940333744625
1.3405,3.11445713517412e-14
1.340625,-0.0599403337444719
1.34075,-0.0847684329147417
1.340875,-0.0599403337446052
1.341,-1.57340142401206e-13
1.341125,0.0599403337444917
1.34125,0.0847684329147417
1.341375,0.0599403337445854
1.3415,1.29342832223568e-13
1.341625,-0.0599403337445115
1.34175,-0.0847684329147417
1.341875,-0.0599403337446747
1.342,-1.0134552204593e-13
1.342125,0.0599403337445313
1.34225,0.0847684329147417
1.342375,0.0599403337445458
1.3425,7.33482118682922e-14
1.342625,-0.0599403337445511
1.34275,-0.0847684329147417
1.342875,-0.0599403337446351
1.343,-4.53509016906543e-14
1.343125,0.0599403337444619
1.34325,0.0847684329147417
1.343375,0.0599403337446153
1.3435,1.71546472740119e-13
1.343625,-0.0599403337445907
1.34375,-0.0847684329147417
1.343875,-0.0599403337445955
1.344,1.06437186646217e-14
1.344125,0.0599403337445015
1.34425,0.0847684329147417
1.344375,0.0599403337445757
1.3445,1.15551852384843e-13
1.344625,-0.0599403337445213
1.34475,-0.0847684329147417
1.344875,-0.0599403337445559
1.345,-8.75545422072053e-14
1.345125,0.059940333744432
1.34525,0.0847684329147417
1.345375,0.0599403337446451
1.3455,5.95572320295674e-14
1.345625,-0.0599403337445609
1.34575,-0.0847684329147417
1.345875,-0.0599403337446253
1.346,-3.15599218519294e-14
1.346125,0.0599403337444716
1.34625,0.0847684329147417
1.346375,0.0599403337446055
1.3465,3.56261167429144e-15
1.346625,-0.0599403337444914
1.34675,-0.0847684329147417
1.346875,-0.0599403337445857
1.347,-1.29758182723756e-13
1.347125,0.0599403337445112
1.34725,0.0847684329147417
1.347375,0.0599403337446749
1.3475,1.01760872546118e-13
1.347625,-0.059940333744531
1.34775,-0.0847684329147417
1.347875,-0.0599403337446551
1.348,-7.37635623684805e-14
1.348125,0.0599403337445508
1.34825,0.0847684329147417
1.348375,0.0599403337446354
1.3485,4.57662521908425e-14
1.348625,-0.0599403337444616
1.34875,-0.0847684329147417
1.348875,-0.0599403337446156
1.349,-1.77689420132045e-14
1.349125,0.0599403337444814
1.34925,0.0847684329147417
1.349375,0.0599403337445958
1.3495,1.43964513062669e-13
1.349625,-0.0599403337445012
1.34975,-0.0847684329147417
1.349875,-0.059940333744685
1.35,3.82256783420714e-14
1.350125,0.059940333744521
1.35025,0.0847684329147417
1.350375,0.0599403337445562
1.3505,8.79698927073936e-14
1.350625,-0.0599403337445408
1.35075,-0.0847684329147417
1.350875,-0.0599403337446454
1.351,-5.99725825297556e-14
1.351125,0.0599403337444516
1.35125,0.0847684329147417
1.351375,0.0599403337446256
1.3515,1.86168153579221e-13
1.351625,-0.0599403337445804
1.35175,-0.0847684329147417
1.351875,-0.0599403337446058
1.352,-3.97796217447968e-15
1.352125,0.0599403337444912
1.35225,0.0847684329147417
1.352375,0.059940333744586
1.3525,1.30173533223945e-13
1.352625,-0.0599403337445109
1.35275,-0.0847684329147417
1.352875,-0.0599403337445662
1.353,-1.02176223046307e-13
1.353125,0.0599403337445307
1.35325,0.0847684329147417
1.353375,0.0599403337446554
1.3535,7.41789128686687e-14
1.353625,-0.0599403337445505
1.35375,-0.0847684329147417
1.353875,-0.0599403337446357
1.354,-4.61816026910307e-14
1.354125,0.0599403337445703
1.35425,0.0847684329147417
1.354375,0.0599403337446158
1.3545,1.81842925133928e-14
1.354625,-0.0599403337444811
1.35475,-0.0847684329147417
1.354875,-0.0599403337445961
1.355,-1.44379863562858e-13
1.355125,0.0599403337445009
1.35525,0.0847684329147417
1.355375,0.0599403337445763
1.3555,1.1638255338522e-13
1.355625,-0.0599403337445207
1.35575,-0.0847684329147417
1.355875,-0.0599403337446655
1.356,-8.83852432075818e-14
1.356125,0.0599403337445405
1.35625,0.0847684329147417
1.356375,0.0599403337445367
1.3565,6.03879330299438e-14
1.356625,-0.0599403337445603
1.35675,-0.0847684329147417
1.356875,-0.0599403337446259
1.357,-3.23906228523059e-14
1.357125,0.0599403337444711
1.35725,0.0847684329147417
1.357375,0.0599403337446061
1.3575,1.58586193901771e-13
1.357625,-0.0599403337445999
1.35775,-0.0847684329147417
1.357875,-0.0599403337446953
1.358,2.36039975029701e-14
1.358125,0.0599403337445107
1.35825,0.0847684329147417
1.358375,0.0599403337445665
1.3585,1.02591573546495e-13
1.358625,-0.0599403337445304
1.35875,-0.0847684329147417
1.358875,-0.0599403337446557
1.359,-7.45942633688569e-14
1.359125,0.0599403337444412
1.35925,0.0847684329147417
1.359375,0.0599403337446359
1.3595,4.6596953191219e-14
1.359625,-0.05994033374457
1.35975,-0.0847684329147417
1.359875,-0.0599403337446161
1.36,-1.8599643013581e-14
1.360125,0.0599403337444808
1.36025,0.0847684329147417
1.360375,0.0599403337447054
1.3605,-9.39766716405695e-15
1.360625,-0.0599403337445006
1.36075,-0.0847684329147417
1.360875,-0.0599403337445766
1.361,-1.16797903885408e-13
1.361125,0.0599403337445204
1.36125,0.0847684329147417
1.361375,0.0599403337446658
1.3615,8.88005937077701e-14
1.361625,-0.0599403337445402
1.36175,-0.0847684329147417
1.361875,-0.059940333744646
1.362,-6.08032835301321e-14
1.362125,0.05994033374456
1.36225,0.0847684329147417
1.362375,0.0599403337446262
1.3625,3.28059733524941e-14
1.362625,-0.0599403337444708
1.36275,-0.0847684329147417
1.362875,-0.0599403337446064
1.363,-4.80866317485615e-15
1.363125,0.0599403337444906
1.36325,0.0847684329147417
1.363375,0.0599403337445866
1.3635,1.31004234224321e-13
1.363625,-0.0599403337445104
1.36375,-0.0847684329147417
1.363875,-0.0599403337446758
1.364,5.11859571804198e-14
1.364125,0.0599403337445302
1.36425,0.0847684329147417
1.364375,0.059940333744656
1.3645,7.50096138690452e-14
1.364625,-0.05994033374455
1.36475,-0.0847684329147417
1.364875,-0.0599403337446362
1.365,-4.70123036914072e-14
1.365125,0.0599403337444607
1.36525,0.0847684329147417
1.365375,0.0599403337446164
1.3655,1.73207874740872e-13
1.365625,-0.0599403337445895
1.36575,-0.0847684329147417
1.365875,-0.0599403337445966
1.366,8.98231666386871e-15
1.366125,0.0599403337445003
1.36625,0.0847684329147417
1.366375,0.0599403337446859
1.3665,1.17213254385596e-13
1.366625,-0.0599403337445201
1.36675,-0.0847684329147417
1.366875,-0.059940333744557
1.367,-8.92159442079583e-14
1.367125,0.0599403337445399
1.36725,0.0847684329147417
1.367375,0.0599403337446463
1.3675,6.12186340303203e-14
1.367625,-0.0599403337445597
1.36775,-0.0847684329147417
1.367875,-0.0599403337446265
1.368,-3.32213238526824e-14
1.368125,0.0599403337445795
1.36825,0.0847684329147417
1.368375,0.0599403337447157
1.3685,5.22401367504439e-15
1.368625,-0.0599403337444903
1.36875,-0.0847684329147417
1.368875,-0.0599403337445869
1.369,-1.31419584724509e-13
1.369125,0.0599403337445101
1.36925,0.0847684329147417
1.369375,0.0599403337445671
1.3695,1.03422274546871e-13
1.369625,-0.0599403337445299
1.36975,-0.0847684329147417
1.369875,-0.0599403337446563
1.37,-7.54249643692334e-14
1.370125,0.0599403337445497
1.37025,0.0847684329147417
1.370375,0.0599403337446365
1.3705,4.74276541915955e-14
1.370625,-0.0599403337444604
1.37075,-0.0847684329147417
1.370875,-0.0599403337446167
1.371,-1.94303440139575e-14
1.371125,0.0599403337444802
1.37125,0.0847684329147417
1.371375,0.0599403337445969
1.3715,1.45625915063422e-13
1.371625,-0.0599403337445
1.37175,-0.0847684329147417
1.371875,-0.0599403337446862
1.372,3.65642763413184e-14
1.372125,0.0599403337445198
1.37225,0.0847684329147417
1.372375,0.0599403337446664
1.3725,8.96312947081465e-14
1.372625,-0.0599403337445396
1.37275,-0.0847684329147417
1.372875,-0.0599403337446466
1.373,-6.16339845305086e-14
1.373125,0.0599403337444504
1.37325,0.0847684329147417
1.373375,0.0599403337446268
1.3735,3.36366743528706e-14
1.373625,-0.0599403337445792
1.37375,-0.0847684329147417
1.373875,-0.059940333744607
1.374,-5.63936417523263e-15
1.374125,0.05994033374449
1.37425,0.0847684329147417
1.374375,0.0599403337446962
1.3745,-2.23579460024053e-14
1.374625,-0.0599403337445098
1.37475,-0.0847684329147417
1.374875,-0.0599403337445674
1.375,-1.0383762504706e-13
1.375125,0.0599403337445296
1.37525,0.0847684329147417
1.375375,0.0599403337446566
1.3755,7.58403148694217e-14
1.375625,-0.0599403337445494
1.37575,-0.0847684329147417
1.375875,-0.0599403337446368
1.376,-2.02035885918887e-13
1.376125,0.0599403337445692
1.37625,0.0847684329147417
1.376375,0.059940333744617
1.3765,1.98456945141457e-14
1.376625,-0.0599403337444799
1.37675,-0.0847684329147417
1.376875,-0.0599403337445972
1.377,-1.46041265563611e-13
1.377125,0.0599403337444997
1.37725,0.0847684329147417
1.377375,0.0599403337445774
1.3775,1.18043955385973e-13
1.377625,-0.0599403337445195
1.37775,-0.0847684329147417
1.377875,-0.0599403337446667
1.378,-9.00466452083348e-14
1.378125,0.0599403337445393
1.37825,0.0847684329147417
1.378375,0.0599403337446469
1.3785,6.20493350306968e-14
1.378625,-0.0599403337445591
1.37875,-0.0847684329147417
1.378875,-0.0599403337446271
1.379,-3.40520248530588e-14
1.379125,0.0599403337444699
1.37925,0.0847684329147417
1.379375,0.0599403337446073
1.3795,1.60247595902524e-13
1.379625,-0.0599403337445987
1.37975,-0.0847684329147417
1.379875,-0.0599403337445875
1.38,-1.32250285724886e-13
1.380125,0.0599403337445095
1.38025,0.0847684329147417
1.380375,0.0599403337446767
1.3805,1.04252975547248e-13
1.380625,-0.0599403337445293
1.38075,-0.0847684329147417
1.380875,-0.0599403337445479
1.381,-7.62556653696099e-14
1.381125,0.05994033374444
1.38125,0.0847684329147417
1.381375,0.0599403337446371
1.3815,4.82583551919719e-14
1.381625,-0.0599403337445689
1.38175,-0.0847684329147417
1.381875,-0.0599403337446173
1.382,-1.74453926241437e-13
1.382125,0.0599403337445887
1.38225,0.0847684329147417
1.382375,0.0599403337447066
1.3825,-7.736265163304e-15
1.382625,-0.0599403337444994
1.38275,-0.0847684329147417
1.382875,-0.0599403337445777
1.383,-1.18459305886161e-13
1.383125,0.0599403337445192
1.38325,0.0847684329147417
1.383375,0.059940333744667
1.3835,9.0461995708523e-14
1.383625,-0.059940333744539
1.38375,-0.0847684329147417
1.383875,-0.0599403337446472
1.384,-6.2464685530885e-14
1.384125,0.0599403337445588
1.38425,0.0847684329147417
1.384375,0.0599403337446274
1.3845,3.44673753532471e-14
1.384625,-0.0599403337444696
1.38475,-0.0847684329147417
1.384875,-0.0599403337446076
1.385,-6.47006517560911e-15
1.385125,0.0599403337444894
1.38525,0.0847684329147417
1.385375,0.0599403337445878
1.3855,1.32665636225074e-13
1.385625,-0.0599403337445092
1.38575,-0.0847684329147417
1.385875,-0.059940333744677
1.386,-1.04668326047436e-13
1.386125,0.059940333744529
1.38625,0.0847684329147417
1.386375,0.0599403337446572
1.3865,7.66710158697981e-14
1.386625,-0.0599403337445488
1.38675,-0.0847684329147417
1.386875,-0.0599403337446374
1.387,-4.86737056921602e-14
1.387125,0.0599403337444595
1.38725,0.0847684329147417
1.387375,0.0599403337446176
1.3875,1.74869276741625e-13
1.387625,-0.0599403337445884
1.38775,-0.0847684329147417
1.387875,-0.0599403337445978
1.388,-1.46871966563987e-13
1.388125,0.0599403337444991
1.38825,0.0847684329147417
1.388375,0.059940333744687
1.3885,-3.53182248407537e-14
1.388625,-0.0599403337445189
1.38875,-0.0847684329147417
1.388875,-0.0599403337445582
1.389,-9.08773462087112e-14
1.389125,0.0599403337445387
1.38925,0.0847684329147417
1.389375,0.0599403337446475
1.3895,6.28800360310733e-14
1.389625,-0.0599403337445585
1.38975,-0.0847684329147417
1.389875,-0.0599403337446277
1.39,-1.89075607080538e-13
1.390125,0.0599403337445783
1.39025,0.0847684329147417
1.390375,0.0599403337446079
1.3905,6.88541567579734e-15
1.390625,-0.0599403337444891
1.39075,-0.0847684329147417
1.390875,-0.0599403337445881
1.391,-1.33080986725262e-13
1.391125,0.0599403337445089
1.39125,0.0847684329147417
1.391375,0.0599403337445683
1.3915,1.05083676547624e-13
1.391625,-0.0599403337445287
1.39175,-0.0847684329147417
1.391875,-0.0599403337446575
1.392,-7.70863663699864e-14
1.392125,0.0599403337445485
1.39225,0.0847684329147417
1.392375,0.0599403337446377
1.3925,4.90890561923484e-14
1.392625,-0.0599403337445683
1.39275,-0.0847684329147417
1.392875,-0.0599403337446179
1.393,-2.10917460147104e-14
1.393125,0.059940333744479
1.39325,0.0847684329147417
1.393375,0.0599403337445981
1.3935,1.47287317064175e-13
1.393625,-0.0599403337444988
1.39375,-0.0847684329147417
1.393875,-0.0599403337446873
1.394,-1.19290006886537e-13
1.394125,0.0599403337445186
1.39425,0.0847684329147417
1.394375,0.0599403337446675
1.3945,9.12926967088995e-14
1.394625,-0.0599403337445384
1.39475,-0.0847684329147417
1.394875,-0.0599403337445387
1.395,-6.32953865312615e-14
1.395125,0.0599403337444492
1.39525,0.0847684329147417
1.395375,0.059940333744628
1.3955,3.52980763536235e-14
1.395625,-0.059940333744469
1.39575,-0.0847684329147417
1.395875,-0.0599403337446082
1.396,-1.61493647403089e-13
1.396125,0.0599403337444888
1.39625,0.0847684329147417
1.396375,0.0599403337446974
1.3965,-2.06965440016524e-14
1.396625,-0.0599403337445086
1.39675,-0.0847684329147417
1.396875,-0.0599403337445686
1.397,-1.05499027047813e-13
1.397125,0.0599403337445284
1.39725,0.0847684329147417
1.397375,0.0599403337446578
1.3975,7.75017168701746e-14
1.397625,-0.0599403337444392
1.39775,-0.0847684329147417
1.397875,-0.059940333744638
1.398,-4.95044066925367e-14
1.398125,0.059940333744568
1.39825,0.0847684329147417
1.398375,0.0599403337446182
1.3985,2.15070965148987e-14
1.398625,-0.0599403337444788
1.39875,-0.0847684329147417
1.398875,-0.0599403337445984
1.399,6.49021366273928e-15
1.399125,0.0599403337444986
1.39925,0.0847684329147417
1.399375,0.0599403337445786
1.3995,1.19705357386726e-13
1.399625,-0.0599403337445183
1.39975,-0.0847684329147417
1.399875,-0.0599403337446678
1.4,-9.17080472090877e-14
1.400125,0.0599403337445381
1.40025,0.0847684329147417
1.400375,0.059940333744648
1.4005,6.37107370314498e-14
1.400625,-0.0599403337445579
1.40075,-0.0847684329147417
1.400875,-0.0599403337446282
1.401,-3.57134268538118e-14
1.401125,0.0599403337444687
1.40125,0.0847684329147417
1.401375,0.0599403337446084
1.4015,1.61908997903277e-13
1.401625,-0.0599403337444885
1.40175,-0.0847684329147417
1.401875,-0.0599403337445887
1.402,-1.33911687725639e-13
1.402125,0.0599403337445083
1.40225,0.0847684329147417
1.402375,0.0599403337446779
1.4025,1.05914377548001e-13
1.402625,-0.0599403337445281
1.40275,-0.0847684329147417
1.402875,-0.0599403337445491
1.403,-7.79170673703629e-14
1.403125,0.0599403337445479
1.40325,0.0847684329147417
1.403375,0.0599403337446383
1.4035,4.99197571927249e-14
1.403625,-0.0599403337444587
1.40375,-0.0847684329147417
1.403875,-0.0599403337446185
1.404,-1.7611532824219e-13
1.404125,0.0599403337445875
1.40425,0.0847684329147417
1.404375,0.0599403337445987
1.4045,-6.07486316255104e-15
1.404625,-0.0599403337444983
1.40475,-0.0847684329147417
1.404875,-0.0599403337445789
1.405,-1.20120707886914e-13
1.405125,0.059940333744518
1.40525,0.0847684329147417
1.405375,0.0599403337445591
1.4055,9.2123397709276e-14
1.405625,-0.0599403337444288
1.40575,-0.0847684329147417
1.405875,-0.0599403337446483
1.406,-6.4126087531638e-14
1.406125,0.0599403337445576
1.40625,0.0847684329147417
1.406375,0.0599403337446285
1.4065,3.6128777354e-14
1.406625,-0.0599403337444684
1.40675,-0.0847684329147417
1.406875,-0.0599403337446087
1.407,-8.13146717636206e-15
1.407125,0.0599403337444882
1.40725,0.0847684329147417
1.407375,0.0599403337445889
1.4075,1.34327038225827e-13
1.407625,-0.059940333744508
1.40775,-0.0847684329147417
1.407875,-0.0599403337446782
1.408,-1.06329728048189e-13
1.408125,0.0599403337445278
1.40825,0.0847684329147417
1.408375,0.0599403337446584
1.4085,7.83324178705511e-14
1.408625,-0.0599403337445476
1.40875,-0.0847684329147417
1.408875,-0.0599403337446386
1.409,-5.03351076929131e-14
1.409125,0.0599403337444584
1.40925,0.0847684329147417
1.409375,0.0599403337446188
1.4095,2.23377975152752e-14
1.409625,-0.0599403337444782
1.40975,-0.0847684329147417
1.409875,-0.059940333744599
1.41,-1.4853336856474e-13
1.410125,0.059940333744498
1.41025,0.0847684329147417
1.410375,0.0599403337446882
1.4105,-3.36568228400008e-14
1.410625,-0.0599403337445178
1.41075,-0.0847684329147417
1.410875,-0.0599403337445594
1.411,-9.25387482094642e-14
1.411125,0.0599403337445376
1.41125,0.0847684329147417
1.411375,0.0599403337446486
1.4115,6.45414380318262e-14
1.411625,-0.0599403337444483
1.41175,-0.0847684329147417
1.411875,-0.0599403337446288
1.412,-1.90737009081291e-13
1.412125,0.0599403337445771
1.41225,0.0847684329147417
1.412375,0.059940333744609
1.4125,8.5468176765503e-15
1.412625,-0.0599403337444879
1.41275,-0.0847684329147417
1.412875,-0.0599403337445892
1.413,-1.34742388726015e-13
1.413125,0.0599403337445077
1.41325,0.0847684329147417
1.413375,0.0599403337445694
1.4135,1.06745078548377e-13
1.413625,-0.0599403337445275
1.41375,-0.0847684329147417
1.413875,-0.0599403337446587
1.414,-7.87477683707393e-14
1.414125,0.0599403337445473
1.41425,0.0847684329147417
1.414375,0.0599403337446389
1.4145,5.07504581931014e-14
1.414625,-0.0599403337445671
1.41475,-0.0847684329147417
1.414875,-0.0599403337446191
1.415,-2.27531480154634e-14
1.415125,0.0599403337444779
1.41525,0.0847684329147417
1.415375,0.0599403337445993
1.4155,1.48948719064928e-13
1.415625,-0.0599403337444977
1.41575,-0.0847684329147417
1.415875,-0.0599403337445795
1.416,-1.2095140888729e-13
1.416125,0.0599403337445175
1.41625,0.0847684329147417
1.416375,0.0599403337446687
1.4165,9.29540987096524e-14
1.416625,-0.0599403337445373
1.41675,-0.0847684329147417
1.416875,-0.0599403337445399
1.417,-6.49567885320145e-14
1.417125,0.0599403337445571
1.41725,0.0847684329147417
1.417375,0.0599403337446291
1.4175,3.69594783543765e-14
1.417625,-0.0599403337444678
1.41775,-0.0847684329147417
1.417875,-0.0599403337446093
1.418,-1.63155049403841e-13
1.418125,0.0599403337445967
1.41825,0.0847684329147417
1.418375,0.0599403337446986
1.4185,-1.90351420008994e-14
1.418625,-0.0599403337445074
1.41875,-0.0847684329147417
1.418875,-0.0599403337445697
1.419,-1.07160429048566e-13
1.419125,0.0599403337445272
1.41925,0.0847684329147417
1.419375,0.059940333744659
1.4195,7.91631188709276e-14
1.419625,-0.059940333744438
1.41975,-0.0847684329147417
1.419875,-0.0599403337446392
1.42,-5.11658086932896e-14
1.420125,0.0599403337445668
1.42025,0.0847684329147417
1.420375,0.0599403337446194
1.4205,2.31684985156516e-14
1.420625,-0.0599403337444776
1.42075,-0.0847684329147417
1.420875,-0.0599403337445996
1.421,4.82881166198633e-15
1.421125,0.0599403337444974
1.42125,0.0847684329147417
1.421375,0.0599403337445798
1.4215,1.21366759387479e-13
1.421625,-0.0599403337445172
1.42175,-0.0847684329147417
1.421875,-0.059940333744669
1.422,-9.33694492098407e-14
1.422125,0.059940333744537
1.42225,0.0847684329147417
1.422375,0.0599403337446492
1.4225,6.53721390322027e-14
1.422625,-0.0599403337445568
1.42275,-0.0847684329147417
1.422875,-0.0599403337446294
1.423,-3.73748288545647e-14
1.423125,0.0599403337444675
1.42325,0.0847684329147417
1.423375,0.0599403337446096
1.4235,9.37751867692678e-15
1.423625,-0.0599403337444873
1.42375,-0.0847684329147417
1.423875,-0.0599403337445898
1.424,-1.35573089726392e-13
1.424125,0.0599403337445071
1.42425,0.0847684329147417
1.424375,0.0599403337446791
1.4245,-4.66171016783492e-14
1.424625,-0.0599403337445269
1.42475,-0.0847684329147417
1.424875,-0.0599403337446593
1.425,-7.95784693711158e-14
1.425125,0.0599403337445467
1.42525,0.0847684329147417
1.425375,0.0599403337446395
1.4255,5.15811591934778e-14
1.425625,-0.0599403337444575
1.42575,-0.0847684329147417
1.425875,-0.0599403337446197
1.426,-1.77776730242943e-13
1.426125,0.0599403337445863
1.42625,0.0847684329147417
1.426375,0.0599403337445999
1.4265,-4.41346116179809e-15
1.426625,-0.0599403337444971
1.42675,-0.0847684329147417
1.426875,-0.0599403337446891
1.427,-1.21782109887667e-13
1.427125,0.0599403337445169
1.42725,0.0847684329147417
1.427375,0.0599403337445603
1.4275,9.37847997100289e-14
1.427625,-0.0599403337445367
1.42775,-0.0847684329147417
1.427875,-0.0599403337446495
1.428,-6.57874895323909e-14
1.428125,0.0599403337445565
1.42825,0.0847684329147417
1.428375,0.0599403337446297
1.4285,3.7790179354753e-14
1.428625,-0.0599403337445763
1.42875,-0.0847684329147417
1.428875,-0.059940333744719
1.429,-9.79286917711501e-15
1.429125,0.059940333744487
1.42925,0.0847684329147417
1.429375,0.0599403337445901
1.4295,1.3598844022658e-13
1.429625,-0.0599403337445068
1.42975,-0.0847684329147417
1.429875,-0.0599403337445703
1.43,-1.07991130048942e-13
1.430125,0.0599403337445266
1.43025,0.0847684329147417
1.430375,0.0599403337446596
1.4305,7.9993819871304e-14
1.430625,-0.0599403337445464
1.43075,-0.0847684329147417
1.430875,-0.0599403337446398
1.431,-5.19965096936661e-14
1.431125,0.0599403337444572
1.43125,0.0847684329147417
1.431375,0.05994033374462
1.4315,2.39991995160281e-14
1.431625,-0.059940333744477
1.43175,-0.0847684329147417
1.431875,-0.0599403337446002
1.432,-1.50194770565493e-13
1.432125,0.0599403337444968
1.43225,0.0847684329147417
1.432375,0.0599403337446894
1.4325,-3.19954208392478e-14
1.432625,-0.0599403337445166
1.43275,-0.0847684329147417
1.432875,-0.0599403337446696
1.433,-9.42001502102171e-14
1.433125,0.0599403337445364
1.43325,0.0847684329147417
1.433375,0.0599403337446498
1.4335,6.62028400325792e-14
1.433625,-0.0599403337444471
1.43375,-0.0847684329147417
1.433875,-0.05994033374463
1.434,-3.82055298549412e-14
1.434125,0.059940333744576
1.43425,0.0847684329147417
1.434375,0.0599403337446102
1.4345,1.02082196773033e-14
1.434625,-0.0599403337444867
1.43475,-0.0847684329147417
1.434875,-0.0599403337446994
1.435,1.77890905003347e-14
1.435125,0.0599403337445065
1.43525,0.0847684329147417
1.435375,0.0599403337445706
1.4355,1.0840648054913e-13
1.435625,-0.0599403337445263
1.43575,-0.0847684329147417
1.435875,-0.0599403337446598
1.436,-8.04091703714923e-14
1.436125,0.0599403337445461
1.43625,0.0847684329147417
1.436375,0.0599403337446401
1.4365,5.24118601938543e-14
1.436625,-0.0599403337445659
1.43675,-0.0847684329147417
1.436875,-0.0599403337446203
1.437,-2.44145500162164e-14
1.437125,0.0599403337444767
1.43725,0.0847684329147417
1.437375,0.0599403337446005
1.4375,1.50610121065681e-13
1.437625,-0.0599403337444965
1.43775,-0.0847684329147417
1.437875,-0.0599403337445807
1.438,-1.22612810888043e-13
1.438125,0.0599403337445163
1.43825,0.0847684329147417
1.438375,0.0599403337446699
1.4385,9.46155007104054e-14
1.438625,-0.0599403337445361
1.43875,-0.0847684329147417
1.438875,-0.0599403337446501
1.439,-6.66181905327674e-14
1.439125,0.0599403337445559
1.43925,0.0847684329147417
1.439375,0.0599403337446303
1.4395,3.86208803551295e-14
1.439625,-0.0599403337444667
1.43975,-0.0847684329147417
1.439875,-0.0599403337446105
1.44,-1.64816451404594e-13
1.440125,0.0599403337445955
1.44025,0.0847684329147417
1.440375,0.0599403337445907
1.4405,1.36819141226956e-13
1.440625,-0.0599403337445062
1.44075,-0.0847684329147417
1.440875,-0.0599403337446799
1.441,-1.08821831049318e-13
1.441125,0.059940333744526
1.44125,0.0847684329147417
1.441375,0.0599403337445511
1.4415,8.08245208716805e-14
1.441625,-0.0599403337444368
1.44175,-0.0847684329147417
1.441875,-0.0599403337446403
1.442,-5.28272106940426e-14
1.442125,0.0599403337445656
1.44225,0.0847684329147417
1.442375,0.0599403337446205
1.4425,1.79022781743508e-13
1.442625,-0.0599403337445854
1.44275,-0.0847684329147417
1.442875,-0.0599403337447098
1.443,3.16740966123337e-15
1.443125,0.0599403337444962
1.44325,0.0847684329147417
1.443375,0.059940333744581
1.4435,1.23028161388232e-13
1.443625,-0.059940333744516
1.44375,-0.0847684329147417
1.443875,-0.0599403337446702
1.444,-9.50308512105936e-14
1.444125,0.0599403337445358
1.44425,0.0847684329147417
1.444375,0.0599403337446504
1.4445,6.70335410329557e-14
1.444625,-0.0599403337445556
1.44475,-0.0847684329147417
1.444875,-0.0599403337446306
1.445,-3.90362308553177e-14
1.445125,0.0599403337444664
1.44525,0.0847684329147417
1.445375,0.0599403337446108
1.4455,1.10389206776797e-14
1.445625,-0.0599403337444862
1.44575,-0.0847684329147417
1.445875,-0.059940333744591
1.446,-1.37234491727145e-13
1.446125,0.059940333744506
1.44625,0.0847684329147417
1.446375,0.0599403337446802
1.4465,1.09237181549507e-13
1.446625,-0.0599403337445257
1.44675,-0.0847684329147417
1.446875,-0.0599403337446604
1.447,-8.12398713718688e-14
1.447125,0.0599403337445455
1.44725,0.0847684329147417
1.447375,0.0599403337446406
1.4475,5.32425611942308e-14
1.447625,-0.0599403337444563
1.44775,-0.0847684329147417
1.447875,-0.0599403337446208
1.448,-1.79438132243696e-13
1.448125,0.0599403337445851
1.44825,0.0847684329147417
1.448375,0.059940333744601
1.4485,1.51440822066058e-13
1.448625,-0.0599403337444959
1.44875,-0.0847684329147417
1.448875,-0.0599403337446903
1.449,3.07493693386831e-14
1.449125,0.0599403337445157
1.44925,0.0847684329147417
1.449375,0.0599403337445615
1.4495,9.54462017107819e-14
1.449625,-0.0599403337445355
1.44975,-0.0847684329147417
1.449875,-0.0599403337446507
1.45,-6.74488915331439e-14
1.450125,0.0599403337445553
1.45025,0.0847684329147417
1.450375,0.0599403337446309
1.4505,1.93644462582609e-13
1.450625,-0.0599403337445751
1.45075,-0.0847684329147417
1.450875,-0.0599403337446111
1.451,-1.1454271177868e-14
1.451125,0.0599403337444859
1.45125,0.0847684329147417
1.451375,0.0599403337445913
1.4515,1.37649842227333e-13
1.451625,-0.0599403337445057
1.45175,-0.0847684329147417
1.451875,-0.0599403337445715
1.452,-1.09652532049695e-13
1.452125,0.0599403337445255
1.45225,0.0847684329147417
1.452375,0.0599403337446607
1.4525,8.1655221872057e-14
1.452625,-0.0599403337445453
1.45275,-0.0847684329147417
1.452875,-0.0599403337446409
1.453,-5.3657911694419e-14
1.453125,0.059940333744565
1.45325,0.0847684329147417
1.453375,0.0599403337446211
1.4535,2.56606015167811e-14
1.453625,-0.0599403337444758
1.45375,-0.0847684329147417
1.453875,-0.0599403337446013
1.454,-1.51856172566246e-13
1.454125,0.0599403337444956
1.45425,0.0847684329147417
1.454375,0.0599403337446906
1.4545,1.23858862388608e-13
1.454625,-0.0599403337445154
1.45475,-0.0847684329147417
1.454875,-0.0599403337446708
1.455,-9.58615522109701e-14
1.455125,0.0599403337445352
1.45525,0.0847684329147417
1.455375,0.0599403337445419
1.4555,6.78642420333321e-14
1.455625,-0.059940333744446
1.45575,-0.0847684329147417
1.455875,-0.0599403337446312
1.456,-3.98669318556942e-14
1.456125,0.0599403337444658
1.45625,0.0847684329147417
1.456375,0.0599403337446114
1.4565,1.66062502905159e-13
1.456625,-0.0599403337444856
1.45675,-0.0847684329147417
1.456875,-0.0599403337447006
1.457,1.61276884995818e-14
1.457125,0.0599403337445054
1.45725,0.0847684329147417
1.457375,0.0599403337445718
1.4575,1.10067882549883e-13
1.457625,-0.0599403337445252
1.45775,-0.0847684329147417
1.457875,-0.059940333744661
1.458,-8.20705723722452e-14
1.458125,0.0599403337444359
1.45825,0.0847684329147417
1.458375,0.0599403337446412
1.4585,5.40732621946073e-14
1.458625,-0.0599403337445648
1.45875,-0.0847684329147417
1.458875,-0.0599403337446214
1.459,-2.60759520169693e-14
1.459125,0.0599403337444755
1.45925,0.0847684329147417
1.459375,0.0599403337446016
1.4595,-1.92135816066866e-15
1.459625,-0.0599403337444953
1.45975,-0.0847684329147417
1.459875,-0.0599403337445818
1.46,-1.24274212888796e-13
1.460125,0.0599403337445151
1.46025,0.0847684329147417
1.460375,0.0599403337446711
1.4605,9.62769027111583e-14
1.460625,-0.0599403337445349
1.46075,-0.0847684329147417
1.460875,-0.0599403337446513
1.461,-6.82795925335204e-14
1.461125,0.0599403337445547
1.46125,0.0847684329147417
1.461375,0.0599403337446315
1.4615,4.02822823558824e-14
1.461625,-0.0599403337444655
1.46175,-0.0847684329147417
1.461875,-0.0599403337446117
1.462,-1.66477853405347e-13
1.462125,0.0599403337444853
1.46225,0.0847684329147417
1.462375,0.0599403337445919
1.4625,1.38480543227709e-13
1.462625,-0.0599403337445051
1.46275,-0.0847684329147417
1.462875,-0.0599403337446811
1.463,-1.10483233050071e-13
1.463125,0.0599403337445249
1.46325,0.0847684329147417
1.463375,0.0599403337445523
1.4635,8.24859228724335e-14
1.463625,-0.0599403337445447
1.46375,-0.0847684329147417
1.463875,-0.0599403337446415
1.464,-5.44886126947955e-14
1.464125,0.0599403337444554
1.46425,0.0847684329147417
1.464375,0.0599403337446217
1.4645,1.80684183744261e-13
1.464625,-0.0599403337445843
1.46475,-0.0847684329147417
1.464875,-0.0599403337446019
1.465,1.50600766048042e-15
1.465125,0.059940333744495
1.46525,0.0847684329147417
1.465375,0.0599403337445821
1.4655,1.24689563388985e-13
1.465625,-0.0599403337445148
1.46575,-0.0847684329147417
1.465875,-0.0599403337445623
1.466,-9.66922532113466e-14
1.466125,0.0599403337444256
1.46625,0.0847684329147417
1.466375,0.0599403337446516
1.4665,6.86949430337086e-14
1.466625,-0.0599403337445544
1.46675,-0.0847684329147417
1.466875,-0.0599403337446318
1.467,-4.06976328560706e-14
1.467125,0.0599403337444652
1.46725,0.0847684329147417
1.467375,0.059940333744612
1.4675,1.27003226784327e-14
1.467625,-0.059940333744485
1.46775,-0.0847684329147417
1.467875,-0.0599403337445922
1.468,-1.38895893727898e-13
1.468125,0.0599403337445048
1.46825,0.0847684329147417
1.468375,0.0599403337446814
1.4685,1.1089858355026e-13
1.468625,-0.0599403337445246
1.46875,-0.0847684329147417
1.468875,-0.0599403337446616
1.469,-8.29012733726217e-14
1.469125,0.0599403337445444
1.46925,0.0847684329147417
1.469375,0.0599403337446418
1.4695,5.49039631949838e-14
1.469625,-0.0599403337444551
1.46975,-0.0847684329147417
1.469875,-0.059940333744622
1.47,-2.69066530173458e-14
1.470125,0.0599403337444749
1.47025,0.0847684329147417
1.470375,0.0599403337446022
1.4705,1.53102224066811e-13
1.470625,-0.0599403337444947
1.47075,-0.0847684329147417
1.470875,-0.0599403337446915
1.471,2.90879673379301e-14
1.471125,0.0599403337445145
1.47125,0.0847684329147417
1.471375,0.0599403337445626
1.4715,9.71076037115348e-14
1.471625,-0.0599403337445343
1.47175,-0.0847684329147417
1.471875,-0.0599403337446519
1.472,-6.91102935338969e-14
1.472125,0.0599403337444451
1.47225,0.0847684329147417
1.472375,0.0599403337446321
1.4725,1.95305864583362e-13
1.472625,-0.0599403337445739
1.47275,-0.0847684329147417
1.472875,-0.0599403337446123
1.473,-1.31156731786209e-14
1.473125,0.0599403337444847
1.47325,0.0847684329147417
1.473375,0.0599403337445925
1.4735,1.39311244228086e-13
1.473625,-0.0599403337445045
1.47375,-0.0847684329147417
1.473875,-0.0599403337445727
1.474,-1.11313934050448e-13
1.474125,0.0599403337445243
1.47425,0.0847684329147417
1.474375,0.0599403337446619
1.4745,8.331662387281e-14
1.474625,-0.0599403337445441
1.47475,-0.0847684329147417
1.474875,-0.0599403337446421
1.475,-5.5319313695172e-14
1.475125,0.0599403337445639
1.47525,0.0847684329147417
1.475375,0.0599403337446223
1.4755,2.7322003517534e-14
1.475625,-0.0599403337444746
1.47575,-0.0847684329147417
1.475875,-0.0599403337446025
1.476,-1.53517574566999e-13
1.476125,0.0599403337444944
1.47625,0.0847684329147417
1.476375,0.0599403337445827
1.4765,1.25520264389361e-13
1.476625,-0.0599403337445142
1.47675,-0.0847684329147417
1.476875,-0.0599403337446719
1.477,-9.75229542117231e-14
1.477125,0.059940333744534
1.47725,0.0847684329147417
1.477375,0.0599403337445431
1.4775,6.95256440340851e-14
1.477625,-0.0599403337445538
1.47775,-0.0847684329147417
1.477875,-0.0599403337446324
1.478,-4.15283338564471e-14
1.478125,0.0599403337444646
1.47825,0.0847684329147417
1.478375,0.0599403337446126
1.4785,1.67723904905912e-13
1.478625,-0.0599403337445934
1.47875,-0.0847684329147417
1.478875,-0.0599403337447018
1.479,1.44662864988288e-14
1.479125,0.0599403337445042
1.47925,0.0847684329147417
1.479375,0.059940333744573
1.4795,1.11729284550636e-13
1.479625,-0.059940333744524
1.47975,-0.0847684329147417
1.479875,-0.0599403337446622
1.48,-8.37319743729982e-14
1.480125,0.0599403337444347
1.48025,0.0847684329147417
1.480375,0.0599403337446424
1.4805,5.57346641953602e-14
1.480625,-0.0599403337445636
1.48075,-0.0847684329147417
1.480875,-0.0599403337446226
1.481,-2.77373540177223e-14
1.481125,0.0599403337444744
1.48125,0.0847684329147417
1.481375,0.0599403337446028
1.4815,-2.59956159915703e-16
1.481625,-0.0599403337444941
1.48175,-0.0847684329147417
1.481875,-0.059940333744583
1.482,-1.25935614889549e-13
1.482125,0.0599403337445139
1.48225,0.0847684329147417
1.482375,0.0599403337446722
1.4825,9.79383047119113e-14
1.482625,-0.0599403337445337
1.48275,-0.0847684329147417
1.482875,-0.0599403337446524
1.483,-6.99409945342733e-14
1.483125,0.0599403337445535
1.48325,0.0847684329147417
1.483375,0.0599403337446326
1.4835,4.19436843566354e-14
1.483625,-0.0599403337444643
1.48375,-0.0847684329147417
1.483875,-0.0599403337446129
1.484,-1.39463741789974e-14
1.484125,0.0599403337444841
1.48425,0.0847684329147417
1.484375,0.0599403337445931
1.4845,1.40141945228462e-13
1.484625,-0.0599403337445039
1.48475,-0.0847684329147417
1.484875,-0.0599403337446823
1.485,4.20482461762785e-14
1.485125,0.0599403337445237
1.48525,0.0847684329147417
1.485375,0.0599403337446625
1.4855,8.41473248731864e-14
1.485625,-0.0599403337445435
1.48575,-0.0847684329147417
1.485875,-0.0599403337446427
1.486,-5.61500146955485e-14
1.486125,0.0599403337444543
1.48625,0.0847684329147417
1.486375,0.0599403337446229
1.4865,1.82345585745013e-13
1.486625,-0.0599403337445831
1.48675,-0.0847684329147417
1.486875,-0.0599403337446031
1.487,-1.55394340272535e-16
1.487125,0.0599403337444939
1.48725,0.0847684329147417
1.487375,0.0599403337446923
1.4875,1.26350965389738e-13
1.487625,-0.0599403337445136
1.48775,-0.0847684329147417
1.487875,-0.0599403337445635
1.488,-9.83536552120995e-14
1.488125,0.0599403337445334
1.48825,0.0847684329147417
1.488375,0.0599403337446527
1.4885,7.03563450344616e-14
1.488625,-0.0599403337445532
1.48875,-0.0847684329147417
1.488875,-0.0599403337446329
1.489,-4.23590348568236e-14
1.489125,0.059940333744573
1.48925,0.0847684329147417
1.489375,0.0599403337447222
1.4895,1.43617246791856e-14
1.489625,-0.0599403337444838
1.48975,-0.0847684329147417
1.489875,-0.0599403337445934
1.49,-1.40557295728651e-13
1.490125,0.0599403337445036
1.49025,0.0847684329147417
1.490375,0.0599403337445736
1.4905,1.12559985551013e-13
1.490625,-0.0599403337445234
1.49075,-0.0847684329147417
1.490875,-0.0599403337446628
1.491,-8.45626753733747e-14
1.491125,0.0599403337445432
1.49125,0.0847684329147417
1.491375,0.059940333744643
1.4915,5.65653651957367e-14
1.491625,-0.059940333744454
1.49175,-0.0847684329147417
1.491875,-0.0599403337446232
1.492,-2.85680550180987e-14
1.492125,0.0599403337444738
1.49225,0.0847684329147417
1.492375,0.0599403337446034
1.4925,1.54763626067564e-13
1.492625,-0.0599403337444936
1.49275,-0.0847684329147417
1.492875,-0.0599403337446926
1.493,2.74265653371772e-14
1.493125,0.0599403337445134
1.49325,0.0847684329147417
1.493375,0.0599403337446728
1.4935,9.87690057122878e-14
1.493625,-0.0599403337445332
1.49375,-0.0847684329147417
1.493875,-0.059940333744653
1.494,-7.07716955346498e-14
1.494125,0.0599403337444439
1.49425,0.0847684329147417
1.494375,0.0599403337446332
1.4945,4.27743853570118e-14
1.494625,-0.0599403337445727
1.49475,-0.0847684329147417
1.494875,-0.0599403337446134
1.495,-1.47770751793739e-14
1.495125,0.0599403337444835
1.49525,0.0847684329147417
1.495375,0.0599403337447027
1.4955,-1.32202349982641e-14
1.495625,-0.0599403337445033
1.49575,-0.0847684329147417
1.495875,-0.0599403337445738
1.496,-1.12975336051201e-13
1.496125,0.0599403337445231
1.49625,0.0847684329147417
1.496375,0.0599403337446631
1.4965,8.49780258735629e-14
1.496625,-0.0599403337445429
1.49675,-0.0847684329147417
1.496875,-0.0599403337446433
1.497,-5.6980715695925e-14
1.497125,0.0599403337445627
1.49725,0.0847684329147417
1.497375,0.0599403337446235
1.4975,2.8983405518287e-14
1.497625,-0.0599403337444735
1.49775,-0.0847684329147417
1.497875,-0.0599403337446037
1.498,-1.55178976567752e-13
1.498125,0.0599403337444933
1.49825,0.0847684329147417
1.498375,0.0599403337445839
1.4985,1.27181666390114e-13
1.498625,-0.0599403337445131
1.49875,-0.0847684329147417
1.498875,-0.0599403337446731
1.499,-9.9184356212476e-14
1.499125,0.0599403337445329
1.49925,0.0847684329147417
1.499375,0.0599403337446533
1.4995,7.1187046034838e-14
1.499625,-0.0599403337445527
1.49975,-0.0847684329147417
1.499875,-0.0599403337446335
1.5,-4.31897358572001e-14
1.500125,0.0599403337444634
1.50025,0.0847684329147417
1.500375,0.0599403337446137
1.5005,1.69385306906665e-13
1.500625,-0.0599403337445922
1.50075,-0.0847684329147417
1.500875,-0.0599403337445939
1.501,-1.41387996729027e-13
1.501125,0.059940333744503
1.50125,0.0847684329147417
1.501375,0.0599403337446832
1.5015,1.13390686551389e-13
1.501625,-0.0599403337445228
1.50175,-0.0847684329147417
1.501875,-0.0599403337445543
1.502,-8.53933763737512e-14
1.502125,0.0599403337444336
1.50225,0.0847684329147417
1.502375,0.0599403337446436
1.5025,5.73960661961132e-14
1.502625,-0.0599403337445624
1.50275,-0.0847684329147417
1.502875,-0.0599403337446238
1.503,-1.83591637245578e-13
1.503125,0.0599403337445822
1.50325,0.0847684329147417
1.503375,0.059940333744713
1.5035,1.40144584083725e-15
1.503625,-0.059940333744493
1.50375,-0.0847684329147417
1.503875,-0.0599403337445842
1.504,-1.27597016890302e-13
1.504125,0.0599403337445128
1.50425,0.0847684329147417
1.504375,0.0599403337446734
1.5045,9.95997067126643e-14
1.504625,-0.0599403337445326
1.50475,-0.0847684329147417
1.504875,-0.0599403337446536
1.505,-7.16023965350263e-14
1.505125,0.0599403337445524
1.50525,0.0847684329147417
1.505375,0.0599403337446338
1.5055,4.36050863573883e-14
1.505625,-0.0599403337444631
1.50575,-0.0847684329147417
1.505875,-0.059940333744614
1.506,-1.56077761797504e-14
1.506125,0.0599403337444829
1.50625,0.0847684329147417
1.506375,0.0599403337445942
1.5065,1.41803347229215e-13
1.506625,-0.0599403337445027
1.50675,-0.0847684329147417
1.506875,-0.0599403337446835
1.507,-1.13806037051577e-13
1.507125,0.0599403337445225
1.50725,0.0847684329147417
1.507375,0.0599403337446637
1.5075,8.58087268739394e-14
1.507625,-0.0599403337445423
1.50775,-0.0847684329147417
1.507875,-0.0599403337446439
1.508,-5.78114166963014e-14
1.508125,0.0599403337444531
1.50825,0.0847684329147417
1.508375,0.0599403337446241
1.5085,1.84006987745766e-13
1.508625,-0.0599403337445819
1.50875,-0.0847684329147417
1.508875,-0.0599403337446043
1.509,-1.56009677568128e-13
1.509125,0.0599403337444927
1.50925,0.0847684329147417
1.509375,0.0599403337446935
1.5095,-2.61805138366125e-14
1.509625,-0.0599403337445125
1.50975,-0.0847684329147417
1.509875,-0.0599403337445647
1.51,-1.00015057212852e-13
1.510125,0.0599403337445323
1.51025,0.0847684329147417
1.510375,0.0599403337446539
1.5105,7.20177470352145e-14
1.510625,-0.0599403337445521
1.51075,-0.0847684329147417
1.510875,-0.0599403337446341
1.511,-1.98213318084679e-13
1.511125,0.0599403337445719
1.51125,0.0847684329147417
1.511375,0.0599403337446143
1.5115,1.60231266799386e-14
1.511625,-0.0599403337444826
1.51175,-0.0847684329147417
1.511875,-0.0599403337445945
1.512,-1.42218697729404e-13
1.512125,0.0599403337445024
1.51225,0.0847684329147417
1.512375,0.0599403337445747
1.5125,1.14221387551766e-13
1.512625,-0.0599403337445222
1.51275,-0.0847684329147417
1.512875,-0.059940333744664
1.513,-8.62240773741276e-14
1.513125,0.059940333744542
1.51325,0.0847684329147417
1.513375,0.0599403337446442
1.5135,5.82267671964897e-14
1.513625,-0.0599403337445618
1.51375,-0.0847684329147417
1.513875,-0.0599403337446244
1.514,-3.02294570188517e-14
1.514125,0.0599403337444726
1.51425,0.0847684329147417
1.514375,0.0599403337446046
1.5145,1.56425028068317e-13
1.514625,-0.0599403337446014
1.51475,-0.0847684329147417
1.514875,-0.0599403337446938
1.515,-1.28427717890679e-13
1.515125,0.0599403337445122
1.51525,0.0847684329147417
1.515375,0.059940333744674
1.5155,1.00430407713041e-13
1.515625,-0.059940333744532
1.51575,-0.0847684329147417
1.515875,-0.0599403337445452
1.516,-7.24330975354028e-14
1.516125,0.0599403337444427
1.51625,0.0847684329147417
1.516375,0.0599403337446344
1.5165,4.44357873577648e-14
1.516625,-0.0599403337444625
1.51675,-0.0847684329147417
1.516875,-0.0599403337446146
1.517,-1.7063135840723e-13
1.517125,0.0599403337444823
1.51725,0.0847684329147417
1.517375,0.0599403337447038
1.5175,-1.15588329975111e-14
1.517625,-0.0599403337445021
1.51775,-0.0847684329147417
1.517875,-0.059940333744575
1.518,-1.14636738051954e-13
1.518125,0.0599403337445219
1.51825,0.0847684329147417
1.518375,0.0599403337446643
1.5185,8.66394278743159e-14
1.518625,-0.0599403337444327
1.51875,-0.0847684329147417
1.518875,-0.0599403337446445
1.519,-5.86421176966779e-14
1.519125,0.0599403337445615
1.51925,0.0847684329147417
1.519375,0.0599403337446247
1.5195,3.06448075190399e-14
1.519625,-0.0599403337444723
1.51975,-0.0847684329147417
1.519875,-0.0599403337446049
1.52,-2.64749734140197e-15
1.520125,0.0599403337444921
1.52025,0.0847684329147417
1.520375,0.0599403337445851
1.5205,1.28843068390867e-13
1.520625,-0.0599403337445119
1.52075,-0.0847684329147417
1.520875,-0.0599403337446743
1.521,-1.00845758213229e-13
1.521125,0.0599403337445317
1.52125,0.0847684329147417
1.521375,0.0599403337446545
1.5215,7.2848448035591e-14
1.521625,-0.0599403337445515
1.52175,-0.0847684329147417
1.521875,-0.0599403337446347
1.522,-4.4851137857953e-14
1.522125,0.0599403337444622
1.52225,0.0847684329147417
1.522375,0.0599403337446149
1.5225,1.71046708907418e-13
1.522625,-0.059940333744482
1.52275,-0.0847684329147417
1.522875,-0.0599403337445951
1.523,-1.4304939872978e-13
1.523125,0.0599403337445018
1.52325,0.0847684329147417
1.523375,0.0599403337446843
1.5235,1.15052088552142e-13
1.523625,-0.0599403337445216
1.52375,-0.0847684329147417
1.523875,-0.0599403337445555
1.524,-8.70547783745041e-14
1.524125,0.0599403337445414
1.52425,0.0847684329147417
1.524375,0.0599403337446448
1.5245,5.90574681968661e-14
1.524625,-0.0599403337444522
1.52475,-0.0847684329147417
1.524875,-0.059940333744625
1.525,-1.85253039246331e-13
1.525125,0.059940333744581
1.52525,0.0847684329147417
1.525375,0.0599403337446052
1.5255,3.06284784159021e-15
1.525625,-0.0599403337444918
1.52575,-0.0847684329147417
1.525875,-0.0599403337445854
1.526,-1.29258418891055e-13
1.526125,0.0599403337445116
1.52625,0.0847684329147417
1.526375,0.0599403337445656
1.5265,1.01261108713417e-13
1.526625,-0.0599403337444224
1.52675,-0.0847684329147417
1.526875,-0.0599403337446548
1.527,-7.32637985357792e-14
1.527125,0.0599403337445512
1.52725,0.0847684329147417
1.527375,0.059940333744635
1.5275,4.52664883581413e-14
1.527625,-0.0599403337444619
1.52775,-0.0847684329147417
1.527875,-0.0599403337446152
1.528,-1.72691781805033e-14
1.528125,0.0599403337444818
1.52825,0.0847684329147417
1.528375,0.0599403337445954
1.5285,1.43464749229968e-13
1.528625,-0.0599403337445015
1.52875,-0.0847684329147417
1.528875,-0.0599403337446846
1.529,-1.1546743905233e-13
1.529125,0.0599403337445213
1.52925,0.0847684329147417
1.529375,0.0599403337446648
1.5295,8.74701288746923e-14
1.529625,-0.0599403337445411
1.52975,-0.0847684329147417
1.529875,-0.059940333744645
1.53,-5.94728186970544e-14
1.530125,0.0599403337444519
1.53025,0.0847684329147417
1.530375,0.0599403337446252
1.5305,3.14755085194164e-14
1.530625,-0.0599403337444717
1.53075,-0.0847684329147417
1.530875,-0.0599403337446055
1.531,-1.57671079568881e-13
1.531125,0.0599403337444915
1.53125,0.0847684329147417
1.531375,0.0599403337446947
1.5315,-2.45191118358595e-14
1.531625,-0.0599403337445113
1.53175,-0.0847684329147417
1.531875,-0.0599403337445659
1.532,-1.01676459213605e-13
1.532125,0.0599403337445311
1.53225,0.0847684329147417
1.532375,0.0599403337446551
1.5325,7.36791490359675e-14
1.532625,-0.0599403337444419
1.53275,-0.0847684329147417
1.532875,-0.0599403337446353
1.533,-1.99874720085432e-13
1.533125,0.0599403337445707
1.53325,0.0847684329147417
1.533375,0.0599403337446155
1.5335,1.76845286806915e-14
1.533625,-0.0599403337444815
1.53375,-0.0847684329147417
1.533875,-0.0599403337445957
1.534,-1.43880099730157e-13
1.534125,0.0599403337445013
1.53425,0.0847684329147417
1.534375,0.0599403337445759
1.5345,1.15882789552519e-13
1.534625,-0.0599403337445211
1.53475,-0.0847684329147417
1.534875,-0.0599403337446651
1.535,-8.78854793748806e-14
1.535125,0.0599403337445409
1.53525,0.0847684329147417
1.535375,0.0599403337446453
1.5355,5.98881691972426e-14
1.535625,-0.0599403337445606
1.53575,-0.0847684329147417
1.535875,-0.0599403337446255
1.536,-3.18908590196046e-14
1.536125,0.0599403337444714
1.53625,0.0847684329147417
1.536375,0.0599403337446057
1.5365,1.5808643006907e-13
1.536625,-0.0599403337444912
1.53675,-0.0847684329147417
1.536875,-0.059940333744586
1.537,-1.30089119891432e-13
1.537125,0.059940333744511
1.53725,0.0847684329147417
1.537375,0.0599403337446752
1.5375,1.02091809713794e-13
1.537625,-0.0599403337445308
1.53775,-0.0847684329147417
1.537875,-0.0599403337445463
1.538,-7.40944995361557e-14
1.538125,0.0599403337445506
1.53825,0.0847684329147417
1.538375,0.0599403337446356
1.5385,4.60971893585178e-14
1.538625,-0.0599403337444614
1.53875,-0.0847684329147417
1.538875,-0.0599403337446158
1.539,-1.72292760407983e-13
1.539125,0.0599403337445902
1.53925,0.0847684329147417
1.539375,0.059940333744705
1.5395,-9.89743099675818e-15
1.539625,-0.059940333744501
1.53975,-0.0847684329147417
1.539875,-0.0599403337445762
1.54,-1.16298140052707e-13
1.540125,0.0599403337445208
1.54025,0.0847684329147417
1.540375,0.0599403337446654
1.5405,8.83008298750688e-14
1.540625,-0.0599403337444315
1.54075,-0.0847684329147417
1.540875,-0.0599403337446456
1.541,-6.03035196974309e-14
1.541125,0.0599403337445603
1.54125,0.0847684329147417
1.541375,0.0599403337446258
1.5415,3.23062095197929e-14
1.541625,-0.0599403337444711
1.54175,-0.0847684329147417
1.541875,-0.059940333744606
1.542,-4.30889934215492e-15
1.542125,0.0599403337444909
1.54225,0.0847684329147417
1.542375,0.0599403337445862
1.5425,1.3050447039162e-13
1.542625,-0.0599403337445107
1.54275,-0.0847684329147417
1.542875,-0.0599403337446755
1.543,-1.02507160213982e-13
1.543125,0.0599403337445305
1.54325,0.0847684329147417
1.543375,0.0599403337446557
1.5435,7.45098500363439e-14
1.543625,-0.0599403337445503
1.54375,-0.0847684329147417
1.543875,-0.0599403337446359
1.544,-4.6512539858706e-14
1.544125,0.0599403337444611
1.54425,0.0847684329147417
1.544375,0.0599403337446161
1.5445,1.8515229681068e-14
1.544625,-0.0599403337444809
1.54475,-0.0847684329147417
1.544875,-0.0599403337445963
1.545,-1.44710800730533e-13
1.545125,0.0599403337445007
1.54525,0.0847684329147417
1.545375,0.0599403337446855
1.5455,-3.74793906742079e-14
1.545625,-0.0599403337445205
1.54575,-0.0847684329147417
1.545875,-0.0599403337445567
1.546,-8.87161803752571e-14
1.546125,0.0599403337445403
1.54625,0.0847684329147417
1.546375,0.0599403337446459
1.5465,6.07188701976191e-14
1.546625,-0.059940333744451
1.54675,-0.0847684329147417
1.546875,-0.0599403337446261
1.547,-1.86914441247084e-13
1.547125,0.0599403337445799
1.54725,0.0847684329147417
1.547375,0.0599403337446063
1.5475,4.72424984234316e-15
1.547625,-0.0599403337444906
1.54775,-0.0847684329147417
1.547875,-0.0599403337446956
1.548,-1.30919820891808e-13
1.548125,0.0599403337445104
1.54825,0.0847684329147417
1.548375,0.0599403337445667
1.5485,1.0292251071417e-13
1.548625,-0.0599403337445302
1.54875,-0.0847684329147417
1.548875,-0.059940333744656
1.549,-7.49252005365322e-14
1.549125,0.05994033374455
1.54925,0.0847684329147417
1.549375,0.0599403337446362
1.5495,4.69278903588942e-14
1.549625,-0.0599403337445698
1.54975,-0.0847684329147417
1.549875,-0.0599403337447254
1.55,-1.89305801812563e-14
1.550125,0.0599403337444806
1.55025,0.0847684329147417
1.550375,0.0599403337445966
1.5505,1.45126151230721e-13
1.550625,-0.0599403337445004
1.55075,-0.0847684329147417
1.550875,-0.0599403337445768
1.551,-1.17128841053083e-13
1.551125,0.0599403337445202
1.55125,0.0847684329147417
1.551375,0.059940333744666
1.5515,8.91315308754453e-14
1.551625,-0.05994033374454
1.55175,-0.0847684329147417
1.551875,-0.0599403337446462
1.552,-6.11342206978073e-14
1.552125,0.0599403337444507
1.55225,0.0847684329147417
1.552375,0.0599403337446264
1.5525,3.31369105201694e-14
1.552625,-0.0599403337444705
1.55275,-0.0847684329147417
1.552875,-0.0599403337446066
1.553,-1.59332481569634e-13
1.553125,0.0599403337444903
1.55325,0.0847684329147417
1.553375,0.0599403337446959
1.5535,-2.28577098351066e-14
1.553625,-0.0599403337445101
1.55375,-0.0847684329147417
1.553875,-0.0599403337446761
1.554,-1.03337861214358e-13
1.554125,0.0599403337445299
1.55425,0.0847684329147417
1.554375,0.0599403337446563
1.5545,7.53405510367204e-14
1.554625,-0.0599403337444407
1.55475,-0.0847684329147417
1.554875,-0.0599403337446365
1.555,-4.73432408590825e-14
1.555125,0.0599403337445695
1.55525,0.0847684329147417
1.555375,0.0599403337446167
1.5555,1.93459306814445e-14
1.555625,-0.0599403337444803
1.55575,-0.0847684329147417
1.555875,-0.0599403337447059
1.556,8.65137949619347e-15
1.556125,0.0599403337445001
1.55625,0.0847684329147417
1.556375,0.0599403337445771
1.5565,1.17544191553272e-13
1.556625,-0.0599403337445199
1.55675,-0.0847684329147417
1.556875,-0.0599403337446663
1.557,-8.95468813756335e-14
1.557125,0.0599403337445397
1.55725,0.0847684329147417
1.557375,0.0599403337446465
1.5575,6.15495711979956e-14
1.557625,-0.0599403337445595
1.55775,-0.0847684329147417
1.557875,-0.0599403337446267
1.558,-3.35522610203576e-14
1.558125,0.0599403337444702
1.55825,0.0847684329147417
1.558375,0.0599403337446069
1.5585,1.59747832069823e-13
1.558625,-0.05994033374449
1.55875,-0.0847684329147417
1.558875,-0.0599403337445871
1.559,-1.31750521892185e-13
1.559125,0.0599403337445098
1.55925,0.0847684329147417
1.559375,0.0599403337446764
1.5595,1.03753211714547e-13
1.559625,-0.0599403337445296
1.55975,-0.0847684329147417
1.559875,-0.0599403337446566
1.56,-7.57559015369087e-14
1.560125,0.0599403337445494
1.56025,0.0847684329147417
1.560375,0.0599403337446368
1.5605,4.77585913592707e-14
1.560625,-0.0599403337444602
1.56075,-0.0847684329147417
1.560875,-0.059940333744617
1.561,-1.73954162408736e-13
1.561125,0.059940333744589
1.56125,0.0847684329147417
1.561375,0.0599403337445972
1.5615,-8.23602899600523e-15
1.561625,-0.0599403337444998
1.56175,-0.0847684329147417
1.561875,-0.0599403337446864
1.562,-1.1795954205346e-13
1.562125,0.0599403337445196
1.56225,0.0847684329147417
1.562375,0.0599403337445576
1.5625,8.99622318758218e-14
1.562625,-0.0599403337444303
1.56275,-0.0847684329147417
1.562875,-0.0599403337446468
1.563,-6.19649216981838e-14
1.563125,0.0599403337445592
1.56325,0.0847684329147417
1.563375,0.059940333744627
1.5635,1.88160492747649e-13
1.563625,-0.059940333744579
1.56375,-0.0847684329147417
1.563875,-0.0599403337447162
1.564,-5.97030134290787e-15
1.564125,0.0599403337444897
1.56425,0.0847684329147417
1.564375,0.0599403337445874
1.5645,1.32165872392373e-13
1.564625,-0.0599403337445095
1.56475,-0.0847684329147417
1.564875,-0.0599403337446766
1.565,-1.04168562214735e-13
1.565125,0.0599403337445293
1.56525,0.0847684329147417
1.565375,0.0599403337446569
1.5655,7.61712520370969e-14
1.565625,-0.0599403337445491
1.56575,-0.0847684329147417
1.565875,-0.0599403337446371
1.566,-4.81739418594589e-14
1.566125,0.0599403337444599
1.56625,0.0847684329147417
1.566375,0.0599403337446173
1.5665,2.0176631681821e-14
1.566625,-0.0599403337444797
1.56675,-0.0847684329147417
1.566875,-0.0599403337445975
1.567,-1.46372202731286e-13
1.567125,0.0599403337444995
1.56725,0.0847684329147417
1.567375,0.0599403337446867
1.5675,1.18374892553648e-13
1.567625,-0.0599403337445193
1.56775,-0.0847684329147417
1.567875,-0.0599403337446669
1.568,-9.037758237601e-14
1.568125,0.0599403337445391
1.56825,0.0847684329147417
1.568375,0.0599403337446471
1.5685,6.2380272198372e-14
1.568625,-0.0599403337444499
1.56875,-0.0847684329147417
1.568875,-0.0599403337446273
1.569,-1.88575843247837e-13
1.569125,0.0599403337445787
1.56925,0.0847684329147417
1.569375,0.0599403337446075
1.5695,1.60578533070199e-13
1.569625,-0.0599403337444894
1.56975,-0.0847684329147417
1.569875,-0.0599403337446967
1.57,2.16116583345419e-14
1.570125,0.0599403337445092
1.57025,0.0847684329147417
1.570375,0.0599403337445679
1.5705,1.04583912714923e-13
1.570625,-0.059940333744529
1.57075,-0.0847684329147417
1.570875,-0.0599403337446571
1.571,-7.65866025372851e-14
1.571125,0.0599403337445488
1.57125,0.0847684329147417
1.571375,0.0599403337446374
1.5715,2.0278217358675e-13
1.571625,-0.0599403337445686
1.57175,-0.0847684329147417
1.571875,-0.0599403337446176
1.572,-2.05919821820092e-14
1.572125,0.0599403337444794
1.57225,0.0847684329147417
1.572375,0.0599403337445977
1.5725,1.46787553231474e-13
1.572625,-0.0599403337444992
1.57275,-0.0847684329147417
1.572875,-0.059940333744578
1.573,-1.18790243053836e-13
1.573125,0.059940333744519
1.57325,0.0847684329147417
1.573375,0.0599403337446672
1.5735,9.07929328761982e-14
1.573625,-0.0599403337445388
1.57375,-0.0847684329147417
1.573875,-0.0599403337446474
1.574,-6.27956226985603e-14
1.574125,0.0599403337445586
1.57425,0.0847684329147417
1.574375,0.0599403337446276
1.5745,3.47983125209223e-14
1.574625,-0.0599403337444694
1.57475,-0.0847684329147417
1.574875,-0.0599403337446078
1.575,-1.60993883570387e-13
1.575125,0.0599403337445982
1.57525,0.0847684329147417
1.575375,0.059940333744697
1.5755,1.32996573392749e-13
1.575625,-0.0599403337445089
1.57575,-0.0847684329147417
1.575875,-0.0599403337446772
1.576,-1.04999263215111e-13
1.576125,0.0599403337445287
1.57625,0.0847684329147417
1.576375,0.0599403337445484
1.5765,7.70019530374734e-14
1.576625,-0.0599403337444395
1.57675,-0.0847684329147417
1.576875,-0.0599403337446376
1.577,-4.90046428598354e-14
1.577125,0.0599403337445683
1.57725,0.0847684329147417
1.577375,0.0599403337446178
1.5775,1.752002139093e-13
1.577625,-0.0599403337444791
1.57775,-0.0847684329147417
1.577875,-0.0599403337447071
1.578,6.98997749544051e-15
1.578125,0.0599403337444989
1.57825,0.0847684329147417
1.578375,0.0599403337445783
1.5785,1.19205593554024e-13
1.578625,-0.0599403337445187
1.57875,-0.0847684329147417
1.578875,-0.0599403337446675
1.579,-9.12082833763865e-14
1.579125,0.0599403337444295
1.57925,0.0847684329147417
1.579375,0.0599403337446477
1.5795,6.32109731987485e-14
1.579625,-0.0599403337445583
1.57975,-0.0847684329147417
1.579875,-0.0599403337446279
1.58,-3.52136630211106e-14
1.580125,0.0599403337444691
1.58025,0.0847684329147417
1.580375,0.0599403337446081
1.5805,7.21635284347259e-15
1.580625,-0.0599403337444889
1.58075,-0.0847684329147417
1.580875,-0.0599403337445883
1.581,-1.33411923892938e-13
1.581125,0.0599403337445087
1.58125,0.0847684329147417
1.581375,0.0599403337446775
1.5815,1.054146137153e-13
1.581625,-0.0599403337445285
1.58175,-0.0847684329147417
1.581875,-0.0599403337446577
1.582,-7.74173035376616e-14
1.582125,0.0599403337445482
1.58225,0.0847684329147417
1.582375,0.0599403337446379
1.5825,4.94199933600237e-14
1.582625,-0.059940333744459
1.58275,-0.0847684329147417
1.582875,-0.0599403337446181
1.583,-1.75615564409489e-13
1.583125,0.0599403337444788
1.58325,0.0847684329147417
1.583375,0.0599403337445983
1.5835,1.47618254231851e-13
1.583625,-0.0599403337444986
1.58375,-0.0847684329147417
1.583875,-0.0599403337446876
1.584,-1.19620944054213e-13
1.584125,0.0599403337445184
1.58425,0.0847684329147417
1.584375,0.0599403337445588
1.5845,9.16236338765747e-14
1.584625,-0.0599403337445382
1.58475,-0.0847684329147417
1.584875,-0.059940333744648
1.585,-6.36263236989368e-14
1.585125,0.059940333744449
1.58525,0.0847684329147417
1.585375,0.0599403337446282
1.5855,1.89821894748402e-13
1.585625,-0.0599403337445778
1.58575,-0.0847684329147417
1.585875,-0.0599403337446084
1.586,-7.63170334366083e-15
1.586125,0.0599403337444886
1.58625,0.0847684329147417
1.586375,0.0599403337445886
1.5865,1.33827274393126e-13
1.586625,-0.0599403337445084
1.58675,-0.0847684329147417
1.586875,-0.0599403337445688
1.587,-1.05829964215488e-13
1.587125,0.0599403337444191
1.58725,0.0847684329147417
1.587375,0.059940333744658
1.5875,7.78326540378499e-14
1.587625,-0.059940333744548
1.58775,-0.0847684329147417
1.587875,-0.0599403337446382
1.588,-4.98353438602119e-14
1.588125,0.0599403337444587
1.58825,0.0847684329147417
1.588375,0.0599403337446184
1.5885,2.18380336825739e-14
1.588625,-0.0599403337444785
1.58875,-0.0847684329147417
1.588875,-0.0599403337445986
1.589,-1.48033604732039e-13
1.589125,0.0599403337444983
1.58925,0.0847684329147417
1.589375,0.0599403337446879
1.5895,1.20036294554401e-13
1.589625,-0.0599403337445181
1.58975,-0.0847684329147417
1.589875,-0.0599403337446681
1.59,-9.2038984376763e-14
1.590125,0.0599403337445379
1.59025,0.0847684329147417
1.590375,0.0599403337446483
1.5905,6.4041674199125e-14
1.590625,-0.0599403337444487
1.59075,-0.0847684329147417
1.590875,-0.0599403337446285
1.591,-3.6044364021487e-14
1.591125,0.0599403337444685
1.59125,0.0847684329147417
1.591375,0.0599403337446087
1.5915,1.62239935070952e-13
1.591625,-0.0599403337444883
1.59175,-0.0847684329147417
1.591875,-0.0599403337446979
1.592,1.99502563337889e-14
1.592125,0.0599403337445081
1.59225,0.0847684329147417
1.592375,0.0599403337445691
1.5925,1.06245314715676e-13
1.592625,-0.0599403337445279
1.59275,-0.0847684329147417
1.592875,-0.0599403337446583
1.593,-7.82480045380381e-14
1.593125,0.0599403337444386
1.59325,0.0847684329147417
1.593375,0.0599403337446385
1.5935,2.04443575587503e-13
1.593625,-0.0599403337445675
1.59375,-0.0847684329147417
1.593875,-0.0599403337446187
1.594,-2.22533841827622e-14
1.594125,0.0599403337444782
1.59425,0.0847684329147417
1.594375,0.0599403337445989
1.5945,1.48448955232227e-13
1.594625,-0.059940333744498
1.59475,-0.0847684329147417
1.594875,-0.0599403337445791
1.595,-1.20451645054589e-13
1.595125,0.0599403337445178
1.59525,0.0847684329147417
1.595375,0.0599403337446684
1.5955,9.24543348769512e-14
1.595625,-0.0599403337445376
1.59575,-0.0847684329147417
1.595875,-0.0599403337446486
1.596,-6.44570246993132e-14
1.596125,0.0599403337445574
1.59625,0.0847684329147417
1.596375,0.0599403337446288
1.5965,3.64597145216753e-14
1.596625,-0.0599403337444682
1.59675,-0.0847684329147417
1.596875,-0.059940333744609
1.597,-1.6265528557114e-13
1.597125,0.059940333744488
1.59725,0.0847684329147417
1.597375,0.0599403337445892
1.5975,1.34657975393502e-13
1.597625,-0.0599403337445078
1.59775,-0.0847684329147417
1.597875,-0.0599403337446784
1.598,-1.06660665215864e-13
1.598125,0.0599403337445276
1.59825,0.0847684329147417
1.598375,0.0599403337445496
1.5985,7.86633550382263e-14
1.598625,-0.0599403337445474
1.59875,-0.0847684329147417
1.598875,-0.0599403337446388
1.599,-5.06660448605884e-14
1.599125,0.0599403337444581
1.59925,0.0847684329147417
1.599375,0.059940333744619
1.5995,1.76861615910053e-13
1.599625,-0.059940333744587
1.59975,-0.0847684329147417
1.599875,-0.0599403337447083
1.6,5.32857549468756e-15
1.600125,0.0599403337444977
1.60025,0.0847684329147417
1.600375,0.0599403337445794
1.6005,1.20866995554777e-13
1.600625,-0.0599403337445175
1.60075,-0.0847684329147417
1.600875,-0.0599403337446687
1.601,-9.28696853771394e-14
1.601125,0.0599403337444283
1.60125,0.0847684329147417
1.601375,0.0599403337446489
1.6015,6.48723751995015e-14
1.601625,-0.0599403337445571
1.60175,-0.0847684329147417
1.601875,-0.0599403337446291
1.602,-3.68750650218635e-14
1.602125,0.0599403337444679
1.60225,0.0847684329147417
1.602375,0.0599403337446093
1.6025,8.87775484422554e-15
1.602625,-0.0599403337444877
1.60275,-0.0847684329147417
1.602875,-0.0599403337445895
1.603,-1.35073325893691e-13
1.603125,0.0599403337445075
1.60325,0.0847684329147417
1.603375,0.0599403337446787
1.6035,1.07076015716053e-13
1.603625,-0.0599403337445273
1.60375,-0.0847684329147417
1.603875,-0.0599403337446589
1.604,-7.90787055384146e-14
1.604125,0.0599403337445471
1.60425,0.0847684329147417
1.604375,0.0599403337446391
1.6045,5.10813953607766e-14
1.604625,-0.0599403337444578
1.60475,-0.0847684329147417
1.604875,-0.0599403337446193
1.605,-2.30840851831386e-14
1.605125,0.0599403337444776
1.60525,0.0847684329147417
1.605375,0.0599403337445995
1.6055,1.49279656232604e-13
1.605625,-0.0599403337444974
1.60575,-0.0847684329147417
1.605875,-0.0599403337446887
1.606,3.29105351721373e-14
1.606125,0.0599403337445172
1.60625,0.0847684329147417
1.606375,0.0599403337445599
1.6065,9.32850358773277e-14
1.606625,-0.059940333744537
1.60675,-0.0847684329147417
1.606875,-0.0599403337446492
1.607,-6.52877256996897e-14
1.607125,0.0599403337444478
1.60725,0.0847684329147417
1.607375,0.0599403337446294
1.6075,1.91483296749155e-13
1.607625,-0.0599403337445766
1.60775,-0.0847684329147417
1.607875,-0.0599403337446096
1.608,-9.29310534441378e-15
1.608125,0.0599403337444874
1.60825,0.0847684329147417
1.608375,0.0599403337445898
1.6085,1.35488676393879e-13
1.608625,-0.0599403337445072
1.60875,-0.0847684329147417
1.608875,-0.05994033374457
1.609,-1.07491366216241e-13
1.609125,0.059940333744527
1.60925,0.0847684329147417
1.609375,0.0599403337446592
1.6095,7.94940560386028e-14
1.609625,-0.0599403337445468
1.60975,-0.0847684329147417
1.609875,-0.0599403337446394
1.61,-5.14967458609648e-14
1.610125,0.0599403337445666
1.61025,0.0847684329147417
1.610375,0.0599403337447286
1.6105,2.34994356833269e-14
1.610625,-0.0599403337444773
1.61075,-0.0847684329147417
1.610875,-0.0599403337445998
1.611,-1.49695006732792e-13
1.611125,0.0599403337444971
1.61125,0.0847684329147417
1.611375,0.05994033374458
1.6115,1.21697696555154e-13
1.611625,-0.0599403337445169
1.61175,-0.0847684329147417
1.611875,-0.0599403337446692
1.612,-9.37003863775159e-14
1.612125,0.0599403337445367
1.61225,0.0847684329147417
1.612375,0.0599403337446494
1.6125,6.5703076199878e-14
1.612625,-0.0599403337444475
1.61275,-0.0847684329147417
1.612875,-0.0599403337446297
1.613,-3.770576602224e-14
1.613125,0.0599403337444673
1.61325,0.0847684329147417
1.613375,0.0599403337446099
1.6135,1.63901337071705e-13
1.613625,-0.0599403337444871
1.61375,-0.0847684329147417
1.613875,-0.0599403337446991
1.614,1.82888543330359e-14
1.614125,0.0599403337445069
1.61425,0.0847684329147417
1.614375,0.0599403337446793
1.6145,1.07906716716429e-13
1.614625,-0.0599403337445267
1.61475,-0.0847684329147417
1.614875,-0.0599403337446595
1.615,-7.99094065387911e-14
1.615125,0.0599403337444375
1.61525,0.0847684329147417
1.615375,0.0599403337446397
1.6155,5.19120963611531e-14
1.615625,-0.0599403337445663
1.61575,-0.0847684329147417
1.615875,-0.0599403337446199
1.616,-2.39147861835151e-14
1.616125,0.0599403337444771
1.61625,0.0847684329147417
1.616375,0.0599403337447091
1.6165,-4.08252399412284e-15
1.616625,-0.0599403337444968
1.61675,-0.0847684329147417
1.616875,-0.0599403337445803
1.617,-1.22113047055342e-13
1.617125,0.0599403337445166
1.61725,0.0847684329147417
1.617375,0.0599403337446695
1.6175,9.41157368777042e-14
1.617625,-0.0599403337445364
1.61775,-0.0847684329147417
1.617875,-0.0599403337446498
1.618,-6.61184267000662e-14
1.618125,0.0599403337445562
1.61825,0.0847684329147417
1.618375,0.0599403337446299
1.6185,3.81211165224282e-14
1.618625,-0.059940333744467
1.61875,-0.0847684329147417
1.618875,-0.0599403337446102
1.619,-1.64316687571893e-13
1.619125,0.0599403337444868
1.61925,0.0847684329147417
1.619375,0.0599403337445904
1.6195,1.36319377394255e-13
1.619625,-0.0599403337445066
1.61975,-0.0847684329147417
1.619875,-0.0599403337446796
1.62,-1.08322067216617e-13
1.620125,0.0599403337445264
1.62025,0.0847684329147417
1.620375,0.0599403337446598
1.6205,8.03247570389793e-14
1.620625,-0.0599403337445462
1.62075,-0.0847684329147417
1.620875,-0.05994033374464
1.621,-5.23274468613413e-14
1.621125,0.059940333744457
1.62125,0.0847684329147417
1.621375,0.0599403337446202
1.6215,1.78523017910806e-13
1.621625,-0.0599403337445858
1.62175,-0.0847684329147417
1.621875,-0.0599403337446004
1.622,3.6671734939346e-15
1.622125,0.0599403337444966
1.62225,0.0847684329147417
1.622375,0.0599403337446896
1.6225,1.2252839755553e-13
1.622625,-0.0599403337445164
1.62275,-0.0847684329147417
1.622875,-0.0599403337445608
1.623,-9.45310873778924e-14
1.623125,0.0599403337444271
1.62325,0.0847684329147417
1.623375,0.05994033374465
1.6235,6.65337772002544e-14
1.623625,-0.059940333744556
1.62375,-0.0847684329147417
1.623875,-0.0599403337446302
1.624,-3.85364670226165e-14
1.624125,0.0599403337445757
1.62425,0.0847684329147417
1.624375,0.0599403337447195
1.6245,1.05391568449785e-14
1.624625,-0.0599403337444865
1.62475,-0.0847684329147417
1.624875,-0.0599403337445906
1.625,-1.36734727894443e-13
1.625125,0.0599403337445063
1.62525,0.0847684329147417
1.625375,0.0599403337446799
1.6255,1.08737417716805e-13
1.625625,-0.0599403337445261
1.62575,-0.0847684329147417
1.625875,-0.0599403337446601
1.626,-8.07401075391675e-14
1.626125,0.0599403337445459
1.62625,0.0847684329147417
1.626375,0.0599403337446403
1.6265,5.27427973615296e-14
1.626625,-0.0599403337444567
1.62675,-0.0847684329147417
1.626875,-0.0599403337446205
1.627,-2.47454871838916e-14
1.627125,0.0599403337444765
1.62725,0.0847684329147417
1.627375,0.0599403337446007
1.6275,1.50941058233357e-13
1.627625,-0.0599403337444963
1.62775,-0.0847684329147417
1.627875,-0.0599403337446899
1.628,-1.22943748055719e-13
1.628125,0.0599403337445161
1.62825,0.0847684329147417
1.628375,0.0599403337446701
1.6285,9.49464378780806e-14
1.628625,-0.0599403337445359
1.62875,-0.0847684329147417
1.628875,-0.0599403337446503
1.629,-6.69491277004427e-14
1.629125,0.0599403337444466
1.62925,0.0847684329147417
1.629375,0.0599403337446305
1.6295,1.93144698749908e-13
1.629625,-0.0599403337445754
1.62975,-0.0847684329147417
1.629875,-0.0599403337446107
1.63,-1.6514738857227e-13
1.630125,0.0599403337444862
1.63025,0.0847684329147417
1.630375,0.0599403337447
1.6305,-1.70428028324712e-14
1.630625,-0.059940333744506
1.63075,-0.0847684329147417
1.630875,-0.0599403337445711
1.631,-1.09152768216994e-13
1.631125,0.0599403337445258
1.63125,0.0847684329147417
1.631375,0.0599403337446604
1.6315,8.11554580393558e-14
1.631625,-0.0599403337445456
1.63175,-0.0847684329147417
1.631875,-0.0599403337446406
1.632,-2.07351029088821e-13
1.632125,0.0599403337445654
1.63225,0.0847684329147417
1.632375,0.0599403337446208
1.6325,2.51608376840798e-14
1.632625,-0.0599403337444762
1.63275,-0.0847684329147417
1.632875,-0.059940333744601
1.633,-1.51356408733545e-13
1.633125,0.059940333744496
1.63325,0.0847684329147417
1.633375,0.0599403337445812
1.6335,1.23359098555907e-13
1.633625,-0.0599403337445158
1.63375,-0.0847684329147417
1.633875,-0.0599403337446704
1.634,-9.53617883782689e-14
1.634125,0.0599403337445356
1.63425,0.0847684329147417
1.634375,0.0599403337446506
1.6345,6.73644782006309e-14
1.634625,-0.0599403337445554
1.63475,-0.0847684329147417
1.634875,-0.0599403337446308
1.635,-3.93671680229929e-14
1.635125,0.0599403337444661
1.63525,0.0847684329147417
1.635375,0.059940333744611
1.6355,1.65562739072458e-13
1.635625,-0.059940333744595
1.63575,-0.0847684329147417
1.635875,-0.0599403337447003
1.636,-1.3756542889482e-13
1.636125,0.0599403337445057
1.63625,0.0847684329147417
1.636375,0.0599403337446805
1.6365,1.09568118717182e-13
1.636625,-0.0599403337445255
1.63675,-0.0847684329147417
1.636875,-0.0599403337445516
1.637,-8.1570808539544e-14
1.637125,0.0599403337444363
1.63725,0.0847684329147417
1.637375,0.0599403337446409
1.6375,5.3573498361906e-14
1.637625,-0.0599403337445651
1.63775,-0.0847684329147417
1.637875,-0.0599403337446211
1.638,-1.79769069411371e-13
1.638125,0.0599403337444759
1.63825,0.0847684329147417
1.638375,0.0599403337447103
1.6385,-2.42112199336989e-15
1.638625,-0.0599403337444957
1.63875,-0.0847684329147417
1.638875,-0.0599403337445815
1.639,-1.23774449056095e-13
1.639125,0.0599403337445155
1.63925,0.0847684329147417
1.639375,0.0599403337446707
1.6395,9.57771388784571e-14
1.639625,-0.0599403337445353
1.63975,-0.0847684329147417
1.639875,-0.0599403337446509
1.64,-6.77798287008192e-14
1.640125,0.0599403337445551
1.64025,0.0847684329147417
1.640375,0.0599403337446311
1.6405,3.97825185231812e-14
1.640625,-0.0599403337444658
1.64075,-0.0847684329147417
1.640875,-0.0599403337446113
1.641,-1.17852083455432e-14
1.641125,0.0599403337444856
1.64125,0.0847684329147417
1.641375,0.0599403337445915
1.6415,1.37980779395008e-13
1.641625,-0.0599403337445054
1.64175,-0.0847684329147417
1.641875,-0.0599403337446808
1.642,-1.0998346921737e-13
1.642125,0.0599403337445252
1.64225,0.0847684329147417
1.642375,0.059940333744661
1.6425,8.19861590397323e-14
1.642625,-0.059940333744545
1.64275,-0.0847684329147417
1.642875,-0.0599403337446412
1.643,-5.39888488620943e-14
1.643125,0.0599403337444558
1.64325,0.0847684329147417
1.643375,0.0599403337446214
1.6435,1.80184419911559e-13
1.643625,-0.0599403337444756
1.64375,-0.0847684329147417
1.643875,-0.0599403337446016
1.644,-1.52187109733921e-13
1.644125,0.0599403337444954
1.64425,0.0847684329147417
1.644375,0.0599403337446908
1.6445,1.24189799556283e-13
1.644625,-0.0599403337445152
1.64475,-0.0847684329147417
1.644875,-0.059940333744562
1.645,-9.61924893786454e-14
1.645125,0.059940333744535
1.64525,0.0847684329147417
1.645375,0.0599403337446512
1.6455,6.81951792010074e-14
1.645625,-0.0599403337444457
1.64575,-0.0847684329147417
1.645875,-0.0599403337446314
1.646,-1.94390750250472e-13
1.646125,0.0599403337445746
1.64625,0.0847684329147417
1.646375,0.0599403337446116
1.6465,1.22005588457315e-14
1.646625,-0.0599403337444853
1.64675,-0.0847684329147417
1.646875,-0.0599403337445918
1.647,-1.38396129895196e-13
1.647125,0.0599403337445051
1.64725,0.0847684329147417
1.647375,0.059940333744572
1.6475,1.10398819717558e-13
1.647625,-0.0599403337444159
1.64775,-0.0847684329147417
1.647875,-0.0599403337446613
1.648,-8.24015095399205e-14
1.648125,0.0599403337445447
1.64825,0.0847684329147417
1.648375,0.0599403337446415
1.6485,5.44041993622825e-14
1.648625,-0.0599403337444555
1.64875,-0.0847684329147417
1.648875,-0.0599403337446217
1.649,-2.64068891846446e-14
1.649125,0.0599403337444753
1.64925,0.0847684329147417
1.649375,0.0599403337446019
1.6495,1.5260246023411e-13
1.649625,-0.0599403337444951
1.64975,-0.0847684329147417
1.649875,-0.0599403337446911
1.65,-1.24605150056472e-13
1.650125,0.0599403337445149
1.65025,0.0847684329147417
1.650375,0.0599403337446713
1.6505,9.66078398788336e-14
1.650625,-0.0599403337445347
1.65075,-0.0847684329147417
1.650875,-0.0599403337446515
1.651,-6.86105297011956e-14
1.651125,0.0599403337444454
1.65125,0.0847684329147417
1.651375,0.0599403337446317
1.6515,4.06132195235577e-14
1.651625,-0.0599403337444652
1.65175,-0.0847684329147417
1.651875,-0.0599403337446119
1.652,-1.66808790573023e-13
1.652125,0.059940333744485
1.65225,0.0847684329147417
1.652375,0.0599403337447011
1.6525,-1.53814008317183e-14
1.652625,-0.0599403337445048
1.65275,-0.0847684329147417
1.652875,-0.0599403337445723
1.653,-1.10814170217747e-13
1.653125,0.0599403337445246
1.65325,0.0847684329147417
1.653375,0.0599403337446616
1.6535,8.28168600401087e-14
1.653625,-0.0599403337444354
1.65375,-0.0847684329147417
1.653875,-0.0599403337446418
1.654,-2.09012431089574e-13
1.654125,0.0599403337445642
1.65425,0.0847684329147417
1.654375,0.059940333744622
1.6545,2.68222396848328e-14
1.654625,-0.059940333744475
1.65475,-0.0847684329147417
1.654875,-0.0599403337446022
1.655,-1.53017810734298e-13
1.655125,0.0599403337444948
1.65525,0.0847684329147417
1.655375,0.0599403337445824
1.6555,1.2502050055666e-13
1.655625,-0.0599403337445146
1.65575,-0.0847684329147417
1.655875,-0.0599403337446716
1.656,-9.70231903790218e-14
1.656125,0.0599403337445344
1.65625,0.0847684329147417
1.656375,0.0599403337446518
1.6565,6.90258802013839e-14
1.656625,-0.0599403337445542
1.65675,-0.0847684329147417
1.656875,-0.059940333744632
1.657,-4.10285700237459e-14
1.657125,0.059940333744465
1.65725,0.0847684329147417
1.657375,0.0599403337446122
1.6575,1.67224141073211e-13
1.657625,-0.0599403337444847
1.65775,-0.0847684329147417
1.657875,-0.0599403337445924
1.658,-1.39226830895573e-13
1.658125,0.0599403337445045
1.65825,0.0847684329147417
1.658375,0.0599403337446816
1.6585,1.11229520717935e-13
1.658625,-0.0599403337445243
1.65875,-0.0847684329147417
1.658875,-0.0599403337445528
1.659,-8.3232210540297e-14
1.659125,0.0599403337445441
1.65925,0.0847684329147417
1.659375,0.059940333744642
1.6595,5.5234900362659e-14
1.659625,-0.0599403337444549
1.65975,-0.0847684329147417
1.659875,-0.0599403337446223
1.66,-1.81430471412124e-13
1.660125,0.0599403337445837
1.66025,0.0847684329147417
1.660375,0.0599403337447115
1.6605,-7.59719992616934e-16
1.660625,-0.0599403337444945
1.66075,-0.0847684329147417
1.660875,-0.0599403337445827
1.661,-1.25435851056848e-13
1.661125,0.0599403337445143
1.66125,0.0847684329147417
1.661375,0.0599403337446719
1.6615,9.74385408792101e-14
1.661625,-0.0599403337444251
1.66175,-0.0847684329147417
1.661875,-0.0599403337446521
1.662,-6.94412307015721e-14
1.662125,0.0599403337445539
1.66225,0.0847684329147417
1.662375,0.0599403337446323
1.6625,4.14439205239341e-14
1.662625,-0.0599403337444647
1.66275,-0.0847684329147417
1.662875,-0.0599403337446125
1.663,-1.34466103462962e-14
1.663125,0.0599403337444845
1.66325,0.0847684329147417
1.663375,0.0599403337445927
1.6635,1.39642181395761e-13
1.663625,-0.0599403337445043
1.66375,-0.0847684329147417
1.663875,-0.0599403337446819
1.664,-1.11644871218123e-13
1.664125,0.059940333744524
1.66425,0.0847684329147417
1.664375,0.0599403337446621
1.6645,8.36475610404852e-14
1.664625,-0.0599403337445438
1.66475,-0.0847684329147417
1.664875,-0.0599403337446423
1.665,-5.56502508628472e-14
1.665125,0.0599403337444546
1.66525,0.0847684329147417
1.665375,0.0599403337446225
1.6655,2.76529406852093e-14
1.665625,-0.0599403337444744
1.66575,-0.0847684329147417
1.665875,-0.0599403337446028
1.666,-1.53848511734674e-13
1.666125,0.0599403337444942
1.66625,0.0847684329147417
1.666375,0.059940333744692
1.6665,-2.83416796700667e-14
1.666625,-0.059940333744514
1.66675,-0.0847684329147417
1.666875,-0.0599403337445632
1.667,-9.78538913793983e-14
1.667125,0.0599403337445338
1.66725,0.0847684329147417
1.667375,0.0599403337446524
1.6675,6.98565812017603e-14
1.667625,-0.0599403337444446
1.66775,-0.0847684329147417
1.667875,-0.0599403337446326
1.668,-1.96052152251225e-13
1.668125,0.0599403337445734
1.66825,0.0847684329147417
1.668375,0.0599403337446128
1.6685,1.38619608464844e-14
1.668625,-0.0599403337444842
1.66875,-0.0847684329147417
1.668875,-0.059940333744593
1.669,-1.40057531895949e-13
1.669125,0.059940333744504
1.66925,0.0847684329147417
1.669375,0.0599403337445732
1.6695,1.12060221718311e-13
1.669625,-0.0599403337445238
1.66975,-0.0847684329147417
1.669875,-0.0599403337446624
1.67,-8.40629115406734e-14
1.670125,0.0599403337445436
1.67025,0.0847684329147417
1.670375,0.0599403337446426
1.6705,5.60656013630355e-14
1.670625,-0.0599403337445633
1.67075,-0.0847684329147417
1.670875,-0.0599403337446228
1.671,-2.80682911853975e-14
1.671125,0.0599403337444741
1.67125,0.0847684329147417
1.671375,0.059940333744603
1.6715,1.54263862234862e-13
1.671625,-0.0599403337444939
1.67175,-0.0847684329147417
1.671875,-0.0599403337445832
1.672,-1.26266552057225e-13
1.672125,0.0599403337445137
1.67225,0.0847684329147417
1.672375,0.0599403337446725
1.6725,9.82692418795865e-14
1.672625,-0.0599403337445335
1.67275,-0.0847684329147417
1.672875,-0.0599403337446527
1.673,-7.02719317019486e-14
1.673125,0.0599403337444443
1.67325,0.0847684329147417
1.673375,0.0599403337446329
1.6735,4.22746215243106e-14
1.673625,-0.0599403337444641
1.67375,-0.0847684329147417
1.673875,-0.0599403337446131
1.674,-1.68470192573776e-13
1.674125,0.0599403337445929
1.67425,0.0847684329147417
1.674375,0.0599403337447023
1.6745,-1.37199988309653e-14
1.674625,-0.0599403337445037
1.67475,-0.0847684329147417
1.674875,-0.0599403337446825
1.675,-1.124755722185e-13
1.675125,0.0599403337445235
1.67525,0.0847684329147417
1.675375,0.0599403337446627
1.6755,8.44782620408617e-14
1.675625,-0.0599403337444342
1.67575,-0.0847684329147417
1.675875,-0.0599403337446429
1.676,-5.64809518632237e-14
1.676125,0.0599403337445631
1.67625,0.0847684329147417
1.676375,0.0599403337446231
1.6765,2.84836416855858e-14
1.676625,-0.0599403337444738
1.67675,-0.0847684329147417
1.676875,-0.0599403337447124
1.677,-4.86331507947781e-16
1.677125,0.0599403337444936
1.67725,0.0847684329147417
1.677375,0.0599403337445835
1.6775,1.26681902557413e-13
1.677625,-0.0599403337445134
1.67775,-0.0847684329147417
1.677875,-0.0599403337446728
1.678,-9.86845923797748e-14
1.678125,0.0599403337445332
1.67825,0.0847684329147417
1.678375,0.059940333744653
1.6785,7.06872822021368e-14
1.678625,-0.059940333744553
1.67875,-0.0847684329147417
1.678875,-0.0599403337446332
1.679,-4.26899720244988e-14
1.679125,0.0599403337444638
1.67925,0.0847684329147417
1.679375,0.0599403337446134
1.6795,1.68885543073964e-13
1.679625,-0.0599403337444836
1.67975,-0.0847684329147417
1.679875,-0.0599403337445936
1.68,-1.40888232896326e-13
1.680125,0.0599403337445034
1.68025,0.0847684329147417
1.680375,0.0599403337446828
1.6805,-4.13019585084151e-14
1.680625,-0.0599403337445232
1.68075,-0.0847684329147417
1.680875,-0.059940333744663
1.681,-8.48936125410499e-14
1.681125,0.059940333744543
1.68125,0.0847684329147417
1.681375,0.0599403337446432
1.6815,5.68963023634119e-14
1.681625,-0.0599403337444537
1.68175,-0.0847684329147417
1.681875,-0.0599403337446234
1.682,-1.83091873412877e-13
1.682125,0.0599403337445826
1.68225,0.0847684329147417
1.682375,0.0599403337446036
1.6825,9.0168200813602e-16
1.682625,-0.0599403337444933
1.68275,-0.0847684329147417
1.682875,-0.0599403337446929
1.683,-1.27097253057601e-13
1.683125,0.0599403337445131
1.68325,0.0847684329147417
1.683375,0.059940333744564
1.6835,9.9099942879963e-14
1.683625,-0.0599403337445329
1.68375,-0.0847684329147417
1.683875,-0.0599403337446533
1.684,-7.11026327023251e-14
1.684125,0.0599403337445527
1.68425,0.0847684329147417
1.684375,0.0599403337446335
1.6845,4.31053225246871e-14
1.684625,-0.0599403337445725
1.68475,-0.0847684329147417
1.684875,-0.0599403337447227
1.685,-1.51080123470491e-14
1.685125,0.0599403337444833
1.68525,0.0847684329147417
1.685375,0.0599403337445939
1.6855,1.41303583396514e-13
1.685625,-0.0599403337445031
1.68575,-0.0847684329147417
1.685875,-0.0599403337446831
1.686,-1.13306273218876e-13
1.686125,0.0599403337445229
1.68625,0.0847684329147417
1.686375,0.0599403337446633
1.6865,8.53089630412381e-14
1.686625,-0.0599403337445427
1.68675,-0.0847684329147417
1.686875,-0.0599403337446435
1.687,-5.73116528636002e-14
1.687125,0.0599403337444534
1.68725,0.0847684329147417
1.687375,0.0599403337446237
1.6875,2.93143426859622e-14
1.687625,-0.0599403337444732
1.68775,-0.0847684329147417
1.687875,-0.0599403337446039
1.688,-1.55509913735427e-13
1.688125,0.059940333744493
1.68825,0.0847684329147417
1.688375,0.0599403337446932
1.6885,1.27512603557789e-13
1.688625,-0.0599403337445128
1.68875,-0.0847684329147417
1.688875,-0.0599403337446734
1.689,-9.95152933801513e-14
1.689125,0.0599403337445326
1.68925,0.0847684329147417
1.689375,0.0599403337446536
1.6895,7.15179832025133e-14
1.689625,-0.0599403337444434
1.68975,-0.0847684329147417
1.689875,-0.0599403337446338
1.69,-4.35206730248753e-14
1.690125,0.0599403337445722
1.69025,0.0847684329147417
1.690375,0.059940333744614
1.6905,1.6971624407434e-13
1.690625,-0.059940333744483
1.69075,-0.0847684329147417
1.690875,-0.0599403337447032
1.691,1.24739473304006e-14
1.691125,0.0599403337445028
1.69125,0.0847684329147417
1.691375,0.0599403337445744
1.6915,1.13721623719064e-13
1.691625,-0.0599403337445226
1.69175,-0.0847684329147417
1.691875,-0.0599403337446636
1.692,-8.57243135414264e-14
1.692125,0.0599403337445424
1.69225,0.0847684329147417
1.692375,0.0599403337446438
1.6925,2.11919884590891e-13
1.692625,-0.0599403337445622
1.69275,-0.0847684329147417
1.692875,-0.059940333744624
1.693,-2.97296931861505e-14
1.693125,0.0599403337444729
1.69325,0.0847684329147417
1.693375,0.0599403337446042
1.6935,1.55925264235615e-13
1.693625,-0.0599403337444927
1.69375,-0.0847684329147417
1.693875,-0.0599403337445844
1.694,-1.27927954057977e-13
1.694125,0.0599403337445125
1.69425,0.0847684329147417
1.694375,0.0599403337446737
1.6945,9.99306438803395e-14
1.694625,-0.0599403337445323
1.69475,-0.0847684329147417
1.694875,-0.0599403337446539
1.695,-7.19333337027015e-14
1.695125,0.0599403337445521
1.69525,0.0847684329147417
1.695375,0.0599403337446341
1.6955,4.39360235250636e-14
1.695625,-0.0599403337444629
1.69575,-0.0847684329147417
1.695875,-0.0599403337446143
1.696,-1.70131594574529e-13
1.696125,0.0599403337445917
1.69625,0.0847684329147417
1.696375,0.0599403337445945
1.6965,1.42134284396891e-13
1.696625,-0.0599403337445025
1.69675,-0.0847684329147417
1.696875,-0.0599403337446837
1.697,-1.14136974219253e-13
1.697125,0.0599403337445223
1.69725,0.0847684329147417
1.697375,0.0599403337445549
1.6975,8.61396640416146e-14
1.697625,-0.0599403337444331
1.69775,-0.0847684329147417
1.697875,-0.0599403337446441
1.698,-5.81423538639767e-14
1.698125,0.0599403337445619
1.69825,0.0847684329147417
1.698375,0.0599403337446243
1.6985,1.84337924913442e-13
1.698625,-0.0599403337444726
1.69875,-0.0847684329147417
1.698875,-0.0599403337447135
1.699,-2.14773350870074e-15
1.699125,0.0599403337444924
1.69925,0.0847684329147417
1.699375,0.0599403337445847
1.6995,1.28343304558166e-13
1.699625,-0.0599403337445122
1.69975,-0.0847684329147417
1.699875,-0.0599403337446739
1.7,-1.00345994380528e-13
1.700125,0.059940333744532
1.70025,0.0847684329147417
1.700375,0.0599403337446541
1.7005,7.23486842028898e-14
1.700625,-0.0599403337445518
1.70075,-0.0847684329147417
1.700875,-0.0599403337446344
1.701,-4.43513740252518e-14
1.701125,0.0599403337444626
1.70125,0.0847684329147417
1.701375,0.0599403337446146
1.7015,1.63540638476138e-14
1.701625,-0.0599403337444824
1.70175,-0.0847684329147417
1.701875,-0.0599403337445948
1.702,-1.42549634897079e-13
1.702125,0.0599403337445022
1.70225,0.0847684329147417
1.702375,0.059940333744684
1.7025,1.14552324719441e-13
1.702625,-0.059940333744522
1.70275,-0.0847684329147417
1.702875,-0.0599403337446642
1.703,-8.65550145418029e-14
1.703125,0.0599403337445418
1.70325,0.0847684329147417
1.703375,0.0599403337446444
1.7035,5.85577043641649e-14
1.703625,-0.0599403337444526
1.70375,-0.0847684329147417
1.703875,-0.0599403337446246
1.704,-1.8475327541363e-13
1.704125,0.0599403337444724
1.70425,0.0847684329147417
1.704375,0.0599403337446048
1.7045,1.56755965235992e-13
1.704625,-0.0599403337444921
1.70475,-0.0847684329147417
1.704875,-0.059940333744694
1.705,-1.28758655058354e-13
1.705125,0.0599403337445119
1.70525,0.0847684329147417
1.705375,0.0599403337445652
1.7055,1.00761344880716e-13
1.705625,-0.0599403337445317
1.70575,-0.0847684329147417
1.705875,-0.0599403337446544
1.706,-7.2764034703078e-14
1.706125,0.0599403337444425
1.70625,0.0847684329147417
1.706375,0.0599403337446346
1.7065,1.98959605752543e-13
1.706625,-0.0599403337445713
1.70675,-0.0847684329147417
1.706875,-0.0599403337446149
1.707,-1.67694143478021e-14
1.707125,0.0599403337444821
1.70725,0.0847684329147417
1.707375,0.0599403337445951
1.7075,1.42964985397267e-13
1.707625,-0.0599403337445019
1.70775,-0.0847684329147417
1.707875,-0.0599403337445753
1.708,-1.14967675219629e-13
1.708125,0.0599403337444127
1.70825,0.0847684329147417
1.708375,0.0599403337446645
1.7085,8.69703650419911e-14
1.708625,-0.0599403337445415
1.70875,-0.0847684329147417
1.708875,-0.0599403337446447
1.709,-5.89730548643531e-14
1.709125,0.0599403337445613
1.70925,0.0847684329147417
1.709375,0.0599403337446249
1.7095,3.09757446867152e-14
1.709625,-0.0599403337444721
1.70975,-0.0847684329147417
1.709875,-0.0599403337446051
1.71,-1.5717131573618e-13
1.710125,0.0599403337444919
1.71025,0.0847684329147417
1.710375,0.0599403337446943
1.7105,1.29174005558542e-13
1.710625,-0.0599403337445117
1.71075,-0.0847684329147417
1.710875,-0.0599403337446745
1.711,-1.01176695380904e-13
1.711125,0.0599403337445314
1.71125,0.0847684329147417
1.711375,0.0599403337446547
1.7115,7.31793852032662e-14
1.711625,-0.0599403337444422
1.71175,-0.0847684329147417
1.711875,-0.0599403337446349
1.712,-4.51820750256283e-14
1.712125,0.059940333744462
1.71225,0.0847684329147417
1.712375,0.0599403337446151
1.7125,1.71377646075093e-13
1.712625,-0.0599403337444818
1.71275,-0.0847684329147417
1.712875,-0.0599403337447044
1.713,1.08125453296477e-14
1.713125,0.0599403337445016
1.71325,0.0847684329147417
1.713375,0.0599403337445756
1.7135,1.15383025719817e-13
1.713625,-0.0599403337445214
1.71375,-0.0847684329147417
1.713875,-0.0599403337446648
1.714,-8.73857155421793e-14
1.714125,0.0599403337444322
1.71425,0.0847684329147417
1.714375,0.059940333744645
1.7145,2.13581286591644e-13
1.714625,-0.059940333744561
1.71475,-0.0847684329147417
1.714875,-0.0599403337446252
1.715,-3.13910951869034e-14
1.715125,0.0599403337444718
1.71525,0.0847684329147417
1.715375,0.0599403337446054
1.7155,3.39378500926545e-15
1.715625,-0.0599403337444916
1.71575,-0.0847684329147417
1.715875,-0.0599403337445856
1.716,-1.2958935605873e-13
1.716125,0.0599403337445114
1.71625,0.0847684329147417
1.716375,0.0599403337446748
1.7165,1.01592045881092e-13
1.716625,-0.0599403337445312
1.71675,-0.0847684329147417
1.716875,-0.059940333744655
1.717,-7.35947357034545e-14
1.717125,0.0599403337445509
1.71725,0.0847684329147417
1.717375,0.0599403337446352
1.7175,4.55974255258165e-14
1.717625,-0.0599403337444617
1.71775,-0.0847684329147417
1.717875,-0.0599403337446154
1.718,-1.71792996575282e-13
1.718125,0.0599403337444815
1.71825,0.0847684329147417
1.718375,0.0599403337445956
1.7185,1.43795686397644e-13
1.718625,-0.0599403337445013
1.71875,-0.0847684329147417
1.718875,-0.0599403337446849
1.719,-1.15798376220006e-13
1.719125,0.0599403337445211
1.71925,0.0847684329147417
1.719375,0.059940333744556
1.7195,8.78010660423676e-14
1.719625,-0.0599403337445409
1.71975,-0.0847684329147417
1.719875,-0.0599403337446453
1.72,-5.98037558647296e-14
1.720125,0.0599403337444517
1.72025,0.0847684329147417
1.720375,0.0599403337446255
1.7205,1.85999326914195e-13
1.720625,-0.0599403337445805
1.72075,-0.0847684329147417
1.720875,-0.0599403337447147
1.721,-3.80913550945369e-15
1.721125,0.0599403337444913
1.72125,0.0847684329147417
1.721375,0.0599403337445859
1.7215,1.30004706558919e-13
1.721625,-0.0599403337445111
1.72175,-0.0847684329147417
1.721875,-0.0599403337445661
1.722,-1.02007396381281e-13
1.722125,0.0599403337444218
1.72225,0.0847684329147417
1.722375,0.0599403337446553
1.7225,7.40100862036427e-14
1.722625,-0.0599403337445507
1.72275,-0.0847684329147417
1.722875,-0.0599403337446355
1.723,-4.60127760260048e-14
1.723125,0.0599403337444614
1.72325,0.0847684329147417
1.723375,0.0599403337446157
1.7235,1.80154658483668e-14
1.723625,-0.0599403337444812
1.72375,-0.0847684329147417
1.723875,-0.0599403337445959
1.724,-1.44211036897832e-13
1.724125,0.059940333744501
1.72425,0.0847684329147417
1.724375,0.0599403337446852
1.7245,1.16213726720194e-13
1.724625,-0.0599403337445208
1.72475,-0.0847684329147417
1.724875,-0.0599403337446654
1.725,-8.82164165425558e-14
1.725125,0.0599403337445406
1.72525,0.0847684329147417
1.725375,0.0599403337446456
1.7255,6.02191063649179e-14
1.725625,-0.0599403337444514
1.72575,-0.0847684329147417
1.725875,-0.0599403337446258
1.726,-3.22217961872799e-14
1.726125,0.0599403337444712
1.72625,0.0847684329147417
1.726375,0.059940333744606
1.7265,1.58417367236745e-13
1.726625,-0.059940333744491
1.72675,-0.0847684329147417
1.726875,-0.0599403337446952
1.727,2.3772824167996e-14
1.727125,0.0599403337445108
1.72725,0.0847684329147417
1.727375,0.0599403337445664
1.7275,1.02422746881469e-13
1.727625,-0.0599403337445306
1.72775,-0.0847684329147417
1.727875,-0.0599403337446556
1.728,-7.4425436703831e-14
1.728125,0.0599403337444413
1.72825,0.0847684329147417
1.728375,0.0599403337446358
1.7285,2.00621007753296e-13
1.728625,-0.0599403337445702
1.72875,-0.0847684329147417
1.728875,-0.059940333744616
1.729,-1.8430816348555e-14
1.729125,0.0599403337444809
1.72925,0.0847684329147417
1.729375,0.0599403337445962
1.7295,1.4462638739802e-13
1.729625,-0.0599403337445007
1.72975,-0.0847684329147417
1.729875,-0.0599403337445764
1.73,-1.16629077220382e-13
1.730125,0.0599403337445205
1.73025,0.0847684329147417
1.730375,0.0599403337446657
1.7305,8.86317670427441e-14
1.730625,-0.0599403337445403
1.73075,-0.0847684329147417
1.730875,-0.0599403337446459
1.731,-6.06344568651061e-14
1.731125,0.0599403337445601
1.73125,0.0847684329147417
1.731375,0.0599403337446261
1.7315,3.26371466874681e-14
1.731625,-0.0599403337444709
1.73175,-0.0847684329147417
1.731875,-0.0599403337446063
1.732,-1.58832717736933e-13
1.732125,0.0599403337444907
1.73225,0.0847684329147417
1.732375,0.0599403337445865
1.7325,1.30835407559295e-13
1.732625,-0.0599403337445105
1.73275,-0.0847684329147417
1.732875,-0.0599403337446757
1.733,-1.02838097381657e-13
1.733125,0.0599403337445303
1.73325,0.0847684329147417
1.733375,0.0599403337445469
1.7335,7.48407872040192e-14
1.733625,-0.059940333744441
1.73375,-0.0847684329147417
1.733875,-0.0599403337446361
1.734,-4.68434770263812e-14
1.734125,0.0599403337444608
1.73425,0.0847684329147417
1.734375,0.0599403337446163
1.7345,1.73039048075846e-13
1.734625,-0.0599403337445897
1.73475,-0.0847684329147417
1.734875,-0.0599403337447055
1.735,9.1511433288947e-15
1.735125,0.0599403337445004
1.73525,0.0847684329147417
1.735375,0.0599403337446858
1.7355,1.1704442772057e-13
1.735625,-0.0599403337445202
1.73575,-0.0847684329147417
1.735875,-0.059940333744666
1.736,-8.90471175429323e-14
1.736125,0.059940333744431
1.73625,0.0847684329147417
1.736375,0.0599403337446462
1.7365,6.10498073652943e-14
1.736625,-0.0599403337445598
1.73675,-0.0847684329147417
1.736875,-0.0599403337446264
1.737,-3.30524971876564e-14
1.737125,0.0599403337444706
1.73725,0.0847684329147417
1.737375,0.0599403337447156
1.7375,5.05518701001841e-15
1.737625,-0.0599403337444904
1.73775,-0.0847684329147417
1.737875,-0.0599403337445868
1.738,-1.31250758059483e-13
1.738125,0.0599403337445102
1.73825,0.0847684329147417
1.738375,0.059940333744676
1.7385,1.03253447881845e-13
1.738625,-0.05994033374453
1.73875,-0.0847684329147417
1.738875,-0.0599403337446562
1.739,-7.52561377042074e-14
1.739125,0.0599403337445498
1.73925,0.0847684329147417
1.739375,0.0599403337446364
1.7395,4.72588275265695e-14
1.739625,-0.0599403337444605
1.73975,-0.0847684329147417
1.739875,-0.0599403337446166
1.74,-1.73454398576034e-13
1.740125,0.0599403337444803
1.74025,0.0847684329147417
1.740375,0.0599403337445968
1.7405,1.45457088398396e-13
1.740625,-0.0599403337445001
1.74075,-0.0847684329147417
1.740875,-0.059940333744686
1.741,3.67331030063444e-14
1.741125,0.0599403337445199
1.74125,0.0847684329147417
1.741375,0.0599403337446662
1.7415,8.94624680431206e-14
1.741625,-0.0599403337445397
1.74175,-0.0847684329147417
1.741875,-0.0599403337446465
1.742,-6.14651578654826e-14
1.742125,0.0599403337444505
1.74225,0.0847684329147417
1.742375,0.0599403337446267
1.7425,1.87660728914948e-13
1.742625,-0.0599403337445793
1.74275,-0.0847684329147417
1.742875,-0.0599403337446069
1.743,-5.47053751020664e-15
1.743125,0.0599403337444901
1.74325,0.0847684329147417
1.743375,0.0599403337446961
1.7435,1.31666108559672e-13
1.743625,-0.0599403337445099
1.74375,-0.0847684329147417
1.743875,-0.0599403337445673
1.744,-1.03668798382034e-13
1.744125,0.0599403337445297
1.74425,0.0847684329147417
1.744375,0.0599403337446565
1.7445,7.56714882043957e-14
1.744625,-0.0599403337445495
1.74475,-0.0847684329147417
1.744875,-0.0599403337446367
1.745,-4.76741780267577e-14
1.745125,0.0599403337445693
1.74525,0.0847684329147417
1.745375,0.0599403337447259
1.7455,1.96768678491197e-14
1.745625,-0.05994033374448
1.74575,-0.0847684329147417
1.745875,-0.0599403337445971
1.746,-1.45872438898585e-13
1.746125,0.0599403337444998
1.74625,0.0847684329147417
1.746375,0.0599403337446863
1.7465,1.17875128720947e-13
1.746625,-0.0599403337445196
1.74675,-0.0847684329147417
1.746875,-0.0599403337446665
1.747,-8.98778185433088e-14
1.747125,0.0599403337445394
1.74725,0.0847684329147417
1.747375,0.0599403337446467
1.7475,6.18805083656708e-14
1.747625,-0.0599403337444502
1.74775,-0.0847684329147417
1.747875,-0.059940333744627
1.748,-3.38831981880328e-14
1.748125,0.05994033374447
1.74825,0.0847684329147417
1.748375,0.0599403337446072
1.7485,1.60078769237498e-13
1.748625,-0.0599403337444898
1.74875,-0.0847684329147417
1.748875,-0.0599403337446964
1.749,2.21114221672431e-14
1.749125,0.0599403337445096
1.74925,0.0847684329147417
1.749375,0.0599403337446766
1.7495,1.04084148882222e-13
1.749625,-0.0599403337445294
1.74975,-0.0847684329147417
1.749875,-0.0599403337446568
1.75,-7.60868387045839e-14
1.750125,0.0599403337444402
1.75025,0.0847684329147417
1.750375,0.059940333744637
1.7505,4.8089528526946e-14
1.750625,-0.059940333744569
1.75075,-0.0847684329147417
1.750875,-0.0599403337446172
1.751,-1.74285099576411e-13
1.751125,0.0599403337444798
1.75125,0.0847684329147417
1.751375,0.0599403337447064
1.7515,-7.90509182832998e-15
1.751625,-0.0599403337444996
1.75175,-0.0847684329147417
1.751875,-0.0599403337445776
1.752,-1.18290479221135e-13
1.752125,0.0599403337445193
1.75225,0.0847684329147417
1.752375,0.0599403337446668
1.7525,9.0293169043497e-14
1.752625,-0.0599403337445392
1.75275,-0.0847684329147417
1.752875,-0.059940333744647
1.753,-2.16488740092962e-13
1.753125,0.0599403337445589
1.75325,0.0847684329147417
1.753375,0.0599403337446272
1.7535,3.42985486882211e-14
1.753625,-0.0599403337444697
1.75375,-0.0847684329147417
1.753875,-0.0599403337446074
1.754,-1.60494119737686e-13
1.754125,0.0599403337444895
1.75425,0.0847684329147417
1.754375,0.0599403337445877
1.7545,1.32496809560048e-13
1.754625,-0.0599403337445093
1.75475,-0.0847684329147417
1.754875,-0.0599403337446769
1.755,-1.0449949938241e-13
1.755125,0.0599403337445291
1.75525,0.0847684329147417
1.755375,0.0599403337446571
1.7555,7.65021892047722e-14
1.755625,-0.0599403337445489
1.75575,-0.0847684329147417
1.755875,-0.0599403337446373
1.756,-4.85048790271342e-14
1.756125,0.0599403337444597
1.75625,0.0847684329147417
1.756375,0.0599403337446175
1.7565,1.74700450076599e-13
1.756625,-0.0599403337445885
1.75675,-0.0847684329147417
1.756875,-0.0599403337445977
1.757,-1.46703139898961e-13
1.757125,0.0599403337444993
1.75725,0.0847684329147417
1.757375,0.0599403337446869
1.7575,1.18705829721323e-13
1.757625,-0.0599403337445191
1.75775,-0.0847684329147417
1.757875,-0.0599403337445581
1.758,-9.07085195436853e-14
1.758125,0.0599403337444298
1.75825,0.0847684329147417
1.758375,0.0599403337446473
1.7585,6.27112093660473e-14
1.758625,-0.0599403337445586
1.75875,-0.0847684329147417
1.758875,-0.0599403337446275
1.759,-1.88906780415512e-13
1.759125,0.0599403337444694
1.75925,0.0847684329147417
1.759375,0.0599403337447168
1.7595,6.71658901077136e-15
1.759625,-0.0599403337444892
1.75975,-0.0847684329147417
1.759875,-0.0599403337445879
1.76,-1.32912160060236e-13
1.760125,0.059940333744509
1.76025,0.0847684329147417
1.760375,0.0599403337446772
1.7605,1.04914849882598e-13
1.760625,-0.0599403337445288
1.76075,-0.0847684329147417
1.760875,-0.0599403337446574
1.761,-7.69175397049604e-14
1.761125,0.0599403337445486
1.76125,0.0847684329147417
1.761375,0.0599403337446376
1.7615,4.89202295273224e-14
1.761625,-0.0599403337444594
1.76175,-0.0847684329147417
1.761875,-0.0599403337446178
1.762,-2.09229193496845e-14
1.762125,0.0599403337444792
1.76225,0.0847684329147417
1.762375,0.059940333744598
1.7625,1.47118490399149e-13
1.762625,-0.059940333744499
1.76275,-0.0847684329147417
1.762875,-0.0599403337446872
1.763,-1.19121180221511e-13
1.763125,0.0599403337445188
1.76325,0.0847684329147417
1.763375,0.0599403337446674
1.7635,9.11238700438735e-14
1.763625,-0.0599403337445386
1.76375,-0.0847684329147417
1.763875,-0.0599403337446476
1.764,-6.31265598662355e-14
1.764125,0.0599403337444493
1.76425,0.0847684329147417
1.764375,0.0599403337446278
1.7645,1.893221309157e-13
1.764625,-0.0599403337445781
1.76475,-0.0847684329147417
1.764875,-0.059940333744608
1.765,-1.61324820738063e-13
1.765125,0.0599403337444889
1.76525,0.0847684329147417
1.765375,0.0599403337446973
1.7655,1.33327510560425e-13
1.765625,-0.0599403337445087
1.76575,-0.0847684329147417
1.765875,-0.0599403337445684
1.766,-1.05330200382787e-13
1.766125,0.0599403337445285
1.76625,0.0847684329147417
1.766375,0.0599403337446577
1.7665,7.73328902051486e-14
1.766625,-0.0599403337444393
1.76675,-0.0847684329147417
1.766875,-0.0599403337446379
1.767,-2.03528461254614e-13
1.767125,0.0599403337445681
1.76725,0.0847684329147417
1.767375,0.0599403337446181
1.7675,2.13382698498727e-14
1.767625,-0.0599403337444789
1.76775,-0.0847684329147417
1.767875,-0.0599403337445983
1.768,-1.47533840899338e-13
1.768125,0.0599403337444987
1.76825,0.0847684329147417
1.768375,0.0599403337445785
1.7685,1.195365307217e-13
1.768625,-0.0599403337444094
1.76875,-0.0847684329147417
1.768875,-0.0599403337446677
1.769,-9.15392205440617e-14
1.769125,0.0599403337445383
1.76925,0.0847684329147417
1.769375,0.0599403337446479
1.7695,6.35419103664238e-14
1.769625,-0.0599403337445581
1.76975,-0.0847684329147417
1.769875,-0.0599403337446281
1.77,-3.55446001887858e-14
1.770125,0.0599403337444688
1.77025,0.0847684329147417
1.770375,0.0599403337446083
1.7705,1.61740171238251e-13
1.770625,-0.0599403337444886
1.77075,-0.0847684329147417
1.770875,-0.0599403337446976
1.771,-1.33742861060613e-13
1.771125,0.0599403337445084
1.77125,0.0847684329147417
1.771375,0.0599403337446778
1.7715,1.05745550882975e-13
1.771625,-0.0599403337445282
1.77175,-0.0847684329147417
1.771875,-0.059940333744658
1.772,-7.77482407053369e-14
1.772125,0.059940333744439
1.77225,0.0847684329147417
1.772375,0.0599403337446382
1.7725,4.97509305276989e-14
1.772625,-0.0599403337444588
1.77275,-0.0847684329147417
1.772875,-0.0599403337446184
1.773,-1.75946501577164e-13
1.773125,0.0599403337444786
1.77325,0.0847684329147417
1.773375,0.0599403337447076
1.7735,-6.24368982757703e-15
1.773625,-0.0599403337444984
1.77375,-0.0847684329147417
1.773875,-0.0599403337445788
1.774,-1.19951881221888e-13
1.774125,0.0599403337445182
1.77425,0.0847684329147417
1.774375,0.059940333744668
1.7745,9.195457104425e-14
1.774625,-0.0599403337444289
1.77475,-0.0847684329147417
1.774875,-0.0599403337446482
1.775,-2.18150142093715e-13
1.775125,0.0599403337445578
1.77525,0.0847684329147417
1.775375,0.0599403337446284
1.7755,3.5959950688974e-14
1.775625,-0.0599403337444685
1.77575,-0.0847684329147417
1.775875,-0.0599403337446086
1.776,-7.96264051133607e-15
1.776125,0.0599403337444883
1.77625,0.0847684329147417
1.776375,0.0599403337445888
1.7765,1.34158211560801e-13
1.776625,-0.0599403337445081
1.77675,-0.0847684329147417
1.776875,-0.0599403337446781
1.777,-1.06160901383163e-13
1.777125,0.0599403337445279
1.77725,0.0847684329147417
1.777375,0.0599403337446583
1.7775,7.81635912055251e-14
1.777625,-0.0599403337445477
1.77775,-0.0847684329147417
1.777875,-0.0599403337446385
1.778,-5.01662810278871e-14
1.778125,0.0599403337444585
1.77825,0.0847684329147417
1.778375,0.0599403337446187
1.7785,1.76361852077352e-13
1.778625,-0.0599403337444783
1.77875,-0.0847684329147417
1.778875,-0.0599403337445989
1.779,-1.48364541899714e-13
1.779125,0.0599403337444981
1.77925,0.0847684329147417
1.779375,0.0599403337446881
1.7795,1.20367231722076e-13
1.779625,-0.0599403337445179
1.77975,-0.0847684329147417
1.779875,-0.0599403337445593
1.78,-9.23699215444382e-14
1.780125,0.0599403337445377
1.78025,0.0847684329147417
1.780375,0.0599403337446485
1.7805,6.43726113668003e-14
1.780625,-0.0599403337444484
1.78075,-0.0847684329147417
1.780875,-0.0599403337446287
1.781,-1.90568182416265e-13
1.781125,0.0599403337445773
1.78125,0.0847684329147417
1.781375,0.059940333744718
1.7815,8.37799101152431e-15
1.781625,-0.059940333744488
1.78175,-0.0847684329147417
1.781875,-0.0599403337445891
1.782,-1.34573562060989e-13
1.782125,0.0599403337445078
1.78225,0.0847684329147417
1.782375,0.0599403337445693
1.7825,1.06576251883351e-13
1.782625,-0.0599403337444186
1.78275,-0.0847684329147417
1.782875,-0.0599403337446586
1.783,-7.85789417057133e-14
1.783125,0.0599403337445474
1.78325,0.0847684329147417
1.783375,0.0599403337446388
1.7835,5.05816315280754e-14
1.783625,-0.0599403337444582
1.78375,-0.0847684329147417
1.783875,-0.059940333744619
1.784,-2.25843213504374e-14
1.784125,0.059940333744478
1.78425,0.0847684329147417
1.784375,0.0599403337445992
1.7845,1.48779892399902e-13
1.784625,-0.0599403337444978
1.78475,-0.0847684329147417
1.784875,-0.0599403337446884
1.785,-1.20782582222264e-13
1.785125,0.0599403337445176
1.78525,0.0847684329147417
1.785375,0.0599403337446686
1.7855,9.27852720446265e-14
1.785625,-0.0599403337445374
1.78575,-0.0847684329147417
1.785875,-0.0599403337446488
1.786,-6.47879618669885e-14
1.786125,0.0599403337444482
1.78625,0.0847684329147417
1.786375,0.059940333744629
1.7865,3.67906516893505e-14
1.786625,-0.0599403337444679
1.78675,-0.0847684329147417
1.786875,-0.0599403337446092
1.787,-1.62986222738815e-13
1.787125,0.0599403337444877
1.78725,0.0847684329147417
1.787375,0.0599403337446984
1.7875,-1.92039686659254e-14
1.787625,-0.0599403337445075
1.78775,-0.0847684329147417
1.787875,-0.0599403337445696
1.788,-1.0699160238354e-13
1.788125,0.0599403337445273
1.78825,0.0847684329147417
1.788375,0.0599403337446588
1.7885,7.89942922059016e-14
1.788625,-0.0599403337444381
1.78875,-0.0847684329147417
1.788875,-0.0599403337446391
1.789,-2.05189863255367e-13
1.789125,0.0599403337445669
1.78925,0.0847684329147417
1.789375,0.0599403337446193
1.7895,2.29996718506257e-14
1.789625,-0.0599403337444777
1.78975,-0.0847684329147417
1.789875,-0.0599403337445995
1.79,-1.49195242900091e-13
1.790125,0.0599403337444975
1.79025,0.0847684329147417
1.790375,0.0599403337445797
1.7905,1.21197932722453e-13
1.790625,-0.0599403337445173
1.79075,-0.0847684329147417
1.790875,-0.0599403337446689
1.791,-9.32006225448147e-14
1.791125,0.0599403337445371
1.79125,0.0847684329147417
1.791375,0.0599403337446491
1.7915,6.52033123671767e-14
1.791625,-0.0599403337445569
1.79175,-0.0847684329147417
1.791875,-0.0599403337446293
1.792,-3.72060021895388e-14
1.792125,0.0599403337444677
1.79225,0.0847684329147417
1.792375,0.0599403337446095
1.7925,1.63401573239004e-13
1.792625,-0.0599403337444875
1.79275,-0.0847684329147417
1.792875,-0.0599403337445897
1.793,-1.35404263061366e-13
1.793125,0.0599403337445072
1.79325,0.0847684329147417
1.793375,0.0599403337446789
1.7935,1.07406952883728e-13
1.793625,-0.059940333744527
1.79375,-0.0847684329147417
1.793875,-0.0599403337445501
1.794,-7.94096427060898e-14
1.794125,0.0599403337444378
1.79425,0.0847684329147417
1.794375,0.0599403337446393
1.7945,5.14123325284519e-14
1.794625,-0.0599403337444576
1.79475,-0.0847684329147417
1.794875,-0.0599403337446196
1.795,-1.77607903577917e-13
1.795125,0.0599403337445864
1.79525,0.0847684329147417
1.795375,0.0599403337447088
1.7955,-4.58228782682407e-15
1.795625,-0.0599403337444972
1.79575,-0.0847684329147417
1.795875,-0.05994033374458
1.796,-1.21613283222641e-13
1.796125,0.059940333744517
1.79625,0.0847684329147417
1.796375,0.0599403337446692
1.7965,9.36159730450029e-14
1.796625,-0.0599403337444278
1.79675,-0.0847684329147417
1.796875,-0.0599403337446494
1.797,-6.5618662867365e-14
1.797125,0.0599403337445566
1.79725,0.0847684329147417
1.797375,0.0599403337446296
1.7975,3.7621352689727e-14
1.797625,-0.0599403337444674
1.79775,-0.0847684329147417
1.797875,-0.0599403337447188
1.798,-9.62404251208903e-15
1.798125,0.0599403337444872
1.79825,0.0847684329147417
1.798375,0.05994033374459
1.7985,1.35819613561554e-13
1.798625,-0.059940333744507
1.79875,-0.0847684329147417
1.798875,-0.0599403337446792
1.799,-1.07822303383916e-13
1.799125,0.0599403337445268
1.79925,0.0847684329147417
1.799375,0.0599403337446594
1.7995,7.98249932062781e-14
1.799625,-0.0599403337445465
1.79975,-0.0847684329147417
1.799875,-0.0599403337446396
1.8,-5.18276830286401e-14
1.800125,0.0599403337444573
1.80025,0.0847684329147417
1.800375,0.0599403337446198
1.8005,1.78023254078105e-13
1.800625,-0.0599403337444771
1.80075,-0.0847684329147417
1.800875,-0.0599403337446
1.801,-1.50025943900467e-13
1.801125,0.0599403337444969
1.80125,0.0847684329147417
1.801375,0.0599403337446893
1.8015,-3.21642475042738e-14
1.801625,-0.0599403337445167
1.80175,-0.0847684329147417
1.801875,-0.0599403337446695
1.802,-9.40313235451912e-14
1.802125,0.0599403337445365
1.80225,0.0847684329147417
1.802375,0.0599403337446497
1.8025,6.60340133675532e-14
1.802625,-0.0599403337444473
1.80275,-0.0847684329147417
1.802875,-0.0599403337446299
1.803,-1.92229584417018e-13
1.803125,0.0599403337445761
1.80325,0.0847684329147417
1.803375,0.0599403337446101
1.8035,1.00393930122773e-14
1.803625,-0.0599403337444869
1.80375,-0.0847684329147417
1.803875,-0.0599403337446993
1.804,-1.36234964061742e-13
1.804125,0.0599403337445067
1.80425,0.0847684329147417
1.804375,0.0599403337445705
1.8045,1.08237653884104e-13
1.804625,-0.0599403337445265
1.80475,-0.0847684329147417
1.804875,-0.0599403337446597
1.805,-8.02403437064663e-14
1.805125,0.0599403337445463
1.80525,0.0847684329147417
1.805375,0.0599403337446399
1.8055,5.22430335288283e-14
1.805625,-0.0599403337445661
1.80575,-0.0847684329147417
1.805875,-0.0599403337447292
1.806,-2.42457233511904e-14
1.806125,0.0599403337444768
1.80625,0.0847684329147417
1.806375,0.0599403337446003
1.8065,1.50441294400655e-13
1.806625,-0.0599403337444966
1.80675,-0.0847684329147417
1.806875,-0.0599403337446896
1.807,-1.22443984223017e-13
1.807125,0.0599403337445164
1.80725,0.0847684329147417
1.807375,0.0599403337446698
1.8075,9.44466740453794e-14
1.807625,-0.0599403337445362
1.80775,-0.0847684329147417
1.807875,-0.05994033374465
1.808,-6.64493638677414e-14
1.808125,0.059940333744447
1.80825,0.0847684329147417
1.808375,0.0599403337446302
1.8085,3.84520536901035e-14
1.808625,-0.0599403337444668
1.80875,-0.0847684329147417
1.808875,-0.0599403337446104
1.809,-1.64647624739568e-13
1.809125,0.0599403337444866
1.80925,0.0847684329147417
1.809375,0.0599403337446996
1.8095,-1.75425666651725e-14
1.809625,-0.0599403337445064
1.80975,-0.0847684329147417
1.809875,-0.0599403337446798
1.81,-1.08653004384293e-13
1.810125,0.0599403337445262
1.81025,0.0847684329147417
1.810375,0.05994033374466
1.8105,8.06556942066545e-14
1.810625,-0.0599403337444369
1.81075,-0.0847684329147417
1.810875,-0.0599403337446402
1.811,-5.26583840290166e-14
1.811125,0.0599403337445658
1.81125,0.0847684329147417
1.811375,0.0599403337446204
1.8115,2.46610738513786e-14
1.811625,-0.0599403337444765
1.81175,-0.0847684329147417
1.811875,-0.0599403337447097
1.812,3.33623632625936e-15
1.812125,0.0599403337444963
1.81225,0.0847684329147417
1.812375,0.0599403337445808
1.8125,1.22859334723206e-13
1.812625,-0.0599403337445161
1.81275,-0.0847684329147417
1.812875,-0.0599403337446701
1.813,-9.48620245455676e-14
1.813125,0.0599403337445359
1.81325,0.0847684329147417
1.813375,0.0599403337446503
1.8135,2.21057595595033e-13
1.813625,-0.0599403337445557
1.81375,-0.0847684329147417
1.813875,-0.0599403337446305
1.814,-3.88674041902917e-14
1.814125,0.0599403337444665
1.81425,0.0847684329147417
1.814375,0.0599403337446107
1.8145,1.65062975239757e-13
1.814625,-0.0599403337444863
1.81475,-0.0847684329147417
1.814875,-0.0599403337445909
1.815,-1.37065665062119e-13
1.815125,0.0599403337445061
1.81525,0.0847684329147417
1.815375,0.0599403337446801
1.8155,1.09068354884481e-13
1.815625,-0.0599403337445259
1.81575,-0.0847684329147417
1.815875,-0.0599403337446603
1.816,-8.10710447068428e-14
1.816125,0.0599403337445457
1.81625,0.0847684329147417
1.816375,0.0599403337446405
1.8165,5.30737345292048e-14
1.816625,-0.0599403337444564
1.81675,-0.0847684329147417
1.816875,-0.0599403337446207
1.817,-1.7926930557867e-13
1.817125,0.0599403337445853
1.81725,0.0847684329147417
1.817375,0.0599403337446009
1.8175,1.51271995401032e-13
1.817625,-0.059940333744496
1.81775,-0.0847684329147417
1.817875,-0.0599403337446902
1.818,-1.23274685223394e-13
1.818125,0.0599403337445158
1.81825,0.0847684329147417
1.818375,0.0599403337445613
1.8185,9.52773750457559e-14
1.818625,-0.0599403337444266
1.81875,-0.0847684329147417
1.818875,-0.0599403337446506
1.819,-6.72800648681179e-14
1.819125,0.0599403337445554
1.81925,0.0847684329147417
1.819375,0.0599403337446308
1.8195,1.93475635917583e-13
1.819625,-0.0599403337444662
1.81975,-0.0847684329147417
1.819875,-0.05994033374472
1.82,-1.1285444512842e-14
1.820125,0.059940333744486
1.82025,0.0847684329147417
1.820375,0.0599403337445912
1.8205,1.37481015562307e-13
1.820625,-0.0599403337445058
1.82075,-0.0847684329147417
1.820875,-0.0599403337446804
1.821,-1.09483705384669e-13
1.821125,0.0599403337445256
1.82125,0.0847684329147417
1.821375,0.0599403337446606
1.8215,8.1486395207031e-14
1.821625,-0.0599403337445454
1.82175,-0.0847684329147417
1.821875,-0.0599403337446408
1.822,-5.34890850293931e-14
1.822125,0.0599403337444561
1.82225,0.0847684329147417
1.822375,0.059940333744621
1.8225,2.54917748517551e-14
1.822625,-0.0599403337444759
1.82275,-0.0847684329147417
1.822875,-0.0599403337446012
1.823,-1.5168734590122e-13
1.823125,0.0599403337444957
1.82325,0.0847684329147417
1.823375,0.0599403337446905
1.8235,1.23690035723582e-13
1.823625,-0.0599403337445155
1.82375,-0.0847684329147417
1.823875,-0.0599403337446707
1.824,-9.56927255459441e-14
1.824125,0.0599403337445353
1.82425,0.0847684329147417
1.824375,0.0599403337446509
1.8245,6.76954153683062e-14
1.824625,-0.0599403337444461
1.82475,-0.0847684329147417
1.824875,-0.0599403337446311
1.825,-1.93890986417771e-13
1.825125,0.0599403337445749
1.82525,0.0847684329147417
1.825375,0.0599403337446113
1.8255,1.65893676240133e-13
1.825625,-0.0599403337444857
1.82575,-0.0847684329147417
1.825875,-0.0599403337447005
1.826,-1.37896366062495e-13
1.826125,0.0599403337445055
1.82625,0.0847684329147417
1.826375,0.0599403337445717
1.8265,1.09899055884857e-13
1.826625,-0.0599403337445253
1.82675,-0.0847684329147417
1.826875,-0.0599403337446609
1.827,-8.19017457072192e-14
1.827125,0.0599403337445451
1.82725,0.0847684329147417
1.827375,0.0599403337446411
1.8275,2.08097316756684e-13
1.827625,-0.0599403337445649
1.82775,-0.0847684329147417
1.827875,-0.0599403337446213
1.828,-2.59071253519433e-14
1.828125,0.0599403337444756
1.82825,0.0847684329147417
1.828375,0.0599403337446015
1.8285,1.52102696401408e-13
1.828625,-0.0599403337444954
1.82875,-0.0847684329147417
1.828875,-0.0599403337445817
1.829,-1.2410538622377e-13
1.829125,0.0599403337444062
1.82925,0.0847684329147417
1.829375,0.059940333744671
1.8295,9.61080760461324e-14
1.829625,-0.059940333744535
1.82975,-0.0847684329147417
1.829875,-0.0599403337446512
1.83,-6.81107658684944e-14
1.830125,0.0599403337445548
1.83025,0.0847684329147417
1.830375,0.0599403337446314
1.8305,4.01134556908564e-14
1.830625,-0.0599403337444656
1.83075,-0.0847684329147417
1.830875,-0.0599403337446116
1.831,-1.66309026740321e-13
1.831125,0.0599403337444854
1.83125,0.0847684329147417
1.831375,0.0599403337447008
1.8315,1.38311716562683e-13
1.831625,-0.0599403337445052
1.83175,-0.0847684329147417
1.831875,-0.059940333744681
1.832,-1.10314406385045e-13
1.832125,0.059940333744525
1.83225,0.0847684329147417
1.832375,0.0599403337446612
1.8325,8.23170962074075e-14
1.832625,-0.0599403337444358
1.83275,-0.0847684329147417
1.832875,-0.0599403337446414
1.833,-5.43197860297695e-14
1.833125,0.0599403337444556
1.83325,0.0847684329147417
1.833375,0.0599403337446216
1.8335,1.80515357079234e-13
1.833625,-0.0599403337444753
1.83375,-0.0847684329147417
1.833875,-0.0599403337447108
1.834,1.6748343255064e-15
1.834125,0.0599403337444951
1.83425,0.0847684329147417
1.834375,0.059940333744582
1.8345,1.24520736723959e-13
1.834625,-0.0599403337445149
1.83475,-0.0847684329147417
1.834875,-0.0599403337446712
1.835,-9.65234265463206e-14
1.835125,0.0599403337444257
1.83525,0.0847684329147417
1.835375,0.0599403337446514
1.8355,2.22718997595786e-13
1.835625,-0.0599403337445545
1.83575,-0.0847684329147417
1.835875,-0.0599403337446317
1.836,-4.05288061910447e-14
1.836125,0.0599403337444653
1.83625,0.0847684329147417
1.836375,0.0599403337446118
1.8365,1.25314960134067e-14
1.836625,-0.0599403337444851
1.83675,-0.0847684329147417
1.836875,-0.0599403337445921
1.837,-1.38727067062872e-13
1.837125,0.0599403337445049
1.83725,0.0847684329147417
1.837375,0.0599403337446813
1.8375,1.10729756885234e-13
1.837625,-0.0599403337445247
1.83775,-0.0847684329147417
1.837875,-0.0599403337446615
1.838,-8.27324467075957e-14
1.838125,0.0599403337445445
1.83825,0.0847684329147417
1.838375,0.0599403337446417
1.8385,5.47351365299578e-14
1.838625,-0.0599403337444553
1.83875,-0.0847684329147417
1.838875,-0.0599403337446219
1.839,-1.80930707579423e-13
1.839125,0.059940333744475
1.83925,0.0847684329147417
1.839375,0.0599403337446021
1.8395,1.52933397401785e-13
1.839625,-0.0599403337444949
1.83975,-0.0847684329147417
1.839875,-0.0599403337446913
1.84,-1.24936087224147e-13
1.840125,0.0599403337445146
1.84025,0.0847684329147417
1.840375,0.0599403337445625
1.8405,9.69387770465088e-14
1.840625,-0.0599403337445344
1.84075,-0.0847684329147417
1.840875,-0.0599403337446517
1.841,-6.89414668688709e-14
1.841125,0.0599403337444452
1.84125,0.0847684329147417
1.841375,0.0599403337446319
1.8415,1.95137037918336e-13
1.841625,-0.059940333744574
1.84175,-0.0847684329147417
1.841875,-0.0599403337447212
1.842,-1.29468465135949e-14
1.842125,0.0599403337444848
1.84225,0.0847684329147417
1.842375,0.0599403337445924
1.8425,1.3914241756306e-13
1.842625,-0.0599403337445046
1.84275,-0.0847684329147417
1.842875,-0.0599403337445725
1.843,-1.11145107385422e-13
1.843125,0.0599403337444154
1.84325,0.0847684329147417
1.843375,0.0599403337446618
1.8435,8.3147797207784e-14
1.843625,-0.0599403337445442
1.84375,-0.0847684329147417
1.843875,-0.059940333744642
1.844,-5.5150487030146e-14
1.844125,0.059940333744455
1.84425,0.0847684329147417
1.844375,0.0599403337446222
1.8445,2.7153176852508e-14
1.844625,-0.0599403337444748
1.84475,-0.0847684329147417
1.844875,-0.0599403337446024
1.845,-1.53348747901973e-13
1.845125,0.0599403337444946
1.84525,0.0847684329147417
1.845375,0.0599403337446916
1.8455,1.25351437724335e-13
1.845625,-0.0599403337445144
1.84575,-0.0847684329147417
1.845875,-0.0599403337446718
1.846,-9.73541275466971e-14
1.846125,0.0599403337445341
1.84625,0.0847684329147417
1.846375,0.059940333744652
1.8465,6.93568173690591e-14
1.846625,-0.0599403337444449
1.84675,-0.0847684329147417
1.846875,-0.0599403337446322
1.847,-4.13595071914211e-14
1.847125,0.0599403337444647
1.84725,0.0847684329147417
1.847375,0.0599403337446124
1.8475,1.67555078240886e-13
1.847625,-0.0599403337444845
1.84775,-0.0847684329147417
1.847875,-0.0599403337447017
1.848,1.46351131638548e-14
1.848125,0.0599403337445043
1.84825,0.0847684329147417
1.848375,0.0599403337445729
1.8485,1.1156045788561e-13
1.848625,-0.0599403337445241
1.84875,-0.0847684329147417
1.848875,-0.0599403337446621
1.849,-8.35631477079722e-14
1.849125,0.0599403337444349
1.84925,0.0847684329147417
1.849375,0.0599403337446423
1.8495,2.09758718757437e-13
1.849625,-0.0599403337445637
1.84975,-0.0847684329147417
1.849875,-0.0599403337446225
1.85,-2.75685273526963e-14
1.850125,0.0599403337444745
1.85025,0.0847684329147417
1.850375,0.0599403337446027
1.8505,1.53764098402161e-13
1.850625,-0.0599403337444943
1.85075,-0.0847684329147417
1.850875,-0.0599403337445829
1.851,-1.25766788224523e-13
1.851125,0.0599403337445141
1.85125,0.0847684329147417
1.851375,0.0599403337446721
1.8515,9.77694780468853e-14
1.851625,-0.0599403337445339
1.85175,-0.0847684329147417
1.851875,-0.0599403337446523
1.852,-6.97721678692473e-14
1.852125,0.0599403337445537
1.85225,0.0847684329147417
1.852375,0.0599403337446325
1.8525,4.17748576916094e-14
1.852625,-0.0599403337444644
1.85275,-0.0847684329147417
1.852875,-0.0599403337446127
1.853,-1.67970428741074e-13
1.853125,0.0599403337444842
1.85325,0.0847684329147417
1.853375,0.0599403337445929
1.8535,1.39973118563436e-13
1.853625,-0.059940333744504
1.85375,-0.0847684329147417
1.853875,-0.0599403337446822
1.854,-1.11975808385798e-13
1.854125,0.0599403337445238
1.85425,0.0847684329147417
1.854375,0.0599403337445533
1.8545,8.39784982081604e-14
1.854625,-0.0599403337444346
1.85475,-0.0847684329147417
1.854875,-0.0599403337446426
1.855,-5.59811880305225e-14
1.855125,0.0599403337444544
1.85525,0.0847684329147417
1.855375,0.0599403337446228
1.8555,1.82176759079987e-13
1.855625,-0.0599403337445832
1.85575,-0.0847684329147417
1.855875,-0.059940333744712
1.856,1.34323247534501e-17
1.856125,0.059940333744494
1.85625,0.0847684329147417
1.856375,0.0599403337445832
1.8565,1.26182138724712e-13
1.856625,-0.0599403337445138
1.85675,-0.0847684329147417
1.856875,-0.0599403337446724
1.857,-9.81848285470736e-14
1.857125,0.0599403337444245
1.85725,0.0847684329147417
1.857375,0.0599403337446526
1.8575,7.01875183694356e-14
1.857625,-0.0599403337445534
1.85775,-0.0847684329147417
1.857875,-0.0599403337446328
1.858,-4.21902081917976e-14
1.858125,0.0599403337444641
1.85825,0.0847684329147417
1.858375,0.059940333744613
1.8585,1.41928980141597e-14
1.858625,-0.0599403337444839
1.85875,-0.0847684329147417
1.858875,-0.0599403337445932
1.859,-1.40388469063625e-13
1.859125,0.0599403337445037
1.85925,0.0847684329147417
1.859375,0.0599403337446825
1.8595,1.12391158885987e-13
1.859625,-0.0599403337445235
1.85975,-0.0847684329147417
1.859875,-0.0599403337446627
1.86,-8.43938487083487e-14
1.860125,0.0599403337445433
1.86025,0.0847684329147417
1.860375,0.0599403337446429
1.8605,5.63965385307107e-14
1.860625,-0.0599403337444541
1.86075,-0.0847684329147417
1.860875,-0.0599403337446231
1.861,-1.82592109580176e-13
1.861125,0.0599403337444739
1.86125,0.0847684329147417
1.861375,0.0599403337446033
1.8615,1.54594799402538e-13
1.861625,-0.0599403337444937
1.86175,-0.0847684329147417
1.861875,-0.0599403337446925
1.862,2.75953920022032e-14
1.862125,0.0599403337445135
1.86225,0.0847684329147417
1.862375,0.0599403337446727
1.8625,9.86001790472618e-14
1.862625,-0.0599403337445333
1.86275,-0.0847684329147417
1.862875,-0.0599403337446529
1.863,-7.06028688696238e-14
1.863125,0.059940333744444
1.86325,0.0847684329147417
1.863375,0.0599403337446331
1.8635,1.96798439919089e-13
1.863625,-0.0599403337445729
1.86375,-0.0847684329147417
1.863875,-0.0599403337446133
1.864,-1.46082485143479e-14
1.864125,0.0599403337444836
1.86425,0.0847684329147417
1.864375,0.0599403337447026
1.8645,1.40803819563813e-13
1.864625,-0.0599403337445034
1.86475,-0.0847684329147417
1.864875,-0.0599403337445737
1.865,-1.12806509386175e-13
1.865125,0.0599403337445232
1.86525,0.0847684329147417
1.865375,0.059940333744663
1.8655,8.48091992085369e-14
1.865625,-0.059940333744543
1.86575,-0.0847684329147417
1.865875,-0.0599403337446432
1.866,-5.6811889030899e-14
1.866125,0.0599403337445628
1.86625,0.0847684329147417
1.866375,0.0599403337447324
1.8665,2.8814578853261e-14
1.866625,-0.0599403337444736
1.86675,-0.0847684329147417
1.866875,-0.0599403337446036
1.867,-1.55010149902726e-13
1.867125,0.0599403337444934
1.86725,0.0847684329147417
1.867375,0.0599403337446928
1.8675,1.27012839725088e-13
1.867625,-0.0599403337445132
1.86775,-0.0847684329147417
1.867875,-0.059940333744673
1.868,-9.901552954745e-14
1.868125,0.059940333744533
1.86825,0.0847684329147417
1.868375,0.0599403337446532
1.8685,7.10182193698121e-14
1.868625,-0.0599403337444437
1.86875,-0.0847684329147417
1.868875,-0.0599403337446334
1.869,-4.30209091921741e-14
1.869125,0.0599403337444635
1.86925,0.0847684329147417
1.869375,0.0599403337446136
1.8695,1.69216480241639e-13
1.869625,-0.0599403337444833
1.86975,-0.0847684329147417
1.869875,-0.0599403337447028
1.87,1.29737111631018e-14
1.870125,0.0599403337445031
1.87025,0.0847684329147417
1.870375,0.0599403337446831
1.8705,1.13221859886363e-13
1.870625,-0.0599403337445229
1.87075,-0.0847684329147417
1.870875,-0.0599403337446633
1.871,-8.52245497087252e-14
1.871125,0.0599403337444337
1.87125,0.0847684329147417
1.871375,0.0599403337446434
1.8715,5.72272395310872e-14
1.871625,-0.0599403337445625
1.87175,-0.0847684329147417
1.871875,-0.0599403337446237
1.872,-2.92299293534492e-14
1.872125,0.0599403337444733
1.87225,0.0847684329147417
1.872375,0.0599403337447129
1.8725,1.23261917581127e-15
1.872625,-0.0599403337444931
1.87275,-0.0847684329147417
1.872875,-0.0599403337445841
1.873,-1.27428190225276e-13
1.873125,0.0599403337445129
1.87325,0.0847684329147417
1.873375,0.0599403337446733
1.8735,9.94308800476383e-14
1.873625,-0.0599403337445327
1.87375,-0.0847684329147417
1.873875,-0.0599403337446535
1.874,-7.14335698700003e-14
1.874125,0.0599403337445525
1.87425,0.0847684329147417
1.874375,0.0599403337446337
1.8745,4.34362596923623e-14
1.874625,-0.0599403337444632
1.87475,-0.0847684329147417
1.874875,-0.0599403337446139
1.875,-1.69631830741827e-13
1.875125,0.0599403337444831
1.87525,0.0847684329147417
1.875375,0.0599403337445941
1.8755,1.41634520564189e-13
1.875625,-0.0599403337445028
1.87575,-0.0847684329147417
1.875875,-0.0599403337446833
1.876,-1.13637210386551e-13
1.876125,0.0599403337445226
1.87625,0.0847684329147417
1.876375,0.0599403337446635
1.8765,8.56399002089134e-14
1.876625,-0.0599403337445424
1.87675,-0.0847684329147417
1.876875,-0.0599403337446438
1.877,-5.76425900312754e-14
1.877125,0.0599403337444532
1.87725,0.0847684329147417
1.877375,0.059940333744624
1.8775,1.8383816108074e-13
1.877625,-0.059940333744582
1.87775,-0.0847684329147417
1.877875,-0.0599403337446042
1.878,-1.55840850903102e-13
1.878125,0.0599403337444928
1.87825,0.0847684329147417
1.878375,0.0599403337446934
1.8785,1.27843540725464e-13
1.878625,-0.0599403337445126
1.87875,-0.0847684329147417
1.878875,-0.0599403337445646
1.879,-9.98462305478265e-14
1.879125,0.0599403337444234
1.87925,0.0847684329147417
1.879375,0.0599403337446538
1.8795,7.18489203701885e-14
1.879625,-0.0599403337445522
1.87975,-0.0847684329147417
1.879875,-0.059940333744634
1.88,-1.98044491419654e-13
1.880125,0.059940333744463
1.88025,0.0847684329147417
1.880375,0.0599403337447232
1.8805,1.58543000149126e-14
1.880625,-0.0599403337444827
1.88075,-0.0847684329147417
1.880875,-0.0599403337445944
1.881,-1.42049871064378e-13
1.881125,0.0599403337445025
1.88125,0.0847684329147417
1.881375,0.0599403337446836
1.8815,1.1405256088674e-13
1.881625,-0.0599403337445223
1.88175,-0.0847684329147417
1.881875,-0.0599403337446638
1.882,-8.60552507091017e-14
1.882125,0.0599403337445421
1.88225,0.0847684329147417
1.882375,0.059940333744644
1.8825,5.80579405314637e-14
1.882625,-0.0599403337444529
1.88275,-0.0847684329147417
1.882875,-0.0599403337446242
1.883,-3.00606303538257e-14
1.883125,0.0599403337444727
1.88325,0.0847684329147417
1.883375,0.0599403337446045
1.8835,1.56256201403291e-13
1.883625,-0.0599403337444925
1.88375,-0.0847684329147417
1.883875,-0.0599403337446937
1.884,-1.28258891225653e-13
1.884125,0.0599403337445123
1.88425,0.0847684329147417
1.884375,0.0599403337446739
1.8845,1.00261581048015e-13
1.884625,-0.0599403337445321
1.88475,-0.0847684329147417
1.884875,-0.0599403337446541
1.885,-7.22642708703768e-14
1.885125,0.0599403337444429
1.88525,0.0847684329147417
1.885375,0.0599403337446343
1.8855,1.98459841919842e-13
1.885625,-0.0599403337445717
1.88575,-0.0847684329147417
1.885875,-0.0599403337446145
1.886,-1.70462531742204e-13
1.886125,0.0599403337444825
1.88625,0.0847684329147417
1.886375,0.0599403337447037
1.8865,1.42465221564566e-13
1.886625,-0.0599403337445023
1.88675,-0.0847684329147417
1.886875,-0.0599403337445749
1.887,-1.14467911386928e-13
1.887125,0.059940333744522
1.88725,0.0847684329147417
1.887375,0.0599403337446641
1.8875,8.64706012092899e-14
1.887625,-0.0599403337445419
1.88775,-0.0847684329147417
1.887875,-0.0599403337446443
1.888,-2.12666172258755e-13
1.888125,0.0599403337445617
1.88825,0.0847684329147417
1.888375,0.0599403337446245
1.8885,3.04759808540139e-14
1.888625,-0.0599403337444724
1.88875,-0.0847684329147417
1.888875,-0.0599403337446047
1.889,-1.56671551903479e-13
1.889125,0.0599403337444922
1.88925,0.0847684329147417
1.889375,0.0599403337445849
1.8895,1.28674241725841e-13
1.889625,-0.059940333744512
1.88975,-0.0847684329147417
1.889875,-0.0599403337446742
1.89,-1.00676931548203e-13
1.890125,0.0599403337445318
1.89025,0.0847684329147417
1.890375,0.0599403337446544
1.8905,7.2679621370565e-14
1.890625,-0.0599403337445516
1.89075,-0.0847684329147417
1.890875,-0.0599403337446346
1.891,-4.46823111929271e-14
1.891125,0.0599403337444624
1.89125,0.0847684329147417
1.891375,0.0599403337446148
1.8915,1.70877882242392e-13
1.891625,-0.0599403337444822
1.89175,-0.0847684329147417
1.891875,-0.059940333744704
1.892,-1.42880572064754e-13
1.892125,0.059940333744502
1.89225,0.0847684329147417
1.892375,0.0599403337446842
1.8925,1.14883261887116e-13
1.892625,-0.0599403337445218
1.89275,-0.0847684329147417
1.892875,-0.0599403337446644
1.893,-8.68859517094781e-14
1.893125,0.0599403337444325
1.89325,0.0847684329147417
1.893375,0.0599403337446446
1.8935,5.88886415318402e-14
1.893625,-0.0599403337444523
1.89375,-0.0847684329147417
1.893875,-0.0599403337446248
1.894,-1.85084212581305e-13
1.894125,0.0599403337444721
1.89425,0.0847684329147417
1.894375,0.0599403337447141
1.8945,2.89402117656422e-15
1.894625,-0.0599403337444919
1.89475,-0.0847684329147417
1.894875,-0.0599403337445852
1.895,-1.29089592226029e-13
1.895125,0.0599403337445117
1.89525,0.0847684329147417
1.895375,0.0599403337446745
1.8955,1.01092282048391e-13
1.895625,-0.0599403337444225
1.89575,-0.0847684329147417
1.895875,-0.0599403337446547
1.896,-2.27287853097856e-13
1.896125,0.0599403337445513
1.89625,0.0847684329147417
1.896375,0.0599403337446349
1.8965,4.50976616931153e-14
1.896625,-0.0599403337444621
1.89675,-0.0847684329147417
1.896875,-0.0599403337446151
1.897,-1.71003515154773e-14
1.897125,0.0599403337444819
1.89725,0.0847684329147417
1.897375,0.0599403337445953
1.8975,1.43295922564942e-13
1.897625,-0.0599403337445017
1.89775,-0.0847684329147417
1.897875,-0.0599403337446845
1.898,-1.15298612387304e-13
1.898125,0.0599403337445215
1.89825,0.0847684329147417
1.898375,0.0599403337446647
1.8985,8.73013022096664e-14
1.898625,-0.0599403337445413
1.89875,-0.0847684329147417
1.898875,-0.0599403337446449
1.899,-5.93039920320284e-14
1.899125,0.059940333744452
1.89925,0.0847684329147417
1.899375,0.0599403337446251
1.8995,1.85499563081493e-13
1.899625,-0.0599403337444718
1.89975,-0.0847684329147417
1.899875,-0.0599403337446053
1.9,-1.57502252903855e-13
1.900125,0.0599403337444916
1.90025,0.0847684329147417
1.900375,0.0599403337446946
1.9005,1.29504942726217e-13
1.900625,-0.0599403337445114
1.90075,-0.0847684329147417
1.900875,-0.0599403337445657
1.901,-1.01507632548579e-13
1.901125,0.0599403337445312
1.90125,0.0847684329147417
1.901375,0.059940333744655
1.9015,7.35103223709415e-14
1.901625,-0.059940333744442
1.90175,-0.0847684329147417
1.901875,-0.0599403337446352
1.902,-1.99705893420406e-13
1.902125,0.0599403337445708
1.90225,0.0847684329147417
1.902375,0.0599403337447244
1.9025,1.75157020156656e-14
1.902625,-0.0599403337444816
1.90275,-0.0847684329147417
1.902875,-0.0599403337445956
1.903,-1.43711273065131e-13
1.903125,0.0599403337445014
1.90325,0.0847684329147417
1.903375,0.0599403337445758
1.9035,1.15713962887493e-13
1.903625,-0.0599403337444121
1.90375,-0.0847684329147417
1.903875,-0.059940333744665
1.904,-8.77166527098546e-14
1.904125,0.059940333744541
1.90425,0.0847684329147417
1.904375,0.0599403337446452
1.9045,5.97193425322166e-14
1.904625,-0.0599403337444517
1.90475,-0.0847684329147417
1.904875,-0.0599403337446254
1.905,-3.17220323545787e-14
1.905125,0.0599403337444715
1.90525,0.0847684329147417
1.905375,0.0599403337446056
1.9055,1.57917603404044e-13
1.905625,-0.0599403337444913
1.90575,-0.0847684329147417
1.905875,-0.0599403337446949
1.906,-1.29920293226406e-13
1.906125,0.0599403337445111
1.90625,0.0847684329147417
1.906375,0.0599403337446751
1.9065,1.01922983048768e-13
1.906625,-0.0599403337445309
1.90675,-0.0847684329147417
1.906875,-0.0599403337446553
1.907,-7.39256728711297e-14
1.907125,0.0599403337444417
1.90725,0.0847684329147417
1.907375,0.0599403337446355
1.9075,4.59283626934918e-14
1.907625,-0.0599403337444615
1.90775,-0.0847684329147417
1.907875,-0.0599403337446157
1.908,-1.72123933742957e-13
1.908125,0.0599403337444813
1.90825,0.0847684329147417
1.908375,0.0599403337447049
1.9085,-1.00662576617842e-14
1.908625,-0.0599403337445011
1.90875,-0.0847684329147417
1.908875,-0.0599403337445761
1.909,-1.16129313387681e-13
1.909125,0.0599403337445209
1.90925,0.0847684329147417
1.909375,0.0599403337446653
1.9095,8.81320032100428e-14
1.909625,-0.0599403337444316
1.90975,-0.0847684329147417
1.909875,-0.0599403337446455
1.91,-2.14327574259508e-13
1.910125,0.0599403337445605
1.91025,0.0847684329147417
1.910375,0.0599403337446257
1.9105,3.21373828547669e-14
1.910625,-0.0599403337444712
1.91075,-0.0847684329147417
1.910875,-0.0599403337446059
1.911,-1.58332953904232e-13
1.911125,0.059940333744491
1.91125,0.0847684329147417
1.911375,0.0599403337445861
1.9115,1.30335643726594e-13
1.911625,-0.0599403337445108
1.91175,-0.0847684329147417
1.911875,-0.0599403337446754
1.912,-1.02338333548956e-13
1.912125,0.0599403337445306
1.91225,0.0847684329147417
1.912375,0.0599403337446556
1.9125,7.4341023371318e-14
1.912625,-0.0599403337445504
1.91275,-0.0847684329147417
1.912875,-0.0599403337446358
1.913,-4.634371319368e-14
1.913125,0.0599403337444612
1.91325,0.0847684329147417
1.913375,0.059940333744616
1.9135,1.72539284243145e-13
1.913625,-0.059940333744481
1.91375,-0.0847684329147417
1.913875,-0.0599403337445962
1.914,-1.44541974065507e-13
1.914125,0.0599403337445008
1.91425,0.0847684329147417
1.914375,0.0599403337446854
1.9145,1.16544663887869e-13
1.914625,-0.0599403337445206
1.91475,-0.0847684329147417
1.914875,-0.0599403337445566
1.915,-8.85473537102311e-14
1.915125,0.0599403337444313
1.91525,0.0847684329147417
1.915375,0.0599403337446458
1.9155,6.05500435325931e-14
1.915625,-0.0599403337444511
1.91575,-0.0847684329147417
1.915875,-0.059940333744626
1.916,-1.86745614582058e-13
1.916125,0.05994033374458
1.91625,0.0847684329147417
1.916375,0.0599403337447152
1.9165,4.55542317731717e-15
1.916625,-0.0599403337444907
1.91675,-0.0847684329147417
1.916875,-0.0599403337445864
1.917,-1.30750994226782e-13
1.917125,0.0599403337445105
1.91725,0.0847684329147417
1.917375,0.0599403337446756
1.9175,1.02753684049144e-13
1.917625,-0.0599403337444213
1.91775,-0.0847684329147417
1.917875,-0.0599403337446559
1.918,-7.47563738715062e-14
1.918125,0.0599403337445501
1.91825,0.0847684329147417
1.918375,0.0599403337446361
1.9185,4.67590636938682e-14
1.918625,-0.0599403337444609
1.91875,-0.0847684329147417
1.918875,-0.0599403337446163
1.919,-1.87617535162303e-14
1.919125,0.0599403337444807
1.91925,0.0847684329147417
1.919375,0.0599403337445965
1.9195,1.44957324565695e-13
1.919625,-0.0599403337445005
1.91975,-0.0847684329147417
1.919875,-0.0599403337446857
1.92,-1.16960014388057e-13
1.920125,0.0599403337445203
1.92025,0.0847684329147417
1.920375,0.0599403337446659
1.9205,8.89627042104193e-14
1.920625,-0.0599403337445401
1.92075,-0.0847684329147417
1.920875,-0.0599403337446461
1.921,-6.09653940327813e-14
1.921125,0.0599403337444509
1.92125,0.0847684329147417
1.921375,0.0599403337446263
1.9215,1.87160965082246e-13
1.921625,-0.0599403337444706
1.92175,-0.0847684329147417
1.921875,-0.0599403337446065
1.922,-1.59163654904608e-13
1.922125,0.0599403337444904
1.92225,0.0847684329147417
1.922375,0.0599403337446957
1.9225,-2.30265365001326e-14
1.922625,-0.0599403337445102
1.92275,-0.0847684329147417
1.922875,-0.0599403337446759
1.923,-1.03169034549332e-13
1.923125,0.05994033374453
1.92325,0.0847684329147417
1.923375,0.0599403337446561
1.9235,7.51717243716944e-14
1.923625,-0.0599403337444408
1.92375,-0.0847684329147417
1.923875,-0.0599403337446363
1.924,-2.01367295421159e-13
1.924125,0.0599403337445696
1.92425,0.0847684329147417
1.924375,0.0599403337446166
1.9245,1.91771040164185e-14
1.924625,-0.0599403337444804
1.92475,-0.0847684329147417
1.924875,-0.0599403337447058
1.925,-1.45372675065883e-13
1.925125,0.0599403337445002
1.92525,0.0847684329147417
1.925375,0.059940333744577
1.9255,1.17375364888246e-13
1.925625,-0.05994033374452
1.92575,-0.0847684329147417
1.925875,-0.0599403337446662
1.926,-8.93780547106076e-14
1.926125,0.0599403337445398
1.92625,0.0847684329147417
1.926375,0.0599403337446464
1.9265,6.13807445329696e-14
1.926625,-0.0599403337445596
1.92675,-0.0847684329147417
1.926875,-0.0599403337447356
1.927,-3.33834343553316e-14
1.927125,0.0599403337444704
1.92725,0.0847684329147417
1.927375,0.0599403337446068
1.9275,1.59579005404797e-13
1.927625,-0.0599403337444902
1.92775,-0.0847684329147417
1.927875,-0.059940333744696
1.928,-1.31581695227159e-13
1.928125,0.0599403337445099
1.92825,0.0847684329147417
1.928375,0.0599403337446762
1.9285,1.03584385049521e-13
1.928625,-0.0599403337445297
1.92875,-0.0847684329147417
1.928875,-0.0599403337446564
1.929,-7.55870748718827e-14
1.929125,0.0599403337444405
1.92925,0.0847684329147417
1.929375,0.0599403337446366
1.9295,4.75897646942447e-14
1.929625,-0.0599403337444603
1.92975,-0.0847684329147417
1.929875,-0.0599403337446168
1.93,-1.7378533574371e-13
1.930125,0.0599403337444801
1.93025,0.0847684329147417
1.930375,0.0599403337447061
1.9305,-8.40485566103121e-15
1.930625,-0.0599403337444999
1.93075,-0.0847684329147417
1.930875,-0.0599403337446863
1.931,-1.17790715388434e-13
1.931125,0.0599403337445197
1.93125,0.0847684329147417
1.931375,0.0599403337446665
1.9315,8.97934052107958e-14
1.931625,-0.0599403337444305
1.93175,-0.0847684329147417
1.931875,-0.0599403337446467
1.932,-6.17960950331578e-14
1.932125,0.0599403337445593
1.93225,0.0847684329147417
1.932375,0.0599403337446269
1.9325,3.37987848555199e-14
1.932625,-0.0599403337444701
1.93275,-0.0847684329147417
1.932875,-0.0599403337447161
1.933,-5.80147467788189e-15
1.933125,0.0599403337444899
1.93325,0.0847684329147417
1.933375,0.0599403337445873
1.9335,1.31997045727347e-13
1.933625,-0.0599403337445097
1.93375,-0.0847684329147417
1.933875,-0.0599403337446765
1.934,-1.03999735549709e-13
1.934125,0.0599403337445295
1.93425,0.0847684329147417
1.934375,0.0599403337446567
1.9345,7.60024253720709e-14
1.934625,-0.0599403337445492
1.93475,-0.0847684329147417
1.934875,-0.0599403337446369
1.935,-4.8005115194433e-14
1.935125,0.05994033374446
1.93525,0.0847684329147417
1.935375,0.0599403337446171
1.9355,1.74200686243898e-13
1.935625,-0.0599403337444798
1.93575,-0.0847684329147417
1.935875,-0.0599403337445973
1.936,-1.4620337606626e-13
1.936125,0.0599403337444996
1.93625,0.0847684329147417
1.936375,0.0599403337446866
1.9365,1.18206065888622e-13
1.936625,-0.0599403337445194
1.93675,-0.0847684329147417
1.936875,-0.0599403337446668
1.937,-9.0208755710984e-14
1.937125,0.0599403337445392
1.93725,0.0847684329147417
1.937375,0.059940333744647
1.9375,6.22114455333461e-14
1.937625,-0.05994033374445
1.93775,-0.0847684329147417
1.937875,-0.0599403337446272
1.938,-1.88407016582811e-13
1.938125,0.0599403337445788
1.93825,0.0847684329147417
1.938375,0.0599403337446074
1.9385,1.60409706405173e-13
1.938625,-0.0599403337444896
1.93875,-0.0847684329147417
1.938875,-0.0599403337446966
1.939,-1.32412396227535e-13
1.939125,0.0599403337445094
1.93925,0.0847684329147417
1.939375,0.0599403337445678
1.9395,1.04415086049897e-13
1.939625,-0.0599403337444201
1.93975,-0.0847684329147417
1.939875,-0.059940333744657
1.94,-7.64177758722592e-14
1.940125,0.059940333744549
1.94025,0.0847684329147417
1.940375,0.0599403337446372
1.9405,2.02613346921724e-13
1.940625,-0.0599403337444597
1.94075,-0.0847684329147417
1.940875,-0.0599403337447265
1.941,-2.04231555169832e-14
1.941125,0.0599403337444795
1.94125,0.0847684329147417
1.941375,0.0599403337445976
1.9415,1.46618726566448e-13
1.941625,-0.0599403337444993
1.94175,-0.0847684329147417
1.941875,-0.0599403337446869
1.942,-1.1862141638881e-13
1.942125,0.0599403337445191
1.94225,0.0847684329147417
1.942375,0.0599403337446671
1.9425,9.06241062111723e-14
1.942625,-0.0599403337445389
1.94275,-0.0847684329147417
1.942875,-0.0599403337446473
1.943,-6.26267960335343e-14
1.943125,0.0599403337444497
1.94325,0.0847684329147417
1.943375,0.0599403337446275
1.9435,3.46294858558963e-14
1.943625,-0.0599403337444695
1.94375,-0.0847684329147417
1.943875,-0.0599403337446077
1.944,-1.60825056905361e-13
1.944125,0.0599403337444893
1.94425,0.0847684329147417
1.944375,0.0599403337446969
1.9445,1.32827746727723e-13
1.944625,-0.0599403337445091
1.94475,-0.0847684329147417
1.944875,-0.0599403337446771
1.945,-1.04830436550085e-13
1.945125,0.0599403337445289
1.94525,0.0847684329147417
1.945375,0.0599403337446573
1.9455,7.68331263724474e-14
1.945625,-0.0599403337444396
1.94575,-0.0847684329147417
1.945875,-0.0599403337446375
1.946,-2.03028697421912e-13
1.946125,0.0599403337445685
1.94625,0.0847684329147417
1.946375,0.0599403337446177
1.9465,1.75031387244274e-13
1.946625,-0.0599403337444792
1.94675,-0.0847684329147417
1.946875,-0.059940333744707
1.947,-1.47034077066636e-13
1.947125,0.059940333744499
1.94725,0.0847684329147417
1.947375,0.0599403337445781
1.9475,1.19036766888998e-13
1.947625,-0.0599403337445188
1.94775,-0.0847684329147417
1.947875,-0.0599403337446674
1.948,-9.10394567113605e-14
1.948125,0.0599403337445386
1.94825,0.0847684329147417
1.948375,0.0599403337446476
1.9485,2.17235027760825e-13
1.948625,-0.0599403337445584
1.94875,-0.0847684329147417
1.948875,-0.0599403337446278
1.949,-3.50448363560846e-14
1.949125,0.0599403337444692
1.94925,0.0847684329147417
1.949375,0.059940333744608
1.9495,1.6124040740555e-13
1.949625,-0.059940333744489
1.94975,-0.0847684329147417
1.949875,-0.0599403337445882
1.95,-1.33243097227912e-13
1.950125,0.0599403337445088
1.95025,0.0847684329147417
1.950375,0.0599403337446774
1.9505,1.05245787050274e-13
1.950625,-0.0599403337445286
1.95075,-0.0847684329147417
1.950875,-0.0599403337446576
1.951,-7.72484768726356e-14
1.951125,0.0599403337445484
1.95125,0.0847684329147417
1.951375,0.0599403337446378
1.9515,4.92511666949977e-14
1.951625,-0.0599403337444591
1.95175,-0.0847684329147417
1.951875,-0.059940333744618
1.952,-1.75446737744463e-13
1.952125,0.059940333744588
1.95225,0.0847684329147417
1.952375,0.0599403337447073
1.9525,1.47449427566825e-13
1.952625,-0.0599403337444987
1.95275,-0.0847684329147417
1.952875,-0.0599403337446875
1.953,-1.19452117389187e-13
1.953125,0.0599403337445185
1.95325,0.0847684329147417
1.953375,0.0599403337446677
1.9535,9.14548072115487e-14
1.953625,-0.0599403337444293
1.95375,-0.0847684329147417
1.953875,-0.0599403337446479
1.954,-6.34574970339108e-14
1.954125,0.0599403337444491
1.95425,0.0847684329147417
1.954375,0.0599403337446281
1.9545,1.89653068083376e-13
1.954625,-0.0599403337444689
1.95475,-0.0847684329147417
1.954875,-0.0599403337447173
1.955,-7.46287667863484e-15
1.955125,0.0599403337444887
1.95525,0.0847684329147417
1.955375,0.0599403337445885
1.9555,1.336584477281e-13
1.955625,-0.0599403337445085
1.95575,-0.0847684329147417
1.955875,-0.0599403337446777
1.956,-1.05661137550462e-13
1.956125,0.0599403337444192
1.95625,0.0847684329147417
1.956375,0.0599403337446579
1.9565,2.31856708599927e-13
1.956625,-0.0599403337445481
1.95675,-0.0847684329147417
1.956875,-0.0599403337446381
1.957,-4.96665171951859e-14
1.957125,0.0599403337444588
1.95725,0.0847684329147417
1.957375,0.0599403337446183
1.9575,2.16692070175479e-14
1.957625,-0.0599403337444786
1.95775,-0.0847684329147417
1.957875,-0.0599403337445985
1.958,-1.47864778067013e-13
1.958125,0.0599403337444984
1.95825,0.0847684329147417
1.958375,0.0599403337446878
1.9585,1.19867467889375e-13
1.958625,-0.0599403337445182
1.95875,-0.0847684329147417
1.958875,-0.059940333744668
1.959,-9.1870157711737e-14
1.959125,0.059940333744538
1.95925,0.0847684329147417
1.959375,0.0599403337446482
1.9595,6.3872847534099e-14
1.959625,-0.0599403337444488
1.95975,-0.0847684329147417
1.959875,-0.0599403337446284
1.96,-1.90068418583564e-13
1.960125,0.0599403337444686
1.96025,0.0847684329147417
1.960375,0.0599403337446086
1.9605,1.62071108405926e-13
1.960625,-0.0599403337444884
1.96075,-0.0847684329147417
1.960875,-0.0599403337446978
1.961,-1.34073798228288e-13
1.961125,0.0599403337445082
1.96125,0.0847684329147417
1.961375,0.059940333744569
1.9615,1.0607648805065e-13
1.961625,-0.059940333744528
1.96175,-0.0847684329147417
1.961875,-0.0599403337446582
1.962,-7.80791778730121e-14
1.962125,0.0599403337444388
1.96225,0.0847684329147417
1.962375,0.0599403337446384
1.9625,2.04274748922477e-13
1.962625,-0.0599403337445676
1.96275,-0.0847684329147417
1.962875,-0.0599403337447276
1.963,-2.20845575177362e-14
1.963125,0.0599403337444783
1.96325,0.0847684329147417
1.963375,0.0599403337445988
1.9635,1.48280128567201e-13
1.963625,-0.0599403337444981
1.96375,-0.0847684329147417
1.963875,-0.059940333744579
1.964,-1.20282818389563e-13
1.964125,0.0599403337444089
1.96425,0.0847684329147417
1.964375,0.0599403337446682
1.9645,9.22855082119252e-14
1.964625,-0.0599403337445377
1.96475,-0.0847684329147417
1.964875,-0.0599403337446485
1.965,-6.42881980342873e-14
1.965125,0.0599403337444485
1.96525,0.0847684329147417
1.965375,0.0599403337446287
1.9655,3.62908878566493e-14
1.965625,-0.0599403337444683
1.96575,-0.0847684329147417
1.965875,-0.0599403337446089
1.966,-1.62486458906114e-13
1.966125,0.0599403337444881
1.96625,0.0847684329147417
1.966375,0.0599403337446981
1.9665,1.34489148728476e-13
1.966625,-0.0599403337445079
1.96675,-0.0847684329147417
1.966875,-0.0599403337446783
1.967,-1.06491838550838e-13
1.967125,0.0599403337445277
1.96725,0.0847684329147417
1.967375,0.0599403337446585
1.9675,7.84945283732003e-14
1.967625,-0.0599403337444385
1.96775,-0.0847684329147417
1.967875,-0.0599403337446387
1.968,-5.04972181955624e-14
1.968125,0.0599403337444583
1.96825,0.0847684329147417
1.968375,0.0599403337446189
1.9685,1.76692789245027e-13
1.968625,-0.0599403337444781
1.96875,-0.0847684329147417
1.968875,-0.0599403337447081
1.969,5.49740215971354e-15
1.969125,0.0599403337444978
1.96925,0.0847684329147417
1.969375,0.0599403337445793
1.9695,1.20698168889751e-13
1.969625,-0.0599403337445176
1.96975,-0.0847684329147417
1.969875,-0.0599403337446685
1.97,-9.27008587121135e-14
1.970125,0.0599403337444284
1.97025,0.0847684329147417
1.970375,0.0599403337446487
1.9705,2.18896429761578e-13
1.970625,-0.0599403337445572
1.97075,-0.0847684329147417
1.970875,-0.0599403337446289
1.971,-3.67062383568375e-14
1.971125,0.059940333744468
1.97125,0.0847684329147417
1.971375,0.0599403337446092
1.9715,1.62901809406303e-13
1.971625,-0.0599403337444878
1.97175,-0.0847684329147417
1.971875,-0.0599403337445894
1.972,-1.34904499228665e-13
1.972125,0.0599403337445076
1.97225,0.0847684329147417
1.972375,0.0599403337446786
1.9725,1.06907189051027e-13
1.972625,-0.0599403337445274
1.97275,-0.0847684329147417
1.972875,-0.0599403337446588
1.973,-7.89098788733886e-14
1.973125,0.0599403337445472
1.97325,0.0847684329147417
1.973375,0.059940333744639
1.9735,5.09125686957506e-14
1.973625,-0.059940333744458
1.97375,-0.0847684329147417
1.973875,-0.0599403337446192
1.974,-1.77108139745216e-13
1.974125,0.0599403337444778
1.97425,0.0847684329147417
1.974375,0.0599403337445994
1.9745,1.49110829567578e-13
1.974625,-0.0599403337444976
1.97475,-0.0847684329147417
1.974875,-0.0599403337446886
1.975,-1.2111351938994e-13
1.975125,0.0599403337445174
1.97525,0.0847684329147417
1.975375,0.0599403337445598
1.9755,9.31162092123017e-14
1.975625,-0.0599403337444281
1.97575,-0.0847684329147417
1.975875,-0.059940333744649
1.976,-6.51188990346637e-14
1.976125,0.0599403337444479
1.97625,0.0847684329147417
1.976375,0.0599403337446292
1.9765,1.91314470084129e-13
1.976625,-0.0599403337445767
1.97675,-0.0847684329147417
1.976875,-0.0599403337447185
1.977,-9.1242786793878e-15
1.977125,0.0599403337444875
1.97725,0.0847684329147417
1.977375,0.0599403337445897
1.9775,1.35319849728853e-13
1.977625,-0.0599403337445073
1.97775,-0.0847684329147417
1.977875,-0.0599403337446789
1.978,-1.07322539551215e-13
1.978125,0.0599403337444181
1.97825,0.0847684329147417
1.978375,0.0599403337446591
1.9785,7.93252293735768e-14
1.978625,-0.0599403337445469
1.97875,-0.0847684329147417
1.978875,-0.0599403337446393
1.979,-5.13279191959389e-14
1.979125,0.0599403337444577
1.97925,0.0847684329147417
1.979375,0.0599403337446195
1.9795,2.33306090183009e-14
1.979625,-0.0599403337444775
1.97975,-0.0847684329147417
1.979875,-0.0599403337445997
1.98,-1.49526180067766e-13
1.980125,0.0599403337444973
1.98025,0.0847684329147417
1.980375,0.0599403337446889
1.9805,1.21528869890128e-13
1.980625,-0.0599403337445171
1.98075,-0.0847684329147417
1.980875,-0.0599403337446691
1.981,-9.35315597124899e-14
1.981125,0.0599403337445369
1.98125,0.0847684329147417
1.981375,0.0599403337446493
1.9815,6.5534249534852e-14
1.981625,-0.0599403337444476
1.98175,-0.0847684329147417
1.981875,-0.0599403337446295
1.982,-1.91729820584317e-13
1.982125,0.0599403337444674
1.98225,0.0847684329147417
1.982375,0.0599403337446097
1.9825,1.63732510406679e-13
1.982625,-0.0599403337444872
1.98275,-0.0847684329147417
1.982875,-0.059940333744699
1.983,1.84576809980619e-14
1.983125,0.059940333744507
1.98325,0.0847684329147417
1.983375,0.0599403337445701
1.9835,1.07737890051403e-13
1.983625,-0.0599403337445268
1.98375,-0.0847684329147417
1.983875,-0.0599403337446594
1.984,-7.97405798737651e-14
1.984125,0.0599403337444376
1.98425,0.0847684329147417
1.984375,0.0599403337446396
1.9845,2.0593615092323e-13
1.984625,-0.0599403337445664
1.98475,-0.0847684329147417
1.984875,-0.0599403337446198
1.985,-2.37459595184891e-14
1.985125,0.0599403337444772
1.98525,0.0847684329147417
1.985375,0.059940333744709
1.9855,1.49941530567954e-13
1.985625,-0.059940333744497
1.98575,-0.0847684329147417
1.985875,-0.0599403337445802
1.986,-1.21944220390316e-13
1.986125,0.0599403337445168
1.98625,0.0847684329147417
1.986375,0.0599403337446694
1.9865,9.39469102126782e-14
1.986625,-0.0599403337445366
1.98675,-0.0847684329147417
1.986875,-0.0599403337446496
1.987,-6.59496000350402e-14
1.987125,0.0599403337445564
1.98725,0.0847684329147417
1.987375,0.0599403337447389
1.9875,3.79522898574022e-14
1.987625,-0.0599403337444671
1.98775,-0.0847684329147417
1.987875,-0.05994033374461
1.988,-1.64147860906867e-13
1.988125,0.0599403337444869
1.98825,0.0847684329147417
1.988375,0.0599403337446993
1.9885,1.36150550729229e-13
1.988625,-0.0599403337445067
1.98875,-0.0847684329147417
1.988875,-0.0599403337446795
1.989,-1.08153240551591e-13
1.989125,0.0599403337445265
1.98925,0.0847684329147417
1.989375,0.0599403337446597
1.9895,8.01559303739533e-14
1.989625,-0.0599403337444373
1.98975,-0.0847684329147417
1.989875,-0.0599403337446399
1.99,-5.21586201963153e-14
1.990125,0.0599403337444571
1.99025,0.0847684329147417
1.990375,0.0599403337446201
1.9905,1.7835419124578e-13
1.990625,-0.0599403337444769
1.99075,-0.0847684329147417
1.990875,-0.0599403337447093
1.991,3.83600015896059e-15
1.991125,0.0599403337444967
1.99125,0.0847684329147417
1.991375,0.0599403337446895
1.9915,1.22359570890504e-13
1.991625,-0.0599403337445165
1.99175,-0.0847684329147417
1.991875,-0.0599403337446697
1.992,-9.43622607128664e-14
1.992125,0.0599403337444272
1.99225,0.0847684329147417
1.992375,0.0599403337446499
1.9925,6.63649505352284e-14
1.992625,-0.0599403337445561
1.99275,-0.0847684329147417
1.992875,-0.0599403337446301
1.993,-3.83676403575905e-14
1.993125,0.0599403337444668
1.99325,0.0847684329147417
1.993375,0.0599403337447194
1.9935,1.03703301799525e-14
1.993625,-0.0599403337444866
1.99375,-0.0847684329147417
1.993875,-0.0599403337445905
1.994,-1.36565901229417e-13
1.994125,0.0599403337445064
1.99425,0.0847684329147417
1.994375,0.0599403337446798
1.9945,1.0856859105178e-13
1.994625,-0.0599403337445262
1.99475,-0.0847684329147417
1.994875,-0.05994033374466
1.995,-8.05712808741416e-14
1.995125,0.059940333744546
1.99525,0.0847684329147417
1.995375,0.0599403337446402
1.9955,5.25739706965036e-14
1.995625,-0.0599403337444568
1.99575,-0.0847684329147417
1.995875,-0.0599403337446204
1.996,-1.78769541745969e-13
1.996125,0.0599403337444766
1.99625,0.0847684329147417
1.996375,0.0599403337446006
1.9965,1.50772231568331e-13
1.996625,-0.0599403337444964
1.99675,-0.0847684329147417
1.996875,-0.0599403337446898
1.997,-1.22774921390693e-13
1.997125,0.0599403337445162
1.99725,0.0847684329147417
1.997375,0.05994033374467
1.9975,9.47776112130547e-14
1.997625,-0.059940333744536
1.99775,-0.0847684329147417
1.997875,-0.0599403337446502
1.998,-6.67803010354167e-14
1.998125,0.0599403337444467
1.99825,0.0847684329147417
1.998375,0.0599403337446304
1.9985,1.92975872084882e-13
1.998625,-0.0599403337445756
1.99875,-0.0847684329147417
1.998875,-0.0599403337446106
1.999,-1.07856806801408e-14
1.999125,0.0599403337444863
1.99925,0.0847684329147417
1.999375,0.0599403337446999
1.9995,1.36981251729606e-13
1.999625,-0.0599403337445061
1.99975,-0.0847684329147417
1.999875,-0.059940333744571
2,-1.08983941551968e-13
2.000125,0.0599403337445259
2.00025,0.0847684329147417
2.000375,0.0599403337446602
2.0005,8.09866313743298e-14
2.000625,-0.0599403337444367
2.00075,-0.0847684329147417
2.000875,-0.0599403337445314
2.001,-2.07182202423795e-13
2.001125,0.0599403337444565
2.00125,0.0847684329147417
2.001375,0.0599403337447297
2.0015,2.49920110190539e-14
2.001625,-0.0599403337445853
2.00175,-0.0847684329147417
2.001875,-0.0599403337446009
2.002,-1.51187582068519e-13
2.002125,0.0599403337444961
2.00225,0.0847684329147417
2.002375,0.0599403337446901
2.0025,1.23190271890881e-13
2.002625,-0.0599403337445159
2.00275,-0.0847684329147417
2.002875,-0.0599403337446703
2.003,-9.51929617132429e-14
2.003125,0.0599403337444267
2.00325,0.0847684329147417
2.003375,0.0599403337446505
2.0035,2.21388532762708e-13
2.003625,-0.0599403337444464
2.00375,-0.0847684329147417
2.003875,-0.0599403337447397
2.004,-3.9198341357967e-14
2.004125,0.0599403337445753
2.00425,0.0847684329147417
2.004375,0.0599403337446109
2.0045,1.1201031180329e-14
2.004625,-0.059940333744486
2.00475,-0.0847684329147417
2.004875,-0.0599403337445911
2.005,-1.37396602229794e-13
2.005125,0.0599403337445058
2.00525,0.0847684329147417
2.005375,0.0599403337446804
2.0055,1.09399292052156e-13
2.005625,-0.0599403337445256
2.00575,-0.0847684329147417
2.005875,-0.0599403337446606
2.006,-2.35594863101621e-13
2.006125,0.0599403337444364
2.00625,0.0847684329147417
2.006375,0.0599403337447498
2.0065,2.07597552923983e-13
2.006625,-0.0599403337445652
2.00675,-0.0847684329147417
2.006875,-0.059940333744621
2.007,-2.54073615192421e-14
2.007125,0.059940333744476
2.00725,0.0847684329147417
2.007375,0.0599403337446012
2.0075,1.51602932568707e-13
2.007625,-0.0599403337444958
2.00775,-0.0847684329147417
2.007875,-0.0599403337446904
2.008,-1.23605622391069e-13
2.008125,0.0599403337445156
2.00825,0.0847684329147417
2.008375,0.0599403337446706
2.0085,-5.85845690136718e-14
2.008625,-0.0599403337444264
2.00875,-0.0847684329147417
2.008875,-0.0599403337445418
2.009,-2.21803883262896e-13
2.009125,0.0599403337445552
2.00925,0.0847684329147417
2.009375,0.059940333744631
2.0095,3.96136918581552e-14
2.009625,-0.059940333744575
2.00975,-0.0847684329147417
2.009875,-0.0599403337446112
2.01,-1.6580926290762e-13
2.010125,0.0599403337444857
2.01025,0.0847684329147417
2.010375,0.0599403337447004
2.0105,1.37811952729982e-13
2.010625,-0.0599403337445055
2.01075,-0.0847684329147417
2.010875,-0.0599403337446806
2.011,-1.09814642552344e-13
2.011125,0.0599403337444163
2.01125,0.0847684329147417
2.011375,0.0599403337445518
2.0115,2.36010213601809e-13
2.011625,-0.0599403337445451
2.01175,-0.0847684329147417
2.011875,-0.0599403337447501
2.012,-5.38200221970683e-14
2.012125,0.0599403337445649
2.01225,0.0847684329147417
2.012375,0.0599403337446213
2.0125,2.58227120194303e-14
2.012625,-0.0599403337444757
2.01275,-0.0847684329147417
2.012875,-0.0599403337446014
2.013,-1.52018283068895e-13
2.013125,0.0599403337444955
2.01325,0.0847684329147417
2.013375,0.0599403337446907
2.0135,1.24020972891257e-13
2.013625,-0.0599403337446243
2.01375,-0.0847684329147417
2.013875,-0.0599403337446709
2.014,-2.50216543940722e-13
2.014125,0.0599403337444261
2.01425,0.0847684329147417
2.014375,0.0599403337447601
2.0145,6.80263525359814e-14
2.014625,-0.0599403337445549
2.01475,-0.0847684329147417
2.014875,-0.0599403337446313
2.015,-4.00290423583434e-14
2.015125,0.0599403337444657
2.01525,0.0847684329147417
2.015375,0.0599403337446115
2.0155,1.66224613407808e-13
2.015625,-0.0599403337444855
2.01575,-0.0847684329147417
2.015875,-0.0599403337447007
2.016,-1.3822730323017e-13
2.016125,0.0599403337445052
2.01625,0.0847684329147417
2.016375,0.0599403337446809
2.0165,-4.39628881745705e-14
2.016625,-0.059940333744416
2.01675,-0.0847684329147417
2.016875,-0.0599403337445521
2.017,-2.36425564101997e-13
2.017125,0.0599403337445448
2.01725,0.0847684329147417
2.017375,0.0599403337446413
2.0175,5.42353726972565e-14
2.017625,-0.0599403337444556
2.01775,-0.0847684329147417
2.017875,-0.0599403337446215
2.018,-1.80430943746721e-13
2.018125,0.0599403337444754
2.01825,0.0847684329147417
2.018375,0.0599403337447108
2.0185,1.52433633569084e-13
2.018625,-0.0599403337444952
2.01875,-0.0847684329147417
2.018875,-0.059940333744691
2.019,2.97565578356574e-14
2.019125,0.059940333744406
2.01925,0.0847684329147417
2.019375,0.0599403337445622
2.0195,2.50631894440911e-13
2.019625,-0.0599403337445348
2.01975,-0.0847684329147417
2.019875,-0.0599403337446514
2.02,-6.84417030361696e-14
2.020125,0.0599403337445546
2.02025,0.0847684329147417
2.020375,0.0599403337446316
2.0205,4.04443928585317e-14
2.020625,-0.0599403337444654
2.02075,-0.0847684329147417
2.020875,-0.0599403337446118
2.021,-1.66639963907997e-13
2.021125,0.0599403337444852
2.02125,0.0847684329147417
2.021375,0.059940333744701
2.0215,1.38642653730359e-13
2.021625,-0.0599403337443959
2.02175,-0.0847684329147417
2.021875,-0.0599403337445722
2.022,-2.64838224779824e-13
2.022125,0.0599403337445248
2.02225,0.0847684329147417
2.022375,0.0599403337447705
2.0225,8.26480333750827e-14
2.022625,-0.0599403337445445
2.02275,-0.0847684329147417
2.022875,-0.0599403337446416
2.023,-5.46507231974448e-14
2.023125,0.0599403337444553
2.02325,0.0847684329147417
2.023375,0.0599403337446218
2.0235,1.8084629424691e-13
2.023625,-0.0599403337444751
2.02375,-0.0847684329147417
2.023875,-0.0599403337447111
2.024,-1.52848984069272e-13
2.024125,0.0599403337446039
2.02425,0.0847684329147417
2.024375,0.0599403337445822
2.0245,-2.93412073354691e-14
2.024625,-0.0599403337444057
2.02475,-0.0847684329147417
2.024875,-0.0599403337445625
2.025,-9.68543637139958e-14
2.025125,0.0599403337445345
2.02525,0.0847684329147417
2.025375,0.0599403337446517
2.0255,6.88570535363579e-14
2.025625,-0.0599403337444453
2.02575,-0.0847684329147417
2.025875,-0.0599403337446319
2.026,-1.95052624585823e-13
2.026125,0.0599403337444651
2.02625,0.0847684329147417
2.026375,0.0599403337447211
2.0265,1.67055314408185e-13
2.026625,-0.0599403337444849
2.02675,-0.0847684329147417
2.026875,-0.0599403337447013
2.027,1.5134876996556e-14
2.027125,0.0599403337443956
2.02725,0.0847684329147417
2.027375,0.0599403337445725
2.0275,1.11060694052909e-13
2.027625,-0.0599403337445245
2.02775,-0.0847684329147417
2.027875,-0.0599403337446617
2.028,-8.3063383875271e-14
2.028125,0.0599403337445443
2.02825,0.0847684329147417
2.028375,0.0599403337446419
2.0285,5.5066073697633e-14
2.028625,-0.059940333744455
2.02875,-0.0847684329147417
2.028875,-0.0599403337446221
2.029,-1.81261644747098e-13
2.029125,0.0599403337444748
2.02925,0.0847684329147417
2.029375,0.0599403337447114
2.0295,-9.2854665764292e-16
2.029625,-0.0599403337443856
2.02975,-0.0847684329147417
2.029875,-0.0599403337445825
2.03,-2.79459905618925e-13
2.030125,0.0599403337445144
2.03025,0.0847684329147417
2.030375,0.0599403337446718
2.0305,9.72697142141841e-14
2.030625,-0.0599403337445342
2.03075,-0.0847684329147417
2.030875,-0.059940333744652
2.031,-6.92724040365461e-14
2.031125,0.059940333744445
2.03125,0.0847684329147417
2.031375,0.0599403337446322
2.0315,1.95467975086011e-13
2.031625,-0.0599403337444648
2.03175,-0.0847684329147417
2.031875,-0.0599403337447214
2.032,-1.67470664908373e-13
2.032125,0.0599403337445936
2.03225,0.0847684329147417
2.032375,0.0599403337445926
2.0325,-1.47195264963678e-14
2.032625,-0.0599403337445044
2.03275,-0.0847684329147417
2.032875,-0.0599403337445728
2.033,-1.11476044553097e-13
2.033125,0.0599403337445242
2.03325,0.0847684329147417
2.033375,0.059940333744662
2.0335,8.34787343754592e-14
2.033625,-0.0599403337444349
2.03375,-0.0847684329147417
2.033875,-0.0599403337446422
2.034,-2.09674305424924e-13
2.034125,0.0599403337444547
2.03425,0.0847684329147417
2.034375,0.0599403337447315
2.0345,1.81676995247286e-13
2.034625,-0.0599403337445836
2.03475,-0.0847684329147417
2.034875,-0.0599403337446026
2.035,5.13196157454681e-16
2.035125,0.0599403337443853
2.03525,0.0847684329147417
2.035375,0.0599403337445828
2.0355,1.2568237489201e-13
2.035625,-0.0599403337445141
2.03575,-0.0847684329147417
2.035875,-0.0599403337446721
2.036,-9.76850647143723e-14
2.036125,0.0599403337445339
2.03625,0.0847684329147417
2.036375,0.0599403337446523
2.0365,6.96877545367344e-14
2.036625,-0.0599403337444447
2.03675,-0.0847684329147417
2.036875,-0.0599403337445234
2.037,-1.95883325586199e-13
2.037125,0.0599403337445735
2.03725,0.0847684329147417
2.037375,0.0599403337447217
2.0375,1.36931341814584e-14
2.037625,-0.0599403337443753
2.03775,-0.0847684329147417
2.037875,-0.0599403337445929
2.038,-1.39888705230923e-13
2.038125,0.0599403337445041
2.03825,0.0847684329147417
2.038375,0.0599403337446821
2.0385,1.11891395053285e-13
2.038625,-0.0599403337445239
2.03875,-0.0847684329147417
2.038875,-0.0599403337446623
2.039,-8.38940848756475e-14
2.039125,0.0599403337444346
2.03925,0.0847684329147417
2.039375,0.0599403337446425
2.0395,2.10089655925112e-13
2.039625,-0.0599403337444544
2.03975,-0.0847684329147417
2.039875,-0.0599403337447317
2.04,-2.78994645203715e-14
2.040125,0.0599403337445833
2.04025,0.0847684329147417
2.040375,0.0599403337446029
2.0405,-9.78456572664428e-17
2.040625,-0.059940333744494
2.04075,-0.0847684329147417
2.040875,-0.0599403337445831
2.041,-1.26097725392199e-13
2.041125,0.0599403337445138
2.04125,0.0847684329147417
2.041375,0.0599403337446724
2.0415,9.81004152145606e-14
2.041625,-0.0599403337444246
2.04175,-0.0847684329147417
2.041875,-0.0599403337446526
2.042,-2.24295986264026e-13
2.042125,0.0599403337444444
2.04225,0.0847684329147417
2.042375,0.0599403337447418
2.0425,1.96298676086388e-13
2.042625,-0.0599403337445732
2.04275,-0.0847684329147417
2.042875,-0.059940333744613
2.043,-1.41084846816467e-14
2.043125,0.059940333744484
2.04325,0.0847684329147417
2.043375,0.0599403337445932
2.0435,1.40304055731112e-13
2.043625,-0.0599403337445038
2.04375,-0.0847684329147417
2.043875,-0.0599403337446824
2.044,-1.12306745553474e-13
2.044125,0.0599403337445236
2.04425,0.0847684329147417
2.044375,0.0599403337446626
2.0445,-6.98834458512672e-14
2.044625,-0.0599403337444343
2.04475,-0.0847684329147417
2.044875,-0.0599403337445338
2.045,-2.10505006425301e-13
2.045125,0.0599403337445632
2.04525,0.0847684329147417
2.045375,0.059940333744623
2.0455,2.83148150205598e-14
2.045625,-0.0599403337443649
2.04575,-0.0847684329147417
2.045875,-0.0599403337446032
2.046,-1.54510386070025e-13
2.046125,0.0599403337444937
2.04625,0.0847684329147417
2.046375,0.0599403337446924
2.0465,1.26513075892387e-13
2.046625,-0.0599403337445135
2.04675,-0.0847684329147417
2.046875,-0.0599403337446727
2.047,-9.85157657147488e-14
2.047125,0.0599403337444243
2.04725,0.0847684329147417
2.047375,0.0599403337445438
2.0475,2.24711336764214e-13
2.047625,-0.0599403337445531
2.04775,-0.0847684329147417
2.047875,-0.0599403337447421
2.048,-4.25211453594729e-14
2.048125,0.0599403337445729
2.04825,0.0847684329147417
2.048375,0.0599403337446133
2.0485,1.45238351818349e-14
2.048625,-0.0599403337444837
2.04875,-0.0847684329147417
2.048875,-0.0599403337447025
2.049,-1.407194062313e-13
2.049125,0.0599403337445035
2.04925,0.0847684329147417
2.049375,0.0599403337446827
2.0495,1.12722096053662e-13
2.049625,-0.0599403337444143
2.04975,-0.0847684329147417
2.049875,-0.0599403337445539
2.05,-2.38917667103127e-13
2.050125,0.0599403337444341
2.05025,0.0847684329147417
2.050375,0.0599403337447521
2.0505,5.6727475698386e-14
2.050625,-0.0599403337445629
2.05075,-0.0847684329147417
2.050875,-0.0599403337446233
2.051,-2.8730165520748e-14
2.051125,0.0599403337444736
2.05125,0.0847684329147417
2.051375,0.0599403337446035
2.0515,1.54925736570213e-13
2.051625,-0.0599403337444934
2.05175,-0.0847684329147417
2.051875,-0.0599403337446928
2.052,-1.26928426392575e-13
2.052125,0.0599403337445132
2.05225,0.0847684329147417
2.052375,0.0599403337446729
2.0525,-5.52617650121659e-14
2.052625,-0.059940333744424
2.05275,-0.0847684329147417
2.052875,-0.0599403337447622
2.053,-7.09338060372991e-14
2.053125,0.0599403337445528
2.05325,0.0847684329147417
2.053375,0.0599403337446334
2.0535,4.29364958596611e-14
2.053625,-0.0599403337444636
2.05375,-0.0847684329147417
2.053875,-0.0599403337446136
2.054,-1.69132066909126e-13
2.054125,0.0599403337444834
2.05425,0.0847684329147417
2.054375,0.0599403337447028
2.0545,1.41134756731488e-13
2.054625,-0.0599403337445032
2.05475,-0.0847684329147417
2.054875,-0.059940333744683
2.055,4.10554346732528e-14
2.055125,0.059940333744414
2.05525,0.0847684329147417
2.055375,0.0599403337445542
2.0555,2.39333017603315e-13
2.055625,-0.0599403337445428
2.05575,-0.0847684329147417
2.055875,-0.0599403337446434
2.056,-5.71428261985742e-14
2.056125,0.0599403337445626
2.05625,0.0847684329147417
2.056375,0.0599403337446236
2.0565,2.91455160209362e-14
2.056625,-0.0599403337444734
2.05675,-0.0847684329147417
2.056875,-0.0599403337447128
2.057,-1.55341087070401e-13
2.057125,0.0599403337444931
2.05725,0.0847684329147417
2.057375,0.059940333744693
2.0575,1.27343776892763e-13
2.057625,-0.0599403337444039
2.05775,-0.0847684329147417
2.057875,-0.0599403337445642
2.058,-2.53539347942228e-13
2.058125,0.0599403337445327
2.05825,0.0847684329147417
2.058375,0.0599403337447625
2.0585,7.13491565374873e-14
2.058625,-0.0599403337445525
2.05875,-0.0847684329147417
2.058875,-0.0599403337446336
2.059,-4.33518463598493e-14
2.059125,0.0599403337444633
2.05925,0.0847684329147417
2.059375,0.0599403337446138
2.0595,1.69547417409314e-13
2.059625,-0.0599403337444831
2.05975,-0.0847684329147417
2.059875,-0.0599403337447031
2.06,-1.41550107231676e-13
2.060125,0.0599403337446119
2.06025,0.0847684329147417
2.060375,0.0599403337445743
2.0605,-4.06400841730646e-14
2.060625,-0.0599403337444137
2.06075,-0.0847684329147417
2.060875,-0.0599403337447725
2.061,-8.55554868764004e-14
2.061125,0.0599403337445425
2.06125,0.0847684329147417
2.061375,0.0599403337446437
2.0615,5.75581766987624e-14
2.061625,-0.0599403337444533
2.06175,-0.0847684329147417
2.061875,-0.0599403337446239
2.062,-1.83753747748227e-13
2.062125,0.0599403337444731
2.06225,0.0847684329147417
2.062375,0.0599403337447131
2.0625,1.55756437570589e-13
2.062625,-0.0599403337446019
2.06275,-0.0847684329147417
2.062875,-0.0599403337446933
2.063,2.64337538341515e-14
2.063125,0.0599403337444036
2.06325,0.0847684329147417
2.063375,0.0599403337445645
2.0635,9.97618172153135e-14
2.063625,-0.0599403337445324
2.06375,-0.0847684329147417
2.063875,-0.0599403337446537
2.064,-7.17645070376755e-14
2.064125,0.0599403337445523
2.06425,0.0847684329147417
2.064375,0.0599403337446339
2.0645,1.9796007808714e-13
2.064625,-0.059940333744463
2.06475,-0.0847684329147417
2.064875,-0.0599403337447232
2.065,-1.69962767909503e-13
2.065125,0.0599403337444828
2.06525,0.0847684329147417
2.065375,0.0599403337447034
2.0655,-1.22274234952384e-14
2.065625,-0.0599403337443936
2.06575,-0.0847684329147417
2.065875,-0.0599403337445745
2.066,-2.6816102878133e-13
2.066125,0.0599403337445224
2.06625,0.0847684329147417
2.066375,0.0599403337446638
2.0665,8.59708373765886e-14
2.066625,-0.0599403337445422
2.06675,-0.0847684329147417
2.066875,-0.059940333744644
2.067,-5.79735271989507e-14
2.067125,0.059940333744453
2.06725,0.0847684329147417
2.067375,0.0599403337446242
2.0675,1.84169098248416e-13
2.067625,-0.0599403337444728
2.06775,-0.0847684329147417
2.067875,-0.0599403337447134
2.068,-1.56171788070778e-13
2.068125,0.0599403337446016
2.06825,0.0847684329147417
2.068375,0.0599403337445846
2.0685,2.82367359120243e-13
2.068625,-0.0599403337445124
2.06875,-0.0847684329147417
2.068875,-0.0599403337446738
2.069,-1.00177167715502e-13
2.069125,0.0599403337445322
2.06925,0.0847684329147417
2.069375,0.059940333744654
2.0695,7.21798575378638e-14
2.069625,-0.0599403337444429
2.06975,-0.0847684329147417
2.069875,-0.0599403337446342
2.07,-1.98375428587329e-13
2.070125,0.0599403337444627
2.07025,0.0847684329147417
2.070375,0.0599403337447235
2.0705,1.70378118409691e-13
2.070625,-0.0599403337445916
2.07075,-0.0847684329147417
2.070875,-0.0599403337445946
2.071,1.18120729950501e-14
2.071125,0.0599403337443933
2.07125,0.0847684329147417
2.071375,0.0599403337445748
2.0715,1.14383498054415e-13
2.071625,-0.0599403337445221
2.07175,-0.0847684329147417
2.071875,-0.0599403337446641
2.072,-8.63861878767769e-14
2.072125,0.0599403337445419
2.07225,0.0847684329147417
2.072375,0.0599403337446443
2.0725,2.12581758926242e-13
2.072625,-0.0599403337444527
2.07275,-0.0847684329147417
2.072875,-0.0599403337447335
2.073,-1.84584448748604e-13
2.073125,0.0599403337445815
2.07325,0.0847684329147417
2.073375,0.0599403337447137
2.0735,2.39425734386299e-15
2.073625,-0.0599403337443832
2.07375,-0.0847684329147417
2.073875,-0.0599403337445849
2.074,-1.28589828393328e-13
2.074125,0.0599403337445121
2.07425,0.0847684329147417
2.074375,0.0599403337446741
2.0745,1.0059251821569e-13
2.074625,-0.0599403337445319
2.07475,-0.0847684329147417
2.074875,-0.0599403337446543
2.075,-7.2595208038052e-14
2.075125,0.0599403337444426
2.07525,0.0847684329147417
2.075375,0.0599403337445255
2.0755,1.98790779087517e-13
2.075625,-0.0599403337444624
2.07575,-0.0847684329147417
2.075875,-0.0599403337447238
2.076,-1.66005876827761e-14
2.076125,0.0599403337445913
2.07625,0.0847684329147417
2.076375,0.0599403337445949
2.0765,2.96989039959344e-13
2.076625,-0.059940333744502
2.07675,-0.0847684329147417
2.076875,-0.0599403337446842
2.077,-1.14798848554603e-13
2.077125,0.0599403337445218
2.07725,0.0847684329147417
2.077375,0.0599403337446644
2.0775,8.68015383769651e-14
2.077625,-0.0599403337444326
2.07775,-0.0847684329147417
2.077875,-0.0599403337446446
2.078,-2.1299710942643e-13
2.078125,0.0599403337444524
2.07825,0.0847684329147417
2.078375,0.0599403337447338
2.0785,3.08069180216892e-14
2.078625,-0.0599403337445812
2.07875,-0.0847684329147417
2.078875,-0.059940333744605
2.079,-2.80960784405123e-15
2.079125,0.059940333744492
2.07925,0.0847684329147417
2.079375,0.0599403337445852
2.0795,1.29005178893516e-13
2.079625,-0.0599403337445118
2.07975,-0.0847684329147417
2.079875,-0.0599403337446744
2.08,-1.01007868715878e-13
2.080125,0.0599403337444225
2.08025,0.0847684329147417
2.080375,0.0599403337446546
2.0805,2.27203439765343e-13
2.080625,-0.0599403337444423
2.08075,-0.0847684329147417
2.080875,-0.0599403337447438
2.081,-1.99206129587705e-13
2.081125,0.0599403337445712
2.08125,0.0847684329147417
2.081375,0.059940333744615
2.0815,1.70159381829643e-14
2.081625,-0.0599403337444819
2.08175,-0.0847684329147417
2.081875,-0.0599403337445952
2.082,-1.43211509232429e-13
2.082125,0.0599403337445017
2.08225,0.0847684329147417
2.082375,0.0599403337446845
2.0825,1.15214199054791e-13
2.082625,-0.0599403337445215
2.08275,-0.0847684329147417
2.082875,-0.0599403337446647
2.083,-8.72168888771534e-14
2.083125,0.0599403337444323
2.08325,0.0847684329147417
2.083375,0.0599403337445358
2.0835,2.13412459926618e-13
2.083625,-0.0599403337445611
2.08375,-0.0847684329147417
2.083875,-0.0599403337447341
2.084,-3.12222685218774e-14
2.084125,0.0599403337443628
2.08425,0.0847684329147417
2.084375,0.0599403337446053
2.0845,1.57417839571342e-13
2.084625,-0.0599403337444917
2.08475,-0.0847684329147417
2.084875,-0.0599403337446945
2.085,-1.29420529393704e-13
2.085125,0.0599403337445115
2.08525,0.0847684329147417
2.085375,0.0599403337446747
2.0855,1.01423219216066e-13
2.085625,-0.0599403337444222
2.08575,-0.0847684329147417
2.085875,-0.0599403337445459
2.086,-2.27618790265531e-13
2.086125,0.059940333744442
2.08625,0.0847684329147417
2.086375,0.0599403337447441
2.0865,4.54285988607905e-14
2.086625,-0.0599403337445709
2.08675,-0.0847684329147417
2.086875,-0.0599403337446153
2.087,-1.74312886831526e-14
2.087125,0.0599403337444816
2.08725,0.0847684329147417
2.087375,0.0599403337445955
2.0875,1.43626859732618e-13
2.087625,-0.0599403337445014
2.08775,-0.0847684329147417
2.087875,-0.0599403337446847
2.088,-1.1562954955498e-13
2.088125,0.0599403337444122
2.08825,0.0847684329147417
2.088375,0.059940333744665
2.0885,2.41825120604445e-13
2.088625,-0.059940333744432
2.08875,-0.0847684329147417
2.088875,-0.0599403337447542
2.089,-5.96349291997036e-14
2.089125,0.0599403337445608
2.08925,0.0847684329147417
2.089375,0.0599403337446254
2.0895,3.16376190220657e-14
2.089625,-0.0599403337444716
2.08975,-0.0847684329147417
2.089875,-0.0599403337446056
2.09,-1.57833190071531e-13
2.090125,0.0599403337444914
2.09025,0.0847684329147417
2.090375,0.0599403337446948
2.0905,1.29835879893893e-13
2.090625,-0.0599403337445112
2.09075,-0.0847684329147417
2.090875,-0.059940333744675
2.091,5.23543115108482e-14
2.091125,0.059940333744422
2.09125,0.0847684329147417
2.091375,0.0599403337445462
2.0915,2.2803414076572e-13
2.091625,-0.0599403337445508
2.09175,-0.0847684329147417
2.091875,-0.0599403337446354
2.092,-4.58439493609788e-14
2.092125,0.0599403337444615
2.09225,0.0847684329147417
2.092375,0.0599403337446156
2.0925,1.72039520410444e-13
2.092625,-0.0599403337444813
2.09275,-0.0847684329147417
2.092875,-0.0599403337447048
2.093,-1.44042210232806e-13
2.093125,0.0599403337445011
2.09325,0.0847684329147417
2.093375,0.059940333744685
2.0935,1.16044900055168e-13
2.093625,-0.0599403337444119
2.09375,-0.0847684329147417
2.093875,-0.0599403337445562
2.094,-2.42240471104633e-13
2.094125,0.0599403337445407
2.09425,0.0847684329147417
2.094375,0.0599403337446455
2.0945,6.00502796998919e-14
2.094625,-0.0599403337445605
2.09475,-0.0847684329147417
2.094875,-0.0599403337446257
2.095,-3.20529695222539e-14
2.095125,0.0599403337444713
2.09525,0.0847684329147417
2.095375,0.0599403337446059
2.0955,1.58248540571719e-13
2.095625,-0.0599403337444911
2.09575,-0.0847684329147417
2.095875,-0.0599403337446951
2.096,-1.30251230394081e-13
2.096125,0.0599403337444019
2.09625,0.0847684329147417
2.096375,0.0599403337445663
2.0965,2.56446801443546e-13
2.096625,-0.0599403337444217
2.09675,-0.0847684329147417
2.096875,-0.0599403337447645
2.097,-7.4256610038805e-14
2.097125,0.0599403337445505
2.09725,0.0847684329147417
2.097375,0.0599403337446357
2.0975,4.6259299861167e-14
2.097625,-0.0599403337444613
2.09775,-0.0847684329147417
2.097875,-0.0599403337446159
2.098,-1.72454870910632e-13
2.098125,0.059940333744481
2.09825,0.0847684329147417
2.098375,0.0599403337447051
2.0985,1.44457560732994e-13
2.098625,-0.0599403337446099
2.09875,-0.0847684329147417
2.098875,-0.0599403337446853
2.099,3.77326306717469e-14
2.099125,0.0599403337444116
2.09925,0.0847684329147417
2.099375,0.0599403337445565
2.0995,8.84629403777181e-14
2.099625,-0.0599403337445404
2.09975,-0.0847684329147417
2.099875,-0.0599403337446457
2.1,-6.04656302000801e-14
2.100125,0.0599403337444512
2.10025,0.0847684329147417
2.100375,0.0599403337446259
2.1005,1.86661201249545e-13
2.100625,-0.059940333744471
2.10075,-0.0847684329147417
2.100875,-0.0599403337447152
2.101,-1.58663891071907e-13
2.101125,0.0599403337444908
2.10125,0.0847684329147417
2.101375,0.0599403337446954
2.1015,-2.35263003328338e-14
2.101625,-0.0599403337444016
2.10175,-0.0847684329147417
2.101875,-0.0599403337445666
2.102,-2.56862151943734e-13
2.102125,0.0599403337445304
2.10225,0.0847684329147417
2.102375,0.0599403337446558
2.1025,7.46719605389932e-14
2.102625,-0.0599403337445502
2.10275,-0.0847684329147417
2.102875,-0.059940333744636
2.103,-4.66746503613553e-14
2.103125,0.059940333744461
2.10325,0.0847684329147417
2.103375,0.0599403337446162
2.1035,1.7287022141082e-13
2.103625,-0.0599403337444808
2.10375,-0.0847684329147417
2.103875,-0.0599403337447054
2.104,9.31996999392068e-15
2.104125,0.0599403337443915
2.10425,0.0847684329147417
2.104375,0.0599403337445766
2.1045,2.71068482282647e-13
2.104625,-0.0599403337445203
2.10475,-0.0847684329147417
2.104875,-0.0599403337446658
2.105,-8.88782908779063e-14
2.105125,0.0599403337445401
2.10525,0.0847684329147417
2.105375,0.059940333744646
2.1055,6.08809807002683e-14
2.105625,-0.0599403337444509
2.10575,-0.0847684329147417
2.105875,-0.0599403337446262
2.106,-1.87076551749733e-13
2.106125,0.0599403337444707
2.10625,0.0847684329147417
2.106375,0.0599403337447155
2.1065,1.59079241572095e-13
2.106625,-0.0599403337445995
2.10675,-0.0847684329147417
2.106875,-0.0599403337445866
2.107,2.31109498326455e-14
2.107125,0.0599403337445103
2.10725,0.0847684329147417
2.107375,0.0599403337445669
2.1075,1.03084621216819e-13
2.107625,-0.0599403337445301
2.10775,-0.0847684329147417
2.107875,-0.0599403337446561
2.108,-7.50873110391815e-14
2.108125,0.0599403337444409
2.10825,0.0847684329147417
2.108375,0.0599403337446363
2.1085,2.01282882088646e-13
2.108625,-0.0599403337444607
2.10875,-0.0847684329147417
2.108875,-0.0599403337447255
2.109,-1.73285571911008e-13
2.109125,0.0599403337445895
2.10925,0.0847684329147417
2.109375,0.0599403337447057
2.1095,-8.90461949373244e-15
2.109625,-0.0599403337443912
2.10975,-0.0847684329147417
2.109875,-0.0599403337445769
2.11,-1.17290951555733e-13
2.110125,0.0599403337445201
2.11025,0.0847684329147417
2.110375,0.0599403337446661
2.1105,8.92936413780946e-14
2.110625,-0.0599403337445399
2.11075,-0.0847684329147417
2.110875,-0.0599403337446463
2.111,-6.12963312004566e-14
2.111125,0.0599403337444506
2.11125,0.0847684329147417
2.111375,0.0599403337447356
2.1115,1.87491902249922e-13
2.111625,-0.0599403337444704
2.11175,-0.0847684329147417
2.111875,-0.0599403337447158
2.112,-5.30171084518066e-15
2.112125,0.0599403337443812
2.11225,0.0847684329147417
2.112375,0.0599403337445869
2.1125,2.85690163121749e-13
2.112625,-0.05994033374451
2.11275,-0.0847684329147417
2.112875,-0.0599403337446762
2.113,-1.03499971717008e-13
2.113125,0.0599403337445298
2.11325,0.0847684329147417
2.113375,0.0599403337446564
2.1135,7.55026615393697e-14
2.113625,-0.0599403337444406
2.11375,-0.0847684329147417
2.113875,-0.0599403337446366
2.114,-2.01698232588835e-13
2.114125,0.0599403337444604
2.11425,0.0847684329147417
2.114375,0.0599403337447258
2.1145,1.95080411840938e-14
2.114625,-0.0599403337445892
2.11475,-0.0847684329147417
2.114875,-0.059940333744597
2.115,8.48926899354421e-15
2.115125,0.0599403337445
2.11525,0.0847684329147417
2.115375,0.0599403337446862
2.1155,1.17706302055921e-13
2.115625,-0.0599403337445198
2.11575,-0.0847684329147417
2.115875,-0.0599403337446664
2.116,-8.97089918782828e-14
2.116125,0.0599403337444305
2.11625,0.0847684329147417
2.116375,0.0599403337446466
2.1165,2.15904562927748e-13
2.116625,-0.0599403337444503
2.11675,-0.0847684329147417
2.116875,-0.0599403337447359
2.117,-1.8790725275011e-13
2.117125,0.0599403337445792
2.11725,0.0847684329147417
2.117375,0.059940333744607
2.1175,5.7170613453689e-15
2.117625,-0.0599403337444899
2.11775,-0.0847684329147417
2.117875,-0.0599403337445872
2.118,-1.31912632394834e-13
2.118125,0.0599403337445097
2.11825,0.0847684329147417
2.118375,0.0599403337446765
2.1185,1.03915322217196e-13
2.118625,-0.0599403337445295
2.11875,-0.0847684329147417
2.118875,-0.0599403337446567
2.119,-7.59180120395579e-14
2.119125,0.0599403337444403
2.11925,0.0847684329147417
2.119375,0.0599403337447459
2.1195,2.02113583089023e-13
2.119625,-0.0599403337445691
2.11975,-0.0847684329147417
2.119875,-0.0599403337446171
2.12,-1.9923391684282e-14
2.120125,0.0599403337443708
2.12025,0.0847684329147417
2.120375,0.0599403337445973
2.1205,1.46118962733747e-13
2.120625,-0.0599403337444997
2.12075,-0.0847684329147417
2.120875,-0.0599403337446865
2.121,-1.18121652556109e-13
2.121125,0.0599403337445195
2.12125,0.0847684329147417
2.121375,0.0599403337446667
2.1215,9.0124342378471e-14
2.121625,-0.0599403337444302
2.12175,-0.0847684329147417
2.121875,-0.0599403337445379
2.122,-2.16319913427936e-13
2.122125,0.05994033374445
2.12225,0.0847684329147417
2.122375,0.0599403337447362
2.1225,3.41297220231951e-14
2.122625,-0.0599403337445789
2.12275,-0.0847684329147417
2.122875,-0.0599403337446073
2.123,-6.13241184555713e-15
2.123125,0.0599403337444896
2.12325,0.0847684329147417
2.123375,0.0599403337446966
2.1235,1.32327982895022e-13
2.123625,-0.0599403337445094
2.12375,-0.0847684329147417
2.123875,-0.0599403337446768
2.124,-1.04330672717384e-13
2.124125,0.0599403337444202
2.12425,0.0847684329147417
2.124375,0.059940333744657
2.1245,2.30526243766849e-13
2.124625,-0.05994033374444
2.12475,-0.0847684329147417
2.124875,-0.0599403337447462
2.125,-4.83360523621082e-14
2.125125,0.0599403337445688
2.12525,0.0847684329147417
2.125375,0.0599403337446174
2.1255,2.03387421844702e-14
2.125625,-0.0599403337444796
2.12575,-0.0847684329147417
2.125875,-0.0599403337445976
2.126,-1.46534313233935e-13
2.126125,0.0599403337444994
2.12625,0.0847684329147417
2.126375,0.0599403337446868
2.1265,1.18537003056297e-13
2.126625,-0.0599403337445192
2.12675,-0.0847684329147417
2.126875,-0.059940333744667
2.127,-2.44732574105762e-13
2.127125,0.0599403337444299
2.12725,0.0847684329147417
2.127375,0.0599403337447562
2.1275,2.16735263928124e-13
2.127625,-0.0599403337445588
2.12775,-0.0847684329147417
2.127875,-0.0599403337446274
2.128,-3.45450725233833e-14
2.128125,0.0599403337444695
2.12825,0.0847684329147417
2.128375,0.0599403337446076
2.1285,1.60740643572848e-13
2.128625,-0.0599403337444893
2.12875,-0.0847684329147417
2.128875,-0.0599403337446969
2.129,-1.3274333339521e-13
2.129125,0.0599403337445091
2.12925,0.0847684329147417
2.129375,0.0599403337446771
2.1295,-4.94468580095306e-14
2.129625,-0.0599403337444199
2.12975,-0.0847684329147417
2.129875,-0.0599403337445482
2.13,-2.30941594267037e-13
2.130125,0.0599403337445487
2.13025,0.0847684329147417
2.130375,0.0599403337446375
2.1305,4.87514028622964e-14
2.130625,-0.0599403337445685
2.13075,-0.0847684329147417
2.130875,-0.0599403337446177
2.131,-1.74946973911761e-13
2.131125,0.0599403337444793
2.13125,0.0847684329147417
2.131375,0.0599403337447069
2.1315,1.46949663734123e-13
2.131625,-0.0599403337444991
2.13175,-0.0847684329147417
2.131875,-0.0599403337446871
2.132,-1.18952353556485e-13
2.132125,0.0599403337444099
2.13225,0.0847684329147417
2.132375,0.0599403337445583
2.1325,2.4514792460595e-13
2.132625,-0.0599403337445387
2.13275,-0.0847684329147417
2.132875,-0.0599403337447565
2.133,-6.29577332012096e-14
2.133125,0.0599403337445585
2.13325,0.0847684329147417
2.133375,0.0599403337446277
2.1335,3.49604230235716e-14
2.133625,-0.0599403337444692
2.13375,-0.0847684329147417
2.133875,-0.0599403337446079
2.134,-1.61155994073037e-13
2.134125,0.059940333744489
2.13425,0.0847684329147417
2.134375,0.0599403337446972
2.1345,1.33158683895399e-13
2.134625,-0.0599403337446179
2.13475,-0.0847684329147417
2.134875,-0.0599403337446774
2.135,-2.59354254944864e-13
2.135125,0.0599403337444196
2.13525,0.0847684329147417
2.135375,0.0599403337447666
2.1355,7.71640635401227e-14
2.135625,-0.0599403337445484
2.13575,-0.0847684329147417
2.135875,-0.0599403337446378
2.136,-4.91667533624847e-14
2.136125,0.0599403337444592
2.13625,0.0847684329147417
2.136375,0.059940333744618
2.1365,1.7536232441195e-13
2.136625,-0.059940333744479
2.13675,-0.0847684329147417
2.136875,-0.0599403337447072
2.137,-1.47365014234312e-13
2.137125,0.0599403337444988
2.13725,0.0847684329147417
2.137375,0.0599403337446874
2.1375,-3.48251771704292e-14
2.137625,-0.0599403337444096
2.13775,-0.0847684329147417
2.137875,-0.0599403337445586
2.138,-2.45563275106139e-13
2.138125,0.0599403337445384
2.13825,0.0847684329147417
2.138375,0.0599403337446478
2.1385,6.33730837013978e-14
2.138625,-0.0599403337445582
2.13875,-0.0847684329147417
2.138875,-0.059940333744628
2.139,-1.89568654750863e-13
2.139125,0.0599403337444689
2.13925,0.0847684329147417
2.139375,0.0599403337447172
2.1395,1.61571344573225e-13
2.139625,-0.0599403337444887
2.13975,-0.0847684329147417
2.139875,-0.0599403337446974
2.14,2.06188468315161e-14
2.140125,0.0599403337443995
2.14025,0.0847684329147417
2.140375,0.0599403337445686
2.1405,2.59769605445052e-13
2.140625,-0.0599403337445283
2.14075,-0.0847684329147417
2.140875,-0.0599403337446579
2.141,-7.75794140403109e-14
2.141125,0.0599403337445481
2.14125,0.0847684329147417
2.141375,0.0599403337446381
2.1415,4.95821038626729e-14
2.141625,-0.0599403337444589
2.14175,-0.0847684329147417
2.141875,-0.0599403337446182
2.142,-1.75777674912138e-13
2.142125,0.0599403337444787
2.14225,0.0847684329147417
2.142375,0.0599403337447075
2.1425,1.477803647345e-13
2.142625,-0.0599403337443895
2.14275,-0.0847684329147417
2.142875,-0.0599403337445787
2.143,-2.73975935783965e-13
2.143125,0.0599403337445183
2.14325,0.0847684329147417
2.143375,0.0599403337447769
2.1435,9.1785744379224e-14
2.143625,-0.0599403337445381
2.14375,-0.0847684329147417
2.143875,-0.0599403337446481
2.144,-6.3788434201586e-14
2.144125,0.0599403337444489
2.14425,0.0847684329147417
2.144375,0.0599403337446283
2.1445,1.89984005251051e-13
2.144625,-0.0599403337444687
2.14475,-0.0847684329147417
2.144875,-0.0599403337447175
2.145,-1.61986695073413e-13
2.145125,0.0599403337445975
2.14525,0.0847684329147417
2.145375,0.0599403337445887
2.1455,-2.02034963313279e-14
2.145625,-0.0599403337443992
2.14575,-0.0847684329147417
2.145875,-0.0599403337445689
2.146,-1.05992074718137e-13
2.146125,0.059940333744528
2.14625,0.0847684329147417
2.146375,0.0599403337446581
2.1465,7.79947645404991e-14
2.146625,-0.0599403337444388
2.14675,-0.0847684329147417
2.146875,-0.0599403337446383
2.147,-2.04190335589964e-13
2.147125,0.0599403337444586
2.14725,0.0847684329147417
2.147375,0.0599403337447276
2.1475,1.76193025412326e-13
2.147625,-0.0599403337444784
2.14775,-0.0847684329147417
2.147875,-0.0599403337447078
2.148,5.99716599241477e-15
2.148125,0.0599403337443892
2.14825,0.0847684329147417
2.148375,0.059940333744579
2.1485,1.2019840505705e-13
2.148625,-0.059940333744518
2.14875,-0.0847684329147417
2.148875,-0.0599403337446682
2.149,-9.22010948794122e-14
2.149125,0.0599403337445378
2.14925,0.0847684329147417
2.149375,0.0599403337446484
2.1495,6.42037847017743e-14
2.149625,-0.0599403337444486
2.14975,-0.0847684329147417
2.149875,-0.0599403337446286
2.15,-1.90399355751239e-13
2.150125,0.0599403337444684
2.15025,0.0847684329147417
2.150375,0.0599403337447178
2.1505,8.20916434649833e-15
2.150625,-0.0599403337443791
2.15075,-0.0847684329147417
2.150875,-0.059940333744589
2.151,-2.88597616623066e-13
2.151125,0.059940333744508
2.15125,0.0847684329147417
2.151375,0.0599403337446782
2.1515,1.06407425218325e-13
2.151625,-0.0599403337445278
2.15175,-0.0847684329147417
2.151875,-0.0599403337446584
2.152,-7.84101150406874e-14
2.152125,0.0599403337444385
2.15225,0.0847684329147417
2.152375,0.0599403337446386
2.1525,2.04605686090152e-13
2.152625,-0.0599403337444583
2.15275,-0.0847684329147417
2.152875,-0.0599403337447279
2.153,-1.76608375912514e-13
2.153125,0.0599403337445871
2.15325,0.0847684329147417
2.153375,0.059940333744599
2.1535,-5.58181549222654e-15
2.153625,-0.0599403337444979
2.15375,-0.0847684329147417
2.153875,-0.0599403337445793
2.154,-1.20613755557238e-13
2.154125,0.0599403337445177
2.15425,0.0847684329147417
2.154375,0.0599403337446685
2.1545,9.26164453796005e-14
2.154625,-0.0599403337444285
2.15475,-0.0847684329147417
2.154875,-0.0599403337446487
2.155,-2.18812016429065e-13
2.155125,0.0599403337444483
2.15525,0.0847684329147417
2.155375,0.0599403337447379
2.1555,1.90814706251427e-13
2.155625,-0.0599403337445771
2.15575,-0.0847684329147417
2.155875,-0.0599403337446091
2.156,-8.62451484668657e-15
2.156125,0.0599403337443788
2.15625,0.0847684329147417
2.156375,0.0599403337445893
2.1565,1.34820085896152e-13
2.156625,-0.0599403337445077
2.15675,-0.0847684329147417
2.156875,-0.0599403337446785
2.157,-1.06822775718514e-13
2.157125,0.0599403337445275
2.15725,0.0847684329147417
2.157375,0.0599403337446587
2.1575,7.88254655408756e-14
2.157625,-0.0599403337444382
2.15775,-0.0847684329147417
2.157875,-0.0599403337445299
2.158,-2.05021036590341e-13
2.158125,0.0599403337445671
2.15825,0.0847684329147417
2.158375,0.0599403337447282
2.1585,2.28308451855997e-14
2.158625,-0.0599403337443688
2.15875,-0.0847684329147417
2.158875,-0.0599403337445993
2.159,-1.49026416235065e-13
2.159125,0.0599403337444976
2.15925,0.0847684329147417
2.159375,0.0599403337446886
2.1595,1.21029106057427e-13
2.159625,-0.0599403337445174
2.15975,-0.0847684329147417
2.159875,-0.0599403337446688
2.16,-9.30317958797887e-14
2.160125,0.0599403337444282
2.16025,0.0847684329147417
2.160375,0.059940333744649
2.1605,2.19227366929254e-13
2.160625,-0.059940333744448
2.16075,-0.0847684329147417
2.160875,-0.0599403337447382
2.161,-3.70371755245128e-14
2.161125,0.0599403337445768
2.16125,0.0847684329147417
2.161375,0.0599403337446094
2.1615,9.03986534687481e-15
2.161625,-0.0599403337444876
2.16175,-0.0847684329147417
2.161875,-0.0599403337445896
2.162,-1.3523543639634e-13
2.162125,0.0599403337445074
2.16225,0.0847684329147417
2.162375,0.0599403337446788
2.1625,1.07238126218702e-13
2.162625,-0.0599403337444181
2.16275,-0.0847684329147417
2.162875,-0.059940333744659
2.163,-2.33433697268167e-13
2.163125,0.0599403337444379
2.16325,0.0847684329147417
2.163375,0.0599403337447483
2.1635,2.05436387090529e-13
2.163625,-0.0599403337445668
2.16375,-0.0847684329147417
2.163875,-0.0599403337446194
2.164,-2.32461956857879e-14
2.164125,0.0599403337444775
2.16425,0.0847684329147417
2.164375,0.0599403337445996
2.1645,1.49441766735253e-13
2.164625,-0.0599403337444973
2.16475,-0.0847684329147417
2.164875,-0.0599403337446889
2.165,-1.21444456557615e-13
2.165125,0.0599403337445171
2.16525,0.0847684329147417
2.165375,0.0599403337446691
2.1655,-6.0745734847126e-14
2.165625,-0.0599403337444279
2.16575,-0.0847684329147417
2.165875,-0.0599403337445402
2.166,-2.19642717429442e-13
2.166125,0.0599403337445567
2.16625,0.0847684329147417
2.166375,0.0599403337446295
2.1665,3.7452526024701e-14
2.166625,-0.0599403337443584
2.16675,-0.0847684329147417
2.166875,-0.0599403337446097
2.167,-1.63648097074166e-13
2.167125,0.0599403337444873
2.16725,0.0847684329147417
2.167375,0.0599403337446989
2.1675,1.35650786896528e-13
2.167625,-0.0599403337445071
2.16775,-0.0847684329147417
2.167875,-0.0599403337446791
2.168,-1.0765347671889e-13
2.168125,0.0599403337444178
2.16825,0.0847684329147417
2.168375,0.0599403337445503
2.1685,2.33849047768355e-13
2.168625,-0.0599403337445467
2.16875,-0.0847684329147417
2.168875,-0.0599403337447485
2.169,-5.16588563636141e-14
2.169125,0.0599403337445665
2.16925,0.0847684329147417
2.169375,0.0599403337446197
2.1695,2.36615461859761e-14
2.169625,-0.0599403337444772
2.16975,-0.0847684329147417
2.169875,-0.0599403337445999
2.17,-1.49857117235441e-13
2.170125,0.059940333744497
2.17025,0.0847684329147417
2.170375,0.0599403337446892
2.1705,1.21859807057803e-13
2.170625,-0.0599403337444078
2.17075,-0.0847684329147417
2.170875,-0.0599403337445603
2.171,-2.48055378107268e-13
2.171125,0.0599403337444276
2.17125,0.0847684329147417
2.171375,0.0599403337447586
2.1715,6.58651867025272e-14
2.171625,-0.0599403337445564
2.17175,-0.0847684329147417
2.171875,-0.0599403337446298
2.172,-3.78678765248893e-14
2.172125,0.0599403337444672
2.17225,0.0847684329147417
2.172375,0.05994033374461
2.1725,1.64063447574354e-13
2.172625,-0.059940333744487
2.17275,-0.0847684329147417
2.172875,-0.0599403337446992
2.173,-1.36066137396716e-13
2.173125,0.0599403337445068
2.17325,0.0847684329147417
2.173375,0.0599403337446794
2.1735,-4.61240540080246e-14
2.173625,-0.0599403337444175
2.17375,-0.0847684329147417
2.173875,-0.0599403337447686
2.174,-8.00715170414403e-14
2.174125,0.0599403337445464
2.17425,0.0847684329147417
2.174375,0.0599403337446398
2.1745,5.20742068638023e-14
2.174625,-0.0599403337444571
2.17475,-0.0847684329147417
2.174875,-0.05994033374462
2.175,-1.78269777913267e-13
2.175125,0.0599403337444769
2.17525,0.0847684329147417
2.175375,0.0599403337447093
2.1755,1.50272467735629e-13
2.175625,-0.0599403337444967
2.17575,-0.0847684329147417
2.175875,-0.0599403337446895
2.176,3.19177236691115e-14
2.176125,0.0599403337444075
2.17625,0.0847684329147417
2.176375,0.0599403337445606
2.1765,2.48470728607456e-13
2.176625,-0.0599403337445363
2.17675,-0.0847684329147417
2.176875,-0.0599403337446499
2.177,-6.62805372027154e-14
2.177125,0.0599403337445561
2.17725,0.0847684329147417
2.177375,0.0599403337446301
2.1775,3.82832270250775e-14
2.177625,-0.0599403337444669
2.17775,-0.0847684329147417
2.177875,-0.0599403337447193
2.178,-1.64478798074542e-13
2.178125,0.0599403337444867
2.17825,0.0847684329147417
2.178375,0.0599403337446995
2.1785,1.36481487896904e-13
2.178625,-0.0599403337443975
2.17875,-0.0847684329147417
2.178875,-0.0599403337445707
2.179,-2.62677058946369e-13
2.179125,0.0599403337445263
2.17925,0.0847684329147417
2.179375,0.0599403337447689
2.1795,8.04868675416286e-14
2.179625,-0.0599403337445461
2.17975,-0.0847684329147417
2.179875,-0.0599403337446401
2.18,-5.24895573639906e-14
2.180125,0.0599403337444568
2.18025,0.0847684329147417
2.180375,0.0599403337446203
2.1805,1.78685128413456e-13
2.180625,-0.0599403337444766
2.18075,-0.0847684329147417
2.180875,-0.0599403337447095
2.181,-1.50687818235818e-13
2.181125,0.0599403337446055
2.18125,0.0847684329147417
2.181375,0.0599403337445807
2.1815,-3.15023731689233e-14
2.181625,-0.0599403337444072
2.18175,-0.0847684329147417
2.181875,-0.059940333744779
2.182,-9.46931978805417e-14
2.182125,0.059940333744536
2.18225,0.0847684329147417
2.182375,0.0599403337446502
2.1825,6.66958877029037e-14
2.182625,-0.0599403337444468
2.18275,-0.0847684329147417
2.182875,-0.0599403337446304
2.183,-1.92891458752369e-13
2.183125,0.0599403337444666
2.18325,0.0847684329147417
2.183375,0.0599403337447196
2.1835,1.64894148574731e-13
2.183625,-0.0599403337445954
2.18375,-0.0847684329147417
2.183875,-0.0599403337446998
2.184,1.72960428300102e-14
2.184125,0.0599403337443972
2.18425,0.0847684329147417
2.184375,0.059940333744571
2.1845,1.08899528219455e-13
2.184625,-0.059940333744526
2.18475,-0.0847684329147417
2.184875,-0.0599403337446602
2.185,-8.09022180418168e-14
2.185125,0.0599403337445458
2.18525,0.0847684329147417
2.185375,0.0599403337446404
2.1855,5.29049078641788e-14
2.185625,-0.0599403337444566
2.18575,-0.0847684329147417
2.185875,-0.0599403337447296
2.186,-1.79100478913644e-13
2.186125,0.0599403337444763
2.18625,0.0847684329147417
2.186375,0.0599403337447098
2.1865,-3.08971249109711e-15
2.186625,-0.0599403337443871
2.18675,-0.0847684329147417
2.186875,-0.059940333744581
2.187,-2.77298739785471e-13
2.187125,0.0599403337445159
2.18725,0.0847684329147417
2.187375,0.0599403337446702
2.1875,9.51085483807299e-14
2.187625,-0.0599403337445357
2.18775,-0.0847684329147417
2.187875,-0.0599403337446504
2.188,-6.71112382030919e-14
2.188125,0.0599403337444465
2.18825,0.0847684329147417
2.188375,0.0599403337446307
2.1885,1.93306809252557e-13
2.188625,-0.0599403337444663
2.18875,-0.0847684329147417
2.188875,-0.0599403337447199
2.189,-1.65309499074919e-13
2.189125,0.0599403337445951
2.18925,0.0847684329147417
2.189375,0.0599403337445911
2.1895,2.91505070124384e-13
2.189625,-0.0599403337445059
2.18975,-0.0847684329147417
2.189875,-0.0599403337446803
2.19,-1.09314878719643e-13
2.190125,0.0599403337445257
2.19025,0.0847684329147417
2.190375,0.0599403337446605
2.1905,8.1317568542005e-14
2.190625,-0.0599403337444365
2.19075,-0.0847684329147417
2.190875,-0.0599403337446407
2.191,-2.0751313959147e-13
2.191125,0.0599403337444563
2.19125,0.0847684329147417
2.191375,0.0599403337447299
2.1915,1.79515829413832e-13
2.191625,-0.0599403337445851
2.19175,-0.0847684329147417
2.191875,-0.0599403337446011
2.192,2.67436199090887e-15
2.192125,0.0599403337443868
2.19225,0.0847684329147417
2.192375,0.0599403337445813
2.1925,1.23521209058556e-13
2.192625,-0.0599403337445156
2.19275,-0.0847684329147417
2.192875,-0.0599403337446705
2.193,-9.55238988809181e-14
2.193125,0.0599403337445355
2.19325,0.0847684329147417
2.193375,0.0599403337446507
2.1935,2.21719469930383e-13
2.193625,-0.0599403337444462
2.19375,-0.0847684329147417
2.193875,-0.05994033374474
2.194,-1.93722159752745e-13
2.194125,0.059940333744575
2.19425,0.0847684329147417
2.194375,0.0599403337447202
2.1945,1.15319683480042e-14
2.194625,-0.0599403337443768
2.19475,-0.0847684329147417
2.194875,-0.0599403337445914
2.195,-1.37727539397469e-13
2.195125,0.0599403337445056
2.19525,0.0847684329147417
2.195375,0.0599403337446806
2.1955,1.09730229219831e-13
2.195625,-0.0599403337445254
2.19575,-0.0847684329147417
2.195875,-0.0599403337446608
2.196,-8.17329190421933e-14
2.196125,0.0599403337444362
2.19625,0.0847684329147417
2.196375,0.059940333744532
2.1965,2.07928490091658e-13
2.196625,-0.059940333744456
2.19675,-0.0847684329147417
2.196875,-0.0599403337447302
2.197,-2.57382986869173e-14
2.197125,0.0599403337445848
2.19725,0.0847684329147417
2.197375,0.0599403337446014
2.1975,3.06126750963485e-13
2.197625,-0.0599403337444956
2.19775,-0.0847684329147417
2.197875,-0.0599403337446906
2.198,-1.23936559558744e-13
2.198125,0.0599403337445154
2.19825,0.0847684329147417
2.198375,0.0599403337446708
2.1985,9.59392493811064e-14
2.198625,-0.0599403337444261
2.19875,-0.0847684329147417
2.198875,-0.059940333744651
2.199,-2.22134820430571e-13
2.199125,0.0599403337444459
2.19925,0.0847684329147417
2.199375,0.0599403337447403
2.1995,3.99446290258304e-14
2.199625,-0.0599403337445748
2.19975,-0.0847684329147417
2.199875,-0.0599403337446114
2.2,-1.19473188481925e-14
2.200125,0.0599403337444855
2.20025,0.0847684329147417
2.200375,0.0599403337445916
2.2005,1.38142889897657e-13
2.200625,-0.0599403337445053
2.20075,-0.0847684329147417
2.200875,-0.0599403337446809
2.201,-1.10145579720019e-13
2.201125,0.0599403337445251
2.20125,0.0847684329147417
2.201375,0.0599403337446611
2.2015,2.36341150769484e-13
2.201625,-0.0599403337444359
2.20175,-0.0847684329147417
2.201875,-0.0599403337447503
2.202,-2.08343840591846e-13
2.202125,0.0599403337445647
2.20225,0.0847684329147417
2.202375,0.0599403337446215
2.2025,2.61536491871056e-14
2.202625,-0.0599403337444755
2.20275,-0.0847684329147417
2.202875,-0.0599403337446017
2.203,-1.52349220236571e-13
2.203125,0.0599403337444953
2.20325,0.0847684329147417
2.203375,0.0599403337446909
2.2035,1.24351910058933e-13
2.203625,-0.0599403337445151
2.20375,-0.0847684329147417
2.203875,-0.0599403337446711
2.204,-9.63545998812946e-14
2.204125,0.0599403337444258
2.20425,0.0847684329147417
2.204375,0.0599403337445423
2.2045,2.2255017093076e-13
2.204625,-0.0599403337445547
2.20475,-0.0847684329147417
2.204875,-0.0599403337447406
2.205,-4.03599795260187e-14
2.205125,0.0599403337443564
2.20525,0.0847684329147417
2.205375,0.0599403337446117
2.2055,1.66555550575484e-13
2.205625,-0.0599403337444852
2.20575,-0.0847684329147417
2.205875,-0.059940333744701
2.206,-1.38558240397846e-13
2.206125,0.059940333744505
2.20625,0.0847684329147417
2.206375,0.0599403337446812
2.2065,1.10560930220208e-13
2.206625,-0.0599403337444158
2.20675,-0.0847684329147417
2.206875,-0.0599403337445523
2.207,-2.36756501269673e-13
2.207125,0.0599403337444356
2.20725,0.0847684329147417
2.207375,0.0599403337447506
2.2075,5.45663098649318e-14
2.207625,-0.0599403337445644
2.20775,-0.0847684329147417
2.207875,-0.0599403337446218
2.208,-2.65689996872938e-14
2.208125,0.0599403337444752
2.20825,0.0847684329147417
2.208375,0.059940333744602
2.2085,1.52764570736759e-13
2.208625,-0.059940333744495
2.20875,-0.0847684329147417
2.208875,-0.0599403337446912
2.209,-1.24767260559121e-13
2.209125,0.0599403337444057
2.20925,0.0847684329147417
2.209375,0.0599403337446714
2.2095,2.50962831608586e-13
2.209625,-0.0599403337444255
2.20975,-0.0847684329147417
2.209875,-0.0599403337447606
2.21,-6.87726402038449e-14
2.210125,0.0599403337445544
2.21025,0.0847684329147417
2.210375,0.0599403337446318
2.2105,4.07753300262069e-14
2.210625,-0.0599403337444651
2.21075,-0.0847684329147417
2.210875,-0.059940333744612
2.211,-1.66970901075672e-13
2.211125,0.0599403337444849
2.21125,0.0847684329147417
2.211375,0.0599403337447013
2.2115,1.38973590898034e-13
2.211625,-0.0599403337445047
2.21175,-0.0847684329147417
2.211875,-0.0599403337446815
2.212,4.3216600506707e-14
2.212125,0.0599403337444155
2.21225,0.0847684329147417
2.212375,0.0599403337445526
2.2125,2.37171851769861e-13
2.212625,-0.0599403337445443
2.21275,-0.0847684329147417
2.212875,-0.0599403337446419
2.213,-5.498166036512e-14
2.213125,0.0599403337444551
2.21325,0.0847684329147417
2.213375,0.0599403337446221
2.2135,1.81177231414585e-13
2.213625,-0.0599403337444749
2.21375,-0.0847684329147417
2.213875,-0.0599403337447113
2.214,-1.53179921236947e-13
2.214125,0.0599403337444947
2.21425,0.0847684329147417
2.214375,0.0599403337446915
2.2145,1.25182611059309e-13
2.214625,-0.0599403337444054
2.21475,-0.0847684329147417
2.214875,-0.0599403337445627
2.215,-2.51378182108774e-13
2.215125,0.0599403337445343
2.21525,0.0847684329147417
2.215375,0.0599403337446519
2.2155,6.91879907040331e-14
2.215625,-0.0599403337445541
2.21575,-0.0847684329147417
2.215875,-0.0599403337446321
2.216,-4.11906805263952e-14
2.216125,0.0599403337444648
2.21625,0.0847684329147417
2.216375,0.0599403337446123
2.2165,1.6738625157586e-13
2.216625,-0.0599403337444846
2.21675,-0.0847684329147417
2.216875,-0.0599403337447016
2.217,-1.39388941398222e-13
2.217125,0.0599403337443954
2.21725,0.0847684329147417
2.217375,0.0599403337445727
2.2175,2.65584512447687e-13
2.217625,-0.0599403337444152
2.21775,-0.0847684329147417
2.217875,-0.059940333744771
2.218,-8.33943210429462e-14
2.218125,0.059940333744544
2.21825,0.0847684329147417
2.218375,0.0599403337446422
2.2185,5.53970108653083e-14
2.218625,-0.0599403337444548
2.21875,-0.0847684329147417
2.218875,-0.0599403337446224
2.219,-1.81592581914773e-13
2.219125,0.0599403337444746
2.21925,0.0847684329147417
2.219375,0.0599403337447116
2.2195,1.53595271737135e-13
2.219625,-0.0599403337446034
2.21975,-0.0847684329147417
2.219875,-0.0599403337446918
2.22,2.85949196676056e-14
2.220125,0.0599403337444052
2.22025,0.0847684329147417
2.220375,0.059940333744563
2.2205,9.76006513818593e-14
2.220625,-0.059940333744534
2.22075,-0.0847684329147417
2.220875,-0.0599403337446522
2.221,-6.96033412042214e-14
2.221125,0.0599403337444447
2.22125,0.0847684329147417
2.221375,0.0599403337446324
2.2215,1.95798912253686e-13
2.221625,-0.0599403337444645
2.22175,-0.0847684329147417
2.221875,-0.0599403337447216
2.222,-1.67801602076048e-13
2.222125,0.0599403337444843
2.22225,0.0847684329147417
2.222375,0.0599403337447018
2.2225,-1.43885893286925e-14
2.222625,-0.0599403337443951
2.22275,-0.0847684329147417
2.222875,-0.059940333744573
2.223,-2.65999862947875e-13
2.223125,0.0599403337445239
2.22325,0.0847684329147417
2.223375,0.0599403337446623
2.2235,8.38096715431345e-14
2.223625,-0.0599403337445437
2.22375,-0.0847684329147417
2.223875,-0.0599403337446425
2.224,-5.58123613654965e-14
2.224125,0.0599403337444545
2.22425,0.0847684329147417
2.224375,0.0599403337446227
2.2245,1.82007932414961e-13
2.224625,-0.0599403337444743
2.22475,-0.0847684329147417
2.224875,-0.0599403337447119
2.225,1.82258989779435e-16
2.225125,0.0599403337443851
2.22525,0.0847684329147417
2.225375,0.0599403337445831
2.2255,2.80206193286788e-13
2.225625,-0.0599403337445139
2.22575,-0.0847684329147417
2.225875,-0.0599403337446723
2.226,-9.80160018820476e-14
2.226125,0.0599403337445337
2.22625,0.0847684329147417
2.226375,0.0599403337446525
2.2265,7.00186917044096e-14
2.226625,-0.0599403337444445
2.22675,-0.0847684329147417
2.226875,-0.0599403337446327
2.227,-1.96214262753875e-13
2.227125,0.0599403337444642
2.22725,0.0847684329147417
2.227375,0.0599403337447219
2.2275,1.68216952576237e-13
2.227625,-0.0599403337445931
2.22775,-0.0847684329147417
2.227875,-0.0599403337445931
2.228,1.39732388285043e-14
2.228125,0.0599403337445038
2.22825,0.0847684329147417
2.228375,0.0599403337445733
2.2285,1.12222332220961e-13
2.228625,-0.0599403337445236
2.22875,-0.0847684329147417
2.228875,-0.0599403337446625
2.229,-8.42250220433227e-14
2.229125,0.0599403337444344
2.22925,0.0847684329147417
2.229375,0.0599403337446428
2.2295,2.10420593092788e-13
2.229625,-0.0599403337444542
2.22975,-0.0847684329147417
2.229875,-0.059940333744732
2.23,-1.8242328291515e-13
2.230125,0.059940333744583
2.23025,0.0847684329147417
2.230375,0.0599403337447122
2.2305,2.33091510408803e-16
2.230625,-0.0599403337443848
2.23075,-0.0847684329147417
2.230875,-0.0599403337445834
2.231,-1.26428662559874e-13
2.231125,0.0599403337445136
2.23125,0.0847684329147417
2.231375,0.0599403337446726
2.2315,9.84313523822358e-14
2.231625,-0.0599403337445334
2.23175,-0.0847684329147417
2.231875,-0.0599403337446528
2.232,-7.04340422045978e-14
2.232125,0.0599403337444442
2.23225,0.0847684329147417
2.232375,0.059940333744524
2.2325,1.96629613254063e-13
2.232625,-0.059940333744464
2.23275,-0.0847684329147417
2.232875,-0.0599403337447222
2.233,-1.44394218493219e-14
2.233125,0.0599403337443747
2.23325,0.0847684329147417
2.233375,0.0599403337445934
2.2335,2.9482787412589e-13
2.233625,-0.0599403337445035
2.23375,-0.0847684329147417
2.233875,-0.0599403337446826
2.234,-1.12637682721149e-13
2.234125,0.0599403337445233
2.23425,0.0847684329147417
2.234375,0.0599403337446628
2.2345,8.46403725435109e-14
2.234625,-0.0599403337444341
2.23475,-0.0847684329147417
2.234875,-0.059940333744643
2.235,-2.10835943592976e-13
2.235125,0.0599403337444539
2.23525,0.0847684329147417
2.235375,0.0599403337447323
2.2355,2.8645752188235e-14
2.235625,-0.0599403337445827
2.23575,-0.0847684329147417
2.235875,-0.0599403337446035
2.236,-6.48442010597042e-16
2.236125,0.0599403337444935
2.23625,0.0847684329147417
2.236375,0.0599403337446927
2.2365,1.26844013060062e-13
2.236625,-0.0599403337445133
2.23675,-0.0847684329147417
2.236875,-0.0599403337446729
2.237,-9.88467028824241e-14
2.237125,0.0599403337444241
2.23725,0.0847684329147417
2.237375,0.0599403337446531
2.2375,2.25042273931889e-13
2.237625,-0.0599403337444439
2.23775,-0.0847684329147417
2.237875,-0.0599403337447423
2.238,-1.97044963754251e-13
2.238125,0.0599403337445727
2.23825,0.0847684329147417
2.238375,0.0599403337446135
2.2385,1.48547723495101e-14
2.238625,-0.0599403337444835
2.23875,-0.0847684329147417
2.238875,-0.0599403337445937
2.239,-1.41050343398975e-13
2.239125,0.0599403337445033
2.23925,0.0847684329147417
2.239375,0.0599403337446829
2.2395,1.13053033221337e-13
2.239625,-0.0599403337445231
2.23975,-0.0847684329147417
2.239875,-0.0599403337446631
2.24,-8.50557230436992e-14
2.240125,0.0599403337444338
2.24025,0.0847684329147417
2.240375,0.0599403337447524
2.2405,2.11251294093164e-13
2.240625,-0.0599403337445626
2.24075,-0.0847684329147417
2.240875,-0.0599403337446235
2.241,-2.90611026884232e-14
2.241125,0.0599403337443644
2.24125,0.0847684329147417
2.241375,0.0599403337446037
2.2415,1.55256673737888e-13
2.241625,-0.0599403337444932
2.24175,-0.0847684329147417
2.241875,-0.059940333744693
2.242,-1.2725936356025e-13
2.242125,0.059940333744513
2.24225,0.0847684329147417
2.242375,0.0599403337446732
2.2425,9.92620533826123e-14
2.242625,-0.0599403337444238
2.24275,-0.0847684329147417
2.242875,-0.0599403337445444
2.243,-2.25457624432077e-13
2.243125,0.0599403337444436
2.24325,0.0847684329147417
2.243375,0.0599403337447426
2.2435,4.32674330273363e-14
2.243625,-0.0599403337445724
2.24375,-0.0847684329147417
2.243875,-0.0599403337446138
2.244,-1.52701228496984e-14
2.244125,0.0599403337444832
2.24425,0.0847684329147417
2.244375,0.059940333744703
2.2445,1.41465693899163e-13
2.244625,-0.059940333744503
2.24475,-0.0847684329147417
2.244875,-0.0599403337446832
2.245,-1.13468383721525e-13
2.245125,0.0599403337444137
2.24525,0.0847684329147417
2.245375,0.0599403337446634
2.2455,2.3966395477099e-13
2.245625,-0.0599403337444335
2.24575,-0.0847684329147417
2.245875,-0.0599403337447527
2.246,-5.74737633662495e-14
2.246125,0.0599403337445623
2.24625,0.0847684329147417
2.246375,0.0599403337446238
2.2465,2.94764531886115e-14
2.246625,-0.0599403337444731
2.24675,-0.0847684329147417
2.246875,-0.059940333744604
2.247,-1.55672024238076e-13
2.247125,0.0599403337444929
2.24725,0.0847684329147417
2.247375,0.0599403337446933
2.2475,1.27674714060438e-13
2.247625,-0.0599403337445127
2.24775,-0.0847684329147417
2.247875,-0.0599403337446735
2.248,5.45154773443024e-14
2.248125,0.0599403337444235
2.24825,0.0847684329147417
2.248375,0.0599403337447627
2.2485,2.25872974932265e-13
2.248625,-0.0599403337445523
2.24875,-0.0847684329147417
2.248875,-0.0599403337446339
2.249,-4.36827835275246e-14
2.249125,0.0599403337444631
2.24925,0.0847684329147417
2.249375,0.0599403337446141
2.2495,1.6987835457699e-13
2.249625,-0.0599403337444829
2.24975,-0.0847684329147417
2.249875,-0.0599403337447033
2.25,-1.41881044399352e-13
2.250125,0.0599403337445027
2.25025,0.0847684329147417
2.250375,0.0599403337446835
2.2505,-4.03091470053893e-14
2.250625,-0.0599403337444134
2.25075,-0.0847684329147417
2.250875,-0.0599403337445547
2.251,-2.40079305271179e-13
2.251125,0.0599403337445423
2.25125,0.0847684329147417
2.251375,0.0599403337446439
2.2515,5.78891138664377e-14
2.251625,-0.0599403337445621
2.25175,-0.0847684329147417
2.251875,-0.0599403337446241
2.252,-1.84084684915903e-13
2.252125,0.0599403337444728
2.25225,0.0847684329147417
2.252375,0.0599403337447134
2.2525,1.56087374738265e-13
2.252625,-0.0599403337444926
2.25275,-0.0847684329147417
2.252875,-0.0599403337446936
2.253,-1.28090064560627e-13
2.253125,0.0599403337444034
2.25325,0.0847684329147417
2.253375,0.0599403337445647
2.2535,2.54285635610092e-13
2.253625,-0.0599403337445322
2.25375,-0.0847684329147417
2.253875,-0.059940333744763
2.254,-7.20954442053508e-14
2.254125,0.059940333744552
2.25425,0.0847684329147417
2.254375,0.0599403337446342
2.2545,4.40981340277128e-14
2.254625,-0.0599403337444628
2.25475,-0.0847684329147417
2.254875,-0.0599403337446144
2.255,-1.70293705077178e-13
2.255125,0.0599403337444826
2.25525,0.0847684329147417
2.255375,0.0599403337447036
2.2555,1.4229639489954e-13
2.255625,-0.0599403337446114
2.25575,-0.0847684329147417
2.255875,-0.0599403337446838
2.256,-2.68491965949005e-13
2.256125,0.0599403337444131
2.25625,0.0847684329147417
2.256375,0.059940333744773
2.2565,8.63017745442639e-14
2.256625,-0.059940333744542
2.25675,-0.0847684329147417
2.256875,-0.0599403337446442
2.257,-5.83044643666259e-14
2.257125,0.0599403337444527
2.25725,0.0847684329147417
2.257375,0.0599403337446244
2.2575,1.84500035416091e-13
2.257625,-0.0599403337444725
2.25775,-0.0847684329147417
2.257875,-0.0599403337447137
2.258,-1.56502725238453e-13
2.258125,0.0599403337444923
2.25825,0.0847684329147417
2.258375,0.0599403337446939
2.2585,-2.5687466166288e-14
2.258625,-0.0599403337444031
2.25875,-0.0847684329147417
2.258875,-0.059940333744565
2.259,-2.5470098611028e-13
2.259125,0.0599403337445319
2.25925,0.0847684329147417
2.259375,0.0599403337446543
2.2595,7.2510794705539e-14
2.259625,-0.0599403337445517
2.25975,-0.0847684329147417
2.259875,-0.0599403337446345
2.26,-1.98706365755004e-13
2.260125,0.0599403337444625
2.26025,0.0847684329147417
2.260375,0.0599403337447237
2.2605,1.70709055577366e-13
2.260625,-0.0599403337444823
2.26075,-0.0847684329147417
2.260875,-0.0599403337447039
2.261,1.14811358273749e-14
2.261125,0.0599403337443931
2.26125,0.0847684329147417
2.261375,0.0599403337445751
2.2615,2.68907316449193e-13
2.261625,-0.0599403337445219
2.26175,-0.0847684329147417
2.261875,-0.0599403337446643
2.262,-8.67171250444521e-14
2.262125,0.0599403337445417
2.26225,0.0847684329147417
2.262375,0.0599403337446445
2.2625,5.87198148668142e-14
2.262625,-0.0599403337444524
2.26275,-0.0847684329147417
2.262875,-0.0599403337446247
2.263,-1.84915385916279e-13
2.263125,0.0599403337444722
2.26325,0.0847684329147417
2.263375,0.059940333744714
2.2635,1.56918075738641e-13
2.263625,-0.0599403337446011
2.26375,-0.0847684329147417
2.263875,-0.0599403337445851
2.264,-2.83113646788106e-13
2.264125,0.0599403337445118
2.26425,0.0847684329147417
2.264375,0.0599403337447834
2.2645,1.00923455383365e-13
2.264625,-0.0599403337445316
2.26475,-0.0847684329147417
2.264875,-0.0599403337446546
2.265,-7.29261452057273e-14
2.265125,0.0599403337444424
2.26525,0.0847684329147417
2.265375,0.0599403337446348
2.2655,1.99121716255192e-13
2.265625,-0.0599403337444622
2.26575,-0.0847684329147417
2.265875,-0.059940333744724
2.266,-1.71124406077554e-13
2.266125,0.059940333744591
2.26625,0.0847684329147417
2.266375,0.0599403337445952
2.2665,-1.10657853271866e-14
2.266625,-0.0599403337443928
2.26675,-0.0847684329147417
2.266875,-0.0599403337445754
2.267,-1.15129785722278e-13
2.267125,0.0599403337445216
2.26725,0.0847684329147417
2.267375,0.0599403337446646
2.2675,8.71324755446404e-14
2.267625,-0.0599403337444323
2.26775,-0.0847684329147417
2.267875,-0.0599403337446448
2.268,-2.13328046594105e-13
2.268125,0.0599403337444521
2.26825,0.0847684329147417
2.268375,0.059940333744734
2.2685,1.85330736416467e-13
2.268625,-0.0599403337444719
2.26875,-0.0847684329147417
2.268875,-0.0599403337447142
2.269,-3.14054501172647e-15
2.269125,0.0599403337443827
2.26925,0.0847684329147417
2.269375,0.0599403337445854
2.2695,1.29336116061191e-13
2.269625,-0.0599403337445115
2.26975,-0.0847684329147417
2.269875,-0.0599403337446747
2.27,-1.01338805883553e-13
2.270125,0.0599403337445313
2.27025,0.0847684329147417
2.270375,0.0599403337446549
2.2705,7.33414957059155e-14
2.270625,-0.0599403337444421
2.27075,-0.0847684329147417
2.270875,-0.0599403337446351
2.271,-1.9953706675538e-13
2.271125,0.0599403337444619
2.27125,0.0847684329147417
2.271375,0.0599403337447243
2.2715,1.73468753506396e-14
2.271625,-0.0599403337443727
2.27175,-0.0847684329147417
2.271875,-0.0599403337445955
2.272,-2.97735327627207e-13
2.272125,0.0599403337445015
2.27225,0.0847684329147417
2.272375,0.0599403337446847
2.2725,1.15545136222467e-13
2.272625,-0.0599403337445213
2.27275,-0.0847684329147417
2.272875,-0.0599403337446649
2.273,-8.75478260448286e-14
2.273125,0.0599403337444321
2.27325,0.0847684329147417
2.273375,0.0599403337446451
2.2735,2.13743397094294e-13
2.273625,-0.0599403337444519
2.27375,-0.0847684329147417
2.273875,-0.0599403337447343
2.274,-1.85746086916656e-13
2.274125,0.0599403337445807
2.27425,0.0847684329147417
2.274375,0.0599403337446055
2.2745,3.55589551191471e-15
2.274625,-0.0599403337444914
2.27475,-0.0847684329147417
2.274875,-0.0599403337445857
2.275,-1.2975146656138e-13
2.275125,0.0599403337445112
2.27525,0.0847684329147417
2.275375,0.0599403337446749
2.2755,1.01754156383742e-13
2.275625,-0.059940333744422
2.27575,-0.0847684329147417
2.275875,-0.0599403337446551
2.276,-2.27949727433207e-13
2.276125,0.0599403337444418
2.27625,0.0847684329147417
2.276375,0.0599403337447444
2.2765,1.99952417255569e-13
2.276625,-0.0599403337445706
2.27675,-0.0847684329147417
2.276875,-0.0599403337446155
2.277,-1.77622258508278e-14
2.277125,0.0599403337443724
2.27725,0.0847684329147417
2.277375,0.0599403337445958
2.2775,1.43957796900293e-13
2.277625,-0.0599403337445012
2.27775,-0.0847684329147417
2.277875,-0.059940333744685
2.278,-1.15960486722655e-13
2.278125,0.059940333744521
2.27825,0.0847684329147417
2.278375,0.0599403337446652
2.2785,8.79631765450168e-14
2.278625,-0.0599403337444318
2.27875,-0.0847684329147417
2.278875,-0.0599403337445364
2.279,-2.14158747594482e-13
2.279125,0.0599403337445606
2.27925,0.0847684329147417
2.279375,0.0599403337447346
2.2795,3.19685561897409e-14
2.279625,-0.0599403337443623
2.27975,-0.0847684329147417
2.279875,-0.0599403337446058
2.28,-1.58164127239206e-13
2.280125,0.0599403337444912
2.28025,0.0847684329147417
2.280375,0.059940333744695
2.2805,1.30166817061568e-13
2.280625,-0.059940333744511
2.28075,-0.0847684329147417
2.280875,-0.0599403337446752
2.281,-1.0216950688393e-13
2.281125,0.0599403337444217
2.28125,0.0847684329147417
2.281375,0.0599403337446554
2.2815,2.28365077933395e-13
2.281625,-0.0599403337444415
2.28175,-0.0847684329147417
2.281875,-0.0599403337447447
2.282,-4.6174886528654e-14
2.282125,0.0599403337445703
2.28225,0.0847684329147417
2.282375,0.0599403337446158
2.2825,1.81775763510161e-14
2.282625,-0.0599403337444811
2.28275,-0.0847684329147417
2.282875,-0.059940333744596
2.283,-1.44373147400481e-13
2.283125,0.0599403337445009
2.28325,0.0847684329147417
2.283375,0.0599403337446853
2.2835,1.16375837222843e-13
2.283625,-0.0599403337444117
2.28375,-0.0847684329147417
2.283875,-0.0599403337446655
2.284,-2.42571408272308e-13
2.284125,0.0599403337444315
2.28425,0.0847684329147417
2.284375,0.0599403337447547
2.2845,2.1457409809467e-13
2.284625,-0.0599403337445603
2.28475,-0.0847684329147417
2.284875,-0.0599403337446259
2.285,-3.23839066899292e-14
2.285125,0.0599403337444711
2.28525,0.0847684329147417
2.285375,0.0599403337446061
2.2855,1.58579477739394e-13
2.285625,-0.0599403337444909
2.28575,-0.0847684329147417
2.285875,-0.0599403337446953
2.286,-1.30582167561756e-13
2.286125,0.0599403337445107
2.28625,0.0847684329147417
2.286375,0.0599403337446755
2.2865,-5.16080238429847e-14
2.286625,-0.0599403337444214
2.28675,-0.0847684329147417
2.286875,-0.0599403337445467
2.287,-2.28780428433583e-13
2.287125,0.0599403337445503
2.28725,0.0847684329147417
2.287375,0.0599403337446359
2.2875,4.65902370288423e-14
2.287625,-0.059940333744352
2.28775,-0.0847684329147417
2.287875,-0.0599403337446161
2.288,-1.72785808078307e-13
2.288125,0.0599403337444808
2.28825,0.0847684329147417
2.288375,0.0599403337447054
2.2885,1.44788497900669e-13
2.288625,-0.0599403337445006
2.28875,-0.0847684329147417
2.288875,-0.0599403337446856
2.289,-1.16791187723031e-13
2.289125,0.0599403337444114
2.28925,0.0847684329147417
2.289375,0.0599403337445567
2.2895,2.42986758772496e-13
2.289625,-0.0599403337445402
2.28975,-0.0847684329147417
2.289875,-0.059940333744755
2.29,-6.07965673677554e-14
2.290125,0.05994033374456
2.29025,0.0847684329147417
2.290375,0.0599403337446262
2.2905,3.27992571901174e-14
2.290625,-0.0599403337444708
2.29075,-0.0847684329147417
2.290875,-0.0599403337446064
2.291,-1.58994828239582e-13
2.291125,0.0599403337444906
2.29125,0.0847684329147417
2.291375,0.0599403337446956
2.2915,1.30997518061944e-13
2.291625,-0.0599403337444013
2.29175,-0.0847684329147417
2.291875,-0.0599403337445668
2.292,-2.57193089111409e-13
2.292125,0.0599403337444211
2.29225,0.0847684329147417
2.292375,0.0599403337447651
2.2925,7.50028977066685e-14
2.292625,-0.05994033374455
2.29275,-0.0847684329147417
2.292875,-0.0599403337446362
2.293,-4.70055875290305e-14
2.293125,0.0599403337444607
2.29325,0.0847684329147417
2.293375,0.0599403337446164
2.2935,1.73201158578495e-13
2.293625,-0.0599403337444805
2.29375,-0.0847684329147417
2.293875,-0.0599403337447057
2.294,-1.45203848400858e-13
2.294125,0.0599403337445003
2.29425,0.0847684329147417
2.294375,0.0599403337446859
2.2945,-3.69863430038834e-14
2.294625,-0.0599403337444111
2.29475,-0.0847684329147417
2.294875,-0.059940333744557
2.295,-8.92092280455816e-14
2.295125,0.0599403337445399
2.29525,0.0847684329147417
2.295375,0.0599403337446463
2.2955,6.12119178679436e-14
2.295625,-0.0599403337444507
2.29575,-0.0847684329147417
2.295875,-0.0599403337446265
2.296,-1.87407488917409e-13
2.296125,0.0599403337444705
2.29625,0.0847684329147417
2.296375,0.0599403337447157
2.2965,1.59410178739771e-13
2.296625,-0.0599403337444903
2.29675,-0.0847684329147417
2.296875,-0.0599403337446959
2.297,2.27800126649703e-14
2.297125,0.059940333744401
2.29725,0.0847684329147417
2.297375,0.0599403337445671
2.2975,2.57608439611598e-13
2.297625,-0.0599403337445299
2.29775,-0.0847684329147417
2.297875,-0.0599403337446563
2.298,-7.54182482068567e-14
2.298125,0.0599403337445497
2.29825,0.0847684329147417
2.298375,0.0599403337446365
2.2985,4.74209380292187e-14
2.298625,-0.0599403337444604
2.29875,-0.0847684329147417
2.298875,-0.0599403337447258
2.299,-1.73616509078684e-13
2.299125,0.0599403337444802
2.29925,0.0847684329147417
2.299375,0.059940333744706
2.2995,1.45619198901046e-13
2.299625,-0.059940333744391
2.29975,-0.0847684329147417
2.299875,-0.0599403337445771
2.3,-2.71814769950511e-13
2.300125,0.0599403337445198
2.30025,0.0847684329147417
2.300375,0.0599403337447754
2.3005,8.96245785457698e-14
2.300625,-0.0599403337445396
2.30075,-0.0847684329147417
2.300875,-0.0599403337446466
2.301,-6.16272683681318e-14
2.301125,0.0599403337444504
2.30125,0.0847684329147417
2.301375,0.0599403337446268
2.3015,1.87822839417597e-13
2.301625,-0.0599403337444702
2.30175,-0.0847684329147417
2.301875,-0.059940333744716
2.302,-1.59825529239959e-13
2.302125,0.059940333744599
2.30225,0.0847684329147417
2.302375,0.0599403337445872
2.3025,-2.23646621647821e-14
2.302625,-0.0599403337444007
2.30275,-0.0847684329147417
2.302875,-0.0599403337447854
2.303,-1.03830908884683e-13
2.303125,0.0599403337445296
2.30325,0.0847684329147417
2.303375,0.0599403337446566
2.3035,7.58335987070449e-14
2.303625,-0.0599403337444403
2.30375,-0.0847684329147417
2.303875,-0.0599403337446368
2.304,-2.0202916975651e-13
2.304125,0.0599403337444601
2.30425,0.0847684329147417
2.304375,0.059940333744726
2.3045,1.74031859578872e-13
2.304625,-0.059940333744589
2.30475,-0.0847684329147417
2.304875,-0.0599403337447063
2.305,8.15833182586896e-15
2.305125,0.0599403337443907
2.30525,0.0847684329147417
2.305375,0.0599403337445774
2.3055,1.18037239223596e-13
2.305625,-0.0599403337445195
2.30575,-0.0847684329147417
2.305875,-0.0599403337446667
2.306,-9.0039929045958e-14
2.306125,0.0599403337445393
2.30625,0.0847684329147417
2.306375,0.0599403337446469
2.3065,6.20426188683201e-14
2.306625,-0.0599403337444501
2.30675,-0.0847684329147417
2.306875,-0.0599403337447361
2.307,-1.88238189917785e-13
2.307125,0.0599403337444699
2.30725,0.0847684329147417
2.307375,0.0599403337447163
2.3075,6.04799851304414e-15
2.307625,-0.0599403337443807
2.30775,-0.0847684329147417
2.307875,-0.0599403337445875
2.308,-2.86436450789612e-13
2.308125,0.0599403337445095
2.30825,0.0847684329147417
2.308375,0.0599403337446767
2.3085,1.04246259384871e-13
2.308625,-0.0599403337445293
2.30875,-0.0847684329147417
2.308875,-0.0599403337446569
2.309,-7.62489492072332e-14
2.309125,0.05994033374444
2.30925,0.0847684329147417
2.309375,0.0599403337446371
2.3095,2.02444520256698e-13
2.309625,-0.0599403337444598
2.30975,-0.0847684329147417
2.309875,-0.0599403337447263
2.31,-1.7444721007906e-13
2.310125,0.0599403337445887
2.31025,0.0847684329147417
2.310375,0.0599403337445975
2.3105,-7.74298132568072e-15
2.310625,-0.0599403337444994
2.31075,-0.0847684329147417
2.310875,-0.0599403337446868
2.311,-1.18452589723784e-13
2.311125,0.0599403337445192
2.31125,0.0847684329147417
2.311375,0.059940333744667
2.3115,9.04552795461463e-14
2.311625,-0.05994033374443
2.31175,-0.0847684329147417
2.311875,-0.0599403337446472
2.312,-2.16650850595611e-13
2.312125,0.0599403337444498
2.31225,0.0847684329147417
2.312375,0.0599403337447364
2.3125,1.88653540417973e-13
2.312625,-0.0599403337445786
2.31275,-0.0847684329147417
2.312875,-0.0599403337446076
2.313,-6.46334901323238e-15
2.313125,0.0599403337443804
2.31325,0.0847684329147417
2.313375,0.0599403337445878
2.3135,1.32658920062697e-13
2.313625,-0.0599403337445092
2.31375,-0.0847684329147417
2.313875,-0.059940333744677
2.314,-1.04661609885059e-13
2.314125,0.059940333744529
2.31425,0.0847684329147417
2.314375,0.0599403337446572
2.3145,2.30857180934524e-13
2.314625,-0.0599403337444398
2.31475,-0.0847684329147417
2.314875,-0.0599403337447464
2.315,-2.02859870756886e-13
2.315125,0.0599403337445686
2.31525,0.0847684329147417
2.315375,0.0599403337447266
2.3155,2.06696793521455e-14
2.315625,-0.0599403337443703
2.31575,-0.0847684329147417
2.315875,-0.0599403337445978
2.316,-1.4686525040161e-13
2.316125,0.0599403337444991
2.31625,0.0847684329147417
2.316375,0.059940333744687
2.3165,1.18867940223972e-13
2.316625,-0.0599403337445189
2.31675,-0.0847684329147417
2.316875,-0.0599403337446672
2.317,-9.08706300463345e-14
2.317125,0.0599403337444297
2.31725,0.0847684329147417
2.317375,0.0599403337445384
2.3175,2.17066201095799e-13
2.317625,-0.0599403337444495
2.31775,-0.0847684329147417
2.317875,-0.0599403337447367
2.318,-3.48760096910586e-14
2.318125,0.0599403337445783
2.31825,0.0847684329147417
2.318375,0.0599403337446079
2.3185,3.15264461967626e-13
2.318625,-0.0599403337444891
2.31875,-0.0847684329147417
2.318875,-0.0599403337446971
2.319,-1.33074270562886e-13
2.319125,0.0599403337445089
2.31925,0.0847684329147417
2.319375,0.0599403337446773
2.3195,1.05076960385248e-13
2.319625,-0.0599403337444197
2.31975,-0.0847684329147417
2.319875,-0.0599403337446575
2.32,-2.31272531434713e-13
2.320125,0.0599403337444395
2.32025,0.0847684329147417
2.320375,0.0599403337447467
2.3205,4.90823400299717e-14
2.320625,-0.0599403337445683
2.32075,-0.0847684329147417
2.320875,-0.0599403337446179
2.321,-2.10850298523337e-14
2.321125,0.059940333744479
2.32125,0.0847684329147417
2.321375,0.0599403337445981
2.3215,1.47280600901799e-13
2.321625,-0.0599403337444988
2.32175,-0.0847684329147417
2.321875,-0.0599403337446873
2.322,-1.19283290724161e-13
2.322125,0.0599403337445186
2.32225,0.0847684329147417
2.322375,0.0599403337446675
2.3225,2.45478861773626e-13
2.322625,-0.0599403337444294
2.32275,-0.0847684329147417
2.322875,-0.0599403337447568
2.323,-2.17481551595988e-13
2.323125,0.0599403337445582
2.32325,0.0847684329147417
2.323375,0.0599403337446279
2.3235,3.52913601912468e-14
2.323625,-0.059940333744469
2.32375,-0.0847684329147417
2.323875,-0.0599403337446082
2.324,-1.61486931240712e-13
2.324125,0.0599403337444888
2.32425,0.0847684329147417
2.324375,0.0599403337446974
2.3245,1.33489621063074e-13
2.324625,-0.0599403337445086
2.32475,-0.0847684329147417
2.324875,-0.0599403337446776
2.325,-1.05492310885436e-13
2.325125,0.0599403337444194
2.32525,0.0847684329147417
2.325375,0.0599403337445488
2.3255,2.31687881934901e-13
2.325625,-0.0599403337445482
2.32575,-0.0847684329147417
2.325875,-0.059940333744747
2.326,-4.94976905301599e-14
2.326125,0.059940333744568
2.32625,0.0847684329147417
2.326375,0.0599403337446182
2.3265,1.75693261579625e-13
2.326625,-0.0599403337444788
2.32675,-0.0847684329147417
2.326875,-0.0599403337447074
2.327,-1.47695951401987e-13
2.327125,0.0599403337444986
2.32725,0.0847684329147417
2.327375,0.0599403337446876
2.3275,1.19698641224349e-13
2.327625,-0.0599403337444093
2.32775,-0.0847684329147417
2.327875,-0.0599403337445588
2.328,-2.45894212273814e-13
2.328125,0.0599403337444291
2.32825,0.0847684329147417
2.328375,0.0599403337447571
2.3285,6.3704020869073e-14
2.328625,-0.0599403337445579
2.32875,-0.0847684329147417
2.328875,-0.0599403337446282
2.329,-3.57067106914351e-14
2.329125,0.0599403337444687
2.32925,0.0847684329147417
2.329375,0.0599403337446084
2.3295,1.619022817409e-13
2.329625,-0.0599403337444885
2.32975,-0.0847684329147417
2.329875,-0.0599403337446977
2.33,-1.33904971563262e-13
2.330125,0.0599403337443993
2.33025,0.0847684329147417
2.330375,0.0599403337446779
2.3305,2.60100542612727e-13
2.330625,-0.0599403337444191
2.33075,-0.0847684329147417
2.330875,-0.0599403337447671
2.331,-7.79103512079861e-14
2.331125,0.0599403337445479
2.33125,0.0847684329147417
2.331375,0.0599403337446383
2.3315,4.99130410303482e-14
2.331625,-0.0599403337444587
2.33175,-0.0847684329147417
2.331875,-0.0599403337446185
2.332,-1.76108612079813e-13
2.332125,0.0599403337444785
2.33225,0.0847684329147417
2.332375,0.0599403337447077
2.3325,1.48111301902175e-13
2.332625,-0.0599403337444983
2.33275,-0.0847684329147417
2.332875,-0.0599403337446879
2.333,3.40788895025657e-14
2.333125,0.059940333744409
2.33325,0.0847684329147417
2.333375,0.0599403337445591
2.3335,2.46309562774002e-13
2.333625,-0.0599403337445379
2.33375,-0.0847684329147417
2.333875,-0.0599403337446483
2.334,-6.41193713692613e-14
2.334125,0.0599403337444486
2.33425,0.0847684329147417
2.334375,0.0599403337446285
2.3345,1.90314942418726e-13
2.334625,-0.0599403337444684
2.33475,-0.0847684329147417
2.334875,-0.0599403337447178
2.335,-1.62317632241088e-13
2.335125,0.0599403337444882
2.33525,0.0847684329147417
2.335375,0.059940333744698
2.3355,1.3432032206345e-13
2.335625,-0.059940333744399
2.33575,-0.0847684329147417
2.335875,-0.0599403337445691
2.336,-2.60515893112915e-13
2.336125,0.0599403337445278
2.33625,0.0847684329147417
2.336375,0.0599403337446584
2.3365,7.83257017081744e-14
2.336625,-0.0599403337445476
2.33675,-0.0847684329147417
2.336875,-0.0599403337446386
2.337,-5.03283915305364e-14
2.337125,0.0599403337444584
2.33725,0.0847684329147417
2.337375,0.0599403337446188
2.3375,1.76523962580001e-13
2.337625,-0.0599403337444782
2.33775,-0.0847684329147417
2.337875,-0.059940333744708
2.338,-1.48526652402363e-13
2.338125,0.0599403337443889
2.33825,0.0847684329147417
2.338375,0.0599403337445792
2.3385,2.74722223451828e-13
2.338625,-0.0599403337445178
2.33875,-0.0847684329147417
2.338875,-0.0599403337447774
2.339,-9.25320320470875e-14
2.339125,0.0599403337445376
2.33925,0.0847684329147417
2.339375,0.0599403337446486
2.3395,6.45347218694495e-14
2.339625,-0.0599403337444483
2.33975,-0.0847684329147417
2.339875,-0.0599403337446288
2.34,-1.90730292918914e-13
2.340125,0.0599403337444681
2.34025,0.0847684329147417
2.340375,0.0599403337447181
2.3405,1.62732982741277e-13
2.340625,-0.059940333744597
2.34075,-0.0847684329147417
2.340875,-0.0599403337446983
2.341,1.94572086634644e-14
2.341125,0.0599403337443987
2.34125,0.0847684329147417
2.341375,0.0599403337445694
2.3415,1.06738362386001e-13
2.341625,-0.0599403337445275
2.34175,-0.0847684329147417
2.341875,-0.0599403337446587
2.342,-7.87410522083626e-14
2.342125,0.0599403337444383
2.34225,0.0847684329147417
2.342375,0.0599403337446389
2.3425,2.04936623257828e-13
2.342625,-0.0599403337444581
2.34275,-0.0847684329147417
2.342875,-0.0599403337447281
2.343,-1.7693931308019e-13
2.343125,0.0599403337444779
2.34325,0.0847684329147417
2.343375,0.0599403337447083
2.3435,-5.25087832455129e-15
2.343625,-0.0599403337443886
2.34375,-0.0847684329147417
2.343875,-0.0599403337445795
2.344,-2.75137573952017e-13
2.344125,0.0599403337445175
2.34425,0.0847684329147417
2.344375,0.0599403337446687
2.3445,9.29473825472757e-14
2.344625,-0.0599403337445373
2.34475,-0.0847684329147417
2.344875,-0.0599403337446489
2.345,-6.49500723696377e-14
2.345125,0.059940333744448
2.34525,0.0847684329147417
2.345375,0.0599403337446291
2.3455,1.91145643419103e-13
2.345625,-0.0599403337444678
2.34575,-0.0847684329147417
2.345875,-0.0599403337447184
2.346,-8.95545201436181e-15
2.346125,0.0599403337443786
2.34625,0.0847684329147417
2.346375,0.0599403337445895
2.3465,2.8934390429093e-13
2.346625,-0.0599403337445074
2.34675,-0.0847684329147417
2.346875,-0.0599403337446788
2.347,-1.07153712886189e-13
2.347125,0.0599403337445272
2.34725,0.0847684329147417
2.347375,0.059940333744659
2.3475,7.91564027085508e-14
2.347625,-0.059940333744438
2.34775,-0.0847684329147417
2.347875,-0.0599403337446392
2.348,-2.05351973758016e-13
2.348125,0.0599403337444578
2.34825,0.0847684329147417
2.348375,0.0599403337447284
2.3485,1.77354663580378e-13
2.348625,-0.0599403337445866
2.34875,-0.0847684329147417
2.348875,-0.0599403337445996
2.349,4.83552782436305e-15
2.349125,0.0599403337444974
2.34925,0.0847684329147417
2.349375,0.0599403337445798
2.3495,1.21360043225102e-13
2.349625,-0.0599403337445172
2.34975,-0.0847684329147417
2.349875,-0.059940333744669
2.35,-9.33627330474639e-14
2.350125,0.0599403337444279
2.35025,0.0847684329147417
2.350375,0.0599403337446492
2.3505,2.19558304096929e-13
2.350625,-0.0599403337444477
2.35075,-0.0847684329147417
2.350875,-0.0599403337447384
2.351,-1.91560993919291e-13
2.351125,0.0599403337445766
2.35125,0.0847684329147417
2.351375,0.0599403337446096
2.3515,9.37080251455005e-15
2.351625,-0.0599403337443783
2.35175,-0.0847684329147417
2.351875,-0.0599403337445898
2.352,-1.35566373564015e-13
2.352125,0.0599403337445071
2.35225,0.0847684329147417
2.352375,0.0599403337446791
2.3525,1.07569063386377e-13
2.352625,-0.0599403337445269
2.35275,-0.0847684329147417
2.352875,-0.0599403337446593
2.353,-7.95717532087391e-14
2.353125,0.0599403337444377
2.35325,0.0847684329147417
2.353375,0.0599403337445304
2.3535,2.05767324258204e-13
2.353625,-0.0599403337444575
2.35375,-0.0847684329147417
2.353875,-0.0599403337447287
2.354,-2.35771328534632e-14
2.354125,0.0599403337443683
2.35425,0.0847684329147417
2.354375,0.0599403337445999
2.3545,1.49772703902928e-13
2.354625,-0.0599403337444971
2.35475,-0.0847684329147417
2.354875,-0.0599403337446891
2.355,-1.2177539372529e-13
2.355125,0.0599403337445169
2.35525,0.0847684329147417
2.355375,0.0599403337446693
2.3555,9.37780835476522e-14
2.355625,-0.0599403337444277
2.35575,-0.0847684329147417
2.355875,-0.0599403337446495
2.356,-2.19973654597117e-13
2.356125,0.0599403337444474
2.35625,0.0847684329147417
2.356375,0.0599403337447387
2.3565,3.77834631923763e-14
2.356625,-0.0599403337445763
2.35675,-0.0847684329147417
2.356875,-0.0599403337446099
2.357,-9.78615301473829e-15
2.357125,0.059940333744487
2.35725,0.0847684329147417
2.357375,0.0599403337445901
2.3575,1.35981724064203e-13
2.357625,-0.0599403337445068
2.35775,-0.0847684329147417
2.357875,-0.0599403337446793
2.358,-1.07984413886565e-13
2.358125,0.0599403337444176
2.35825,0.0847684329147417
2.358375,0.0599403337446596
2.3585,2.3417998493603e-13
2.358625,-0.0599403337444374
2.35875,-0.0847684329147417
2.358875,-0.0599403337447488
2.359,-2.06182674758392e-13
2.359125,0.0599403337445662
2.35925,0.0847684329147417
2.359375,0.05994033374462
2.3595,2.39924833536514e-14
2.359625,-0.059940333744477
2.35975,-0.0847684329147417
2.359875,-0.0599403337446002
2.36,-1.50188054403116e-13
2.360125,0.0599403337444968
2.36025,0.0847684329147417
2.360375,0.0599403337446894
2.3605,1.22190744225478e-13
2.360625,-0.0599403337445166
2.36075,-0.0847684329147417
2.360875,-0.0599403337446696
2.361,5.99994471792625e-14
2.361125,0.0599403337444274
2.36125,0.0847684329147417
2.361375,0.0599403337447588
2.3615,2.20389005097305e-13
2.361625,-0.0599403337445562
2.36175,-0.0847684329147417
2.361875,-0.05994033374463
2.362,-3.81988136925645e-14
2.362125,0.0599403337443579
2.36225,0.0847684329147417
2.362375,0.0599403337446102
2.3625,1.64394384742029e-13
2.362625,-0.0599403337444867
2.36275,-0.0847684329147417
2.362875,-0.0599403337446994
2.363,-1.36397074564391e-13
2.363125,0.0599403337445065
2.36325,0.0847684329147417
2.363375,0.0599403337446796
2.3635,1.08399764386754e-13
2.363625,-0.0599403337444173
2.36375,-0.0847684329147417
2.363875,-0.0599403337445508
2.364,-2.34595335436218e-13
2.364125,0.0599403337445461
2.36425,0.0847684329147417
2.364375,0.0599403337447491
2.3645,5.24051440314776e-14
2.364625,-0.0599403337445659
2.36475,-0.0847684329147417
2.364875,-0.0599403337446203
2.365,-2.44078338538396e-14
2.365125,0.0599403337444767
2.36525,0.0847684329147417
2.365375,0.0599403337447095
2.3655,1.50603404903305e-13
2.365625,-0.0599403337444965
2.36575,-0.0847684329147417
2.365875,-0.0599403337446897
2.366,-1.22606094725667e-13
2.366125,0.0599403337444073
2.36625,0.0847684329147417
2.366375,0.0599403337446699
2.3665,2.48801665775132e-13
2.366625,-0.0599403337444271
2.36675,-0.0847684329147417
2.366875,-0.0599403337447591
2.367,-6.66114743703907e-14
2.367125,0.0599403337445559
2.36725,0.0847684329147417
2.367375,0.0599403337446303
2.3675,3.86141641927527e-14
2.367625,-0.0599403337444667
2.36775,-0.0847684329147417
2.367875,-0.0599403337446105
2.368,-1.64809735242218e-13
2.368125,0.0599403337444865
2.36825,0.0847684329147417
2.368375,0.0599403337446997
2.3685,1.3681242506458e-13
2.368625,-0.0599403337445062
2.36875,-0.0847684329147417
2.368875,-0.0599403337446799
2.369,4.53777663401612e-14
2.369125,0.059940333744417
2.36925,0.0847684329147417
2.369375,0.0599403337447692
2.3695,2.35010685936407e-13
2.369625,-0.0599403337445458
2.36975,-0.0847684329147417
2.369875,-0.0599403337446403
2.37,-5.28204945316658e-14
2.370125,0.0599403337444566
2.37025,0.0847684329147417
2.370375,0.0599403337446205
2.3705,1.79016065581131e-13
2.370625,-0.0599403337444764
2.37075,-0.0847684329147417
2.370875,-0.0599403337447098
2.371,-1.51018755403493e-13
2.371125,0.0599403337444962
2.37125,0.0847684329147417
2.371375,0.05994033374469
2.3715,-3.11714360012481e-14
2.371625,-0.059940333744407
2.37175,-0.0847684329147417
2.371875,-0.0599403337445612
2.372,-2.4921701627532e-13
2.372125,0.0599403337445358
2.37225,0.0847684329147417
2.372375,0.0599403337446504
2.3725,6.70268248705789e-14
2.372625,-0.0599403337445556
2.37275,-0.0847684329147417
2.372875,-0.0599403337446306
2.373,-3.9029514692941e-14
2.373125,0.0599403337444664
2.37325,0.0847684329147417
2.373375,0.0599403337447198
2.3735,1.65225085742406e-13
2.373625,-0.0599403337444862
2.37375,-0.0847684329147417
2.373875,-0.0599403337447
2.374,-1.37227775564768e-13
2.374125,0.0599403337443969
2.37425,0.0847684329147417
2.374375,0.0599403337445712
2.3745,2.63423346614233e-13
2.374625,-0.0599403337445258
2.37475,-0.0847684329147417
2.374875,-0.0599403337447695
2.375,-8.1233155209492e-14
2.375125,0.0599403337445456
2.37525,0.0847684329147417
2.375375,0.0599403337446406
2.3755,5.32358450318541e-14
2.375625,-0.0599403337444563
2.37575,-0.0847684329147417
2.375875,-0.0599403337446208
2.376,-1.79431416081319e-13
2.376125,0.0599403337444761
2.37625,0.0847684329147417
2.376375,0.0599403337447101
2.3765,1.51434105903681e-13
2.376625,-0.0599403337446049
2.37675,-0.0847684329147417
2.376875,-0.0599403337445812
2.377,-2.77629676953146e-13
2.377125,0.0599403337444067
2.37725,0.0847684329147417
2.377375,0.0599403337447795
2.3775,9.54394855484052e-14
2.377625,-0.0599403337445355
2.37775,-0.0847684329147417
2.377875,-0.0599403337446507
2.378,-6.74421753707672e-14
2.378125,0.0599403337444463
2.37825,0.0847684329147417
2.378375,0.0599403337446309
2.3785,1.93637746420232e-13
2.378625,-0.0599403337444661
2.37875,-0.0847684329147417
2.378875,-0.0599403337447201
2.379,-1.65640436242594e-13
2.379125,0.0599403337444859
2.37925,0.0847684329147417
2.379375,0.0599403337447003
2.3795,-1.65497551621467e-14
2.379625,-0.0599403337443966
2.37975,-0.0847684329147417
2.379875,-0.0599403337445715
2.38,-1.09645815887318e-13
2.380125,0.0599403337445255
2.38025,0.0847684329147417
2.380375,0.0599403337446607
2.3805,8.16485057096803e-14
2.380625,-0.0599403337445453
2.38075,-0.0847684329147417
2.380875,-0.0599403337446409
2.381,-2.07844076759145e-13
2.381125,0.059940333744456
2.38125,0.0847684329147417
2.381375,0.0599403337447302
2.3815,1.79846766581507e-13
2.381625,-0.0599403337444758
2.38175,-0.0847684329147417
2.381875,-0.0599403337447104
2.382,2.34342482323362e-15
2.382125,0.0599403337443866
2.38225,0.0847684329147417
2.382375,0.0599403337445815
2.3825,2.78045027453334e-13
2.382625,-0.0599403337445154
2.38275,-0.0847684329147417
2.382875,-0.0599403337446708
2.383,-9.58548360485934e-14
2.383125,0.0599403337445352
2.38325,0.0847684329147417
2.383375,0.059940333744651
2.3835,6.78575258709554e-14
2.383625,-0.059940333744446
2.38375,-0.0847684329147417
2.383875,-0.0599403337446312
2.384,-1.9405309692042e-13
2.384125,0.0599403337444658
2.38425,0.0847684329147417
2.384375,0.0599403337447204
2.3845,1.66055786742782e-13
2.384625,-0.0599403337445946
2.38475,-0.0847684329147417
2.384875,-0.0599403337445916
2.385,-2.92251357792247e-13
2.385125,0.0599403337445054
2.38525,0.0847684329147417
2.385375,0.0599403337447899
2.3855,1.10061166387506e-13
2.385625,-0.0599403337445252
2.38575,-0.0847684329147417
2.385875,-0.059940333744661
2.386,-8.20638562098685e-14
2.386125,0.0599403337444359
2.38625,0.0847684329147417
2.386375,0.0599403337446412
2.3865,2.08259427259333e-13
2.386625,-0.0599403337444557
2.38675,-0.0847684329147417
2.386875,-0.0599403337447305
2.387,-1.80262117081696e-13
2.387125,0.0599403337445846
2.38725,0.0847684329147417
2.387375,0.0599403337446016
2.3875,-1.92807432304538e-15
2.387625,-0.0599403337443863
2.38775,-0.0847684329147417
2.387875,-0.0599403337445818
2.388,-1.2426749672642e-13
2.388125,0.0599403337445151
2.38825,0.0847684329147417
2.388375,0.0599403337446711
2.3885,9.62701865487816e-14
2.388625,-0.0599403337445349
2.38875,-0.0847684329147417
2.388875,-0.0599403337446513
2.389,-2.22465757598247e-13
2.389125,0.0599403337444457
2.38925,0.0847684329147417
2.389375,0.0599403337447405
2.3895,1.94468447420609e-13
2.389625,-0.0599403337445745
2.38975,-0.0847684329147417
2.389875,-0.0599403337447207
2.39,-1.22782560158677e-14
2.390125,0.0599403337443763
2.39025,0.0847684329147417
2.390375,0.0599403337445919
2.3905,1.38473827065333e-13
2.390625,-0.0599403337445051
2.39075,-0.0847684329147417
2.390875,-0.0599403337446811
2.391,-1.10476516887695e-13
2.391125,0.0599403337445249
2.39125,0.0847684329147417
2.391375,0.0599403337446613
2.3915,8.24792067100568e-14
2.391625,-0.0599403337444356
2.39175,-0.0847684329147417
2.391875,-0.0599403337446415
2.392,-2.08674777759522e-13
2.392125,0.0599403337444554
2.39225,0.0847684329147417
2.392375,0.0599403337447307
2.3925,2.64845863547808e-14
2.392625,-0.0599403337443662
2.39275,-0.0847684329147417
2.392875,-0.0599403337446019
2.393,-3.06873038631349e-13
2.393125,0.059940333744495
2.39325,0.0847684329147417
2.393375,0.0599403337446912
2.3935,1.24682847226608e-13
2.393625,-0.0599403337445148
2.39375,-0.0847684329147417
2.393875,-0.0599403337446714
2.394,-9.66855370489699e-14
2.394125,0.0599403337444256
2.39425,0.0847684329147417
2.394375,0.0599403337446516
2.3945,2.22881108098435e-13
2.394625,-0.0599403337444454
2.39475,-0.0847684329147417
2.394875,-0.0599403337447408
2.395,-1.94883797920797e-13
2.395125,0.0599403337445742
2.39525,0.0847684329147417
2.395375,0.059940333744612
2.3955,1.2693606516056e-14
2.395625,-0.059940333744485
2.39575,-0.0847684329147417
2.395875,-0.0599403337445922
2.396,-1.38889177565521e-13
2.396125,0.0599403337445048
2.39625,0.0847684329147417
2.396375,0.0599403337446814
2.3965,1.10891867387883e-13
2.396625,-0.0599403337444155
2.39675,-0.0847684329147417
2.396875,-0.0599403337446616
2.397,-2.37087438437348e-13
2.397125,0.0599403337444353
2.39725,0.0847684329147417
2.397375,0.0599403337447508
2.3975,2.0909012825971e-13
2.397625,-0.0599403337445642
2.39775,-0.0847684329147417
2.397875,-0.059940333744622
2.398,-2.68999368549691e-14
2.398125,0.0599403337443659
2.39825,0.0847684329147417
2.398375,0.0599403337446022
2.3985,1.53095507904434e-13
2.398625,-0.0599403337444947
2.39875,-0.0847684329147417
2.398875,-0.0599403337446915
2.399,-1.25098197726796e-13
2.399125,0.0599403337445145
2.39925,0.0847684329147417
2.399375,0.0599403337446716
2.3995,9.71008875491581e-14
2.399625,-0.0599403337444253
2.39975,-0.0847684329147417
2.399875,-0.0599403337445428
2.4,-2.23296458598623e-13
2.400125,0.0599403337445541
2.40025,0.0847684329147417
2.400375,0.0599403337447411
2.4005,4.11062671938822e-14
2.400625,-0.0599403337443559
2.40075,-0.0847684329147417
2.400875,-0.0599403337446123
2.401,-1.67301838243347e-13
2.401125,0.0599403337444847
2.40125,0.0847684329147417
2.401375,0.0599403337447015
2.4015,1.39304528065709e-13
2.401625,-0.0599403337445045
2.40175,-0.0847684329147417
2.401875,-0.0599403337446817
2.402,-1.11307217888071e-13
2.402125,0.0599403337444153
2.40225,0.0847684329147417
2.402375,0.0599403337445529
2.4025,2.37502788937536e-13
2.402625,-0.0599403337444351
2.40275,-0.0847684329147417
2.402875,-0.0599403337447511
2.403,-5.53125975327953e-14
2.403125,0.0599403337445639
2.40325,0.0847684329147417
2.403375,0.0599403337446223
2.4035,2.73152873551573e-14
2.403625,-0.0599403337444746
2.40375,-0.0847684329147417
2.403875,-0.0599403337446025
2.404,-1.53510858404622e-13
2.404125,0.0599403337444944
2.40425,0.0847684329147417
2.404375,0.0599403337446917
2.4045,1.25513548226984e-13
2.404625,-0.0599403337444052
2.40475,-0.0847684329147417
2.404875,-0.0599403337446719
2.405,-2.51709119276449e-13
2.405125,0.059940333744425
2.40525,0.0847684329147417
2.405375,0.0599403337447612
2.4055,6.95189278717084e-14
2.405625,-0.0599403337445538
2.40575,-0.0847684329147417
2.405875,-0.0599403337446323
2.406,-4.15216176940704e-14
2.406125,0.0599403337444646
2.40625,0.0847684329147417
2.406375,0.0599403337446126
2.4065,1.67717188743535e-13
2.406625,-0.0599403337444844
2.40675,-0.0847684329147417
2.406875,-0.0599403337447018
2.407,-1.39719878565897e-13
2.407125,0.0599403337445042
2.40725,0.0847684329147417
2.407375,0.059940333744682
2.4075,-4.24703128388435e-14
2.407625,-0.059940333744415
2.40775,-0.0847684329147417
2.407875,-0.0599403337445532
2.408,-2.37918139437724e-13
2.408125,0.0599403337445438
2.40825,0.0847684329147417
2.408375,0.0599403337446424
2.4085,5.57279480329835e-14
2.408625,-0.0599403337444546
2.40875,-0.0847684329147417
2.408875,-0.0599403337446226
2.409,-1.81923519082448e-13
2.409125,0.0599403337444744
2.40925,0.0847684329147417
2.409375,0.0599403337447118
2.4095,1.53926208904811e-13
2.409625,-0.0599403337444942
2.40975,-0.0847684329147417
2.409875,-0.059940333744692
2.41,-1.25928898727173e-13
2.410125,0.0599403337444049
2.41025,0.0847684329147417
2.410375,0.0599403337445632
2.4105,2.52124469776638e-13
2.410625,-0.0599403337445337
2.41075,-0.0847684329147417
2.410875,-0.0599403337447615
2.411,-6.99342783718966e-14
2.411125,0.0599403337445535
2.41125,0.0847684329147417
2.411375,0.0599403337446326
2.4115,4.19369681942586e-14
2.411625,-0.0599403337444643
2.41175,-0.0847684329147417
2.411875,-0.0599403337446128
2.412,-1.68132539243724e-13
2.412125,0.0599403337444841
2.41225,0.0847684329147417
2.412375,0.0599403337447021
2.4125,1.40135229066086e-13
2.412625,-0.0599403337443949
2.41275,-0.0847684329147417
2.412875,-0.0599403337445733
2.413,-2.66330800115551e-13
2.413125,0.0599403337444147
2.41325,0.0847684329147417
2.413375,0.0599403337447715
2.4135,8.41406087108097e-14
2.413625,-0.0599403337445435
2.41375,-0.0847684329147417
2.413875,-0.0599403337446427
2.414,-5.61432985331717e-14
2.414125,0.0599403337444543
2.41425,0.0847684329147417
2.414375,0.0599403337446229
2.4145,1.82338869582637e-13
2.414625,-0.0599403337444741
2.41475,-0.0847684329147417
2.414875,-0.0599403337447121
2.415,-1.54341559404999e-13
2.415125,0.0599403337446029
2.41525,0.0847684329147417
2.415375,0.0599403337446923
2.4155,-2.78486319997422e-14
2.415625,-0.0599403337444046
2.41575,-0.0847684329147417
2.415875,-0.0599403337445635
2.416,-9.83469390497228e-14
2.416125,0.0599403337445334
2.41625,0.0847684329147417
2.416375,0.0599403337446527
2.4165,7.03496288720848e-14
2.416625,-0.0599403337444442
2.41675,-0.0847684329147417
2.416875,-0.0599403337446329
2.417,-1.9654519992155e-13
2.417125,0.059940333744464
2.41725,0.0847684329147417
2.417375,0.0599403337447222
2.4175,1.68547889743912e-13
2.417625,-0.0599403337444838
2.41775,-0.0847684329147417
2.417875,-0.0599403337447024
2.418,1.36423016608291e-14
2.418125,0.0599403337443946
2.41825,0.0847684329147417
2.418375,0.0599403337445735
2.4185,2.66746150615739e-13
2.418625,-0.0599403337445234
2.41875,-0.0847684329147417
2.418875,-0.0599403337446628
2.419,-8.45559592109979e-14
2.419125,0.0599403337445432
2.41925,0.0847684329147417
2.419375,0.059940333744643
2.4195,5.655864903336e-14
2.419625,-0.059940333744454
2.41975,-0.0847684329147417
2.419875,-0.0599403337446232
2.42,-1.82754220082825e-13
2.420125,0.0599403337444738
2.42025,0.0847684329147417
2.420375,0.0599403337447124
2.4205,1.54756909905187e-13
2.420625,-0.0599403337443845
2.42075,-0.0847684329147417
2.420875,-0.0599403337445836
2.421,-2.80952480954652e-13
2.421125,0.0599403337445134
2.42125,0.0847684329147417
2.421375,0.0599403337446728
2.4215,9.87622895499111e-14
2.421625,-0.0599403337445332
2.42175,-0.0847684329147417
2.421875,-0.059940333744653
2.422,-7.07649793722731e-14
2.422125,0.0599403337444439
2.42225,0.0847684329147417
2.422375,0.0599403337446332
2.4225,1.96960550421738e-13
2.422625,-0.0599403337444637
2.42275,-0.0847684329147417
2.422875,-0.0599403337447225
2.423,-1.689632402441e-13
2.423125,0.0599403337445925
2.42325,0.0847684329147417
2.423375,0.0599403337445936
2.4235,-1.32269511606408e-14
2.423625,-0.0599403337443943
2.42375,-0.0847684329147417
2.423875,-0.0599403337447919
2.424,-1.12968619888824e-13
2.424125,0.0599403337445231
2.42425,0.0847684329147417
2.424375,0.0599403337446631
2.4245,8.49713097111862e-14
2.424625,-0.0599403337444339
2.42475,-0.0847684329147417
2.424875,-0.0599403337446433
2.425,-2.11166880760651e-13
2.425125,0.0599403337444537
2.42525,0.0847684329147417
2.425375,0.0599403337447325
2.4255,1.83169570583013e-13
2.425625,-0.0599403337445825
2.42575,-0.0847684329147417
2.425875,-0.0599403337447127
2.426,-9.79379178272287e-16
2.426125,0.0599403337443842
2.42625,0.0847684329147417
2.426375,0.0599403337445839
2.4265,1.27174950227737e-13
2.426625,-0.0599403337445131
2.42675,-0.0847684329147417
2.426875,-0.0599403337446731
2.427,-9.91776400500993e-14
2.427125,0.0599403337445329
2.42725,0.0847684329147417
2.427375,0.0599403337446533
2.4275,7.11803298724613e-14
2.427625,-0.0599403337444436
2.42775,-0.0847684329147417
2.427875,-0.0599403337447426
2.428,-1.97375900921926e-13
2.428125,0.0599403337444634
2.42825,0.0847684329147417
2.428375,0.0599403337447228
2.4285,1.51857095171854e-14
2.428625,-0.0599403337443742
2.42875,-0.0847684329147417
2.428875,-0.0599403337445939
2.429,-2.95574161793753e-13
2.429125,0.059940333744503
2.42925,0.0847684329147417
2.429375,0.0599403337446832
2.4295,1.13383970389012e-13
2.429625,-0.0599403337445228
2.42975,-0.0847684329147417
2.429875,-0.0599403337446634
2.43,-8.53866602113744e-14
2.430125,0.0599403337444336
2.43025,0.0847684329147417
2.430375,0.0599403337446436
2.4305,2.11582231260839e-13
2.430625,-0.0599403337444534
2.43075,-0.0847684329147417
2.430875,-0.0599403337447328
2.431,-2.93920398560985e-14
2.431125,0.0599403337445822
2.43125,0.0847684329147417
2.431375,0.059940333744604
2.4315,1.39472967846053e-15
2.431625,-0.059940333744493
2.43175,-0.0847684329147417
2.431875,-0.0599403337446932
2.432,-1.27590300727925e-13
2.432125,0.0599403337445128
2.43225,0.0847684329147417
2.432375,0.0599403337446734
2.4325,9.95929905502875e-14
2.432625,-0.0599403337444235
2.43275,-0.0847684329147417
2.432875,-0.0599403337446536
2.433,-2.25788561599753e-13
2.433125,0.0599403337444433
2.43325,0.0847684329147417
2.433375,0.0599403337447429
2.4335,1.97791251422115e-13
2.433625,-0.0599403337445722
2.43375,-0.0847684329147417
2.433875,-0.059940333744614
2.434,-1.56010600173736e-14
2.434125,0.0599403337444829
2.43425,0.0847684329147417
2.434375,0.0599403337445942
2.4345,1.41796631066839e-13
2.434625,-0.0599403337445027
2.43475,-0.0847684329147417
2.434875,-0.0599403337446835
2.435,-1.13799320889201e-13
2.435125,0.0599403337445225
2.43525,0.0847684329147417
2.435375,0.0599403337446637
2.4355,8.58020107115627e-14
2.435625,-0.0599403337444333
2.43575,-0.0847684329147417
2.435875,-0.0599403337447529
2.436,-2.11997581761028e-13
2.436125,0.0599403337445621
2.43625,0.0847684329147417
2.436375,0.0599403337447331
2.4365,2.98073903562867e-14
2.436625,-0.0599403337443639
2.43675,-0.0847684329147417
2.436875,-0.0599403337446043
2.437,-1.56002961405752e-13
2.437125,0.0599403337444927
2.43725,0.0847684329147417
2.437375,0.0599403337446935
2.4375,1.28005651228114e-13
2.437625,-0.0599403337445125
2.43775,-0.0847684329147417
2.437875,-0.0599403337446737
2.438,-1.00008341050476e-13
2.438125,0.0599403337444233
2.43825,0.0847684329147417
2.438375,0.0599403337445449
2.4385,2.26203912099941e-13
2.438625,-0.059940333744443
2.43875,-0.0847684329147417
2.438875,-0.0599403337447431
2.439,-4.40137206951998e-14
2.439125,0.0599403337445719
2.43925,0.0847684329147417
2.439375,0.0599403337446143
2.4395,3.24402172971768e-13
2.439625,-0.0599403337444826
2.43975,-0.0847684329147417
2.439875,-0.0599403337447036
2.44,-1.42211981567027e-13
2.440125,0.0599403337445024
2.44025,0.0847684329147417
2.440375,0.0599403337446838
2.4405,1.14214671389389e-13
2.440625,-0.0599403337444132
2.44075,-0.0847684329147417
2.440875,-0.059940333744664
2.441,-2.40410242438854e-13
2.441125,0.059940333744433
2.44125,0.0847684329147417
2.441375,0.0599403337447532
2.4415,5.82200510341129e-14
2.441625,-0.0599403337445618
2.44175,-0.0847684329147417
2.441875,-0.0599403337446244
2.442,-3.0222740856475e-14
2.442125,0.0599403337444726
2.44225,0.0847684329147417
2.442375,0.0599403337446046
2.4425,1.5641831190594e-13
2.442625,-0.0599403337444924
2.44275,-0.0847684329147417
2.442875,-0.0599403337446938
2.443,-1.28421001728302e-13
2.443125,0.0599403337445122
2.44325,0.0847684329147417
2.443375,0.059940333744674
2.4435,2.54616572777767e-13
2.443625,-0.059940333744423
2.44375,-0.0847684329147417
2.443875,-0.0599403337447632
2.444,-2.26619262600129e-13
2.444125,0.0599403337445518
2.44425,0.0847684329147417
2.444375,0.0599403337446344
2.4445,4.44290711953881e-14
2.444625,-0.0599403337444625
2.44475,-0.0847684329147417
2.444875,-0.0599403337446146
2.445,-1.70624642244853e-13
2.445125,0.0599403337444823
2.44525,0.0847684329147417
2.445375,0.0599403337447038
2.4455,1.42627332067215e-13
2.445625,-0.0599403337445021
2.44575,-0.0847684329147417
2.445875,-0.0599403337446841
2.446,-1.14630021889577e-13
2.446125,0.0599403337444129
2.44625,0.0847684329147417
2.446375,0.0599403337445552
2.4465,2.40825592939042e-13
2.446625,-0.0599403337445417
2.44675,-0.0847684329147417
2.446875,-0.0599403337446444
2.447,-5.86354015343012e-14
2.447125,0.0599403337445615
2.44725,0.0847684329147417
2.447375,0.0599403337446247
2.4475,1.84830972583766e-13
2.447625,-0.0599403337444723
2.44775,-0.0847684329147417
2.447875,-0.0599403337447139
2.448,-1.56833662406128e-13
2.448125,0.0599403337444921
2.44825,0.0847684329147417
2.448375,0.0599403337446941
2.4485,1.2883635222849e-13
2.448625,-0.0599403337444029
2.44875,-0.0847684329147417
2.448875,-0.0599403337445653
2.449,-2.55031923277955e-13
2.449125,0.0599403337444227
2.44925,0.0847684329147417
2.449375,0.0599403337447635
2.4495,7.28417318732143e-14
2.449625,-0.0599403337445515
2.44975,-0.0847684329147417
2.449875,-0.0599403337446347
2.45,-4.48444216955763e-14
2.450125,0.0599403337444622
2.45025,0.0847684329147417
2.450375,0.0599403337446149
2.4505,1.71039992745041e-13
2.450625,-0.0599403337444821
2.45075,-0.0847684329147417
2.450875,-0.0599403337447041
2.451,-1.43042682567403e-13
2.451125,0.0599403337446109
2.45125,0.0847684329147417
2.451375,0.0599403337446843
2.4515,2.69238253616868e-13
2.451625,-0.0599403337444126
2.45175,-0.0847684329147417
2.451875,-0.0599403337447736
2.452,-8.70480622121274e-14
2.452125,0.0599403337445414
2.45225,0.0847684329147417
2.452375,0.0599403337446448
2.4525,5.90507520344894e-14
2.452625,-0.0599403337444522
2.45275,-0.0847684329147417
2.452875,-0.059940333744625
2.453,-1.85246323083954e-13
2.453125,0.059940333744472
2.45325,0.0847684329147417
2.453375,0.0599403337447142
2.4535,1.57249012906316e-13
2.453625,-0.0599403337444918
2.45375,-0.0847684329147417
2.453875,-0.0599403337446944
2.454,2.49411784984245e-14
2.454125,0.0599403337444026
2.45425,0.0847684329147417
2.454375,0.0599403337445656
2.4545,2.55447273778143e-13
2.454625,-0.0599403337445314
2.45475,-0.0847684329147417
2.454875,-0.0599403337446548
2.455,-7.32570823734025e-14
2.455125,0.0599403337444422
2.45525,0.0847684329147417
2.455375,0.059940333744635
2.4555,1.99452653422868e-13
2.455625,-0.059940333744462
2.45575,-0.0847684329147417
2.455875,-0.0599403337447242
2.456,-1.7145534324523e-13
2.456125,0.0599403337444818
2.45625,0.0847684329147417
2.456375,0.0599403337447044
2.4565,-1.07348481595114e-14
2.456625,-0.0599403337443925
2.45675,-0.0847684329147417
2.456875,-0.0599403337445756
2.457,-2.69653604117057e-13
2.457125,0.0599403337445214
2.45725,0.0847684329147417
2.457375,0.0599403337446648
2.4575,8.74634127123156e-14
2.457625,-0.0599403337445411
2.45775,-0.0847684329147417
2.457875,-0.059940333744645
2.458,-5.94661025346776e-14
2.458125,0.0599403337444519
2.45825,0.0847684329147417
2.458375,0.0599403337446252
2.4585,1.85661673584143e-13
2.458625,-0.0599403337444717
2.45875,-0.0847684329147417
2.458875,-0.0599403337447145
2.459,-1.57664363406505e-13
2.459125,0.0599403337443825
2.45925,0.0847684329147417
2.459375,0.0599403337445856
2.4595,2.8385993445597e-13
2.459625,-0.0599403337445113
2.45975,-0.0847684329147417
2.459875,-0.0599403337447839
2.46,-1.01669743051229e-13
2.460125,0.0599403337445311
2.46025,0.0847684329147417
2.460375,0.0599403337446551
2.4605,7.36724328735908e-14
2.460625,-0.0599403337444419
2.46075,-0.0847684329147417
2.460875,-0.0599403337446353
2.461,-1.99868003923056e-13
2.461125,0.0599403337444617
2.46125,0.0847684329147417
2.461375,0.0599403337447245
2.4615,1.71870693745418e-13
2.461625,-0.0599403337445905
2.46175,-0.0847684329147417
2.461875,-0.0599403337447047
2.462,1.03194976593231e-14
2.462125,0.0599403337443922
2.46225,0.0847684329147417
2.462375,0.0599403337445759
2.4625,1.15876073390142e-13
2.462625,-0.0599403337445211
2.46275,-0.0847684329147417
2.462875,-0.0599403337446651
2.463,-8.78787632125038e-14
2.463125,0.0599403337444318
2.46325,0.0847684329147417
2.463375,0.0599403337446453
2.4635,2.14074334261969e-13
2.463625,-0.0599403337444516
2.46375,-0.0847684329147417
2.463875,-0.0599403337447346
2.464,-1.86077024084331e-13
2.464125,0.0599403337444714
2.46425,0.0847684329147417
2.464375,0.0599403337447148
2.4645,3.88683267958996e-15
2.464625,-0.0599403337443822
2.46475,-0.0847684329147417
2.464875,-0.0599403337445859
2.465,-2.84275284956158e-13
2.465125,0.059940333744511
2.46525,0.0847684329147417
2.465375,0.0599403337446752
2.4655,1.02085093551417e-13
2.465625,-0.0599403337445308
2.46575,-0.0847684329147417
2.465875,-0.0599403337446554
2.466,-7.4087783373779e-14
2.466125,0.0599403337444416
2.46625,0.0847684329147417
2.466375,0.0599403337446356
2.4665,2.00283354423244e-13
2.466625,-0.0599403337444614
2.46675,-0.0847684329147417
2.466875,-0.0599403337447248
2.467,-1.80931630185031e-14
2.467125,0.0599403337443721
2.46725,0.0847684329147417
2.467375,0.059940333744596
2.4675,2.98481615295071e-13
2.467625,-0.059940333744501
2.46775,-0.0847684329147417
2.467875,-0.0599403337446852
2.468,-1.1629142389033e-13
2.468125,0.0599403337445208
2.46825,0.0847684329147417
2.468375,0.0599403337446654
2.4685,8.82941137126921e-14
2.468625,-0.0599403337444315
2.46875,-0.0847684329147417
2.468875,-0.0599403337446456
2.469,-2.14489684762157e-13
2.469125,0.0599403337444513
2.46925,0.0847684329147417
2.469375,0.0599403337447349
2.4695,1.86492374584519e-13
2.469625,-0.0599403337445802
2.46975,-0.0847684329147417
2.469875,-0.059940333744606
2.47,-4.3021831797782e-15
2.470125,0.0599403337444909
2.47025,0.0847684329147417
2.470375,0.0599403337445862
2.4705,1.30497754229243e-13
2.470625,-0.0599403337445107
2.47075,-0.0847684329147417
2.470875,-0.0599403337446755
2.471,-1.02500444051605e-13
2.471125,0.0599403337444215
2.47125,0.0847684329147417
2.471375,0.0599403337446557
2.4715,2.2869601510107e-13
2.471625,-0.0599403337444413
2.47175,-0.0847684329147417
2.471875,-0.0599403337447449
2.472,-2.00698704923432e-13
2.472125,0.0599403337445701
2.47225,0.0847684329147417
2.472375,0.0599403337446161
2.4725,1.85085135186913e-14
2.472625,-0.0599403337443718
2.47275,-0.0847684329147417
2.472875,-0.0599403337445963
2.473,-1.44704084568156e-13
2.473125,0.0599403337445007
2.47325,0.0847684329147417
2.473375,0.0599403337446855
2.4735,1.16706774390518e-13
2.473625,-0.0599403337445205
2.47375,-0.0847684329147417
2.473875,-0.0599403337446657
2.474,-8.87094642128803e-14
2.474125,0.0599403337444312
2.47425,0.0847684329147417
2.474375,0.0599403337445369
2.4745,2.14905035262345e-13
2.474625,-0.059940333744451
2.47475,-0.0847684329147417
2.474875,-0.0599403337447352
2.475,-3.27148438576044e-14
2.475125,0.0599403337443618
2.47525,0.0847684329147417
2.475375,0.0599403337446063
2.4755,1.58910414907069e-13
2.475625,-0.0599403337444906
2.47575,-0.0847684329147417
2.475875,-0.0599403337446956
2.476,-1.30913104729431e-13
2.476125,0.0599403337445104
2.47625,0.0847684329147417
2.476375,0.0599403337446758
2.4765,1.02915794551793e-13
2.476625,-0.0599403337444212
2.47675,-0.0847684329147417
2.476875,-0.059940333744656
2.477,-2.29111365601258e-13
2.477125,0.059940333744441
2.47725,0.0847684329147417
2.477375,0.0599403337447452
2.4775,4.69211741965175e-14
2.477625,-0.0599403337445698
2.47775,-0.0847684329147417
2.477875,-0.0599403337446164
2.478,-1.89238640188795e-14
2.478125,0.0599403337444806
2.47825,0.0847684329147417
2.478375,0.0599403337445966
2.4785,1.45119435068345e-13
2.478625,-0.0599403337445004
2.47875,-0.0847684329147417
2.478875,-0.0599403337446858
2.479,-1.17122124890707e-13
2.479125,0.0599403337444111
2.47925,0.0847684329147417
2.479375,0.059940333744666
2.4795,2.43317695940172e-13
2.479625,-0.0599403337444309
2.47975,-0.0847684329147417
2.479875,-0.0599403337447552
2.48,-2.15320385762534e-13
2.480125,0.0599403337445598
2.48025,0.0847684329147417
2.480375,0.0599403337446264
2.4805,3.31301943577926e-14
2.480625,-0.0599403337444705
2.48075,-0.0847684329147417
2.480875,-0.0599403337446066
2.481,-1.59325765407258e-13
2.481125,0.0599403337444903
2.48125,0.0847684329147417
2.481375,0.0599403337446959
2.4815,1.3132845522962e-13
2.481625,-0.0599403337445101
2.48175,-0.0847684329147417
2.481875,-0.0599403337446761
2.482,5.08617361751213e-14
2.482125,0.0599403337444209
2.48225,0.0847684329147417
2.482375,0.0599403337445472
2.4825,2.29526716101447e-13
2.482625,-0.0599403337445497
2.48275,-0.0847684329147417
2.482875,-0.0599403337446365
2.483,-4.73365246967057e-14
2.483125,0.0599403337443515
2.48325,0.0847684329147417
2.483375,0.0599403337446167
2.4835,1.73532095746171e-13
2.483625,-0.0599403337444803
2.48375,-0.0847684329147417
2.483875,-0.0599403337447059
2.484,-1.45534785568533e-13
2.484125,0.0599403337445001
2.48425,0.0847684329147417
2.484375,0.0599403337446861
2.4845,1.17537475390895e-13
2.484625,-0.0599403337444108
2.48475,-0.0847684329147417
2.484875,-0.0599403337445573
2.485,-2.4373304644036e-13
2.485125,0.0599403337445397
2.48525,0.0847684329147417
2.485375,0.0599403337447555
2.4855,6.15428550356188e-14
2.485625,-0.0599403337445595
2.48575,-0.0847684329147417
2.485875,-0.0599403337446267
2.486,-3.35455448579809e-14
2.486125,0.0599403337444702
2.48625,0.0847684329147417
2.486375,0.0599403337447159
2.4865,1.59741115907446e-13
2.486625,-0.05994033374449
2.48675,-0.0847684329147417
2.486875,-0.0599403337446961
2.487,-1.31743805729808e-13
2.487125,0.0599403337444008
2.48725,0.0847684329147417
2.487375,0.0599403337446764
2.4875,2.57939376779273e-13
2.487625,-0.0599403337444206
2.48775,-0.0847684329147417
2.487875,-0.0599403337447656
2.488,-7.57491853745319e-14
2.488125,0.0599403337445494
2.48825,0.0847684329147417
2.488375,0.0599403337446368
2.4885,4.7751875196894e-14
2.488625,-0.0599403337444602
2.48875,-0.0847684329147417
2.488875,-0.059940333744617
2.489,-1.73947446246359e-13
2.489125,0.05994033374448
2.48925,0.0847684329147417
2.489375,0.0599403337447062
2.4895,1.45950136068721e-13
2.489625,-0.0599403337444998
2.48975,-0.0847684329147417
2.489875,-0.0599403337446864
2.49,3.62400553360199e-14
2.490125,0.0599403337444106
2.49025,0.0847684329147417
2.490375,0.0599403337447756
2.4905,2.44148396940548e-13
2.490625,-0.0599403337445394
2.49075,-0.0847684329147417
2.490875,-0.0599403337446468
2.491,-6.19582055358071e-14
2.491125,0.0599403337444501
2.49125,0.0847684329147417
2.491375,0.059940333744627
2.4915,1.88153776585272e-13
2.491625,-0.0599403337444699
2.49175,-0.0847684329147417
2.491875,-0.0599403337447162
2.492,-1.60156466407634e-13
2.492125,0.0599403337444897
2.49225,0.0847684329147417
2.492375,0.0599403337446964
2.4925,-2.20337249971068e-14
2.492625,-0.0599403337444005
2.49275,-0.0847684329147417
2.492875,-0.0599403337445676
2.493,-2.58354727279461e-13
2.493125,0.0599403337445293
2.49325,0.0847684329147417
2.493375,0.0599403337446568
2.4935,7.61645358747202e-14
2.493625,-0.0599403337445491
2.49375,-0.0847684329147417
2.493875,-0.0599403337446371
2.494,-4.81672256970822e-14
2.494125,0.0599403337444599
2.49425,0.0847684329147417
2.494375,0.0599403337447263
2.4945,1.74362796746547e-13
2.494625,-0.0599403337444797
2.49475,-0.0847684329147417
2.494875,-0.0599403337447065
2.495,-1.46365486568909e-13
2.495125,0.0599403337443905
2.49525,0.0847684329147417
2.495375,0.0599403337445777
2.4955,2.72561057618374e-13
2.495625,-0.0599403337445193
2.49575,-0.0847684329147417
2.495875,-0.0599403337447759
2.496,-9.03708662136333e-14
2.496125,0.0599403337445391
2.49625,0.0847684329147417
2.496375,0.0599403337446471
2.4965,6.23735560359953e-14
2.496625,-0.0599403337444499
2.49675,-0.0847684329147417
2.496875,-0.0599403337446273
2.497,-1.8856912708546e-13
2.497125,0.0599403337444697
2.49725,0.0847684329147417
2.497375,0.0599403337447165
2.4975,1.60571816907822e-13
2.497625,-0.0599403337445985
2.49775,-0.0847684329147417
2.497875,-0.0599403337445877
2.498,2.16183744969186e-14
2.498125,0.0599403337444002
2.49825,0.0847684329147417
2.498375,0.059940333744786
2.4985,1.04577196552546e-13
2.498625,-0.059940333744529
2.49875,-0.0847684329147417
2.498875,-0.0599403337446571
2.499,-7.65798863749084e-14
2.499125,0.0599403337444398
2.49925,0.0847684329147417
2.499375,0.0599403337446373
2.4995,2.02775457424373e-13
2.499625,-0.0599403337444596
2.49975,-0.0847684329147417
2.499875,-0.0599403337447266
2.5,-1.74778147246735e-13
2.500125,0.0599403337444794
2.50025,0.0847684329147417
2.500375,0.0599403337447068
2.5005,-7.41204415800548e-15
2.500625,-0.0599403337443902
2.50075,-0.0847684329147417
2.500875,-0.059940333744578
2.501,-1.18783526891459e-13
2.501125,0.059940333744519
2.50125,0.0847684329147417
2.501375,0.0599403337446672
2.5015,9.07862167138215e-14
2.501625,-0.0599403337445388
2.50175,-0.0847684329147417
2.501875,-0.0599403337446474
2.502,-2.16981787763286e-13
2.502125,0.0599403337444496
2.50225,0.0847684329147417
2.502375,0.0599403337447366
2.5025,1.88984477585649e-13
2.502625,-0.0599403337444694
2.50275,-0.0847684329147417
2.502875,-0.0599403337447168
2.503,-6.79428618090763e-15
2.503125,0.0599403337443801
2.50325,0.0847684329147417
2.503375,0.059940333744588
2.5035,2.87182738457476e-13
2.503625,-0.059940333744509
2.50375,-0.0847684329147417
2.503875,-0.0599403337446772
2.504,-1.04992547052735e-13
2.504125,0.0599403337445287
2.50425,0.0847684329147417
2.504375,0.0599403337446574
2.5045,7.69952368750967e-14
2.504625,-0.0599403337444395
2.50475,-0.0847684329147417
2.504875,-0.0599403337446376
2.505,-2.03190807924562e-13
2.505125,0.0599403337444593
2.50525,0.0847684329147417
2.505375,0.0599403337447269
2.5055,1.75193497746924e-13
2.505625,-0.0599403337445881
2.50575,-0.0847684329147417
2.505875,-0.059940333744598
2.506,-3.01389068796389e-13
2.506125,0.0599403337444989
2.50625,0.0847684329147417
2.506375,0.0599403337447963
2.5065,1.19198877391648e-13
2.506625,-0.0599403337445187
2.50675,-0.0847684329147417
2.506875,-0.0599403337446675
2.507,-9.12015672140098e-14
2.507125,0.0599403337444295
2.50725,0.0847684329147417
2.507375,0.0599403337446477
2.5075,2.17397138263475e-13
2.507625,-0.0599403337444493
2.50775,-0.0847684329147417
2.507875,-0.0599403337447369
2.508,-1.89399828085837e-13
2.508125,0.0599403337445781
2.50825,0.0847684329147417
2.508375,0.0599403337446081
2.5085,7.20963668109586e-15
2.508625,-0.0599403337443798
2.50875,-0.0847684329147417
2.508875,-0.0599403337445883
2.509,-1.33405207730561e-13
2.509125,0.0599403337445087
2.50925,0.0847684329147417
2.509375,0.0599403337446775
2.5095,1.05407897552923e-13
2.509625,-0.0599403337445285
2.50975,-0.0847684329147417
2.509875,-0.0599403337446577
2.51,-2.31603468602388e-13
2.510125,0.0599403337444392
2.51025,0.0847684329147417
2.510375,0.059940333744747
2.5105,2.0360615842475e-13
2.510625,-0.0599403337445681
2.51075,-0.0847684329147417
2.510875,-0.0599403337447272
2.511,-2.1415967020009e-14
2.511125,0.0599403337443698
2.51125,0.0847684329147417
2.511375,0.0599403337445983
2.5115,1.47611538069474e-13
2.511625,-0.0599403337444986
2.51175,-0.0847684329147417
2.511875,-0.0599403337446876
2.512,-1.19614227891836e-13
2.512125,0.0599403337445184
2.51225,0.0847684329147417
2.512375,0.0599403337446678
2.5125,9.1616917714198e-14
2.512625,-0.0599403337444292
2.51275,-0.0847684329147417
2.512875,-0.059940333744648
2.513,-2.17812488763663e-13
2.513125,0.059940333744449
2.51325,0.0847684329147417
2.513375,0.0599403337447372
2.5135,3.56222973589221e-14
2.513625,-0.0599403337445778
2.51375,-0.0847684329147417
2.513875,-0.0599403337446084
2.514,-3.1601074963549e-13
2.514125,0.0599403337444886
2.51425,0.0847684329147417
2.514375,0.0599403337446976
2.5145,1.33820558230749e-13
2.514625,-0.0599403337445084
2.51475,-0.0847684329147417
2.514875,-0.0599403337446778
2.515,-1.05823248053111e-13
2.515125,0.0599403337444191
2.51525,0.0847684329147417
2.515375,0.059940333744658
2.5155,2.32018819102576e-13
2.515625,-0.0599403337444389
2.51575,-0.0847684329147417
2.515875,-0.0599403337447473
2.516,-2.04021508924938e-13
2.516125,0.0599403337445678
2.51625,0.0847684329147417
2.516375,0.0599403337446184
2.5165,2.18313175201972e-14
2.516625,-0.0599403337444785
2.51675,-0.0847684329147417
2.516875,-0.0599403337445986
2.517,-1.48026888569662e-13
2.517125,0.0599403337444983
2.51725,0.0847684329147417
2.517375,0.0599403337446879
2.5175,1.20029578392024e-13
2.517625,-0.0599403337444091
2.51775,-0.0847684329147417
2.517875,-0.0599403337446681
2.518,-2.46225149441489e-13
2.518125,0.0599403337444289
2.51825,0.0847684329147417
2.518375,0.0599403337447573
2.5185,2.18227839263851e-13
2.518625,-0.0599403337445577
2.51875,-0.0847684329147417
2.518875,-0.0599403337446285
2.519,-3.60376478591103e-14
2.519125,0.0599403337443595
2.51925,0.0847684329147417
2.519375,0.0599403337446087
2.5195,1.62233218908575e-13
2.519625,-0.0599403337444883
2.51975,-0.0847684329147417
2.519875,-0.0599403337446979
2.52,-1.34235908730937e-13
2.520125,0.0599403337445081
2.52025,0.0847684329147417
2.520375,0.0599403337446781
2.5205,1.06238598553299e-13
2.520625,-0.0599403337444188
2.52075,-0.0847684329147417
2.520875,-0.0599403337445493
2.521,-2.32434169602764e-13
2.521125,0.0599403337445477
2.52125,0.0847684329147417
2.521375,0.0599403337447475
2.5215,5.02439781980234e-14
2.521625,-0.0599403337443494
2.52175,-0.0847684329147417
2.521875,-0.0599403337446187
2.522,-1.76439549247488e-13
2.522125,0.0599403337444782
2.52225,0.0847684329147417
2.522375,0.059940333744708
2.5225,1.4844223906985e-13
2.522625,-0.059940333744498
2.52275,-0.0847684329147417
2.522875,-0.0599403337446882
2.523,-1.20444928892212e-13
2.523125,0.0599403337444088
2.52325,0.0847684329147417
2.523375,0.0599403337445593
2.5235,2.46640499941677e-13
2.523625,-0.0599403337444286
2.52375,-0.0847684329147417
2.523875,-0.0599403337447576
2.524,-6.44503085369365e-14
2.524125,0.0599403337445574
2.52425,0.0847684329147417
2.524375,0.0599403337446288
2.5245,3.64529983592985e-14
2.524625,-0.0599403337444682
2.52475,-0.0847684329147417
2.524875,-0.059940333744609
2.525,-1.62648569408764e-13
2.525125,0.059940333744488
2.52525,0.0847684329147417
2.525375,0.0599403337446982
2.5255,1.34651259231126e-13
2.525625,-0.0599403337443987
2.52575,-0.0847684329147417
2.525875,-0.0599403337446784
2.526,-2.60846830280591e-13
2.526125,0.0599403337444185
2.52625,0.0847684329147417
2.526375,0.0599403337447676
2.5265,7.86566388758496e-14
2.526625,-0.0599403337445474
2.52675,-0.0847684329147417
2.526875,-0.0599403337446388
2.527,-5.06593286982117e-14
2.527125,0.0599403337444581
2.52725,0.0847684329147417
2.527375,0.059940333744619
2.5275,1.76854899747677e-13
2.527625,-0.0599403337444779
2.52775,-0.0847684329147417
2.527875,-0.0599403337447083
2.528,-1.48857589570039e-13
2.528125,0.0599403337444977
2.52825,0.0847684329147417
2.528375,0.0599403337446885
2.5285,-3.33326018347023e-14
2.528625,-0.0599403337444085
2.52875,-0.0847684329147417
2.528875,-0.0599403337445596
2.529,-2.47055850441866e-13
2.529125,0.0599403337445373
2.52925,0.0847684329147417
2.529375,0.0599403337446489
2.5295,6.48656590371248e-14
2.529625,-0.0599403337444481
2.52975,-0.0847684329147417
2.529875,-0.0599403337446291
2.53,-1.9106123008659e-13
2.530125,0.0599403337444679
2.53025,0.0847684329147417
2.530375,0.0599403337447183
2.5305,1.63063919908952e-13
2.530625,-0.0599403337444877
2.53075,-0.0847684329147417
2.530875,-0.0599403337446985
2.531,-1.35066609731314e-13
2.531125,0.0599403337443985
2.53125,0.0847684329147417
2.531375,0.0599403337445697
2.5315,2.61262180780779e-13
2.531625,-0.0599403337445273
2.53175,-0.0847684329147417
2.531875,-0.0599403337447679
2.532,-7.90719893760379e-14
2.532125,0.0599403337445471
2.53225,0.0847684329147417
2.532375,0.0599403337446391
2.5325,5.10746791983999e-14
2.532625,-0.0599403337444578
2.53275,-0.0847684329147417
2.532875,-0.0599403337446193
2.533,-1.77270250247865e-13
2.533125,0.0599403337444776
2.53325,0.0847684329147417
2.533375,0.0599403337447085
2.5335,1.49272940070227e-13
2.533625,-0.0599403337443884
2.53375,-0.0847684329147417
2.533875,-0.0599403337445797
2.534,-2.75468511119692e-13
2.534125,0.0599403337444082
2.53425,0.0847684329147417
2.534375,0.059940333744778
2.5345,9.3278319714951e-14
2.534625,-0.059940333744537
2.53475,-0.0847684329147417
2.534875,-0.0599403337446492
2.535,-6.5281009537313e-14
2.535125,0.0599403337444478
2.53525,0.0847684329147417
2.535375,0.0599403337446294
2.5355,1.91476580586778e-13
2.535625,-0.0599403337444676
2.53575,-0.0847684329147417
2.535875,-0.0599403337447186
2.536,-1.6347927040914e-13
2.536125,0.0599403337445964
2.53625,0.0847684329147417
2.536375,0.0599403337446988
2.5365,-1.87109209956009e-14
2.536625,-0.0599403337443982
2.53675,-0.0847684329147417
2.536875,-0.05994033374457
2.537,-1.07484650053864e-13
2.537125,0.059940333744527
2.53725,0.0847684329147417
2.537375,0.0599403337446592
2.5375,7.94873398762261e-14
2.537625,-0.0599403337444378
2.53775,-0.0847684329147417
2.537875,-0.0599403337446394
2.538,-2.05682910925691e-13
2.538125,0.0599403337444576
2.53825,0.0847684329147417
2.538375,0.0599403337447286
2.5385,1.77685600748053e-13
2.538625,-0.0599403337444774
2.53875,-0.0847684329147417
2.538875,-0.0599403337447088
2.539,4.50459065668781e-15
2.539125,0.0599403337443881
2.53925,0.0847684329147417
2.539375,0.05994033374458
2.5395,2.7588386161988e-13
2.539625,-0.0599403337445169
2.53975,-0.0847684329147417
2.539875,-0.0599403337446692
2.54,-9.36936702151392e-14
2.540125,0.0599403337445367
2.54025,0.0847684329147417
2.540375,0.0599403337446494
2.5405,6.56963600375012e-14
2.540625,-0.0599403337444475
2.54075,-0.0847684329147417
2.540875,-0.0599403337446296
2.541,-1.91891931086966e-13
2.541125,0.0599403337444673
2.54125,0.0847684329147417
2.541375,0.0599403337447189
2.5415,1.63894620909328e-13
2.541625,-0.0599403337443781
2.54175,-0.0847684329147417
2.541875,-0.0599403337445901
2.542,-2.90090191958793e-13
2.542125,0.0599403337445069
2.54225,0.0847684329147417
2.542375,0.0599403337446793
2.5425,1.07900000554052e-13
2.542625,-0.0599403337445267
2.54275,-0.0847684329147417
2.542875,-0.0599403337446595
2.543,-7.99026903764143e-14
2.543125,0.0599403337444375
2.54325,0.0847684329147417
2.543375,0.0599403337446397
2.5435,2.06098261425879e-13
2.543625,-0.0599403337444573
2.54375,-0.0847684329147417
2.543875,-0.0599403337447289
2.544,-1.78100951248241e-13
2.544125,0.0599403337445861
2.54425,0.0847684329147417
2.544375,0.0599403337446001
2.5445,-4.08924015649957e-15
2.544625,-0.0599403337443878
2.54475,-0.0847684329147417
2.544875,-0.0599403337445803
2.545,-1.22106330892965e-13
2.545125,0.0599403337445166
2.54525,0.0847684329147417
2.545375,0.0599403337446695
2.5455,9.41090207153274e-14
2.545625,-0.0599403337444274
2.54575,-0.0847684329147417
2.545875,-0.0599403337446497
2.546,-2.20304591764792e-13
2.546125,0.0599403337444472
2.54625,0.0847684329147417
2.546375,0.059940333744739
2.5465,1.92307281587154e-13
2.546625,-0.059940333744576
2.54675,-0.0847684329147417
2.546875,-0.0599403337447192
2.547,-1.01170901824135e-14
2.547125,0.0599403337443778
2.54725,0.0847684329147417
2.547375,0.0599403337445903
2.5475,1.36312661231879e-13
2.547625,-0.0599403337445066
2.54775,-0.0847684329147417
2.547875,-0.0599403337446796
2.548,-1.08315351054241e-13
2.548125,0.0599403337445264
2.54825,0.0847684329147417
2.548375,0.0599403337446598
2.5485,8.03180408766026e-14
2.548625,-0.0599403337444372
2.54875,-0.0847684329147417
2.548875,-0.059940333744749
2.549,-2.06513611926068e-13
2.549125,0.059940333744457
2.54925,0.0847684329147417
2.549375,0.0599403337447292
2.5495,2.43234205213266e-14
2.549625,-0.0599403337443677
2.54975,-0.0847684329147417
2.549875,-0.0599403337446004
2.55,-3.04711872797895e-13
2.550125,0.0599403337444966
2.55025,0.0847684329147417
2.550375,0.0599403337446896
2.5505,1.22521681393154e-13
2.550625,-0.0599403337445164
2.55075,-0.0847684329147417
2.550875,-0.0599403337446698
2.551,-9.45243712155157e-14
2.551125,0.0599403337444271
2.55125,0.0847684329147417
2.551375,0.05994033374465
2.5515,2.20719942264981e-13
2.551625,-0.0599403337444469
2.55175,-0.0847684329147417
2.551875,-0.0599403337447393
2.552,-3.85297508602397e-14
2.552125,0.0599403337445757
2.55225,0.0847684329147417
2.552375,0.0599403337446104
2.5525,1.05324406826018e-14
2.552625,-0.0599403337444865
2.55275,-0.0847684329147417
2.552875,-0.0599403337446997
2.553,-1.36728011732067e-13
2.553125,0.0599403337445063
2.55325,0.0847684329147417
2.553375,0.0599403337446799
2.5535,1.08730701554429e-13
2.553625,-0.0599403337444171
2.55375,-0.0847684329147417
2.553875,-0.0599403337446601
2.554,-2.34926272603894e-13
2.554125,0.0599403337444369
2.55425,0.0847684329147417
2.554375,0.0599403337447493
2.5545,2.06928962426256e-13
2.554625,-0.0599403337445657
2.55475,-0.0847684329147417
2.554875,-0.0599403337446205
2.555,-2.47387710215149e-14
2.555125,0.0599403337444765
2.55525,0.0847684329147417
2.555375,0.0599403337446007
2.5555,1.5093434207098e-13
2.555625,-0.0599403337444963
2.55575,-0.0847684329147417
2.555875,-0.0599403337446899
2.556,-1.22937031893342e-13
2.556125,0.0599403337445161
2.55625,0.0847684329147417
2.556375,0.0599403337446701
2.5565,9.49397217157039e-14
2.556625,-0.0599403337444268
2.55675,-0.0847684329147417
2.556875,-0.0599403337447594
2.557,-2.21135292765169e-13
2.557125,0.0599403337445557
2.55725,0.0847684329147417
2.557375,0.0599403337447396
2.5575,3.8945101360428e-14
2.557625,-0.0599403337443574
2.55775,-0.0847684329147417
2.557875,-0.0599403337446107
2.558,-1.65140672409893e-13
2.558125,0.0599403337444862
2.55825,0.0847684329147417
2.558375,0.0599403337447
2.5585,1.37143362232255e-13
2.558625,-0.059940333744506
2.55875,-0.0847684329147417
2.558875,-0.0599403337446802
2.559,-1.09146052054617e-13
2.559125,0.0599403337444168
2.55925,0.0847684329147417
2.559375,0.0599403337445513
2.5595,2.35341623104082e-13
2.559625,-0.0599403337444366
2.55975,-0.0847684329147417
2.559875,-0.0599403337447496
2.56,-5.31514316993411e-14
2.560125,0.0599403337445654
2.56025,0.0847684329147417
2.560375,0.0599403337446208
2.5605,2.51541215217031e-14
2.560625,-0.0599403337444762
2.56075,-0.0847684329147417
2.560875,-0.05994033374471
2.561,-1.51349692571168e-13
2.561125,0.059940333744496
2.56125,0.0847684329147417
2.561375,0.0599403337446902
2.5615,1.2335238239353e-13
2.561625,-0.0599403337444067
2.56175,-0.0847684329147417
2.561875,-0.0599403337446704
2.562,-2.49547953442995e-13
2.562125,0.0599403337444265
2.56225,0.0847684329147417
2.562375,0.0599403337447597
2.5625,6.73577620382542e-14
2.562625,-0.0599403337445554
2.56275,-0.0847684329147417
2.562875,-0.0599403337446308
2.563,-3.93604518606162e-14
2.563125,0.0599403337444661
2.56325,0.0847684329147417
2.563375,0.059940333744611
2.5635,1.65556022910081e-13
2.563625,-0.0599403337444859
2.56375,-0.0847684329147417
2.563875,-0.0599403337447003
2.564,-1.37558712732443e-13
2.564125,0.0599403337445057
2.56425,0.0847684329147417
2.564375,0.0599403337446805
2.5645,2.63754283781908e-13
2.564625,-0.0599403337444165
2.56475,-0.0847684329147417
2.564875,-0.0599403337447697
2.565,-2.3575697360427e-13
2.565125,0.0599403337445453
2.56525,0.0847684329147417
2.565375,0.0599403337446409
2.5655,5.35667821995293e-14
2.565625,-0.0599403337444561
2.56575,-0.0847684329147417
2.565875,-0.0599403337446211
2.566,-1.79762353248994e-13
2.566125,0.0599403337444759
2.56625,0.0847684329147417
2.566375,0.0599403337447103
2.5665,1.51765043071356e-13
2.566625,-0.0599403337444957
2.56675,-0.0847684329147417
2.566875,-0.0599403337446905
2.567,-1.23767732893718e-13
2.567125,0.0599403337444064
2.56725,0.0847684329147417
2.567375,0.0599403337445617
2.5675,2.49963303943183e-13
2.567625,-0.0599403337445353
2.56775,-0.0847684329147417
2.567875,-0.0599403337446509
2.568,-6.77731125384424e-14
2.568125,0.0599403337445551
2.56825,0.0847684329147417
2.568375,0.0599403337446311
2.5685,1.93968683587907e-13
2.568625,-0.0599403337444658
2.56875,-0.0847684329147417
2.568875,-0.0599403337447204
2.569,-1.65971373410269e-13
2.569125,0.0599403337444856
2.56925,0.0847684329147417
2.569375,0.0599403337447005
2.5695,1.37974063232631e-13
2.569625,-0.0599403337443964
2.56975,-0.0847684329147417
2.569875,-0.0599403337445717
2.57,-2.64169634282096e-13
2.570125,0.0599403337444162
2.57025,0.0847684329147417
2.570375,0.05994033374477
2.5705,8.19794428773555e-14
2.570625,-0.059940333744545
2.57075,-0.0847684329147417
2.570875,-0.0599403337446412
2.571,-5.39821326997176e-14
2.571125,0.0599403337444558
2.57125,0.0847684329147417
2.571375,0.0599403337446214
2.5715,1.80177703749183e-13
2.571625,-0.0599403337444756
2.57175,-0.0847684329147417
2.571875,-0.0599403337447106
2.572,-1.52180393571545e-13
2.572125,0.0599403337446044
2.57225,0.0847684329147417
2.572375,0.0599403337446908
2.5725,2.7837596462101e-13
2.572625,-0.0599403337444062
2.57275,-0.0847684329147417
2.572875,-0.05994033374478
2.573,-9.61857732162686e-14
2.573125,0.059940333744535
2.57325,0.0847684329147417
2.573375,0.0599403337446512
2.5735,6.81884630386307e-14
2.573625,-0.0599403337444457
2.57375,-0.0847684329147417
2.573875,-0.0599403337446314
2.574,-1.94384034088096e-13
2.574125,0.0599403337444655
2.57425,0.0847684329147417
2.574375,0.0599403337447206
2.5745,1.66386723910458e-13
2.574625,-0.0599403337444853
2.57475,-0.0847684329147417
2.574875,-0.0599403337447009
2.575,1.58034674942832e-14
2.575125,0.0599403337443961
2.57525,0.0847684329147417
2.575375,0.059940333744572
2.5755,2.64584984782285e-13
2.575625,-0.0599403337445249
2.57575,-0.0847684329147417
2.575875,-0.0599403337446612
2.576,-8.23947933775438e-14
2.576125,0.0599403337445447
2.57625,0.0847684329147417
2.576375,0.0599403337446415
2.5765,2.08590364427009e-13
2.576625,-0.0599403337444555
2.57675,-0.0847684329147417
2.576875,-0.0599403337447307
2.577,-1.80593054249371e-13
2.577125,0.0599403337444753
2.57725,0.0847684329147417
2.577375,0.0599403337447109
2.5775,-1.59713715537014e-15
2.577625,-0.0599403337443861
2.57775,-0.0847684329147417
2.577875,-0.0599403337445821
2.578,-2.78791315121198e-13
2.578125,0.0599403337445149
2.57825,0.0847684329147417
2.578375,0.0599403337446713
2.5785,9.66011237164569e-14
2.578625,-0.0599403337445347
2.57875,-0.0847684329147417
2.578875,-0.0599403337446515
2.579,-6.86038135388189e-14
2.579125,0.0599403337444454
2.57925,0.0847684329147417
2.579375,0.0599403337446317
2.5795,1.94799384588284e-13
2.579625,-0.0599403337444653
2.57975,-0.0847684329147417
2.579875,-0.0599403337447209
2.58,-1.66802074410646e-13
2.580125,0.059940333744376
2.58025,0.0847684329147417
2.580375,0.0599403337445921
2.5805,2.92997645460111e-13
2.580625,-0.0599403337445048
2.58075,-0.0847684329147417
2.580875,-0.0599403337447904
2.581,-1.1080745405537e-13
2.581125,0.0599403337445246
2.58125,0.0847684329147417
2.581375,0.0599403337446616
2.5815,8.2810143877732e-14
2.581625,-0.0599403337444354
2.58175,-0.0847684329147417
2.581875,-0.0599403337446417
2.582,-2.09005714927197e-13
2.582125,0.0599403337444552
2.58225,0.0847684329147417
2.582375,0.059940333744731
2.5825,1.81008404749559e-13
2.582625,-0.059940333744584
2.58275,-0.0847684329147417
2.582875,-0.0599403337447112
2.583,1.1817866551819e-15
2.583125,0.0599403337443858
2.58325,0.0847684329147417
2.583375,0.0599403337445824
2.5835,1.25013784394283e-13
2.583625,-0.0599403337445146
2.58375,-0.0847684329147417
2.583875,-0.0599403337446716
2.584,-9.70164742166451e-14
2.584125,0.0599403337444254
2.58425,0.0847684329147417
2.584375,0.0599403337446518
2.5845,2.2321204526611e-13
2.584625,-0.0599403337444452
2.58475,-0.0847684329147417
2.584875,-0.059940333744741
2.585,-1.95214735088472e-13
2.585125,0.059940333744465
2.58525,0.0847684329147417
2.585375,0.0599403337447212
2.5855,1.30245436837312e-14
2.585625,-0.0599403337443757
2.58575,-0.0847684329147417
2.585875,-0.0599403337445924
2.586,-2.93412995960299e-13
2.586125,0.0599403337445045
2.58625,0.0847684329147417
2.586375,0.0599403337446816
2.5865,1.11222804555558e-13
2.586625,-0.0599403337445243
2.58675,-0.0847684329147417
2.586875,-0.0599403337446618
2.587,-8.32254943779202e-14
2.587125,0.0599403337444351
2.58725,0.0847684329147417
2.587375,0.059940333744642
2.5875,2.09421065427385e-13
2.587625,-0.0599403337444549
2.58775,-0.0847684329147417
2.587875,-0.0599403337447313
2.588,-2.72308740226443e-14
2.588125,0.0599403337443657
2.58825,0.0847684329147417
2.588375,0.0599403337446024
2.5885,3.07619326299212e-13
2.588625,-0.0599403337444945
2.58875,-0.0847684329147417
2.588875,-0.0599403337446917
2.589,-1.25429134894471e-13
2.589125,0.0599403337445143
2.58925,0.0847684329147417
2.589375,0.0599403337446719
2.5895,9.74318247168333e-14
2.589625,-0.0599403337444251
2.58975,-0.0847684329147417
2.589875,-0.0599403337446521
2.59,-2.23627395766298e-13
2.590125,0.0599403337444449
2.59025,0.0847684329147417
2.590375,0.0599403337447413
2.5905,1.9563008558866e-13
2.590625,-0.0599403337445737
2.59075,-0.0847684329147417
2.590875,-0.0599403337446125
2.591,-1.34398941839194e-14
2.591125,0.0599403337444845
2.59125,0.0847684329147417
2.591375,0.0599403337445927
2.5915,1.39635465233384e-13
2.591625,-0.0599403337445043
2.59175,-0.0847684329147417
2.591875,-0.0599403337446819
2.592,-1.11638155055746e-13
2.592125,0.059940333744415
2.59225,0.0847684329147417
2.592375,0.0599403337446621
2.5925,2.37833726105211e-13
2.592625,-0.0599403337444348
2.59275,-0.0847684329147417
2.592875,-0.0599403337447514
2.593,-2.09836415927573e-13
2.593125,0.0599403337445636
2.59325,0.0847684329147417
2.593375,0.0599403337446225
2.5935,2.76462245228325e-14
2.593625,-0.0599403337443654
2.59375,-0.0847684329147417
2.593875,-0.0599403337446027
2.594,-1.53841795572298e-13
2.594125,0.0599403337444942
2.59425,0.0847684329147417
2.594375,0.059940333744692
2.5945,1.2584448539466e-13
2.594625,-0.059940333744514
2.59475,-0.0847684329147417
2.594875,-0.0599403337446722
2.595,-9.78471752170216e-14
2.595125,0.0599403337444248
2.59525,0.0847684329147417
2.595375,0.0599403337445434
2.5955,2.24042746266487e-13
2.595625,-0.0599403337444446
2.59575,-0.0847684329147417
2.595875,-0.0599403337447416
2.596,-4.18525548617457e-14
2.596125,0.0599403337443553
2.59625,0.0847684329147417
2.596375,0.0599403337446128
2.5965,1.68048125911211e-13
2.596625,-0.0599403337444842
2.59675,-0.0847684329147417
2.596875,-0.059940333744702
2.597,-1.40050815733573e-13
2.597125,0.059940333744504
2.59725,0.0847684329147417
2.597375,0.0599403337446822
2.5975,1.12053505555935e-13
2.597625,-0.0599403337444147
2.59775,-0.0847684329147417
2.597875,-0.0599403337446624
2.598,-2.382490766054e-13
2.598125,0.0599403337444345
2.59825,0.0847684329147417
2.598375,0.0599403337447517
2.5985,5.60588852006587e-14
2.598625,-0.0599403337445634
2.59875,-0.0847684329147417
2.598875,-0.0599403337446228
2.599,-2.80615750230208e-14
2.599125,0.0599403337444741
2.59925,0.0847684329147417
2.599375,0.059940333744603
2.5995,1.54257146072486e-13
2.599625,-0.0599403337444939
2.59975,-0.0847684329147417
2.599875,-0.0599403337446923
2.6,-1.26259835894848e-13
2.600125,0.0599403337444047
2.60025,0.0847684329147417
2.600375,0.0599403337446725
2.6005,2.52455406944313e-13
2.600625,-0.0599403337444245
2.60075,-0.0847684329147417
2.600875,-0.0599403337447617
2.601,-2.24458096766675e-13
2.601125,0.0599403337445533
2.60125,0.0847684329147417
2.601375,0.0599403337446329
2.6015,4.22679053619339e-14
2.601625,-0.0599403337444641
2.60175,-0.0847684329147417
2.601875,-0.0599403337446131
2.602,-1.68463476411399e-13
2.602125,0.0599403337444839
2.60225,0.0847684329147417
2.602375,0.0599403337447023
2.6025,1.40466166233761e-13
2.602625,-0.0599403337445037
2.60275,-0.0847684329147417
2.602875,-0.0599403337446825
2.603,4.172402517098e-14
2.603125,0.0599403337444144
2.60325,0.0847684329147417
2.603375,0.0599403337445537
2.6035,2.38664427105588e-13
2.603625,-0.0599403337445433
2.60375,-0.0847684329147417
2.603875,-0.0599403337446429
2.604,-5.6474235700847e-14
2.604125,0.059940333744345
2.60425,0.0847684329147417
2.604375,0.0599403337446231
2.6045,1.82669806750312e-13
2.604625,-0.0599403337444738
2.60475,-0.0847684329147417
2.604875,-0.0599403337447124
2.605,-1.54672496572674e-13
2.605125,0.0599403337444936
2.60525,0.0847684329147417
2.605375,0.0599403337446926
2.6055,1.26675186395036e-13
2.605625,-0.0599403337444044
2.60575,-0.0847684329147417
2.605875,-0.0599403337445637
2.606,-2.52870757444501e-13
2.606125,0.0599403337445332
2.60625,0.0847684329147417
2.606375,0.059940333744762
2.6065,7.06805660397601e-14
2.606625,-0.059940333744553
2.60675,-0.0847684329147417
2.606875,-0.0599403337446332
2.607,-4.26832558621221e-14
2.607125,0.0599403337444638
2.60725,0.0847684329147417
2.607375,0.0599403337446134
2.6075,1.68878826911587e-13
2.607625,-0.0599403337444836
2.60775,-0.0847684329147417
2.607875,-0.0599403337445936
2.608,-1.40881516733949e-13
2.608125,0.0599403337443943
2.60825,0.0847684329147417
2.608375,0.0599403337446828
2.6085,2.67077087783414e-13
2.608625,-0.0599403337445232
2.60875,-0.0847684329147417
2.608875,-0.059940333744772
2.609,-8.48868963786732e-14
2.609125,0.0599403337444339
2.60925,0.0847684329147417
2.609375,0.0599403337446432
2.6095,2.11082467428138e-13
2.609625,-0.0599403337443447
2.60975,-0.0847684329147417
2.609875,-0.0599403337445144
2.61,-3.37278038477603e-13
2.610125,0.0599403337444735
2.61025,0.0847684329147417
2.610375,0.0599403337448217
2.6105,1.55087847072862e-13
2.610625,-0.0599403337446024
2.61075,-0.0847684329147417
2.610875,-0.0599403337446929
2.611,2.71023443318787e-14
2.611125,0.0599403337445131
2.61125,0.0847684329147417
2.611375,0.0599403337447821
2.6115,9.90932267175863e-14
2.611625,-0.0599403337444239
2.61175,-0.0847684329147417
2.611875,-0.0599403337446533
2.612,-2.25288797767051e-13
2.612125,0.0599403337443347
2.61225,0.0847684329147417
2.612375,0.0599403337445244
2.6125,3.51484368816516e-13
2.612625,-0.0599403337444635
2.61275,-0.0847684329147417
2.612875,-0.0599403337448317
2.613,-1.69294177411775e-13
2.613125,0.0599403337445923
2.61325,0.0847684329147417
2.613375,0.0599403337447029
2.6135,-1.28960139929656e-14
2.613625,-0.0599403337445031
2.61375,-0.0847684329147417
2.613875,-0.0599403337445741
2.614,-1.13299557056499e-13
2.614125,0.0599403337444138
2.61425,0.0847684329147417
2.614375,0.0599403337446633
2.6145,2.39495128105964e-13
2.614625,-0.0599403337445427
2.61475,-0.0847684329147417
2.614875,-0.0599403337447525
2.615,-5.73049367012235e-14
2.615125,0.0599403337444534
2.61525,0.0847684329147417
2.615375,0.0599403337448418
2.6155,1.83500507750688e-13
2.615625,-0.0599403337445823
2.61575,-0.0847684329147417
2.615875,-0.0599403337447129
2.616,-1.31031634594753e-15
2.616125,0.059940333744493
2.61625,0.0847684329147417
2.616375,0.0599403337445841
2.6165,1.27505887395412e-13
2.616625,-0.0599403337444038
2.61675,-0.0847684329147417
2.616875,-0.0599403337446733
2.617,-2.53701458444877e-13
2.617125,0.0599403337445326
2.61725,0.0847684329147417
2.617375,0.0599403337447626
2.6175,7.15112670401366e-14
2.617625,-0.0599403337444434
2.61775,-0.0847684329147417
2.617875,-0.0599403337446338
2.618,-1.97706838089602e-13
2.618125,0.0599403337445722
2.61825,0.0847684329147417
2.618375,0.059940333744723
2.6185,1.55166466848606e-14
2.618625,-0.059940333744483
2.61875,-0.0847684329147417
2.618875,-0.0599403337445942
2.619,-1.41712217734326e-13
2.619125,0.0599403337443938
2.61925,0.0847684329147417
2.619375,0.0599403337446834
2.6195,2.67907788783791e-13
2.619625,-0.0599403337445226
2.61975,-0.0847684329147417
2.619875,-0.0599403337447726
2.62,-8.57175973790497e-14
2.620125,0.0599403337444333
2.62025,0.0847684329147417
2.620375,0.0599403337446438
2.6205,2.11913168428515e-13
2.620625,-0.0599403337445622
2.62075,-0.0847684329147417
2.620875,-0.059940333744733
2.621,-2.97229770237737e-14
2.621125,0.0599403337444729
2.62125,0.0847684329147417
2.621375,0.0599403337446042
2.6215,1.55918548073239e-13
2.621625,-0.0599403337443837
2.62175,-0.0847684329147417
2.621875,-0.0599403337446934
2.622,-2.82114119122704e-13
2.622125,0.0599403337445125
2.62225,0.0847684329147417
2.622375,0.0599403337447827
2.6225,9.99239277179628e-14
2.622625,-0.0599403337446414
2.62275,-0.0847684329147417
2.622875,-0.0599403337446539
2.623,8.22662636867781e-14
2.623125,0.0599403337443341
2.62325,0.0847684329147417
2.623375,0.0599403337447431
2.6235,4.39293073626868e-14
2.623625,-0.0599403337444629
2.62375,-0.0847684329147417
2.623875,-0.0599403337446143
2.624,-1.70124878412152e-13
2.624125,0.0599403337443737
2.62425,0.0847684329147417
2.624375,0.0599403337447035
2.6245,2.96320449461617e-13
2.624625,-0.0599403337445025
2.62475,-0.0847684329147417
2.624875,-0.0599403337447927
2.625,-1.14130258056876e-13
2.625125,0.0599403337446313
2.62525,0.0847684329147417
2.625375,0.0599403337446639
2.6255,-6.8059933347865e-14
2.625625,-0.059940333744324
2.62575,-0.0847684329147417
2.625875,-0.0599403337445351
2.626,-5.81356377015999e-14
2.626125,0.0599403337444528
2.62625,0.0847684329147417
2.626375,0.0599403337446243
2.6265,1.84331208751065e-13
2.626625,-0.0599403337445817
2.62675,-0.0847684329147417
2.626875,-0.0599403337447135
2.627,-3.1052677980053e-13
2.627125,0.0599403337444925
2.62725,0.0847684329147417
2.627375,0.0599403337448028
2.6275,1.28336588395789e-13
2.627625,-0.0599403337444032
2.62775,-0.0847684329147417
2.627875,-0.0599403337446739
2.628,5.38536030089519e-14
2.628125,0.059940333744314
2.62825,0.0847684329147417
2.628375,0.0599403337445451
2.6285,3.80727730494719e-13
2.628625,-0.0599403337444428
2.62875,-0.0847684329147417
2.628875,-0.0599403337446344
2.629,-1.98537539089978e-13
2.629125,0.0599403337445716
2.62925,0.0847684329147417
2.629375,0.0599403337447236
2.6295,1.63473476852371e-14
2.629625,-0.0599403337444824
2.62975,-0.0847684329147417
2.629875,-0.0599403337445948
2.63,-1.42542918734702e-13
2.630125,0.0599403337443932
2.63025,0.0847684329147417
2.630375,0.059940333744684
2.6305,-3.96472726700388e-14
2.630625,-0.059940333744522
2.63075,-0.0847684329147417
2.630875,-0.0599403337445552
2.631,-3.94934060833632e-13
2.631125,0.0599403337444328
2.63125,0.0847684329147417
2.631375,0.0599403337446444
2.6315,2.12743869428891e-13
2.631625,-0.0599403337445616
2.63175,-0.0847684329147417
2.631875,-0.0599403337447336
2.632,-3.05536780241502e-14
2.632125,0.0599403337444724
2.63225,0.0847684329147417
2.632375,0.0599403337446048
2.6325,1.56749249073615e-13
2.632625,-0.0599403337443831
2.63275,-0.0847684329147417
2.632875,-0.059940333744694
2.633,-2.8294482012308e-13
2.633125,0.059940333744512
2.63325,0.0847684329147417
2.633375,0.0599403337445652
2.6335,1.00754628718339e-13
2.633625,-0.0599403337444227
2.63375,-0.0847684329147417
2.633875,-0.0599403337446544
2.634,-2.26950199767804e-13
2.634125,0.0599403337445515
2.63425,0.0847684329147417
2.634375,0.0599403337447437
2.6345,4.47600083630633e-14
2.634625,-0.0599403337444623
2.63475,-0.0847684329147417
2.634875,-0.0599403337446148
2.635,-1.70955579412528e-13
2.635125,0.0599403337443731
2.63525,0.0847684329147417
2.635375,0.0599403337447041
2.6355,2.97151150461993e-13
2.635625,-0.0599403337445019
2.63575,-0.0847684329147417
2.635875,-0.0599403337447933
2.636,-1.14960959057252e-13
2.636125,0.0599403337444127
2.63625,0.0847684329147417
2.636375,0.0599403337446645
2.6365,2.41156530106717e-13
2.636625,-0.0599403337445415
2.63675,-0.0847684329147417
2.636875,-0.0599403337447537
2.637,-5.89663387019764e-14
2.637125,0.0599403337444523
2.63725,0.0847684329147417
2.637375,0.0599403337446249
2.6375,1.85161909751441e-13
2.637625,-0.059940333744363
2.63775,-0.0847684329147417
2.637875,-0.0599403337444961
2.638,-3.11357480800906e-13
2.638125,0.0599403337444919
2.63825,0.0847684329147417
2.638375,0.0599403337448034
2.6385,1.29167289396165e-13
2.638625,-0.0599403337446207
2.63875,-0.0847684329147417
2.638875,-0.0599403337446745
2.639,-2.5536286044563e-13
2.639125,0.0599403337445314
2.63925,0.0847684329147417
2.639375,0.0599403337447638
2.6395,7.31726690408895e-14
2.639625,-0.0599403337444422
2.63975,-0.0847684329147417
2.639875,-0.0599403337446349
2.64,-1.99368240090354e-13
2.640125,0.059940333744353
2.64025,0.0847684329147417
2.640375,0.0599403337447242
2.6405,3.25563811139819e-13
2.640625,-0.0599403337444818
2.64075,-0.0847684329147417
2.640875,-0.0599403337448134
2.641,-1.43373619735079e-13
2.641125,0.0599403337446106
2.64125,0.0847684329147417
2.641375,0.0599403337446846
2.6415,-3.88165716696623e-14
2.641625,-0.0599403337445214
2.64175,-0.0847684329147417
2.641875,-0.0599403337445557
2.642,-8.73789993798026e-14
2.642125,0.0599403337444322
2.64225,0.0847684329147417
2.642375,0.059940333744645
2.6425,2.13574570429268e-13
2.642625,-0.0599403337443429
2.64275,-0.0847684329147417
2.642875,-0.0599403337447342
2.643,-3.39770141478733e-13
2.643125,0.0599403337444718
2.64325,0.0847684329147417
2.643375,0.0599403337448235
2.6435,1.57579950073992e-13
2.643625,-0.0599403337446006
2.64375,-0.0847684329147417
2.643875,-0.0599403337446946
2.644,2.46102413307492e-14
2.644125,0.0599403337445114
2.64425,0.0847684329147417
2.644375,0.0599403337445658
2.6445,1.01585329718716e-13
2.644625,-0.0599403337444221
2.64475,-0.0847684329147417
2.644875,-0.059940333744655
2.645,-2.27780900768181e-13
2.645125,0.059940333744551
2.64525,0.0847684329147417
2.645375,0.0599403337447443
2.6455,4.55907093634398e-14
2.645625,-0.0599403337444617
2.64575,-0.0847684329147417
2.645875,-0.0599403337446154
2.646,-1.71786280412905e-13
2.646125,0.0599403337445906
2.64625,0.0847684329147417
2.646375,0.0599403337447047
2.6465,-1.04039109918361e-14
2.646625,-0.0599403337442833
2.64675,-0.0847684329147417
2.646875,-0.0599403337445758
2.647,-1.15791660057629e-13
2.647125,0.0599403337444121
2.64725,0.0847684329147417
2.647375,0.0599403337446651
2.6475,2.41987231107094e-13
2.647625,-0.0599403337445409
2.64775,-0.0847684329147417
2.647875,-0.0599403337447543
2.648,-5.97970397023529e-14
2.648125,0.0599403337444517
2.64825,0.0847684329147417
2.648375,0.0599403337446255
2.6485,1.85992610751818e-13
2.648625,-0.0599403337443624
2.64875,-0.0847684329147417
2.648875,-0.0599403337447147
2.649,-3.80241934707696e-15
2.649125,0.0599403337444913
2.64925,0.0847684329147417
2.649375,0.0599403337445859
2.6495,1.29997990396542e-13
2.649625,-0.059940333744402
2.64975,-0.0847684329147417
2.649875,-0.0599403337446751
2.65,-2.56193561446007e-13
2.650125,0.0599403337445309
2.65025,0.0847684329147417
2.650375,0.0599403337447643
2.6505,7.4003370041266e-14
2.650625,-0.0599403337444416
2.65075,-0.0847684329147417
2.650875,-0.0599403337446355
2.651,-2.00198941090731e-13
2.651125,0.0599403337443524
2.65125,0.0847684329147417
2.651375,0.0599403337447248
2.6515,1.80087496859901e-14
2.651625,-0.0599403337444812
2.65175,-0.0847684329147417
2.651875,-0.0599403337445959
2.652,-1.44204320735455e-13
2.652125,0.059940333744392
2.65225,0.0847684329147417
2.652375,0.0599403337446852
2.6525,2.7039989178492e-13
2.652625,-0.0599403337445208
2.65275,-0.0847684329147417
2.652875,-0.0599403337447744
2.653,-8.82097003801791e-14
2.653125,0.0599403337444316
2.65325,0.0847684329147417
2.653375,0.0599403337446456
2.6535,-9.39804910245618e-14
2.653625,-0.0599403337443424
2.65375,-0.0847684329147417
2.653875,-0.0599403337445167
2.654,-3.40600842479109e-13
2.654125,0.0599403337444712
2.65425,0.0847684329147417
2.654375,0.059940333744606
2.6545,1.58410651074368e-13
2.654625,-0.059940333744382
2.65475,-0.0847684329147417
2.654875,-0.0599403337446952
2.655,-2.84606222123833e-13
2.655125,0.0599403337445108
2.65525,0.0847684329147417
2.655375,0.0599403337447844
2.6555,1.02416030719092e-13
2.655625,-0.0599403337444215
2.65575,-0.0847684329147417
2.655875,-0.0599403337446556
2.656,7.97741606856487e-14
2.656125,0.0599403337443323
2.65625,0.0847684329147417
2.656375,0.0599403337445268
2.6565,3.54807172818022e-13
2.656625,-0.0599403337444611
2.65675,-0.0847684329147417
2.656875,-0.059940333744616
2.657,-1.72616981413281e-13
2.657125,0.05994033374459
2.65725,0.0847684329147417
2.657375,0.0599403337447053
2.6575,-9.57320999145966e-15
2.657625,-0.0599403337445007
2.65775,-0.0847684329147417
2.657875,-0.0599403337445764
2.658,-1.16622361058005e-13
2.658125,0.0599403337444115
2.65825,0.0847684329147417
2.658375,0.0599403337446657
2.6585,2.4281793210747e-13
2.658625,-0.0599403337443223
2.65875,-0.0847684329147417
2.658875,-0.0599403337445368
2.659,-3.69013503156935e-13
2.659125,0.0599403337444511
2.65925,0.0847684329147417
2.659375,0.0599403337448441
2.6595,1.86823311752194e-13
2.659625,-0.0599403337445799
2.65975,-0.0847684329147417
2.659875,-0.0599403337447153
2.66,-4.63312034745344e-15
2.660125,0.0599403337444907
2.66025,0.0847684329147417
2.660375,0.0599403337445865
2.6605,1.30828691396918e-13
2.660625,-0.0599403337444015
2.66075,-0.0847684329147417
2.660875,-0.0599403337446757
2.661,-2.57024262446383e-13
2.661125,0.0599403337445303
2.66125,0.0847684329147417
2.661375,0.0599403337447649
2.6615,7.48340710416425e-14
2.661625,-0.059940333744441
2.66175,-0.0847684329147417
2.661875,-0.0599403337446361
2.662,-2.01029642091107e-13
2.662125,0.0599403337445699
2.66225,0.0847684329147417
2.662375,0.0599403337447253
2.6625,1.88394506863665e-14
2.662625,-0.0599403337444806
2.66275,-0.0847684329147417
2.662875,-0.0599403337445965
2.663,-1.45035021735832e-13
2.663125,0.0599403337443914
2.66325,0.0847684329147417
2.663375,0.0599403337446857
2.6635,2.71230592785297e-13
2.663625,-0.0599403337445202
2.66375,-0.0847684329147417
2.663875,-0.059940333744775
2.664,-8.90404013805556e-14
2.664125,0.059940333744431
2.66425,0.0847684329147417
2.664375,0.0599403337446462
2.6645,2.15235972430021e-13
2.664625,-0.0599403337445598
2.66475,-0.0847684329147417
2.664875,-0.0599403337447354
2.665,-3.30457810252796e-14
2.665125,0.0599403337444706
2.66525,0.0847684329147417
2.665375,0.0599403337446066
2.6655,1.59241352074745e-13
2.665625,-0.0599403337443814
2.66575,-0.0847684329147417
2.665875,-0.0599403337446958
2.666,-2.8543692312421e-13
2.666125,0.0599403337445102
2.66625,0.0847684329147417
2.666375,0.059940333744785
2.6665,1.03246731719469e-13
2.666625,-0.059940333744421
2.66675,-0.0847684329147417
2.666875,-0.0599403337446562
2.667,-2.29442302768934e-13
2.667125,0.0599403337445498
2.66725,0.0847684329147417
2.667375,0.0599403337447454
2.6675,4.72521113641927e-14
2.667625,-0.0599403337444605
2.66775,-0.0847684329147417
2.667875,-0.0599403337446166
2.668,-1.73447682413658e-13
2.668125,0.0599403337443713
2.66825,0.0847684329147417
2.668375,0.0599403337447058
2.6685,2.99643253463123e-13
2.668625,-0.0599403337445001
2.66875,-0.0847684329147417
2.668875,-0.0599403337447951
2.669,-1.17453062058382e-13
2.669125,0.059940333744629
2.66925,0.0847684329147417
2.669375,0.0599403337446662
2.6695,-6.47371293463591e-14
2.669625,-0.0599403337445397
2.66975,-0.0847684329147417
2.669875,-0.0599403337445374
2.67,-6.14584417031059e-14
2.670125,0.0599403337444505
2.67025,0.0847684329147417
2.670375,0.0599403337446267
2.6705,1.87654012752571e-13
2.670625,-0.0599403337443613
2.67075,-0.0847684329147417
2.670875,-0.0599403337447159
2.671,-3.13849583802036e-13
2.671125,0.0599403337444901
2.67125,0.0847684329147417
2.671375,0.0599403337448051
2.6715,1.31659392397295e-13
2.671625,-0.0599403337446189
2.67175,-0.0847684329147417
2.671875,-0.0599403337446763
2.672,5.0530799007446e-14
2.672125,0.0599403337443116
2.67225,0.0847684329147417
2.672375,0.0599403337445475
2.6725,7.5664772042019e-14
2.672625,-0.0599403337444405
2.67275,-0.0847684329147417
2.672875,-0.0599403337446367
2.673,-2.01860343091484e-13
2.673125,0.0599403337445693
2.67325,0.0847684329147417
2.673375,0.0599403337447259
2.6735,1.9670151686743e-14
2.673625,-0.0599403337444801
2.67375,-0.0847684329147417
2.673875,-0.0599403337448152
2.674,-1.45865722736208e-13
2.674125,0.0599403337446089
2.67425,0.0847684329147417
2.674375,0.0599403337446863
2.6745,-3.63244686685329e-14
2.674625,-0.0599403337443016
2.67475,-0.0847684329147417
2.674875,-0.0599403337445575
2.675,-8.98711023809321e-14
2.675125,0.0599403337444304
2.67525,0.0847684329147417
2.675375,0.0599403337446467
2.6755,2.16066673430397e-13
2.675625,-0.0599403337445592
2.67575,-0.0847684329147417
2.675875,-0.059940333744736
2.676,-3.38764820256561e-14
2.676125,0.05994033374447
2.67625,0.0847684329147417
2.676375,0.0599403337446072
2.6765,1.60072053075121e-13
2.676625,-0.0599403337443808
2.67675,-0.0847684329147417
2.676875,-0.0599403337446964
2.677,2.21181383296198e-14
2.677125,0.0599403337445096
2.67725,0.0847684329147417
2.677375,0.0599403337445676
2.6775,1.04077432719845e-13
2.677625,-0.0599403337444204
2.67775,-0.0847684329147417
2.677875,-0.0599403337446568
2.678,-2.3027300376931e-13
2.678125,0.0599403337445492
2.67825,0.0847684329147417
2.678375,0.059940333744746
2.6785,4.80828123645692e-14
2.678625,-0.05994033374446
2.67875,-0.0847684329147417
2.678875,-0.0599403337446172
2.679,-1.74278383414034e-13
2.679125,0.0599403337443707
2.67925,0.0847684329147417
2.679375,0.0599403337447064
2.6795,3.00473954463499e-13
2.679625,-0.0599403337444996
2.67975,-0.0847684329147417
2.679875,-0.0599403337445776
2.68,-1.18283763058758e-13
2.680125,0.0599403337444103
2.68025,0.0847684329147417
2.680375,0.0599403337446668
2.6805,2.44479334108223e-13
2.680625,-0.0599403337445392
2.68075,-0.0847684329147417
2.680875,-0.0599403337447561
2.681,-6.22891427034823e-14
2.681125,0.0599403337444499
2.68125,0.0847684329147417
2.681375,0.0599403337446272
2.6815,-1.19901048701259e-13
2.681625,-0.0599403337443607
2.68175,-0.0847684329147417
2.681875,-0.0599403337447165
2.682,-3.14680284802412e-13
2.682125,0.0599403337444895
2.68225,0.0847684329147417
2.682375,0.0599403337445876
2.6825,1.32490093397671e-13
2.682625,-0.0599403337444003
2.68275,-0.0847684329147417
2.682875,-0.0599403337446769
2.683,-2.58685664447136e-13
2.683125,0.0599403337445291
2.68325,0.0847684329147417
2.683375,0.0599403337447661
2.6835,7.64954730423954e-14
2.683625,-0.0599403337444399
2.68375,-0.0847684329147417
2.683875,-0.0599403337446373
2.684,-2.0269104409186e-13
2.684125,0.0599403337443506
2.68425,0.0847684329147417
2.684375,0.0599403337445085
2.6845,3.28886615141325e-13
2.684625,-0.0599403337444795
2.68475,-0.0847684329147417
2.684875,-0.0599403337448158
2.685,-1.46696423736584e-13
2.685125,0.0599403337446083
2.68525,0.0847684329147417
2.685375,0.0599403337446869
2.6855,-3.54937676681564e-14
2.685625,-0.0599403337445191
2.68575,-0.0847684329147417
2.685875,-0.0599403337447762
2.686,-9.07018033813085e-14
2.686125,0.0599403337444298
2.68625,0.0847684329147417
2.686375,0.0599403337446473
2.6865,2.16897374430774e-13
2.686625,-0.0599403337443406
2.68675,-0.0847684329147417
2.686875,-0.0599403337445185
2.687,-3.43092945480238e-13
2.687125,0.0599403337444694
2.68725,0.0847684329147417
2.687375,0.0599403337448258
2.6875,1.60902754075498e-13
2.687625,-0.0599403337445982
2.68775,-0.0847684329147417
2.687875,-0.059940333744697
2.688,2.12874373292433e-14
2.688125,0.059940333744509
2.68825,0.0847684329147417
2.688375,0.0599403337445681
2.6885,1.04908133720222e-13
2.688625,-0.0599403337444198
2.68875,-0.0847684329147417
2.688875,-0.0599403337446574
2.689,-2.31103704769687e-13
2.689125,0.0599403337445486
2.68925,0.0847684329147417
2.689375,0.0599403337447466
2.6895,3.57299275819152e-13
2.689625,-0.0599403337444594
2.68975,-0.0847684329147417
2.689875,-0.0599403337448358
2.69,-1.75109084414411e-13
2.690125,0.0599403337445882
2.69025,0.0847684329147417
2.690375,0.059940333744707
2.6905,-7.08110699033023e-15
2.690625,-0.059940333744499
2.69075,-0.0847684329147417
2.690875,-0.0599403337445782
2.691,-1.19114464059135e-13
2.691125,0.0599403337444097
2.69125,0.0847684329147417
2.691375,0.0599403337446674
2.6915,2.453100351086e-13
2.691625,-0.0599403337445386
2.69175,-0.0847684329147417
2.691875,-0.0599403337447567
2.692,-6.31198437038588e-14
2.692125,0.0599403337444493
2.69225,0.0847684329147417
2.692375,0.0599403337446278
2.6925,1.89315414753324e-13
2.692625,-0.0599403337445782
2.69275,-0.0847684329147417
2.692875,-0.0599403337447171
2.693,-7.12522334858287e-15
2.693125,0.0599403337444889
2.69325,0.0847684329147417
2.693375,0.0599403337445882
2.6935,1.33320794398048e-13
2.693625,-0.0599403337443997
2.69375,-0.0847684329147417
2.693875,-0.0599403337446775
2.694,-2.59516365447513e-13
2.694125,0.0599403337445285
2.69425,0.0847684329147417
2.694375,0.0599403337447667
2.6945,7.73261740427719e-14
2.694625,-0.0599403337444393
2.69475,-0.0847684329147417
2.694875,-0.0599403337446379
2.695,-2.03521745092237e-13
2.695125,0.0599403337445681
2.69525,0.0847684329147417
2.695375,0.0599403337447271
2.6955,2.1331553687496e-14
2.695625,-0.0599403337444789
2.69575,-0.0847684329147417
2.695875,-0.0599403337445983
2.696,-1.47527124736961e-13
2.696125,0.0599403337443896
2.69625,0.0847684329147417
2.696375,0.0599403337446875
2.6965,2.73722695786426e-13
2.696625,-0.0599403337445185
2.69675,-0.0847684329147417
2.696875,-0.0599403337447767
2.697,-9.1532504381685e-14
2.697125,0.0599403337446473
2.69725,0.0847684329147417
2.697375,0.0599403337446479
2.6975,2.1772807543115e-13
2.697625,-0.05994033374434
2.69775,-0.0847684329147417
2.697875,-0.0599403337447372
2.698,-3.55378840264091e-14
2.698125,0.0599403337444688
2.69825,0.0847684329147417
2.698375,0.0599403337446083
2.6985,1.61733455075874e-13
2.698625,-0.0599403337443796
2.69875,-0.0847684329147417
2.698875,-0.0599403337446976
2.699,-2.87929026125339e-13
2.699125,0.0599403337445084
2.69925,0.0847684329147417
2.699375,0.0599403337447868
2.6995,1.05738834720598e-13
2.699625,-0.0599403337446373
2.69975,-0.0847684329147417
2.699875,-0.059940333744658
2.7,7.64513566841428e-14
2.700125,0.05994033374433
2.70025,0.0847684329147417
2.700375,0.0599403337445291
2.7005,4.97442143653222e-14
2.700625,-0.0599403337444588
2.70075,-0.0847684329147417
2.700875,-0.0599403337446184
2.701,-1.75939785414787e-13
2.701125,0.0599403337445876
2.70125,0.0847684329147417
2.701375,0.0599403337447076
2.7015,3.02135356464252e-13
2.701625,-0.0599403337444984
2.70175,-0.0847684329147417
2.701875,-0.0599403337447968
2.702,-1.19945165059511e-13
2.702125,0.0599403337444092
2.70225,0.0847684329147417
2.702375,0.059940333744668
2.7025,-6.22450263452297e-14
2.702625,-0.0599403337443199
2.70275,-0.0847684329147417
2.702875,-0.0599403337445392
2.703,-3.72336307158441e-13
2.703125,0.0599403337444487
2.70325,0.0847684329147417
2.703375,0.0599403337446284
2.7035,1.901461157537e-13
2.703625,-0.0599403337445776
2.70375,-0.0847684329147417
2.703875,-0.0599403337447177
2.704,-7.95592434895935e-15
2.704125,0.0599403337444883
2.70425,0.0847684329147417
2.704375,0.0599403337445888
2.7045,1.34151495398424e-13
2.704625,-0.0599403337443991
2.70475,-0.0847684329147417
2.704875,-0.0599403337446781
2.705,-2.60347066447889e-13
2.705125,0.0599403337443099
2.70525,0.0847684329147417
2.705375,0.0599403337445492
2.7055,3.86542637497354e-13
2.705625,-0.0599403337444387
2.70575,-0.0847684329147417
2.705875,-0.0599403337446385
2.706,-2.04352446092613e-13
2.706125,0.0599403337445675
2.70625,0.0847684329147417
2.706375,0.0599403337447277
2.7065,2.21622546878725e-14
2.706625,-0.0599403337444783
2.70675,-0.0847684329147417
2.706875,-0.0599403337445989
2.707,-1.48357825737337e-13
2.707125,0.0599403337443891
2.70725,0.0847684329147417
2.707375,0.0599403337446881
2.7075,2.74553396786802e-13
2.707625,-0.0599403337445179
2.70775,-0.0847684329147417
2.707875,-0.0599403337445593
2.708,-9.23632053820615e-14
2.708125,0.0599403337444286
2.70825,0.0847684329147417
2.708375,0.0599403337446485
2.7085,2.18558776431526e-13
2.708625,-0.0599403337445575
2.70875,-0.0847684329147417
2.708875,-0.0599403337447377
2.709,-3.63685850267856e-14
2.709125,0.0599403337444682
2.70925,0.0847684329147417
2.709375,0.0599403337446089
2.7095,1.62564156076251e-13
2.709625,-0.059940333744379
2.70975,-0.0847684329147417
2.709875,-0.0599403337446981
2.71,-2.88759727125716e-13
2.710125,0.0599403337445078
2.71025,0.0847684329147417
2.710375,0.0599403337447874
2.7105,1.06569535720975e-13
2.710625,-0.0599403337444186
2.71075,-0.0847684329147417
2.710875,-0.0599403337446585
2.711,-2.3276510677044e-13
2.711125,0.0599403337445474
2.71125,0.0847684329147417
2.711375,0.0599403337447478
2.7115,5.05749153656987e-14
2.711625,-0.0599403337444582
2.71175,-0.0847684329147417
2.711875,-0.059940333744619
2.712,-1.76770486415164e-13
2.712125,0.059940333744369
2.71225,0.0847684329147417
2.712375,0.0599403337444901
2.7125,3.02966057464629e-13
2.712625,-0.0599403337444978
2.71275,-0.0847684329147417
2.712875,-0.0599403337447974
2.713,-1.20775866059888e-13
2.713125,0.0599403337444086
2.71325,0.0847684329147417
2.713375,0.0599403337446686
2.7135,2.46971437109353e-13
2.713625,-0.0599403337445374
2.71375,-0.0847684329147417
2.713875,-0.0599403337447578
2.714,-6.47812457046118e-14
2.714125,0.0599403337444482
2.71425,0.0847684329147417
2.714375,0.059940333744629
2.7145,1.90976816754077e-13
2.714625,-0.0599403337443589
2.71475,-0.0847684329147417
2.714875,-0.0599403337447182
2.715,-3.17172387803542e-13
2.715125,0.0599403337444878
2.71525,0.0847684329147417
2.715375,0.0599403337448075
2.7155,1.34982196398801e-13
2.715625,-0.0599403337446166
2.71575,-0.0847684329147417
2.715875,-0.0599403337446786
2.716,4.72079950059401e-14
2.716125,0.0599403337445273
2.71625,0.0847684329147417
2.716375,0.0599403337445498
2.7165,7.89875760435249e-14
2.716625,-0.0599403337444381
2.71675,-0.0847684329147417
2.716875,-0.0599403337446391
2.717,-2.0518314709299e-13
2.717125,0.0599403337443489
2.71725,0.0847684329147417
2.717375,0.0599403337447283
2.7175,3.31378718142455e-13
2.717625,-0.0599403337444777
2.71775,-0.0847684329147417
2.717875,-0.0599403337448175
2.718,-1.49188526737714e-13
2.718125,0.0599403337446065
2.71825,0.0847684329147417
2.718375,0.0599403337446887
2.7185,-3.3001664667027e-14
2.718625,-0.0599403337445173
2.71875,-0.0847684329147417
2.718875,-0.0599403337445599
2.719,-9.3193906382438e-14
2.719125,0.0599403337444281
2.71925,0.0847684329147417
2.719375,0.0599403337446491
2.7195,2.19389477431903e-13
2.719625,-0.0599403337445569
2.71975,-0.0847684329147417
2.719875,-0.0599403337447383
2.72,-3.7199286027162e-14
2.720125,0.0599403337444677
2.72025,0.0847684329147417
2.720375,0.0599403337446095
2.7205,1.63394857076627e-13
2.720625,-0.0599403337445965
2.72075,-0.0847684329147417
2.720875,-0.0599403337446987
2.721,1.87953343281139e-14
2.721125,0.0599403337442892
2.72125,0.0847684329147417
2.721375,0.0599403337445699
2.7215,1.07400236721351e-13
2.721625,-0.059940333744418
2.72175,-0.0847684329147417
2.721875,-0.0599403337446591
2.722,-2.33595807770816e-13
2.722125,0.0599403337445468
2.72225,0.0847684329147417
2.722375,0.0599403337447484
2.7225,5.14056163660751e-14
2.722625,-0.0599403337444576
2.72275,-0.0847684329147417
2.722875,-0.0599403337446196
2.723,-1.7760118741554e-13
2.723125,0.0599403337443684
2.72325,0.0847684329147417
2.723375,0.0599403337447088
2.7235,-4.5890039892008e-15
2.723625,-0.0599403337444972
2.72375,-0.0847684329147417
2.723875,-0.0599403337445799
2.724,-1.21606567060264e-13
2.724125,0.059940333744408
2.72425,0.0847684329147417
2.724375,0.0599403337446692
2.7245,2.47802138109729e-13
2.724625,-0.0599403337445368
2.72475,-0.0847684329147417
2.724875,-0.0599403337447584
2.725,-6.56119467049882e-14
2.725125,0.0599403337444476
2.72525,0.0847684329147417
2.725375,0.0599403337446296
2.7255,1.91807517754453e-13
2.725625,-0.0599403337443583
2.72575,-0.0847684329147417
2.725875,-0.0599403337447188
2.726,-9.6173263497123e-15
2.726125,0.0599403337444872
2.72625,0.0847684329147417
2.726375,0.05994033374459
2.7265,1.35812897399177e-13
2.726625,-0.0599403337443979
2.72675,-0.0847684329147417
2.726875,-0.0599403337446792
2.727,-2.62008468448642e-13
2.727125,0.0599403337445268
2.72725,0.0847684329147417
2.727375,0.0599403337447685
2.7275,7.98182770439013e-14
2.727625,-0.0599403337444375
2.72775,-0.0847684329147417
2.727875,-0.0599403337446396
2.728,1.0237191436084e-13
2.728125,0.0599403337443483
2.72825,0.0847684329147417
2.728375,0.0599403337445108
2.7285,3.32209419142831e-13
2.728625,-0.0599403337444771
2.72875,-0.0847684329147417
2.728875,-0.0599403337446
2.729,-1.5001922773809e-13
2.729125,0.0599403337443879
2.72925,0.0847684329147417
2.729375,0.0599403337446893
2.7295,2.76214798787555e-13
2.729625,-0.0599403337445167
2.72975,-0.0847684329147417
2.729875,-0.0599403337447785
2.73,-9.40246073828144e-14
2.730125,0.0599403337444275
2.73025,0.0847684329147417
2.730375,0.0599403337446497
2.7305,2.20220178432279e-13
2.730625,-0.0599403337443382
2.73075,-0.0847684329147417
2.730875,-0.0599403337445209
2.731,-3.46415749481744e-13
2.731125,0.0599403337444671
2.73125,0.0847684329147417
2.731375,0.0599403337446101
2.7315,1.64225558077003e-13
2.731625,-0.0599403337445959
2.73175,-0.0847684329147417
2.731875,-0.0599403337446993
2.732,1.79646333277374e-14
2.732125,0.0599403337445067
2.73225,0.0847684329147417
2.732375,0.0599403337445705
2.7325,1.08230937721728e-13
2.732625,-0.0599403337444174
2.73275,-0.0847684329147417
2.732875,-0.0599403337446597
2.733,-2.34426508771193e-13
2.733125,0.0599403337443282
2.73325,0.0847684329147417
2.733375,0.0599403337445309
2.7335,3.60622079820658e-13
2.733625,-0.059940333744457
2.73375,-0.0847684329147417
2.733875,-0.0599403337448382
2.734,-1.78431888415917e-13
2.734125,0.0599403337445858
2.73425,0.0847684329147417
2.734375,0.0599403337447094
2.7345,-3.75830298882432e-15
2.734625,-0.0599403337444966
2.73475,-0.0847684329147417
2.734875,-0.0599403337445805
2.735,-1.22437268060641e-13
2.735125,0.0599403337444074
2.73525,0.0847684329147417
2.735375,0.0599403337446698
2.7355,2.48632839110106e-13
2.735625,-0.0599403337445362
2.73575,-0.0847684329147417
2.735875,-0.059940333744759
2.736,-6.64426477053647e-14
2.736125,0.059940333744447
2.73625,0.0847684329147417
2.736375,0.0599403337448482
2.7365,1.9263821875483e-13
2.736625,-0.0599403337445758
2.73675,-0.0847684329147417
2.736875,-0.0599403337447194
2.737,-1.04480273500888e-14
2.737125,0.0599403337444866
2.73725,0.0847684329147417
2.737375,0.0599403337445906
2.7375,1.36643598399554e-13
2.737625,-0.0599403337443973
2.73775,-0.0847684329147417
2.737875,-0.0599403337446798
2.738,-2.62839169449019e-13
2.738125,0.0599403337445262
2.73825,0.0847684329147417
2.738375,0.0599403337447691
2.7385,8.06489780442778e-14
2.738625,-0.0599403337444369
2.73875,-0.0847684329147417
2.738875,-0.0599403337446402
2.739,-2.06844549093743e-13
2.739125,0.0599403337445658
2.73925,0.0847684329147417
2.739375,0.0599403337447295
2.7395,2.46543576890019e-14
2.739625,-0.0599403337444765
2.73975,-0.0847684329147417
2.739875,-0.0599403337446006
2.74,-1.50849928738467e-13
2.740125,0.0599403337443873
2.74025,0.0847684329147417
2.740375,0.0599403337446899
2.7405,2.77045499787932e-13
2.740625,-0.0599403337445161
2.74075,-0.0847684329147417
2.740875,-0.0599403337447791
2.741,-9.48553083831909e-14
2.741125,0.0599403337444269
2.74125,0.0847684329147417
2.741375,0.0599403337446503
2.7415,2.21050879432656e-13
2.741625,-0.0599403337445557
2.74175,-0.0847684329147417
2.741875,-0.0599403337447395
2.742,-3.8860688027915e-14
2.742125,0.0599403337444665
2.74225,0.0847684329147417
2.742375,0.0599403337446107
2.7425,1.6505625907738e-13
2.742625,-0.0599403337443772
2.74275,-0.0847684329147417
2.742875,-0.0599403337446999
2.743,-2.91251830126845e-13
2.743125,0.0599403337445061
2.74325,0.0847684329147417
2.743375,0.0599403337447891
2.7435,1.09061638722104e-13
2.743625,-0.0599403337446349
2.74375,-0.0847684329147417
2.743875,-0.0599403337446603
2.744,7.31285526826369e-14
2.744125,0.0599403337445457
2.74425,0.0847684329147417
2.744375,0.0599403337447495
2.7445,5.30670183668281e-14
2.744625,-0.0599403337444564
2.74475,-0.0847684329147417
2.744875,-0.0599403337446207
2.745,-1.79262589416293e-13
2.745125,0.0599403337443672
2.74525,0.0847684329147417
2.745375,0.05994033374471
2.7455,3.05458160465758e-13
2.745625,-0.059940333744496
2.74575,-0.0847684329147417
2.745875,-0.0599403337447992
2.746,-1.23267969061017e-13
2.746125,0.0599403337446249
2.74625,0.0847684329147417
2.746375,0.0599403337446704
2.7465,-5.89222223437238e-14
2.746625,-0.0599403337443176
2.74675,-0.0847684329147417
2.746875,-0.0599403337445415
2.747,-6.72733487057412e-14
2.747125,0.0599403337444464
2.74725,0.0847684329147417
2.747375,0.0599403337446308
2.7475,1.93468919755206e-13
2.747625,-0.0599403337445752
2.74775,-0.0847684329147417
2.747875,-0.05994033374472
2.748,-1.12787283504653e-14
2.748125,0.059940333744486
2.74825,0.0847684329147417
2.748375,0.0599403337448092
2.7485,1.3747429939993e-13
2.748625,-0.0599403337443968
2.74875,-0.0847684329147417
2.748875,-0.0599403337446804
2.749,4.47158920048107e-14
2.749125,0.0599403337443075
2.74925,0.0847684329147417
2.749375,0.0599403337445516
2.7495,3.8986544149886e-13
2.749625,-0.0599403337444364
2.74975,-0.0847684329147417
2.749875,-0.0599403337446408
2.75,-2.07675250094119e-13
2.750125,0.0599403337445652
2.75025,0.0847684329147417
2.750375,0.05994033374473
2.7505,2.54850586893784e-14
2.750625,-0.0599403337444759
2.75075,-0.0847684329147417
2.750875,-0.0599403337446012
2.751,-1.51680629738843e-13
2.751125,0.0599403337443867
2.75125,0.0847684329147417
2.751375,0.0599403337446905
2.7515,-3.05095616658976e-14
2.751625,-0.0599403337445155
2.75175,-0.0847684329147417
2.751875,-0.0599403337445616
2.752,-4.04071771837773e-13
2.752125,0.0599403337444263
2.75225,0.0847684329147417
2.752375,0.0599403337446509
2.7525,2.21881580433032e-13
2.752625,-0.0599403337445551
2.75275,-0.0847684329147417
2.752875,-0.0599403337447401
2.753,-3.96913890282915e-14
2.753125,0.0599403337444659
2.75325,0.0847684329147417
2.753375,0.0599403337446113
2.7535,1.65886960077756e-13
2.753625,-0.0599403337443767
2.75375,-0.0847684329147417
2.753875,-0.0599403337447005
2.754,-2.92082531127221e-13
2.754125,0.0599403337445055
2.75425,0.0847684329147417
2.754375,0.0599403337445717
2.7545,1.0989233972248e-13
2.754625,-0.0599403337444163
2.75475,-0.0847684329147417
2.754875,-0.0599403337446609
2.755,-2.36087910771945e-13
2.755125,0.0599403337445451
2.75525,0.0847684329147417
2.755375,0.0599403337447501
2.7555,5.38977193672046e-14
2.755625,-0.0599403337444558
2.75575,-0.0847684329147417
2.755875,-0.0599403337446213
2.756,-1.8009329041667e-13
2.756125,0.0599403337443666
2.75625,0.0847684329147417
2.756375,0.0599403337447105
2.7565,3.06288861466134e-13
2.756625,-0.0599403337444954
2.75675,-0.0847684329147417
2.756875,-0.0599403337445817
2.757,-1.24098670061394e-13
2.757125,0.0599403337444062
2.75725,0.0847684329147417
2.757375,0.0599403337446709
2.7575,2.50294241110859e-13
2.757625,-0.059940333744535
2.75775,-0.0847684329147417
2.757875,-0.0599403337447602
2.758,-6.81040497061177e-14
2.758125,0.0599403337444458
2.75825,0.0847684329147417
2.758375,0.0599403337446313
2.7585,1.94299620755583e-13
2.758625,-0.0599403337443566
2.75875,-0.0847684329147417
2.758875,-0.0599403337445025
2.759,-3.20495191805048e-13
2.759125,0.0599403337444854
2.75925,0.0847684329147417
2.759375,0.0599403337448098
2.7595,1.38305000400307e-13
2.759625,-0.0599403337446142
2.75975,-0.0847684329147417
2.759875,-0.059940333744681
2.76,-2.64500571449772e-13
2.760125,0.059940333744525
2.76025,0.0847684329147417
2.760375,0.0599403337447702
2.7605,8.23103800450308e-14
2.760625,-0.0599403337444358
2.76075,-0.0847684329147417
2.760875,-0.0599403337446414
2.761,-2.08505951094496e-13
2.761125,0.0599403337443465
2.76125,0.0847684329147417
2.761375,0.0599403337447306
2.7615,3.34701522143961e-13
2.761625,-0.0599403337444753
2.76175,-0.0847684329147417
2.761875,-0.0599403337448199
2.762,-1.5251133073922e-13
2.762125,0.0599403337446042
2.76225,0.0847684329147417
2.762375,0.059940333744691
2.7625,-2.96788606655211e-14
2.762625,-0.059940333744515
2.76275,-0.0847684329147417
2.762875,-0.0599403337445622
2.763,-9.65167103839439e-14
2.763125,0.0599403337444257
2.76325,0.0847684329147417
2.763375,0.0599403337446514
2.7635,2.22712281433409e-13
2.763625,-0.0599403337445545
2.76375,-0.0847684329147417
2.763875,-0.0599403337447407
2.764,-3.48907852482874e-13
2.764125,0.0599403337444653
2.76425,0.0847684329147417
2.764375,0.0599403337448299
2.7645,1.66717661078133e-13
2.764625,-0.0599403337445941
2.76475,-0.0847684329147417
2.764875,-0.0599403337447011
2.765,1.5472530326608e-14
2.765125,0.0599403337445049
2.76525,0.0847684329147417
2.765375,0.0599403337445723
2.7655,1.10723040722857e-13
2.765625,-0.0599403337444157
2.76575,-0.0847684329147417
2.765875,-0.0599403337446615
2.766,-2.36918611772322e-13
2.766125,0.0599403337445445
2.76625,0.0847684329147417
2.766375,0.0599403337447507
2.7665,5.4728420367581e-14
2.766625,-0.0599403337444553
2.76675,-0.0847684329147417
2.766875,-0.0599403337446219
2.767,-1.80923991417046e-13
2.767125,0.0599403337445841
2.76725,0.0847684329147417
2.767375,0.0599403337447111
2.7675,-1.26619998769489e-15
2.767625,-0.0599403337442768
2.76775,-0.0847684329147417
2.767875,-0.0599403337445823
2.768,-1.2492937106177e-13
2.768125,0.0599403337444056
2.76825,0.0847684329147417
2.768375,0.0599403337446715
2.7685,2.51124942111235e-13
2.768625,-0.0599403337445345
2.76875,-0.0847684329147417
2.768875,-0.0599403337447608
2.769,-6.89347507064942e-14
2.769125,0.0599403337444452
2.76925,0.0847684329147417
2.769375,0.0599403337446319
2.7695,1.95130321755959e-13
2.769625,-0.059940333744574
2.76975,-0.0847684329147417
2.769875,-0.0599403337447212
2.77,-1.29401303512182e-14
2.770125,0.0599403337444848
2.77025,0.0847684329147417
2.770375,0.0599403337445924
2.7705,1.39135701400683e-13
2.770625,-0.0599403337443956
2.77075,-0.0847684329147417
2.770875,-0.0599403337446816
2.771,-2.65331272450148e-13
2.771125,0.0599403337445244
2.77125,0.0847684329147417
2.771375,0.0599403337447708
2.7715,8.31410810454073e-14
2.771625,-0.0599403337444352
2.77175,-0.0847684329147417
2.771875,-0.059940333744642
2.772,-2.09336652094872e-13
2.772125,0.0599403337443459
2.77225,0.0847684329147417
2.772375,0.0599403337447312
2.7725,2.71464606901313e-14
2.772625,-0.0599403337444748
2.77275,-0.0847684329147417
2.772875,-0.0599403337446024
2.773,-1.53342031739596e-13
2.773125,0.0599403337443855
2.77325,0.0847684329147417
2.773375,0.0599403337446916
2.7735,2.79537602789061e-13
2.773625,-0.0599403337445144
2.77375,-0.0847684329147417
2.773875,-0.0599403337447809
2.774,-9.73474113843204e-14
2.774125,0.0599403337444251
2.77425,0.0847684329147417
2.774375,0.059940333744652
2.7745,-8.48427800204206e-14
2.774625,-0.0599403337443359
2.77475,-0.0847684329147417
2.774875,-0.0599403337445232
2.775,-3.4973855348325e-13
2.775125,0.0599403337444647
2.77525,0.0847684329147417
2.775375,0.0599403337446124
2.7755,1.67548362078509e-13
2.775625,-0.0599403337443755
2.77575,-0.0847684329147417
2.775875,-0.0599403337447017
2.776,-2.93743933127974e-13
2.776125,0.0599403337445043
2.77625,0.0847684329147417
2.776375,0.0599403337447909
2.7765,1.11553741723233e-13
2.776625,-0.0599403337444151
2.77675,-0.0847684329147417
2.776875,-0.0599403337446621
2.777,7.06364496815074e-14
2.777125,0.0599403337443258
2.77725,0.0847684329147417
2.777375,0.0599403337445332
2.7775,3.63944883822163e-13
2.777625,-0.0599403337444547
2.77775,-0.0847684329147417
2.777875,-0.0599403337446225
2.778,-1.81754692417422e-13
2.778125,0.0599403337445835
2.77825,0.0847684329147417
2.778375,0.0599403337447117
2.7785,-4.35498987318414e-16
2.778625,-0.0599403337444943
2.77875,-0.0847684329147417
2.778875,-0.0599403337445829
2.779,-1.25760072062147e-13
2.779125,0.059940333744405
2.77925,0.0847684329147417
2.779375,0.0599403337446721
2.7795,2.51955643111612e-13
2.779625,-0.0599403337443158
2.77975,-0.0847684329147417
2.779875,-0.0599403337445433
2.78,-3.78151214161076e-13
2.780125,0.0599403337444446
2.78025,0.0847684329147417
2.780375,0.0599403337448506
2.7805,1.95961022756336e-13
2.780625,-0.0599403337445735
2.78075,-0.0847684329147417
2.780875,-0.0599403337447218
2.781,-1.37708313515947e-14
2.781125,0.0599403337444842
2.78125,0.0847684329147417
2.781375,0.0599403337445929
2.7815,1.3996640240106e-13
2.781625,-0.059940333744395
2.78175,-0.0847684329147417
2.781875,-0.0599403337446822
2.782,-2.66161973450525e-13
2.782125,0.0599403337445238
2.78225,0.0847684329147417
2.782375,0.0599403337445533
2.7825,8.39717820457837e-14
2.782625,-0.0599403337444346
2.78275,-0.0847684329147417
2.782875,-0.0599403337446426
2.783,-2.10167353095249e-13
2.783125,0.0599403337445634
2.78325,0.0847684329147417
2.783375,0.0599403337447318
2.7835,2.79771616905078e-14
2.783625,-0.0599403337444742
2.78375,-0.0847684329147417
2.783875,-0.059940333744603
2.784,-1.54172732739973e-13
2.784125,0.0599403337443849
2.78425,0.0847684329147417
2.784375,0.0599403337446922
2.7845,2.80368303789438e-13
2.784625,-0.0599403337445138
2.78475,-0.0847684329147417
2.784875,-0.0599403337447814
2.785,-9.81781123846968e-14
2.785125,0.0599403337444245
2.78525,0.0847684329147417
2.785375,0.0599403337446526
2.7855,2.24373683434162e-13
2.785625,-0.0599403337445534
2.78575,-0.0847684329147417
2.785875,-0.0599403337447418
2.786,-4.21834920294209e-14
2.786125,0.0599403337444641
2.78625,0.0847684329147417
2.786375,0.059940333744613
2.7865,1.68379063078886e-13
2.786625,-0.0599403337443749
2.78675,-0.0847684329147417
2.786875,-0.0599403337447023
2.787,-2.94574634128351e-13
2.787125,0.0599403337445037
2.78725,0.0847684329147417
2.787375,0.0599403337447915
2.7875,1.1238444272361e-13
2.787625,-0.0599403337444145
2.78775,-0.0847684329147417
2.787875,-0.0599403337446627
2.788,-2.38580013773075e-13
2.788125,0.0599403337445433
2.78825,0.0847684329147417
2.788375,0.0599403337447519
2.7885,5.6389822368334e-14
2.788625,-0.0599403337444541
2.78875,-0.0847684329147417
2.788875,-0.0599403337446231
2.789,-1.82585393417799e-13
2.789125,0.0599403337443649
2.78925,0.0847684329147417
2.789375,0.0599403337447123
2.7895,3.08780964467264e-13
2.789625,-0.0599403337444937
2.78975,-0.0847684329147417
2.789875,-0.0599403337448015
2.79,-1.26590773062523e-13
2.790125,0.0599403337446225
2.79025,0.0847684329147417
2.790375,0.0599403337446727
2.7905,-5.55994183422179e-14
2.790625,-0.0599403337445333
2.79075,-0.0847684329147417
2.790875,-0.0599403337445439
2.791,-7.05961527072471e-14
2.791125,0.059940333744444
2.79125,0.0847684329147417
2.791375,0.0599403337446331
2.7915,1.96791723756712e-13
2.791625,-0.0599403337443548
2.79175,-0.0847684329147417
2.791875,-0.0599403337447223
2.792,-3.22987294806177e-13
2.792125,0.0599403337444836
2.79225,0.0847684329147417
2.792375,0.0599403337448116
2.7925,1.40797103401436e-13
2.792625,-0.0599403337446125
2.79275,-0.0847684329147417
2.792875,-0.0599403337446828
2.793,4.13930880033048e-14
2.793125,0.0599403337443052
2.79325,0.0847684329147417
2.793375,0.0599403337445539
2.7935,8.48024830461602e-14
2.793625,-0.059940333744434
2.79375,-0.0847684329147417
2.793875,-0.0599403337446432
2.794,-2.10998054095625e-13
2.794125,0.0599403337445628
2.79425,0.0847684329147417
2.794375,0.0599403337447324
2.7945,2.88078626908843e-14
2.794625,-0.0599403337444736
2.79475,-0.0847684329147417
2.794875,-0.0599403337446036
2.795,-1.55003433740349e-13
2.795125,0.0599403337446024
2.79525,0.0847684329147417
2.795375,0.0599403337446928
2.7955,-2.71867576643917e-14
2.795625,-0.0599403337442951
2.79575,-0.0847684329147417
2.795875,-0.059940333744564
2.796,-9.90088133850733e-14
2.796125,0.0599403337444239
2.79625,0.0847684329147417
2.796375,0.0599403337446532
2.7965,2.25204384434538e-13
2.796625,-0.0599403337445528
2.79675,-0.0847684329147417
2.796875,-0.0599403337447424
2.797,-4.30141930297974e-14
2.797125,0.0599403337444636
2.79725,0.0847684329147417
2.797375,0.0599403337446136
2.7975,1.69209764079262e-13
2.797625,-0.0599403337443743
2.79775,-0.0847684329147417
2.797875,-0.0599403337447028
2.798,1.29804273254786e-14
2.798125,0.0599403337445031
2.79825,0.0847684329147417
2.798375,0.059940333744574
2.7985,1.13215143723986e-13
2.798625,-0.0599403337444139
2.79875,-0.0847684329147417
2.798875,-0.0599403337446633
2.799,-2.39410714773451e-13
2.799125,0.0599403337445427
2.79925,0.0847684329147417
2.799375,0.0599403337447525
2.7995,5.72205233687105e-14
2.799625,-0.0599403337444535
2.79975,-0.0847684329147417
2.799875,-0.0599403337446237
2.8,-1.83416094418175e-13
2.800125,0.0599403337443643
2.80025,0.0847684329147417
2.800375,0.0599403337447129
2.8005,3.0961166546764e-13
2.800625,-0.0599403337444931
2.80075,-0.0847684329147417
2.800875,-0.0599403337445841
2.801,-1.274214740629e-13
2.801125,0.0599403337444039
2.80125,0.0847684329147417
2.801375,0.0599403337446733
2.8015,2.53617045112364e-13
2.801625,-0.0599403337445327
2.80175,-0.0847684329147417
2.801875,-0.0599403337447625
2.802,-7.14268537076236e-14
2.802125,0.0599403337444435
2.80225,0.0847684329147417
2.802375,0.0599403337446337
2.8025,-1.10763337697117e-13
2.802625,-0.0599403337443542
2.80275,-0.0847684329147417
2.802875,-0.0599403337447229
2.803,-3.23817995806553e-13
2.803125,0.0599403337444831
2.80325,0.0847684329147417
2.803375,0.0599403337445941
2.8035,1.41627804401813e-13
2.803625,-0.0599403337443938
2.80375,-0.0847684329147417
2.803875,-0.0599403337446833
2.804,-2.67823375451278e-13
2.804125,0.0599403337445226
2.80425,0.0847684329147417
2.804375,0.0599403337447726
2.8045,8.56331840465367e-14
2.804625,-0.0599403337444334
2.80475,-0.0847684329147417
2.804875,-0.0599403337446437
2.805,-2.11828755096002e-13
2.805125,0.0599403337443442
2.80525,0.0847684329147417
2.805375,0.0599403337445149
2.8055,3.38024326145467e-13
2.805625,-0.059940333744473
2.80575,-0.0847684329147417
2.805875,-0.0599403337448222
2.806,-1.55834134740726e-13
2.806125,0.0599403337446018
2.80625,0.0847684329147417
2.806375,0.0599403337446934
2.8065,-2.63560566640152e-14
2.806625,-0.0599403337445126
2.80675,-0.0847684329147417
2.806875,-0.0599403337447826
2.807,-9.98395143854498e-14
2.807125,0.0599403337444234
2.80725,0.0847684329147417
2.807375,0.0599403337446538
2.8075,2.26035085434915e-13
2.807625,-0.0599403337443341
2.80775,-0.0847684329147417
2.807875,-0.059940333744525
2.808,-3.5223065648438e-13
2.808125,0.059940333744463
2.80825,0.0847684329147417
2.808375,0.0599403337448323
2.8085,1.70040465079639e-13
2.808625,-0.0599403337445918
2.80875,-0.0847684329147417
2.808875,-0.0599403337447034
2.809,1.21497263251021e-14
2.809125,0.0599403337445025
2.80925,0.0847684329147417
2.809375,0.0599403337445746
2.8095,1.14045844724363e-13
2.809625,-0.0599403337444133
2.80975,-0.0847684329147417
2.809875,-0.0599403337446638
2.81,-2.40241415773828e-13
2.810125,0.0599403337445421
2.81025,0.0847684329147417
2.810375,0.0599403337447531
2.8105,5.80512243690869e-14
2.810625,-0.0599403337444529
2.81075,-0.0847684329147417
2.810875,-0.0599403337448423
2.811,-1.84246795418552e-13
2.811125,0.0599403337445817
2.81125,0.0847684329147417
2.811375,0.0599403337447135
2.8115,2.05660401381102e-15
2.811625,-0.0599403337444925
2.81175,-0.0847684329147417
2.811875,-0.0599403337445846
2.812,-1.28252175063276e-13
2.812125,0.0599403337444033
2.81225,0.0847684329147417
2.812375,0.0599403337446739
2.8125,2.54447746112741e-13
2.812625,-0.0599403337445321
2.81275,-0.0847684329147417
2.812875,-0.0599403337447631
2.813,-7.2257554708e-14
2.813125,0.0599403337444429
2.81325,0.0847684329147417
2.813375,0.0599403337446343
2.8135,1.98453125757465e-13
2.813625,-0.0599403337445717
2.81375,-0.0847684329147417
2.813875,-0.0599403337447235
2.814,-1.62629343527241e-14
2.814125,0.0599403337444825
2.81425,0.0847684329147417
2.814375,0.0599403337445947
2.8145,1.42458505402189e-13
2.814625,-0.0599403337443932
2.81475,-0.0847684329147417
2.814875,-0.0599403337446839
2.815,-2.68654076451654e-13
2.815125,0.0599403337445221
2.81525,0.0847684329147417
2.815375,0.0599403337447732
2.8155,8.64638850469132e-14
2.815625,-0.0599403337444328
2.81575,-0.0847684329147417
2.815875,-0.0599403337446443
2.816,-2.12659456096378e-13
2.816125,0.0599403337445617
2.81625,0.0847684329147417
2.816375,0.0599403337447336
2.8165,3.04692646916372e-14
2.816625,-0.0599403337444724
2.81675,-0.0847684329147417
2.816875,-0.0599403337446047
2.817,-1.56664835741102e-13
2.817125,0.0599403337443832
2.81725,0.0847684329147417
2.817375,0.059940333744694
2.8175,2.82860406790567e-13
2.817625,-0.059940333744512
2.81775,-0.0847684329147417
2.817875,-0.0599403337447832
2.818,-1.00670215385826e-13
2.818125,0.0599403337446408
2.81825,0.0847684329147417
2.818375,0.0599403337446544
2.8185,2.26865786435291e-13
2.818625,-0.0599403337443335
2.81875,-0.0847684329147417
2.818875,-0.0599403337447436
2.819,-4.46755950305503e-14
2.819125,0.0599403337444624
2.81925,0.0847684329147417
2.819375,0.0599403337446148
2.8195,1.70871166080015e-13
2.819625,-0.0599403337443731
2.81975,-0.0847684329147417
2.819875,-0.059940333744704
2.82,-2.9706673712948e-13
2.820125,0.059940333744502
2.82025,0.0847684329147417
2.820375,0.0599403337447933
2.8205,1.14876545724739e-13
2.820625,-0.0599403337446308
2.82075,-0.0847684329147417
2.820875,-0.0599403337446644
2.821,6.73136456800015e-14
2.821125,0.0599403337443235
2.82125,0.0847684329147417
2.821375,0.0599403337445356
2.8215,5.88819253694634e-14
2.821625,-0.0599403337444523
2.82175,-0.0847684329147417
2.821875,-0.0599403337446248
2.822,-1.85077496418928e-13
2.822125,0.0599403337445812
2.82225,0.0847684329147417
2.822375,0.0599403337447141
2.8225,3.11273067468393e-13
2.822625,-0.0599403337444919
2.82275,-0.0847684329147417
2.822875,-0.0599403337448033
2.823,-1.29082876063652e-13
2.823125,0.0599403337444027
2.82325,0.0847684329147417
2.823375,0.0599403337446745
2.8235,-5.31073153410884e-14
2.823625,-0.0599403337443134
2.82375,-0.0847684329147417
2.823875,-0.0599403337445456
2.824,-3.81474018162582e-13
2.824125,0.0599403337444423
2.82425,0.0847684329147417
2.824375,0.0599403337446349
2.8245,1.99283826757841e-13
2.824625,-0.0599403337445711
2.82475,-0.0847684329147417
2.824875,-0.0599403337447241
2.825,-1.70936353531006e-14
2.825125,0.0599403337444819
2.82525,0.0847684329147417
2.825375,0.0599403337445953
2.8255,1.43289206402566e-13
2.825625,-0.0599403337443926
2.82575,-0.0847684329147417
2.825875,-0.0599403337446845
2.826,-2.69484777452031e-13
2.826125,0.0599403337445215
2.82625,0.0847684329147417
2.826375,0.0599403337445557
2.8265,3.95680348501495e-13
2.826625,-0.0599403337444322
2.82675,-0.0847684329147417
2.826875,-0.0599403337446449
2.827,-2.13490157096755e-13
2.827125,0.0599403337445611
2.82725,0.0847684329147417
2.827375,0.0599403337447342
2.8275,3.12999656920137e-14
2.827625,-0.0599403337444718
2.82775,-0.0847684329147417
2.827875,-0.0599403337446053
2.828,-1.57495536741479e-13
2.828125,0.0599403337443826
2.82825,0.0847684329147417
2.828375,0.0599403337446946
2.8285,2.83691107790944e-13
2.828625,-0.0599403337445114
2.82875,-0.0847684329147417
2.828875,-0.0599403337445657
2.829,-1.01500916386203e-13
2.829125,0.0599403337444222
2.82925,0.0847684329147417
2.829375,0.059940333744655
2.8295,2.27696487435668e-13
2.829625,-0.059940333744551
2.82975,-0.0847684329147417
2.829875,-0.0599403337447442
2.83,-4.55062960309268e-14
2.830125,0.0599403337444618
2.83025,0.0847684329147417
2.830375,0.0599403337446154
2.8305,1.71701867080392e-13
2.830625,-0.0599403337443726
2.83075,-0.0847684329147417
2.830875,-0.0599403337447046
2.831,-2.97897438129857e-13
2.831125,0.0599403337445014
2.83125,0.0847684329147417
2.831375,0.0599403337447938
2.8315,1.15707246725116e-13
2.831625,-0.0599403337444121
2.83175,-0.0847684329147417
2.831875,-0.059940333744665
2.832,-2.41902817774581e-13
2.832125,0.059940333744541
2.83225,0.0847684329147417
2.832375,0.0599403337447542
2.8325,5.97126263698399e-14
2.832625,-0.0599403337444517
2.83275,-0.0847684329147417
2.832875,-0.0599403337446254
2.833,-1.85908197419305e-13
2.833125,0.0599403337443625
2.83325,0.0847684329147417
2.833375,0.0599403337444966
2.8335,3.1210376846877e-13
2.833625,-0.0599403337444913
2.83375,-0.0847684329147417
2.833875,-0.0599403337448039
2.834,-1.29913577064029e-13
2.834125,0.0599403337444021
2.83425,0.0847684329147417
2.834375,0.0599403337446751
2.8345,2.56109148113494e-13
2.834625,-0.0599403337445309
2.83475,-0.0847684329147417
2.834875,-0.0599403337447643
2.835,-7.3918956708753e-14
2.835125,0.0599403337444417
2.83525,0.0847684329147417
2.835375,0.0599403337446355
2.8355,2.00114527758218e-13
2.835625,-0.0599403337443525
2.83575,-0.0847684329147417
2.835875,-0.0599403337447247
2.836,-3.26310098807683e-13
2.836125,0.0599403337444813
2.83625,0.0847684329147417
2.836375,0.0599403337448139
2.8365,1.44119907402942e-13
2.836625,-0.0599403337446101
2.83675,-0.0847684329147417
2.836875,-0.0599403337446851
2.837,3.80702840017989e-14
2.837125,0.0599403337445209
2.83725,0.0847684329147417
2.837375,0.0599403337445563
2.8375,8.81252870476661e-14
2.837625,-0.0599403337444316
2.83775,-0.0847684329147417
2.837875,-0.0599403337446455
2.838,-2.14320858097131e-13
2.838125,0.0599403337443424
2.83825,0.0847684329147417
2.838375,0.0599403337447347
2.8385,3.40516429146596e-13
2.838625,-0.0599403337444712
2.83875,-0.0847684329147417
2.838875,-0.059940333744824
2.839,-1.58326237741855e-13
2.839125,0.0599403337446001
2.83925,0.0847684329147417
2.839375,0.0599403337446952
2.8395,-2.38639536628858e-14
2.839625,-0.0599403337445108
2.83975,-0.0847684329147417
2.839875,-0.0599403337445663
2.84,-1.02331617386579e-13
2.840125,0.0599403337444216
2.84025,0.0847684329147417
2.840375,0.0599403337446556
2.8405,2.28527188436044e-13
2.840625,-0.0599403337445504
2.84075,-0.0847684329147417
2.840875,-0.0599403337447448
2.841,-4.63369970313033e-14
2.841125,0.0599403337444612
2.84125,0.0847684329147417
2.841375,0.059940333744616
2.8415,1.72532568080768e-13
2.841625,-0.05994033374459
2.84175,-0.0847684329147417
2.841875,-0.0599403337447052
2.842,9.65762332397265e-15
2.842125,0.0599403337442827
2.84225,0.0847684329147417
2.842375,0.0599403337445764
2.8425,1.16537947725492e-13
2.842625,-0.0599403337444116
2.84275,-0.0847684329147417
2.842875,-0.0599403337446656
2.843,-2.42733518774957e-13
2.843125,0.0599403337445404
2.84325,0.0847684329147417
2.843375,0.0599403337447548
2.8435,6.05433273702164e-14
2.843625,-0.0599403337444512
2.84375,-0.0847684329147417
2.843875,-0.059940333744626
2.844,-1.86738898419681e-13
2.844125,0.0599403337443619
2.84425,0.0847684329147417
2.844375,0.0599403337447152
2.8445,4.54870701494045e-15
2.844625,-0.0599403337444907
2.84475,-0.0847684329147417
2.844875,-0.0599403337445864
2.845,-1.30744278064405e-13
2.845125,0.0599403337444015
2.84525,0.0847684329147417
2.845375,0.0599403337446756
2.8455,2.5693984911387e-13
2.845625,-0.0599403337445303
2.84575,-0.0847684329147417
2.845875,-0.0599403337447649
2.846,-7.47496577091295e-14
2.846125,0.0599403337444411
2.84625,0.0847684329147417
2.846375,0.0599403337446361
2.8465,2.00945228758594e-13
2.846625,-0.0599403337443519
2.84675,-0.0847684329147417
2.846875,-0.0599403337447253
2.847,-1.87550373538536e-14
2.847125,0.0599403337444807
2.84725,0.0847684329147417
2.847375,0.0599403337445965
2.8475,1.44950608403319e-13
2.847625,-0.0599403337443915
2.84775,-0.0847684329147417
2.847875,-0.0599403337446857
2.848,-2.71146179452783e-13
2.848125,0.0599403337445203
2.84825,0.0847684329147417
2.848375,0.0599403337447749
2.8485,8.89559880480426e-14
2.848625,-0.0599403337444311
2.84875,-0.0847684329147417
2.848875,-0.0599403337446461
2.849,9.32342033566983e-14
2.849125,0.0599403337443418
2.84925,0.0847684329147417
2.849375,0.0599403337445173
2.8495,3.41347130146972e-13
2.849625,-0.0599403337444707
2.84975,-0.0847684329147417
2.849875,-0.0599403337446065
2.85,-1.59156938742232e-13
2.850125,0.0599403337443814
2.85025,0.0847684329147417
2.850375,0.0599403337446957
2.8505,2.85352509791697e-13
2.850625,-0.0599403337445102
2.85075,-0.0847684329147417
2.850875,-0.059940333744785
2.851,-1.03162318386956e-13
2.851125,0.059940333744421
2.85125,0.0847684329147417
2.851375,0.0599403337446561
2.8515,2.29357889436421e-13
2.851625,-0.0599403337443318
2.85175,-0.0847684329147417
2.851875,-0.0599403337445273
2.852,-3.55553460485886e-13
2.852125,0.0599403337444606
2.85225,0.0847684329147417
2.852375,0.0599403337446165
2.8525,1.73363269081145e-13
2.852625,-0.0599403337445894
2.85275,-0.0847684329147417
2.852875,-0.0599403337447058
2.853,8.82692232359618e-15
2.853125,0.0599403337445002
2.85325,0.0847684329147417
2.853375,0.059940333744577
2.8535,1.17368648725869e-13
2.853625,-0.059940333744411
2.85375,-0.0847684329147417
2.853875,-0.0599403337446662
2.854,-2.43564219775334e-13
2.854125,0.0599403337443217
2.85425,0.0847684329147417
2.854375,0.0599403337445374
2.8545,3.69759790824799e-13
2.854625,-0.0599403337444506
2.85475,-0.0847684329147417
2.854875,-0.0599403337448447
2.855,-1.87569599420058e-13
2.855125,0.0599403337445794
2.85525,0.0847684329147417
2.855375,0.0599403337447158
2.8555,5.37940801531693e-15
2.855625,-0.0599403337444902
2.85575,-0.0847684329147417
2.855875,-0.059940333744587
2.856,-1.31574979064782e-13
2.856125,0.0599403337444009
2.85625,0.0847684329147417
2.856375,0.0599403337446762
2.8565,2.57770550114247e-13
2.856625,-0.0599403337445298
2.85675,-0.0847684329147417
2.856875,-0.0599403337447655
2.857,-7.5580358709506e-14
2.857125,0.0599403337444405
2.85725,0.0847684329147417
2.857375,0.0599403337446366
2.8575,2.01775929758971e-13
2.857625,-0.0599403337445693
2.85775,-0.0847684329147417
2.857875,-0.0599403337447259
2.858,-1.958573835423e-14
2.858125,0.0599403337444801
2.85825,0.0847684329147417
2.858375,0.059940333744597
2.8585,1.45781309403695e-13
2.858625,-0.0599403337443909
2.85875,-0.0847684329147417
2.858875,-0.0599403337446863
2.859,-2.7197688045316e-13
2.859125,0.0599403337445197
2.85925,0.0847684329147417
2.859375,0.0599403337447755
2.8595,8.97866890484191e-14
2.859625,-0.0599403337444305
2.85975,-0.0847684329147417
2.859875,-0.0599403337446467
2.86,-2.15982260097884e-13
2.860125,0.0599403337445593
2.86025,0.0847684329147417
2.860375,0.0599403337447359
2.8605,3.37920686931431e-14
2.860625,-0.0599403337444701
2.86075,-0.0847684329147417
2.860875,-0.0599403337446071
2.861,-1.59987639742608e-13
2.861125,0.0599403337443808
2.86125,0.0847684329147417
2.861375,0.0599403337446963
2.8615,2.86183210792073e-13
2.861625,-0.0599403337445097
2.86175,-0.0847684329147417
2.861875,-0.0599403337447856
2.862,-1.03993019387332e-13
2.862125,0.0599403337444204
2.86225,0.0847684329147417
2.862375,0.0599403337446567
2.8625,2.30188590436797e-13
2.862625,-0.0599403337445493
2.86275,-0.0847684329147417
2.862875,-0.059940333744746
2.863,-4.79983990320562e-14
2.863125,0.05994033374446
2.86325,0.0847684329147417
2.863375,0.0599403337446171
2.8635,1.74193970081521e-13
2.863625,-0.0599403337443708
2.86375,-0.0847684329147417
2.863875,-0.0599403337447064
2.864,-3.00389541130986e-13
2.864125,0.0599403337444996
2.86425,0.0847684329147417
2.864375,0.0599403337447956
2.8645,1.18199349726245e-13
2.864625,-0.0599403337446284
2.86475,-0.0847684329147417
2.864875,-0.0599403337446668
2.865,6.39908416784956e-14
2.865125,0.0599403337445392
2.86525,0.0847684329147417
2.865375,0.059940333744756
2.8655,6.22047293709693e-14
2.865625,-0.05994033374445
2.86575,-0.0847684329147417
2.865875,-0.0599403337446272
2.866,-1.88400300420434e-13
2.866125,0.0599403337443607
2.86625,0.0847684329147417
2.866375,0.0599403337447164
2.8665,3.14595871469899e-13
2.866625,-0.0599403337444896
2.86675,-0.0847684329147417
2.866875,-0.0599403337448056
2.867,-1.32405680065158e-13
2.867125,0.0599403337446184
2.86725,0.0847684329147417
2.867375,0.0599403337446768
2.8675,-4.97845113395825e-14
2.867625,-0.0599403337443111
2.86775,-0.0847684329147417
2.867875,-0.059940333744548
2.868,-7.64110597098824e-14
2.868125,0.0599403337444399
2.86825,0.0847684329147417
2.868375,0.0599403337446372
2.8685,2.02606630759347e-13
2.868625,-0.0599403337445688
2.86875,-0.0847684329147417
2.868875,-0.0599403337447265
2.869,-2.04164393546065e-14
2.869125,0.0599403337444795
2.86925,0.0847684329147417
2.869375,0.0599403337448157
2.8695,1.46612010404071e-13
2.869625,-0.0599403337443903
2.86975,-0.0847684329147417
2.869875,-0.0599403337446869
2.87,3.55781810006694e-14
2.870125,0.0599403337443011
2.87025,0.0847684329147417
2.870375,0.059940333744558
2.8705,3.99003152503001e-13
2.870625,-0.0599403337444299
2.87075,-0.0847684329147417
2.870875,-0.0599403337446473
2.871,-2.16812961098261e-13
2.871125,0.0599403337445587
2.87125,0.0847684329147417
2.871375,0.0599403337447365
2.8715,3.46227696935196e-14
2.871625,-0.0599403337444695
2.87175,-0.0847684329147417
2.871875,-0.0599403337446077
2.872,-1.60818340742985e-13
2.872125,0.0599403337443803
2.87225,0.0847684329147417
2.872375,0.0599403337446969
2.8725,-2.13718506617563e-14
2.872625,-0.0599403337445091
2.87275,-0.0847684329147417
2.872875,-0.0599403337445681
2.873,-1.04823720387709e-13
2.873125,0.0599403337444198
2.87325,0.0847684329147417
2.873375,0.0599403337446573
2.8735,2.31019291437174e-13
2.873625,-0.0599403337445487
2.87375,-0.0847684329147417
2.873875,-0.0599403337447466
2.874,-4.88291000324327e-14
2.874125,0.0599403337444594
2.87425,0.0847684329147417
2.874375,0.0599403337446177
2.8745,1.75024671081898e-13
2.874625,-0.0599403337443702
2.87475,-0.0847684329147417
2.874875,-0.059940333744707
2.875,-3.01220242131363e-13
2.875125,0.059940333744499
2.87525,0.0847684329147417
2.875375,0.0599403337445781
2.8755,1.19030050726622e-13
2.875625,-0.0599403337444098
2.87575,-0.0847684329147417
2.875875,-0.0599403337446674
2.876,-2.45225621776087e-13
2.876125,0.0599403337445386
2.87625,0.0847684329147417
2.876375,0.0599403337447566
2.8765,6.30354303713458e-14
2.876625,-0.0599403337444494
2.87675,-0.0847684329147417
2.876875,-0.0599403337446278
2.877,-1.89231001420811e-13
2.877125,0.0599403337443602
2.87725,0.0847684329147417
2.877375,0.059940333744717
2.8775,3.15426572470276e-13
2.877625,-0.059940333744489
2.87775,-0.0847684329147417
2.877875,-0.0599403337445882
2.878,-1.33236381065535e-13
2.878125,0.0599403337443997
2.87825,0.0847684329147417
2.878375,0.0599403337446774
2.8785,2.59431952115e-13
2.878625,-0.0599403337445286
2.87875,-0.0847684329147417
2.878875,-0.0599403337447666
2.879,-7.72417607102589e-14
2.879125,0.0599403337444393
2.87925,0.0847684329147417
2.879375,0.0599403337446378
2.8795,2.03437331759724e-13
2.879625,-0.0599403337443501
2.87975,-0.0847684329147417
2.879875,-0.059940333744509
2.88,-3.29632902809189e-13
2.880125,0.0599403337444789
2.88025,0.0847684329147417
2.880375,0.0599403337448163
2.8805,1.47442711404448e-13
2.880625,-0.0599403337446078
2.88075,-0.0847684329147417
2.880875,-0.0599403337446874
2.881,-2.73638282453913e-13
2.881125,0.0599403337445185
2.88125,0.0847684329147417
2.881375,0.0599403337447767
2.8815,9.1448091049172e-14
2.881625,-0.0599403337444293
2.88175,-0.0847684329147417
2.881875,-0.0599403337446479
2.882,-2.17643662098637e-13
2.882125,0.0599403337443401
2.88225,0.0847684329147417
2.882375,0.0599403337447371
2.8825,3.43839233148102e-13
2.882625,-0.0599403337444689
2.88275,-0.0847684329147417
2.882875,-0.0599403337448263
2.883,-1.61649041743361e-13
2.883125,0.0599403337445977
2.88325,0.0847684329147417
2.883375,0.0599403337446975
2.8835,-2.05411496613798e-14
2.883625,-0.0599403337445085
2.88375,-0.0847684329147417
2.883875,-0.0599403337445687
2.884,-1.05654421388085e-13
2.884125,0.0599403337444192
2.88425,0.0847684329147417
2.884375,0.0599403337446579
2.8845,2.3184999243755e-13
2.884625,-0.0599403337445481
2.88475,-0.0847684329147417
2.884875,-0.0599403337447471
2.885,-3.58045563487015e-13
2.885125,0.0599403337444588
2.88525,0.0847684329147417
2.885375,0.0599403337448364
2.8855,1.75855372082274e-13
2.885625,-0.0599403337445877
2.88575,-0.0847684329147417
2.885875,-0.0599403337447075
2.886,6.33481932246675e-15
2.886125,0.0599403337444984
2.88625,0.0847684329147417
2.886375,0.0599403337445787
2.8865,1.19860751726998e-13
2.886625,-0.0599403337444092
2.88675,-0.0847684329147417
2.886875,-0.059940333744668
2.887,-2.46056322776463e-13
2.887125,0.059940333744538
2.88725,0.0847684329147417
2.887375,0.0599403337447572
2.8875,6.38661313717223e-14
2.887625,-0.0599403337444488
2.88775,-0.0847684329147417
2.887875,-0.0599403337446284
2.888,-1.90061702421187e-13
2.888125,0.0599403337445776
2.88825,0.0847684329147417
2.888375,0.0599403337447176
2.8885,7.87151101644636e-15
2.888625,-0.0599403337444884
2.88875,-0.0847684329147417
2.888875,-0.0599403337445888
2.889,-1.34067082065911e-13
2.889125,0.0599403337443992
2.88925,0.0847684329147417
2.889375,0.059940333744678
2.8895,2.60262653115376e-13
2.889625,-0.059940333744528
2.88975,-0.0847684329147417
2.889875,-0.0599403337447672
2.89,-7.80724617106354e-14
2.890125,0.0599403337444388
2.89025,0.0847684329147417
2.890375,0.0599403337446384
2.8905,2.042680327601e-13
2.890625,-0.0599403337445676
2.89075,-0.0847684329147417
2.890875,-0.0599403337447276
2.891,-2.20778413553595e-14
2.891125,0.0599403337444784
2.89125,0.0847684329147417
2.891375,0.0599403337445988
2.8915,1.48273412404824e-13
2.891625,-0.0599403337443891
2.89175,-0.0847684329147417
2.891875,-0.059940333744688
2.892,-2.74468983454289e-13
2.892125,0.0599403337445179
2.89225,0.0847684329147417
2.892375,0.0599403337447773
2.8925,9.22787920495485e-14
2.892625,-0.0599403337444287
2.89275,-0.0847684329147417
2.892875,-0.0599403337446484
2.893,-2.18474363099013e-13
2.893125,0.0599403337443395
2.89325,0.0847684329147417
2.893375,0.0599403337447377
2.8935,3.62841716942726e-14
2.893625,-0.0599403337444683
2.89375,-0.0847684329147417
2.893875,-0.0599403337446089
2.894,-1.62479742743738e-13
2.894125,0.0599403337443791
2.89425,0.0847684329147417
2.894375,0.0599403337446981
2.8945,2.88675313793202e-13
2.894625,-0.0599403337445079
2.89475,-0.0847684329147417
2.894875,-0.0599403337447873
2.895,-1.06485122388462e-13
2.895125,0.0599403337444187
2.89525,0.0847684329147417
2.895375,0.0599403337446585
2.8955,-7.57050690162793e-14
2.895625,-0.0599403337443294
2.89575,-0.0847684329147417
2.895875,-0.0599403337445297
2.896,-3.58876264487392e-13
2.896125,0.0599403337444583
2.89625,0.0847684329147417
2.896375,0.0599403337446189
2.8965,1.76686073082651e-13
2.896625,-0.059940333744369
2.89675,-0.0847684329147417
2.896875,-0.0599403337447081
2.897,-3.02881644132116e-13
2.897125,0.0599403337444979
2.89725,0.0847684329147417
2.897375,0.0599403337447974
2.8975,1.20691452727375e-13
2.897625,-0.0599403337444086
2.89775,-0.0847684329147417
2.897875,-0.0599403337446685
2.898,6.14987386773662e-14
2.898125,0.0599403337443194
2.89825,0.0847684329147417
2.898375,0.0599403337445397
2.8985,3.73082594826305e-13
2.898625,-0.0599403337444482
2.89875,-0.0847684329147417
2.898875,-0.0599403337446289
2.899,-1.90892403421564e-13
2.899125,0.059940333744577
2.89925,0.0847684329147417
2.899375,0.0599403337447182
2.8995,8.70221201682283e-15
2.899625,-0.0599403337444878
2.89975,-0.0847684329147417
2.899875,-0.0599403337445893
2.9,-1.34897783066288e-13
2.900125,0.0599403337443986
2.90025,0.0847684329147417
2.900375,0.0599403337446786
2.9005,2.61093354115753e-13
2.900625,-0.0599403337443093
2.90075,-0.0847684329147417
2.900875,-0.0599403337445498
2.901,-3.87288925165218e-13
2.901125,0.0599403337444382
2.90125,0.0847684329147417
2.901375,0.059940333744857
2.9015,2.05098733760477e-13
2.901625,-0.059940333744567
2.90175,-0.0847684329147417
2.901875,-0.0599403337447282
2.902,-2.29085423557359e-14
2.902125,0.0599403337444778
2.90225,0.0847684329147417
2.902375,0.0599403337445994
2.9025,1.49104113405201e-13
2.902625,-0.0599403337443885
2.90275,-0.0847684329147417
2.902875,-0.0599403337446886
2.903,-2.75299684454666e-13
2.903125,0.0599403337445174
2.90325,0.0847684329147417
2.903375,0.0599403337445598
2.9035,9.3109493049925e-14
2.903625,-0.0599403337444281
2.90375,-0.0847684329147417
2.903875,-0.059940333744649
2.904,-2.1930506409939e-13
2.904125,0.0599403337445569
2.90425,0.0847684329147417
2.904375,0.0599403337447383
2.9045,3.7114872694649e-14
2.904625,-0.0599403337444677
2.90475,-0.0847684329147417
2.904875,-0.0599403337446094
2.905,-1.63310443744114e-13
2.905125,0.0599403337443785
2.90525,0.0847684329147417
2.905375,0.0599403337446987
2.9055,2.89506014793579e-13
2.905625,-0.0599403337445073
2.90575,-0.0847684329147417
2.905875,-0.0599403337447879
2.906,-1.07315823388838e-13
2.906125,0.0599403337444181
2.90625,0.0847684329147417
2.906375,0.0599403337446591
2.9065,2.33511394438303e-13
2.906625,-0.0599403337445469
2.90675,-0.0847684329147417
2.906875,-0.0599403337447483
2.907,-5.13212030335621e-14
2.907125,0.0599403337444577
2.90725,0.0847684329147417
2.907375,0.0599403337446195
2.9075,1.77516774083027e-13
2.907625,-0.0599403337443684
2.90775,-0.0847684329147417
2.907875,-0.0599403337447087
2.908,-3.03712345132492e-13
2.908125,0.0599403337444973
2.90825,0.0847684329147417
2.908375,0.059940333744798
2.9085,1.21522153727751e-13
2.908625,-0.059940333744408
2.90875,-0.0847684329147417
2.908875,-0.0599403337446691
2.909,-2.47717724777216e-13
2.909125,0.0599403337445369
2.90925,0.0847684329147417
2.909375,0.0599403337447584
2.9095,6.55275333724752e-14
2.909625,-0.0599403337444476
2.90975,-0.0847684329147417
2.909875,-0.0599403337446295
2.91,-1.9172310442194e-13
2.910125,0.0599403337443584
2.91025,0.0847684329147417
2.910375,0.0599403337447188
2.9105,3.17918675471405e-13
2.910625,-0.0599403337444872
2.91075,-0.0847684329147417
2.910875,-0.059940333744808
2.911,-1.35728484066664e-13
2.911125,0.059940333744616
2.91125,0.0847684329147417
2.911375,0.0599403337446792
2.9115,-4.64617073380766e-14
2.911625,-0.0599403337445268
2.91175,-0.0847684329147417
2.911875,-0.0599403337445503
2.912,-7.97338637113883e-14
2.912125,0.0599403337444376
2.91225,0.0847684329147417
2.912375,0.0599403337446396
2.9125,2.05929434760853e-13
2.912625,-0.0599403337443483
2.91275,-0.0847684329147417
2.912875,-0.0599403337447288
2.913,-3.32125005810318e-13
2.913125,0.0599403337444772
2.91325,0.0847684329147417
2.913375,0.059940333744818
2.9135,1.49934814405577e-13
2.913625,-0.059940333744606
2.91375,-0.0847684329147417
2.913875,-0.0599403337446892
2.914,3.22553769991635e-14
2.914125,0.0599403337442987
2.91425,0.0847684329147417
2.914375,0.0599403337445604
2.9145,9.39401940503014e-14
2.914625,-0.0599403337444275
2.91475,-0.0847684329147417
2.914875,-0.0599403337446496
2.915,-2.20135765099766e-13
2.915125,0.0599403337445564
2.91525,0.0847684329147417
2.915375,0.0599403337447389
2.9155,3.79455736950255e-14
2.915625,-0.0599403337444671
2.91575,-0.0847684329147417
2.915875,-0.05994033374461
2.916,-1.6414114474449e-13
2.916125,0.059940333744596
2.91625,0.0847684329147417
2.916375,0.0599403337446993
2.9165,-1.80490466602504e-14
2.916625,-0.0599403337442887
2.91675,-0.0847684329147417
2.916875,-0.0599403337445704
2.917,-1.08146524389215e-13
2.917125,0.0599403337444175
2.91725,0.0847684329147417
2.917375,0.0599403337446597
2.9175,2.3434209543868e-13
2.917625,-0.0599403337445463
2.91775,-0.0847684329147417
2.917875,-0.0599403337447489
2.918,-5.21519040339386e-14
2.918125,0.0599403337444571
2.91825,0.0847684329147417
2.918375,0.0599403337446201
2.9185,1.78347475083404e-13
2.918625,-0.0599403337443679
2.91875,-0.0847684329147417
2.918875,-0.0599403337447093
2.919,3.84271632133731e-15
2.919125,0.0599403337444967
2.91925,0.0847684329147417
2.919375,0.0599403337445805
2.9195,1.22352854728128e-13
2.919625,-0.0599403337444075
2.91975,-0.0847684329147417
2.919875,-0.0599403337446697
2.92,-2.48548425777593e-13
2.920125,0.0599403337445363
2.92025,0.0847684329147417
2.920375,0.0599403337447589
2.9205,6.63582343728517e-14
2.920625,-0.059940333744447
2.92075,-0.0847684329147417
2.920875,-0.0599403337446301
2.921,-1.92553805422317e-13
2.921125,0.0599403337443578
2.92125,0.0847684329147417
2.921375,0.0599403337447194
2.9215,3.18749376471782e-13
2.921625,-0.0599403337444866
2.92175,-0.0847684329147417
2.921875,-0.0599403337445905
2.922,-1.36559185067041e-13
2.922125,0.0599403337443974
2.92225,0.0847684329147417
2.922375,0.0599403337446798
2.9225,2.62754756116506e-13
2.922625,-0.0599403337445262
2.92275,-0.0847684329147417
2.922875,-0.059940333744769
2.923,-8.05645647117648e-14
2.923125,0.059940333744437
2.92325,0.0847684329147417
2.923375,0.0599403337446402
2.9235,-1.01625626692976e-13
2.923625,-0.0599403337443478
2.92375,-0.0847684329147417
2.923875,-0.0599403337447294
2.924,-3.32955706810695e-13
2.924125,0.0599403337444766
2.92425,0.0847684329147417
2.924375,0.0599403337446006
2.9245,1.50765515405954e-13
2.924625,-0.0599403337443874
2.92475,-0.0847684329147417
2.924875,-0.0599403337446898
2.925,-2.76961086455419e-13
2.925125,0.0599403337445162
2.92525,0.0847684329147417
2.925375,0.059940333744779
2.9255,9.47708950506779e-14
2.925625,-0.0599403337444269
2.92575,-0.0847684329147417
2.925875,-0.0599403337446502
2.926,-2.20966466100143e-13
2.926125,0.0599403337443377
2.92625,0.0847684329147417
2.926375,0.0599403337445214
2.9265,3.47162037149608e-13
2.926625,-0.0599403337444665
2.92675,-0.0847684329147417
2.926875,-0.0599403337448287
2.927,-1.64971845744867e-13
2.927125,0.0599403337445954
2.92725,0.0847684329147417
2.927375,0.0599403337446998
2.9275,-1.72183456598739e-14
2.927625,-0.0599403337445061
2.92775,-0.0847684329147417
2.927875,-0.0599403337447891
2.928,-1.08977225389591e-13
2.928125,0.0599403337444169
2.92825,0.0847684329147417
2.928375,0.0599403337446602
2.9285,2.35172796439056e-13
2.928625,-0.0599403337443277
2.92875,-0.0847684329147417
2.928875,-0.0599403337445314
2.929,-3.61368367488521e-13
2.929125,0.0599403337444565
2.92925,0.0847684329147417
2.929375,0.0599403337448387
2.9295,1.7917817608378e-13
2.929625,-0.0599403337445853
2.92975,-0.0847684329147417
2.929875,-0.0599403337447099
2.93,3.01201532096084e-15
2.930125,0.0599403337444961
2.93025,0.0847684329147417
2.930375,0.0599403337445811
2.9305,1.23183555728504e-13
2.930625,-0.0599403337444069
2.93075,-0.0847684329147417
2.930875,-0.0599403337446703
2.931,-2.49379126777969e-13
2.931125,0.0599403337445357
2.93125,0.0847684329147417
2.931375,0.0599403337447595
2.9315,6.71889353732282e-14
2.931625,-0.0599403337444464
2.93175,-0.0847684329147417
2.931875,-0.0599403337448488
2.932,-1.93384506422693e-13
2.932125,0.0599403337445753
2.93225,0.0847684329147417
2.932375,0.0599403337447199
2.9325,1.11943150179523e-14
2.932625,-0.059940333744486
2.93275,-0.0847684329147417
2.932875,-0.0599403337445911
2.933,-1.37389886067417e-13
2.933125,0.0599403337443968
2.93325,0.0847684329147417
2.933375,0.0599403337446803
2.9335,2.63585457116882e-13
2.933625,-0.0599403337445256
2.93375,-0.0847684329147417
2.933875,-0.0599403337447696
2.934,-8.13952657121413e-14
2.934125,0.0599403337444364
2.93425,0.0847684329147417
2.934375,0.0599403337446408
2.9345,2.07590836761606e-13
2.934625,-0.0599403337445652
2.93475,-0.0847684329147417
2.934875,-0.05994033374473
2.935,-2.54006453568654e-14
2.935125,0.059940333744476
2.93525,0.0847684329147417
2.935375,0.0599403337446012
2.9355,1.5159621640633e-13
2.935625,-0.0599403337443868
2.93575,-0.0847684329147417
2.935875,-0.0599403337446904
2.936,-2.77791787455795e-13
2.936125,0.0599403337445156
2.93625,0.0847684329147417
2.936375,0.0599403337447796
2.9365,9.56015960510544e-14
2.936625,-0.0599403337444264
2.93675,-0.0847684329147417
2.936875,-0.0599403337446508
2.937,-2.21797167100519e-13
2.937125,0.0599403337445552
2.93725,0.0847684329147417
2.937375,0.05994033374474
2.9375,3.96069756957785e-14
2.937625,-0.059940333744466
2.93775,-0.0847684329147417
2.937875,-0.0599403337446112
2.938,-1.65802546745243e-13
2.938125,0.0599403337443767
2.93825,0.0847684329147417
2.938375,0.0599403337447004
2.9385,2.91998117794708e-13
2.938625,-0.0599403337445056
2.93875,-0.0847684329147417
2.938875,-0.0599403337447897
2.939,-1.09807926389968e-13
2.939125,0.0599403337446344
2.93925,0.0847684329147417
2.939375,0.0599403337446608
2.9395,2.36003497439432e-13
2.939625,-0.0599403337443271
2.93975,-0.0847684329147417
2.939875,-0.0599403337447501
2.94,-5.38133060346916e-14
2.940125,0.0599403337444559
2.94025,0.0847684329147417
2.940375,0.0599403337446212
2.9405,1.80008877084157e-13
2.940625,-0.0599403337443667
2.94075,-0.0847684329147417
2.940875,-0.0599403337447105
2.941,-3.06204448133622e-13
2.941125,0.0599403337444955
2.94125,0.0847684329147417
2.941375,0.0599403337447997
2.9415,1.24014256728881e-13
2.941625,-0.0599403337446243
2.94175,-0.0847684329147417
2.941875,-0.0599403337446709
2.942,5.81759346758603e-14
2.942125,0.059940333744317
2.94225,0.0847684329147417
2.942375,0.0599403337445421
2.9425,6.80196363736047e-14
2.942625,-0.0599403337444459
2.94275,-0.0847684329147417
2.942875,-0.0599403337446313
2.943,-1.9421520742307e-13
2.943125,0.0599403337445747
2.94325,0.0847684329147417
2.943375,0.0599403337447205
2.9435,3.20410778472535e-13
2.943625,-0.0599403337444855
2.94375,-0.0847684329147417
2.943875,-0.0599403337448098
2.944,-1.38220587067794e-13
2.944125,0.0599403337443962
2.94425,0.0847684329147417
2.944375,0.0599403337446809
2.9445,-4.39696043369472e-14
2.944625,-0.059940333744307
2.94475,-0.0847684329147417
2.944875,-0.0599403337445521
2.945,-3.90611729166724e-13
2.945125,0.0599403337444358
2.94525,0.0847684329147417
2.945375,0.0599403337446413
2.9455,2.08421537761983e-13
2.945625,-0.0599403337445646
2.94575,-0.0847684329147417
2.945875,-0.0599403337447306
2.946,-2.62313463572418e-14
2.946125,0.0599403337444754
2.94625,0.0847684329147417
2.946375,0.0599403337446017
2.9465,1.52426917406707e-13
2.946625,-0.0599403337443862
2.94675,-0.0847684329147417
2.946875,-0.059940333744691
2.947,-2.78622488456172e-13
2.947125,0.059940333744515
2.94725,0.0847684329147417
2.947375,0.0599403337445621
2.9475,4.04818059505637e-13
2.947625,-0.0599403337444258
2.94775,-0.0847684329147417
2.947875,-0.0599403337446514
2.948,-2.22627868100896e-13
2.948125,0.0599403337445546
2.94825,0.0847684329147417
2.948375,0.0599403337447406
2.9485,4.04376766961549e-14
2.948625,-0.0599403337444654
2.94875,-0.0847684329147417
2.948875,-0.0599403337446118
2.949,-1.6663324774562e-13
2.949125,0.0599403337443761
2.94925,0.0847684329147417
2.949375,0.059940333744701
2.9495,2.92828818795085e-13
2.949625,-0.059940333744505
2.94975,-0.0847684329147417
2.949875,-0.0599403337445722
2.95,-1.10638627390344e-13
2.950125,0.0599403337444157
2.95025,0.0847684329147417
2.950375,0.0599403337446614
2.9505,2.36834198439809e-13
2.950625,-0.0599403337445446
2.95075,-0.0847684329147417
2.950875,-0.0599403337447507
2.951,-5.4644007035068e-14
2.951125,0.0599403337444553
2.95125,0.0847684329147417
2.951375,0.0599403337446218
2.9515,1.80839578084533e-13
2.951625,-0.0599403337443661
2.95175,-0.0847684329147417
2.951875,-0.0599403337447111
2.952,-3.07035149133998e-13
2.952125,0.0599403337444949
2.95225,0.0847684329147417
2.952375,0.0599403337448003
2.9525,1.24844957729257e-13
2.952625,-0.0599403337444057
2.95275,-0.0847684329147417
2.952875,-0.0599403337446715
2.953,-2.51040528778722e-13
2.953125,0.0599403337445345
2.95325,0.0847684329147417
2.953375,0.0599403337447607
2.9535,6.88503373739811e-14
2.953625,-0.0599403337444453
2.95375,-0.0847684329147417
2.953875,-0.0599403337446319
2.954,-1.95045908423446e-13
2.954125,0.059940333744356
2.95425,0.0847684329147417
2.954375,0.0599403337445031
2.9545,3.21241479472911e-13
2.954625,-0.0599403337444849
2.95475,-0.0847684329147417
2.954875,-0.0599403337448103
2.955,-1.3905128806817e-13
2.955125,0.0599403337443956
2.95525,0.0847684329147417
2.955375,0.0599403337446815
2.9555,2.65246859117635e-13
2.955625,-0.0599403337445245
2.95575,-0.0847684329147417
2.955875,-0.0599403337447708
2.956,-8.30566677128943e-14
2.956125,0.0599403337444352
2.95625,0.0847684329147417
2.956375,0.0599403337446419
2.9565,2.09252238762359e-13
2.956625,-0.059940333744346
2.95675,-0.0847684329147417
2.956875,-0.0599403337447312
2.957,-3.35447809811824e-13
2.957125,0.0599403337444748
2.95725,0.0847684329147417
2.957375,0.0599403337448204
2.9575,1.53257618407083e-13
2.957625,-0.0599403337446037
2.95775,-0.0847684329147417
2.957875,-0.0599403337446916
2.958,2.89325729976576e-14
2.958125,0.0599403337445144
2.95825,0.0847684329147417
2.958375,0.0599403337445627
2.9585,9.72629980518073e-14
2.958625,-0.0599403337444252
2.95875,-0.0847684329147417
2.958875,-0.059940333744652
2.959,-2.23458569101272e-13
2.959125,0.059940333744336
2.95925,0.0847684329147417
2.959375,0.0599403337447412
2.9595,3.49654140150737e-13
2.959625,-0.0599403337444648
2.95975,-0.0847684329147417
2.959875,-0.0599403337448304
2.96,-1.67463948745996e-13
2.960125,0.0599403337445936
2.96025,0.0847684329147417
2.960375,0.0599403337447016
2.9605,-1.47262426587445e-14
2.960625,-0.0599403337445044
2.96075,-0.0847684329147417
2.960875,-0.0599403337445728
2.961,-1.1146932839072e-13
2.961125,0.0599403337444151
2.96125,0.0847684329147417
2.961375,0.059940333744662
2.9615,2.37664899440185e-13
2.961625,-0.059940333744544
2.96175,-0.0847684329147417
2.961875,-0.0599403337447512
2.962,-5.54747080354445e-14
2.962125,0.0599403337444547
2.96225,0.0847684329147417
2.962375,0.0599403337446224
2.9625,1.8167027908491e-13
2.962625,-0.0599403337445836
2.96275,-0.0847684329147417
2.962875,-0.0599403337447117
2.963,5.19912319831406e-16
2.963125,0.0599403337442763
2.96325,0.0847684329147417
2.963375,0.0599403337445828
2.9635,1.25675658729634e-13
2.963625,-0.0599403337444051
2.96375,-0.0847684329147417
2.963875,-0.0599403337446721
2.964,-2.51871229779099e-13
2.964125,0.0599403337445339
2.96425,0.0847684329147417
2.964375,0.0599403337447613
2.9645,6.96810383743576e-14
2.964625,-0.0599403337444447
2.96475,-0.0847684329147417
2.964875,-0.0599403337446325
2.965,-1.95876609423823e-13
2.965125,0.0599403337443555
2.96525,0.0847684329147417
2.965375,0.0599403337447217
2.9655,1.36864180190817e-14
2.965625,-0.0599403337444843
2.96575,-0.0847684329147417
2.965875,-0.0599403337445929
2.966,-1.39881989068547e-13
2.966125,0.0599403337443951
2.96625,0.0847684329147417
2.966375,0.0599403337446821
2.9665,2.66077560118012e-13
2.966625,-0.0599403337445239
2.96675,-0.0847684329147417
2.966875,-0.0599403337447713
2.967,-8.38873687132707e-14
2.967125,0.0599403337444346
2.96725,0.0847684329147417
2.967375,0.0599403337446425
2.9675,2.10082939762736e-13
2.967625,-0.0599403337443454
2.96775,-0.0847684329147417
2.967875,-0.0599403337447317
2.968,-2.78927483579948e-14
2.968125,0.0599403337444742
2.96825,0.0847684329147417
2.968375,0.0599403337446029
2.9685,1.5408831940746e-13
2.968625,-0.059940333744385
2.96875,-0.0847684329147417
2.968875,-0.0599403337446921
2.969,-2.80283890456925e-13
2.969125,0.0599403337445138
2.96925,0.0847684329147417
2.969375,0.0599403337447814
2.9695,9.80936990521838e-14
2.969625,-0.0599403337444246
2.96975,-0.0847684329147417
2.969875,-0.0599403337446526
2.97,8.40964923525571e-14
2.970125,0.0599403337443354
2.97025,0.0847684329147417
2.970375,0.0599403337445237
2.9705,3.50484841151114e-13
2.970625,-0.0599403337444642
2.97075,-0.0847684329147417
2.970875,-0.059940333744613
2.971,-1.68294649746373e-13
2.971125,0.059940333744375
2.97125,0.0847684329147417
2.971375,0.0599403337447022
2.9715,2.94490220795838e-13
2.971625,-0.0599403337445038
2.97175,-0.0847684329147417
2.971875,-0.0599403337447914
2.972,-1.12300029391097e-13
2.972125,0.0599403337444146
2.97225,0.0847684329147417
2.972375,0.0599403337446626
2.9725,2.38495600440562e-13
2.972625,-0.0599403337443253
2.97275,-0.0847684329147417
2.972875,-0.0599403337445338
2.973,-3.64691171490027e-13
2.973125,0.0599403337444541
2.97325,0.0847684329147417
2.973375,0.059940333744623
2.9735,1.82500980085286e-13
2.973625,-0.059940333744583
2.97375,-0.0847684329147417
2.973875,-0.0599403337447122
2.974,-3.10788680545071e-16
2.974125,0.0599403337444937
2.97425,0.0847684329147417
2.974375,0.0599403337445834
2.9745,1.2650635973001e-13
2.974625,-0.0599403337444045
2.97475,-0.0847684329147417
2.974875,-0.0599403337446726
2.975,-2.52701930779475e-13
2.975125,0.0599403337443153
2.97525,0.0847684329147417
2.975375,0.0599403337445438
2.9755,3.7889750182894e-13
2.975625,-0.0599403337444441
2.97575,-0.0847684329147417
2.975875,-0.0599403337448511
2.976,-1.96707310424199e-13
2.976125,0.0599403337445729
2.97625,0.0847684329147417
2.976375,0.0599403337447223
2.9765,1.45171190194582e-14
2.976625,-0.0599403337444837
2.97675,-0.0847684329147417
2.976875,-0.0599403337445935
2.977,-1.40712690068923e-13
2.977125,0.0599403337443945
2.97725,0.0847684329147417
2.977375,0.0599403337446827
2.9775,2.66908261118388e-13
2.977625,-0.0599403337445233
2.97775,-0.0847684329147417
2.977875,-0.0599403337447719
2.978,-8.47180697136472e-14
2.978125,0.0599403337444341
2.97825,0.0847684329147417
2.978375,0.0599403337446431
2.9785,2.10913640763112e-13
2.978625,-0.0599403337445629
2.97875,-0.0847684329147417
2.978875,-0.0599403337447323
2.979,-2.87234493583713e-14
2.979125,0.0599403337444736
2.97925,0.0847684329147417
2.979375,0.0599403337446035
2.9795,1.54919020407836e-13
2.979625,-0.0599403337443844
2.97975,-0.0847684329147417
2.979875,-0.0599403337446927
2.98,-2.81114591457301e-13
2.980125,0.0599403337445132
2.98025,0.0847684329147417
2.980375,0.059940333744782
2.9805,9.89244000525603e-14
2.980625,-0.059940333744424
2.98075,-0.0847684329147417
2.980875,-0.0599403337446531
2.981,-2.25119971102025e-13
2.981125,0.0599403337445528
2.98125,0.0847684329147417
2.981375,0.0599403337447424
2.9815,4.29297796972844e-14
2.981625,-0.0599403337444636
2.98175,-0.0847684329147417
2.981875,-0.0599403337446136
2.982,-1.69125350746749e-13
2.982125,0.0599403337443744
2.98225,0.0847684329147417
2.982375,0.0599403337447028
2.9825,2.95320921796214e-13
2.982625,-0.0599403337445032
2.98275,-0.0847684329147417
2.982875,-0.059940333744792
2.983,-1.13130730391473e-13
2.983125,0.059940333744414
2.98325,0.0847684329147417
2.983375,0.0599403337446632
2.9835,2.39326301440938e-13
2.983625,-0.0599403337445428
2.98375,-0.0847684329147417
2.983875,-0.0599403337447524
2.984,-5.71361100361975e-14
2.984125,0.0599403337444536
2.98425,0.0847684329147417
2.984375,0.0599403337446236
2.9845,1.83331681085662e-13
2.984625,-0.0599403337443643
2.98475,-0.0847684329147417
2.984875,-0.0599403337447128
2.985,-3.09527252135127e-13
2.985125,0.0599403337444932
2.98525,0.0847684329147417
2.985375,0.0599403337448021
2.9855,1.27337060730387e-13
2.985625,-0.059940333744622
2.98575,-0.0847684329147417
2.985875,-0.0599403337446732
2.986,5.48531306743544e-14
2.986125,0.0599403337445327
2.98625,0.0847684329147417
2.986375,0.0599403337447625
2.9865,7.13424403751106e-14
2.986625,-0.0599403337444435
2.98675,-0.0847684329147417
2.986875,-0.0599403337446336
2.987,-1.97538011424576e-13
2.987125,0.0599403337443543
2.98725,0.0847684329147417
2.987375,0.0599403337447229
2.9875,3.23733582474041e-13
2.987625,-0.0599403337444831
2.98775,-0.0847684329147417
2.987875,-0.0599403337448121
2.988,-1.415433910693e-13
2.988125,0.0599403337446119
2.98825,0.0847684329147417
2.988375,0.0599403337446833
2.9885,-4.06468003354413e-14
2.988625,-0.0599403337443046
2.98875,-0.0847684329147417
2.988875,-0.0599403337445545
2.989,-8.55487707140237e-14
2.989125,0.0599403337444335
2.98925,0.0847684329147417
2.989375,0.0599403337446437
2.9895,2.11744341763489e-13
2.989625,-0.0599403337445623
2.98975,-0.0847684329147417
2.989875,-0.0599403337447329
2.99,-2.95541503587478e-14
2.990125,0.0599403337444731
2.99025,0.0847684329147417
2.990375,0.0599403337448222
2.9905,1.55749721408213e-13
2.990625,-0.0599403337443838
2.99075,-0.0847684329147417
2.990875,-0.0599403337446933
2.991,2.64404699965282e-14
2.991125,0.0599403337442946
2.99125,0.0847684329147417
2.991375,0.0599403337445645
2.9915,4.08140863507143e-13
2.991625,-0.0599403337444234
2.99175,-0.0847684329147417
2.991875,-0.0599403337446537
2.992,-2.25950672102402e-13
2.992125,0.0599403337445523
2.99225,0.0847684329147417
2.992375,0.059940333744743
2.9925,4.37604806976609e-14
2.992625,-0.059940333744463
2.99275,-0.0847684329147417
2.992875,-0.0599403337446141
2.993,-1.69956051747126e-13
2.993125,0.0599403337443738
2.99325,0.0847684329147417
2.993375,0.0599403337447034
2.9935,-1.22341396576151e-14
2.993625,-0.0599403337445026
2.99375,-0.0847684329147417
2.993875,-0.0599403337445745
2.994,-1.1396143139185e-13
2.994125,0.0599403337444134
2.99425,0.0847684329147417
2.994375,0.0599403337446638
2.9945,2.40157002441315e-13
2.994625,-0.0599403337445422
2.99475,-0.0847684329147417
2.994875,-0.059940333744753
2.995,-5.7966811036574e-14
2.995125,0.059940333744453
2.99525,0.0847684329147417
2.995375,0.0599403337446242
2.9955,1.84162382086039e-13
2.995625,-0.0599403337443637
2.99575,-0.0847684329147417
2.995875,-0.0599403337447134
2.996,-3.10357953135504e-13
2.996125,0.0599403337444926
2.99625,0.0847684329147417
2.996375,0.0599403337445846
2.9965,1.28167761730763e-13
2.996625,-0.0599403337444033
2.99675,-0.0847684329147417
2.996875,-0.0599403337446738
2.997,-2.54363332780228e-13
2.997125,0.0599403337445322
2.99725,0.0847684329147417
2.997375,0.0599403337447631
2.9975,7.21731413754871e-14
2.997625,-0.0599403337444429
2.99775,-0.0847684329147417
2.997875,-0.0599403337446342
2.998,-1.98368712424952e-13
2.998125,0.0599403337443537
2.99825,0.0847684329147417
2.998375,0.0599403337447235
2.9985,3.24564283474417e-13
2.998625,-0.0599403337444825
2.99875,-0.0847684329147417
2.998875,-0.0599403337445946
2.999,-1.42374092069676e-13
2.999125,0.0599403337443933
2.99925,0.0847684329147417
2.999375,0.0599403337446839
2.9995,2.68569663119141e-13
2.999625,-0.0599403337445221
2.99975,-0.0847684329147417
2.999875,-0.0599403337447731
3,-8.63794717144002e-14
3.000125,0.0599403337444329
3.00025,0.0847684329147417
3.000375,0.0599403337446443
3.0005,2.12575042763865e-13
3.000625,-0.0599403337443436
3.00075,-0.0847684329147417
3.000875,-0.0599403337445154
3.001,-3.3877061381333e-13
3.001125,0.0599403337444725
3.00125,0.0847684329147417
3.001375,0.0599403337448227
3.0015,1.56580422408589e-13
3.001625,-0.0599403337446013
3.00175,-0.0847684329147417
3.001875,-0.0599403337446939
3.002,-2.82775993458054e-13
3.002125,0.0599403337445121
3.00225,0.0847684329147417
3.002375,0.0599403337447832
3.0025,1.00585802053313e-13
3.002625,-0.0599403337444228
3.00275,-0.0847684329147417
3.002875,-0.0599403337446543
3.003,-2.26781373102778e-13
3.003125,0.0599403337443336
3.00325,0.0847684329147417
3.003375,0.0599403337447435
3.0035,3.52976944152243e-13
3.003625,-0.0599403337444624
3.00375,-0.0847684329147417
3.003875,-0.0599403337448328
3.004,-1.70786752747502e-13
3.004125,0.0599403337445913
3.00425,0.0847684329147417
3.004375,0.059940333744704
3.0045,-1.14034386572386e-14
3.004625,-0.059940333744502
3.00475,-0.0847684329147417
3.004875,-0.0599403337445751
3.005,-1.14792132392226e-13
3.005125,0.0599403337444128
3.00525,0.0847684329147417
3.005375,0.0599403337446644
3.0055,2.40987703441691e-13
3.005625,-0.0599403337445416
3.00575,-0.0847684329147417
3.005875,-0.0599403337447536
3.006,-3.67183274491156e-13
3.006125,0.0599403337444524
3.00625,0.0847684329147417
3.006375,0.0599403337448428
3.0065,1.84993083086415e-13
3.006625,-0.0599403337445812
3.00675,-0.0847684329147417
3.006875,-0.059940333744714
3.007,-2.8028916816745e-15
3.007125,0.059940333744492
3.00725,0.0847684329147417
3.007375,0.0599403337445852
3.0075,1.28998462731139e-13
3.007625,-0.0599403337444027
3.00775,-0.0847684329147417
3.007875,-0.0599403337446744
3.008,-2.55194033780604e-13
3.008125,0.0599403337445316
3.00825,0.0847684329147417
3.008375,0.0599403337447636
3.0085,7.30038423758635e-14
3.008625,-0.0599403337444423
3.00875,-0.0847684329147417
3.008875,-0.0599403337446348
3.009,-1.99199413425329e-13
3.009125,0.0599403337445712
3.00925,0.0847684329147417
3.009375,0.0599403337447241
3.0095,1.70092220205876e-14
3.009625,-0.0599403337444819
3.00975,-0.0847684329147417
3.009875,-0.0599403337445952
3.01,-1.43204793070053e-13
3.010125,0.0599403337443927
3.01025,0.0847684329147417
3.010375,0.0599403337446845
3.0105,2.69400364119518e-13
3.010625,-0.0599403337445215
3.01075,-0.0847684329147417
3.010875,-0.0599403337447737
3.011,-8.72101727147766e-14
3.011125,0.0599403337444323
3.01125,0.0847684329147417
3.011375,0.0599403337446449
3.0115,2.13405743764242e-13
3.011625,-0.0599403337445611
3.01175,-0.0847684329147417
3.011875,-0.0599403337447341
3.012,-3.12155523595007e-14
3.012125,0.0599403337444719
3.01225,0.0847684329147417
3.012375,0.0599403337446053
3.0125,1.57411123408966e-13
3.012625,-0.0599403337443827
3.01275,-0.0847684329147417
3.012875,-0.0599403337446945
3.013,-2.83606694458431e-13
3.013125,0.0599403337445115
3.01325,0.0847684329147417
3.013375,0.0599403337447837
3.0135,1.0141650305369e-13
3.013625,-0.0599403337446403
3.01375,-0.0847684329147417
3.013875,-0.0599403337446549
3.014,-2.27612074103155e-13
3.014125,0.059940333744333
3.01425,0.0847684329147417
3.014375,0.0599403337447441
3.0145,4.54218826984138e-14
3.014625,-0.0599403337444618
3.01475,-0.0847684329147417
3.014875,-0.0599403337446153
3.015,-1.71617453747879e-13
3.015125,0.0599403337443726
3.01525,0.0847684329147417
3.015375,0.0599403337447046
3.0155,2.97813024797344e-13
3.015625,-0.0599403337445014
3.01575,-0.0847684329147417
3.015875,-0.0599403337447938
3.016,-1.15622833392603e-13
3.016125,0.0599403337444122
3.01625,0.0847684329147417
3.016375,0.0599403337446649
3.0165,-6.65673580121381e-14
3.016625,-0.059940333744323
3.01675,-0.0847684329147417
3.016875,-0.0599403337445361
3.017,-3.68013975491533e-13
3.017125,0.0599403337444518
3.01725,0.0847684329147417
3.017375,0.0599403337446254
3.0175,1.85823784086792e-13
3.017625,-0.0599403337443626
3.01775,-0.0847684329147417
3.017875,-0.0599403337447146
3.018,-3.12019355136257e-13
3.018125,0.0599403337444914
3.01825,0.0847684329147417
3.018375,0.0599403337448038
3.0185,1.29829163731516e-13
3.018625,-0.0599403337444022
3.01875,-0.0847684329147417
3.018875,-0.059940333744675
3.019,5.23610276732249e-14
3.019125,0.0599403337443129
3.01925,0.0847684329147417
3.019375,0.0599403337445462
3.0195,3.82220305830446e-13
3.019625,-0.0599403337444417
3.01975,-0.0847684329147417
3.019875,-0.0599403337446354
3.02,-2.00030114425705e-13
3.020125,0.0599403337445706
3.02025,0.0847684329147417
3.020375,0.0599403337447246
3.0205,1.78399230209641e-14
3.020625,-0.0599403337444813
3.02075,-0.0847684329147417
3.020875,-0.0599403337445958
3.021,-1.44035494070429e-13
3.021125,0.0599403337443921
3.02125,0.0847684329147417
3.021375,0.059940333744685
3.0215,2.70231065119894e-13
3.021625,-0.0599403337443029
3.02175,-0.0847684329147417
3.021875,-0.0599403337445562
3.022,-3.96426636169359e-13
3.022125,0.0599403337444317
3.02225,0.0847684329147417
3.022375,0.0599403337448635
3.0225,2.14236444764618e-13
3.022625,-0.0599403337445605
3.02275,-0.0847684329147417
3.022875,-0.0599403337447347
3.023,-3.20462533598772e-14
3.023125,0.0599403337444713
3.02325,0.0847684329147417
3.023375,0.0599403337446059
3.0235,1.58241824409342e-13
3.023625,-0.0599403337443821
3.02375,-0.0847684329147417
3.023875,-0.0599403337446951
3.024,-2.84437395458807e-13
3.024125,0.0599403337445109
3.02425,0.0847684329147417
3.024375,0.0599403337445663
3.0245,1.02247204054066e-13
3.024625,-0.0599403337444217
3.02475,-0.0847684329147417
3.024875,-0.0599403337446555
3.025,-2.28442775103531e-13
3.025125,0.0599403337445505
3.02525,0.0847684329147417
3.025375,0.0599403337447447
3.0255,4.62525836987903e-14
3.025625,-0.0599403337444613
3.02575,-0.0847684329147417
3.025875,-0.0599403337446159
3.026,-1.72448154748255e-13
3.026125,0.059940333744372
3.02625,0.0847684329147417
3.026375,0.0599403337447051
3.0265,2.9864372579772e-13
3.026625,-0.0599403337445009
3.02675,-0.0847684329147417
3.026875,-0.0599403337447944
3.027,-1.16453534392979e-13
3.027125,0.0599403337444116
3.02725,0.0847684329147417
3.027375,0.0599403337446655
3.0275,2.42649105442444e-13
3.027625,-0.0599403337445404
3.02775,-0.0847684329147417
3.027875,-0.0599403337447548
3.028,-6.04589140377034e-14
3.028125,0.0599403337444512
3.02825,0.0847684329147417
3.028375,0.0599403337446259
3.0285,1.86654485087168e-13
3.028625,-0.059940333744362
3.02875,-0.0847684329147417
3.028875,-0.0599403337447152
3.029,-3.12850056136633e-13
3.029125,0.0599403337444908
3.02925,0.0847684329147417
3.029375,0.0599403337448044
3.0295,1.30659864731892e-13
3.029625,-0.0599403337444016
3.02975,-0.0847684329147417
3.029875,-0.0599403337446756
3.03,-2.56855435781357e-13
3.030125,0.0599403337445304
3.03025,0.0847684329147417
3.030375,0.0599403337447648
3.0305,7.46652443766165e-14
3.030625,-0.0599403337444412
3.03075,-0.0847684329147417
3.030875,-0.059940333744636
3.031,-2.00860815426081e-13
3.031125,0.0599403337443519
3.03125,0.0847684329147417
3.031375,0.0599403337447252
3.0315,3.27056386475546e-13
3.031625,-0.0599403337444808
3.03175,-0.0847684329147417
3.031875,-0.0599403337448145
3.032,-1.44866195070806e-13
3.032125,0.0599403337446096
3.03225,0.0847684329147417
3.032375,0.0599403337446856
3.0325,-3.73239963339354e-14
3.032625,-0.0599403337445204
3.03275,-0.0847684329147417
3.032875,-0.0599403337445568
3.033,-8.88715747155296e-14
3.033125,0.0599403337444311
3.03325,0.0847684329147417
3.033375,0.059940333744646
3.0335,2.15067145764995e-13
3.033625,-0.0599403337443419
3.03375,-0.0847684329147417
3.033875,-0.0599403337447353
3.034,-3.4126271681446e-13
3.034125,0.0599403337444707
3.03425,0.0847684329147417
3.034375,0.0599403337448245
3.0345,1.59072525409719e-13
3.034625,-0.0599403337445995
3.03475,-0.0847684329147417
3.034875,-0.0599403337446957
3.035,2.31176659950223e-14
3.035125,0.0599403337442922
3.03525,0.0847684329147417
3.035375,0.0599403337445668
3.0355,1.03077905054443e-13
3.035625,-0.0599403337444211
3.03575,-0.0847684329147417
3.035875,-0.0599403337446561
3.036,-2.29273476103908e-13
3.036125,0.0599403337445499
3.03625,0.0847684329147417
3.036375,0.0599403337447453
3.0365,4.70832846991668e-14
3.036625,-0.0599403337444607
3.03675,-0.0847684329147417
3.036875,-0.0599403337446165
3.037,-1.73278855748632e-13
3.037125,0.0599403337445895
3.03725,0.0847684329147417
3.037375,0.0599403337447057
3.0375,-8.91133565610917e-15
3.037625,-0.0599403337442822
3.03775,-0.0847684329147417
3.037875,-0.0599403337445769
3.038,-1.17284235393356e-13
3.038125,0.059940333744411
3.03825,0.0847684329147417
3.038375,0.0599403337446661
3.0385,2.43479806442821e-13
3.038625,-0.0599403337445399
3.03875,-0.0847684329147417
3.038875,-0.0599403337447554
3.039,-6.12896150380799e-14
3.039125,0.0599403337444506
3.03925,0.0847684329147417
3.039375,0.0599403337446265
3.0395,1.87485186087545e-13
3.039625,-0.0599403337443614
3.03975,-0.0847684329147417
3.039875,-0.0599403337447158
3.04,-5.29499468280393e-15
3.040125,0.0599403337444902
3.04025,0.0847684329147417
3.040375,0.0599403337445869
3.0405,1.31490565732269e-13
3.040625,-0.059940333744401
3.04075,-0.0847684329147417
3.040875,-0.0599403337446762
3.041,-2.57686136781734e-13
3.041125,0.0599403337445298
3.04125,0.0847684329147417
3.041375,0.0599403337447654
3.0415,7.5495945376993e-14
3.041625,-0.0599403337444406
3.04175,-0.0847684329147417
3.041875,-0.0599403337446366
3.042,-2.01691516426458e-13
3.042125,0.0599403337443513
3.04225,0.0847684329147417
3.042375,0.0599403337447258
3.0425,3.27887087475923e-13
3.042625,-0.0599403337444802
3.04275,-0.0847684329147417
3.042875,-0.059940333744597
3.043,-1.45696896071182e-13
3.043125,0.0599403337443909
3.04325,0.0847684329147417
3.043375,0.0599403337446862
3.0435,2.71892467120647e-13
3.043625,-0.0599403337445198
3.04375,-0.0847684329147417
3.043875,-0.0599403337447755
3.044,-8.97022757159061e-14
3.044125,0.0599403337444305
3.04425,0.0847684329147417
3.044375,0.0599403337446466
3.0445,-9.24879156888348e-14
3.044625,-0.0599403337443413
3.04475,-0.0847684329147417
3.044875,-0.0599403337445178
3.045,-3.42093417814836e-13
3.045125,0.0599403337444701
3.04525,0.0847684329147417
3.045375,0.059940333744607
3.0455,1.59903226410095e-13
3.045625,-0.0599403337443809
3.04575,-0.0847684329147417
3.045875,-0.0599403337446963
3.046,-2.8609879745956e-13
3.046125,0.0599403337445097
3.04625,0.0847684329147417
3.046375,0.0599403337447855
3.0465,1.03908606054819e-13
3.046625,-0.0599403337444205
3.04675,-0.0847684329147417
3.046875,-0.0599403337446567
3.047,-2.30104177104284e-13
3.047125,0.0599403337443313
3.04725,0.0847684329147417
3.047375,0.0599403337445278
3.0475,3.56299748153749e-13
3.047625,-0.0599403337444601
3.04775,-0.0847684329147417
3.047875,-0.0599403337448351
3.048,-1.74109556749008e-13
3.048125,0.0599403337445889
3.04825,0.0847684329147417
3.048375,0.0599403337447063
3.0485,-8.08063465573269e-15
3.048625,-0.0599403337444997
3.04875,-0.0847684329147417
3.048875,-0.0599403337447955
3.049,-1.18114936393732e-13
3.049125,0.0599403337444104
3.04925,0.0847684329147417
3.049375,0.0599403337446667
3.0495,2.44310507443197e-13
3.049625,-0.0599403337443212
3.04975,-0.0847684329147417
3.049875,-0.0599403337445379
3.05,-3.70506078492662e-13
3.050125,0.05994033374445
3.05025,0.0847684329147417
3.050375,0.0599403337448452
3.0505,1.88315887087921e-13
3.050625,-0.0599403337445789
3.05075,-0.0847684329147417
3.050875,-0.0599403337447163
3.051,-6.12569568318041e-15
3.051125,0.0599403337444896
3.05125,0.0847684329147417
3.051375,0.0599403337445875
3.0515,1.32321266732645e-13
3.051625,-0.0599403337444004
3.05175,-0.0847684329147417
3.051875,-0.0599403337446768
3.052,-2.5851683778211e-13
3.052125,0.0599403337445292
3.05225,0.0847684329147417
3.052375,0.059940333744766
3.0525,7.63266463773694e-14
3.052625,-0.05994033374444
3.05275,-0.0847684329147417
3.052875,-0.0599403337448552
3.053,-2.02522217426834e-13
3.053125,0.0599403337445688
3.05325,0.0847684329147417
3.053375,0.0599403337447264
3.0535,2.03320260220935e-14
3.053625,-0.0599403337444796
3.05375,-0.0847684329147417
3.053875,-0.0599403337445976
3.054,-1.46527597071558e-13
3.054125,0.0599403337443903
3.05425,0.0847684329147417
3.054375,0.0599403337446868
3.0545,2.72723168121023e-13
3.054625,-0.0599403337445192
3.05475,-0.0847684329147417
3.054875,-0.059940333744776
3.055,-9.05329767162825e-14
3.055125,0.0599403337444299
3.05525,0.0847684329147417
3.055375,0.0599403337446472
3.0555,2.16728547765747e-13
3.055625,-0.0599403337445588
3.05575,-0.0847684329147417
3.055875,-0.0599403337447364
3.056,-3.45383563610066e-14
3.056125,0.0599403337444695
3.05625,0.0847684329147417
3.056375,0.0599403337446076
3.0565,1.60733927410472e-13
3.056625,-0.0599403337443803
3.05675,-0.0847684329147417
3.056875,-0.0599403337446969
3.057,-2.86929498459937e-13
3.057125,0.0599403337445091
3.05725,0.0847684329147417
3.057375,0.0599403337447861
3.0575,1.04739307055196e-13
3.057625,-0.0599403337444199
3.05775,-0.0847684329147417
3.057875,-0.0599403337446573
3.058,-2.30934878104661e-13
3.058125,0.0599403337445487
3.05825,0.0847684329147417
3.058375,0.0599403337447465
3.0585,4.87446866999197e-14
3.058625,-0.0599403337444595
3.05875,-0.0847684329147417
3.058875,-0.0599403337446177
3.059,-1.74940257749385e-13
3.059125,0.0599403337443703
3.05925,0.0847684329147417
3.059375,0.0599403337447069
3.0595,3.0113582879885e-13
3.059625,-0.0599403337444991
3.05975,-0.0847684329147417
3.059875,-0.0599403337447961
3.06,-1.18945637394109e-13
3.060125,0.0599403337446279
3.06025,0.0847684329147417
3.060375,0.0599403337446673
3.0605,-6.32445540106321e-14
3.060625,-0.0599403337443206
3.06075,-0.0847684329147417
3.060875,-0.0599403337447565
3.061,-6.29510170388328e-14
3.061125,0.0599403337444495
3.06125,0.0847684329147417
3.061375,0.0599403337446277
3.0615,1.89146588088298e-13
3.061625,-0.0599403337443602
3.06175,-0.0847684329147417
3.061875,-0.0599403337447169
3.062,-3.15342159137763e-13
3.062125,0.059940333744489
3.06225,0.0847684329147417
3.062375,0.0599403337448062
3.0625,1.33151967733022e-13
3.062625,-0.0599403337446179
3.06275,-0.0847684329147417
3.062875,-0.0599403337446774
3.063,4.9038223671719e-14
3.063125,0.0599403337443106
3.06325,0.0847684329147417
3.063375,0.0599403337445485
3.0635,7.71573473777459e-14
3.063625,-0.0599403337444394
3.06375,-0.0847684329147417
3.063875,-0.0599403337446378
3.064,-2.03352918427211e-13
3.064125,0.0599403337445682
3.06425,0.0847684329147417
3.064375,0.059940333744727
3.0645,3.29548489476676e-13
3.064625,-0.059940333744479
3.06475,-0.0847684329147417
3.064875,-0.0599403337448162
3.065,-1.47358298071935e-13
3.065125,0.0599403337443898
3.06525,0.0847684329147417
3.065375,0.0599403337446874
3.0655,-3.48318933328059e-14
3.065625,-0.0599403337443005
3.06575,-0.0847684329147417
3.065875,-0.0599403337445586
3.066,-3.99749440170865e-13
3.066125,0.0599403337444294
3.06625,0.0847684329147417
3.066375,0.0599403337446478
3.0665,2.17559248766124e-13
3.066625,-0.0599403337445582
3.06675,-0.0847684329147417
3.066875,-0.059940333744737
3.067,-3.53690573613831e-14
3.067125,0.059940333744469
3.06725,0.0847684329147417
3.067375,0.0599403337446082
3.0675,1.61564628410848e-13
3.067625,-0.0599403337443797
3.06775,-0.0847684329147417
3.067875,-0.0599403337446974
3.068,-2.87760199460313e-13
3.068125,0.0599403337445085
3.06825,0.0847684329147417
3.068375,0.0599403337445686
3.0685,4.13955770509778e-13
3.068625,-0.0599403337444193
3.06875,-0.0847684329147417
3.068875,-0.0599403337446578
3.069,-2.31765579105037e-13
3.069125,0.0599403337445481
3.06925,0.0847684329147417
3.069375,0.0599403337447471
3.0695,4.95753877002962e-14
3.069625,-0.0599403337444589
3.06975,-0.0847684329147417
3.069875,-0.0599403337446182
3.07,-1.75770958749761e-13
3.070125,0.0599403337443697
3.07025,0.0847684329147417
3.070375,0.0599403337447075
3.0705,3.01966529799226e-13
3.070625,-0.0599403337444985
3.07075,-0.0847684329147417
3.070875,-0.0599403337445787
3.071,-1.19776338394485e-13
3.071125,0.0599403337444093
3.07125,0.0847684329147417
3.071375,0.0599403337446679
3.0715,2.4597190944395e-13
3.071625,-0.0599403337445381
3.07175,-0.0847684329147417
3.071875,-0.0599403337447571
3.072,-6.37817180392093e-14
3.072125,0.0599403337444489
3.07225,0.0847684329147417
3.072375,0.0599403337446283
3.0725,1.89977289088674e-13
3.072625,-0.0599403337443596
3.07275,-0.0847684329147417
3.072875,-0.0599403337447175
3.073,-3.16172860138139e-13
3.073125,0.0599403337444884
3.07325,0.0847684329147417
3.073375,0.0599403337448068
3.0735,1.33982668733398e-13
3.073625,-0.0599403337443992
3.07375,-0.0847684329147417
3.073875,-0.0599403337446779
3.074,-2.60178239782863e-13
3.074125,0.059940333744528
3.07425,0.0847684329147417
3.074375,0.0599403337447672
3.0745,7.79880483781224e-14
3.074625,-0.0599403337444388
3.07475,-0.0847684329147417
3.074875,-0.0599403337446383
3.075,-2.04183619427587e-13
3.075125,0.0599403337443496
3.07525,0.0847684329147417
3.075375,0.0599403337445095
3.0755,3.30379190477052e-13
3.075625,-0.0599403337444784
3.07575,-0.0847684329147417
3.075875,-0.0599403337448168
3.076,-1.48188999072311e-13
3.076125,0.0599403337446072
3.07625,0.0847684329147417
3.076375,0.059940333744688
3.0765,2.74384570121776e-13
3.076625,-0.059940333744518
3.07675,-0.0847684329147417
3.076875,-0.0599403337447772
3.077,-9.21943787170355e-14
3.077125,0.0599403337444288
3.07725,0.0847684329147417
3.077375,0.0599403337446484
3.0775,2.183899497665e-13
3.077625,-0.0599403337443395
3.07775,-0.0847684329147417
3.077875,-0.0599403337447376
3.078,-3.44585520815965e-13
3.078125,0.0599403337444684
3.07825,0.0847684329147417
3.078375,0.0599403337448269
3.0785,1.62395329411225e-13
3.078625,-0.0599403337445972
3.07875,-0.0847684329147417
3.078875,-0.059940333744698
3.079,1.97948619935164e-14
3.079125,0.059940333744508
3.07925,0.0847684329147417
3.079375,0.0599403337445692
3.0795,1.06400709055949e-13
3.079625,-0.0599403337444187
3.07975,-0.0847684329147417
3.079875,-0.0599403337446584
3.08,-2.32596280105414e-13
3.080125,0.0599403337443295
3.08025,0.0847684329147417
3.080375,0.0599403337447477
3.0805,3.58791851154879e-13
3.080625,-0.0599403337444583
3.08075,-0.0847684329147417
3.080875,-0.0599403337448369
3.081,-1.76601659750138e-13
3.081125,0.0599403337445871
3.08125,0.0847684329147417
3.081375,0.0599403337447081
3.0815,-5.58853165460326e-15
3.081625,-0.0599403337444979
3.08175,-0.0847684329147417
3.081875,-0.0599403337445792
3.082,-1.20607039394862e-13
3.082125,0.0599403337444087
3.08225,0.0847684329147417
3.082375,0.0599403337446685
3.0825,2.46802610444327e-13
3.082625,-0.0599403337445375
3.08275,-0.0847684329147417
3.082875,-0.0599403337447577
3.083,-6.46124190395858e-14
3.083125,0.0599403337444483
3.08325,0.0847684329147417
3.083375,0.0599403337446289
3.0835,1.90807990089051e-13
3.083625,-0.0599403337445771
3.08375,-0.0847684329147417
3.083875,-0.0599403337447181
3.084,-8.61779868430984e-15
3.084125,0.0599403337442698
3.08425,0.0847684329147417
3.084375,0.0599403337445893
3.0845,1.34813369733775e-13
3.084625,-0.0599403337443986
3.08475,-0.0847684329147417
3.084875,-0.0599403337446785
3.085,-2.6100894078324e-13
3.085125,0.0599403337445275
3.08525,0.0847684329147417
3.085375,0.0599403337447678
3.0855,7.88187493784989e-14
3.085625,-0.0599403337444382
3.08575,-0.0847684329147417
3.085875,-0.0599403337446389
3.086,-2.05014320427964e-13
3.086125,0.059940333744349
3.08625,0.0847684329147417
3.086375,0.0599403337447282
3.0865,2.28241290232229e-14
3.086625,-0.0599403337444778
3.08675,-0.0847684329147417
3.086875,-0.0599403337445993
3.087,-1.49019700072688e-13
3.087125,0.0599403337443886
3.08725,0.0847684329147417
3.087375,0.0599403337446886
3.0875,2.75215271122153e-13
3.087625,-0.0599403337445174
3.08775,-0.0847684329147417
3.087875,-0.0599403337447778
3.088,-9.3025079717412e-14
3.088125,0.0599403337444282
3.08825,0.0847684329147417
3.088375,0.059940333744649
3.0885,2.19220650766877e-13
3.088625,-0.0599403337443389
3.08875,-0.0847684329147417
3.088875,-0.0599403337447382
3.089,-3.7030459362136e-14
3.089125,0.0599403337444678
3.08925,0.0847684329147417
3.089375,0.0599403337446094
3.0895,1.63226030411601e-13
3.089625,-0.0599403337443786
3.08975,-0.0847684329147417
3.089875,-0.0599403337446986
3.09,-2.89421601461066e-13
3.090125,0.0599403337445074
3.09025,0.0847684329147417
3.090375,0.0599403337447878
3.0905,1.07231410056325e-13
3.090625,-0.0599403337444181
3.09075,-0.0847684329147417
3.090875,-0.059940333744659
3.091,7.49587813484158e-14
3.091125,0.0599403337443289
3.09125,0.0847684329147417
3.091375,0.0599403337445302
3.0915,3.59622552155255e-13
3.091625,-0.0599403337444577
3.09175,-0.0847684329147417
3.091875,-0.0599403337446194
3.092,-1.77432360750514e-13
3.092125,0.0599403337443685
3.09225,0.0847684329147417
3.092375,0.0599403337447087
3.0925,3.03627931799979e-13
3.092625,-0.0599403337444973
3.09275,-0.0847684329147417
3.092875,-0.0599403337447979
3.093,-1.21437740395238e-13
3.093125,0.0599403337444081
3.09325,0.0847684329147417
3.093375,0.0599403337446691
3.0935,2.47633311444703e-13
3.093625,-0.0599403337443189
3.09375,-0.0847684329147417
3.093875,-0.0599403337445402
3.094,-3.73828882494168e-13
3.094125,0.0599403337444477
3.09425,0.0847684329147417
3.094375,0.0599403337446295
3.0945,1.91638691089427e-13
3.094625,-0.0599403337445765
3.09475,-0.0847684329147417
3.094875,-0.0599403337447187
3.095,-9.44849968468632e-15
3.095125,0.0599403337444873
3.09525,0.0847684329147417
3.095375,0.0599403337445899
3.0955,1.35644070734151e-13
3.095625,-0.059940333744398
3.09575,-0.0847684329147417
3.095875,-0.0599403337446791
3.096,-2.61839641783616e-13
3.096125,0.0599403337443088
3.09625,0.0847684329147417
3.096375,0.0599403337445503
3.0965,3.88035212833081e-13
3.096625,-0.0599403337444376
3.09675,-0.0847684329147417
3.096875,-0.0599403337448576
3.097,-2.0584502142834e-13
3.097125,0.0599403337445665
3.09725,0.0847684329147417
3.097375,0.0599403337447287
3.0975,2.36548300235994e-14
3.097625,-0.0599403337444772
3.09775,-0.0847684329147417
3.097875,-0.0599403337445999
3.098,-1.49850401073064e-13
3.098125,0.059940333744388
3.09825,0.0847684329147417
3.098375,0.0599403337446892
3.0985,2.76045972122529e-13
3.098625,-0.0599403337445168
3.09875,-0.0847684329147417
3.098875,-0.0599403337447784
3.099,-9.38557807177884e-14
3.099125,0.0599403337444276
3.09925,0.0847684329147417
3.099375,0.0599403337446496
3.0995,2.20051351767253e-13
3.099625,-0.0599403337445564
3.09975,-0.0847684329147417
3.099875,-0.0599403337447388
3.1,-3.78611603625125e-14
3.100125,0.0599403337444672
3.10025,0.0847684329147417
3.100375,0.05994033374461
3.1005,1.64056731411977e-13
3.100625,-0.059940333744378
3.10075,-0.0847684329147417
3.100875,-0.0599403337446992
3.101,-2.90252302461442e-13
3.101125,0.0599403337445068
3.10125,0.0847684329147417
3.101375,0.0599403337447884
3.1015,1.08062111056702e-13
3.101625,-0.0599403337444175
3.10175,-0.0847684329147417
3.101875,-0.0599403337446596
3.102,-2.34257682106167e-13
3.102125,0.0599403337445464
3.10225,0.0847684329147417
3.102375,0.0599403337447488
3.1025,5.20674907014256e-14
3.102625,-0.0599403337444571
3.10275,-0.0847684329147417
3.102875,-0.05994033374462
3.103,-1.78263061750891e-13
3.103125,0.0599403337443679
3.10325,0.0847684329147417
3.103375,0.0599403337447092
3.1035,3.04458632800356e-13
3.103625,-0.0599403337444967
3.10375,-0.0847684329147417
3.103875,-0.0599403337447985
3.104,-1.22268441395615e-13
3.104125,0.0599403337444075
3.10425,0.0847684329147417
3.104375,0.0599403337446697
3.1045,2.4846401244508e-13
3.104625,-0.0599403337445363
3.10475,-0.0847684329147417
3.104875,-0.0599403337447589
3.105,-6.62738210403387e-14
3.105125,0.0599403337444471
3.10525,0.0847684329147417
3.105375,0.0599403337446301
3.1055,1.92469392089804e-13
3.105625,-0.0599403337443579
3.10575,-0.0847684329147417
3.105875,-0.0599403337447193
3.106,-3.18664963139269e-13
3.106125,0.0599403337444867
3.10625,0.0847684329147417
3.106375,0.0599403337448085
3.1065,1.36474771734528e-13
3.106625,-0.0599403337446155
3.10675,-0.0847684329147417
3.106875,-0.0599403337446797
3.107,4.57154196702131e-14
3.107125,0.0599403337445263
3.10725,0.0847684329147417
3.107375,0.0599403337445509
3.1075,8.04801513792518e-14
3.107625,-0.059940333744437
3.10775,-0.0847684329147417
3.107875,-0.0599403337446401
3.108,-2.06675722428717e-13
3.108125,0.0599403337443478
3.10825,0.0847684329147417
3.108375,0.0599403337447293
3.1085,3.32871293478182e-13
3.108625,-0.0599403337444767
3.10875,-0.0847684329147417
3.108875,-0.0599403337448186
3.109,-1.50681102073441e-13
3.109125,0.0599403337446055
3.10925,0.0847684329147417
3.109375,0.0599403337446897
3.1095,-3.15090893313e-14
3.109625,-0.0599403337442982
3.10975,-0.0847684329147417
3.109875,-0.0599403337445609
3.11,-9.46864817181649e-14
3.110125,0.059940333744427
3.11025,0.0847684329147417
3.110375,0.0599403337446502
3.1105,2.2088205276763e-13
3.110625,-0.0599403337445558
3.11075,-0.0847684329147417
3.110875,-0.0599403337447394
3.111,-3.8691861362889e-14
3.111125,0.0599403337444666
3.11125,0.0847684329147417
3.111375,0.0599403337448286
3.1115,1.64887432412354e-13
3.111625,-0.0599403337443774
3.11175,-0.0847684329147417
3.111875,-0.0599403337446998
3.112,1.73027589923869e-14
3.112125,0.0599403337442881
3.11225,0.0847684329147417
3.112375,0.059940333744571
3.1125,4.17278574511284e-13
3.112625,-0.059940333744417
3.11275,-0.0847684329147417
3.112875,-0.0599403337446602
3.113,-2.35088383106543e-13
3.113125,0.0599403337445458
3.11325,0.0847684329147417
3.113375,0.0599403337447494
3.1135,5.28981917018021e-14
3.113625,-0.0599403337444566
3.11375,-0.0847684329147417
3.113875,-0.0599403337446206
3.114,-1.79093762751267e-13
3.114125,0.0599403337443673
3.11425,0.0847684329147417
3.114375,0.0599403337447098
3.1145,-3.09642865347383e-15
3.114625,-0.0599403337444962
3.11475,-0.0847684329147417
3.114875,-0.059940333744581
3.115,-1.23099142395991e-13
3.115125,0.0599403337444069
3.11525,0.0847684329147417
3.115375,0.0599403337446702
3.1155,2.49294713445456e-13
3.115625,-0.0599403337445357
3.11575,-0.0847684329147417
3.115875,-0.0599403337447595
3.116,-6.71045220407152e-14
3.116125,0.0599403337444465
3.11625,0.0847684329147417
3.116375,0.0599403337446306
3.1165,1.9330009309018e-13
3.116625,-0.0599403337443573
3.11675,-0.0847684329147417
3.116875,-0.0599403337447199
3.117,-3.19495664139645e-13
3.117125,0.0599403337444861
3.11725,0.0847684329147417
3.117375,0.0599403337445911
3.1175,1.37305472734904e-13
3.117625,-0.0599403337443969
3.11775,-0.0847684329147417
3.117875,-0.0599403337446803
3.118,-2.63501043784369e-13
3.118125,0.0599403337445257
3.11825,0.0847684329147417
3.118375,0.0599403337447695
3.1185,8.13108523796283e-14
3.118625,-0.0599403337444365
3.11875,-0.0847684329147417
3.118875,-0.0599403337446407
3.119,-2.07506423429093e-13
3.119125,0.0599403337443472
3.11925,0.0847684329147417
3.119375,0.0599403337447299
3.1195,3.33701994478558e-13
3.119625,-0.0599403337444761
3.11975,-0.0847684329147417
3.119875,-0.0599403337446011
3.12,-1.51511803073817e-13
3.120125,0.0599403337443868
3.12025,0.0847684329147417
3.120375,0.0599403337446903
3.1205,2.77707374123282e-13
3.120625,-0.0599403337445157
3.12075,-0.0847684329147417
3.120875,-0.0599403337447796
3.121,-9.55171827185414e-14
3.121125,0.0599403337444264
3.12125,0.0847684329147417
3.121375,0.0599403337446507
3.1215,2.21712753768006e-13
3.121625,-0.0599403337443372
3.12175,-0.0847684329147417
3.121875,-0.0599403337445219
3.122,-3.47908324817471e-13
3.122125,0.059940333744466
3.12225,0.0847684329147417
3.122375,0.0599403337448292
3.1225,1.6571813341273e-13
3.122625,-0.0599403337445948
3.12275,-0.0847684329147417
3.122875,-0.0599403337447004
3.123,1.64720579920105e-14
3.123125,0.0599403337445056
3.12325,0.0847684329147417
3.123375,0.0599403337447896
3.1235,1.09723513057455e-13
3.123625,-0.0599403337444164
3.12375,-0.0847684329147417
3.123875,-0.0599403337446608
3.124,-2.35919084106919e-13
3.124125,0.0599403337443271
3.12425,0.0847684329147417
3.124375,0.05994033374475
3.1245,3.62114655156384e-13
3.124625,-0.059940333744456
3.12475,-0.0847684329147417
3.124875,-0.0599403337448392
3.125,-1.79924463751644e-13
3.125125,0.0599403337445848
3.12525,0.0847684329147417
3.125375,0.0599403337447104
3.1255,-2.26572765309735e-15
3.125625,-0.0599403337444956
3.12575,-0.0847684329147417
3.125875,-0.0599403337445816
3.126,-1.23929843396368e-13
3.126125,0.0599403337444063
3.12625,0.0847684329147417
3.126375,0.0599403337446708
3.1265,2.50125414445833e-13
3.126625,-0.0599403337445352
3.12675,-0.0847684329147417
3.126875,-0.0599403337447601
3.127,-3.76320985495298e-13
3.127125,0.0599403337444459
3.12725,0.0847684329147417
3.127375,0.0599403337448493
3.1275,1.94130794090557e-13
3.127625,-0.0599403337445748
3.12775,-0.0847684329147417
3.127875,-0.0599403337447205
3.128,-1.19406026858157e-14
3.128125,0.0599403337444855
3.12825,0.0847684329147417
3.128375,0.0599403337445916
3.1285,1.38136173735281e-13
3.128625,-0.0599403337443963
3.12875,-0.0847684329147417
3.128875,-0.0599403337446809
3.129,-2.64331744784746e-13
3.129125,0.0599403337445251
3.12925,0.0847684329147417
3.129375,0.0599403337447701
3.1295,8.21415533800048e-14
3.129625,-0.0599403337444359
3.12975,-0.0847684329147417
3.129875,-0.0599403337446413
3.13,-2.0833712442947e-13
3.130125,0.0599403337445647
3.13025,0.0847684329147417
3.130375,0.0599403337447305
3.1305,2.61469330247289e-14
3.130625,-0.0599403337444755
3.13075,-0.0847684329147417
3.130875,-0.0599403337446017
3.131,-1.52342504074194e-13
3.131125,0.0599403337443862
3.13125,0.0847684329147417
3.131375,0.0599403337446909
3.1315,2.78538075123659e-13
3.131625,-0.0599403337445151
3.13175,-0.0847684329147417
3.131875,-0.0599403337447802
3.132,-9.63478837189179e-14
3.132125,0.0599403337444258
3.13225,0.0847684329147417
3.132375,0.0599403337446513
3.1325,2.22543454768383e-13
3.132625,-0.0599403337445547
3.13275,-0.0847684329147417
3.132875,-0.0599403337447406
3.133,-4.0353263363642e-14
3.133125,0.0599403337444654
3.13325,0.0847684329147417
3.133375,0.0599403337446117
3.1335,1.66548834413107e-13
3.133625,-0.0599403337443762
3.13375,-0.0847684329147417
3.133875,-0.059940333744701
3.134,-2.92744405462572e-13
3.134125,0.059940333744505
3.13425,0.0847684329147417
3.134375,0.0599403337447902
3.1345,1.10554214057831e-13
3.134625,-0.0599403337446339
3.13475,-0.0847684329147417
3.134875,-0.0599403337446614
3.135,-2.36749785107296e-13
3.135125,0.0599403337443266
3.13525,0.0847684329147417
3.135375,0.0599403337447506
3.1355,5.45595937025551e-14
3.135625,-0.0599403337444554
3.13575,-0.0847684329147417
3.135875,-0.0599403337446218
3.136,-1.8075516475202e-13
3.136125,0.0599403337443662
3.13625,0.0847684329147417
3.136375,0.059940333744711
3.1365,3.06950735801485e-13
3.136625,-0.059940333744495
3.13675,-0.0847684329147417
3.136875,-0.0599403337448002
3.137,-1.24760544396744e-13
3.137125,0.0599403337444057
3.13725,0.0847684329147417
3.137375,0.0599403337446714
3.1375,-5.74296470079968e-14
3.137625,-0.0599403337443165
3.13775,-0.0847684329147417
3.137875,-0.0599403337445426
3.138,-3.77151686495674e-13
3.138125,0.0599403337444453
3.13825,0.0847684329147417
3.138375,0.0599403337446318
3.1385,1.94961495090933e-13
3.138625,-0.0599403337445742
3.13875,-0.0847684329147417
3.138875,-0.0599403337447211
3.139,-3.21157066140398e-13
3.139125,0.0599403337444849
3.13925,0.0847684329147417
3.139375,0.0599403337448103
3.1395,1.38966874735657e-13
3.139625,-0.0599403337443957
3.13975,-0.0847684329147417
3.139875,-0.0599403337446815
3.14,4.32233166690837e-14
3.140125,0.0599403337443065
3.14025,0.0847684329147417
3.140375,0.0599403337445526
3.1405,3.91358016834587e-13
3.140625,-0.0599403337444353
3.14075,-0.0847684329147417
3.140875,-0.0599403337446419
3.141,-2.09167825429846e-13
3.141125,0.0599403337445641
3.14125,0.0847684329147417
3.141375,0.0599403337447311
3.1415,2.69776340251053e-14
3.141625,-0.0599403337444749
3.14175,-0.0847684329147417
3.141875,-0.0599403337446023
3.142,-1.5317320507457e-13
3.142125,0.0599403337443857
3.14225,0.0847684329147417
3.142375,0.0599403337446915
3.1425,2.79368776124035e-13
3.142625,-0.0599403337442964
3.14275,-0.0847684329147417
3.142875,-0.0599403337445627
3.143,-4.055643471735e-13
3.143125,0.0599403337444252
3.14325,0.0847684329147417
3.143375,0.05994033374487
3.1435,2.23374155768759e-13
3.143625,-0.0599403337445541
3.14375,-0.0847684329147417
3.143875,-0.0599403337447411
3.144,-4.11839643640184e-14
3.144125,0.0599403337444648
3.14425,0.0847684329147417
3.144375,0.0599403337446123
3.1445,1.67379535413483e-13
3.144625,-0.0599403337443756
3.14475,-0.0847684329147417
3.144875,-0.0599403337447015
3.145,-2.93575106462948e-13
3.145125,0.0599403337445044
3.14525,0.0847684329147417
3.145375,0.0599403337445727
3.1455,1.11384915058207e-13
3.145625,-0.0599403337444152
3.14575,-0.0847684329147417
3.145875,-0.059940333744662
3.146,-2.37580486107672e-13
3.146125,0.059940333744544
3.14625,0.0847684329147417
3.146375,0.0599403337447512
3.1465,5.53902947029315e-14
3.146625,-0.0599403337444548
3.14675,-0.0847684329147417
3.146875,-0.0599403337446224
3.147,-1.81585865752396e-13
3.147125,0.0599403337443656
3.14725,0.0847684329147417
3.147375,0.0599403337447116
3.1475,3.07781436801861e-13
3.147625,-0.0599403337444944
3.14775,-0.0847684329147417
3.147875,-0.0599403337448008
3.148,-1.25591245397121e-13
3.148125,0.0599403337444052
3.14825,0.0847684329147417
3.148375,0.059940333744672
3.1485,2.51786816446586e-13
3.148625,-0.059940333744534
3.14875,-0.0847684329147417
3.148875,-0.0599403337447612
3.149,-6.95966250418446e-14
3.149125,0.0599403337444447
3.14925,0.0847684329147417
3.149375,0.0599403337446324
3.1495,1.9579219609131e-13
3.149625,-0.0599403337443555
3.14975,-0.0847684329147417
3.149875,-0.0599403337447216
3.15,-3.21987767140775e-13
3.150125,0.0599403337444843
3.15025,0.0847684329147417
3.150375,0.0599403337448109
3.1505,1.39797575736034e-13
3.150625,-0.0599403337443951
3.15075,-0.0847684329147417
3.150875,-0.0599403337446821
3.151,-2.65993146785499e-13
3.151125,0.0599403337445239
3.15125,0.0847684329147417
3.151375,0.0599403337447713
3.1515,8.38029553807577e-14
3.151625,-0.0599403337444347
3.15175,-0.0847684329147417
3.151875,-0.0599403337446425
3.152,-2.09998526430223e-13
3.152125,0.0599403337443455
3.15225,0.0847684329147417
3.152375,0.0599403337447317
3.1525,3.36194097479688e-13
3.152625,-0.0599403337444743
3.15275,-0.0847684329147417
3.152875,-0.0599403337448209
3.153,-1.54003906074947e-13
3.153125,0.0599403337446031
3.15325,0.0847684329147417
3.153375,0.0599403337446921
3.1535,-2.81862853297941e-14
3.153625,-0.0599403337445139
3.15375,-0.0847684329147417
3.153875,-0.0599403337445633
3.154,-9.80092857196708e-14
3.154125,0.0599403337444247
3.15425,0.0847684329147417
3.154375,0.0599403337446525
3.1545,2.24204856769136e-13
3.154625,-0.0599403337443354
3.15475,-0.0847684329147417
3.154875,-0.0599403337447417
3.155,-3.50400427818601e-13
3.155125,0.0599403337444643
3.15525,0.0847684329147417
3.155375,0.059940333744831
3.1555,1.6821023641386e-13
3.155625,-0.0599403337445931
3.15575,-0.0847684329147417
3.155875,-0.0599403337447021
3.156,1.3979954990881e-14
3.156125,0.0599403337442858
3.15625,0.0847684329147417
3.156375,0.0599403337445733
3.1565,1.12215616058584e-13
3.156625,-0.0599403337444146
3.15675,-0.0847684329147417
3.156875,-0.0599403337446625
3.157,-2.38411187108049e-13
3.157125,0.0599403337445434
3.15725,0.0847684329147417
3.157375,0.0599403337447518
3.1575,5.6220995703308e-14
3.157625,-0.0599403337444542
3.15775,-0.0847684329147417
3.157875,-0.059940333744623
3.158,-1.82416566752773e-13
3.158125,0.059940333744583
3.15825,0.0847684329147417
3.158375,0.0599403337447122
3.1585,2.26375348032078e-16
3.158625,-0.0599403337442757
3.15875,-0.0847684329147417
3.158875,-0.0599403337445834
3.159,-1.26421946397497e-13
3.159125,0.0599403337444046
3.15925,0.0847684329147417
3.159375,0.0599403337446726
3.1595,2.52617517446962e-13
3.159625,-0.0599403337445334
3.15975,-0.0847684329147417
3.159875,-0.0599403337447618
3.16,-7.04273260422211e-14
3.160125,0.0599403337444442
3.16025,0.0847684329147417
3.160375,0.059940333744633
3.1605,1.96622897091686e-13
3.160625,-0.0599403337443549
3.16075,-0.0847684329147417
3.160875,-0.0599403337447222
3.161,-1.44327056869452e-14
3.161125,0.0599403337444838
3.16125,0.0847684329147417
3.161375,0.0599403337445934
3.1615,1.4062827673641e-13
3.161625,-0.0599403337443945
3.16175,-0.0847684329147417
3.161875,-0.0599403337446826
3.162,-2.66823847785875e-13
3.162125,0.0599403337445233
3.16225,0.0847684329147417
3.162375,0.0599403337447719
3.1625,8.46336563811342e-14
3.162625,-0.0599403337444341
3.16275,-0.0847684329147417
3.162875,-0.059940333744643
3.163,-2.10829227430599e-13
3.163125,0.0599403337443449
3.16325,0.0847684329147417
3.163375,0.0599403337447323
3.1635,3.37024798480064e-13
3.163625,-0.0599403337444737
3.16375,-0.0847684329147417
3.163875,-0.0599403337446034
3.164,-1.54834607075323e-13
3.164125,0.0599403337443845
3.16425,0.0847684329147417
3.164375,0.0599403337446927
3.1645,2.81030178124788e-13
3.164625,-0.0599403337445133
3.16475,-0.0847684329147417
3.164875,-0.0599403337447819
3.165,-9.88399867200473e-14
3.165125,0.0599403337444241
3.16525,0.0847684329147417
3.165375,0.0599403337446531
3.1655,-8.33502046846936e-14
3.165625,-0.0599403337443348
3.16575,-0.0847684329147417
3.165875,-0.0599403337445243
3.166,-3.51231128818977e-13
3.166125,0.0599403337444637
3.16625,0.0847684329147417
3.166375,0.0599403337446135
3.1665,1.69040937414236e-13
3.166625,-0.0599403337443744
3.16675,-0.0847684329147417
3.166875,-0.0599403337447027
3.167,-2.95236508463701e-13
3.167125,0.0599403337445033
3.16725,0.0847684329147417
3.167375,0.059940333744792
3.1675,1.1304631705896e-13
3.167625,-0.059940333744414
3.16775,-0.0847684329147417
3.167875,-0.0599403337446631
3.168,-2.39241888108425e-13
3.168125,0.0599403337443248
3.16825,0.0847684329147417
3.168375,0.0599403337445343
3.1685,3.6543745915789e-13
3.168625,-0.0599403337444536
3.16875,-0.0847684329147417
3.168875,-0.0599403337448416
3.169,-1.83247267753149e-13
3.169125,0.0599403337445824
3.16925,0.0847684329147417
3.169375,0.0599403337447128
3.1695,1.05707634840856e-15
3.169625,-0.0599403337444932
3.16975,-0.0847684329147417
3.169875,-0.0599403337445839
3.17,-1.27252647397874e-13
3.170125,0.059940333744404
3.17025,0.0847684329147417
3.170375,0.0599403337446732
3.1705,2.53448218447339e-13
3.170625,-0.0599403337443147
3.17075,-0.0847684329147417
3.170875,-0.0599403337445444
3.171,-3.79643789496803e-13
3.171125,0.0599403337444436
3.17125,0.0847684329147417
3.171375,0.0599403337448516
3.1715,1.97453598092063e-13
3.171625,-0.0599403337445724
3.17175,-0.0847684329147417
3.171875,-0.0599403337447228
3.172,-1.52634066873217e-14
3.172125,0.0599403337444832
3.17225,0.0847684329147417
3.172375,0.059940333744594
3.1725,1.41458977736787e-13
3.172625,-0.0599403337443939
3.17275,-0.0847684329147417
3.172875,-0.0599403337446832
3.173,-2.67654548786252e-13
3.173125,0.0599403337445228
3.17325,0.0847684329147417
3.173375,0.0599403337447725
3.1735,8.54643573815107e-14
3.173625,-0.0599403337444335
3.17375,-0.0847684329147417
3.173875,-0.0599403337448617
3.174,-2.11659928430976e-13
3.174125,0.0599403337445624
3.17425,0.0847684329147417
3.174375,0.0599403337447329
3.1745,2.94697370262348e-14
3.174625,-0.0599403337444731
3.17475,-0.0847684329147417
3.174875,-0.059940333744604
3.175,-1.556653080757e-13
3.175125,0.0599403337443839
3.17525,0.0847684329147417
3.175375,0.0599403337446933
3.1755,2.81860879125165e-13
3.175625,-0.0599403337445127
3.17575,-0.0847684329147417
3.175875,-0.0599403337447825
3.176,-9.96706877204238e-14
3.176125,0.0599403337444235
3.17625,0.0847684329147417
3.176375,0.0599403337446537
3.1765,2.25866258769889e-13
3.176625,-0.0599403337445523
3.17675,-0.0847684329147417
3.176875,-0.0599403337447429
3.177,-4.36760673651479e-14
3.177125,0.0599403337444631
3.17725,0.0847684329147417
3.177375,0.0599403337446141
3.1775,1.69871638414613e-13
3.177625,-0.0599403337443738
3.17775,-0.0847684329147417
3.177875,-0.0599403337447033
3.178,-2.96067209464078e-13
3.178125,0.0599403337445027
3.17825,0.0847684329147417
3.178375,0.0599403337447925
3.1785,1.13877018059337e-13
3.178625,-0.0599403337444134
3.17875,-0.0847684329147417
3.178875,-0.0599403337446637
3.179,-2.40072589108802e-13
3.179125,0.0599403337445423
3.17925,0.0847684329147417
3.179375,0.059940333744753
3.1795,5.7882397704061e-14
3.179625,-0.059940333744453
3.17975,-0.0847684329147417
3.179875,-0.0599403337446241
3.18,-1.84077968753526e-13
3.180125,0.0599403337443638
3.18025,0.0847684329147417
3.180375,0.0599403337447134
3.1805,3.10273539802991e-13
3.180625,-0.0599403337444926
3.18075,-0.0847684329147417
3.180875,-0.0599403337448026
3.181,-1.2808334839825e-13
3.181125,0.0599403337446214
3.18125,0.0847684329147417
3.181375,0.0599403337446738
3.1815,-5.41068430064909e-14
3.181625,-0.0599403337443142
3.18175,-0.0847684329147417
3.181875,-0.059940333744763
3.182,-7.20887280429741e-14
3.182125,0.059940333744443
3.18225,0.0847684329147417
3.182375,0.0599403337446342
3.1825,1.98284299092439e-13
3.182625,-0.0599403337443538
3.18275,-0.0847684329147417
3.182875,-0.0599403337447234
3.183,-3.24479870141904e-13
3.183125,0.0599403337444826
3.18325,0.0847684329147417
3.183375,0.0599403337448126
3.1835,1.42289678737163e-13
3.183625,-0.0599403337446114
3.18375,-0.0847684329147417
3.183875,-0.0599403337446838
3.184,3.99005126675778e-14
3.184125,0.0599403337443041
3.18425,0.0847684329147417
3.184375,0.059940333744555
3.1845,8.62950583818872e-14
3.184625,-0.0599403337444329
3.18475,-0.0847684329147417
3.184875,-0.0599403337446442
3.185,-2.12490629431352e-13
3.185125,0.0599403337445618
3.18525,0.0847684329147417
3.185375,0.0599403337447335
3.1855,3.03004380266112e-14
3.185625,-0.0599403337444725
3.18575,-0.0847684329147417
3.185875,-0.0599403337448227
3.186,-1.56496009076076e-13
3.186125,0.0599403337443833
3.18625,0.0847684329147417
3.186375,0.0599403337446939
3.1865,-2.56941823286647e-14
3.186625,-0.0599403337442941
3.18675,-0.0847684329147417
3.186875,-0.059940333744565
3.187,-4.08887151175006e-13
3.187125,0.0599403337444229
3.18725,0.0847684329147417
3.187375,0.0599403337446543
3.1875,2.26696959770265e-13
3.187625,-0.0599403337445517
3.18775,-0.0847684329147417
3.187875,-0.0599403337447435
3.188,-4.45067683655243e-14
3.188125,0.0599403337444625
3.18825,0.0847684329147417
3.188375,0.0599403337446147
3.1885,1.70702339414989e-13
3.188625,-0.0599403337443733
3.18875,-0.0847684329147417
3.188875,-0.0599403337447039
3.189,-2.96897910464454e-13
3.189125,0.0599403337445021
3.18925,0.0847684329147417
3.189375,0.0599403337445751
3.1895,4.23093481513919e-13
3.189625,-0.0599403337444128
3.18975,-0.0847684329147417
3.189875,-0.0599403337446643
3.19,-2.40903290109178e-13
3.190125,0.0599403337445417
3.19025,0.0847684329147417
3.190375,0.0599403337447535
3.1905,5.87130987044374e-14
3.190625,-0.0599403337444524
3.19075,-0.0847684329147417
3.190875,-0.0599403337446247
3.191,-1.84908669753902e-13
3.191125,0.0599403337443632
3.19125,0.0847684329147417
3.191375,0.0599403337447139
3.1915,3.11104240803367e-13
3.191625,-0.059940333744492
3.19175,-0.0847684329147417
3.191875,-0.0599403337445851
3.192,-1.28914049398626e-13
3.192125,0.0599403337444028
3.19225,0.0847684329147417
3.192375,0.0599403337446743
3.1925,2.55109620448091e-13
3.192625,-0.0599403337445316
3.19275,-0.0847684329147417
3.192875,-0.0599403337447636
3.193,-7.29194290433505e-14
3.193125,0.0599403337444424
3.19325,0.0847684329147417
3.193375,0.0599403337446348
3.1935,1.99115000092816e-13
3.193625,-0.0599403337443532
3.19375,-0.0847684329147417
3.193875,-0.059940333744724
3.194,-3.2531057114228e-13
3.194125,0.059940333744482
3.19425,0.0847684329147417
3.194375,0.0599403337448132
3.1945,1.4312037973754e-13
3.194625,-0.0599403337443928
3.19475,-0.0847684329147417
3.194875,-0.0599403337446844
3.195,-2.69315950787005e-13
3.195125,0.0599403337445216
3.19525,0.0847684329147417
3.195375,0.0599403337447736
3.1955,8.71257593822636e-14
3.195625,-0.0599403337444323
3.19575,-0.0847684329147417
3.195875,-0.0599403337446448
3.196,-2.13321330431729e-13
3.196125,0.0599403337443431
3.19625,0.0847684329147417
3.196375,0.059940333744516
3.1965,3.39516901481194e-13
3.196625,-0.059940333744472
3.19675,-0.0847684329147417
3.196875,-0.0599403337448233
3.197,-1.57326710076453e-13
3.197125,0.0599403337446008
3.19725,0.0847684329147417
3.197375,0.0599403337446944
3.1975,2.83522281125918e-13
3.197625,-0.0599403337445115
3.19775,-0.0847684329147417
3.197875,-0.0599403337447837
3.198,-1.01332089721177e-13
3.198125,0.0599403337444223
3.19825,0.0847684329147417
3.198375,0.0599403337446549
3.1985,2.27527660770642e-13
3.198625,-0.0599403337443331
3.19875,-0.0847684329147417
3.198875,-0.0599403337447441
3.199,-3.53723231820107e-13
3.199125,0.0599403337444619
3.19925,0.0847684329147417
3.199375,0.0599403337448333
3.1995,1.71533040415366e-13
3.199625,-0.0599403337445907
3.19975,-0.0847684329147417
3.199875,-0.0599403337447045
3.2,1.06571509893751e-14
3.200125,0.0599403337445015
3.20025,0.0847684329147417
3.200375,0.0599403337445757
3.2005,1.1553842006009e-13
3.200625,-0.0599403337444123
3.20075,-0.0847684329147417
3.200875,-0.0599403337446649
3.201,-2.41733991109555e-13
3.201125,0.0599403337445411
3.20125,0.0847684329147417
3.201375,0.0599403337447541
3.2015,3.6792956215902e-13
3.201625,-0.0599403337444519
3.20175,-0.0847684329147417
3.201875,-0.0599403337448434
3.202,-1.85739370754279e-13
3.202125,0.0599403337445807
3.20225,0.0847684329147417
3.202375,0.0599403337447145
3.2025,3.54917934953799e-15
3.202625,-0.0599403337444915
3.20275,-0.0847684329147417
3.202875,-0.0599403337445857
3.203,-1.29744750399003e-13
3.203125,0.0599403337444022
3.20325,0.0847684329147417
3.203375,0.0599403337446749
3.2035,2.55940321448468e-13
3.203625,-0.059940333744531
3.20375,-0.0847684329147417
3.203875,-0.0599403337447642
3.204,-7.3750130043727e-14
3.204125,0.0599403337444418
3.20425,0.0847684329147417
3.204375,0.0599403337446353
3.2045,1.99945701093192e-13
3.204625,-0.0599403337445706
3.20475,-0.0847684329147417
3.204875,-0.0599403337447246
3.205,-1.77555096884511e-14
3.205125,0.0599403337442633
3.20525,0.0847684329147417
3.205375,0.0599403337445957
3.2055,1.43951080737916e-13
3.205625,-0.0599403337443922
3.20575,-0.0847684329147417
3.205875,-0.059940333744685
3.206,-2.70146651787381e-13
3.206125,0.059940333744521
3.20625,0.0847684329147417
3.206375,0.0599403337447742
3.2065,8.79564603826401e-14
3.206625,-0.0599403337444318
3.20675,-0.0847684329147417
3.206875,-0.0599403337446454
3.207,-2.14152031432105e-13
3.207125,0.0599403337443425
3.20725,0.0847684329147417
3.207375,0.0599403337447346
3.2075,3.19618400273642e-14
3.207625,-0.0599403337444714
3.20775,-0.0847684329147417
3.207875,-0.0599403337446058
3.208,-1.58157411076829e-13
3.208125,0.0599403337443821
3.20825,0.0847684329147417
3.208375,0.059940333744695
3.2085,2.84352982126294e-13
3.208625,-0.059940333744511
3.20875,-0.0847684329147417
3.208875,-0.0599403337447843
3.209,-1.02162790721553e-13
3.209125,0.0599403337444217
3.20925,0.0847684329147417
3.209375,0.0599403337446554
3.2095,2.28358361771018e-13
3.209625,-0.0599403337443325
3.20975,-0.0847684329147417
3.209875,-0.0599403337447447
3.21,-4.61681703662773e-14
3.210125,0.0599403337444613
3.21025,0.0847684329147417
3.210375,0.0599403337446158
3.2105,1.72363741415742e-13
3.210625,-0.0599403337443721
3.21075,-0.0847684329147417
3.210875,-0.0599403337447051
3.211,-2.98559312465207e-13
3.211125,0.0599403337445009
3.21125,0.0847684329147417
3.211375,0.0599403337447943
3.2115,1.16369121060466e-13
3.211625,-0.0599403337444117
3.21175,-0.0847684329147417
3.211875,-0.0599403337446655
3.212,6.58210703442746e-14
3.212125,0.0599403337443224
3.21225,0.0847684329147417
3.212375,0.0599403337445367
3.2125,3.68760263159396e-13
3.212625,-0.0599403337444513
3.21275,-0.0847684329147417
3.212875,-0.0599403337446259
3.213,-1.86570071754655e-13
3.213125,0.059940333744362
3.21325,0.0847684329147417
3.213375,0.0599403337447151
3.2135,3.1276564280412e-13
3.213625,-0.0599403337444909
3.21375,-0.0847684329147417
3.213875,-0.0599403337448044
3.214,-1.30575451399379e-13
3.214125,0.0599403337444016
3.21425,0.0847684329147417
3.214375,0.0599403337446755
3.2145,2.56771022448844e-13
3.214625,-0.0599403337443124
3.21475,-0.0847684329147417
3.214875,-0.0599403337445467
3.215,-3.82966593498309e-13
3.215125,0.0599403337444412
3.21525,0.0847684329147417
3.215375,0.0599403337446359
3.2155,2.00776402093568e-13
3.215625,-0.0599403337445701
3.21575,-0.0847684329147417
3.215875,-0.0599403337447252
3.216,-1.85862106888276e-14
3.216125,0.0599403337444808
3.21625,0.0847684329147417
3.216375,0.0599403337445963
3.2165,1.44781781738293e-13
3.216625,-0.0599403337443916
3.21675,-0.0847684329147417
3.216875,-0.0599403337446856
3.217,-2.70977352787758e-13
3.217125,0.0599403337443024
3.21725,0.0847684329147417
3.217375,0.0599403337445567
3.2175,3.97172923837222e-13
3.217625,-0.0599403337444312
3.21775,-0.0847684329147417
3.217875,-0.059940333744864
3.218,-2.14982732432482e-13
3.218125,0.05994033374456
3.21825,0.0847684329147417
3.218375,0.0599403337447352
3.2185,3.27925410277407e-14
3.218625,-0.0599403337444708
3.21875,-0.0847684329147417
3.218875,-0.0599403337446064
3.219,-1.58988112077206e-13
3.219125,0.0599403337443815
3.21925,0.0847684329147417
3.219375,0.0599403337446956
3.2195,2.85183683126671e-13
3.219625,-0.0599403337445104
3.21975,-0.0847684329147417
3.219875,-0.0599403337447848
3.22,-1.0299349172193e-13
3.220125,0.0599403337444211
3.22025,0.0847684329147417
3.220375,0.059940333744656
3.2205,2.29189062771395e-13
3.220625,-0.05994033374455
3.22075,-0.0847684329147417
3.220875,-0.0599403337447453
3.221,-4.69988713666538e-14
3.221125,0.0599403337444607
3.22125,0.0847684329147417
3.221375,0.0599403337446164
3.2215,1.73194442416119e-13
3.221625,-0.0599403337443715
3.22175,-0.0847684329147417
3.221875,-0.0599403337447057
3.222,-2.99390013465584e-13
3.222125,0.0599403337445003
3.22225,0.0847684329147417
3.222375,0.0599403337447949
3.2225,1.17199822060843e-13
3.222625,-0.0599403337444111
3.22275,-0.0847684329147417
3.222875,-0.0599403337446661
3.223,-2.43395393110308e-13
3.223125,0.0599403337445399
3.22325,0.0847684329147417
3.223375,0.0599403337447553
3.2235,6.12052017055669e-14
3.223625,-0.0599403337444507
3.22375,-0.0847684329147417
3.223875,-0.0599403337446265
3.224,-1.87400772755032e-13
3.224125,0.0599403337443614
3.22425,0.0847684329147417
3.224375,0.0599403337447157
3.2245,3.13596343804497e-13
3.224625,-0.0599403337444903
3.22475,-0.0847684329147417
3.224875,-0.0599403337448049
3.225,-1.31406152399756e-13
3.225125,0.059940333744401
3.22525,0.0847684329147417
3.225375,0.0599403337446761
3.2255,2.57601723449221e-13
3.225625,-0.0599403337445299
3.22575,-0.0847684329147417
3.225875,-0.0599403337447653
3.226,-7.541153204448e-14
3.226125,0.0599403337444406
3.22625,0.0847684329147417
3.226375,0.0599403337446365
3.2265,2.01607103093945e-13
3.226625,-0.0599403337443514
3.22675,-0.0847684329147417
3.226875,-0.0599403337447258
3.227,-3.2780267414341e-13
3.227125,0.0599403337444802
3.22725,0.0847684329147417
3.227375,0.059940333744815
3.2275,1.45612482738669e-13
3.227625,-0.0599403337446091
3.22775,-0.0847684329147417
3.227875,-0.0599403337446862
3.228,3.65777086660719e-14
3.228125,0.0599403337445198
3.22825,0.0847684329147417
3.228375,0.0599403337445573
3.2285,8.96178623833931e-14
3.228625,-0.0599403337444306
3.22875,-0.0847684329147417
3.228875,-0.0599403337446466
3.229,-2.15813433432858e-13
3.229125,0.0599403337443414
3.22925,0.0847684329147417
3.229375,0.0599403337447358
3.2295,3.42009004482323e-13
3.229625,-0.0599403337444702
3.22975,-0.0847684329147417
3.229875,-0.059940333744825
3.23,-1.59818813077582e-13
3.230125,0.059940333744599
3.23025,0.0847684329147417
3.230375,0.0599403337446962
3.2305,-2.23713783271588e-14
3.230625,-0.0599403337442917
3.23075,-0.0847684329147417
3.230875,-0.0599403337445674
3.231,-1.03824192722306e-13
3.231125,0.0599403337444206
3.23125,0.0847684329147417
3.231375,0.0599403337446566
3.2315,2.30019763771771e-13
3.231625,-0.0599403337445494
3.23175,-0.0847684329147417
3.231875,-0.0599403337447458
3.232,-4.78295723670303e-14
3.232125,0.0599403337444601
3.23225,0.0847684329147417
3.232375,0.059940333744617
3.2325,1.74025143416495e-13
3.232625,-0.0599403337443709
3.23275,-0.0847684329147417
3.232875,-0.0599403337447062
3.233,8.16504798824569e-15
3.233125,0.0599403337442817
3.23325,0.0847684329147417
3.233375,0.0599403337445774
3.2335,4.26416285515425e-13
3.233625,-0.0599403337444105
3.23375,-0.0847684329147417
3.233875,-0.0599403337446667
3.234,-2.44226094110684e-13
3.234125,0.0599403337445393
3.23425,0.0847684329147417
3.234375,0.0599403337447559
3.2345,6.20359027059434e-14
3.234625,-0.0599403337444501
3.23475,-0.0847684329147417
3.234875,-0.0599403337446271
3.235,-1.88231473755408e-13
3.235125,0.0599403337443609
3.23525,0.0847684329147417
3.235375,0.0599403337447163
3.2355,6.04128235066742e-15
3.235625,-0.0599403337444897
3.23575,-0.0847684329147417
3.235875,-0.0599403337445875
3.236,-1.32236853400132e-13
3.236125,0.0599403337444005
3.23625,0.0847684329147417
3.236375,0.0599403337446767
3.2365,2.58432424449597e-13
3.236625,-0.0599403337445293
3.23675,-0.0847684329147417
3.236875,-0.0599403337447659
3.237,-7.62422330448565e-14
3.237125,0.05994033374444
3.23725,0.0847684329147417
3.237375,0.0599403337446371
3.2375,2.02437804094321e-13
3.237625,-0.0599403337443508
3.23775,-0.0847684329147417
3.237875,-0.0599403337447263
3.238,-3.28633375143786e-13
3.238125,0.0599403337444796
3.23825,0.0847684329147417
3.238375,0.0599403337445975
3.2385,1.46443183739045e-13
3.238625,-0.0599403337443904
3.23875,-0.0847684329147417
3.238875,-0.0599403337446867
3.239,-2.7263875478851e-13
3.239125,0.0599403337445192
3.23925,0.0847684329147417
3.239375,0.059940333744776
3.2395,9.04485633837696e-14
3.239625,-0.05994033374443
3.23975,-0.0847684329147417
3.239875,-0.0599403337446472
3.24,-2.16644134433235e-13
3.240125,0.0599403337443408
3.24025,0.0847684329147417
3.240375,0.0599403337447364
3.2405,3.428397054827e-13
3.240625,-0.0599403337444696
3.24075,-0.0847684329147417
3.240875,-0.0599403337446076
3.241,-1.60649514077959e-13
3.241125,0.0599403337443804
3.24125,0.0847684329147417
3.241375,0.0599403337446968
3.2415,2.86845085127424e-13
3.241625,-0.0599403337445092
3.24175,-0.0847684329147417
3.241875,-0.059940333744786
3.242,-1.04654893722683e-13
3.242125,0.05994033374442
3.24225,0.0847684329147417
3.242375,0.0599403337446572
3.2425,2.30850464772148e-13
3.242625,-0.0599403337443307
3.24275,-0.0847684329147417
3.242875,-0.0599403337445284
3.243,-3.57046035821613e-13
3.243125,0.0599403337444595
3.24325,0.0847684329147417
3.243375,0.0599403337448357
3.2435,1.74855844416872e-13
3.243625,-0.0599403337445884
3.24375,-0.0847684329147417
3.243875,-0.0599403337447068
3.244,7.33434698786921e-15
3.244125,0.0599403337444991
3.24425,0.0847684329147417
3.244375,0.0599403337447961
3.2445,1.18861224061596e-13
3.244625,-0.0599403337444099
3.24475,-0.0847684329147417
3.244875,-0.0599403337446672
3.245,-2.45056795111061e-13
3.245125,0.0599403337443207
3.24525,0.0847684329147417
3.245375,0.0599403337447565
3.2455,3.71252366160526e-13
3.245625,-0.0599403337444495
3.24575,-0.0847684329147417
3.245875,-0.0599403337448457
3.246,-1.89062174755785e-13
3.246125,0.0599403337445783
3.24625,0.0847684329147417
3.246375,0.0599403337447169
3.2465,6.87198335104389e-15
3.246625,-0.0599403337444891
3.24675,-0.0847684329147417
3.246875,-0.0599403337445881
3.247,-1.33067554400509e-13
3.247125,0.0599403337443999
3.24725,0.0847684329147417
3.247375,0.0599403337446773
3.2475,2.59263125449974e-13
3.247625,-0.0599403337445287
3.24775,-0.0847684329147417
3.247875,-0.0599403337447665
3.248,-7.70729340452329e-14
3.248125,0.0599403337444395
3.24825,0.0847684329147417
3.248375,0.0599403337448558
3.2485,2.03268505094698e-13
3.248625,-0.0599403337445683
3.24875,-0.0847684329147417
3.248875,-0.0599403337447269
3.249,-2.1078313689957e-14
3.249125,0.0599403337444791
3.24925,0.0847684329147417
3.249375,0.0599403337445981
3.2495,1.47273884739422e-13
3.249625,-0.0599403337443898
3.24975,-0.0847684329147417
3.249875,-0.0599403337446873
3.25,-2.73469455788887e-13
3.250125,0.0599403337445187
3.25025,0.0847684329147417
3.250375,0.0599403337447766
3.2505,9.1279264384146e-14
3.250625,-0.0599403337444294
3.25075,-0.0847684329147417
3.250875,-0.0599403337446477
3.251,-2.17474835433611e-13
3.251125,0.0599403337445582
3.25125,0.0847684329147417
3.251375,0.059940333744737
3.2515,3.52846440288701e-14
3.251625,-0.059940333744469
3.25175,-0.0847684329147417
3.251875,-0.0599403337446081
3.252,-1.61480215078335e-13
3.252125,0.0599403337443798
3.25225,0.0847684329147417
3.252375,0.0599403337446974
3.2525,2.876757861278e-13
3.252625,-0.0599403337445086
3.25275,-0.0847684329147417
3.252875,-0.0599403337447866
3.253,-1.05485594723059e-13
3.253125,0.0599403337444194
3.25325,0.0847684329147417
3.253375,0.0599403337446578
3.2535,2.31681165772524e-13
3.253625,-0.0599403337445482
3.25375,-0.0847684329147417
3.253875,-0.059940333744747
3.254,-4.94909743677832e-14
3.254125,0.059940333744459
3.25425,0.0847684329147417
3.254375,0.0599403337446182
3.2545,1.75686545417248e-13
3.254625,-0.0599403337443697
3.25475,-0.0847684329147417
3.254875,-0.0599403337447074
3.255,-3.01882116466713e-13
3.255125,0.0599403337444986
3.25525,0.0847684329147417
3.255375,0.0599403337447967
3.2555,1.19691925061972e-13
3.255625,-0.0599403337446274
3.25575,-0.0847684329147417
3.255875,-0.0599403337446678
3.256,-2.45887496111437e-13
3.256125,0.0599403337443201
3.25625,0.0847684329147417
3.256375,0.0599403337447571
3.2565,6.36973047066963e-14
3.256625,-0.0599403337444489
3.25675,-0.0847684329147417
3.256875,-0.0599403337446282
3.257,-1.89892875756161e-13
3.257125,0.0599403337443597
3.25725,0.0847684329147417
3.257375,0.0599403337447175
3.2575,3.16088446805626e-13
3.257625,-0.0599403337444885
3.25775,-0.0847684329147417
3.257875,-0.0599403337448067
3.258,-1.33898255400885e-13
3.258125,0.0599403337443993
3.25825,0.0847684329147417
3.258375,0.0599403337446779
3.2585,-4.82919360038556e-14
3.258625,-0.05994033374431
3.25875,-0.0847684329147417
3.258875,-0.0599403337445491
3.259,-3.86289397499815e-13
3.259125,0.0599403337444389
3.25925,0.0847684329147417
3.259375,0.0599403337446383
3.2595,2.04099206095074e-13
3.259625,-0.0599403337445677
3.25975,-0.0847684329147417
3.259875,-0.0599403337447275
3.26,-3.30294777144539e-13
3.260125,0.0599403337444785
3.26025,0.0847684329147417
3.260375,0.0599403337448167
3.2605,1.48104585739798e-13
3.260625,-0.0599403337443892
3.26075,-0.0847684329147417
3.260875,-0.0599403337446879
3.261,3.40856056649425e-14
3.261125,0.0599403337443
3.26125,0.0847684329147417
3.261375,0.0599403337445591
3.2615,4.00495727838728e-13
3.261625,-0.0599403337444288
3.26175,-0.0847684329147417
3.261875,-0.0599403337446483
3.262,-2.18305536433987e-13
3.262125,0.0599403337445577
3.26225,0.0847684329147417
3.262375,0.0599403337447376
3.2625,3.61153450292466e-14
3.262625,-0.0599403337444684
3.26275,-0.0847684329147417
3.262875,-0.0599403337446087
3.263,-1.62310916078712e-13
3.263125,0.0599403337443792
3.26325,0.0847684329147417
3.263375,0.059940333744698
3.2635,2.88506487128176e-13
3.263625,-0.059940333744508
3.26375,-0.0847684329147417
3.263875,-0.0599403337445691
3.264,-4.14702058177641e-13
3.264125,0.0599403337444188
3.26425,0.0847684329147417
3.264375,0.0599403337448764
3.2645,2.32511866772901e-13
3.264625,-0.0599403337445476
3.26475,-0.0847684329147417
3.264875,-0.0599403337447476
3.265,-5.03216753681597e-14
3.265125,0.0599403337444584
3.26525,0.0847684329147417
3.265375,0.0599403337446188
3.2655,1.76517246417625e-13
3.265625,-0.0599403337443691
3.26575,-0.0847684329147417
3.265875,-0.059940333744708
3.266,-3.0271281746709e-13
3.266125,0.059940333744498
3.26625,0.0847684329147417
3.266375,0.0599403337445792
3.2665,1.20522626062349e-13
3.266625,-0.0599403337444087
3.26675,-0.0847684329147417
3.266875,-0.0599403337446684
3.267,-2.46718197111814e-13
3.267125,0.0599403337445376
3.26725,0.0847684329147417
3.267375,0.0599403337447576
3.2675,6.45280057070728e-14
3.267625,-0.0599403337444483
3.26775,-0.0847684329147417
3.267875,-0.0599403337446288
3.268,-1.90723576756538e-13
3.268125,0.0599403337443591
3.26825,0.0847684329147417
3.268375,0.0599403337447181
3.2685,3.16919147806003e-13
3.268625,-0.0599403337444879
3.26875,-0.0847684329147417
3.268875,-0.0599403337448073
3.269,-1.34728956401262e-13
3.269125,0.0599403337443987
3.26925,0.0847684329147417
3.269375,0.0599403337446785
3.2695,2.60924527450727e-13
3.269625,-0.0599403337445275
3.26975,-0.0847684329147417
3.269875,-0.0599403337447677
3.27,-7.87343360459859e-14
3.270125,0.0599403337444383
3.27025,0.0847684329147417
3.270375,0.0599403337446389
3.2705,2.04929907095451e-13
3.270625,-0.0599403337443491
3.27075,-0.0847684329147417
3.270875,-0.0599403337447281
3.271,-3.31125478144916e-13
3.271125,0.0599403337444779
3.27125,0.0847684329147417
3.271375,0.0599403337448173
3.2715,1.48935286740175e-13
3.271625,-0.0599403337443886
3.27175,-0.0847684329147417
3.271875,-0.0599403337446885
3.272,-2.7513085778964e-13
3.272125,0.0599403337445175
3.27225,0.0847684329147417
3.272375,0.0599403337447777
3.2725,9.2940666384899e-14
3.272625,-0.0599403337444282
3.27275,-0.0847684329147417
3.272875,-0.0599403337446489
3.273,-2.19136237434364e-13
3.273125,0.059940333744339
3.27325,0.0847684329147417
3.273375,0.0599403337447382
3.2735,3.45331808483829e-13
3.273625,-0.0599403337444678
3.27375,-0.0847684329147417
3.273875,-0.0599403337448274
3.274,-1.63141617079088e-13
3.274125,0.0599403337445967
3.27425,0.0847684329147417
3.274375,0.0599403337446986
3.2745,-1.90485743256529e-14
3.274625,-0.0599403337445074
3.27475,-0.0847684329147417
3.274875,-0.0599403337445697
3.275,-1.07146996723812e-13
3.275125,0.0599403337444182
3.27525,0.0847684329147417
3.275375,0.059940333744659
3.2755,2.33342567773277e-13
3.275625,-0.059940333744329
3.27575,-0.0847684329147417
3.275875,-0.0599403337447482
3.276,-3.59538138822742e-13
3.276125,0.0599403337444578
3.27625,0.0847684329147417
3.276375,0.0599403337448374
3.2765,1.77347947418001e-13
3.276625,-0.0599403337445866
3.27675,-0.0847684329147417
3.276875,-0.0599403337447086
3.277,4.84224398673978e-15
3.277125,0.0599403337442793
3.27725,0.0847684329147417
3.277375,0.0599403337445798
3.2775,1.21353327062725e-13
3.277625,-0.0599403337444082
3.27775,-0.0847684329147417
3.277875,-0.059940333744669
3.278,-2.4754889811219e-13
3.278125,0.059940333744537
3.27825,0.0847684329147417
3.278375,0.0599403337447582
3.2785,6.53587067074493e-14
3.278625,-0.0599403337444477
3.27875,-0.0847684329147417
3.278875,-0.0599403337446294
3.279,-1.91554277756914e-13
3.279125,0.0599403337445766
3.27925,0.0847684329147417
3.279375,0.0599403337447186
3.2795,9.36408635217333e-15
3.279625,-0.0599403337442693
3.27975,-0.0847684329147417
3.279875,-0.0599403337445898
3.28,-1.35559657401638e-13
3.280125,0.0599403337443981
3.28025,0.0847684329147417
3.280375,0.059940333744679
3.2805,2.61755228451103e-13
3.280625,-0.0599403337445269
3.28075,-0.0847684329147417
3.280875,-0.0599403337447683
3.281,-7.95650370463624e-14
3.281125,0.0599403337444377
3.28125,0.0847684329147417
3.281375,0.0599403337446395
3.2815,2.05760608095827e-13
3.281625,-0.0599403337443485
3.28175,-0.0847684329147417
3.281875,-0.0599403337447287
3.282,-2.35704166910864e-14
3.282125,0.0599403337444773
3.28225,0.0847684329147417
3.282375,0.0599403337445999
3.2825,1.49765987740551e-13
3.282625,-0.0599403337443881
3.28275,-0.0847684329147417
3.282875,-0.0599403337446891
3.283,-2.75961558790016e-13
3.283125,0.0599403337445169
3.28325,0.0847684329147417
3.283375,0.0599403337447783
3.2835,9.37713673852755e-14
3.283625,-0.0599403337444277
3.28375,-0.0847684329147417
3.283875,-0.0599403337446495
3.284,-2.1996693843474e-13
3.284125,0.0599403337443384
3.28425,0.0847684329147417
3.284375,0.0599403337447387
3.2845,3.46162509484205e-13
3.284625,-0.0599403337444673
3.28475,-0.0847684329147417
3.284875,-0.0599403337446099
3.285,-1.63972318079465e-13
3.285125,0.059940333744378
3.28525,0.0847684329147417
3.285375,0.0599403337446991
3.2855,2.90167889128929e-13
3.285625,-0.0599403337445068
3.28575,-0.0847684329147417
3.285875,-0.0599403337447884
3.286,-1.07977697724189e-13
3.286125,0.0599403337444176
3.28625,0.0847684329147417
3.286375,0.0599403337446595
3.2865,-7.42124936805523e-14
3.286625,-0.0599403337443284
3.28675,-0.0847684329147417
3.286875,-0.0599403337445307
3.287,-3.60368839823118e-13
3.287125,0.0599403337444572
3.28725,0.0847684329147417
3.287375,0.05994033374462
3.2875,1.78178648418378e-13
3.287625,-0.059940333744368
3.28775,-0.0847684329147417
3.287875,-0.0599403337447092
3.288,-3.04374219467843e-13
3.288125,0.0599403337444968
3.28825,0.0847684329147417
3.288375,0.0599403337447984
3.2885,1.22184028063102e-13
3.288625,-0.0599403337444076
3.28875,-0.0847684329147417
3.288875,-0.0599403337446696
3.289,-2.48379599112567e-13
3.289125,0.0599403337443183
3.28925,0.0847684329147417
3.289375,0.0599403337445408
3.2895,3.74575170162032e-13
3.289625,-0.0599403337444472
3.28975,-0.0847684329147417
3.289875,-0.0599403337448481
3.29,-1.92384978757291e-13
3.290125,0.059940333744576
3.29025,0.0847684329147417
3.290375,0.0599403337447192
3.2905,1.01947873525498e-14
3.290625,-0.0599403337444868
3.29075,-0.0847684329147417
3.290875,-0.0599403337445904
3.291,-1.36390358402015e-13
3.291125,0.0599403337443975
3.29125,0.0847684329147417
3.291375,0.0599403337446796
3.2915,2.6258592945148e-13
3.291625,-0.0599403337443083
3.29175,-0.0847684329147417
3.291875,-0.0599403337445508
3.292,-3.88781500500945e-13
3.292125,0.0599403337444371
3.29225,0.0847684329147417
3.292375,0.0599403337448581
3.2925,2.06591309096204e-13
3.292625,-0.0599403337445659
3.29275,-0.0847684329147417
3.292875,-0.0599403337447293
3.293,-2.44011176914629e-14
3.293125,0.0599403337444767
3.29325,0.0847684329147417
3.293375,0.0599403337446005
3.2935,1.50596688740928e-13
3.293625,-0.0599403337443875
3.29375,-0.0847684329147417
3.293875,-0.0599403337446897
3.294,-2.76792259790393e-13
3.294125,0.0599403337445163
3.29425,0.0847684329147417
3.294375,0.0599403337447789
3.2945,9.46020683856519e-14
3.294625,-0.0599403337444271
3.29475,-0.0847684329147417
3.294875,-0.0599403337446501
3.295,-2.20797639435117e-13
3.295125,0.0599403337445559
3.29525,0.0847684329147417
3.295375,0.0599403337447393
3.2955,3.8607448030376e-14
3.295625,-0.0599403337444667
3.29575,-0.0847684329147417
3.295875,-0.0599403337446105
3.296,-1.64803019079841e-13
3.296125,0.0599403337443774
3.29625,0.0847684329147417
3.296375,0.0599403337446997
3.2965,2.90998590129306e-13
3.296625,-0.0599403337445063
3.29675,-0.0847684329147417
3.296875,-0.059940333744789
3.297,-1.08808398724565e-13
3.297125,0.059940333744417
3.29725,0.0847684329147417
3.297375,0.0599403337446601
3.2975,2.3500396977403e-13
3.297625,-0.0599403337445458
3.29775,-0.0847684329147417
3.297875,-0.0599403337447494
3.298,-5.28137783692891e-14
3.298125,0.0599403337444566
3.29825,0.0847684329147417
3.298375,0.0599403337446205
3.2985,1.79009349418754e-13
3.298625,-0.0599403337443674
3.29875,-0.0847684329147417
3.298875,-0.0599403337447098
3.299,-3.05204920468219e-13
3.299125,0.0599403337444962
3.29925,0.0847684329147417
3.299375,0.059940333744799
3.2995,1.23014729063478e-13
3.299625,-0.059940333744407
3.29975,-0.0847684329147417
3.299875,-0.0599403337446702
3.3,-2.49210300112943e-13
3.300125,0.0599403337445358
3.30025,0.0847684329147417
3.300375,0.0599403337447594
3.3005,6.70201087082022e-14
3.300625,-0.0599403337444466
3.30075,-0.0847684329147417
3.300875,-0.0599403337446306
3.301,-1.93215679757667e-13
3.301125,0.0599403337443573
3.30125,0.0847684329147417
3.301375,0.0599403337447198
3.3015,3.19411250807132e-13
3.301625,-0.0599403337444862
3.30175,-0.0847684329147417
3.301875,-0.0599403337448091
3.302,-1.37221059402391e-13
3.302125,0.059940333744615
3.30225,0.0847684329147417
3.302375,0.0599403337446802
3.3025,-4.49691320023497e-14
3.302625,-0.0599403337443077
3.30275,-0.0847684329147417
3.302875,-0.0599403337447695
3.303,-8.12264390471153e-14
3.303125,0.0599403337444365
3.30325,0.0847684329147417
3.303375,0.0599403337446406
3.3035,2.0742201009658e-13
3.303625,-0.0599403337443473
3.30375,-0.0847684329147417
3.303875,-0.0599403337447299
3.304,-3.33617581146045e-13
3.304125,0.0599403337444761
3.30425,0.0847684329147417
3.304375,0.0599403337448191
3.3045,1.51427389741304e-13
3.304625,-0.059940333744605
3.30475,-0.0847684329147417
3.304875,-0.0599403337446903
3.305,3.07628016634366e-14
3.305125,0.0599403337442976
3.30525,0.0847684329147417
3.305375,0.0599403337445614
3.3055,9.54327693860284e-14
3.305625,-0.0599403337444265
3.30575,-0.0847684329147417
3.305875,-0.0599403337446507
3.306,-2.21628340435493e-13
3.306125,0.0599403337445553
3.30625,0.0847684329147417
3.306375,0.0599403337447399
3.3065,3.94381490307525e-14
3.306625,-0.0599403337444661
3.30675,-0.0847684329147417
3.306875,-0.0599403337448291
3.307,-1.65633720080217e-13
3.307125,0.0599403337443768
3.30725,0.0847684329147417
3.307375,0.0599403337447003
3.3075,-1.65564713245235e-14
3.307625,-0.0599403337442876
3.30775,-0.0847684329147417
3.307875,-0.0599403337445715
3.308,-4.18024862179147e-13
3.308125,0.0599403337444164
3.30825,0.0847684329147417
3.308375,0.0599403337446607
3.3085,2.35834670774406e-13
3.308625,-0.0599403337445453
3.30875,-0.0847684329147417
3.308875,-0.0599403337447499
3.309,-5.36444793696656e-14
3.309125,0.059940333744456
3.30925,0.0847684329147417
3.309375,0.0599403337446211
3.3095,1.79840050419131e-13
3.309625,-0.0599403337443668
3.30975,-0.0847684329147417
3.309875,-0.0599403337447104
3.31,-3.06035621468596e-13
3.310125,0.0599403337444956
3.31025,0.0847684329147417
3.310375,0.0599403337445815
3.3105,1.23845430063855e-13
3.310625,-0.0599403337444064
3.31075,-0.0847684329147417
3.310875,-0.0599403337446708
3.311,-2.5004100111332e-13
3.311125,0.0599403337445352
3.31125,0.0847684329147417
3.311375,0.05994033374476
3.3115,6.78508097085787e-14
3.311625,-0.059940333744446
3.31175,-0.0847684329147417
3.311875,-0.0599403337446312
3.312,-1.94046380758044e-13
3.312125,0.0599403337443567
3.31225,0.0847684329147417
3.312375,0.0599403337447204
3.3125,3.20241951807509e-13
3.312625,-0.0599403337444856
3.31275,-0.0847684329147417
3.312875,-0.0599403337445916
3.313,-1.38051760402768e-13
3.313125,0.0599403337443963
3.31325,0.0847684329147417
3.313375,0.0599403337446808
3.3135,2.64247331452233e-13
3.313625,-0.0599403337445252
3.31375,-0.0847684329147417
3.313875,-0.05994033374477
3.314,-8.20571400474918e-14
3.314125,0.0599403337444359
3.31425,0.0847684329147417
3.314375,0.0599403337446412
3.3145,2.08252711096957e-13
3.314625,-0.0599403337443467
3.31475,-0.0847684329147417
3.314875,-0.0599403337447304
3.315,-3.34448282146422e-13
3.315125,0.0599403337444755
3.31525,0.0847684329147417
3.315375,0.0599403337448197
3.3155,1.52258090741681e-13
3.315625,-0.0599403337443863
3.31575,-0.0847684329147417
3.315875,-0.0599403337446909
3.316,-2.78453661791146e-13
3.316125,0.0599403337445151
3.31625,0.0847684329147417
3.316375,0.0599403337447801
3.3165,9.62634703864049e-14
3.316625,-0.0599403337444259
3.31675,-0.0847684329147417
3.316875,-0.0599403337446513
3.317,-2.2245904143587e-13
3.317125,0.0599403337443367
3.31725,0.0847684329147417
3.317375,0.0599403337445224
3.3175,3.48654612485335e-13
3.317625,-0.0599403337444655
3.31775,-0.0847684329147417
3.317875,-0.0599403337448297
3.318,-1.66464421080594e-13
3.318125,0.0599403337445943
3.31825,0.0847684329147417
3.318375,0.0599403337447009
3.3185,2.92659992130059e-13
3.318625,-0.0599403337445051
3.31875,-0.0847684329147417
3.318875,-0.0599403337447901
3.319,-1.10469800725318e-13
3.319125,0.0599403337444158
3.31925,0.0847684329147417
3.319375,0.0599403337446613
3.3195,2.36665371774783e-13
3.319625,-0.0599403337443266
3.31975,-0.0847684329147417
3.319875,-0.0599403337447505
3.32,-3.62860942824248e-13
3.320125,0.0599403337444554
3.32025,0.0847684329147417
3.320375,0.0599403337448398
3.3205,1.80670751419507e-13
3.320625,-0.0599403337445843
3.32075,-0.0847684329147417
3.320875,-0.059940333744711
3.321,1.51943998523387e-15
3.321125,0.059940333744495
3.32125,0.0847684329147417
3.321375,0.0599403337445821
3.3215,1.24676131064231e-13
3.321625,-0.0599403337444058
3.32175,-0.0847684329147417
3.321875,-0.0599403337446714
3.322,-2.50871702113696e-13
3.322125,0.0599403337445346
3.32225,0.0847684329147417
3.322375,0.0599403337447606
3.3225,3.77067273163161e-13
3.322625,-0.0599403337444454
3.32275,-0.0847684329147417
3.322875,-0.0599403337448498
3.323,-1.9487708175842e-13
3.323125,0.0599403337445742
3.32325,0.0847684329147417
3.323375,0.059940333744721
3.3235,1.26868903536792e-14
3.323625,-0.059940333744485
3.32375,-0.0847684329147417
3.323875,-0.0599403337445922
3.324,-1.38882461403144e-13
3.324125,0.0599403337443958
3.32425,0.0847684329147417
3.324375,0.0599403337446814
3.3245,2.65078032452609e-13
3.324625,-0.0599403337445246
3.32475,-0.0847684329147417
3.324875,-0.0599403337447706
3.325,-8.28878410478683e-14
3.325125,0.0599403337444354
3.32525,0.0847684329147417
3.325375,0.0599403337446418
3.3255,2.09083412097333e-13
3.325625,-0.0599403337445642
3.32575,-0.0847684329147417
3.325875,-0.059940333744731
3.326,-2.68932206925923e-14
3.326125,0.0599403337444749
3.32625,0.0847684329147417
3.326375,0.0599403337446022
3.3265,1.53088791742057e-13
3.326625,-0.0599403337443857
3.32675,-0.0847684329147417
3.326875,-0.0599403337446915
3.327,-2.79284362791522e-13
3.327125,0.0599403337445145
3.32725,0.0847684329147417
3.327375,0.0599403337447807
3.3275,9.70941713867814e-14
3.327625,-0.0599403337444253
3.32775,-0.0847684329147417
3.327875,-0.0599403337446518
3.328,-2.23289742436246e-13
3.328125,0.0599403337443361
3.32825,0.0847684329147417
3.328375,0.0599403337447411
3.3285,4.10995510315054e-14
3.328625,-0.0599403337444649
3.32875,-0.0847684329147417
3.328875,-0.0599403337446123
3.329,-1.6729512208097e-13
3.329125,0.0599403337443757
3.32925,0.0847684329147417
3.329375,0.0599403337447015
3.3295,2.93490693130435e-13
3.329625,-0.0599403337445045
3.32975,-0.0847684329147417
3.329875,-0.0599403337447907
3.33,-1.11300501725694e-13
3.330125,0.0599403337444153
3.33025,0.0847684329147417
3.330375,0.0599403337446619
3.3305,2.37496072775159e-13
3.330625,-0.059940333744326
3.33075,-0.0847684329147417
3.330875,-0.0599403337447511
3.331,-5.53058813704185e-14
3.331125,0.0599403337444549
3.33125,0.0847684329147417
3.331375,0.0599403337446223
3.3315,1.81501452419884e-13
3.331625,-0.0599403337443656
3.33175,-0.0847684329147417
3.331875,-0.0599403337447115
3.332,-3.07697023469348e-13
3.332125,0.0599403337444944
3.33225,0.0847684329147417
3.332375,0.0599403337448008
3.3325,1.25506832064608e-13
3.332625,-0.0599403337444052
3.33275,-0.0847684329147417
3.332875,-0.0599403337446719
3.333,5.66833593401333e-14
3.333125,0.059940333744316
3.33325,0.0847684329147417
3.333375,0.0599403337445431
3.3335,3.77897974163538e-13
3.333625,-0.0599403337444448
3.33375,-0.0847684329147417
3.333875,-0.0599403337446323
3.334,-1.95707782758797e-13
3.334125,0.0599403337443556
3.33425,0.0847684329147417
3.334375,0.0599403337447216
3.3345,3.21903353808262e-13
3.334625,-0.0599403337444844
3.33475,-0.0847684329147417
3.334875,-0.0599403337448108
3.335,-1.39713162403521e-13
3.335125,0.0599403337443952
3.33525,0.0847684329147417
3.335375,0.059940333744682
3.3355,2.65908733452986e-13
3.335625,-0.0599403337443059
3.33575,-0.0847684329147417
3.335875,-0.0599403337445532
3.336,-3.92104304502451e-13
3.336125,0.0599403337444348
3.33625,0.0847684329147417
3.336375,0.0599403337446424
3.3365,2.0991411309771e-13
3.336625,-0.0599403337445636
3.33675,-0.0847684329147417
3.336875,-0.0599403337447316
3.337,-2.77239216929688e-14
3.337125,0.0599403337444744
3.33725,0.0847684329147417
3.337375,0.0599403337446028
3.3375,1.53919492742434e-13
3.337625,-0.0599403337443851
3.33775,-0.0847684329147417
3.337875,-0.059940333744692
3.338,-2.80115063791899e-13
3.338125,0.0599403337442959
3.33825,0.0847684329147417
3.338375,0.0599403337445632
3.3385,4.06310634841364e-13
3.338625,-0.0599403337444247
3.33875,-0.0847684329147417
3.338875,-0.0599403337448705
3.339,-2.24120443436623e-13
3.339125,0.0599403337445535
3.33925,0.0847684329147417
3.339375,0.0599403337447417
3.3395,4.19302520318819e-14
3.339625,-0.0599403337444643
3.33975,-0.0847684329147417
3.339875,-0.0599403337446128
3.34,-1.68125823081347e-13
3.340125,0.0599403337443751
3.34025,0.0847684329147417
3.340375,0.0599403337447021
3.3405,2.94321394130812e-13
3.340625,-0.0599403337445039
3.34075,-0.0847684329147417
3.340875,-0.0599403337447913
3.341,-1.12131202726071e-13
3.341125,0.0599403337444147
3.34125,0.0847684329147417
3.341375,0.0599403337446625
3.3415,2.38326773775536e-13
3.341625,-0.0599403337445435
3.34175,-0.0847684329147417
3.341875,-0.0599403337447517
3.342,-5.6136582370795e-14
3.342125,0.0599403337444543
3.34225,0.0847684329147417
3.342375,0.0599403337446229
3.3425,1.8233215342026e-13
3.342625,-0.059940333744365
3.34275,-0.0847684329147417
3.342875,-0.0599403337447121
3.343,-3.08527724469725e-13
3.343125,0.0599403337444939
3.34325,0.0847684329147417
3.343375,0.0599403337448014
3.3435,1.26337533064984e-13
3.343625,-0.0599403337444046
3.34375,-0.0847684329147417
3.343875,-0.0599403337446725
3.344,-2.52533104114449e-13
3.344125,0.0599403337445335
3.34425,0.0847684329147417
3.344375,0.0599403337447618
3.3445,7.03429127097081e-14
3.344625,-0.0599403337444442
3.34475,-0.0847684329147417
3.344875,-0.0599403337446329
3.345,-1.96538483759173e-13
3.345125,0.059940333744355
3.34525,0.0847684329147417
3.345375,0.0599403337447222
3.3455,3.22734054808638e-13
3.345625,-0.0599403337444838
3.34575,-0.0847684329147417
3.345875,-0.0599403337448114
3.346,-1.40543863403897e-13
3.346125,0.0599403337443946
3.34625,0.0847684329147417
3.346375,0.0599403337446826
3.3465,2.66739434453362e-13
3.346625,-0.0599403337445234
3.34675,-0.0847684329147417
3.346875,-0.0599403337447718
3.347,-8.45492430486212e-14
3.347125,0.0599403337444342
3.34725,0.0847684329147417
3.347375,0.059940333744643
3.3475,2.10744814098086e-13
3.347625,-0.0599403337443449
3.34775,-0.0847684329147417
3.347875,-0.0599403337447322
3.348,-3.36940385147551e-13
3.348125,0.0599403337444738
3.34825,0.0847684329147417
3.348375,0.0599403337448214
3.3485,1.5475019374281e-13
3.348625,-0.0599403337446026
3.34875,-0.0847684329147417
3.348875,-0.0599403337446926
3.349,2.74399976619306e-14
3.349125,0.0599403337445134
3.34925,0.0847684329147417
3.349375,0.0599403337445638
3.3495,9.87555733875343e-14
3.349625,-0.0599403337444241
3.34975,-0.0847684329147417
3.349875,-0.059940333744653
3.35,-2.24951144436999e-13
3.350125,0.0599403337443349
3.35025,0.0847684329147417
3.350375,0.0599403337447423
3.3505,3.51146715486464e-13
3.350625,-0.0599403337444637
3.35075,-0.0847684329147417
3.350875,-0.0599403337448315
3.351,-1.68956524081723e-13
3.351125,0.0599403337445925
3.35125,0.0847684329147417
3.351375,0.0599403337447027
3.3515,-1.32336673230175e-14
3.351625,-0.0599403337442853
3.35175,-0.0847684329147417
3.351875,-0.0599403337445738
3.352,-1.12961903726447e-13
3.352125,0.0599403337444141
3.35225,0.0847684329147417
3.352375,0.0599403337446631
3.3525,2.39157474775912e-13
3.352625,-0.0599403337445429
3.35275,-0.0847684329147417
3.352875,-0.0599403337447523
3.353,-5.69672833711715e-14
3.353125,0.0599403337444537
3.35325,0.0847684329147417
3.353375,0.0599403337446235
3.3535,1.83162854420636e-13
3.353625,-0.0599403337443645
3.35375,-0.0847684329147417
3.353875,-0.0599403337447127
3.354,-9.72663015895562e-16
3.354125,0.0599403337442752
3.35425,0.0847684329147417
3.354375,0.0599403337445839
3.3545,1.27168234065361e-13
3.354625,-0.059940333744404
3.35475,-0.0847684329147417
3.354875,-0.0599403337446731
3.355,-2.53363805114825e-13
3.355125,0.0599403337445329
3.35525,0.0847684329147417
3.355375,0.0599403337447624
3.3555,7.11736137100846e-14
3.355625,-0.0599403337444436
3.35575,-0.0847684329147417
3.355875,-0.0599403337446335
3.356,-1.9736918475955e-13
3.356125,0.0599403337443544
3.35625,0.0847684329147417
3.356375,0.0599403337447228
3.3565,1.51789933548087e-14
3.356625,-0.0599403337444832
3.35675,-0.0847684329147417
3.356875,-0.0599403337445939
3.357,-1.41374564404274e-13
3.357125,0.059940333744394
3.35725,0.0847684329147417
3.357375,0.0599403337446832
3.3575,2.67570135453739e-13
3.357625,-0.0599403337445228
3.35775,-0.0847684329147417
3.357875,-0.0599403337447724
3.358,-8.53799440489977e-14
3.358125,0.0599403337444336
3.35825,0.0847684329147417
3.358375,0.0599403337446436
3.3585,2.11575515098463e-13
3.358625,-0.0599403337443444
3.35875,-0.0847684329147417
3.358875,-0.0599403337447328
3.359,-3.37771086147928e-13
3.359125,0.0599403337444732
3.35925,0.0847684329147417
3.359375,0.059940333744604
3.3595,1.55580894743187e-13
3.359625,-0.0599403337443839
3.35975,-0.0847684329147417
3.359875,-0.0599403337446932
3.36,-2.81776465792652e-13
3.360125,0.0599403337445128
3.36025,0.0847684329147417
3.360375,0.0599403337447824
3.3605,9.95862743879108e-14
3.360625,-0.0599403337444235
3.36075,-0.0847684329147417
3.360875,-0.0599403337446536
3.361,8.26039170168301e-14
3.361125,0.0599403337443343
3.36125,0.0847684329147417
3.361375,0.0599403337447428
3.3615,3.51977416486841e-13
3.361625,-0.0599403337444631
3.36175,-0.0847684329147417
3.361875,-0.059940333744614
3.362,-1.697872250821e-13
3.362125,0.0599403337443739
3.36225,0.0847684329147417
3.362375,0.0599403337447032
3.3625,2.95982796131565e-13
3.362625,-0.0599403337445027
3.36275,-0.0847684329147417
3.362875,-0.0599403337447925
3.363,-1.13792604726824e-13
3.363125,0.0599403337444135
3.36325,0.0847684329147417
3.363375,0.0599403337446637
3.3635,2.39988175776289e-13
3.363625,-0.0599403337443243
3.36375,-0.0847684329147417
3.363875,-0.0599403337445348
3.364,-3.66183746825754e-13
3.364125,0.0599403337444531
3.36425,0.0847684329147417
3.364375,0.0599403337448421
3.3645,1.83993555421013e-13
3.364625,-0.0599403337445819
3.36475,-0.0847684329147417
3.364875,-0.0599403337447133
3.365,-1.80336401627204e-15
3.365125,0.0599403337444927
3.36525,0.0847684329147417
3.365375,0.0599403337448025
3.3655,1.27998935065737e-13
3.365625,-0.0599403337444034
3.36575,-0.0847684329147417
3.365875,-0.0599403337446737
3.366,-2.54194506115202e-13
3.366125,0.0599403337443142
3.36625,0.0847684329147417
3.366375,0.0599403337447629
3.3665,3.80390077164667e-13
3.366625,-0.0599403337444431
3.36675,-0.0847684329147417
3.366875,-0.0599403337448522
3.367,-1.98199885759926e-13
3.367125,0.0599403337445719
3.36725,0.0847684329147417
3.367375,0.0599403337447233
3.3675,1.60096943551851e-14
3.367625,-0.0599403337444826
3.36775,-0.0847684329147417
3.367875,-0.0599403337445945
3.368,-1.4220526540465e-13
3.368125,0.0599403337443934
3.36825,0.0847684329147417
3.368375,0.0599403337446838
3.3685,2.68400836454115e-13
3.368625,-0.0599403337445222
3.36875,-0.0847684329147417
3.368875,-0.059940333744773
3.369,-8.62106450493742e-14
3.369125,0.059940333744433
3.36925,0.0847684329147417
3.369375,0.0599403337448622
3.3695,2.12406216098839e-13
3.369625,-0.0599403337445618
3.36975,-0.0847684329147417
3.369875,-0.0599403337447334
3.37,-3.02160246940982e-14
3.370125,0.0599403337444726
3.37025,0.0847684329147417
3.370375,0.0599403337446046
3.3705,1.56411595743563e-13
3.370625,-0.0599403337443834
3.37075,-0.0847684329147417
3.370875,-0.0599403337446938
3.371,-2.82607166793028e-13
3.371125,0.0599403337445122
3.37125,0.0847684329147417
3.371375,0.059940333744783
3.3715,1.00416975388287e-13
3.371625,-0.059940333744423
3.37175,-0.0847684329147417
3.371875,-0.0599403337446542
3.372,-2.26612546437752e-13
3.372125,0.0599403337445518
3.37225,0.0847684329147417
3.372375,0.0599403337447434
3.3725,4.44223550330113e-14
3.372625,-0.0599403337444626
3.37275,-0.0847684329147417
3.372875,-0.0599403337446146
3.373,-1.70617926082476e-13
3.373125,0.0599403337443733
3.37325,0.0847684329147417
3.373375,0.0599403337447038
3.3735,2.96813497131941e-13
3.373625,-0.0599403337445021
3.37375,-0.0847684329147417
3.373875,-0.0599403337447931
3.374,-1.146233057272e-13
3.374125,0.0599403337444129
3.37425,0.0847684329147417
3.374375,0.0599403337446642
3.3745,2.40818876776665e-13
3.374625,-0.0599403337445417
3.37475,-0.0847684329147417
3.374875,-0.0599403337447535
3.375,-5.86286853719245e-14
3.375125,0.0599403337444525
3.37525,0.0847684329147417
3.375375,0.0599403337446247
3.3755,1.84824256421389e-13
3.375625,-0.0599403337443633
3.37575,-0.0847684329147417
3.375875,-0.0599403337447139
3.376,-3.11019827470854e-13
3.376125,0.0599403337444921
3.37625,0.0847684329147417
3.376375,0.0599403337448031
3.3765,1.28829636066113e-13
3.376625,-0.0599403337446209
3.37675,-0.0847684329147417
3.376875,-0.0599403337446743
3.377,-2.55025207115578e-13
3.377125,0.0599403337443136
3.37725,0.0847684329147417
3.377375,0.0599403337447635
3.3775,7.28350157108376e-14
3.377625,-0.0599403337444425
3.37775,-0.0847684329147417
3.377875,-0.0599403337446347
3.378,-1.99030586760303e-13
3.378125,0.0599403337443532
3.37825,0.0847684329147417
3.378375,0.0599403337447239
3.3785,3.25226157809768e-13
3.378625,-0.0599403337444821
3.37875,-0.0847684329147417
3.378875,-0.0599403337448132
3.379,-1.43035966405027e-13
3.379125,0.0599403337443928
3.37925,0.0847684329147417
3.379375,0.0599403337446843
3.3795,-3.91542249997143e-14
3.379625,-0.0599403337443036
3.37975,-0.0847684329147417
3.379875,-0.0599403337445555
3.38,-8.70413460497507e-14
3.380125,0.0599403337444324
3.38025,0.0847684329147417
3.380375,0.0599403337446447
3.3805,2.13236917099216e-13
3.380625,-0.0599403337445612
3.38075,-0.0847684329147417
3.380875,-0.059940333744734
3.381,-3.39432488148681e-13
3.381125,0.059940333744472
3.38125,0.0847684329147417
3.381375,0.0599403337448232
3.3815,1.5724229674394e-13
3.381625,-0.0599403337443828
3.38175,-0.0847684329147417
3.381875,-0.0599403337446944
3.382,2.49478946608012e-14
3.382125,0.0599403337442935
3.38225,0.0847684329147417
3.382375,0.0599403337445656
3.3825,4.0963343884287e-13
3.382625,-0.0599403337444224
3.38275,-0.0847684329147417
3.382875,-0.0599403337446548
3.383,-2.27443247438129e-13
3.383125,0.0599403337445512
3.38325,0.0847684329147417
3.383375,0.059940333744744
3.3835,4.52530560333878e-14
3.383625,-0.059940333744462
3.38375,-0.0847684329147417
3.383875,-0.0599403337446152
3.384,-1.71448627082853e-13
3.384125,0.0599403337443727
3.38425,0.0847684329147417
3.384375,0.0599403337447044
3.3845,2.97644198132318e-13
3.384625,-0.0599403337445016
3.38475,-0.0847684329147417
3.384875,-0.0599403337445756
3.385,-4.23839769181783e-13
3.385125,0.0599403337444123
3.38525,0.0847684329147417
3.385375,0.0599403337448829
3.3855,2.41649577777042e-13
3.385625,-0.0599403337445412
3.38575,-0.0847684329147417
3.385875,-0.0599403337447541
3.386,-5.94593863723009e-14
3.386125,0.0599403337444519
3.38625,0.0847684329147417
3.386375,0.0599403337446252
3.3865,1.85654957421766e-13
3.386625,-0.0599403337443627
3.38675,-0.0847684329147417
3.386875,-0.0599403337447145
3.387,-3.11850528471231e-13
3.387125,0.0599403337444915
3.38725,0.0847684329147417
3.387375,0.0599403337445856
3.3875,1.2966033706649e-13
3.387625,-0.0599403337444023
3.38775,-0.0847684329147417
3.387875,-0.0599403337446749
3.388,-2.55855908115955e-13
3.388125,0.0599403337445311
3.38825,0.0847684329147417
3.388375,0.0599403337447641
3.3885,7.3665716711214e-14
3.388625,-0.0599403337444419
3.38875,-0.0847684329147417
3.388875,-0.0599403337446353
3.389,-1.99861287760679e-13
3.389125,0.0599403337443526
3.38925,0.0847684329147417
3.389375,0.0599403337447245
3.3895,3.26056858810144e-13
3.389625,-0.0599403337444815
3.38975,-0.0847684329147417
3.389875,-0.0599403337448138
3.39,-1.43866667405403e-13
3.390125,0.0599403337443922
3.39025,0.0847684329147417
3.390375,0.0599403337446849
3.3905,2.70062238454868e-13
3.390625,-0.0599403337445211
3.39075,-0.0847684329147417
3.390875,-0.0599403337447742
3.391,-8.78720470501271e-14
3.391125,0.0599403337444318
3.39125,0.0847684329147417
3.391375,0.0599403337446453
3.3915,2.14067618099592e-13
3.391625,-0.0599403337443426
3.39175,-0.0847684329147417
3.391875,-0.0599403337447346
3.392,-3.40263189149057e-13
3.392125,0.0599403337444714
3.39225,0.0847684329147417
3.392375,0.0599403337448238
3.3925,1.58072997744316e-13
3.392625,-0.0599403337443822
3.39275,-0.0847684329147417
3.392875,-0.059940333744695
3.393,-2.84268568793781e-13
3.393125,0.059940333744511
3.39325,0.0847684329147417
3.393375,0.0599403337447842
3.3935,1.0207837738904e-13
3.393625,-0.0599403337444218
3.39375,-0.0847684329147417
3.393875,-0.0599403337446554
3.394,-2.28273948438505e-13
3.394125,0.0599403337443325
3.39425,0.0847684329147417
3.394375,0.0599403337447446
3.3945,3.5446951948797e-13
3.394625,-0.0599403337444614
3.39475,-0.0847684329147417
3.394875,-0.0599403337448338
3.395,-1.72279328083229e-13
3.395125,0.0599403337445902
3.39525,0.0847684329147417
3.395375,0.059940333744705
3.3955,-9.91086332151163e-15
3.395625,-0.059940333744501
3.39575,-0.0847684329147417
3.395875,-0.0599403337445762
3.396,-1.16284707727953e-13
3.396125,0.0599403337444117
3.39625,0.0847684329147417
3.396375,0.0599403337446654
3.3965,2.42480278777418e-13
3.396625,-0.0599403337443225
3.39675,-0.0847684329147417
3.396875,-0.0599403337447547
3.397,-3.68675849826883e-13
3.397125,0.0599403337444513
3.39725,0.0847684329147417
3.397375,0.0599403337448439
3.3975,1.86485658422142e-13
3.397625,-0.0599403337445802
3.39775,-0.0847684329147417
3.397875,-0.0599403337447151
3.398,-4.29546701740147e-15
3.398125,0.0599403337442729
3.39825,0.0847684329147417
3.398375,0.0599403337445862
3.3985,1.30491038066866e-13
3.398625,-0.0599403337444017
3.39875,-0.0847684329147417
3.398875,-0.0599403337446755
3.399,-2.56686609116331e-13
3.399125,0.0599403337445305
3.39925,0.0847684329147417
3.399375,0.0599403337447647
3.3995,7.44964177115905e-14
3.399625,-0.0599403337444413
3.39975,-0.0847684329147417
3.399875,-0.0599403337446359
3.4,-2.00691988761055e-13
3.400125,0.0599403337445701
3.40025,0.0847684329147417
3.400375,0.0599403337447251
3.4005,1.85017973563146e-14
3.400625,-0.0599403337442628
3.40075,-0.0847684329147417
3.400875,-0.0599403337445963
3.401,-1.4469736840578e-13
3.401125,0.0599403337443916
3.40125,0.0847684329147417
3.401375,0.0599403337446855
3.4015,2.70892939455244e-13
3.401625,-0.0599403337445205
3.40175,-0.0847684329147417
3.401875,-0.0599403337447747
3.402,-8.87027480505036e-14
3.402125,0.0599403337444312
3.40225,0.0847684329147417
3.402375,0.0599403337446459
3.4025,2.14898319099969e-13
3.402625,-0.059940333744342
3.40275,-0.0847684329147417
3.402875,-0.0599403337447352
3.403,-3.27081276952277e-14
3.403125,0.0599403337444708
3.40325,0.0847684329147417
3.403375,0.0599403337446063
3.4035,1.58903698744693e-13
3.403625,-0.0599403337443816
3.40375,-0.0847684329147417
3.403875,-0.0599403337446956
3.404,-2.85099269794158e-13
3.404125,0.0599403337445104
3.40425,0.0847684329147417
3.404375,0.0599403337447848
3.4045,1.02909078389417e-13
3.404625,-0.0599403337444212
3.40475,-0.0847684329147417
3.404875,-0.059940333744656
3.405,-2.29104649438882e-13
3.405125,0.059940333744332
3.40525,0.0847684329147417
3.405375,0.0599403337447452
3.4055,4.69144580341408e-14
3.405625,-0.0599403337444608
3.40575,-0.0847684329147417
3.405875,-0.0599403337446164
3.406,-1.73110029083606e-13
3.406125,0.0599403337443716
3.40625,0.0847684329147417
3.406375,0.0599403337447056
3.4065,2.99305600133071e-13
3.406625,-0.0599403337445004
3.40675,-0.0847684329147417
3.406875,-0.0599403337447948
3.407,-1.1711540872833e-13
3.407125,0.0599403337444111
3.40725,0.0847684329147417
3.407375,0.059940333744666
3.4075,-6.50747826764111e-14
3.407625,-0.0599403337443219
3.40775,-0.0847684329147417
3.407875,-0.0599403337445372
3.408,-3.6950655082726e-13
3.408125,0.0599403337444507
3.40825,0.0847684329147417
3.408375,0.0599403337446264
3.4085,1.87316359422519e-13
3.408625,-0.0599403337443615
3.40875,-0.0847684329147417
3.408875,-0.0599403337447156
3.409,-3.13511930471984e-13
3.409125,0.0599403337444903
3.40925,0.0847684329147417
3.409375,0.0599403337448049
3.4095,1.31321739067243e-13
3.409625,-0.0599403337444011
3.40975,-0.0847684329147417
3.409875,-0.0599403337446761
3.41,-2.57517310116708e-13
3.410125,0.0599403337443119
3.41025,0.0847684329147417
3.410375,0.0599403337445472
3.4105,3.83712881166173e-13
3.410625,-0.0599403337444407
3.41075,-0.0847684329147417
3.410875,-0.0599403337448545
3.411,-2.01522689761432e-13
3.411125,0.0599403337445695
3.41125,0.0847684329147417
3.411375,0.0599403337447257
3.4115,1.9332498356691e-14
3.411625,-0.0599403337444803
3.41175,-0.0847684329147417
3.411875,-0.0599403337445969
3.412,-1.45528069406156e-13
3.412125,0.0599403337443911
3.41225,0.0847684329147417
3.412375,0.0599403337446861
3.4125,2.71723640455621e-13
3.412625,-0.0599403337443018
3.41275,-0.0847684329147417
3.412875,-0.0599403337445573
3.413,-3.97919211505086e-13
3.413125,0.0599403337444306
3.41325,0.0847684329147417
3.413375,0.0599403337448646
3.4135,2.15729020100345e-13
3.413625,-0.0599403337445595
3.41375,-0.0847684329147417
3.413875,-0.0599403337447357
3.414,-3.35388286956042e-14
3.414125,0.0599403337444702
3.41425,0.0847684329147417
3.414375,0.0599403337446069
3.4145,1.59734399745069e-13
3.414625,-0.059940333744381
3.41475,-0.0847684329147417
3.414875,-0.0599403337446961
3.415,-2.85929970794534e-13
3.415125,0.0599403337445098
3.41525,0.0847684329147417
3.415375,0.0599403337447854
3.4155,1.03739779389793e-13
3.415625,-0.0599403337444206
3.41575,-0.0847684329147417
3.415875,-0.0599403337446566
3.416,-2.29935350439258e-13
3.416125,0.0599403337445494
3.41625,0.0847684329147417
3.416375,0.0599403337447458
3.4165,4.77451590345173e-14
3.416625,-0.0599403337444602
3.41675,-0.0847684329147417
3.416875,-0.0599403337446169
3.417,-1.73940730083982e-13
3.417125,0.059940333744371
3.41725,0.0847684329147417
3.417375,0.0599403337447062
3.4175,3.00136301133447e-13
3.417625,-0.0599403337444998
3.41775,-0.0847684329147417
3.417875,-0.0599403337447954
3.418,-1.17946109728706e-13
3.418125,0.0599403337444106
3.41825,0.0847684329147417
3.418375,0.0599403337446666
3.4185,2.44141680778171e-13
3.418625,-0.0599403337445394
3.41875,-0.0847684329147417
3.418875,-0.0599403337447558
3.419,-6.19514893734304e-14
3.419125,0.0599403337444502
3.41925,0.0847684329147417
3.419375,0.059940333744627
3.4195,1.88147060422895e-13
3.419625,-0.0599403337443609
3.41975,-0.0847684329147417
3.419875,-0.0599403337447162
3.42,-3.1434263147236e-13
3.420125,0.0599403337444897
3.42025,0.0847684329147417
3.420375,0.0599403337448055
3.4205,1.32152440067619e-13
3.420625,-0.0599403337444005
3.42075,-0.0847684329147417
3.420875,-0.0599403337446766
3.421,-2.58348011117084e-13
3.421125,0.0599403337445293
3.42125,0.0847684329147417
3.421375,0.0599403337447659
3.4215,7.61578197123435e-14
3.421625,-0.0599403337444401
3.42175,-0.0847684329147417
3.421875,-0.059940333744637
3.422,-2.02353390761808e-13
3.422125,0.0599403337443509
3.42225,0.0847684329147417
3.422375,0.0599403337447263
3.4225,3.28548961811273e-13
3.422625,-0.0599403337444797
3.42275,-0.0847684329147417
3.422875,-0.0599403337448155
3.423,-1.46358770406532e-13
3.423125,0.0599403337446085
3.42325,0.0847684329147417
3.423375,0.0599403337446867
3.4235,-3.58314209982084e-14
3.423625,-0.0599403337443012
3.42375,-0.0847684329147417
3.423875,-0.0599403337447759
3.424,-9.03641500512566e-14
3.424125,0.0599403337444301
3.42425,0.0847684329147417
3.424375,0.0599403337446471
3.4245,2.16559721100722e-13
3.424625,-0.0599403337443408
3.42475,-0.0847684329147417
3.424875,-0.0599403337447363
3.425,-3.42755292150187e-13
3.425125,0.0599403337444697
3.42525,0.0847684329147417
3.425375,0.0599403337448256
3.4255,1.60565100745446e-13
3.425625,-0.0599403337445985
3.42575,-0.0847684329147417
3.425875,-0.0599403337446967
3.426,2.16250906592953e-14
3.426125,0.0599403337442912
3.42625,0.0847684329147417
3.426375,0.0599403337445679
3.4265,1.0457048039017e-13
3.426625,-0.05994033374442
3.42675,-0.0847684329147417
3.426875,-0.0599403337446571
3.427,-2.30766051439635e-13
3.427125,0.0599403337445488
3.42725,0.0847684329147417
3.427375,0.0599403337447464
3.4275,4.85758600348937e-14
3.427625,-0.0599403337444596
3.42775,-0.0847684329147417
3.427875,-0.0599403337448356
3.428,-1.74771431084359e-13
3.428125,0.0599403337443704
3.42825,0.0847684329147417
3.428375,0.0599403337447068
3.4285,-7.4187603203822e-15
3.428625,-0.0599403337442811
3.42875,-0.0847684329147417
3.428875,-0.059940333744578
3.429,-4.27162573183289e-13
3.429125,0.05994033374441
3.42925,0.0847684329147417
3.429375,0.0599403337446672
3.4295,2.44972381778548e-13
3.429625,-0.0599403337445388
3.42975,-0.0847684329147417
3.429875,-0.0599403337447564
3.43,-6.27821903738068e-14
3.430125,0.0599403337444496
3.43025,0.0847684329147417
3.430375,0.0599403337446276
3.4305,1.88977761423272e-13
3.430625,-0.0599403337443603
3.43075,-0.0847684329147417
3.430875,-0.0599403337447168
3.431,-6.7875700185309e-15
3.431125,0.0599403337444892
3.43125,0.0847684329147417
3.431375,0.059940333744588
3.4315,1.32983141067996e-13
3.431625,-0.0599403337443999
3.43175,-0.0847684329147417
3.431875,-0.0599403337446772
3.432,-2.59178712117461e-13
3.432125,0.0599403337445288
3.43225,0.0847684329147417
3.432375,0.0599403337447665
3.4325,7.69885207127199e-14
3.432625,-0.0599403337444395
3.43275,-0.0847684329147417
3.432875,-0.0599403337446376
3.433,-2.03184091762185e-13
3.433125,0.0599403337443503
3.43325,0.0847684329147417
3.433375,0.0599403337447269
3.4335,3.2937966281165e-13
3.433625,-0.0599403337444791
3.43375,-0.0847684329147417
3.433875,-0.059940333744598
3.434,-1.47189471406909e-13
3.434125,0.0599403337443899
3.43425,0.0847684329147417
3.434375,0.0599403337446873
3.4345,2.73385042456374e-13
3.434625,-0.0599403337445187
3.43475,-0.0847684329147417
3.434875,-0.0599403337447765
3.435,-9.1194851051633e-14
3.435125,0.0599403337444295
3.43525,0.0847684329147417
3.435375,0.0599403337446477
3.4355,2.17390422101098e-13
3.435625,-0.0599403337443402
3.43575,-0.0847684329147417
3.435875,-0.0599403337447369
3.436,-3.43585993150563e-13
3.436125,0.0599403337444691
3.43625,0.0847684329147417
3.436375,0.0599403337448261
3.4365,1.61395801745822e-13
3.436625,-0.0599403337443798
3.43675,-0.0847684329147417
3.436875,-0.0599403337446973
3.437,-2.87591372795287e-13
3.437125,0.0599403337445087
3.43725,0.0847684329147417
3.437375,0.0599403337447866
3.4375,1.05401181390546e-13
3.437625,-0.0599403337444194
3.43775,-0.0847684329147417
3.437875,-0.0599403337446577
3.438,-2.31596752440011e-13
3.438125,0.0599403337443302
3.43825,0.0847684329147417
3.438375,0.0599403337445289
3.4385,3.57792323489476e-13
3.438625,-0.059940333744459
3.43875,-0.0847684329147417
3.438875,-0.0599403337448362
3.439,-1.75602132084735e-13
3.439125,0.0599403337445879
3.43925,0.0847684329147417
3.439375,0.0599403337447074
3.4395,3.017977031342e-13
3.439625,-0.0599403337444986
3.43975,-0.0847684329147417
3.439875,-0.0599403337447966
3.44,-1.19607511729459e-13
3.440125,0.0599403337444094
3.44025,0.0847684329147417
3.440375,0.0599403337446678
3.4405,2.45803082778924e-13
3.440625,-0.0599403337443202
3.44075,-0.0847684329147417
3.440875,-0.059940333744757
3.441,-3.71998653828389e-13
3.441125,0.059940333744449
3.44125,0.0847684329147417
3.441375,0.0599403337448462
3.4415,1.89808462423648e-13
3.441625,-0.0599403337445778
3.44175,-0.0847684329147417
3.441875,-0.0599403337447174
3.442,-7.61827101890738e-15
3.442125,0.0599403337444886
3.44225,0.0847684329147417
3.442375,0.0599403337445886
3.4425,1.33813842068372e-13
3.442625,-0.0599403337443993
3.44275,-0.0847684329147417
3.442875,-0.0599403337446778
3.443,-2.60009413117837e-13
3.443125,0.0599403337445282
3.44325,0.0847684329147417
3.443375,0.0599403337447671
3.4435,3.86204984167302e-13
3.443625,-0.0599403337444389
3.44375,-0.0847684329147417
3.443875,-0.0599403337448563
3.444,-2.04014792762561e-13
3.444125,0.0599403337445678
3.44425,0.0847684329147417
3.444375,0.0599403337447275
3.4445,2.18246013578205e-14
3.444625,-0.0599403337444785
3.44475,-0.0847684329147417
3.444875,-0.0599403337445986
3.445,-1.48020172407285e-13
3.445125,0.0599403337443893
3.44525,0.0847684329147417
3.445375,0.0599403337446879
3.4455,2.7421574345675e-13
3.445625,-0.0599403337445181
3.44575,-0.0847684329147417
3.445875,-0.0599403337447771
3.446,-9.20255520520095e-14
3.446125,0.0599403337444289
3.44625,0.0847684329147417
3.446375,0.0599403337446483
3.4465,2.18221123101475e-13
3.446625,-0.0599403337445577
3.44675,-0.0847684329147417
3.446875,-0.0599403337447375
3.447,-3.60309316967336e-14
3.447125,0.0599403337444685
3.44725,0.0847684329147417
3.447375,0.0599403337446087
3.4475,1.62226502746199e-13
3.447625,-0.0599403337443793
3.44775,-0.0847684329147417
3.447875,-0.0599403337446979
3.448,-2.88422073795664e-13
3.448125,0.0599403337445081
3.44825,0.0847684329147417
3.448375,0.0599403337447871
3.4485,1.06231882390923e-13
3.448625,-0.0599403337444188
3.44875,-0.0847684329147417
3.448875,-0.0599403337446583
3.449,-2.32427453440388e-13
3.449125,0.0599403337443296
3.44925,0.0847684329147417
3.449375,0.0599403337447475
3.4495,5.02372620356467e-14
3.449625,-0.0599403337444584
3.44975,-0.0847684329147417
3.449875,-0.0599403337446187
3.45,-1.76432833085112e-13
3.450125,0.0599403337443692
3.45025,0.0847684329147417
3.450375,0.059940333744708
3.4505,3.02628404134577e-13
3.450625,-0.059940333744498
3.45075,-0.0847684329147417
3.450875,-0.0599403337447972
3.451,-1.20438212729836e-13
3.451125,0.0599403337446269
3.45125,0.0847684329147417
3.451375,0.0599403337446684
3.4515,2.46633783779301e-13
3.451625,-0.0599403337443196
3.45175,-0.0847684329147417
3.451875,-0.0599403337447576
3.452,-6.44435923745598e-14
3.452125,0.0599403337444484
3.45225,0.0847684329147417
3.452375,0.0599403337446288
3.4525,1.90639163424025e-13
3.452625,-0.0599403337443592
3.45275,-0.0847684329147417
3.452875,-0.059940333744718
3.453,-3.1683473447349e-13
3.453125,0.059940333744488
3.45325,0.0847684329147417
3.453375,0.0599403337448072
3.4535,1.34644543068749e-13
3.453625,-0.0599403337443987
3.45375,-0.0847684329147417
3.453875,-0.0599403337446784
3.454,4.75456483359921e-14
3.454125,0.0599403337443095
3.45425,0.0847684329147417
3.454375,0.0599403337445496
3.4545,3.87035685167679e-13
3.454625,-0.0599403337444383
3.45475,-0.0847684329147417
3.454875,-0.0599403337446388
3.455,-2.04845493762938e-13
3.455125,0.0599403337443491
3.45525,0.0847684329147417
3.455375,0.059940333744728
3.4555,3.31041064812403e-13
3.455625,-0.0599403337444779
3.45575,-0.0847684329147417
3.455875,-0.0599403337448173
3.456,-1.48850873407662e-13
3.456125,0.0599403337443887
3.45625,0.0847684329147417
3.456375,0.0599403337446884
3.4565,-3.3339317997079e-14
3.456625,-0.0599403337442995
3.45675,-0.0847684329147417
3.456875,-0.0599403337445596
3.457,-4.01242015506592e-13
3.457125,0.0599403337444283
3.45725,0.0847684329147417
3.457375,0.0599403337446489
3.4575,2.19051824101851e-13
3.457625,-0.0599403337445571
3.45775,-0.0847684329147417
3.457875,-0.0599403337447381
3.458,-3.68616326971101e-14
3.458125,0.0599403337444679
3.45825,0.0847684329147417
3.458375,0.0599403337446093
3.4585,1.63057203746575e-13
3.458625,-0.0599403337443787
3.45875,-0.0847684329147417
3.458875,-0.0599403337446985
3.459,-2.8925277479604e-13
3.459125,0.0599403337442894
3.45925,0.0847684329147417
3.459375,0.0599403337445697
3.4595,4.15448345845505e-13
3.459625,-0.0599403337444183
3.45975,-0.0847684329147417
3.459875,-0.059940333744877
3.46,-2.33258154440764e-13
3.460125,0.0599403337445471
3.46025,0.0847684329147417
3.460375,0.0599403337447481
3.4605,5.10679630360232e-14
3.460625,-0.0599403337444579
3.46075,-0.0847684329147417
3.460875,-0.0599403337446193
3.461,-1.77263534085488e-13
3.461125,0.0599403337443686
3.46125,0.0847684329147417
3.461375,0.0599403337447085
3.4615,3.03459105134953e-13
3.461625,-0.0599403337444974
3.46175,-0.0847684329147417
3.461875,-0.0599403337447978
3.462,-1.21268913730212e-13
3.462125,0.0599403337444082
3.46225,0.0847684329147417
3.462375,0.0599403337446689
3.4625,2.47464484779677e-13
3.462625,-0.059940333744537
3.46275,-0.0847684329147417
3.462875,-0.0599403337447582
3.463,-6.52742933749363e-14
3.463125,0.0599403337444478
3.46325,0.0847684329147417
3.463375,0.0599403337446294
3.4635,1.91469864424401e-13
3.463625,-0.0599403337443586
3.46375,-0.0847684329147417
3.463875,-0.0599403337447186
3.464,-3.17665435473866e-13
3.464125,0.0599403337444874
3.46425,0.0847684329147417
3.464375,0.0599403337448078
3.4645,1.35475244069125e-13
3.464625,-0.0599403337443982
3.46475,-0.0847684329147417
3.464875,-0.059940333744679
3.465,-2.6167081511859e-13
3.465125,0.059940333744527
3.46525,0.0847684329147417
3.465375,0.0599403337447682
3.4655,7.94806237138494e-14
3.465625,-0.0599403337444378
3.46575,-0.0847684329147417
3.465875,-0.0599403337446394
3.466,-2.05676194763314e-13
3.466125,0.0599403337443485
3.46625,0.0847684329147417
3.466375,0.0599403337447286
3.4665,3.31871765812779e-13
3.466625,-0.0599403337444774
3.46675,-0.0847684329147417
3.466875,-0.0599403337448179
3.467,-1.49681574408038e-13
3.467125,0.0599403337443881
3.46725,0.0847684329147417
3.467375,0.059940333744689
3.4675,2.75877145457503e-13
3.467625,-0.0599403337445169
3.46775,-0.0847684329147417
3.467875,-0.0599403337447783
3.468,-9.36869540527625e-14
3.468125,0.0599403337444277
3.46825,0.0847684329147417
3.468375,0.0599403337446494
3.4685,2.19882525102227e-13
3.468625,-0.0599403337443385
3.46875,-0.0847684329147417
3.468875,-0.0599403337447387
3.469,-3.46078096151692e-13
3.469125,0.0599403337444673
3.46925,0.0847684329147417
3.469375,0.0599403337448279
3.4695,1.63887904746952e-13
3.469625,-0.0599403337445961
3.46975,-0.0847684329147417
3.469875,-0.0599403337446991
3.47,1.83022866577894e-14
3.470125,0.0599403337445069
3.47025,0.0847684329147417
3.470375,0.0599403337445703
3.4705,1.07893284391676e-13
3.470625,-0.0599403337444177
3.47075,-0.0847684329147417
3.470875,-0.0599403337446595
3.471,-2.34088855441141e-13
3.471125,0.0599403337443284
3.47125,0.0847684329147417
3.471375,0.0599403337447487
3.4715,3.60284426490606e-13
3.471625,-0.0599403337444573
3.47175,-0.0847684329147417
3.471875,-0.059940333744838
3.472,-1.78094235085865e-13
3.472125,0.0599403337445861
3.47225,0.0847684329147417
3.472375,0.0599403337447091
3.4725,-4.09595631887629e-15
3.472625,-0.0599403337442788
3.47275,-0.0847684329147417
3.472875,-0.0599403337445803
3.473,-1.22099614730589e-13
3.473125,0.0599403337444076
3.47325,0.0847684329147417
3.473375,0.0599403337446695
3.4735,2.48295185780054e-13
3.473625,-0.0599403337445365
3.47375,-0.0847684329147417
3.473875,-0.0599403337447588
3.474,-6.61049943753127e-14
3.474125,0.0599403337444472
3.47425,0.0847684329147417
3.474375,0.0599403337446299
3.4745,1.92300565424778e-13
3.474625,-0.059940333744358
3.47475,-0.0847684329147417
3.474875,-0.0599403337447192
3.475,-1.01103740200368e-14
3.475125,0.0599403337442687
3.47525,0.0847684329147417
3.475375,0.0599403337445903
3.4755,1.36305945069502e-13
3.475625,-0.0599403337443976
3.47575,-0.0847684329147417
3.475875,-0.0599403337446796
3.476,-2.62501516118967e-13
3.476125,0.0599403337445264
3.47625,0.0847684329147417
3.476375,0.0599403337447688
3.4765,8.03113247142259e-14
3.476625,-0.0599403337444372
3.47675,-0.0847684329147417
3.476875,-0.05994033374464
3.477,-2.06506895763691e-13
3.477125,0.0599403337443479
3.47725,0.0847684329147417
3.477375,0.0599403337447292
3.4775,2.43167043589499e-14
3.477625,-0.0599403337444768
3.47775,-0.0847684329147417
3.477875,-0.0599403337446004
3.478,-1.50512275408415e-13
3.478125,0.0599403337443875
3.47825,0.0847684329147417
3.478375,0.0599403337446896
3.4785,2.7670784645788e-13
3.478625,-0.0599403337445164
3.47875,-0.0847684329147417
3.478875,-0.0599403337447789
3.479,-9.45176550531389e-14
3.479125,0.0599403337444271
3.47925,0.0847684329147417
3.479375,0.05994033374465
3.4795,2.20713226102604e-13
3.479625,-0.0599403337443379
3.47975,-0.0847684329147417
3.479875,-0.0599403337447393
3.48,-3.46908797152069e-13
3.480125,0.0599403337444667
3.48025,0.0847684329147417
3.480375,0.0599403337446104
3.4805,1.64718605747328e-13
3.480625,-0.0599403337443775
3.48075,-0.0847684329147417
3.480875,-0.0599403337446997
3.481,-2.90914176796793e-13
3.481125,0.0599403337445063
3.48125,0.0847684329147417
3.481375,0.0599403337447889
3.4815,1.08723985392052e-13
3.481625,-0.0599403337444171
3.48175,-0.0847684329147417
3.481875,-0.0599403337446601
3.482,7.34662060126888e-14
3.482125,0.0599403337443278
3.48225,0.0847684329147417
3.482375,0.0599403337445312
3.4825,3.61115127490982e-13
3.482625,-0.0599403337444567
3.48275,-0.0847684329147417
3.482875,-0.0599403337446205
3.483,-1.78924936086241e-13
3.483125,0.0599403337443674
3.48325,0.0847684329147417
3.483375,0.0599403337447097
3.4835,3.05120507135706e-13
3.483625,-0.0599403337444963
3.48375,-0.0847684329147417
3.483875,-0.0599403337447989
3.484,-1.22930315730965e-13
3.484125,0.059940333744407
3.48425,0.0847684329147417
3.484375,0.0599403337446701
3.4845,2.4912588678043e-13
3.484625,-0.0599403337443178
3.48475,-0.0847684329147417
3.484875,-0.0599403337445413
3.485,-3.75321457829895e-13
3.485125,0.0599403337444466
3.48525,0.0847684329147417
3.485375,0.0599403337448486
3.4855,1.93131266425154e-13
3.485625,-0.0599403337445755
3.48575,-0.0847684329147417
3.485875,-0.0599403337447198
3.486,-1.09410750204133e-14
3.486125,0.0599403337444862
3.48625,0.0847684329147417
3.486375,0.059940333744809
3.4865,1.37136646069878e-13
3.486625,-0.059940333744397
3.48675,-0.0847684329147417
3.486875,-0.0599403337446802
3.487,-2.63332217119343e-13
3.487125,0.0599403337443078
3.48725,0.0847684329147417
3.487375,0.0599403337447694
3.4875,3.89527788168808e-13
3.487625,-0.0599403337444366
3.48775,-0.0847684329147417
3.487875,-0.0599403337448586
3.488,-2.07337596764067e-13
3.488125,0.0599403337445654
3.48825,0.0847684329147417
3.488375,0.0599403337447298
3.4885,2.51474053593264e-14
3.488625,-0.0599403337444762
3.48875,-0.0847684329147417
3.488875,-0.059940333744601
3.489,-1.51342976408791e-13
3.489125,0.0599403337443869
3.48925,0.0847684329147417
3.489375,0.0599403337446902
3.4895,2.77538547458256e-13
3.489625,-0.0599403337445158
3.48975,-0.0847684329147417
3.489875,-0.0599403337447794
3.49,-9.53483560535154e-14
3.490125,0.0599403337444265
3.49025,0.0847684329147417
3.490375,0.0599403337448687
3.4905,2.2154392710298e-13
3.490625,-0.0599403337445554
3.49075,-0.0847684329147417
3.490875,-0.0599403337447399
3.491,-3.93537356982395e-14
3.491125,0.0599403337444661
3.49125,0.0847684329147417
3.491375,0.059940333744611
3.4915,1.65549306747704e-13
3.491625,-0.0599403337443769
3.49175,-0.0847684329147417
3.491875,-0.0599403337447003
3.492,-2.91744877797169e-13
3.492125,0.0599403337445057
3.49225,0.0847684329147417
3.492375,0.0599403337447895
3.4925,1.09554686392429e-13
3.492625,-0.0599403337444165
3.49275,-0.0847684329147417
3.492875,-0.0599403337446607
3.493,-2.35750257441893e-13
3.493125,0.0599403337445453
3.49325,0.0847684329147417
3.493375,0.0599403337447499
3.4935,5.35600660371526e-14
3.493625,-0.0599403337444561
3.49375,-0.0847684329147417
3.493875,-0.0599403337446211
3.494,-1.79755637086618e-13
3.494125,0.0599403337443669
3.49425,0.0847684329147417
3.494375,0.0599403337447103
3.4945,3.05951208136083e-13
3.494625,-0.0599403337444957
3.49475,-0.0847684329147417
3.494875,-0.0599403337447995
3.495,-1.23761016731342e-13
3.495125,0.0599403337444065
3.49525,0.0847684329147417
3.495375,0.0599403337446707
3.4955,2.49956587780807e-13
3.495625,-0.0599403337445353
3.49575,-0.0847684329147417
3.495875,-0.0599403337447599
3.496,-6.77663963760657e-14
3.496125,0.059940333744446
3.49625,0.0847684329147417
3.496375,0.0599403337446311
3.4965,1.93961967425531e-13
3.496625,-0.0599403337443568
3.49675,-0.0847684329147417
3.496875,-0.0599403337447203
3.497,-3.20157538474996e-13
3.497125,0.0599403337444856
3.49725,0.0847684329147417
3.497375,0.0599403337448096
3.4975,1.37967347070255e-13
3.497625,-0.0599403337446145
3.49775,-0.0847684329147417
3.497875,-0.0599403337446808
3.498,4.42228443344862e-14
3.498125,0.0599403337443072
3.49825,0.0847684329147417
3.498375,0.05994033374477
3.4985,8.19727267149788e-14
3.498625,-0.059940333744436
3.49875,-0.0847684329147417
3.498875,-0.0599403337446412
3.499,-2.08168297764444e-13
3.499125,0.0599403337443468
3.49925,0.0847684329147417
3.499375,0.0599403337447304
3.4995,3.34363868813909e-13
3.499625,-0.0599403337444756
3.49975,-0.0847684329147417
3.499875,-0.0599403337448196
3.5,-1.52173677409168e-13
3.500125,0.0599403337443864
3.50025,0.0847684329147417
3.500375,0.0599403337446908
3.5005,-3.00165139955731e-14
3.500625,-0.0599403337442971
3.50075,-0.0847684329147417
3.500875,-0.059940333744562
3.501,-9.61790570538919e-14
3.501125,0.0599403337444259
3.50125,0.0847684329147417
3.501375,0.0599403337446512
3.5015,2.22374628103357e-13
3.501625,-0.0599403337445548
3.50175,-0.0847684329147417
3.501875,-0.0599403337447404
3.502,-3.48570199152822e-13
3.502125,0.0599403337444655
3.50225,0.0847684329147417
3.502375,0.0599403337448297
3.5025,1.66380007748081e-13
3.502625,-0.0599403337443763
3.50275,-0.0847684329147417
3.502875,-0.0599403337447008
3.503,1.581018365666e-14
3.503125,0.0599403337442871
3.50325,0.0847684329147417
3.503375,0.059940333744572
3.5035,4.18771149847011e-13
3.503625,-0.0599403337444159
3.50375,-0.0847684329147417
3.503875,-0.0599403337446612
3.504,-2.3658095844227e-13
3.504125,0.0599403337445447
3.50425,0.0847684329147417
3.504375,0.0599403337447505
3.5045,5.43907670375291e-14
3.504625,-0.0599403337444555
3.50475,-0.0847684329147417
3.504875,-0.0599403337446217
3.505,-1.80586338086994e-13
3.505125,0.0599403337443663
3.50525,0.0847684329147417
3.505375,0.0599403337447109
3.5055,3.06781909136459e-13
3.505625,-0.0599403337444951
3.50575,-0.0847684329147417
3.505875,-0.0599403337445821
3.506,-4.32977480185924e-13
3.506125,0.0599403337444059
3.50625,0.0847684329147417
3.506375,0.0599403337448894
3.5065,2.50787288781183e-13
3.506625,-0.0599403337445347
3.50675,-0.0847684329147417
3.506875,-0.0599403337447605
3.507,-6.85970973764422e-14
3.507125,0.0599403337444454
3.50725,0.0847684329147417
3.507375,0.0599403337446317
3.5075,1.94792668425907e-13
3.507625,-0.0599403337443562
3.50775,-0.0847684329147417
3.507875,-0.0599403337447209
3.508,-3.20988239475372e-13
3.508125,0.0599403337444851
3.50825,0.0847684329147417
3.508375,0.0599403337445921
3.5085,1.38798048070631e-13
3.508625,-0.0599403337443958
3.50875,-0.0847684329147417
3.508875,-0.0599403337446813
3.509,-2.64993619120096e-13
3.509125,0.0599403337445246
3.50925,0.0847684329147417
3.509375,0.0599403337447706
3.5095,8.28034277153553e-14
3.509625,-0.0599403337444354
3.50975,-0.0847684329147417
3.509875,-0.0599403337446417
3.51,-2.0899899876482e-13
3.510125,0.0599403337443462
3.51025,0.0847684329147417
3.510375,0.059940333744731
3.5105,3.35194569814285e-13
3.510625,-0.059940333744475
3.51075,-0.0847684329147417
3.510875,-0.0599403337448202
3.511,-1.53004378409544e-13
3.511125,0.0599403337443858
3.51125,0.0847684329147417
3.511375,0.0599403337446914
3.5115,2.79199949459009e-13
3.511625,-0.0599403337445146
3.51175,-0.0847684329147417
3.511875,-0.0599403337447806
3.512,-9.70097580542684e-14
3.512125,0.0599403337444254
3.51225,0.0847684329147417
3.512375,0.0599403337446518
3.5125,2.23205329103733e-13
3.512625,-0.0599403337443361
3.51275,-0.0847684329147417
3.512875,-0.059940333744741
3.513,-3.49400900153198e-13
3.513125,0.059940333744465
3.51325,0.0847684329147417
3.513375,0.0599403337448303
3.5135,1.67210708748457e-13
3.513625,-0.0599403337445938
3.51375,-0.0847684329147417
3.513875,-0.0599403337447014
3.514,-2.93406279797922e-13
3.514125,0.0599403337445046
3.51425,0.0847684329147417
3.514375,0.0599403337447907
3.5145,1.11216088393181e-13
3.514625,-0.0599403337444153
3.51475,-0.0847684329147417
3.514875,-0.0599403337446618
3.515,-2.37411659442646e-13
3.515125,0.0599403337443261
3.51525,0.0847684329147417
3.515375,0.0599403337447511
3.5155,3.63607230492111e-13
3.515625,-0.0599403337444549
3.51575,-0.0847684329147417
3.515875,-0.0599403337448403
3.516,-1.81417039087371e-13
3.516125,0.0599403337445837
3.51625,0.0847684329147417
3.516375,0.0599403337447115
3.5165,-7.73152317370384e-16
3.516625,-0.0599403337444945
3.51675,-0.0847684329147417
3.516875,-0.0599403337445826
3.517,-1.25422418732095e-13
3.517125,0.0599403337444053
3.51725,0.0847684329147417
3.517375,0.0599403337446719
3.5175,2.5161798978156e-13
3.517625,-0.059940333744316
3.51775,-0.0847684329147417
3.517875,-0.0599403337447611
3.518,-3.77813560831025e-13
3.518125,0.0599403337444449
3.51825,0.0847684329147417
3.518375,0.0599403337448503
3.5185,1.95623369426284e-13
3.518625,-0.0599403337445737
3.51875,-0.0847684329147417
3.518875,-0.0599403337447215
3.519,-1.34331780215427e-14
3.519125,0.0599403337442664
3.51925,0.0847684329147417
3.519375,0.0599403337445927
3.5195,1.39628749071008e-13
3.519625,-0.0599403337443952
3.51975,-0.0847684329147417
3.519875,-0.0599403337446819
3.52,-2.65824320120473e-13
3.520125,0.0599403337445241
3.52025,0.0847684329147417
3.520375,0.0599403337447712
3.5205,8.36341287157318e-14
3.520625,-0.0599403337444348
3.52075,-0.0847684329147417
3.520875,-0.0599403337446423
3.521,-2.09829699765197e-13
3.521125,0.0599403337445636
3.52125,0.0847684329147417
3.521375,0.0599403337447316
3.5215,2.76395083604558e-14
3.521625,-0.0599403337442563
3.52175,-0.0847684329147417
3.521875,-0.0599403337446027
3.522,-1.53835079409921e-13
3.522125,0.0599403337443852
3.52225,0.0847684329147417
3.522375,0.059940333744692
3.5225,2.80030650459386e-13
3.522625,-0.059940333744514
3.52275,-0.0847684329147417
3.522875,-0.0599403337447812
3.523,-9.78404590546449e-14
3.523125,0.0599403337444248
3.52325,0.0847684329147417
3.523375,0.0599403337446524
3.5235,2.2403603010411e-13
3.523625,-0.0599403337443355
3.52375,-0.0847684329147417
3.523875,-0.0599403337447416
3.524,-4.18458386993689e-14
3.524125,0.0599403337444644
3.52425,0.0847684329147417
3.524375,0.0599403337446128
3.5245,1.68041409748834e-13
3.524625,-0.0599403337443751
3.52475,-0.0847684329147417
3.524875,-0.059940333744702
3.525,-2.94236980798299e-13
3.525125,0.059940333744504
3.52525,0.0847684329147417
3.525375,0.0599403337447913
3.5255,1.12046789393558e-13
3.525625,-0.0599403337444147
3.52575,-0.0847684329147417
3.525875,-0.0599403337446624
3.526,-2.38242360443023e-13
3.526125,0.0599403337443255
3.52625,0.0847684329147417
3.526375,0.0599403337447517
3.5265,5.6052169038282e-14
3.526625,-0.0599403337444543
3.52675,-0.0847684329147417
3.526875,-0.0599403337446228
3.527,-1.82247740087747e-13
3.527125,0.0599403337443651
3.52725,0.0847684329147417
3.527375,0.0599403337447121
3.5275,3.08443311137212e-13
3.527625,-0.0599403337444939
3.52775,-0.0847684329147417
3.527875,-0.0599403337448013
3.528,-1.26253119732471e-13
3.528125,0.0599403337444047
3.52825,0.0847684329147417
3.528375,0.0599403337446725
3.5285,-5.59370716722698e-14
3.528625,-0.0599403337443155
3.52875,-0.0847684329147417
3.528875,-0.0599403337445436
3.529,-3.78644261831401e-13
3.529125,0.0599403337444443
3.52925,0.0847684329147417
3.529375,0.0599403337446329
3.5295,1.9645407042666e-13
3.529625,-0.059940333744355
3.52975,-0.0847684329147417
3.529875,-0.0599403337447221
3.53,-3.22649641476125e-13
3.530125,0.0599403337444839
3.53025,0.0847684329147417
3.530375,0.0599403337448113
3.5305,1.40459450071384e-13
3.530625,-0.0599403337443946
3.53075,-0.0847684329147417
3.530875,-0.0599403337446825
3.531,-2.66655021120849e-13
3.531125,0.0599403337443054
3.53125,0.0847684329147417
3.531375,0.0599403337445537
3.5315,3.92850592170314e-13
3.531625,-0.0599403337444342
3.53175,-0.0847684329147417
3.531875,-0.059940333744861
3.532,-2.10660400765573e-13
3.532125,0.0599403337445631
3.53225,0.0847684329147417
3.532375,0.0599403337447322
3.5325,2.84702093608323e-14
3.532625,-0.0599403337444738
3.53275,-0.0847684329147417
3.532875,-0.0599403337446033
3.533,-1.54665780410297e-13
3.533125,0.0599403337443846
3.53325,0.0847684329147417
3.533375,0.0599403337446926
3.5335,2.80861351459762e-13
3.533625,-0.0599403337442954
3.53375,-0.0847684329147417
3.533875,-0.0599403337445637
3.534,-4.07056922509227e-13
3.534125,0.0599403337444242
3.53425,0.0847684329147417
3.534375,0.059940333744871
3.5345,2.24866731104486e-13
3.534625,-0.059940333744553
3.53475,-0.0847684329147417
3.534875,-0.0599403337447422
3.535,-4.26765396997454e-14
3.535125,0.0599403337444638
3.53525,0.0847684329147417
3.535375,0.0599403337446134
3.5355,1.6887211074921e-13
3.535625,-0.0599403337443746
3.53575,-0.0847684329147417
3.535875,-0.0599403337447026
3.536,-2.95067681798675e-13
3.536125,0.0599403337445034
3.53625,0.0847684329147417
3.536375,0.0599403337447918
3.5365,1.12877490393934e-13
3.536625,-0.0599403337444141
3.53675,-0.0847684329147417
3.536875,-0.059940333744663
3.537,-2.39073061443399e-13
3.537125,0.059940333744543
3.53725,0.0847684329147417
3.537375,0.0599403337447522
3.5375,5.68828700386585e-14
3.537625,-0.0599403337444537
3.53775,-0.0847684329147417
3.537875,-0.0599403337446234
3.538,-1.83078441088123e-13
3.538125,0.0599403337443645
3.53825,0.0847684329147417
3.538375,0.0599403337447127
3.5385,3.09274012137588e-13
3.538625,-0.0599403337444933
3.53875,-0.0847684329147417
3.538875,-0.0599403337448019
3.539,-1.27083820732848e-13
3.539125,0.0599403337444041
3.53925,0.0847684329147417
3.539375,0.0599403337446731
3.5395,2.53279391782313e-13
3.539625,-0.0599403337445329
3.53975,-0.0847684329147417
3.539875,-0.0599403337447623
3.54,-7.10892003775716e-14
3.540125,0.0599403337444437
3.54025,0.0847684329147417
3.540375,0.0599403337446335
3.5405,1.97284771427037e-13
3.540625,-0.0599403337443545
3.54075,-0.0847684329147417
3.540875,-0.0599403337447227
3.541,-3.23480342476502e-13
3.541125,0.0599403337444833
3.54125,0.0847684329147417
3.541375,0.0599403337448119
3.5415,1.41290151071761e-13
3.541625,-0.0599403337443941
3.54175,-0.0847684329147417
3.541875,-0.0599403337446831
3.542,-2.67485722121226e-13
3.542125,0.0599403337445229
3.54225,0.0847684329147417
3.542375,0.0599403337447723
3.5425,8.52955307164847e-14
3.542625,-0.0599403337444337
3.54275,-0.0847684329147417
3.542875,-0.0599403337446435
3.543,-2.1149110176595e-13
3.543125,0.0599403337443444
3.54325,0.0847684329147417
3.543375,0.0599403337447327
3.5435,3.37686672815415e-13
3.543625,-0.0599403337444732
3.54375,-0.0847684329147417
3.543875,-0.059940333744822
3.544,-1.55496481410674e-13
3.544125,0.0599403337446021
3.54425,0.0847684329147417
3.544375,0.0599403337446931
3.5445,-2.66937099940672e-14
3.544625,-0.0599403337442948
3.54475,-0.0847684329147417
3.544875,-0.0599403337445643
3.545,-9.95018610553978e-14
3.545125,0.0599403337444236
3.54525,0.0847684329147417
3.545375,0.0599403337446536
3.5455,2.25697432104863e-13
3.545625,-0.0599403337443344
3.54575,-0.0847684329147417
3.545875,-0.0599403337447428
3.546,-3.51893003154328e-13
3.546125,0.0599403337444632
3.54625,0.0847684329147417
3.546375,0.059940333744832
3.5465,1.69702811749587e-13
3.546625,-0.059940333744592
3.54675,-0.0847684329147417
3.546875,-0.0599403337447032
3.547,1.24873796551541e-14
3.547125,0.0599403337442847
3.54725,0.0847684329147417
3.547375,0.0599403337445744
3.5475,1.13708191394311e-13
3.547625,-0.0599403337444136
3.54775,-0.0847684329147417
3.547875,-0.0599403337446636
3.548,-2.39903762443776e-13
3.548125,0.0599403337445424
3.54825,0.0847684329147417
3.548375,0.0599403337447528
3.5485,5.7713571039035e-14
3.548625,-0.0599403337444532
3.54875,-0.0847684329147417
3.548875,-0.0599403337448421
3.549,-1.839091420885e-13
3.549125,0.0599403337443639
3.54925,0.0847684329147417
3.549375,0.0599403337447132
3.5495,1.71895068375905e-15
3.549625,-0.0599403337442747
3.54975,-0.0847684329147417
3.549875,-0.0599403337445844
3.55,-4.3630028418743e-13
3.550125,0.0599403337444035
3.55025,0.0847684329147417
3.550375,0.0599403337446736
3.5505,2.54110092782689e-13
3.550625,-0.0599403337445323
3.55075,-0.0847684329147417
3.550875,-0.0599403337447629
3.551,-7.19199013779481e-14
3.551125,0.0599403337444431
3.55125,0.0847684329147417
3.551375,0.0599403337446341
3.5515,1.98115472427413e-13
3.551625,-0.0599403337443539
3.55175,-0.0847684329147417
3.551875,-0.0599403337447233
3.552,-1.59252810226721e-14
3.552125,0.0599403337444827
3.55225,0.0847684329147417
3.552375,0.0599403337445945
3.5525,1.42120852072137e-13
3.552625,-0.0599403337443935
3.55275,-0.0847684329147417
3.552875,-0.0599403337446837
3.553,-2.68316423121602e-13
3.553125,0.0599403337445223
3.55325,0.0847684329147417
3.553375,0.0599403337447729
3.5535,8.61262317168612e-14
3.553625,-0.0599403337444331
3.55375,-0.0847684329147417
3.553875,-0.0599403337446441
3.554,-2.12321802766326e-13
3.554125,0.0599403337443438
3.55425,0.0847684329147417
3.554375,0.0599403337447333
3.5545,3.38517373815791e-13
3.554625,-0.0599403337444727
3.55475,-0.0847684329147417
3.554875,-0.0599403337446045
3.555,-1.5632718241105e-13
3.555125,0.0599403337443834
3.55525,0.0847684329147417
3.555375,0.0599403337446937
3.5555,2.82522753460515e-13
3.555625,-0.0599403337445122
3.55575,-0.0847684329147417
3.555875,-0.059940333744783
3.556,-1.00332562055774e-13
3.556125,0.059940333744423
3.55625,0.0847684329147417
3.556375,0.0599403337446541
3.5565,2.26528133105239e-13
3.556625,-0.0599403337443338
3.55675,-0.0847684329147417
3.556875,-0.0599403337447434
3.557,-3.52723704154704e-13
3.557125,0.0599403337444626
3.55725,0.0847684329147417
3.557375,0.0599403337448326
3.5575,1.70533512749963e-13
3.557625,-0.0599403337443734
3.55775,-0.0847684329147417
3.557875,-0.0599403337447038
3.558,-2.96729083799428e-13
3.558125,0.0599403337445022
3.55825,0.0847684329147417
3.558375,0.059940333744793
3.5585,1.14538892394687e-13
3.558625,-0.059940333744413
3.55875,-0.0847684329147417
3.558875,-0.0599403337446642
3.559,-2.40734463444152e-13
3.559125,0.0599403337443237
3.55925,0.0847684329147417
3.559375,0.0599403337445354
3.5595,3.66930034493617e-13
3.559625,-0.0599403337444526
3.55975,-0.0847684329147417
3.559875,-0.0599403337448427
3.56,-1.84739843088876e-13
3.560125,0.0599403337445814
3.56025,0.0847684329147417
3.560375,0.0599403337447138
3.5605,2.54965168413552e-15
3.560625,-0.0599403337444922
3.56075,-0.0847684329147417
3.560875,-0.0599403337448031
3.561,-1.28745222733601e-13
3.561125,0.0599403337444029
3.56125,0.0847684329147417
3.561375,0.0599403337446742
3.5615,2.54940793783065e-13
3.561625,-0.0599403337443137
3.56175,-0.0847684329147417
3.561875,-0.0599403337447635
3.562,-3.8113636483253e-13
3.562125,0.0599403337444425
3.56225,0.0847684329147417
3.562375,0.0599403337448527
3.5625,1.9894617342779e-13
3.562625,-0.0599403337445713
3.56275,-0.0847684329147417
3.562875,-0.0599403337447239
3.563,-1.67559820230486e-14
3.563125,0.0599403337444821
3.56325,0.0847684329147417
3.563375,0.059940333744595
3.5635,1.42951553072514e-13
3.563625,-0.0599403337443929
3.56375,-0.0847684329147417
3.563875,-0.0599403337446843
3.564,-2.69147124121979e-13
3.564125,0.0599403337445217
3.56425,0.0847684329147417
3.564375,0.0599403337447735
3.5645,3.95342695171443e-13
3.564625,-0.0599403337444325
3.56475,-0.0847684329147417
3.564875,-0.0599403337448627
3.565,-2.13152503766703e-13
3.565125,0.0599403337445613
3.56525,0.0847684329147417
3.565375,0.0599403337447339
3.5655,3.09623123619617e-14
3.565625,-0.0599403337444721
3.56575,-0.0847684329147417
3.565875,-0.0599403337446051
3.566,-1.57157883411427e-13
3.566125,0.0599403337443828
3.56625,0.0847684329147417
3.566375,0.0599403337446943
3.5665,2.83353454460892e-13
3.566625,-0.0599403337445117
3.56675,-0.0847684329147417
3.566875,-0.0599403337447836
3.567,-1.01163263056151e-13
3.567125,0.0599403337444224
3.56725,0.0847684329147417
3.567375,0.0599403337446547
3.5675,2.27358834105616e-13
3.567625,-0.0599403337445513
3.56775,-0.0847684329147417
3.567875,-0.059940333744744
3.568,-4.51686427008748e-14
3.568125,0.059940333744462
3.56825,0.0847684329147417
3.568375,0.0599403337446151
3.5685,1.7136421375034e-13
3.568625,-0.0599403337443728
3.56875,-0.0847684329147417
3.568875,-0.0599403337447044
3.569,-2.97559784799805e-13
3.569125,0.0599403337445016
3.56925,0.0847684329147417
3.569375,0.0599403337447936
3.5695,1.15369593395064e-13
3.569625,-0.0599403337444124
3.56975,-0.0847684329147417
3.569875,-0.0599403337446648
3.57,-2.41565164444529e-13
3.570125,0.0599403337443232
3.57025,0.0847684329147417
3.570375,0.059940333744754
3.5705,5.93749730397879e-14
3.570625,-0.059940333744452
3.57075,-0.0847684329147417
3.570875,-0.0599403337446252
3.571,-1.85570544089253e-13
3.571125,0.0599403337443627
3.57125,0.0847684329147417
3.571375,0.0599403337447144
3.5715,3.11766115138718e-13
3.571625,-0.0599403337444916
3.57175,-0.0847684329147417
3.571875,-0.0599403337448036
3.572,-1.29575923733977e-13
3.572125,0.0599403337446204
3.57225,0.0847684329147417
3.572375,0.0599403337446748
3.5725,2.55771494783442e-13
3.572625,-0.0599403337443131
3.57275,-0.0847684329147417
3.572875,-0.059940333744764
3.573,-7.3581303378701e-14
3.573125,0.0599403337444419
3.57325,0.0847684329147417
3.573375,0.0599403337446352
3.5735,1.99776874428166e-13
3.573625,-0.0599403337443527
3.57375,-0.0847684329147417
3.573875,-0.0599403337447245
3.574,-3.25972445477631e-13
3.574125,0.0599403337444815
3.57425,0.0847684329147417
3.574375,0.0599403337448137
3.5745,1.4378225407289e-13
3.574625,-0.0599403337443923
3.57475,-0.0847684329147417
3.574875,-0.0599403337446849
3.575,3.84079373318508e-14
3.575125,0.0599403337443031
3.57525,0.0847684329147417
3.575375,0.059940333744556
3.5755,3.9617339617182e-13
3.575625,-0.0599403337444319
3.57575,-0.0847684329147417
3.575875,-0.0599403337446453
3.576,-2.13983204767079e-13
3.576125,0.0599403337445607
3.57625,0.0847684329147417
3.576375,0.0599403337447345
3.5765,3.40178775816544e-13
3.576625,-0.0599403337444715
3.57675,-0.0847684329147417
3.576875,-0.0599403337448237
3.577,-1.57988584411803e-13
3.577125,0.0599403337443822
3.57725,0.0847684329147417
3.577375,0.0599403337446949
3.5775,-2.42016069929377e-14
3.577625,-0.059940333744293
3.57775,-0.0847684329147417
3.577875,-0.0599403337445661
3.578,-4.10379726510733e-13
3.578125,0.0599403337444218
3.57825,0.0847684329147417
3.578375,0.0599403337446553
3.5785,2.28189535105992e-13
3.578625,-0.0599403337445507
3.57875,-0.0847684329147417
3.578875,-0.0599403337447445
3.579,-4.59993437012513e-14
3.579125,0.0599403337444614
3.57925,0.0847684329147417
3.579375,0.0599403337446157
3.5795,1.72194914750716e-13
3.579625,-0.0599403337443722
3.57975,-0.0847684329147417
3.579875,-0.059940333744705
3.58,-2.98390485800181e-13
3.580125,0.059940333744283
3.58025,0.0847684329147417
3.580375,0.0599403337445761
3.5805,4.24586056849646e-13
3.580625,-0.0599403337444118
3.58075,-0.0847684329147417
3.580875,-0.0599403337448834
3.581,-2.42395865444905e-13
3.581125,0.0599403337445406
3.58125,0.0847684329147417
3.581375,0.0599403337447546
3.5815,6.02056740401644e-14
3.581625,-0.0599403337444514
3.58175,-0.0847684329147417
3.581875,-0.0599403337446258
3.582,-1.86401245089629e-13
3.582125,0.0599403337443622
3.58225,0.0847684329147417
3.582375,0.059940333744715
3.5825,3.12596816139094e-13
3.582625,-0.059940333744491
3.58275,-0.0847684329147417
3.582875,-0.0599403337448042
3.583,-1.30406624734353e-13
3.583125,0.0599403337444017
3.58325,0.0847684329147417
3.583375,0.0599403337446754
3.5835,2.56602195783818e-13
3.583625,-0.0599403337445306
3.58375,-0.0847684329147417
3.583875,-0.0599403337447646
3.584,-7.44120043790775e-14
3.584125,0.0599403337444413
3.58425,0.0847684329147417
3.584375,0.0599403337446358
3.5845,2.00607575428542e-13
3.584625,-0.0599403337443521
3.58475,-0.0847684329147417
3.584875,-0.0599403337447251
3.585,-3.26803146478007e-13
3.585125,0.0599403337444809
3.58525,0.0847684329147417
3.585375,0.0599403337448143
3.5855,1.44612955073267e-13
3.585625,-0.0599403337443917
3.58575,-0.0847684329147417
3.585875,-0.0599403337446855
3.586,-2.70808526122732e-13
3.586125,0.0599403337445205
3.58625,0.0847684329147417
3.586375,0.0599403337447747
3.5865,8.86183347179906e-14
3.586625,-0.0599403337444313
3.58675,-0.0847684329147417
3.586875,-0.0599403337446459
3.587,-2.14813905767456e-13
3.587125,0.0599403337443421
3.58725,0.0847684329147417
3.587375,0.0599403337447351
3.5875,3.41009476816921e-13
3.587625,-0.0599403337444709
3.58775,-0.0847684329147417
3.587875,-0.0599403337448243
3.588,-1.5881928541218e-13
3.588125,0.0599403337443817
3.58825,0.0847684329147417
3.588375,0.0599403337446955
3.5885,2.85014856461645e-13
3.588625,-0.0599403337445105
3.58875,-0.0847684329147417
3.588875,-0.0599403337447847
3.589,-1.02824665056904e-13
3.589125,0.0599403337444213
3.58925,0.0847684329147417
3.589375,0.0599403337446559
3.5895,2.29020236106369e-13
3.589625,-0.059940333744332
3.58975,-0.0847684329147417
3.589875,-0.0599403337447451
3.59,-3.55215807155834e-13
3.590125,0.0599403337444608
3.59025,0.0847684329147417
3.590375,0.0599403337448344
3.5905,1.73025615751093e-13
3.590625,-0.0599403337445897
3.59075,-0.0847684329147417
3.590875,-0.0599403337447055
3.591,9.16457565364815e-15
3.591125,0.0599403337445004
3.59125,0.0847684329147417
3.591375,0.0599403337445767
3.5915,1.17030995395817e-13
3.591625,-0.0599403337444112
3.59175,-0.0847684329147417
3.591875,-0.0599403337446659
3.592,-2.43226566445282e-13
3.592125,0.059940333744322
3.59225,0.0847684329147417
3.592375,0.0599403337447552
3.5925,3.69422137494747e-13
3.592625,-0.0599403337444508
3.59275,-0.0847684329147417
3.592875,-0.0599403337448444
3.593,-1.87231946090006e-13
3.593125,0.0599403337445796
3.59325,0.0847684329147417
3.593375,0.0599403337447156
3.5935,5.04175468526495e-15
3.593625,-0.0599403337442723
3.59375,-0.0847684329147417
3.593875,-0.0599403337445868
3.594,-1.3123732573473e-13
3.594125,0.0599403337444012
3.59425,0.0847684329147417
3.594375,0.059940333744676
3.5945,2.57432896784195e-13
3.594625,-0.05994033374453
3.59475,-0.0847684329147417
3.594875,-0.0599403337447652
3.595,-7.5242705379454e-14
3.595125,0.0599403337444408
3.59525,0.0847684329147417
3.595375,0.0599403337446364
3.5955,2.01438276428919e-13
3.595625,-0.0599403337443515
3.59575,-0.0847684329147417
3.595875,-0.0599403337447256
3.596,-1.92480850241781e-14
3.596125,0.0599403337442623
3.59625,0.0847684329147417
3.596375,0.0599403337445968
3.5965,1.45443656073643e-13
3.596625,-0.0599403337443911
3.59675,-0.0847684329147417
3.596875,-0.059940333744686
3.597,-2.71639227123108e-13
3.597125,0.0599403337445199
3.59725,0.0847684329147417
3.597375,0.0599403337447753
3.5975,8.94490357183671e-14
3.597625,-0.0599403337444307
3.59775,-0.0847684329147417
3.597875,-0.0599403337446464
3.598,-2.15644606767832e-13
3.598125,0.0599403337443415
3.59825,0.0847684329147417
3.598375,0.0599403337447357
3.5985,3.34544153630912e-14
3.598625,-0.0599403337444703
3.59875,-0.0847684329147417
3.598875,-0.0599403337446069
3.599,-1.59649986412556e-13
3.599125,0.0599403337443811
3.59925,0.0847684329147417
3.599375,0.0599403337446961
3.5995,2.85845557462021e-13
3.599625,-0.0599403337445099
3.59975,-0.0847684329147417
3.599875,-0.0599403337447853
3.6,-1.0365536605728e-13
3.600125,0.0599403337444207
3.60025,0.0847684329147417
3.600375,0.0599403337446565
3.6005,2.29850937106745e-13
3.600625,-0.0599403337443314
3.60075,-0.0847684329147417
3.600875,-0.0599403337447457
3.601,-3.5604650815621e-13
3.601125,0.0599403337444603
3.60125,0.0847684329147417
3.601375,0.0599403337446169
3.6015,1.73856316751469e-13
3.601625,-0.059940333744371
3.60175,-0.0847684329147417
3.601875,-0.0599403337447061
3.602,-3.00051887800934e-13
3.602125,0.0599403337444999
3.60225,0.0847684329147417
3.602375,0.0599403337447954
3.6025,1.17861696396193e-13
3.602625,-0.0599403337444106
3.60275,-0.0847684329147417
3.602875,-0.0599403337446665
3.603,6.43284950085476e-14
3.603125,0.0599403337443214
3.60325,0.0847684329147417
3.603375,0.0599403337445377
3.6035,3.70252838495123e-13
3.603625,-0.0599403337444502
3.60375,-0.0847684329147417
3.603875,-0.0599403337446269
3.604,-1.88062647090382e-13
3.604125,0.059940333744361
3.60425,0.0847684329147417
3.604375,0.0599403337447162
3.6045,3.14258218139847e-13
3.604625,-0.0599403337444898
3.60475,-0.0847684329147417
3.604875,-0.0599403337448054
3.605,-1.32068026735106e-13
3.605125,0.0599403337444006
3.60525,0.0847684329147417
3.605375,0.0599403337446766
3.6055,2.58263597784571e-13
3.605625,-0.0599403337443113
3.60575,-0.0847684329147417
3.605875,-0.0599403337445477
3.606,-3.84459168834036e-13
3.606125,0.0599403337444402
3.60625,0.0847684329147417
3.606375,0.059940333744855
3.6065,2.02268977429295e-13
3.606625,-0.059940333744569
3.60675,-0.0847684329147417
3.606875,-0.0599403337447262
3.607,-2.00787860245545e-14
3.607125,0.0599403337444798
3.60725,0.0847684329147417
3.607375,0.0599403337445974
3.6075,1.46274357074019e-13
3.607625,-0.0599403337443905
3.60775,-0.0847684329147417
3.607875,-0.0599403337446866
3.608,-2.72469928123484e-13
3.608125,0.0599403337443013
3.60825,0.0847684329147417
3.608375,0.0599403337447759
3.6085,3.98665499172949e-13
3.608625,-0.0599403337444301
3.60875,-0.0847684329147417
3.608875,-0.0599403337448651
3.609,-2.16475307768209e-13
3.609125,0.0599403337445589
3.60925,0.0847684329147417
3.609375,0.0599403337447363
3.6095,3.42851163634676e-14
3.609625,-0.0599403337444697
3.60975,-0.0847684329147417
3.609875,-0.0599403337446074
3.61,-1.60480687412933e-13
3.610125,0.0599403337443805
3.61025,0.0847684329147417
3.610375,0.0599403337446967
3.6105,2.86676258462398e-13
3.610625,-0.0599403337445093
3.61075,-0.0847684329147417
3.610875,-0.0599403337447859
3.611,-1.04486067057657e-13
3.611125,0.0599403337444201
3.61125,0.0847684329147417
3.611375,0.0599403337448751
3.6115,2.30681638107122e-13
3.611625,-0.0599403337445489
3.61175,-0.0847684329147417
3.611875,-0.0599403337447463
3.612,-4.84914467023807e-14
3.612125,0.0599403337444597
3.61225,0.0847684329147417
3.612375,0.0599403337446175
3.6125,1.74687017751846e-13
3.612625,-0.0599403337443704
3.61275,-0.0847684329147417
3.612875,-0.0599403337447067
3.613,-3.00882588801311e-13
3.613125,0.0599403337444993
3.61325,0.0847684329147417
3.613375,0.059940333744796
3.6135,1.1869239739657e-13
3.613625,-0.05994033374441
3.61375,-0.0847684329147417
3.613875,-0.0599403337446671
3.614,-2.44887968446035e-13
3.614125,0.0599403337445389
3.61425,0.0847684329147417
3.614375,0.0599403337447564
3.6145,6.26977770412938e-14
3.614625,-0.0599403337444496
3.61475,-0.0847684329147417
3.614875,-0.0599403337446275
3.615,-1.88893348090759e-13
3.615125,0.0599403337443604
3.61525,0.0847684329147417
3.615375,0.0599403337447168
3.6155,3.15088919140224e-13
3.615625,-0.0599403337444892
3.61575,-0.0847684329147417
3.615875,-0.059940333744806
3.616,-1.32898727735483e-13
3.616125,0.0599403337444
3.61625,0.0847684329147417
3.616375,0.0599403337446772
3.6165,2.59094298784948e-13
3.616625,-0.0599403337445288
3.61675,-0.0847684329147417
3.616875,-0.0599403337447664
3.617,-7.69041073802069e-14
3.617125,0.0599403337444396
3.61725,0.0847684329147417
3.617375,0.0599403337446376
3.6175,2.03099678429672e-13
3.617625,-0.0599403337443504
3.61775,-0.0847684329147417
3.617875,-0.0599403337447268
3.618,-3.29295249479137e-13
3.618125,0.0599403337444792
3.61825,0.0847684329147417
3.618375,0.059940333744816
3.6185,1.47105058074396e-13
3.618625,-0.059940333744608
3.61875,-0.0847684329147417
3.618875,-0.0599403337446872
3.619,3.50851333303449e-14
3.619125,0.0599403337443007
3.61925,0.0847684329147417
3.619375,0.0599403337447765
3.6195,9.111043771912e-14
3.619625,-0.0599403337444295
3.61975,-0.0847684329147417
3.619875,-0.0599403337446476
3.62,-2.17306008768585e-13
3.620125,0.0599403337443403
3.62025,0.0847684329147417
3.620375,0.0599403337447368
3.6205,3.4350157981805e-13
3.620625,-0.0599403337444691
3.62075,-0.0847684329147417
3.620875,-0.0599403337448261
3.621,-1.61311388413309e-13
3.621125,0.0599403337443799
3.62125,0.0847684329147417
3.621375,0.0599403337446973
3.6215,-2.08788029914318e-14
3.621625,-0.0599403337442907
3.62175,-0.0847684329147417
3.621875,-0.0599403337445684
3.622,-1.05316768058033e-13
3.622125,0.0599403337444195
3.62225,0.0847684329147417
3.622375,0.0599403337446577
3.6225,2.31512339107498e-13
3.622625,-0.0599403337445483
3.62275,-0.0847684329147417
3.622875,-0.0599403337447469
3.623,-4.93221477027572e-14
3.623125,0.0599403337444591
3.62325,0.0847684329147417
3.623375,0.0599403337448361
3.6235,1.75517718752222e-13
3.623625,-0.0599403337443698
3.62375,-0.0847684329147417
3.623875,-0.0599403337447073
3.624,6.67247265251872e-15
3.624125,0.0599403337442806
3.62425,0.0847684329147417
3.624375,0.0599403337445785
3.6245,4.27908860851152e-13
3.624625,-0.0599403337444094
3.62475,-0.0847684329147417
3.624875,-0.0599403337446677
3.625,-2.45718669446411e-13
3.625125,0.0599403337445383
3.62525,0.0847684329147417
3.625375,0.0599403337447569
3.6255,6.35284780416703e-14
3.625625,-0.059940333744449
3.62575,-0.0847684329147417
3.625875,-0.0599403337446281
3.626,-1.89724049091135e-13
3.626125,0.0599403337443598
3.62625,0.0847684329147417
3.626375,0.0599403337447173
3.6265,3.159196201406e-13
3.626625,-0.0599403337444886
3.62675,-0.0847684329147417
3.626875,-0.0599403337445885
3.627,-4.42115191190065e-13
3.627125,0.0599403337443994
3.62725,0.0847684329147417
3.627375,0.0599403337448958
3.6275,2.59924999785324e-13
3.627625,-0.0599403337445282
3.62775,-0.0847684329147417
3.627875,-0.059940333744767
3.628,-7.77348083805834e-14
3.628125,0.059940333744439
3.62825,0.0847684329147417
3.628375,0.0599403337446382
3.6285,2.03930379430048e-13
3.628625,-0.0599403337443498
3.62875,-0.0847684329147417
3.628875,-0.0599403337447274
3.629,-3.30125950479513e-13
3.629125,0.0599403337444786
3.62925,0.0847684329147417
3.629375,0.0599403337445986
3.6295,1.47935759074772e-13
3.629625,-0.0599403337443894
3.62975,-0.0847684329147417
3.629875,-0.0599403337446878
3.63,-2.74131330124237e-13
3.630125,0.0599403337445182
3.63025,0.0847684329147417
3.630375,0.059940333744777
3.6305,9.19411387194965e-14
3.630625,-0.059940333744429
3.63075,-0.0847684329147417
3.630875,-0.0599403337446482
3.631,-2.18136709768961e-13
3.631125,0.0599403337443397
3.63125,0.0847684329147417
3.631375,0.0599403337447374
3.6315,3.44332280818426e-13
3.631625,-0.0599403337444685
3.63175,-0.0847684329147417
3.631875,-0.0599403337448267
3.632,-1.62142089413686e-13
3.632125,0.0599403337443793
3.63225,0.0847684329147417
3.632375,0.0599403337446979
3.6325,2.88337660463151e-13
3.632625,-0.0599403337445081
3.63275,-0.0847684329147417
3.632875,-0.0599403337447871
3.633,-1.0614746905841e-13
3.633125,0.0599403337444189
3.63325,0.0847684329147417
3.633375,0.0599403337446583
3.6335,2.32343040107875e-13
3.633625,-0.0599403337443297
3.63375,-0.0847684329147417
3.633875,-0.0599403337447475
3.634,-3.5853861115734e-13
3.634125,0.0599403337444585
3.63425,0.0847684329147417
3.634375,0.0599403337448367
3.6345,1.76348419752599e-13
3.634625,-0.0599403337445873
3.63475,-0.0847684329147417
3.634875,-0.0599403337447079
3.635,-3.02543990802064e-13
3.635125,0.0599403337444981
3.63525,0.0847684329147417
3.635375,0.0599403337447971
3.6355,1.20353799397323e-13
3.635625,-0.0599403337444089
3.63575,-0.0847684329147417
3.635875,-0.0599403337446683
3.636,-2.46549370446788e-13
3.636125,0.0599403337443196
3.63625,0.0847684329147417
3.636375,0.0599403337447575
3.6365,3.72744941496253e-13
3.636625,-0.0599403337444485
3.63675,-0.0847684329147417
3.636875,-0.0599403337448468
3.637,-1.90554750091512e-13
3.637125,0.0599403337445773
3.63725,0.0847684329147417
3.637375,0.0599403337447179
3.6375,8.36455868677086e-15
3.637625,-0.059940333744488
3.63775,-0.0847684329147417
3.637875,-0.0599403337445891
3.638,-1.34560129736236e-13
3.638125,0.0599403337443988
3.63825,0.0847684329147417
3.638375,0.0599403337446783
3.6385,2.60755700785701e-13
3.638625,-0.0599403337445276
3.63875,-0.0847684329147417
3.638875,-0.0599403337447676
3.639,-3.86951271835166e-13
3.639125,0.0599403337444384
3.63925,0.0847684329147417
3.639375,0.0599403337448568
3.6395,2.04761080430425e-13
3.639625,-0.0599403337445672
3.63975,-0.0847684329147417
3.639875,-0.059940333744728
3.64,-2.2570889025684e-14
3.640125,0.0599403337442599
3.64025,0.0847684329147417
3.640375,0.0599403337445992
3.6405,1.48766460075149e-13
3.640625,-0.0599403337443888
3.64075,-0.0847684329147417
3.640875,-0.0599403337446884
3.641,-2.74962031124614e-13
3.641125,0.0599403337445176
3.64125,0.0847684329147417
3.641375,0.0599403337447776
3.6415,9.2771839719873e-14
3.641625,-0.0599403337444284
3.64175,-0.0847684329147417
3.641875,-0.0599403337446488
3.642,-2.18967410769338e-13
3.642125,0.0599403337445572
3.64225,0.0847684329147417
3.642375,0.059940333744738
3.6425,3.67772193645971e-14
3.642625,-0.0599403337442499
3.64275,-0.0847684329147417
3.642875,-0.0599403337446092
3.643,-1.62972790414062e-13
3.643125,0.0599403337443787
3.64325,0.0847684329147417
3.643375,0.0599403337446984
3.6435,2.89168361463527e-13
3.643625,-0.0599403337445076
3.64375,-0.0847684329147417
3.643875,-0.0599403337447877
3.644,-1.06978170058786e-13
3.644125,0.0599403337444183
3.64425,0.0847684329147417
3.644375,0.0599403337446588
3.6445,2.33173741108251e-13
3.644625,-0.0599403337443291
3.64475,-0.0847684329147417
3.644875,-0.0599403337447481
3.645,-5.09835497035102e-14
3.645125,0.0599403337444579
3.64525,0.0847684329147417
3.645375,0.0599403337446192
3.6455,1.77179120752975e-13
3.645625,-0.0599403337443687
3.64575,-0.0847684329147417
3.645875,-0.0599403337447085
3.646,-3.0337469180244e-13
3.646125,0.0599403337444975
3.64625,0.0847684329147417
3.646375,0.0599403337447977
3.6465,1.21184500397699e-13
3.646625,-0.0599403337444083
3.64675,-0.0847684329147417
3.646875,-0.0599403337446689
3.647,-2.47380071447164e-13
3.647125,0.059940333744319
3.64725,0.0847684329147417
3.647375,0.0599403337447581
3.6475,6.51898800424233e-14
3.647625,-0.0599403337444479
3.64775,-0.0847684329147417
3.647875,-0.0599403337446293
3.648,-1.91385451091888e-13
3.648125,0.0599403337443586
3.64825,0.0847684329147417
3.648375,0.0599403337447185
3.6485,3.17581022141353e-13
3.648625,-0.0599403337444875
3.64875,-0.0847684329147417
3.648875,-0.0599403337448078
3.649,-1.35390830736612e-13
3.649125,0.0599403337443982
3.64925,0.0847684329147417
3.649375,0.0599403337446789
3.6495,-4.67993606681286e-14
3.649625,-0.059940333744309
3.64975,-0.0847684329147417
3.649875,-0.0599403337445501
3.65,-3.87781972835542e-13
3.650125,0.0599403337444378
3.65025,0.0847684329147417
3.650375,0.0599403337446393
3.6505,2.05591781430801e-13
3.650625,-0.0599403337443486
3.65075,-0.0847684329147417
3.650875,-0.0599403337447286
3.651,-3.31787352480266e-13
3.651125,0.0599403337444774
3.65125,0.0847684329147417
3.651375,0.0599403337448178
3.6515,1.49597161075525e-13
3.651625,-0.0599403337443882
3.65175,-0.0847684329147417
3.651875,-0.059940333744689
3.652,-2.7579273212499e-13
3.652125,0.0599403337442989
3.65225,0.0847684329147417
3.652375,0.0599403337445601
3.6525,4.01988303174455e-13
3.652625,-0.0599403337444278
3.65275,-0.0847684329147417
3.652875,-0.0599403337448674
3.653,-2.19798111769714e-13
3.653125,0.0599403337445566
3.65325,0.0847684329147417
3.653375,0.0599403337447386
3.6535,3.76079203649735e-14
3.653625,-0.0599403337444674
3.65375,-0.0847684329147417
3.653875,-0.0599403337446098
3.654,-1.63803491414438e-13
3.654125,0.0599403337443781
3.65425,0.0847684329147417
3.654375,0.059940333744699
3.6545,2.89999062463903e-13
3.654625,-0.0599403337442889
3.65475,-0.0847684329147417
3.654875,-0.0599403337445702
3.655,-4.16194633513368e-13
3.655125,0.0599403337444177
3.65525,0.0847684329147417
3.655375,0.0599403337448775
3.6555,2.34004442108628e-13
3.655625,-0.0599403337445466
3.65575,-0.0847684329147417
3.655875,-0.0599403337447487
3.656,-5.18142507038866e-14
3.656125,0.0599403337444573
3.65625,0.0847684329147417
3.656375,0.0599403337446198
3.6565,1.78009821753352e-13
3.656625,-0.0599403337443681
3.65675,-0.0847684329147417
3.656875,-0.0599403337447091
3.657,-3.04205392802817e-13
3.657125,0.0599403337444969
3.65725,0.0847684329147417
3.657375,0.0599403337447983
3.6575,1.22015201398076e-13
3.657625,-0.0599403337444077
3.65775,-0.0847684329147417
3.657875,-0.0599403337446695
3.658,-2.48210772447541e-13
3.658125,0.0599403337445365
3.65825,0.0847684329147417
3.658375,0.0599403337447587
3.6585,6.60205810427998e-14
3.658625,-0.0599403337444473
3.65875,-0.0847684329147417
3.658875,-0.0599403337446299
3.659,-1.92216152092265e-13
3.659125,0.059940333744358
3.65925,0.0847684329147417
3.659375,0.0599403337447191
3.6595,3.1841172314173e-13
3.659625,-0.0599403337444869
3.65975,-0.0847684329147417
3.659875,-0.0599403337448083
3.66,-1.36221531736989e-13
3.660125,0.0599403337443976
3.66025,0.0847684329147417
3.660375,0.0599403337446795
3.6605,2.62417102786454e-13
3.660625,-0.0599403337445265
3.66075,-0.0847684329147417
3.660875,-0.0599403337447688
3.661,-8.02269113817129e-14
3.661125,0.0599403337444372
3.66125,0.0847684329147417
3.661375,0.0599403337446399
3.6615,2.06422482431178e-13
3.661625,-0.059940333744348
3.66175,-0.0847684329147417
3.661875,-0.0599403337447292
3.662,-3.32618053480643e-13
3.662125,0.0599403337444768
3.66225,0.0847684329147417
3.662375,0.0599403337448184
3.6625,1.50427862075902e-13
3.662625,-0.0599403337443876
3.66275,-0.0847684329147417
3.662875,-0.0599403337446896
3.663,-2.76623433125367e-13
3.663125,0.0599403337445164
3.66325,0.0847684329147417
3.663375,0.0599403337447788
3.6635,9.44332417206259e-14
3.663625,-0.0599403337444272
3.66375,-0.0847684329147417
3.663875,-0.05994033374465
3.664,-2.20628812770091e-13
3.664125,0.059940333744338
3.66425,0.0847684329147417
3.664375,0.0599403337447392
3.6645,3.46824383819556e-13
3.664625,-0.0599403337444668
3.66475,-0.0847684329147417
3.664875,-0.0599403337448284
3.665,-1.64634192414815e-13
3.665125,0.0599403337445956
3.66525,0.0847684329147417
3.665375,0.0599403337446996
3.6655,-1.75559989899259e-14
3.665625,-0.0599403337442883
3.66575,-0.0847684329147417
3.665875,-0.0599403337445708
3.666,-1.08639572059539e-13
3.666125,0.0599403337444171
3.66625,0.0847684329147417
3.666375,0.05994033374466
3.6665,2.34835143109004e-13
3.666625,-0.0599403337443279
3.66675,-0.0847684329147417
3.666875,-0.0599403337447492
3.667,-3.61030714158469e-13
3.667125,0.0599403337444567
3.66725,0.0847684329147417
3.667375,0.0599403337448385
3.6675,1.78840522753728e-13
3.667625,-0.0599403337445856
3.66775,-0.0847684329147417
3.667875,-0.0599403337447097
3.668,3.34966865101281e-15
3.668125,0.0599403337442783
3.66825,0.0847684329147417
3.668375,0.0599403337445808
3.6685,1.22845902398452e-13
3.668625,-0.0599403337444071
3.66875,-0.0847684329147417
3.668875,-0.0599403337446701
3.669,-2.49041473447917e-13
3.669125,0.0599403337445359
3.66925,0.0847684329147417
3.669375,0.0599403337447593
3.6695,6.68512820431762e-14
3.669625,-0.0599403337444467
3.66975,-0.0847684329147417
3.669875,-0.0599403337446305
3.67,-1.93046853092641e-13
3.670125,0.0599403337443575
3.67025,0.0847684329147417
3.670375,0.0599403337447197
3.6705,1.08566616879003e-14
3.670625,-0.0599403337442682
3.67075,-0.0847684329147417
3.670875,-0.0599403337445909
3.671,-4.45437995191571e-13
3.671125,0.059940333744397
3.67125,0.0847684329147417
3.671375,0.0599403337446801
3.6715,2.6324780378683e-13
3.671625,-0.0599403337445259
3.67175,-0.0847684329147417
3.671875,-0.0599403337447693
3.672,-8.10576123820893e-14
3.672125,0.0599403337444366
3.67225,0.0847684329147417
3.672375,0.0599403337446405
3.6725,2.07253183431554e-13
3.672625,-0.0599403337443474
3.67275,-0.0847684329147417
3.672875,-0.0599403337447297
3.673,-2.50629920268134e-14
3.673125,0.0599403337444762
3.67325,0.0847684329147417
3.673375,0.0599403337446009
3.6735,1.51258563076278e-13
3.673625,-0.059940333744387
3.67375,-0.0847684329147417
3.673875,-0.0599403337446901
3.674,-2.77454134125743e-13
3.674125,0.0599403337445158
3.67425,0.0847684329147417
3.674375,0.0599403337447794
3.6745,9.52639427210024e-14
3.674625,-0.0599403337444266
3.67475,-0.0847684329147417
3.674875,-0.0599403337446506
3.675,-2.21459513770467e-13
3.675125,0.0599403337443374
3.67525,0.0847684329147417
3.675375,0.0599403337447398
3.6755,3.47655084819932e-13
3.675625,-0.0599403337444662
3.67575,-0.0847684329147417
3.675875,-0.059940333744611
3.676,-1.65464893415191e-13
3.676125,0.059940333744377
3.67625,0.0847684329147417
3.676375,0.0599403337447002
3.6765,2.91660464464656e-13
3.676625,-0.0599403337445058
3.67675,-0.0847684329147417
3.676875,-0.0599403337447894
3.677,-1.09470273059916e-13
3.677125,0.0599403337444165
3.67725,0.0847684329147417
3.677375,0.0599403337446606
3.6775,2.35665844109381e-13
3.677625,-0.0599403337443273
3.67775,-0.0847684329147417
3.677875,-0.0599403337447498
3.678,-3.61861415158846e-13
3.678125,0.0599403337444562
3.67825,0.0847684329147417
3.678375,0.0599403337448391
3.6785,1.79671223754105e-13
3.678625,-0.0599403337443669
3.67875,-0.0847684329147417
3.678875,-0.0599403337447102
3.679,-3.0586679480357e-13
3.679125,0.0599403337444957
3.67925,0.0847684329147417
3.679375,0.0599403337447995
3.6795,1.23676603398829e-13
3.679625,-0.0599403337444065
3.67975,-0.0847684329147417
3.679875,-0.0599403337446706
3.68,-2.49872174448294e-13
3.680125,0.0599403337443173
3.68025,0.0847684329147417
3.680375,0.0599403337445418
3.6805,3.76067745497759e-13
3.680625,-0.0599403337444461
3.68075,-0.0847684329147417
3.680875,-0.0599403337448491
3.681,-1.93877554093018e-13
3.681125,0.0599403337445749
3.68125,0.0847684329147417
3.681375,0.0599403337447203
3.6815,1.16873626882768e-14
3.681625,-0.0599403337444857
3.68175,-0.0847684329147417
3.681875,-0.0599403337448095
3.682,-1.37882933737742e-13
3.682125,0.0599403337443965
3.68225,0.0847684329147417
3.682375,0.0599403337446807
3.6825,2.64078504787207e-13
3.682625,-0.0599403337443072
3.68275,-0.0847684329147417
3.682875,-0.0599403337447699
3.683,-3.90274075836672e-13
3.683125,0.0599403337444361
3.68325,0.0847684329147417
3.683375,0.0599403337448592
3.6835,2.08083884431931e-13
3.683625,-0.0599403337445649
3.68375,-0.0847684329147417
3.683875,-0.0599403337447303
3.684,-2.58936930271899e-14
3.684125,0.0599403337444757
3.68425,0.0847684329147417
3.684375,0.0599403337446015
3.6845,1.52089264076655e-13
3.684625,-0.0599403337443864
3.68475,-0.0847684329147417
3.684875,-0.0599403337446907
3.685,-2.7828483512612e-13
3.685125,0.0599403337445152
3.68525,0.0847684329147417
3.685375,0.05994033374478
3.6855,9.60946437213789e-14
3.685625,-0.059940333744426
3.68575,-0.0847684329147417
3.685875,-0.0599403337448692
3.686,-2.22290214770844e-13
3.686125,0.0599403337445548
3.68625,0.0847684329147417
3.686375,0.0599403337447404
3.6865,4.0100023366103e-14
3.686625,-0.0599403337444656
3.68675,-0.0847684329147417
3.686875,-0.0599403337446116
3.687,-1.66295594415568e-13
3.687125,0.0599403337443764
3.68725,0.0847684329147417
3.687375,0.0599403337447008
3.6875,2.92491165465033e-13
3.687625,-0.0599403337445052
3.68775,-0.0847684329147417
3.687875,-0.05994033374479
3.688,-1.10300974060292e-13
3.688125,0.059940333744416
3.68825,0.0847684329147417
3.688375,0.0599403337446612
3.6885,2.36496545109757e-13
3.688625,-0.0599403337445448
3.68875,-0.0847684329147417
3.688875,-0.0599403337447504
3.689,-5.43063537050161e-14
3.689125,0.0599403337444556
3.68925,0.0847684329147417
3.689375,0.0599403337446216
3.6895,1.80501924754481e-13
3.689625,-0.0599403337443663
3.68975,-0.0847684329147417
3.689875,-0.0599403337447108
3.69,-3.06697495803946e-13
3.690125,0.0599403337444952
3.69025,0.0847684329147417
3.690375,0.0599403337448001
3.6905,1.24507304399205e-13
3.690625,-0.0599403337444059
3.69075,-0.0847684329147417
3.690875,-0.0599403337446712
3.691,-2.5070287544867e-13
3.691125,0.0599403337443167
3.69125,0.0847684329147417
3.691375,0.0599403337447605
3.6915,6.85126840439292e-14
3.691625,-0.0599403337444455
3.69175,-0.0847684329147417
3.691875,-0.0599403337446316
3.692,-1.94708255093394e-13
3.692125,0.0599403337443563
3.69225,0.0847684329147417
3.692375,0.0599403337447209
3.6925,3.20903826142859e-13
3.692625,-0.0599403337444851
3.69275,-0.0847684329147417
3.692875,-0.0599403337448101
3.693,-1.38713634738118e-13
3.693125,0.0599403337446139
3.69325,0.0847684329147417
3.693375,0.0599403337446813
3.6935,2.64909205787583e-13
3.693625,-0.0599403337443066
3.69375,-0.0847684329147417
3.693875,-0.0599403337447705
3.694,-8.27190143828423e-14
3.694125,0.0599403337444355
3.69425,0.0847684329147417
3.694375,0.0599403337446417
3.6945,2.08914585432307e-13
3.694625,-0.0599403337443462
3.69475,-0.0847684329147417
3.694875,-0.0599403337447309
3.695,-3.35110156481772e-13
3.695125,0.0599403337444751
3.69525,0.0847684329147417
3.695375,0.0599403337448202
3.6955,1.52919965077031e-13
3.695625,-0.0599403337443858
3.69575,-0.0847684329147417
3.695875,-0.0599403337446913
3.696,2.92702263277096e-14
3.696125,0.0599403337442966
3.69625,0.0847684329147417
3.696375,0.0599403337445625
3.6965,4.05311107175961e-13
3.696625,-0.0599403337444254
3.69675,-0.0847684329147417
3.696875,-0.0599403337446517
3.697,-2.2312091577122e-13
3.697125,0.0599403337445543
3.69725,0.0847684329147417
3.697375,0.059940333744741
3.6975,3.49316486820685e-13
3.697625,-0.059940333744465
3.69775,-0.0847684329147417
3.697875,-0.0599403337448302
3.698,-1.67126295415944e-13
3.698125,0.0599403337443758
3.69825,0.0847684329147417
3.698375,0.0599403337447014
3.6985,-1.50638959887965e-14
3.698625,-0.0599403337442866
3.69875,-0.0847684329147417
3.698875,-0.0599403337445725
3.699,-4.19517437514874e-13
3.699125,0.0599403337444154
3.69925,0.0847684329147417
3.699375,0.0599403337446618
3.6995,2.37327246110133e-13
3.699625,-0.0599403337445442
3.69975,-0.0847684329147417
3.699875,-0.059940333744751
3.7,-5.51370547053926e-14
3.700125,0.059940333744455
3.70025,0.0847684329147417
3.700375,0.0599403337446222
3.7005,1.81332625754858e-13
3.700625,-0.0599403337443657
3.70075,-0.0847684329147417
3.700875,-0.0599403337447114
3.701,-3.07528196804322e-13
3.701125,0.0599403337444946
3.70125,0.0847684329147417
3.701375,0.0599403337445826
3.7015,4.33723767853787e-13
3.701625,-0.0599403337444053
3.70175,-0.0847684329147417
3.701875,-0.0599403337448899
3.702,-2.51533576449047e-13
3.702125,0.0599403337445342
3.70225,0.0847684329147417
3.702375,0.0599403337447611
3.7025,6.93433850443057e-14
3.702625,-0.0599403337444449
3.70275,-0.0847684329147417
3.702875,-0.0599403337446322
3.703,-1.95538956093771e-13
3.703125,0.0599403337443557
3.70325,0.0847684329147417
3.703375,0.0599403337447215
3.7035,3.21734527143236e-13
3.703625,-0.0599403337444845
3.70375,-0.0847684329147417
3.703875,-0.0599403337448107
3.704,-1.39544335738495e-13
3.704125,0.0599403337443953
3.70425,0.0847684329147417
3.704375,0.0599403337446819
3.7045,2.6573990678796e-13
3.704625,-0.0599403337445241
3.70475,-0.0847684329147417
3.704875,-0.0599403337447711
3.705,-8.35497153832188e-14
3.705125,0.0599403337444349
3.70525,0.0847684329147417
3.705375,0.0599403337446423
3.7055,2.09745286432684e-13
3.705625,-0.0599403337443456
3.70575,-0.0847684329147417
3.705875,-0.0599403337447315
3.706,-3.35940857482149e-13
3.706125,0.0599403337444745
3.70625,0.0847684329147417
3.706375,0.0599403337448207
3.7065,1.53750666077408e-13
3.706625,-0.0599403337443852
3.70675,-0.0847684329147417
3.706875,-0.0599403337446919
3.707,-2.79946237126873e-13
3.707125,0.0599403337445141
3.70725,0.0847684329147417
3.707375,0.0599403337447811
3.7075,9.77560457221319e-14
3.707625,-0.0599403337444248
3.70775,-0.0847684329147417
3.707875,-0.0599403337446523
3.708,-2.23951616771597e-13
3.708125,0.0599403337443356
3.70825,0.0847684329147417
3.708375,0.0599403337447416
3.7085,3.50147187821062e-13
3.708625,-0.0599403337444644
3.70875,-0.0847684329147417
3.708875,-0.0599403337448308
3.709,-1.67956996416321e-13
3.709125,0.0599403337443752
3.70925,0.0847684329147417
3.709375,0.059940333744702
3.7095,2.94152567465786e-13
3.709625,-0.059940333744504
3.70975,-0.0847684329147417
3.709875,-0.0599403337447912
3.71,-1.11962376061045e-13
3.710125,0.0599403337444148
3.71025,0.0847684329147417
3.710375,0.0599403337446624
3.7105,2.3815794711051e-13
3.710625,-0.0599403337443256
3.71075,-0.0847684329147417
3.710875,-0.0599403337447516
3.711,-3.64353518159975e-13
3.711125,0.0599403337444544
3.71125,0.0847684329147417
3.711375,0.0599403337448408
3.7115,1.82163326755234e-13
3.711625,-0.0599403337445832
3.71175,-0.0847684329147417
3.711875,-0.059940333744712
3.712,2.68646495069001e-17
3.712125,0.059940333744494
3.71225,0.0847684329147417
3.712375,0.0599403337445832
3.7125,1.26168706399958e-13
3.712625,-0.0599403337444047
3.71275,-0.0847684329147417
3.712875,-0.0599403337446724
3.713,-2.52364277449423e-13
3.713125,0.0599403337443155
3.71325,0.0847684329147417
3.713375,0.0599403337447616
3.7135,3.78559848498888e-13
3.713625,-0.0599403337444443
3.71375,-0.0847684329147417
3.713875,-0.0599403337448509
3.714,-1.96369657094147e-13
3.714125,0.0599403337445732
3.71425,0.0847684329147417
3.714375,0.059940333744722
3.7145,1.41794656894062e-14
3.714625,-0.0599403337442659
3.71475,-0.0847684329147417
3.714875,-0.0599403337445932
3.715,-1.40375036738871e-13
3.715125,0.0599403337443947
3.71525,0.0847684329147417
3.715375,0.0599403337446825
3.7155,2.66570607788336e-13
3.715625,-0.0599403337445235
3.71575,-0.0847684329147417
3.715875,-0.0599403337447717
3.716,-8.43804163835952e-14
3.716125,0.0599403337444343
3.71625,0.0847684329147417
3.716375,0.0599403337446429
3.7165,2.1057598743306e-13
3.716625,-0.0599403337443451
3.71675,-0.0847684329147417
3.716875,-0.0599403337447321
3.717,-2.83857960283193e-14
3.717125,0.0599403337442558
3.71725,0.0847684329147417
3.717375,0.0599403337446033
3.7175,1.54581367077784e-13
3.717625,-0.0599403337443847
3.71775,-0.0847684329147417
3.717875,-0.0599403337446925
3.718,-2.80776938127249e-13
3.718125,0.0599403337445135
3.71825,0.0847684329147417
3.718375,0.0599403337447817
3.7185,9.85867467225083e-14
3.718625,-0.0599403337444242
3.71875,-0.0847684329147417
3.718875,-0.0599403337446529
3.719,-2.24782317771973e-13
3.719125,0.059940333744335
3.71925,0.0847684329147417
3.719375,0.0599403337447421
3.7195,4.25921263672324e-14
3.719625,-0.0599403337444638
3.71975,-0.0847684329147417
3.719875,-0.0599403337446133
3.72,-1.68787697416697e-13
3.720125,0.0599403337443746
3.72025,0.0847684329147417
3.720375,0.0599403337447025
3.7205,2.94983268466162e-13
3.720625,-0.0599403337445034
3.72075,-0.0847684329147417
3.720875,-0.0599403337447918
3.721,-1.12793077061421e-13
3.721125,0.0599403337444142
3.72125,0.0847684329147417
3.721375,0.059940333744663
3.7215,2.38988648110886e-13
3.721625,-0.059940333744325
3.72175,-0.0847684329147417
3.721875,-0.0599403337447522
3.722,-3.65184219160351e-13
3.722125,0.0599403337444538
3.72225,0.0847684329147417
3.722375,0.0599403337446234
3.7225,1.8299402775561e-13
3.722625,-0.0599403337443646
3.72275,-0.0847684329147417
3.722875,-0.0599403337447126
3.723,-3.09189598805075e-13
3.723125,0.0599403337444934
3.72325,0.0847684329147417
3.723375,0.0599403337448018
3.7235,1.26999407400335e-13
3.723625,-0.0599403337444042
3.72375,-0.0847684329147417
3.723875,-0.059940333744673
3.724,5.51907840044064e-14
3.724125,0.0599403337443149
3.72425,0.0847684329147417
3.724375,0.0599403337445442
3.7245,3.79390549499264e-13
3.724625,-0.0599403337444438
3.72475,-0.0847684329147417
3.724875,-0.0599403337446334
3.725,-1.97200358094524e-13
3.725125,0.0599403337443545
3.72525,0.0847684329147417
3.725375,0.0599403337447226
3.7255,3.23395929143989e-13
3.725625,-0.0599403337444833
3.72575,-0.0847684329147417
3.725875,-0.0599403337448119
3.726,-1.41205737739248e-13
3.726125,0.0599403337443941
3.72625,0.0847684329147417
3.726375,0.059940333744683
3.7265,2.67401308788713e-13
3.726625,-0.0599403337443049
3.72675,-0.0847684329147417
3.726875,-0.0599403337445542
3.727,-3.93596879838178e-13
3.727125,0.0599403337444337
3.72725,0.0847684329147417
3.727375,0.0599403337448615
3.7275,2.11406688433437e-13
3.727625,-0.0599403337445625
3.72775,-0.0847684329147417
3.727875,-0.0599403337447327
3.728,-2.92164970286958e-14
3.728125,0.0599403337444733
3.72825,0.0847684329147417
3.728375,0.0599403337446038
3.7285,1.55412068078161e-13
3.728625,-0.0599403337443841
3.72875,-0.0847684329147417
3.728875,-0.0599403337446931
3.729,-2.81607639127626e-13
3.729125,0.0599403337442948
3.72925,0.0847684329147417
3.729375,0.0599403337447823
3.7295,4.07803210177091e-13
3.729625,-0.0599403337444237
3.72975,-0.0847684329147417
3.729875,-0.0599403337448716
3.73,-2.2561301877235e-13
3.730125,0.0599403337445525
3.73025,0.0847684329147417
3.730375,0.0599403337447427
3.7305,4.34228273676089e-14
3.730625,-0.0599403337444633
3.73075,-0.0847684329147417
3.730875,-0.0599403337446139
3.731,-1.69618398417074e-13
3.731125,0.059940333744374
3.73125,0.0847684329147417
3.731375,0.0599403337447031
3.7315,2.95813969466539e-13
3.731625,-0.0599403337445028
3.73175,-0.0847684329147417
3.731875,-0.0599403337447924
3.732,-1.13623778061798e-13
3.732125,0.0599403337444136
3.73225,0.0847684329147417
3.732375,0.0599403337446635
3.7325,2.39819349111263e-13
3.732625,-0.0599403337445424
3.73275,-0.0847684329147417
3.732875,-0.0599403337447528
3.733,-5.7629157706522e-14
3.733125,0.0599403337444532
3.73325,0.0847684329147417
3.733375,0.0599403337446239
3.7335,1.83824728755987e-13
3.733625,-0.059940333744364
3.73375,-0.0847684329147417
3.733875,-0.0599403337447132
3.734,-3.10020299805452e-13
3.734125,0.0599403337444928
3.73425,0.0847684329147417
3.734375,0.0599403337448024
3.7345,1.27830108400711e-13
3.734625,-0.0599403337444036
3.73475,-0.0847684329147417
3.734875,-0.0599403337446736
3.735,-2.54025679450176e-13
3.735125,0.0599403337445324
3.73525,0.0847684329147417
3.735375,0.0599403337447628
3.7355,7.18354880454351e-14
3.735625,-0.0599403337444432
3.73575,-0.0847684329147417
3.735875,-0.059940333744634
3.736,-1.980310590949e-13
3.736125,0.0599403337443539
3.73625,0.0847684329147417
3.736375,0.0599403337447232
3.7365,3.24226630144365e-13
3.736625,-0.0599403337444828
3.73675,-0.0847684329147417
3.736875,-0.0599403337448125
3.737,-1.42036438739624e-13
3.737125,0.0599403337443935
3.73725,0.0847684329147417
3.737375,0.0599403337446836
3.7375,2.68232009789089e-13
3.737625,-0.0599403337445224
3.73775,-0.0847684329147417
3.737875,-0.0599403337447729
3.738,-8.60418183843482e-14
3.738125,0.0599403337444331
3.73825,0.0847684329147417
3.738375,0.059940333744644
3.7385,2.12237389433813e-13
3.738625,-0.0599403337443439
3.73875,-0.0847684329147417
3.738875,-0.0599403337447333
3.739,-3.38432960483278e-13
3.739125,0.0599403337444727
3.73925,0.0847684329147417
3.739375,0.0599403337448225
3.7395,1.56242769078537e-13
3.739625,-0.0599403337446015
3.73975,-0.0847684329147417
3.739875,-0.0599403337446937
3.74,2.59474223262037e-14
3.740125,0.0599403337442942
3.74025,0.0847684329147417
3.740375,0.0599403337447829
3.7405,1.00248148723261e-13
3.740625,-0.0599403337444231
3.74075,-0.0847684329147417
3.740875,-0.0599403337446541
3.741,-2.26443719772726e-13
3.741125,0.0599403337443338
3.74125,0.0847684329147417
3.741375,0.0599403337447433
3.7415,3.52639290822191e-13
3.741625,-0.0599403337444627
3.74175,-0.0847684329147417
3.741875,-0.0599403337448325
3.742,-1.7044909941745e-13
3.742125,0.0599403337443734
3.74225,0.0847684329147417
3.742375,0.0599403337447037
3.7425,-1.17410919872906e-14
3.742625,-0.0599403337442842
3.74275,-0.0847684329147417
3.742875,-0.0599403337445749
3.743,-1.14454479062174e-13
3.743125,0.059940333744413
3.74325,0.0847684329147417
3.743375,0.0599403337446641
3.7435,2.40650050111639e-13
3.743625,-0.0599403337445419
3.74375,-0.0847684329147417
3.743875,-0.0599403337447534
3.744,-5.84598587068985e-14
3.744125,0.0599403337444526
3.74425,0.0847684329147417
3.744375,0.0599403337448426
3.7445,1.84655429756363e-13
3.744625,-0.0599403337443634
3.74475,-0.0847684329147417
3.744875,-0.0599403337447138
3.745,-2.46523835162253e-15
3.745125,0.0599403337442742
3.74525,0.0847684329147417
3.745375,0.0599403337445849
3.7455,4.37046571855293e-13
3.745625,-0.059940333744403
3.74575,-0.0847684329147417
3.745875,-0.0599403337446742
3.746,-2.54856380450552e-13
3.746125,0.0599403337445318
3.74625,0.0847684329147417
3.746375,0.0599403337447634
3.7465,7.26661890458116e-14
3.746625,-0.0599403337444426
3.74675,-0.0847684329147417
3.746875,-0.0599403337446346
3.747,-1.98861760095277e-13
3.747125,0.0599403337443533
3.74725,0.0847684329147417
3.747375,0.0599403337447238
3.7475,3.25057331144742e-13
3.747625,-0.0599403337444822
3.74775,-0.0847684329147417
3.747875,-0.059940333744595
3.748,-1.42867139740001e-13
3.748125,0.0599403337443929
3.74825,0.0847684329147417
3.748375,0.0599403337449023
3.7485,2.69062710789466e-13
3.748625,-0.0599403337445218
3.74875,-0.0847684329147417
3.748875,-0.0599403337447734
3.749,-8.68725193847247e-14
3.749125,0.0599403337444325
3.74925,0.0847684329147417
3.749375,0.0599403337446446
3.7495,2.1306809043419e-13
3.749625,-0.0599403337443433
3.74975,-0.0847684329147417
3.749875,-0.0599403337447339
3.75,-3.39263661483655e-13
3.750125,0.0599403337444721
3.75025,0.0847684329147417
3.750375,0.059940333744605
3.7505,1.57073470078914e-13
3.750625,-0.0599403337443829
3.75075,-0.0847684329147417
3.750875,-0.0599403337446943
3.751,-2.83269041128379e-13
3.751125,0.0599403337445117
3.75125,0.0847684329147417
3.751375,0.0599403337447835
3.7515,1.01078849723638e-13
3.751625,-0.0599403337444225
3.75175,-0.0847684329147417
3.751875,-0.0599403337446547
3.752,-2.27274420773103e-13
3.752125,0.0599403337443333
3.75225,0.0847684329147417
3.752375,0.0599403337447439
3.7525,3.53469991822568e-13
3.752625,-0.0599403337444621
3.75275,-0.0847684329147417
3.752875,-0.0599403337448331
3.753,-1.71279800417827e-13
3.753125,0.0599403337443729
3.75325,0.0847684329147417
3.753375,0.0599403337447043
3.7535,2.97475371467292e-13
3.753625,-0.0599403337445017
3.75375,-0.0847684329147417
3.753875,-0.0599403337447935
3.754,-1.15285180062551e-13
3.754125,0.0599403337444124
3.75425,0.0847684329147417
3.754375,0.0599403337446647
3.7545,2.41480751112016e-13
3.754625,-0.0599403337443232
3.75475,-0.0847684329147417
3.754875,-0.059940333744754
3.755,-3.67676322161481e-13
3.755125,0.059940333744452
3.75525,0.0847684329147417
3.755375,0.0599403337448432
3.7555,1.8548613075674e-13
3.755625,-0.0599403337445809
3.75575,-0.0847684329147417
3.755875,-0.0599403337447144
3.756,-3.11681701806205e-13
3.756125,0.0599403337444916
3.75625,0.0847684329147417
3.756375,0.0599403337448036
3.7565,1.29491510401464e-13
3.756625,-0.0599403337444024
3.75675,-0.0847684329147417
3.756875,-0.0599403337446748
3.757,-2.55687081450929e-13
3.757125,0.0599403337443132
3.75725,0.0847684329147417
3.757375,0.059940333744764
3.7575,3.81882652500394e-13
3.757625,-0.059940333744442
3.75775,-0.0847684329147417
3.757875,-0.0599403337448532
3.758,-1.99692461095653e-13
3.758125,0.0599403337445708
3.75825,0.0847684329147417
3.758375,0.0599403337447244
3.7585,1.75022696909121e-14
3.758625,-0.0599403337444816
3.75875,-0.0847684329147417
3.758875,-0.0599403337445956
3.759,-1.43697840740377e-13
3.759125,0.0599403337443924
3.75925,0.0847684329147417
3.759375,0.0599403337446848
3.7595,2.69893411789842e-13
3.759625,-0.0599403337445212
3.75975,-0.0847684329147417
3.759875,-0.059940333744774
3.76,-3.96088982839307e-13
3.760125,0.0599403337444319
3.76025,0.0847684329147417
3.760375,0.0599403337448633
3.7605,2.13898791434566e-13
3.760625,-0.0599403337445608
3.76075,-0.0847684329147417
3.760875,-0.0599403337447344
3.761,-3.17086000298252e-14
3.761125,0.0599403337442535
3.76125,0.0847684329147417
3.761375,0.0599403337446056
3.7615,1.5790417107929e-13
3.761625,-0.0599403337443823
3.76175,-0.0847684329147417
3.761875,-0.0599403337446948
3.762,-2.84099742128755e-13
3.762125,0.0599403337445111
3.76225,0.0847684329147417
3.762375,0.0599403337447841
3.7625,1.01909550724014e-13
3.762625,-0.0599403337444219
3.76275,-0.0847684329147417
3.762875,-0.0599403337446553
3.763,-2.28105121773479e-13
3.763125,0.0599403337445507
3.76325,0.0847684329147417
3.763375,0.0599403337447445
3.7635,4.59149303687383e-14
3.763625,-0.0599403337444615
3.76375,-0.0847684329147417
3.763875,-0.0599403337446157
3.764,-1.72110501418203e-13
3.764125,0.0599403337443723
3.76425,0.0847684329147417
3.764375,0.0599403337447049
3.7645,2.98306072467668e-13
3.764625,-0.0599403337445011
3.76475,-0.0847684329147417
3.764875,-0.0599403337447941
3.765,-1.16115881062927e-13
3.765125,0.0599403337444119
3.76525,0.0847684329147417
3.765375,0.0599403337446653
3.7655,2.42311452112392e-13
3.765625,-0.0599403337443226
3.76575,-0.0847684329147417
3.765875,-0.0599403337447545
3.766,-6.01212607076514e-14
3.766125,0.0599403337444514
3.76625,0.0847684329147417
3.766375,0.0599403337446257
3.7665,1.86316831757116e-13
3.766625,-0.0599403337443622
3.76675,-0.0847684329147417
3.766875,-0.0599403337447149
3.767,-3.12512402806581e-13
3.767125,0.059940333744491
3.76725,0.0847684329147417
3.767375,0.0599403337448042
3.7675,1.3032221140184e-13
3.767625,-0.0599403337444018
3.76775,-0.0847684329147417
3.767875,-0.0599403337446753
3.768,-2.56517782451305e-13
3.768125,0.0599403337443126
3.76825,0.0847684329147417
3.768375,0.0599403337447646
3.7685,7.43275910465645e-14
3.768625,-0.0599403337444414
3.76875,-0.0847684329147417
3.768875,-0.0599403337446358
3.769,-2.00523162096029e-13
3.769125,0.0599403337443522
3.76925,0.0847684329147417
3.769375,0.059940333744725
3.7695,3.26718733145494e-13
3.769625,-0.059940333744481
3.76975,-0.0847684329147417
3.769875,-0.0599403337448142
3.77,-1.44528541740754e-13
3.770125,0.0599403337443918
3.77025,0.0847684329147417
3.770375,0.0599403337446854
3.7705,-3.76616496639873e-14
3.770625,-0.0599403337443025
3.77075,-0.0847684329147417
3.770875,-0.0599403337445566
3.771,-3.96919683839683e-13
3.771125,0.0599403337444314
3.77125,0.0847684329147417
3.771375,0.0599403337446458
3.7715,2.14729492434943e-13
3.771625,-0.0599403337443421
3.77175,-0.0847684329147417
3.771875,-0.059940333744735
3.772,-3.40925063484408e-13
3.772125,0.059940333744471
3.77225,0.0847684329147417
3.772375,0.0599403337448243
3.7725,1.58734872079667e-13
3.772625,-0.0599403337443817
3.77275,-0.0847684329147417
3.772875,-0.0599403337446954
3.773,-2.84930443129132e-13
3.773125,0.0599403337442925
3.77325,0.0847684329147417
3.773375,0.0599403337445666
3.7735,4.11126014178597e-13
3.773625,-0.0599403337444213
3.77375,-0.0847684329147417
3.773875,-0.0599403337448739
3.774,-2.28935822773856e-13
3.774125,0.0599403337445501
3.77425,0.0847684329147417
3.774375,0.0599403337447451
3.7745,4.67456313691148e-14
3.774625,-0.0599403337444609
3.77475,-0.0847684329147417
3.774875,-0.0599403337446162
3.775,-1.7294120241858e-13
3.775125,0.0599403337443717
3.77525,0.0847684329147417
3.775375,0.0599403337447055
3.7755,2.99136773468045e-13
3.775625,-0.0599403337442824
3.77575,-0.0847684329147417
3.775875,-0.0599403337445767
3.776,-4.2533234451751e-13
3.776125,0.0599403337444113
3.77625,0.0847684329147417
3.776375,0.0599403337448839
3.7765,2.43142153112769e-13
3.776625,-0.0599403337445401
3.77675,-0.0847684329147417
3.776875,-0.0599403337447551
3.777,-6.09519617080279e-14
3.777125,0.0599403337444509
3.77725,0.0847684329147417
3.777375,0.0599403337446263
3.7775,1.87147532757493e-13
3.777625,-0.0599403337443616
3.77775,-0.0847684329147417
3.777875,-0.0599403337447155
3.778,-3.13343103806958e-13
3.778125,0.0599403337444905
3.77825,0.0847684329147417
3.778375,0.0599403337448048
3.7785,1.31152912402217e-13
3.778625,-0.0599403337444012
3.77875,-0.0847684329147417
3.778875,-0.0599403337446759
3.779,-2.57348483451682e-13
3.779125,0.05994033374453
3.77925,0.0847684329147417
3.779375,0.0599403337447652
3.7795,7.5158292046941e-14
3.779625,-0.0599403337444408
3.77975,-0.0847684329147417
3.779875,-0.0599403337446363
3.78,-2.01353863096406e-13
3.780125,0.0599403337443516
3.78025,0.0847684329147417
3.780375,0.0599403337447256
3.7805,3.27549434145871e-13
3.780625,-0.0599403337444804
3.78075,-0.0847684329147417
3.780875,-0.0599403337448148
3.781,-1.4535924274113e-13
3.781125,0.0599403337443912
3.78125,0.0847684329147417
3.781375,0.059940333744686
3.7815,2.71554813790595e-13
3.781625,-0.05994033374452
3.78175,-0.0847684329147417
3.781875,-0.0599403337447752
3.782,-8.93646223858541e-14
3.782125,0.0599403337444308
3.78225,0.0847684329147417
3.782375,0.0599403337446464
3.7825,2.15560193435319e-13
3.782625,-0.0599403337443415
3.78275,-0.0847684329147417
3.782875,-0.0599403337447356
3.783,-3.41755764484784e-13
3.783125,0.0599403337444704
3.78325,0.0847684329147417
3.783375,0.0599403337448249
3.7835,1.59565573080043e-13
3.783625,-0.0599403337443811
3.78375,-0.0847684329147417
3.783875,-0.059940333744696
3.784,-2.85761144129508e-13
3.784125,0.05994033374451
3.78425,0.0847684329147417
3.784375,0.0599403337447853
3.7845,1.03570952724767e-13
3.784625,-0.0599403337444207
3.78475,-0.0847684329147417
3.784875,-0.0599403337446564
3.785,-2.29766523774232e-13
3.785125,0.0599403337443315
3.78525,0.0847684329147417
3.785375,0.0599403337447457
3.7855,3.55962094823697e-13
3.785625,-0.0599403337444603
3.78575,-0.0847684329147417
3.785875,-0.0599403337448349
3.786,-1.73771903418956e-13
3.786125,0.0599403337445892
3.78625,0.0847684329147417
3.786375,0.0599403337447061
3.7865,-8.41828798578466e-15
3.786625,-0.0599403337442819
3.78675,-0.0847684329147417
3.786875,-0.0599403337445772
3.787,-1.1777728306368e-13
3.787125,0.0599403337444107
3.78725,0.0847684329147417
3.787375,0.0599403337446665
3.7875,2.43972854113145e-13
3.787625,-0.0599403337443215
3.78775,-0.0847684329147417
3.787875,-0.0599403337447557
3.788,-3.7016842516261e-13
3.788125,0.0599403337444503
3.78825,0.0847684329147417
3.788375,0.0599403337448449
3.7885,1.87978233757869e-13
3.788625,-0.0599403337445791
3.78875,-0.0847684329147417
3.788875,-0.0599403337447161
3.789,-5.78804235312844e-15
3.789125,0.0599403337442718
3.78925,0.0847684329147417
3.789375,0.0599403337445873
3.7895,1.31983613402593e-13
3.789625,-0.0599403337444006
3.78975,-0.0847684329147417
3.789875,-0.0599403337446765
3.79,-2.58179184452058e-13
3.790125,0.0599403337445295
3.79025,0.0847684329147417
3.790375,0.0599403337447658
3.7905,7.59889930473175e-14
3.790625,-0.0599403337444402
3.79075,-0.0847684329147417
3.790875,-0.0599403337446369
3.791,-2.02184564096782e-13
3.791125,0.059940333744351
3.79125,0.0847684329147417
3.791375,0.0599403337447262
3.7915,1.99943726920415e-14
3.791625,-0.0599403337442618
3.79175,-0.0847684329147417
3.791875,-0.0599403337445973
3.792,-4.54575706195712e-13
3.792125,0.0599403337443906
3.79225,0.0847684329147417
3.792375,0.0599403337446866
3.7925,2.72385514790971e-13
3.792625,-0.0599403337445194
3.79275,-0.0847684329147417
3.792875,-0.0599403337447758
3.793,-9.01953233862306e-14
3.793125,0.0599403337444302
3.79325,0.0847684329147417
3.793375,0.059940333744647
3.7935,2.16390894435696e-13
3.793625,-0.0599403337443409
3.79375,-0.0847684329147417
3.793875,-0.0599403337447362
3.794,-3.42007030309546e-14
3.794125,0.0599403337444698
3.79425,0.0847684329147417
3.794375,0.0599403337446074
3.7945,1.6039627408042e-13
3.794625,-0.0599403337443805
3.79475,-0.0847684329147417
3.794875,-0.0599403337446966
3.795,-2.86591845129885e-13
3.795125,0.0599403337445094
3.79525,0.0847684329147417
3.795375,0.0599403337447858
3.7955,1.04401653725144e-13
3.795625,-0.0599403337444201
3.79575,-0.0847684329147417
3.795875,-0.059940333744657
3.796,-2.30597224774609e-13
3.796125,0.0599403337443309
3.79625,0.0847684329147417
3.796375,0.0599403337447462
3.7965,3.56792795824074e-13
3.796625,-0.0599403337444597
3.79675,-0.0847684329147417
3.796875,-0.0599403337446174
3.797,-1.74602604419333e-13
3.797125,0.0599403337443705
3.79725,0.0847684329147417
3.797375,0.0599403337447067
3.7975,3.00798175468798e-13
3.797625,-0.0599403337444993
3.79775,-0.0847684329147417
3.797875,-0.0599403337447959
3.798,-1.18607984064057e-13
3.798125,0.0599403337444101
3.79825,0.0847684329147417
3.798375,0.0599403337446671
3.7985,2.44803555113522e-13
3.798625,-0.0599403337443209
3.79875,-0.0847684329147417
3.798875,-0.0599403337447563
3.799,-3.70999126162987e-13
3.799125,0.0599403337444497
3.79925,0.0847684329147417
3.799375,0.0599403337448455
3.7995,1.88808934758246e-13
3.799625,-0.0599403337443605
3.79975,-0.0847684329147417
3.799875,-0.0599403337447167
3.8,-3.15004505807711e-13
3.800125,0.0599403337444893
3.80025,0.0847684329147417
3.800375,0.0599403337448059
3.8005,1.3281431440297e-13
3.800625,-0.0599403337444001
3.80075,-0.0847684329147417
3.800875,-0.0599403337446771
3.801,-2.59009885452435e-13
3.801125,0.0599403337443108
3.80125,0.0847684329147417
3.801375,0.0599403337445483
3.8015,3.852054565019e-13
3.801625,-0.0599403337444396
3.80175,-0.0847684329147417
3.801875,-0.0599403337448556
3.802,-2.03015265097159e-13
3.802125,0.0599403337445685
3.80225,0.0847684329147417
3.802375,0.0599403337447268
3.8025,2.0825073692418e-14
3.802625,-0.0599403337444792
3.80275,-0.0847684329147417
3.802875,-0.059940333744816
3.803,-1.47020644741883e-13
3.803125,0.05994033374439
3.80325,0.0847684329147417
3.803375,0.0599403337446872
3.8035,2.73216215791348e-13
3.803625,-0.0599403337443008
3.80375,-0.0847684329147417
3.803875,-0.0599403337447764
3.804,-3.99411786840813e-13
3.804125,0.0599403337444296
3.80425,0.0847684329147417
3.804375,0.0599403337448656
3.8045,2.17221595436072e-13
3.804625,-0.0599403337445584
3.80475,-0.0847684329147417
3.804875,-0.0599403337447368
3.805,-3.50314040313311e-14
3.805125,0.0599403337444692
3.80525,0.0847684329147417
3.805375,0.059940333744608
3.8055,1.61226975080796e-13
3.805625,-0.05994033374438
3.80575,-0.0847684329147417
3.805875,-0.0599403337446972
3.806,-2.87422546130261e-13
3.806125,0.0599403337445088
3.80625,0.0847684329147417
3.806375,0.0599403337447864
3.8065,1.0523235472552e-13
3.806625,-0.0599403337444196
3.80675,-0.0847684329147417
3.806875,-0.0599403337448757
3.807,-2.31427925774985e-13
3.807125,0.0599403337445484
3.80725,0.0847684329147417
3.807375,0.0599403337447468
3.8075,4.92377343702442e-14
3.807625,-0.0599403337444591
3.80775,-0.0847684329147417
3.807875,-0.059940333744618
3.808,-1.75433305419709e-13
3.808125,0.0599403337443699
3.80825,0.0847684329147417
3.808375,0.0599403337447072
3.8085,3.01628876469174e-13
3.808625,-0.0599403337444987
3.80875,-0.0847684329147417
3.808875,-0.0599403337447965
3.809,-1.19438685064433e-13
3.809125,0.0599403337444095
3.80925,0.0847684329147417
3.809375,0.0599403337446677
3.8095,2.45634256113898e-13
3.809625,-0.0599403337445383
3.80975,-0.0847684329147417
3.809875,-0.0599403337447569
3.81,-6.34440647091573e-14
3.810125,0.0599403337444491
3.81025,0.0847684329147417
3.810375,0.0599403337446281
3.8105,1.89639635758622e-13
3.810625,-0.0599403337443599
3.81075,-0.0847684329147417
3.810875,-0.0599403337447173
3.811,-3.15835206808087e-13
3.811125,0.0599403337444887
3.81125,0.0847684329147417
3.811375,0.0599403337448065
3.8115,1.33645015403346e-13
3.811625,-0.0599403337443995
3.81175,-0.0847684329147417
3.811875,-0.0599403337446777
3.812,-2.59840586452811e-13
3.812125,0.0599403337443102
3.81225,0.0847684329147417
3.812375,0.0599403337447669
3.8125,7.76503950480704e-14
3.812625,-0.0599403337444391
3.81275,-0.0847684329147417
3.812875,-0.0599403337446381
3.813,-2.03845966097535e-13
3.813125,0.0599403337443498
3.81325,0.0847684329147417
3.813375,0.0599403337447273
3.8135,3.30041537147e-13
3.813625,-0.0599403337444787
3.81375,-0.0847684329147417
3.813875,-0.0599403337448166
3.814,-1.47851345742259e-13
3.814125,0.0599403337446075
3.81425,0.0847684329147417
3.814375,0.0599403337446877
3.8145,2.74046916791724e-13
3.814625,-0.0599403337443002
3.81475,-0.0847684329147417
3.814875,-0.059940333744777
3.815,-9.18567253869835e-14
3.815125,0.059940333744429
3.81525,0.0847684329147417
3.815375,0.0599403337446481
3.8155,2.18052296436448e-13
3.815625,-0.0599403337443398
3.81575,-0.0847684329147417
3.815875,-0.0599403337447374
3.816,-3.44247867485913e-13
3.816125,0.0599403337444686
3.81625,0.0847684329147417
3.816375,0.0599403337448266
3.8165,1.62057676081173e-13
3.816625,-0.0599403337443794
3.81675,-0.0847684329147417
3.816875,-0.0599403337446978
3.817,2.01325153235683e-14
3.817125,0.0599403337442901
3.81725,0.0847684329147417
3.817375,0.059940333744569
3.8175,4.14448818180102e-13
3.817625,-0.059940333744419
3.81775,-0.0847684329147417
3.817875,-0.0599403337446582
3.818,-2.32258626775362e-13
3.818125,0.0599403337445478
3.81825,0.0847684329147417
3.818375,0.0599403337447474
3.8185,3.58454197824827e-13
3.818625,-0.0599403337444586
3.81875,-0.0847684329147417
3.818875,-0.0599403337448367
3.819,-1.76264006420086e-13
3.819125,0.0599403337443693
3.81925,0.0847684329147417
3.819375,0.0599403337447078
3.8195,-5.92618498465523e-15
3.819625,-0.0599403337442801
3.81975,-0.0847684329147417
3.819875,-0.059940333744579
3.82,-4.28655148519016e-13
3.820125,0.0599403337444089
3.82025,0.0847684329147417
3.820375,0.0599403337446682
3.8205,2.46464957114275e-13
3.820625,-0.0599403337445377
3.82075,-0.0847684329147417
3.820875,-0.0599403337447575
3.821,-6.42747657095338e-14
3.821125,0.0599403337444485
3.82125,0.0847684329147417
3.821375,0.0599403337446286
3.8215,1.90470336758999e-13
3.821625,-0.0599403337443593
3.82175,-0.0847684329147417
3.821875,-0.0599403337447179
3.822,-3.16665907808464e-13
3.822125,0.0599403337444881
3.82225,0.0847684329147417
3.822375,0.059940333744589
3.8225,4.42861478857929e-13
3.822625,-0.0599403337443989
3.82275,-0.0847684329147417
3.822875,-0.0599403337448964
3.823,-2.60671287453188e-13
3.823125,0.0599403337445277
3.82325,0.0847684329147417
3.823375,0.0599403337447675
3.8235,7.84810960484469e-14
3.823625,-0.0599403337444385
3.82375,-0.0847684329147417
3.823875,-0.0599403337446387
3.824,-2.04676667097912e-13
3.824125,0.0599403337443492
3.82425,0.0847684329147417
3.824375,0.0599403337447279
3.8245,3.30872238147377e-13
3.824625,-0.0599403337444781
3.82475,-0.0847684329147417
3.824875,-0.0599403337448172
3.825,-1.48682046742636e-13
3.825125,0.0599403337443888
3.82525,0.0847684329147417
3.825375,0.0599403337446883
3.8255,2.74877617792101e-13
3.825625,-0.0599403337445177
3.82575,-0.0847684329147417
3.825875,-0.0599403337447776
3.826,-9.268742638736e-14
3.826125,0.0599403337444284
3.82625,0.0847684329147417
3.826375,0.0599403337446487
3.8265,2.18882997436825e-13
3.826625,-0.0599403337443392
3.82675,-0.0847684329147417
3.826875,-0.059940333744738
3.827,-3.4507856848629e-13
3.827125,0.059940333744468
3.82725,0.0847684329147417
3.827375,0.0599403337448272
3.8275,1.62888377081549e-13
3.827625,-0.0599403337443788
3.82775,-0.0847684329147417
3.827875,-0.0599403337446984
3.828,-2.89083948131014e-13
3.828125,0.0599403337445076
3.82825,0.0847684329147417
3.828375,0.0599403337447876
3.8285,1.06893756726273e-13
3.828625,-0.0599403337444184
3.82875,-0.0847684329147417
3.828875,-0.0599403337446588
3.829,-2.33089327775738e-13
3.829125,0.0599403337443291
3.82925,0.0847684329147417
3.829375,0.059940333744748
3.8295,3.59284898825203e-13
3.829625,-0.059940333744458
3.82975,-0.0847684329147417
3.829875,-0.0599403337448372
3.83,-1.77094707420462e-13
3.830125,0.0599403337443687
3.83025,0.0847684329147417
3.830375,0.0599403337447084
3.8305,3.03290278469927e-13
3.830625,-0.0599403337444976
3.83075,-0.0847684329147417
3.830875,-0.0599403337447977
3.831,-1.21100087065186e-13
3.831125,0.0599403337444083
3.83125,0.0847684329147417
3.831375,0.0599403337446688
3.8315,2.47295658114651e-13
3.831625,-0.0599403337443191
3.83175,-0.0847684329147417
3.831875,-0.0599403337447581
3.832,-3.73491229164116e-13
3.832125,0.0599403337444479
3.83225,0.0847684329147417
3.832375,0.0599403337448473
3.8325,1.91301037759375e-13
3.832625,-0.0599403337445768
3.83275,-0.0847684329147417
3.832875,-0.0599403337447185
3.833,-9.11084635463435e-15
3.833125,0.0599403337444875
3.83325,0.0847684329147417
3.833375,0.0599403337445896
3.8335,1.35306417404099e-13
3.833625,-0.0599403337443983
3.83375,-0.0847684329147417
3.833875,-0.0599403337446789
3.834,-2.61501988453564e-13
3.834125,0.0599403337443091
3.83425,0.0847684329147417
3.834375,0.0599403337447681
3.8345,3.87697559503029e-13
3.834625,-0.0599403337444379
3.83475,-0.0847684329147417
3.834875,-0.0599403337448573
3.835,-2.05507368098288e-13
3.835125,0.0599403337445667
3.83525,0.0847684329147417
3.835375,0.0599403337447285
3.8355,2.33171766935474e-14
3.835625,-0.0599403337442594
3.83575,-0.0847684329147417
3.835875,-0.0599403337445997
3.836,-1.49512747743012e-13
3.836125,0.0599403337443882
3.83625,0.0847684329147417
3.836375,0.0599403337446889
3.8365,2.75708318792477e-13
3.836625,-0.0599403337445171
3.83675,-0.0847684329147417
3.836875,-0.0599403337447781
3.837,-9.35181273877365e-14
3.837125,0.0599403337444278
3.83725,0.0847684329147417
3.837375,0.0599403337446493
3.8375,2.19713698437201e-13
3.837625,-0.0599403337443386
3.83775,-0.0847684329147417
3.837875,-0.0599403337447386
3.838,-3.75235070324606e-14
3.838125,0.0599403337442494
3.83825,0.0847684329147417
3.838375,0.0599403337446097
3.8385,1.63719078081926e-13
3.838625,-0.0599403337443782
3.83875,-0.0847684329147417
3.838875,-0.059940333744699
3.839,-2.8991464913139e-13
3.839125,0.059940333744507
3.83925,0.0847684329147417
3.839375,0.0599403337447882
3.8395,1.0772445772665e-13
3.839625,-0.0599403337444178
3.83975,-0.0847684329147417
3.839875,-0.0599403337446594
3.84,-2.33920028776115e-13
3.840125,0.0599403337443286
3.84025,0.0847684329147417
3.840375,0.0599403337447486
3.8405,5.17298373713737e-14
3.840625,-0.0599403337444574
3.84075,-0.0847684329147417
3.840875,-0.0599403337446198
3.841,-1.77925408420839e-13
3.841125,0.0599403337443681
3.84125,0.0847684329147417
3.841375,0.059940333744709
3.8415,3.04120979470304e-13
3.841625,-0.059940333744497
3.84175,-0.0847684329147417
3.841875,-0.0599403337447982
3.842,-1.21930788065563e-13
3.842125,0.0599403337444077
3.84225,0.0847684329147417
3.842375,0.0599403337446694
3.8425,2.48126359115028e-13
3.842625,-0.0599403337443185
3.84275,-0.0847684329147417
3.842875,-0.0599403337447586
3.843,-3.74321930164493e-13
3.843125,0.0599403337444473
3.84325,0.0847684329147417
3.843375,0.0599403337446298
3.8435,1.92131738759752e-13
3.843625,-0.0599403337443581
3.84375,-0.0847684329147417
3.843875,-0.0599403337447191
3.844,-3.18327309809217e-13
3.844125,0.0599403337444869
3.84425,0.0847684329147417
3.844375,0.0599403337448083
3.8445,1.36137118404476e-13
3.844625,-0.0599403337443977
3.84475,-0.0847684329147417
3.844875,-0.0599403337446795
3.845,4.60530730002651e-14
3.845125,0.0599403337443085
3.84525,0.0847684329147417
3.845375,0.0599403337445506
3.8455,3.88528260503406e-13
3.845625,-0.0599403337444373
3.84575,-0.0847684329147417
3.845875,-0.0599403337446399
3.846,-2.06338069098665e-13
3.846125,0.0599403337443481
3.84625,0.0847684329147417
3.846375,0.0599403337447291
3.8465,3.3253364014813e-13
3.846625,-0.0599403337444769
3.84675,-0.0847684329147417
3.846875,-0.0599403337448183
3.847,-1.50343448743389e-13
3.847125,0.0599403337443877
3.84725,0.0847684329147417
3.847375,0.0599403337446895
3.8475,2.76539019792854e-13
3.847625,-0.0599403337442984
3.84775,-0.0847684329147417
3.847875,-0.0599403337445607
3.848,-4.02734590842319e-13
3.848125,0.0599403337444272
3.84825,0.0847684329147417
3.848375,0.059940333744868
3.8485,2.20544399437578e-13
3.848625,-0.0599403337445561
3.84875,-0.0847684329147417
3.848875,-0.0599403337447391
3.849,-3.8354208032837e-14
3.849125,0.0599403337444668
3.84925,0.0847684329147417
3.849375,0.0599403337446103
3.8495,1.64549779082302e-13
3.849625,-0.0599403337443776
3.84975,-0.0847684329147417
3.849875,-0.0599403337446995
3.85,-2.90745350131767e-13
3.850125,0.0599403337442884
3.85025,0.0847684329147417
3.850375,0.0599403337447888
3.8505,4.16940921181232e-13
3.850625,-0.0599403337444172
3.85075,-0.0847684329147417
3.850875,-0.059940333744878
3.851,-2.34750729776491e-13
3.851125,0.059940333744546
3.85125,0.0847684329147417
3.851375,0.0599403337447492
3.8515,5.25605383717501e-14
3.851625,-0.0599403337444568
3.85175,-0.0847684329147417
3.851875,-0.0599403337446204
3.852,-1.78756109421215e-13
3.852125,0.0599403337443676
3.85225,0.0847684329147417
3.852375,0.0599403337447096
3.8525,3.0495168047068e-13
3.852625,-0.0599403337444964
3.85275,-0.0847684329147417
3.852875,-0.0599403337447988
3.853,-1.22761489065939e-13
3.853125,0.0599403337444072
3.85325,0.0847684329147417
3.853375,0.05994033374467
3.8535,2.48957060115404e-13
3.853625,-0.059940333744536
3.85375,-0.0847684329147417
3.853875,-0.0599403337447592
3.854,-6.67668687106632e-14
3.854125,0.0599403337444468
3.85425,0.0847684329147417
3.854375,0.0599403337446304
3.8545,1.92962439760128e-13
3.854625,-0.0599403337443575
3.85475,-0.0847684329147417
3.854875,-0.0599403337447196
3.855,-3.19158010809593e-13
3.855125,0.0599403337444863
3.85525,0.0847684329147417
3.855375,0.0599403337448089
3.8555,1.36967819404852e-13
3.855625,-0.0599403337443971
3.85575,-0.0847684329147417
3.855875,-0.05994033374468
3.856,-2.63163390454317e-13
3.856125,0.0599403337445259
3.85625,0.0847684329147417
3.856375,0.0599403337447693
3.8565,8.09731990495763e-14
3.856625,-0.0599403337444367
3.85675,-0.0847684329147417
3.856875,-0.0599403337446405
3.857,-2.07168770099041e-13
3.857125,0.0599403337443475
3.85725,0.0847684329147417
3.857375,0.0599403337447297
3.8575,3.33364341148506e-13
3.857625,-0.0599403337444763
3.85775,-0.0847684329147417
3.857875,-0.0599403337448189
3.858,-1.51174149743765e-13
3.858125,0.0599403337443871
3.85825,0.0847684329147417
3.858375,0.0599403337446901
3.8585,2.7736972079323e-13
3.858625,-0.0599403337445159
3.85875,-0.0847684329147417
3.858875,-0.0599403337447793
3.859,-9.51795293884894e-14
3.859125,0.0599403337444267
3.85925,0.0847684329147417
3.859375,0.0599403337446505
3.8595,2.21375100437954e-13
3.859625,-0.0599403337443374
3.85975,-0.0847684329147417
3.859875,-0.0599403337447397
3.86,-3.47570671487419e-13
3.860125,0.0599403337444663
3.86025,0.0847684329147417
3.860375,0.059940333744829
3.8605,1.65380480082678e-13
3.860625,-0.0599403337445951
3.86075,-0.0847684329147417
3.860875,-0.0599403337447001
3.861,1.68097113220624e-14
3.861125,0.0599403337442878
3.86125,0.0847684329147417
3.861375,0.0599403337447894
3.8615,1.09385859727403e-13
3.861625,-0.0599403337444166
3.86175,-0.0847684329147417
3.861875,-0.0599403337446605
3.862,-2.35581430776867e-13
3.862125,0.0599403337443274
3.86225,0.0847684329147417
3.862375,0.0599403337447498
3.8625,3.61777001826332e-13
3.862625,-0.0599403337444562
3.86275,-0.0847684329147417
3.862875,-0.059940333744839
3.863,-1.79586810421592e-13
3.863125,0.059940333744367
3.86325,0.0847684329147417
3.863375,0.0599403337447102
3.8635,-2.60338098314932e-15
3.863625,-0.0599403337442777
3.86375,-0.0847684329147417
3.863875,-0.0599403337445814
3.864,-1.23592190066316e-13
3.864125,0.0599403337444066
3.86425,0.0847684329147417
3.864375,0.0599403337446706
3.8645,2.49787761115781e-13
3.864625,-0.0599403337445354
3.86475,-0.0847684329147417
3.864875,-0.0599403337447598
3.865,-6.75975697110397e-14
3.865125,0.0599403337444462
3.86525,0.0847684329147417
3.865375,0.0599403337448491
3.8655,1.93793140760505e-13
3.865625,-0.0599403337443569
3.86575,-0.0847684329147417
3.865875,-0.0599403337447202
3.866,-1.16029493557638e-14
3.866125,0.0599403337442677
3.86625,0.0847684329147417
3.866375,0.0599403337445914
3.8665,4.46184282859435e-13
3.866625,-0.0599403337443965
3.86675,-0.0847684329147417
3.866875,-0.0599403337446806
3.867,-2.63994091454694e-13
3.867125,0.0599403337445253
3.86725,0.0847684329147417
3.867375,0.0599403337447699
3.8675,8.18039000499528e-14
3.867625,-0.0599403337444361
3.86775,-0.0847684329147417
3.867875,-0.059940333744641
3.868,-2.07999471099418e-13
3.868125,0.0599403337443469
3.86825,0.0847684329147417
3.868375,0.0599403337447303
3.8685,3.34195042148883e-13
3.868625,-0.0599403337444757
3.86875,-0.0847684329147417
3.868875,-0.0599403337446014
3.869,-1.52004850744142e-13
3.869125,0.0599403337443865
3.86925,0.0847684329147417
3.869375,0.0599403337449087
3.8695,2.78200421793607e-13
3.869625,-0.0599403337445153
3.86975,-0.0847684329147417
3.869875,-0.0599403337447799
3.87,-9.60102303888659e-14
3.870125,0.0599403337444261
3.87025,0.0847684329147417
3.870375,0.0599403337446511
3.8705,2.22205801438331e-13
3.870625,-0.0599403337443368
3.87075,-0.0847684329147417
3.870875,-0.0599403337447403
3.871,-3.48401372487796e-13
3.871125,0.0599403337444657
3.87125,0.0847684329147417
3.871375,0.0599403337446115
3.8715,1.66211181083055e-13
3.871625,-0.0599403337443764
3.87175,-0.0847684329147417
3.871875,-0.0599403337447007
3.872,-2.9240675213252e-13
3.872125,0.0599403337445053
3.87225,0.0847684329147417
3.872375,0.05994033374479
3.8725,1.10216560727779e-13
3.872625,-0.059940333744416
3.87275,-0.0847684329147417
3.872875,-0.0599403337446611
3.873,-2.36412131777244e-13
3.873125,0.0599403337443268
3.87325,0.0847684329147417
3.873375,0.0599403337447504
3.8735,3.62607702826709e-13
3.873625,-0.0599403337444556
3.87375,-0.0847684329147417
3.873875,-0.0599403337448396
3.874,-1.80417511421968e-13
3.874125,0.0599403337443664
3.87425,0.0847684329147417
3.874375,0.0599403337447108
3.8745,3.06613082471433e-13
3.874625,-0.0599403337444952
3.87475,-0.0847684329147417
3.874875,-0.0599403337448
3.875,-1.24422891066692e-13
3.875125,0.059940333744406
3.87525,0.0847684329147417
3.875375,0.0599403337446712
3.8755,2.50618462116157e-13
3.875625,-0.0599403337443168
3.87575,-0.0847684329147417
3.875875,-0.0599403337447604
3.876,-3.76814033165622e-13
3.876125,0.0599403337444456
3.87625,0.0847684329147417
3.876375,0.0599403337448496
3.8765,1.94623841760881e-13
3.876625,-0.0599403337445744
3.87675,-0.0847684329147417
3.876875,-0.0599403337447208
3.877,-3.20819412810346e-13
3.877125,0.0599403337444852
3.87725,0.0847684329147417
3.877375,0.0599403337448101
3.8775,1.38629221405605e-13
3.877625,-0.0599403337443959
3.87775,-0.0847684329147417
3.877875,-0.0599403337446812
3.878,-2.6482479245507e-13
3.878125,0.0599403337443067
3.87825,0.0847684329147417
3.878375,0.0599403337447705
3.8785,3.91020363504535e-13
3.878625,-0.0599403337444355
3.87875,-0.0847684329147417
3.878875,-0.0599403337448597
3.879,-2.08830172099794e-13
3.879125,0.0599403337445644
3.87925,0.0847684329147417
3.879375,0.0599403337447309
3.8795,2.66399806950534e-14
3.879625,-0.0599403337444751
3.87975,-0.0847684329147417
3.879875,-0.059940333744602
3.88,-1.52835551744518e-13
3.880125,0.0599403337443859
3.88025,0.0847684329147417
3.880375,0.0599403337446913
3.8805,2.79031122793983e-13
3.880625,-0.0599403337445147
3.88075,-0.0847684329147417
3.880875,-0.0599403337447805
3.881,-4.05226693843448e-13
3.881125,0.0599403337444255
3.88125,0.0847684329147417
3.881375,0.0599403337448697
3.8815,2.23036502438707e-13
3.881625,-0.0599403337445543
3.88175,-0.0847684329147417
3.881875,-0.0599403337447409
3.882,-4.08463110339665e-14
3.882125,0.059940333744247
3.88225,0.0847684329147417
3.882375,0.0599403337446121
3.8825,1.67041882083431e-13
3.882625,-0.0599403337443758
3.88275,-0.0847684329147417
3.882875,-0.0599403337447013
3.883,-2.93237453132896e-13
3.883125,0.0599403337445047
3.88325,0.0847684329147417
3.883375,0.0599403337447905
3.8835,1.11047261728156e-13
3.883625,-0.0599403337444154
3.88375,-0.0847684329147417
3.883875,-0.0599403337446617
3.884,-2.3724283277762e-13
3.884125,0.0599403337445443
3.88425,0.0847684329147417
3.884375,0.0599403337447509
3.8845,5.50526413728796e-14
3.884625,-0.059940333744455
3.88475,-0.0847684329147417
3.884875,-0.0599403337446221
3.885,-1.81248212422345e-13
3.885125,0.0599403337443658
3.88525,0.0847684329147417
3.885375,0.0599403337447114
3.8855,3.0744378347181e-13
3.885625,-0.0599403337444946
3.88575,-0.0847684329147417
3.885875,-0.0599403337448006
3.886,-1.25253592067069e-13
3.886125,0.0599403337444054
3.88625,0.0847684329147417
3.886375,0.0599403337446718
3.8865,2.51449163116534e-13
3.886625,-0.0599403337443162
3.88675,-0.0847684329147417
3.886875,-0.059940333744761
3.887,-6.92589717117927e-14
3.887125,0.059940333744445
3.88725,0.0847684329147417
3.887375,0.0599403337446322
3.8875,1.95454542761258e-13
3.887625,-0.0599403337443558
3.88775,-0.0847684329147417
3.887875,-0.0599403337447214
3.888,-3.21650113810723e-13
3.888125,0.0599403337444846
3.88825,0.0847684329147417
3.888375,0.0599403337448106
3.8885,1.39459922405982e-13
3.888625,-0.0599403337443953
3.88875,-0.0847684329147417
3.888875,-0.0599403337446818
3.889,-2.65655493455447e-13
3.889125,0.0599403337443061
3.88925,0.0847684329147417
3.889375,0.059940333744771
3.8895,8.34653020507058e-14
3.889625,-0.0599403337444349
3.88975,-0.0847684329147417
3.889875,-0.0599403337446422
3.89,-2.09660873100171e-13
3.890125,0.0599403337443457
3.89025,0.0847684329147417
3.890375,0.0599403337447314
3.8905,3.35856444149636e-13
3.890625,-0.0599403337444745
3.89075,-0.0847684329147417
3.890875,-0.0599403337448207
3.891,-1.53666252744895e-13
3.891125,0.0599403337443853
3.89125,0.0847684329147417
3.891375,0.0599403337446919
3.8915,-2.85239386598461e-14
3.891625,-0.0599403337442961
3.89175,-0.0847684329147417
3.891875,-0.059940333744563
3.892,-4.06057394843825e-13
3.892125,0.0599403337444249
3.89225,0.0847684329147417
3.892375,0.0599403337446523
3.8925,2.23867203439084e-13
3.892625,-0.0599403337443357
3.89275,-0.0847684329147417
3.892875,-0.0599403337447415
3.893,-3.50062774488549e-13
3.893125,0.0599403337444645
3.89325,0.0847684329147417
3.893375,0.0599403337448307
3.8935,1.67872583083808e-13
3.893625,-0.0599403337443753
3.89375,-0.0847684329147417
3.893875,-0.0599403337447019
3.894,-2.94068154133273e-13
3.894125,0.059940333744286
3.89425,0.0847684329147417
3.894375,0.0599403337445731
3.8945,4.20263725182738e-13
3.894625,-0.0599403337444149
3.89475,-0.0847684329147417
3.894875,-0.0599403337448804
3.895,-2.38073533777997e-13
3.895125,0.0599403337445437
3.89525,0.0847684329147417
3.895375,0.0599403337447515
3.8955,5.5883342373256e-14
3.895625,-0.0599403337444544
3.89575,-0.0847684329147417
3.895875,-0.0599403337446227
3.896,-1.82078913422721e-13
3.896125,0.0599403337443652
3.89625,0.0847684329147417
3.896375,0.059940333744712
3.8965,3.08274484472186e-13
3.896625,-0.059940333744276
3.89675,-0.0847684329147417
3.896875,-0.0599403337445831
3.897,-4.34470055521651e-13
3.897125,0.0599403337444048
3.89725,0.0847684329147417
3.897375,0.0599403337448904
3.8975,2.5227986411691e-13
3.897625,-0.0599403337445336
3.89775,-0.0847684329147417
3.897875,-0.0599403337447616
3.898,-7.00896727121691e-14
3.898125,0.0599403337444444
3.89825,0.0847684329147417
3.898375,0.0599403337446327
3.8985,1.96285243761634e-13
3.898625,-0.0599403337443552
3.89875,-0.0847684329147417
3.898875,-0.059940333744722
3.899,-3.22480814811099e-13
3.899125,0.059940333744484
3.89925,0.0847684329147417
3.899375,0.0599403337448112
3.8995,1.40290623406358e-13
3.899625,-0.0599403337443948
3.89975,-0.0847684329147417
3.899875,-0.0599403337446824
3.9,-2.66486194455823e-13
3.900125,0.0599403337445236
3.90025,0.0847684329147417
3.900375,0.0599403337447716
3.9005,8.42960030510822e-14
3.900625,-0.0599403337444344
3.90075,-0.0847684329147417
3.900875,-0.0599403337446428
3.901,-2.10491574100547e-13
3.901125,0.0599403337443451
3.90125,0.0847684329147417
3.901375,0.059940333744732
3.9015,3.36687145150012e-13
3.901625,-0.0599403337444739
3.90175,-0.0847684329147417
3.901875,-0.0599403337448213
3.902,-1.54496953745271e-13
3.902125,0.0599403337443847
3.90225,0.0847684329147417
3.902375,0.0599403337446924
3.9025,2.80692524794736e-13
3.902625,-0.0599403337445135
3.90275,-0.0847684329147417
3.902875,-0.0599403337447817
3.903,-9.85023333899953e-14
3.903125,0.0599403337444243
3.90325,0.0847684329147417
3.903375,0.0599403337446528
3.9035,2.2469790443946e-13
3.903625,-0.0599403337443351
3.90375,-0.0847684329147417
3.903875,-0.0599403337447421
3.904,-3.50893475488925e-13
3.904125,0.0599403337444639
3.90425,0.0847684329147417
3.904375,0.0599403337448313
3.9045,1.68703284084184e-13
3.904625,-0.0599403337443747
3.90475,-0.0847684329147417
3.904875,-0.0599403337447025
3.905,-2.94898855133649e-13
3.905125,0.0599403337445035
3.90525,0.0847684329147417
3.905375,0.0599403337447917
3.9055,1.12708663728908e-13
3.905625,-0.0599403337444143
3.90575,-0.0847684329147417
3.905875,-0.0599403337446629
3.906,-2.38904234778373e-13
3.906125,0.059940333744325
3.90625,0.0847684329147417
3.906375,0.0599403337447521
3.9065,3.65099805827838e-13
3.906625,-0.0599403337444539
3.90675,-0.0847684329147417
3.906875,-0.0599403337448414
3.907,-1.82909614423097e-13
3.907125,0.0599403337445827
3.90725,0.0847684329147417
3.907375,0.0599403337447125
3.9075,7.19423018356584e-16
3.907625,-0.0599403337442754
3.90775,-0.0847684329147417
3.907875,-0.0599403337445837
3.908,-1.26914994067822e-13
3.908125,0.0599403337444042
3.90825,0.0847684329147417
3.908375,0.0599403337446729
3.9085,2.53110565117286e-13
3.908625,-0.059940333744315
3.90875,-0.0847684329147417
3.908875,-0.0599403337447622
3.909,-3.79306136166751e-13
3.909125,0.0599403337444438
3.90925,0.0847684329147417
3.909375,0.0599403337448514
3.9095,1.97115944762011e-13
3.909625,-0.0599403337445726
3.90975,-0.0847684329147417
3.909875,-0.0599403337447226
3.91,-1.49257533572697e-14
3.910125,0.0599403337442653
3.91025,0.0847684329147417
3.910375,0.0599403337445938
3.9105,1.41121324406735e-13
3.910625,-0.0599403337443942
3.91075,-0.0847684329147417
3.910875,-0.059940333744683
3.911,-2.673168954562e-13
3.911125,0.059940333744523
3.91125,0.0847684329147417
3.911375,0.0599403337447722
3.9115,8.51267040514587e-14
3.911625,-0.0599403337444338
3.91175,-0.0847684329147417
3.911875,-0.0599403337446434
3.912,-2.11322275100924e-13
3.912125,0.0599403337443445
3.91225,0.0847684329147417
3.912375,0.0599403337447326
3.9125,2.91320836961828e-14
3.912625,-0.0599403337442553
3.91275,-0.0847684329147417
3.912875,-0.0599403337446038
3.913,-4.63713417199854e-13
3.913125,0.0599403337443841
3.91325,0.0847684329147417
3.913375,0.059940333744693
3.9135,2.81523225795113e-13
3.913625,-0.059940333744513
3.91375,-0.0847684329147417
3.913875,-0.0599403337447823
3.914,-9.93330343903718e-14
3.914125,0.0599403337444237
3.91425,0.0847684329147417
3.914375,0.0599403337446534
3.9145,2.25528605439837e-13
3.914625,-0.0599403337443345
3.91475,-0.0847684329147417
3.914875,-0.0599403337447427
3.915,-4.33384140350959e-14
3.915125,0.0599403337444633
3.91525,0.0847684329147417
3.915375,0.0599403337446138
3.9155,1.69533985084561e-13
3.915625,-0.0599403337443741
3.91575,-0.0847684329147417
3.915875,-0.0599403337447031
3.916,-2.95729556134026e-13
3.916125,0.0599403337445029
3.91625,0.0847684329147417
3.916375,0.0599403337447923
3.9165,1.13539364729285e-13
3.916625,-0.0599403337444137
3.91675,-0.0847684329147417
3.916875,-0.0599403337446635
3.917,-2.3973493577875e-13
3.917125,0.0599403337443244
3.91725,0.0847684329147417
3.917375,0.0599403337447527
3.9175,3.65930506828215e-13
3.917625,-0.0599403337444533
3.91775,-0.0847684329147417
3.917875,-0.0599403337446239
3.918,-1.83740315423474e-13
3.918125,0.059940333744364
3.91825,0.0847684329147417
3.918375,0.0599403337447131
3.9185,3.09935886472939e-13
3.918625,-0.0599403337444929
3.91875,-0.0847684329147417
3.918875,-0.0599403337448024
3.919,-1.27745695068198e-13
3.919125,0.0599403337444036
3.91925,0.0847684329147417
3.919375,0.0599403337446735
3.9195,2.53941266117663e-13
3.919625,-0.0599403337443144
3.91975,-0.0847684329147417
3.919875,-0.0599403337445447
3.92,-3.80136837167128e-13
3.920125,0.0599403337444432
3.92025,0.0847684329147417
3.920375,0.059940333744852
3.9205,1.97946645762387e-13
3.920625,-0.059940333744354
3.92075,-0.0847684329147417
3.920875,-0.0599403337447232
3.921,-3.24142216811852e-13
3.921125,0.0599403337444828
3.92125,0.0847684329147417
3.921375,0.0599403337448124
3.9215,1.41952025407111e-13
3.921625,-0.0599403337443936
3.92175,-0.0847684329147417
3.921875,-0.0599403337446836
3.922,-2.68147596456576e-13
3.922125,0.0599403337443043
3.92225,0.0847684329147417
3.922375,0.0599403337445547
3.9225,3.94343167506041e-13
3.922625,-0.0599403337444332
3.92275,-0.0847684329147417
3.922875,-0.059940333744862
3.923,-2.121529761013e-13
3.923125,0.059940333744562
3.92325,0.0847684329147417
3.923375,0.0599403337447332
3.9235,2.99627846965593e-14
3.923625,-0.0599403337444728
3.92375,-0.0847684329147417
3.923875,-0.0599403337448224
3.924,-1.56158355746024e-13
3.924125,0.0599403337443835
3.92425,0.0847684329147417
3.924375,0.0599403337446936
3.9245,2.82353926795489e-13
3.924625,-0.0599403337442943
3.92475,-0.0847684329147417
3.924875,-0.0599403337447829
3.925,-4.08549497844954e-13
3.925125,0.0599403337444231
3.92525,0.0847684329147417
3.925375,0.0599403337448721
3.9255,2.26359306440213e-13
3.925625,-0.059940333744552
3.92575,-0.0847684329147417
3.925875,-0.0599403337447433
3.926,-4.41691150354724e-14
3.926125,0.0599403337444627
3.92625,0.0847684329147417
3.926375,0.0599403337446144
3.9265,1.70364686084937e-13
3.926625,-0.0599403337443735
3.92675,-0.0847684329147417
3.926875,-0.0599403337447037
3.927,-2.96560257134402e-13
3.927125,0.0599403337445023
3.92725,0.0847684329147417
3.927375,0.0599403337447929
3.9275,1.14370065729661e-13
3.927625,-0.0599403337444131
3.92775,-0.0847684329147417
3.927875,-0.0599403337448821
3.928,-2.40565636779126e-13
3.928125,0.0599403337445419
3.92825,0.0847684329147417
3.928375,0.0599403337447533
3.9285,5.83754453743855e-14
3.928625,-0.0599403337444527
3.92875,-0.0847684329147417
3.928875,-0.0599403337446245
3.929,-1.8457101642385e-13
3.929125,0.0599403337443635
3.92925,0.0847684329147417
3.929375,0.0599403337447137
3.9295,3.10766587473315e-13
3.929625,-0.0599403337444923
3.92975,-0.0847684329147417
3.929875,-0.0599403337448029
3.93,-1.28576396068575e-13
3.930125,0.059940333744403
3.93025,0.0847684329147417
3.930375,0.0599403337446741
3.9305,2.54771967118039e-13
3.930625,-0.0599403337445319
3.93075,-0.0847684329147417
3.930875,-0.0599403337447634
3.931,-7.25817757132986e-14
3.931125,0.0599403337444426
3.93125,0.0847684329147417
3.931375,0.0599403337446345
3.9315,1.98777346762764e-13
3.931625,-0.0599403337443534
3.93175,-0.0847684329147417
3.931875,-0.0599403337447237
3.932,-3.24972917812229e-13
3.932125,0.0599403337444822
3.93225,0.0847684329147417
3.932375,0.059940333744813
3.9325,1.42782726407488e-13
3.932625,-0.059940333744393
3.93275,-0.0847684329147417
3.932875,-0.0599403337446842
3.933,-2.68978297456953e-13
3.933125,0.0599403337443038
3.93325,0.0847684329147417
3.933375,0.0599403337447734
3.9335,8.67881060522117e-14
3.933625,-0.0599403337444326
3.93375,-0.0847684329147417
3.933875,-0.0599403337446446
3.934,-2.12983677101677e-13
3.934125,0.0599403337443434
3.93425,0.0847684329147417
3.934375,0.0599403337447338
3.9345,3.39179248151142e-13
3.934625,-0.0599403337444722
3.93475,-0.0847684329147417
3.934875,-0.059940333744823
3.935,-1.56989056746401e-13
3.935125,0.059940333744601
3.93525,0.0847684329147417
3.935375,0.0599403337446942
3.9355,-2.52011346583402e-14
3.935625,-0.0599403337442937
3.93575,-0.0847684329147417
3.935875,-0.0599403337447834
3.936,-1.00994436391125e-13
3.936125,0.0599403337444225
3.93625,0.0847684329147417
3.936375,0.0599403337446546
3.9365,2.2719000744059e-13
3.936625,-0.0599403337443333
3.93675,-0.0847684329147417
3.936875,-0.0599403337447438
3.937,-3.53385578490055e-13
3.937125,0.0599403337444621
3.93725,0.0847684329147417
3.937375,0.0599403337448331
3.9375,1.71195387085314e-13
3.937625,-0.0599403337443729
3.93775,-0.0847684329147417
3.937875,-0.0599403337447042
3.938,1.09948043194271e-14
3.938125,0.0599403337442837
3.93825,0.0847684329147417
3.938375,0.0599403337445754
3.9385,4.23586529184244e-13
3.938625,-0.0599403337444125
3.93875,-0.0847684329147417
3.938875,-0.0599403337446647
3.939,-2.41396337779503e-13
3.939125,0.0599403337445413
3.93925,0.0847684329147417
3.939375,0.0599403337447539
3.9395,3.67591908828968e-13
3.939625,-0.0599403337444521
3.93975,-0.0847684329147417
3.939875,-0.0599403337448431
3.94,-1.85401717424227e-13
3.940125,0.0599403337443629
3.94025,0.0847684329147417
3.940375,0.0599403337447143
3.9405,3.21152601948602e-15
3.940625,-0.0599403337442736
3.94075,-0.0847684329147417
3.940875,-0.0599403337445855
3.941,-4.37792859523157e-13
3.941125,0.0599403337444025
3.94125,0.0847684329147417
3.941375,0.0599403337446747
3.9415,2.55602668118416e-13
3.941625,-0.0599403337445313
3.94175,-0.0847684329147417
3.941875,-0.0599403337447639
3.942,-7.3412476713675e-14
3.942125,0.0599403337444421
3.94225,0.0847684329147417
3.942375,0.0599403337446351
3.9425,1.9960804776314e-13
3.942625,-0.0599403337443528
3.94275,-0.0847684329147417
3.942875,-0.0599403337447243
3.943,-3.25803618812605e-13
3.943125,0.0599403337444816
3.94325,0.0847684329147417
3.943375,0.0599403337445955
3.9435,4.5199918986207e-13
3.943625,-0.0599403337443924
3.94375,-0.0847684329147417
3.943875,-0.0599403337449028
3.944,-2.69808998457329e-13
3.944125,0.0599403337445212
3.94425,0.0847684329147417
3.944375,0.059940333744774
3.9445,8.76188070525881e-14
3.944625,-0.059940333744432
3.94475,-0.0847684329147417
3.944875,-0.0599403337446451
3.945,-2.13814378102053e-13
3.945125,0.0599403337443428
3.94525,0.0847684329147417
3.945375,0.0599403337447344
3.9455,3.40009949151518e-13
3.945625,-0.0599403337444716
3.94575,-0.0847684329147417
3.945875,-0.0599403337448236
3.946,-1.57819757746777e-13
3.946125,0.0599403337443824
3.94625,0.0847684329147417
3.946375,0.0599403337446948
3.9465,2.84015328796242e-13
3.946625,-0.0599403337445112
3.94675,-0.0847684329147417
3.946875,-0.059940333744784
3.947,-1.01825137391501e-13
3.947125,0.059940333744422
3.94725,0.0847684329147417
3.947375,0.0599403337446552
3.9475,2.28020708440966e-13
3.947625,-0.0599403337443327
3.94775,-0.0847684329147417
3.947875,-0.0599403337447444
3.948,-3.54216279490431e-13
3.948125,0.0599403337444616
3.94825,0.0847684329147417
3.948375,0.0599403337448337
3.9485,1.7202608808569e-13
3.948625,-0.0599403337443723
3.94875,-0.0847684329147417
3.948875,-0.0599403337447048
3.949,-2.98221659135155e-13
3.949125,0.0599403337445011
3.94925,0.0847684329147417
3.949375,0.0599403337447941
3.9495,1.16031467730414e-13
3.949625,-0.0599403337444119
3.94975,-0.0847684329147417
3.949875,-0.0599403337446652
3.95,-2.42227038779879e-13
3.950125,0.0599403337443227
3.95025,0.0847684329147417
3.950375,0.0599403337447545
3.9505,3.68422609829344e-13
3.950625,-0.0599403337444515
3.95075,-0.0847684329147417
3.950875,-0.0599403337448437
3.951,-1.86232418424603e-13
3.951125,0.0599403337445803
3.95125,0.0847684329147417
3.951375,0.0599403337447149
3.9515,3.12427989474068e-13
3.951625,-0.0599403337444911
3.95175,-0.0847684329147417
3.951875,-0.0599403337448041
3.952,-1.30237798069327e-13
3.952125,0.0599403337444019
3.95225,0.0847684329147417
3.952375,0.0599403337446753
3.9525,2.56433369118792e-13
3.952625,-0.0599403337443126
3.95275,-0.0847684329147417
3.952875,-0.0599403337447645
3.953,-3.82628940168257e-13
3.953125,0.0599403337444415
3.95325,0.0847684329147417
3.953375,0.0599403337448538
3.9535,2.00438748763517e-13
3.953625,-0.0599403337445703
3.95375,-0.0847684329147417
3.953875,-0.0599403337447249
3.954,-1.82485573587756e-14
3.954125,0.0599403337444811
3.95425,0.0847684329147417
3.954375,0.0599403337445961
3.9545,1.44444128408241e-13
3.954625,-0.0599403337443918
3.95475,-0.0847684329147417
3.954875,-0.0599403337446853
3.955,-2.70639699457706e-13
3.955125,0.0599403337443026
3.95525,0.0847684329147417
3.955375,0.0599403337447746
3.9555,3.96835270507171e-13
3.955625,-0.0599403337444314
3.95575,-0.0847684329147417
3.955875,-0.0599403337448638
3.956,-2.1464507910243e-13
3.956125,0.0599403337445602
3.95625,0.0847684329147417
3.956375,0.059940333744735
3.9565,3.24548876976887e-14
3.956625,-0.0599403337442529
3.95675,-0.0847684329147417
3.956875,-0.0599403337446061
3.957,-1.58650458747154e-13
3.957125,0.0599403337443818
3.95725,0.0847684329147417
3.957375,0.0599403337446954
3.9575,2.84846029796619e-13
3.957625,-0.0599403337445106
3.95775,-0.0847684329147417
3.957875,-0.0599403337447846
3.958,-1.02655838391878e-13
3.958125,0.0599403337444214
3.95825,0.0847684329147417
3.958375,0.0599403337446558
3.9585,2.28851409441343e-13
3.958625,-0.0599403337443321
3.95875,-0.0847684329147417
3.958875,-0.059940333744745
3.959,-4.66612180366018e-14
3.959125,0.0599403337442429
3.95925,0.0847684329147417
3.959375,0.0599403337446162
3.9595,1.72856789086067e-13
3.959625,-0.0599403337443717
3.95975,-0.0847684329147417
3.959875,-0.0599403337447054
3.96,-2.99052360135532e-13
3.960125,0.0599403337445006
3.96025,0.0847684329147417
3.960375,0.0599403337447947
3.9605,1.16862168730791e-13
3.960625,-0.0599403337444113
3.96075,-0.0847684329147417
3.960875,-0.0599403337446658
3.961,-2.43057739780256e-13
3.961125,0.0599403337443221
3.96125,0.0847684329147417
3.961375,0.0599403337447551
3.9615,6.08675483755149e-14
3.961625,-0.0599403337444509
3.96175,-0.0847684329147417
3.961875,-0.0599403337446262
3.962,-1.8706311942498e-13
3.962125,0.0599403337443617
3.96225,0.0847684329147417
3.962375,0.0599403337447155
3.9625,3.13258690474445e-13
3.962625,-0.0599403337444905
3.96275,-0.0847684329147417
3.962875,-0.0599403337448047
3.963,-1.31068499069704e-13
3.963125,0.0599403337444013
3.96325,0.0847684329147417
3.963375,0.0599403337446759
3.9635,2.57264070119169e-13
3.963625,-0.059940333744312
3.96375,-0.0847684329147417
3.963875,-0.0599403337447651
3.964,-3.83459641168634e-13
3.964125,0.0599403337444409
3.96425,0.0847684329147417
3.964375,0.0599403337446363
3.9645,2.01269449763893e-13
3.964625,-0.0599403337443516
3.96475,-0.0847684329147417
3.964875,-0.0599403337447255
3.965,-3.27465020813358e-13
3.965125,0.0599403337444805
3.96525,0.0847684329147417
3.965375,0.0599403337448147
3.9655,1.45274829408617e-13
3.965625,-0.0599403337443912
3.96575,-0.0847684329147417
3.965875,-0.0599403337446859
3.966,3.69153619961239e-14
3.966125,0.059940333744302
3.96625,0.0847684329147417
3.966375,0.0599403337445571
3.9665,3.97665971507547e-13
3.966625,-0.0599403337444308
3.96675,-0.0847684329147417
3.966875,-0.0599403337446463
3.967,-2.15475780102806e-13
3.967125,0.0599403337443416
3.96725,0.0847684329147417
3.967375,0.0599403337447356
3.9675,3.41671351152271e-13
3.967625,-0.0599403337444704
3.96775,-0.0847684329147417
3.967875,-0.0599403337448248
3.968,-1.5948115974753e-13
3.968125,0.0599403337443812
3.96825,0.0847684329147417
3.968375,0.059940333744696
3.9685,2.85676730796995e-13
3.968625,-0.059940333744292
3.96875,-0.0847684329147417
3.968875,-0.0599403337445671
3.969,-4.1187230184646e-13
3.969125,0.0599403337444208
3.96925,0.0847684329147417
3.969375,0.0599403337448744
3.9695,2.29682110441719e-13
3.969625,-0.0599403337445496
3.96975,-0.0847684329147417
3.969875,-0.0599403337447456
3.97,-4.74919190369783e-14
3.970125,0.0599403337444604
3.97025,0.0847684329147417
3.970375,0.0599403337446168
3.9705,1.73687490086443e-13
3.970625,-0.0599403337443711
3.97075,-0.0847684329147417
3.970875,-0.059940333744706
3.971,-2.99883061135908e-13
3.971125,0.0599403337442819
3.97125,0.0847684329147417
3.971375,0.0599403337447952
3.9715,4.26078632185373e-13
3.971625,-0.0599403337444107
3.97175,-0.0847684329147417
3.971875,-0.0599403337448845
3.972,-2.43888440780632e-13
3.972125,0.0599403337445396
3.97225,0.0847684329147417
3.972375,0.0599403337447557
3.9725,6.16982493758914e-14
3.972625,-0.0599403337444503
3.97275,-0.0847684329147417
3.972875,-0.0599403337446268
3.973,-1.87893820425356e-13
3.973125,0.0599403337443611
3.97325,0.0847684329147417
3.973375,0.0599403337447161
3.9735,3.14089391474821e-13
3.973625,-0.0599403337444899
3.97375,-0.0847684329147417
3.973875,-0.0599403337448053
3.974,-1.3189920007008e-13
3.974125,0.0599403337444007
3.97425,0.0847684329147417
3.974375,0.0599403337446765
3.9745,2.58094771119545e-13
3.974625,-0.0599403337445295
3.97475,-0.0847684329147417
3.974875,-0.0599403337447657
3.975,-7.59045797148045e-14
3.975125,0.0599403337444403
3.97525,0.0847684329147417
3.975375,0.0599403337446369
3.9755,2.02100150764269e-13
3.975625,-0.0599403337443511
3.97575,-0.0847684329147417
3.975875,-0.0599403337447261
3.976,-3.28295721813734e-13
3.976125,0.0599403337444799
3.97625,0.0847684329147417
3.976375,0.0599403337448153
3.9765,1.46105530408994e-13
3.976625,-0.0599403337443907
3.97675,-0.0847684329147417
3.976875,-0.0599403337446865
3.977,-2.72301101458459e-13
3.977125,0.0599403337445195
3.97725,0.0847684329147417
3.977375,0.0599403337447757
3.9775,9.01109100537176e-14
3.977625,-0.0599403337444302
3.97775,-0.0847684329147417
3.977875,-0.0599403337446469
3.978,-2.16306481103183e-13
3.978125,0.059940333744341
3.97825,0.0847684329147417
3.978375,0.0599403337447361
3.9785,3.42502052152648e-13
3.978625,-0.0599403337444698
3.97875,-0.0847684329147417
3.978875,-0.0599403337448254
3.979,-1.60311860747907e-13
3.979125,0.0599403337443806
3.97925,0.0847684329147417
3.979375,0.0599403337446966
3.9795,2.86507431797372e-13
3.979625,-0.0599403337445094
3.97975,-0.0847684329147417
3.979875,-0.0599403337447858
3.98,-1.04317240392631e-13
3.980125,0.0599403337444202
3.98025,0.0847684329147417
3.980375,0.059940333744657
3.9805,2.30512811442096e-13
3.980625,-0.059940333744331
3.98075,-0.0847684329147417
3.980875,-0.0599403337447462
3.981,-3.56708382491561e-13
3.981125,0.0599403337444598
3.98125,0.0847684329147417
3.981375,0.0599403337448354
3.9815,1.7451819108682e-13
3.981625,-0.0599403337445886
3.98175,-0.0847684329147417
3.981875,-0.0599403337447066
3.982,7.67200031792118e-15
3.982125,0.0599403337442813
3.98225,0.0847684329147417
3.982375,0.0599403337445778
3.9825,1.18523570731544e-13
3.982625,-0.0599403337444101
3.98275,-0.0847684329147417
3.982875,-0.059940333744667
3.983,-2.44719141781009e-13
3.983125,0.0599403337443209
3.98325,0.0847684329147417
3.983375,0.0599403337447562
3.9835,3.70914712830474e-13
3.983625,-0.0599403337444498
3.98375,-0.0847684329147417
3.983875,-0.0599403337448455
3.984,-1.88724521425733e-13
3.984125,0.0599403337443605
3.98425,0.0847684329147417
3.984375,0.0599403337447166
3.9845,6.53433002099192e-15
3.984625,-0.0599403337442713
3.98475,-0.0847684329147417
3.984875,-0.0599403337445878
3.985,-1.32729901070457e-13
3.985125,0.0599403337444001
3.98525,0.0847684329147417
3.985375,0.059940333744677
3.9855,2.58925472119922e-13
3.985625,-0.0599403337445289
3.98575,-0.0847684329147417
3.985875,-0.0599403337447663
3.986,-7.6735280715181e-14
3.986125,0.0599403337444397
3.98625,0.0847684329147417
3.986375,0.0599403337448555
3.9865,2.02930851764646e-13
3.986625,-0.0599403337443505
3.98675,-0.0847684329147417
3.986875,-0.0599403337447267
3.987,-2.0740660359905e-14
3.987125,0.0599403337442612
3.98725,0.0847684329147417
3.987375,0.0599403337445979
3.9875,4.55321993863576e-13
3.987625,-0.0599403337443901
3.98775,-0.0847684329147417
3.987875,-0.0599403337446871
3.988,-2.73131802458835e-13
3.988125,0.0599403337445189
3.98825,0.0847684329147417
3.988375,0.0599403337447763
3.9885,9.09416110540941e-14
3.988625,-0.0599403337444297
3.98875,-0.0847684329147417
3.988875,-0.0599403337446475
3.989,-2.17137182103559e-13
3.989125,0.0599403337443404
3.98925,0.0847684329147417
3.989375,0.0599403337447367
3.9895,3.43332753153024e-13
3.989625,-0.0599403337444692
3.98975,-0.0847684329147417
3.989875,-0.0599403337446079
3.99,-1.61142561748283e-13
3.990125,0.05994033374438
3.99025,0.0847684329147417
3.990375,0.0599403337446971
3.9905,2.87338132797748e-13
3.990625,-0.0599403337445088
3.99075,-0.0847684329147417
3.990875,-0.0599403337447864
3.991,-1.05147941393007e-13
3.991125,0.0599403337444196
3.99125,0.0847684329147417
3.991375,0.0599403337446575
3.9915,2.31343512442472e-13
3.991625,-0.0599403337443304
3.99175,-0.0847684329147417
3.991875,-0.0599403337447468
3.992,-3.57539083491937e-13
3.992125,0.0599403337444592
3.99225,0.0847684329147417
3.992375,0.0599403337446179
3.9925,1.75348892087196e-13
3.992625,-0.05994033374437
3.99275,-0.0847684329147417
3.992875,-0.0599403337447072
3.993,-3.01544463136661e-13
3.993125,0.0599403337444988
3.99325,0.0847684329147417
3.993375,0.0599403337447964
3.9935,1.1935427173192e-13
3.993625,-0.0599403337444096
3.99375,-0.0847684329147417
3.993875,-0.0599403337446676
3.994,-2.45549842781385e-13
3.994125,0.0599403337443203
3.99425,0.0847684329147417
3.994375,0.0599403337447568
3.9945,3.7174541383085e-13
3.994625,-0.0599403337444492
3.99475,-0.0847684329147417
3.994875,-0.0599403337448461
3.995,-1.89555222426109e-13
3.995125,0.0599403337443599
3.99525,0.0847684329147417
3.995375,0.0599403337447172
3.9955,3.15750793475574e-13
3.995625,-0.0599403337444888
3.99575,-0.0847684329147417
3.995875,-0.0599403337448065
3.996,-1.33560602070833e-13
3.996125,0.0599403337443995
3.99625,0.0847684329147417
3.996375,0.0599403337446776
3.9965,2.59756173120298e-13
3.996625,-0.0599403337443103
3.99675,-0.0847684329147417
3.996875,-0.0599403337447669
3.997,-3.85951744169763e-13
3.997125,0.0599403337444391
3.99725,0.0847684329147417
3.997375,0.0599403337448561
3.9975,2.03761552765022e-13
3.997625,-0.0599403337445679
3.99775,-0.0847684329147417
3.997875,-0.0599403337447273
3.998,-2.15713613602815e-14
3.998125,0.0599403337444787
3.99825,0.0847684329147417
3.998375,0.0599403337448165
3.9985,1.47766932409746e-13
3.998625,-0.0599403337443895
3.99875,-0.0847684329147417
3.998875,-0.0599403337446877
3.999,-2.73962503459211e-13
3.999125,0.0599403337443002
3.99925,0.0847684329147417
3.999375,0.0599403337447769
3.9995,4.00158074508676e-13
3.999625,-0.0599403337444291
3.99975,-0.0847684329147417
3.999875,-0.0599403337448662
